date,time,prediction,confidence,ax1,ay1,az1,gx1,gy1,gz1,ax2,ay2,az2,gx2,gy2,gz2,pressure_hpa,altitude_m,acc_mag1,acc_mag2,gyro_mag1,gyro_mag2,diff_ax,diff_gx,diff_ay,diff_gy,diff_az,diff_gz,roll1,pitch1,roll2,pitch2,diff_roll,diff_pitch,acc_mag1_rm3,acc_mag1_rs3,acc_mag2_rm3,acc_mag2_rs3,gyro_mag1_rm3,gyro_mag1_rs3,gyro_mag2_rm3,gyro_mag2_rs3,roll1_rm3,roll1_rs3,pitch1_rm3,pitch1_rs3,diff_roll_rm3,diff_roll_rs3,diff_pitch_rm3,diff_pitch_rs3
2026-06-11,17:26:08,benar,0.7821,0.91309,-0.21753,0.51123,4.336,0.031,2.817,1.04443,-0.13452,-0.10254,1.649,0.221,0.588,1007.31,49.545,1.0688352360864606,1.0580378570259195,5.1708167633363304,1.7645923041881373,-0.13134,2.6870000000000003,-0.08301,-0.19,0.6137699999999999,2.229,-0.20495245531302408,-1.0241739265868237,-0.1274860597131288,-1.410240586671267,-0.0774663955998953,0.38606666008444335,1.0688352360864606,0.0,1.0580378570259195,0.0,5.1708167633363304,0.0,1.7645923041881373,0.0,-0.20495245531302408,0.0,-1.0241739265868237,0.0,-0.0774663955998953,0.0,0.38606666008444335,0.0
2026-06-11,17:26:09,benar,0.7821,0.91309,-0.21753,0.51123,4.336,0.031,2.817,1.04443,-0.13452,-0.10254,1.649,0.221,0.588,1007.31,49.545,1.0688352360864606,1.0580378570259195,5.1708167633363304,1.7645923041881373,-0.13134,2.6870000000000003,-0.08301,-0.19,0.6137699999999999,2.229,-0.20495245531302408,-1.0241739265868237,-0.1274860597131288,-1.410240586671267,-0.0774663955998953,0.38606666008444335,1.0688352360864606,0.0,1.0580378570259195,0.0,5.1708167633363304,0.0,1.7645923041881373,0.0,-0.20495245531302408,0.0,-1.0241739265868237,0.0,-0.0774663955998953,0.0,0.38606666008444335,0.0
2026-06-11,17:26:12,benar,0.7821,0.91309,-0.21753,0.51123,4.336,0.031,2.817,1.04443,-0.13452,-0.10254,1.649,0.221,0.588,1007.31,49.545,1.0688352360864606,1.0580378570259195,5.1708167633363304,1.7645923041881373,-0.13134,2.6870000000000003,-0.08301,-0.19,0.6137699999999999,2.229,-0.20495245531302408,-1.0241739265868237,-0.1274860597131288,-1.410240586671267,-0.0774663955998953,0.38606666008444335,1.0688352360864606,0.0,1.0580378570259195,0.0,5.1708167633363304,0.0,1.7645923041881373,0.0,-0.20495245531302408,0.0,-1.0241739265868237,0.0,-0.0774663955998953,0.0,0.38606666008444335,0.0
2026-06-11,17:26:13,benar,0.7821,0.91309,-0.21753,0.51123,4.336,0.031,2.817,1.04443,-0.13452,-0.10254,1.649,0.221,0.588,1007.31,49.545,1.0688352360864606,1.0580378570259195,5.1708167633363304,1.7645923041881373,-0.13134,2.6870000000000003,-0.08301,-0.19,0.6137699999999999,2.229,-0.20495245531302408,-1.0241739265868237,-0.1274860597131288,-1.410240586671267,-0.0774663955998953,0.38606666008444335,1.0688352360864606,0.0,1.0580378570259195,0.0,5.1708167633363304,0.0,1.7645923041881373,0.0,-0.20495245531302408,0.0,-1.0241739265868237,0.0,-0.0774663955998953,0.0,0.38606666008444335,0.0
2026-06-11,17:26:15,benar,0.7821,0.91309,-0.21753,0.51123,4.336,0.031,2.817,1.04443,-0.13452,-0.10254,1.649,0.221,0.588,1007.31,49.545,1.0688352360864606,1.0580378570259195,5.1708167633363304,1.7645923041881373,-0.13134,2.6870000000000003,-0.08301,-0.19,0.6137699999999999,2.229,-0.20495245531302408,-1.0241739265868237,-0.1274860597131288,-1.410240586671267,-0.0774663955998953,0.38606666008444335,1.0688352360864606,0.0,1.0580378570259195,0.0,5.1708167633363304,0.0,1.7645923041881373,0.0,-0.20495245531302408,0.0,-1.0241739265868237,0.0,-0.0774663955998953,0.0,0.38606666008444335,0.0
2026-06-11,17:26:18,benar,0.7821,0.91309,-0.21753,0.51123,4.336,0.031,2.817,1.04443,-0.13452,-0.10254,1.649,0.221,0.588,1007.31,49.545,1.0688352360864606,1.0580378570259195,5.1708167633363304,1.7645923041881373,-0.13134,2.6870000000000003,-0.08301,-0.19,0.6137699999999999,2.229,-0.20495245531302408,-1.0241739265868237,-0.1274860597131288,-1.410240586671267,-0.0774663955998953,0.38606666008444335,1.0688352360864606,0.0,1.0580378570259195,0.0,5.1708167633363304,0.0,1.7645923041881373,0.0,-0.20495245531302408,0.0,-1.0241739265868237,0.0,-0.0774663955998953,0.0,0.38606666008444335,0.0
2026-06-11,17:26:19,benar,0.7821,0.91309,-0.21753,0.51123,4.336,0.031,2.817,1.04443,-0.13452,-0.10254,1.649,0.221,0.588,1007.31,49.545,1.0688352360864606,1.0580378570259195,5.1708167633363304,1.7645923041881373,-0.13134,2.6870000000000003,-0.08301,-0.19,0.6137699999999999,2.229,-0.20495245531302408,-1.0241739265868237,-0.1274860597131288,-1.410240586671267,-0.0774663955998953,0.38606666008444335,1.0688352360864606,0.0,1.0580378570259195,0.0,5.1708167633363304,0.0,1.7645923041881373,0.0,-0.20495245531302408,0.0,-1.0241739265868237,0.0,-0.0774663955998953,0.0,0.38606666008444335,0.0
2026-06-11,17:26:21,benar,0.7821,0.91309,-0.21753,0.51123,4.336,0.031,2.817,1.04443,-0.13452,-0.10254,1.649,0.221,0.588,1007.31,49.545,1.0688352360864606,1.0580378570259195,5.1708167633363304,1.7645923041881373,-0.13134,2.6870000000000003,-0.08301,-0.19,0.6137699999999999,2.229,-0.20495245531302408,-1.0241739265868237,-0.1274860597131288,-1.410240586671267,-0.0774663955998953,0.38606666008444335,1.0688352360864606,0.0,1.0580378570259195,0.0,5.1708167633363304,0.0,1.7645923041881373,0.0,-0.20495245531302408,0.0,-1.0241739265868237,0.0,-0.0774663955998953,0.0,0.38606666008444335,0.0
2026-06-11,17:26:23,benar,0.7539,0.91309,-0.21753,0.51123,4.336,0.031,2.817,1.04443,-0.13452,-0.10254,1.649,0.221,0.588,0.0,0.0,1.0688352360864606,1.0580378570259195,5.1708167633363304,1.7645923041881373,-0.13134,2.6870000000000003,-0.08301,-0.19,0.6137699999999999,2.229,-0.20495245531302408,-1.0241739265868237,-0.1274860597131288,-1.410240586671267,-0.0774663955998953,0.38606666008444335,1.0688352360864606,0.0,1.0580378570259195,0.0,5.1708167633363304,0.0,1.7645923041881373,0.0,-0.20495245531302408,0.0,-1.0241739265868237,0.0,-0.0774663955998953,0.0,0.38606666008444335,0.0
2026-06-11,17:26:25,benar,0.7539,0.91309,-0.21753,0.51123,4.336,0.031,2.817,1.04443,-0.13452,-0.10254,1.649,0.221,0.588,0.0,0.0,1.0688352360864606,1.0580378570259195,5.1708167633363304,1.7645923041881373,-0.13134,2.6870000000000003,-0.08301,-0.19,0.6137699999999999,2.229,-0.20495245531302408,-1.0241739265868237,-0.1274860597131288,-1.410240586671267,-0.0774663955998953,0.38606666008444335,1.0688352360864606,0.0,1.0580378570259195,0.0,5.1708167633363304,0.0,1.7645923041881373,0.0,-0.20495245531302408,0.0,-1.0241739265868237,0.0,-0.0774663955998953,0.0,0.38606666008444335,0.0
2026-06-11,17:26:27,benar,0.7539,0.91309,-0.21753,0.51123,4.336,0.031,2.817,1.04443,-0.13452,-0.10254,1.649,0.221,0.588,0.0,0.0,1.0688352360864606,1.0580378570259195,5.1708167633363304,1.7645923041881373,-0.13134,2.6870000000000003,-0.08301,-0.19,0.6137699999999999,2.229,-0.20495245531302408,-1.0241739265868237,-0.1274860597131288,-1.410240586671267,-0.0774663955998953,0.38606666008444335,1.0688352360864606,0.0,1.0580378570259195,0.0,5.1708167633363304,0.0,1.7645923041881373,0.0,-0.20495245531302408,0.0,-1.0241739265868237,0.0,-0.0774663955998953,0.0,0.38606666008444335,0.0
2026-06-11,17:26:28,tidak pasti,0.5959,0.0,0.0,0.0,0.0,0.0,0.0,0.0,0.0,0.0,0.0,0.0,0.0,0.0,0.0,0.0,0.0,0.0,0.0,0.0,0.0,0.0,0.0,0.0,0.0,0.0,-0.0,0.0,-0.0,0.0,0.0,0.7125568240576404,0.6170923112738752,0.705358571350613,0.6108584415667294,3.4472111755575536,2.9853724502424597,1.1763948694587583,1.018787841832963,-0.13663497020868273,0.11832935524604919,-0.6827826177245492,0.5913070922118987,-0.05164426373326353,0.04472524435274959,0.2573777733896289,0.2228956901248931
2026-06-11,17:26:29,tidak pasti,0.5775,0.0,0.0,0.0,0.0,0.0,0.0,0.0,0.0,0.0,0.0,0.0,0.0,0.0,0.0,0.0,0.0,0.0,0.0,0.0,0.0,0.0,0.0,0.0,0.0,0.0,-0.0,0.0,-0.0,0.0,0.0,0.3562784120288202,0.6170923112738752,0.3526792856753065,0.6108584415667294,1.7236055877787768,2.9853724502424597,0.5881974347293791,1.018787841832963,-0.06831748510434137,0.1183293552460492,-0.3413913088622746,0.5913070922118987,-0.025822131866631765,0.04472524435274959,0.12868888669481446,0.2228956901248931
2026-06-11,17:26:30,tidak pasti,0.5929,0.0,0.0,0.0,0.0,0.0,0.0,0.0,0.0,0.0,0.0,0.0,0.0,0.0,0.0,0.0,0.0,0.0,0.0,0.0,0.0,0.0,0.0,0.0,0.0,0.0,-0.0,0.0,-0.0,0.0,0.0,0.0,0.0,0.0,0.0,0.0,0.0,0.0,0.0,0.0,0.0,-0.0,0.0,0.0,0.0,0.0,0.0
2026-06-11,17:26:31,tidak pasti,0.5929,0.0,0.0,0.0,0.0,0.0,0.0,0.0,0.0,0.0,0.0,0.0,0.0,0.0,0.0,0.0,0.0,0.0,0.0,0.0,0.0,0.0,0.0,0.0,0.0,0.0,-0.0,0.0,-0.0,0.0,0.0,0.0,0.0,0.0,0.0,0.0,0.0,0.0,0.0,0.0,0.0,-0.0,0.0,0.0,0.0,0.0,0.0
2026-06-11,17:26:32,tidak pasti,0.5929,0.0,0.0,0.0,0.0,0.0,0.0,0.0,0.0,0.0,0.0,0.0,0.0,0.0,0.0,0.0,0.0,0.0,0.0,0.0,0.0,0.0,0.0,0.0,0.0,0.0,-0.0,0.0,-0.0,0.0,0.0,0.0,0.0,0.0,0.0,0.0,0.0,0.0,0.0,0.0,0.0,-0.0,0.0,0.0,0.0,0.0,0.0
2026-06-11,17:26:33,tidak pasti,0.5929,0.0,0.0,0.0,0.0,0.0,0.0,0.0,0.0,0.0,0.0,0.0,0.0,0.0,0.0,0.0,0.0,0.0,0.0,0.0,0.0,0.0,0.0,0.0,0.0,0.0,-0.0,0.0,-0.0,0.0,0.0,0.0,0.0,0.0,0.0,0.0,0.0,0.0,0.0,0.0,0.0,-0.0,0.0,0.0,0.0,0.0,0.0
2026-06-11,17:26:34,tidak pasti,0.5929,0.0,0.0,0.0,0.0,0.0,0.0,0.0,0.0,0.0,0.0,0.0,0.0,0.0,0.0,0.0,0.0,0.0,0.0,0.0,0.0,0.0,0.0,0.0,0.0,0.0,-0.0,0.0,-0.0,0.0,0.0,0.0,0.0,0.0,0.0,0.0,0.0,0.0,0.0,0.0,0.0,-0.0,0.0,0.0,0.0,0.0,0.0
2026-06-11,17:26:36,tidak pasti,0.5929,0.0,0.0,0.0,0.0,0.0,0.0,0.0,0.0,0.0,0.0,0.0,0.0,0.0,0.0,0.0,0.0,0.0,0.0,0.0,0.0,0.0,0.0,0.0,0.0,0.0,-0.0,0.0,-0.0,0.0,0.0,0.0,0.0,0.0,0.0,0.0,0.0,0.0,0.0,0.0,0.0,-0.0,0.0,0.0,0.0,0.0,0.0
2026-06-11,17:26:38,tidak pasti,0.5929,0.0,0.0,0.0,0.0,0.0,0.0,0.0,0.0,0.0,0.0,0.0,0.0,0.0,0.0,0.0,0.0,0.0,0.0,0.0,0.0,0.0,0.0,0.0,0.0,0.0,-0.0,0.0,-0.0,0.0,0.0,0.0,0.0,0.0,0.0,0.0,0.0,0.0,0.0,0.0,0.0,-0.0,0.0,0.0,0.0,0.0,0.0
2026-06-11,18:06:33,tidak pasti,0.6172,0.95874,-0.07446,0.48657,0.0,0.0,0.0,0.98267,-0.34009,-0.0979,0.0,0.0,0.0,0.0,0.0,1.0777184437968945,1.0444548563724523,0.0,0.0,-0.023930000000000007,0.0,0.26563000000000003,0.0,0.58447,0.0,-0.06914548684124187,-1.096472047030046,-0.3316619326256775,-1.2251151892250964,0.2625164457844356,0.12864314219505046,1.0777184437968945,0.0,1.0444548563724523,0.0,0.0,0.0,0.0,0.0,-0.06914548684124187,0.0,-1.096472047030046,0.0,0.2625164457844356,0.0,0.12864314219505046,0.0
2026-06-11,18:06:33,tidak pasti,0.6172,0.95874,-0.07446,0.48657,0.0,0.0,0.0,0.98267,-0.34009,-0.0979,0.0,0.0,0.0,0.0,0.0,1.0777184437968945,1.0444548563724523,0.0,0.0,-0.023930000000000007,0.0,0.26563000000000003,0.0,0.58447,0.0,-0.06914548684124187,-1.096472047030046,-0.3316619326256775,-1.2251151892250964,0.2625164457844356,0.12864314219505046,1.0777184437968945,0.0,1.0444548563724523,0.0,0.0,0.0,0.0,0.0,-0.06914548684124187,0.0,-1.096472047030046,0.0,0.2625164457844356,0.0,0.12864314219505046,0.0
2026-06-11,18:06:33,tidak pasti,0.6172,0.95874,-0.07446,0.48657,0.0,0.0,0.0,0.98267,-0.34009,-0.0979,0.0,0.0,0.0,0.0,0.0,1.0777184437968945,1.0444548563724523,0.0,0.0,-0.023930000000000007,0.0,0.26563000000000003,0.0,0.58447,0.0,-0.06914548684124187,-1.096472047030046,-0.3316619326256775,-1.2251151892250964,0.2625164457844356,0.12864314219505046,1.0777184437968945,0.0,1.0444548563724523,0.0,0.0,0.0,0.0,0.0,-0.06914548684124187,0.0,-1.096472047030046,0.0,0.2625164457844356,0.0,0.12864314219505046,0.0
2026-06-11,18:06:33,tidak pasti,0.6172,0.95874,-0.07446,0.48657,0.0,0.0,0.0,0.98267,-0.34009,-0.0979,0.0,0.0,0.0,0.0,0.0,1.0777184437968945,1.0444548563724523,0.0,0.0,-0.023930000000000007,0.0,0.26563000000000003,0.0,0.58447,0.0,-0.06914548684124187,-1.096472047030046,-0.3316619326256775,-1.2251151892250964,0.2625164457844356,0.12864314219505046,1.0777184437968945,0.0,1.0444548563724523,0.0,0.0,0.0,0.0,0.0,-0.06914548684124187,0.0,-1.096472047030046,0.0,0.2625164457844356,0.0,0.12864314219505046,0.0
2026-06-11,18:06:33,tidak pasti,0.6172,0.95874,-0.07446,0.48657,0.0,0.0,0.0,0.98267,-0.34009,-0.0979,0.0,0.0,0.0,0.0,0.0,1.0777184437968945,1.0444548563724523,0.0,0.0,-0.023930000000000007,0.0,0.26563000000000003,0.0,0.58447,0.0,-0.06914548684124187,-1.096472047030046,-0.3316619326256775,-1.2251151892250964,0.2625164457844356,0.12864314219505046,1.0777184437968945,0.0,1.0444548563724523,0.0,0.0,0.0,0.0,0.0,-0.06914548684124187,0.0,-1.096472047030046,0.0,0.2625164457844356,0.0,0.12864314219505046,0.0
2026-06-11,18:06:33,tidak pasti,0.6172,0.95874,-0.07446,0.48657,0.0,0.0,0.0,0.98267,-0.34009,-0.0979,0.0,0.0,0.0,0.0,0.0,1.0777184437968945,1.0444548563724523,0.0,0.0,-0.023930000000000007,0.0,0.26563000000000003,0.0,0.58447,0.0,-0.06914548684124187,-1.096472047030046,-0.3316619326256775,-1.2251151892250964,0.2625164457844356,0.12864314219505046,1.0777184437968945,0.0,1.0444548563724523,0.0,0.0,0.0,0.0,0.0,-0.06914548684124187,0.0,-1.096472047030046,0.0,0.2625164457844356,0.0,0.12864314219505046,0.0
2026-06-11,18:06:35,tidak pasti,0.6172,0.95874,-0.07446,0.48657,0.0,0.0,0.0,0.98267,-0.34009,-0.0979,0.0,0.0,0.0,0.0,0.0,1.0777184437968945,1.0444548563724523,0.0,0.0,-0.023930000000000007,0.0,0.26563000000000003,0.0,0.58447,0.0,-0.06914548684124187,-1.096472047030046,-0.3316619326256775,-1.2251151892250964,0.2625164457844356,0.12864314219505046,1.0777184437968945,0.0,1.0444548563724523,0.0,0.0,0.0,0.0,0.0,-0.06914548684124187,0.0,-1.096472047030046,0.0,0.2625164457844356,0.0,0.12864314219505046,0.0
2026-06-11,18:06:35,tidak pasti,0.6172,0.95874,-0.07446,0.48657,0.0,0.0,0.0,0.98267,-0.34009,-0.0979,0.0,0.0,0.0,0.0,0.0,1.0777184437968945,1.0444548563724523,0.0,0.0,-0.023930000000000007,0.0,0.26563000000000003,0.0,0.58447,0.0,-0.06914548684124187,-1.096472047030046,-0.3316619326256775,-1.2251151892250964,0.2625164457844356,0.12864314219505046,1.0777184437968945,0.0,1.0444548563724523,0.0,0.0,0.0,0.0,0.0,-0.06914548684124187,0.0,-1.096472047030046,0.0,0.2625164457844356,0.0,0.12864314219505046,0.0
2026-06-11,18:06:35,tidak pasti,0.6172,0.95874,-0.07446,0.48657,0.0,0.0,0.0,0.98267,-0.34009,-0.0979,0.0,0.0,0.0,0.0,0.0,1.0777184437968945,1.0444548563724523,0.0,0.0,-0.023930000000000007,0.0,0.26563000000000003,0.0,0.58447,0.0,-0.06914548684124187,-1.096472047030046,-0.3316619326256775,-1.2251151892250964,0.2625164457844356,0.12864314219505046,1.0777184437968945,0.0,1.0444548563724523,0.0,0.0,0.0,0.0,0.0,-0.06914548684124187,0.0,-1.096472047030046,0.0,0.2625164457844356,0.0,0.12864314219505046,0.0
2026-06-11,18:06:35,tidak pasti,0.6172,0.95874,-0.07446,0.48657,0.0,0.0,0.0,0.98267,-0.34009,-0.0979,0.0,0.0,0.0,0.0,0.0,1.0777184437968945,1.0444548563724523,0.0,0.0,-0.023930000000000007,0.0,0.26563000000000003,0.0,0.58447,0.0,-0.06914548684124187,-1.096472047030046,-0.3316619326256775,-1.2251151892250964,0.2625164457844356,0.12864314219505046,1.0777184437968945,0.0,1.0444548563724523,0.0,0.0,0.0,0.0,0.0,-0.06914548684124187,0.0,-1.096472047030046,0.0,0.2625164457844356,0.0,0.12864314219505046,0.0
2026-06-11,18:06:35,tidak pasti,0.6172,0.95874,-0.07446,0.48657,0.0,0.0,0.0,0.98267,-0.34009,-0.0979,0.0,0.0,0.0,0.0,0.0,1.0777184437968945,1.0444548563724523,0.0,0.0,-0.023930000000000007,0.0,0.26563000000000003,0.0,0.58447,0.0,-0.06914548684124187,-1.096472047030046,-0.3316619326256775,-1.2251151892250964,0.2625164457844356,0.12864314219505046,1.0777184437968945,0.0,1.0444548563724523,0.0,0.0,0.0,0.0,0.0,-0.06914548684124187,0.0,-1.096472047030046,0.0,0.2625164457844356,0.0,0.12864314219505046,0.0
2026-06-11,18:06:35,tidak pasti,0.6172,0.95874,-0.07446,0.48657,0.0,0.0,0.0,0.98267,-0.34009,-0.0979,0.0,0.0,0.0,0.0,0.0,1.0777184437968945,1.0444548563724523,0.0,0.0,-0.023930000000000007,0.0,0.26563000000000003,0.0,0.58447,0.0,-0.06914548684124187,-1.096472047030046,-0.3316619326256775,-1.2251151892250964,0.2625164457844356,0.12864314219505046,1.0777184437968945,0.0,1.0444548563724523,0.0,0.0,0.0,0.0,0.0,-0.06914548684124187,0.0,-1.096472047030046,0.0,0.2625164457844356,0.0,0.12864314219505046,0.0
2026-06-11,18:06:36,tidak pasti,0.6172,0.95874,-0.07446,0.48657,0.0,0.0,0.0,0.98267,-0.34009,-0.0979,0.0,0.0,0.0,0.0,0.0,1.0777184437968945,1.0444548563724523,0.0,0.0,-0.023930000000000007,0.0,0.26563000000000003,0.0,0.58447,0.0,-0.06914548684124187,-1.096472047030046,-0.3316619326256775,-1.2251151892250964,0.2625164457844356,0.12864314219505046,1.0777184437968945,0.0,1.0444548563724523,0.0,0.0,0.0,0.0,0.0,-0.06914548684124187,0.0,-1.096472047030046,0.0,0.2625164457844356,0.0,0.12864314219505046,0.0
2026-06-11,18:06:36,tidak pasti,0.6172,0.95874,-0.07446,0.48657,0.0,0.0,0.0,0.98267,-0.34009,-0.0979,0.0,0.0,0.0,0.0,0.0,1.0777184437968945,1.0444548563724523,0.0,0.0,-0.023930000000000007,0.0,0.26563000000000003,0.0,0.58447,0.0,-0.06914548684124187,-1.096472047030046,-0.3316619326256775,-1.2251151892250964,0.2625164457844356,0.12864314219505046,1.0777184437968945,0.0,1.0444548563724523,0.0,0.0,0.0,0.0,0.0,-0.06914548684124187,0.0,-1.096472047030046,0.0,0.2625164457844356,0.0,0.12864314219505046,0.0
2026-06-11,18:06:36,tidak pasti,0.6172,0.95874,-0.07446,0.48657,0.0,0.0,0.0,0.98267,-0.34009,-0.0979,0.0,0.0,0.0,0.0,0.0,1.0777184437968945,1.0444548563724523,0.0,0.0,-0.023930000000000007,0.0,0.26563000000000003,0.0,0.58447,0.0,-0.06914548684124187,-1.096472047030046,-0.3316619326256775,-1.2251151892250964,0.2625164457844356,0.12864314219505046,1.0777184437968945,0.0,1.0444548563724523,0.0,0.0,0.0,0.0,0.0,-0.06914548684124187,0.0,-1.096472047030046,0.0,0.2625164457844356,0.0,0.12864314219505046,0.0
2026-06-11,18:06:36,tidak pasti,0.6172,0.95874,-0.07446,0.48657,0.0,0.0,0.0,0.98267,-0.34009,-0.0979,0.0,0.0,0.0,0.0,0.0,1.0777184437968945,1.0444548563724523,0.0,0.0,-0.023930000000000007,0.0,0.26563000000000003,0.0,0.58447,0.0,-0.06914548684124187,-1.096472047030046,-0.3316619326256775,-1.2251151892250964,0.2625164457844356,0.12864314219505046,1.0777184437968945,0.0,1.0444548563724523,0.0,0.0,0.0,0.0,0.0,-0.06914548684124187,0.0,-1.096472047030046,0.0,0.2625164457844356,0.0,0.12864314219505046,0.0
2026-06-11,18:06:36,tidak pasti,0.6172,0.95874,-0.07446,0.48657,0.0,0.0,0.0,0.98267,-0.34009,-0.0979,0.0,0.0,0.0,0.0,0.0,1.0777184437968945,1.0444548563724523,0.0,0.0,-0.023930000000000007,0.0,0.26563000000000003,0.0,0.58447,0.0,-0.06914548684124187,-1.096472047030046,-0.3316619326256775,-1.2251151892250964,0.2625164457844356,0.12864314219505046,1.0777184437968945,0.0,1.0444548563724523,0.0,0.0,0.0,0.0,0.0,-0.06914548684124187,0.0,-1.096472047030046,0.0,0.2625164457844356,0.0,0.12864314219505046,0.0
2026-06-11,18:06:36,tidak pasti,0.6172,0.95874,-0.07446,0.48657,0.0,0.0,0.0,0.98267,-0.34009,-0.0979,0.0,0.0,0.0,0.0,0.0,1.0777184437968945,1.0444548563724523,0.0,0.0,-0.023930000000000007,0.0,0.26563000000000003,0.0,0.58447,0.0,-0.06914548684124187,-1.096472047030046,-0.3316619326256775,-1.2251151892250964,0.2625164457844356,0.12864314219505046,1.0777184437968945,0.0,1.0444548563724523,0.0,0.0,0.0,0.0,0.0,-0.06914548684124187,0.0,-1.096472047030046,0.0,0.2625164457844356,0.0,0.12864314219505046,0.0
2026-06-11,18:06:37,tidak pasti,0.6172,0.95874,-0.07446,0.48657,0.0,0.0,0.0,0.98267,-0.34009,-0.0979,0.0,0.0,0.0,0.0,0.0,1.0777184437968945,1.0444548563724523,0.0,0.0,-0.023930000000000007,0.0,0.26563000000000003,0.0,0.58447,0.0,-0.06914548684124187,-1.096472047030046,-0.3316619326256775,-1.2251151892250964,0.2625164457844356,0.12864314219505046,1.0777184437968945,0.0,1.0444548563724523,0.0,0.0,0.0,0.0,0.0,-0.06914548684124187,0.0,-1.096472047030046,0.0,0.2625164457844356,0.0,0.12864314219505046,0.0
2026-06-11,18:06:37,tidak pasti,0.6172,0.95874,-0.07446,0.48657,0.0,0.0,0.0,0.98267,-0.34009,-0.0979,0.0,0.0,0.0,0.0,0.0,1.0777184437968945,1.0444548563724523,0.0,0.0,-0.023930000000000007,0.0,0.26563000000000003,0.0,0.58447,0.0,-0.06914548684124187,-1.096472047030046,-0.3316619326256775,-1.2251151892250964,0.2625164457844356,0.12864314219505046,1.0777184437968945,0.0,1.0444548563724523,0.0,0.0,0.0,0.0,0.0,-0.06914548684124187,0.0,-1.096472047030046,0.0,0.2625164457844356,0.0,0.12864314219505046,0.0
2026-06-11,18:06:37,tidak pasti,0.6172,0.95874,-0.07446,0.48657,0.0,0.0,0.0,0.98267,-0.34009,-0.0979,0.0,0.0,0.0,0.0,0.0,1.0777184437968945,1.0444548563724523,0.0,0.0,-0.023930000000000007,0.0,0.26563000000000003,0.0,0.58447,0.0,-0.06914548684124187,-1.096472047030046,-0.3316619326256775,-1.2251151892250964,0.2625164457844356,0.12864314219505046,1.0777184437968945,0.0,1.0444548563724523,0.0,0.0,0.0,0.0,0.0,-0.06914548684124187,0.0,-1.096472047030046,0.0,0.2625164457844356,0.0,0.12864314219505046,0.0
2026-06-11,18:06:37,tidak pasti,0.6172,0.95874,-0.07446,0.48657,0.0,0.0,0.0,0.98267,-0.34009,-0.0979,0.0,0.0,0.0,0.0,0.0,1.0777184437968945,1.0444548563724523,0.0,0.0,-0.023930000000000007,0.0,0.26563000000000003,0.0,0.58447,0.0,-0.06914548684124187,-1.096472047030046,-0.3316619326256775,-1.2251151892250964,0.2625164457844356,0.12864314219505046,1.0777184437968945,0.0,1.0444548563724523,0.0,0.0,0.0,0.0,0.0,-0.06914548684124187,0.0,-1.096472047030046,0.0,0.2625164457844356,0.0,0.12864314219505046,0.0
2026-06-11,18:06:37,tidak pasti,0.6172,0.95874,-0.07446,0.48657,0.0,0.0,0.0,0.98267,-0.34009,-0.0979,0.0,0.0,0.0,0.0,0.0,1.0777184437968945,1.0444548563724523,0.0,0.0,-0.023930000000000007,0.0,0.26563000000000003,0.0,0.58447,0.0,-0.06914548684124187,-1.096472047030046,-0.3316619326256775,-1.2251151892250964,0.2625164457844356,0.12864314219505046,1.0777184437968945,0.0,1.0444548563724523,0.0,0.0,0.0,0.0,0.0,-0.06914548684124187,0.0,-1.096472047030046,0.0,0.2625164457844356,0.0,0.12864314219505046,0.0
2026-06-11,18:06:38,tidak pasti,0.6172,0.95874,-0.07446,0.48657,0.0,0.0,0.0,0.98267,-0.34009,-0.0979,0.0,0.0,0.0,0.0,0.0,1.0777184437968945,1.0444548563724523,0.0,0.0,-0.023930000000000007,0.0,0.26563000000000003,0.0,0.58447,0.0,-0.06914548684124187,-1.096472047030046,-0.3316619326256775,-1.2251151892250964,0.2625164457844356,0.12864314219505046,1.0777184437968945,0.0,1.0444548563724523,0.0,0.0,0.0,0.0,0.0,-0.06914548684124187,0.0,-1.096472047030046,0.0,0.2625164457844356,0.0,0.12864314219505046,0.0
2026-06-11,18:06:38,tidak pasti,0.6172,0.95874,-0.07446,0.48657,0.0,0.0,0.0,0.98267,-0.34009,-0.0979,0.0,0.0,0.0,0.0,0.0,1.0777184437968945,1.0444548563724523,0.0,0.0,-0.023930000000000007,0.0,0.26563000000000003,0.0,0.58447,0.0,-0.06914548684124187,-1.096472047030046,-0.3316619326256775,-1.2251151892250964,0.2625164457844356,0.12864314219505046,1.0777184437968945,0.0,1.0444548563724523,0.0,0.0,0.0,0.0,0.0,-0.06914548684124187,0.0,-1.096472047030046,0.0,0.2625164457844356,0.0,0.12864314219505046,0.0
2026-06-11,18:06:38,tidak pasti,0.6172,0.95874,-0.07446,0.48657,0.0,0.0,0.0,0.98267,-0.34009,-0.0979,0.0,0.0,0.0,0.0,0.0,1.0777184437968945,1.0444548563724523,0.0,0.0,-0.023930000000000007,0.0,0.26563000000000003,0.0,0.58447,0.0,-0.06914548684124187,-1.096472047030046,-0.3316619326256775,-1.2251151892250964,0.2625164457844356,0.12864314219505046,1.0777184437968945,0.0,1.0444548563724523,0.0,0.0,0.0,0.0,0.0,-0.06914548684124187,0.0,-1.096472047030046,0.0,0.2625164457844356,0.0,0.12864314219505046,0.0
2026-06-11,18:06:40,tidak pasti,0.5456,0.0,0.0,0.0,0.0,0.0,0.0,0.0,0.0,0.0,0.0,0.0,0.0,1007.81,45.359,0.0,0.0,0.0,0.0,0.0,0.0,0.0,0.0,0.0,0.0,0.0,-0.0,0.0,-0.0,0.0,0.0,0.0,0.0,0.0,0.0,0.0,0.0,0.0,0.0,0.0,0.0,-0.0,0.0,0.0,0.0,0.0,0.0
2026-06-11,18:06:40,tidak pasti,0.5456,0.0,0.0,0.0,0.0,0.0,0.0,0.0,0.0,0.0,0.0,0.0,0.0,1007.81,45.359,0.0,0.0,0.0,0.0,0.0,0.0,0.0,0.0,0.0,0.0,0.0,-0.0,0.0,-0.0,0.0,0.0,0.0,0.0,0.0,0.0,0.0,0.0,0.0,0.0,0.0,0.0,-0.0,0.0,0.0,0.0,0.0,0.0
2026-06-11,18:06:40,tidak pasti,0.5456,0.0,0.0,0.0,0.0,0.0,0.0,0.0,0.0,0.0,0.0,0.0,0.0,1007.8,45.51,0.0,0.0,0.0,0.0,0.0,0.0,0.0,0.0,0.0,0.0,0.0,-0.0,0.0,-0.0,0.0,0.0,0.0,0.0,0.0,0.0,0.0,0.0,0.0,0.0,0.0,0.0,-0.0,0.0,0.0,0.0,0.0,0.0
2026-06-11,18:06:41,tidak pasti,0.5456,0.0,0.0,0.0,0.0,0.0,0.0,0.0,0.0,0.0,0.0,0.0,0.0,1007.8,45.51,0.0,0.0,0.0,0.0,0.0,0.0,0.0,0.0,0.0,0.0,0.0,-0.0,0.0,-0.0,0.0,0.0,0.0,0.0,0.0,0.0,0.0,0.0,0.0,0.0,0.0,0.0,-0.0,0.0,0.0,0.0,0.0,0.0
2026-06-11,18:06:41,tidak pasti,0.5456,0.0,0.0,0.0,0.0,0.0,0.0,0.0,0.0,0.0,0.0,0.0,0.0,1007.81,45.374,0.0,0.0,0.0,0.0,0.0,0.0,0.0,0.0,0.0,0.0,0.0,-0.0,0.0,-0.0,0.0,0.0,0.0,0.0,0.0,0.0,0.0,0.0,0.0,0.0,0.0,0.0,-0.0,0.0,0.0,0.0,0.0,0.0
2026-06-11,18:06:42,tidak pasti,0.5456,0.0,0.0,0.0,0.0,0.0,0.0,0.0,0.0,0.0,0.0,0.0,0.0,1007.81,45.374,0.0,0.0,0.0,0.0,0.0,0.0,0.0,0.0,0.0,0.0,0.0,-0.0,0.0,-0.0,0.0,0.0,0.0,0.0,0.0,0.0,0.0,0.0,0.0,0.0,0.0,0.0,-0.0,0.0,0.0,0.0,0.0,0.0
2026-06-11,18:06:42,tidak pasti,0.5456,0.0,0.0,0.0,0.0,0.0,0.0,0.0,0.0,0.0,0.0,0.0,0.0,1007.81,45.374,0.0,0.0,0.0,0.0,0.0,0.0,0.0,0.0,0.0,0.0,0.0,-0.0,0.0,-0.0,0.0,0.0,0.0,0.0,0.0,0.0,0.0,0.0,0.0,0.0,0.0,0.0,-0.0,0.0,0.0,0.0,0.0,0.0
2026-06-11,18:06:42,tidak pasti,0.5456,0.0,0.0,0.0,0.0,0.0,0.0,0.0,0.0,0.0,0.0,0.0,0.0,1007.81,45.374,0.0,0.0,0.0,0.0,0.0,0.0,0.0,0.0,0.0,0.0,0.0,-0.0,0.0,-0.0,0.0,0.0,0.0,0.0,0.0,0.0,0.0,0.0,0.0,0.0,0.0,0.0,-0.0,0.0,0.0,0.0,0.0,0.0
2026-06-11,18:06:43,tidak pasti,0.5456,0.0,0.0,0.0,0.0,0.0,0.0,0.0,0.0,0.0,0.0,0.0,0.0,1007.81,45.374,0.0,0.0,0.0,0.0,0.0,0.0,0.0,0.0,0.0,0.0,0.0,-0.0,0.0,-0.0,0.0,0.0,0.0,0.0,0.0,0.0,0.0,0.0,0.0,0.0,0.0,0.0,-0.0,0.0,0.0,0.0,0.0,0.0
2026-06-11,18:06:43,tidak pasti,0.5456,0.0,0.0,0.0,0.0,0.0,0.0,0.0,0.0,0.0,0.0,0.0,0.0,1007.81,45.374,0.0,0.0,0.0,0.0,0.0,0.0,0.0,0.0,0.0,0.0,0.0,-0.0,0.0,-0.0,0.0,0.0,0.0,0.0,0.0,0.0,0.0,0.0,0.0,0.0,0.0,0.0,-0.0,0.0,0.0,0.0,0.0,0.0
2026-06-11,18:06:43,tidak pasti,0.5456,0.0,0.0,0.0,0.0,0.0,0.0,0.0,0.0,0.0,0.0,0.0,0.0,1007.81,45.374,0.0,0.0,0.0,0.0,0.0,0.0,0.0,0.0,0.0,0.0,0.0,-0.0,0.0,-0.0,0.0,0.0,0.0,0.0,0.0,0.0,0.0,0.0,0.0,0.0,0.0,0.0,-0.0,0.0,0.0,0.0,0.0,0.0
2026-06-11,18:06:44,tidak pasti,0.5456,0.0,0.0,0.0,0.0,0.0,0.0,0.0,0.0,0.0,0.0,0.0,0.0,1007.81,45.374,0.0,0.0,0.0,0.0,0.0,0.0,0.0,0.0,0.0,0.0,0.0,-0.0,0.0,-0.0,0.0,0.0,0.0,0.0,0.0,0.0,0.0,0.0,0.0,0.0,0.0,0.0,-0.0,0.0,0.0,0.0,0.0,0.0
2026-06-11,18:06:44,tidak pasti,0.5456,0.0,0.0,0.0,0.0,0.0,0.0,0.0,0.0,0.0,0.0,0.0,0.0,1007.81,45.374,0.0,0.0,0.0,0.0,0.0,0.0,0.0,0.0,0.0,0.0,0.0,-0.0,0.0,-0.0,0.0,0.0,0.0,0.0,0.0,0.0,0.0,0.0,0.0,0.0,0.0,0.0,-0.0,0.0,0.0,0.0,0.0,0.0
2026-06-11,18:06:44,tidak pasti,0.5456,0.0,0.0,0.0,0.0,0.0,0.0,0.0,0.0,0.0,0.0,0.0,0.0,1007.81,45.374,0.0,0.0,0.0,0.0,0.0,0.0,0.0,0.0,0.0,0.0,0.0,-0.0,0.0,-0.0,0.0,0.0,0.0,0.0,0.0,0.0,0.0,0.0,0.0,0.0,0.0,0.0,-0.0,0.0,0.0,0.0,0.0,0.0
2026-06-11,18:06:44,tidak pasti,0.5456,0.0,0.0,0.0,0.0,0.0,0.0,0.0,0.0,0.0,0.0,0.0,0.0,1007.81,45.374,0.0,0.0,0.0,0.0,0.0,0.0,0.0,0.0,0.0,0.0,0.0,-0.0,0.0,-0.0,0.0,0.0,0.0,0.0,0.0,0.0,0.0,0.0,0.0,0.0,0.0,0.0,-0.0,0.0,0.0,0.0,0.0,0.0
2026-06-11,18:06:45,tidak pasti,0.5456,0.0,0.0,0.0,0.0,0.0,0.0,0.0,0.0,0.0,0.0,0.0,0.0,1007.81,45.374,0.0,0.0,0.0,0.0,0.0,0.0,0.0,0.0,0.0,0.0,0.0,-0.0,0.0,-0.0,0.0,0.0,0.0,0.0,0.0,0.0,0.0,0.0,0.0,0.0,0.0,0.0,-0.0,0.0,0.0,0.0,0.0,0.0
2026-06-11,18:06:45,tidak pasti,0.5456,0.0,0.0,0.0,0.0,0.0,0.0,0.0,0.0,0.0,0.0,0.0,0.0,1007.81,45.374,0.0,0.0,0.0,0.0,0.0,0.0,0.0,0.0,0.0,0.0,0.0,-0.0,0.0,-0.0,0.0,0.0,0.0,0.0,0.0,0.0,0.0,0.0,0.0,0.0,0.0,0.0,-0.0,0.0,0.0,0.0,0.0,0.0
2026-06-11,18:06:45,tidak pasti,0.5456,0.0,0.0,0.0,0.0,0.0,0.0,0.0,0.0,0.0,0.0,0.0,0.0,1007.81,45.374,0.0,0.0,0.0,0.0,0.0,0.0,0.0,0.0,0.0,0.0,0.0,-0.0,0.0,-0.0,0.0,0.0,0.0,0.0,0.0,0.0,0.0,0.0,0.0,0.0,0.0,0.0,-0.0,0.0,0.0,0.0,0.0,0.0
2026-06-11,18:06:46,tidak pasti,0.5456,0.0,0.0,0.0,0.0,0.0,0.0,0.0,0.0,0.0,0.0,0.0,0.0,1007.81,45.374,0.0,0.0,0.0,0.0,0.0,0.0,0.0,0.0,0.0,0.0,0.0,-0.0,0.0,-0.0,0.0,0.0,0.0,0.0,0.0,0.0,0.0,0.0,0.0,0.0,0.0,0.0,-0.0,0.0,0.0,0.0,0.0,0.0
2026-06-11,18:06:46,tidak pasti,0.5456,0.0,0.0,0.0,0.0,0.0,0.0,0.0,0.0,0.0,0.0,0.0,0.0,1007.81,45.374,0.0,0.0,0.0,0.0,0.0,0.0,0.0,0.0,0.0,0.0,0.0,-0.0,0.0,-0.0,0.0,0.0,0.0,0.0,0.0,0.0,0.0,0.0,0.0,0.0,0.0,0.0,-0.0,0.0,0.0,0.0,0.0,0.0
2026-06-11,18:06:46,tidak pasti,0.5456,0.0,0.0,0.0,0.0,0.0,0.0,0.0,0.0,0.0,0.0,0.0,0.0,1007.81,45.374,0.0,0.0,0.0,0.0,0.0,0.0,0.0,0.0,0.0,0.0,0.0,-0.0,0.0,-0.0,0.0,0.0,0.0,0.0,0.0,0.0,0.0,0.0,0.0,0.0,0.0,0.0,-0.0,0.0,0.0,0.0,0.0,0.0
2026-06-11,18:06:47,tidak pasti,0.5456,0.0,0.0,0.0,0.0,0.0,0.0,0.0,0.0,0.0,0.0,0.0,0.0,1007.81,45.374,0.0,0.0,0.0,0.0,0.0,0.0,0.0,0.0,0.0,0.0,0.0,-0.0,0.0,-0.0,0.0,0.0,0.0,0.0,0.0,0.0,0.0,0.0,0.0,0.0,0.0,0.0,-0.0,0.0,0.0,0.0,0.0,0.0
2026-06-11,18:06:47,tidak pasti,0.5456,0.0,0.0,0.0,0.0,0.0,0.0,0.0,0.0,0.0,0.0,0.0,0.0,1007.83,45.225,0.0,0.0,0.0,0.0,0.0,0.0,0.0,0.0,0.0,0.0,0.0,-0.0,0.0,-0.0,0.0,0.0,0.0,0.0,0.0,0.0,0.0,0.0,0.0,0.0,0.0,0.0,-0.0,0.0,0.0,0.0,0.0,0.0
2026-06-11,18:06:47,tidak pasti,0.5456,0.0,0.0,0.0,0.0,0.0,0.0,0.0,0.0,0.0,0.0,0.0,0.0,1007.83,45.201,0.0,0.0,0.0,0.0,0.0,0.0,0.0,0.0,0.0,0.0,0.0,-0.0,0.0,-0.0,0.0,0.0,0.0,0.0,0.0,0.0,0.0,0.0,0.0,0.0,0.0,0.0,-0.0,0.0,0.0,0.0,0.0,0.0
2026-06-11,18:06:48,tidak pasti,0.5456,0.0,0.0,0.0,0.0,0.0,0.0,0.0,0.0,0.0,0.0,0.0,0.0,1007.83,45.201,0.0,0.0,0.0,0.0,0.0,0.0,0.0,0.0,0.0,0.0,0.0,-0.0,0.0,-0.0,0.0,0.0,0.0,0.0,0.0,0.0,0.0,0.0,0.0,0.0,0.0,0.0,-0.0,0.0,0.0,0.0,0.0,0.0
2026-06-11,18:06:48,tidak pasti,0.5456,0.0,0.0,0.0,0.0,0.0,0.0,0.0,0.0,0.0,0.0,0.0,0.0,1007.83,45.201,0.0,0.0,0.0,0.0,0.0,0.0,0.0,0.0,0.0,0.0,0.0,-0.0,0.0,-0.0,0.0,0.0,0.0,0.0,0.0,0.0,0.0,0.0,0.0,0.0,0.0,0.0,-0.0,0.0,0.0,0.0,0.0,0.0
2026-06-11,18:06:48,tidak pasti,0.5456,0.0,0.0,0.0,0.0,0.0,0.0,0.0,0.0,0.0,0.0,0.0,0.0,1007.83,45.201,0.0,0.0,0.0,0.0,0.0,0.0,0.0,0.0,0.0,0.0,0.0,-0.0,0.0,-0.0,0.0,0.0,0.0,0.0,0.0,0.0,0.0,0.0,0.0,0.0,0.0,0.0,-0.0,0.0,0.0,0.0,0.0,0.0
2026-06-11,18:06:48,tidak pasti,0.5456,0.0,0.0,0.0,0.0,0.0,0.0,0.0,0.0,0.0,0.0,0.0,0.0,1007.76,45.814,0.0,0.0,0.0,0.0,0.0,0.0,0.0,0.0,0.0,0.0,0.0,-0.0,0.0,-0.0,0.0,0.0,0.0,0.0,0.0,0.0,0.0,0.0,0.0,0.0,0.0,0.0,-0.0,0.0,0.0,0.0,0.0,0.0
2026-06-11,18:06:49,tidak pasti,0.5456,0.0,0.0,0.0,0.0,0.0,0.0,0.0,0.0,0.0,0.0,0.0,0.0,1007.76,45.814,0.0,0.0,0.0,0.0,0.0,0.0,0.0,0.0,0.0,0.0,0.0,-0.0,0.0,-0.0,0.0,0.0,0.0,0.0,0.0,0.0,0.0,0.0,0.0,0.0,0.0,0.0,-0.0,0.0,0.0,0.0,0.0,0.0
2026-06-11,18:06:49,tidak pasti,0.5456,0.0,0.0,0.0,0.0,0.0,0.0,0.0,0.0,0.0,0.0,0.0,0.0,1007.76,45.814,0.0,0.0,0.0,0.0,0.0,0.0,0.0,0.0,0.0,0.0,0.0,-0.0,0.0,-0.0,0.0,0.0,0.0,0.0,0.0,0.0,0.0,0.0,0.0,0.0,0.0,0.0,-0.0,0.0,0.0,0.0,0.0,0.0
2026-06-11,18:06:49,tidak pasti,0.5456,0.0,0.0,0.0,0.0,0.0,0.0,0.0,0.0,0.0,0.0,0.0,0.0,1007.7,46.293,0.0,0.0,0.0,0.0,0.0,0.0,0.0,0.0,0.0,0.0,0.0,-0.0,0.0,-0.0,0.0,0.0,0.0,0.0,0.0,0.0,0.0,0.0,0.0,0.0,0.0,0.0,-0.0,0.0,0.0,0.0,0.0,0.0
2026-06-11,18:06:50,tidak pasti,0.5456,0.0,0.0,0.0,0.0,0.0,0.0,0.0,0.0,0.0,0.0,0.0,0.0,1007.7,46.293,0.0,0.0,0.0,0.0,0.0,0.0,0.0,0.0,0.0,0.0,0.0,-0.0,0.0,-0.0,0.0,0.0,0.0,0.0,0.0,0.0,0.0,0.0,0.0,0.0,0.0,0.0,-0.0,0.0,0.0,0.0,0.0,0.0
2026-06-11,18:06:50,tidak pasti,0.5456,0.0,0.0,0.0,0.0,0.0,0.0,0.0,0.0,0.0,0.0,0.0,0.0,1007.7,46.293,0.0,0.0,0.0,0.0,0.0,0.0,0.0,0.0,0.0,0.0,0.0,-0.0,0.0,-0.0,0.0,0.0,0.0,0.0,0.0,0.0,0.0,0.0,0.0,0.0,0.0,0.0,-0.0,0.0,0.0,0.0,0.0,0.0
2026-06-11,18:06:50,tidak pasti,0.5456,0.0,0.0,0.0,0.0,0.0,0.0,0.0,0.0,0.0,0.0,0.0,0.0,1007.72,46.126,0.0,0.0,0.0,0.0,0.0,0.0,0.0,0.0,0.0,0.0,0.0,-0.0,0.0,-0.0,0.0,0.0,0.0,0.0,0.0,0.0,0.0,0.0,0.0,0.0,0.0,0.0,-0.0,0.0,0.0,0.0,0.0,0.0
2026-06-11,18:06:51,tidak pasti,0.5456,0.0,0.0,0.0,0.0,0.0,0.0,0.0,0.0,0.0,0.0,0.0,0.0,1007.72,46.126,0.0,0.0,0.0,0.0,0.0,0.0,0.0,0.0,0.0,0.0,0.0,-0.0,0.0,-0.0,0.0,0.0,0.0,0.0,0.0,0.0,0.0,0.0,0.0,0.0,0.0,0.0,-0.0,0.0,0.0,0.0,0.0,0.0
2026-06-11,18:06:51,tidak pasti,0.5456,0.0,0.0,0.0,0.0,0.0,0.0,0.0,0.0,0.0,0.0,0.0,0.0,1007.72,46.126,0.0,0.0,0.0,0.0,0.0,0.0,0.0,0.0,0.0,0.0,0.0,-0.0,0.0,-0.0,0.0,0.0,0.0,0.0,0.0,0.0,0.0,0.0,0.0,0.0,0.0,0.0,-0.0,0.0,0.0,0.0,0.0,0.0
2026-06-11,18:06:51,tidak pasti,0.5456,0.0,0.0,0.0,0.0,0.0,0.0,0.0,0.0,0.0,0.0,0.0,0.0,1007.72,46.126,0.0,0.0,0.0,0.0,0.0,0.0,0.0,0.0,0.0,0.0,0.0,-0.0,0.0,-0.0,0.0,0.0,0.0,0.0,0.0,0.0,0.0,0.0,0.0,0.0,0.0,0.0,-0.0,0.0,0.0,0.0,0.0,0.0
2026-06-11,18:06:51,tidak pasti,0.5456,0.0,0.0,0.0,0.0,0.0,0.0,0.0,0.0,0.0,0.0,0.0,0.0,1007.85,45.095,0.0,0.0,0.0,0.0,0.0,0.0,0.0,0.0,0.0,0.0,0.0,-0.0,0.0,-0.0,0.0,0.0,0.0,0.0,0.0,0.0,0.0,0.0,0.0,0.0,0.0,0.0,-0.0,0.0,0.0,0.0,0.0,0.0
2026-06-11,18:06:52,tidak pasti,0.5456,0.0,0.0,0.0,0.0,0.0,0.0,0.0,0.0,0.0,0.0,0.0,0.0,1007.85,45.095,0.0,0.0,0.0,0.0,0.0,0.0,0.0,0.0,0.0,0.0,0.0,-0.0,0.0,-0.0,0.0,0.0,0.0,0.0,0.0,0.0,0.0,0.0,0.0,0.0,0.0,0.0,-0.0,0.0,0.0,0.0,0.0,0.0
2026-06-11,18:06:52,tidak pasti,0.5456,0.0,0.0,0.0,0.0,0.0,0.0,0.0,0.0,0.0,0.0,0.0,0.0,1007.85,45.095,0.0,0.0,0.0,0.0,0.0,0.0,0.0,0.0,0.0,0.0,0.0,-0.0,0.0,-0.0,0.0,0.0,0.0,0.0,0.0,0.0,0.0,0.0,0.0,0.0,0.0,0.0,-0.0,0.0,0.0,0.0,0.0,0.0
2026-06-11,18:06:52,tidak pasti,0.5456,0.0,0.0,0.0,0.0,0.0,0.0,0.0,0.0,0.0,0.0,0.0,0.0,1007.83,45.23,0.0,0.0,0.0,0.0,0.0,0.0,0.0,0.0,0.0,0.0,0.0,-0.0,0.0,-0.0,0.0,0.0,0.0,0.0,0.0,0.0,0.0,0.0,0.0,0.0,0.0,0.0,-0.0,0.0,0.0,0.0,0.0,0.0
2026-06-11,18:06:53,tidak pasti,0.5456,0.0,0.0,0.0,0.0,0.0,0.0,0.0,0.0,0.0,0.0,0.0,0.0,1007.83,45.23,0.0,0.0,0.0,0.0,0.0,0.0,0.0,0.0,0.0,0.0,0.0,-0.0,0.0,-0.0,0.0,0.0,0.0,0.0,0.0,0.0,0.0,0.0,0.0,0.0,0.0,0.0,-0.0,0.0,0.0,0.0,0.0,0.0
2026-06-11,18:06:53,tidak pasti,0.5456,0.0,0.0,0.0,0.0,0.0,0.0,0.0,0.0,0.0,0.0,0.0,0.0,1007.83,45.23,0.0,0.0,0.0,0.0,0.0,0.0,0.0,0.0,0.0,0.0,0.0,-0.0,0.0,-0.0,0.0,0.0,0.0,0.0,0.0,0.0,0.0,0.0,0.0,0.0,0.0,0.0,-0.0,0.0,0.0,0.0,0.0,0.0
2026-06-11,18:06:53,tidak pasti,0.5456,0.0,0.0,0.0,0.0,0.0,0.0,0.0,0.0,0.0,0.0,0.0,0.0,1007.83,45.23,0.0,0.0,0.0,0.0,0.0,0.0,0.0,0.0,0.0,0.0,0.0,-0.0,0.0,-0.0,0.0,0.0,0.0,0.0,0.0,0.0,0.0,0.0,0.0,0.0,0.0,0.0,-0.0,0.0,0.0,0.0,0.0,0.0
2026-06-11,18:06:54,tidak pasti,0.5456,0.0,0.0,0.0,0.0,0.0,0.0,0.0,0.0,0.0,0.0,0.0,0.0,1007.82,45.345,0.0,0.0,0.0,0.0,0.0,0.0,0.0,0.0,0.0,0.0,0.0,-0.0,0.0,-0.0,0.0,0.0,0.0,0.0,0.0,0.0,0.0,0.0,0.0,0.0,0.0,0.0,-0.0,0.0,0.0,0.0,0.0,0.0
2026-06-11,18:06:54,tidak pasti,0.5456,0.0,0.0,0.0,0.0,0.0,0.0,0.0,0.0,0.0,0.0,0.0,0.0,1007.82,45.345,0.0,0.0,0.0,0.0,0.0,0.0,0.0,0.0,0.0,0.0,0.0,-0.0,0.0,-0.0,0.0,0.0,0.0,0.0,0.0,0.0,0.0,0.0,0.0,0.0,0.0,0.0,-0.0,0.0,0.0,0.0,0.0,0.0
2026-06-11,18:06:54,tidak pasti,0.5456,0.0,0.0,0.0,0.0,0.0,0.0,0.0,0.0,0.0,0.0,0.0,0.0,1007.82,45.345,0.0,0.0,0.0,0.0,0.0,0.0,0.0,0.0,0.0,0.0,0.0,-0.0,0.0,-0.0,0.0,0.0,0.0,0.0,0.0,0.0,0.0,0.0,0.0,0.0,0.0,0.0,-0.0,0.0,0.0,0.0,0.0,0.0
2026-06-11,18:06:54,tidak pasti,0.5456,0.0,0.0,0.0,0.0,0.0,0.0,0.0,0.0,0.0,0.0,0.0,0.0,1007.84,45.115,0.0,0.0,0.0,0.0,0.0,0.0,0.0,0.0,0.0,0.0,0.0,-0.0,0.0,-0.0,0.0,0.0,0.0,0.0,0.0,0.0,0.0,0.0,0.0,0.0,0.0,0.0,-0.0,0.0,0.0,0.0,0.0,0.0
2026-06-11,18:06:55,tidak pasti,0.5456,0.0,0.0,0.0,0.0,0.0,0.0,0.0,0.0,0.0,0.0,0.0,0.0,1007.84,45.115,0.0,0.0,0.0,0.0,0.0,0.0,0.0,0.0,0.0,0.0,0.0,-0.0,0.0,-0.0,0.0,0.0,0.0,0.0,0.0,0.0,0.0,0.0,0.0,0.0,0.0,0.0,-0.0,0.0,0.0,0.0,0.0,0.0
2026-06-11,18:06:55,tidak pasti,0.5456,0.0,0.0,0.0,0.0,0.0,0.0,0.0,0.0,0.0,0.0,0.0,0.0,1007.84,45.115,0.0,0.0,0.0,0.0,0.0,0.0,0.0,0.0,0.0,0.0,0.0,-0.0,0.0,-0.0,0.0,0.0,0.0,0.0,0.0,0.0,0.0,0.0,0.0,0.0,0.0,0.0,-0.0,0.0,0.0,0.0,0.0,0.0
2026-06-11,18:06:55,tidak pasti,0.5456,0.0,0.0,0.0,0.0,0.0,0.0,0.0,0.0,0.0,0.0,0.0,0.0,1007.8,45.479,0.0,0.0,0.0,0.0,0.0,0.0,0.0,0.0,0.0,0.0,0.0,-0.0,0.0,-0.0,0.0,0.0,0.0,0.0,0.0,0.0,0.0,0.0,0.0,0.0,0.0,0.0,-0.0,0.0,0.0,0.0,0.0,0.0
2026-06-11,18:06:56,tidak pasti,0.5456,0.0,0.0,0.0,0.0,0.0,0.0,0.0,0.0,0.0,0.0,0.0,0.0,1007.8,45.479,0.0,0.0,0.0,0.0,0.0,0.0,0.0,0.0,0.0,0.0,0.0,-0.0,0.0,-0.0,0.0,0.0,0.0,0.0,0.0,0.0,0.0,0.0,0.0,0.0,0.0,0.0,-0.0,0.0,0.0,0.0,0.0,0.0
2026-06-11,18:06:56,tidak pasti,0.5456,0.0,0.0,0.0,0.0,0.0,0.0,0.0,0.0,0.0,0.0,0.0,0.0,1007.8,45.479,0.0,0.0,0.0,0.0,0.0,0.0,0.0,0.0,0.0,0.0,0.0,-0.0,0.0,-0.0,0.0,0.0,0.0,0.0,0.0,0.0,0.0,0.0,0.0,0.0,0.0,0.0,-0.0,0.0,0.0,0.0,0.0,0.0
2026-06-11,18:06:56,tidak pasti,0.5456,0.0,0.0,0.0,0.0,0.0,0.0,0.0,0.0,0.0,0.0,0.0,0.0,1007.8,45.479,0.0,0.0,0.0,0.0,0.0,0.0,0.0,0.0,0.0,0.0,0.0,-0.0,0.0,-0.0,0.0,0.0,0.0,0.0,0.0,0.0,0.0,0.0,0.0,0.0,0.0,0.0,-0.0,0.0,0.0,0.0,0.0,0.0
2026-06-11,18:06:57,tidak pasti,0.5456,0.0,0.0,0.0,0.0,0.0,0.0,0.0,0.0,0.0,0.0,0.0,0.0,1007.83,45.201,0.0,0.0,0.0,0.0,0.0,0.0,0.0,0.0,0.0,0.0,0.0,-0.0,0.0,-0.0,0.0,0.0,0.0,0.0,0.0,0.0,0.0,0.0,0.0,0.0,0.0,0.0,-0.0,0.0,0.0,0.0,0.0,0.0
2026-06-11,18:06:57,tidak pasti,0.5456,0.0,0.0,0.0,0.0,0.0,0.0,0.0,0.0,0.0,0.0,0.0,0.0,1007.83,45.201,0.0,0.0,0.0,0.0,0.0,0.0,0.0,0.0,0.0,0.0,0.0,-0.0,0.0,-0.0,0.0,0.0,0.0,0.0,0.0,0.0,0.0,0.0,0.0,0.0,0.0,0.0,-0.0,0.0,0.0,0.0,0.0,0.0
2026-06-11,18:06:57,tidak pasti,0.5456,0.0,0.0,0.0,0.0,0.0,0.0,0.0,0.0,0.0,0.0,0.0,0.0,1007.82,45.345,0.0,0.0,0.0,0.0,0.0,0.0,0.0,0.0,0.0,0.0,0.0,-0.0,0.0,-0.0,0.0,0.0,0.0,0.0,0.0,0.0,0.0,0.0,0.0,0.0,0.0,0.0,-0.0,0.0,0.0,0.0,0.0,0.0
2026-06-11,18:06:58,tidak pasti,0.5456,0.0,0.0,0.0,0.0,0.0,0.0,0.0,0.0,0.0,0.0,0.0,0.0,1007.82,45.345,0.0,0.0,0.0,0.0,0.0,0.0,0.0,0.0,0.0,0.0,0.0,-0.0,0.0,-0.0,0.0,0.0,0.0,0.0,0.0,0.0,0.0,0.0,0.0,0.0,0.0,0.0,-0.0,0.0,0.0,0.0,0.0,0.0
2026-06-11,18:06:58,tidak pasti,0.5456,0.0,0.0,0.0,0.0,0.0,0.0,0.0,0.0,0.0,0.0,0.0,0.0,1007.82,45.345,0.0,0.0,0.0,0.0,0.0,0.0,0.0,0.0,0.0,0.0,0.0,-0.0,0.0,-0.0,0.0,0.0,0.0,0.0,0.0,0.0,0.0,0.0,0.0,0.0,0.0,0.0,-0.0,0.0,0.0,0.0,0.0,0.0
2026-06-11,18:06:58,tidak pasti,0.5456,0.0,0.0,0.0,0.0,0.0,0.0,0.0,0.0,0.0,0.0,0.0,0.0,1007.8,45.44,0.0,0.0,0.0,0.0,0.0,0.0,0.0,0.0,0.0,0.0,0.0,-0.0,0.0,-0.0,0.0,0.0,0.0,0.0,0.0,0.0,0.0,0.0,0.0,0.0,0.0,0.0,-0.0,0.0,0.0,0.0,0.0,0.0
2026-06-11,18:06:59,tidak pasti,0.5456,0.0,0.0,0.0,0.0,0.0,0.0,0.0,0.0,0.0,0.0,0.0,0.0,1007.8,45.44,0.0,0.0,0.0,0.0,0.0,0.0,0.0,0.0,0.0,0.0,0.0,-0.0,0.0,-0.0,0.0,0.0,0.0,0.0,0.0,0.0,0.0,0.0,0.0,0.0,0.0,0.0,-0.0,0.0,0.0,0.0,0.0,0.0
2026-06-11,18:06:59,tidak pasti,0.5456,0.0,0.0,0.0,0.0,0.0,0.0,0.0,0.0,0.0,0.0,0.0,0.0,1007.8,45.44,0.0,0.0,0.0,0.0,0.0,0.0,0.0,0.0,0.0,0.0,0.0,-0.0,0.0,-0.0,0.0,0.0,0.0,0.0,0.0,0.0,0.0,0.0,0.0,0.0,0.0,0.0,-0.0,0.0,0.0,0.0,0.0,0.0
2026-06-11,18:07:00,tidak pasti,0.5456,0.0,0.0,0.0,0.0,0.0,0.0,0.0,0.0,0.0,0.0,0.0,0.0,1007.8,45.44,0.0,0.0,0.0,0.0,0.0,0.0,0.0,0.0,0.0,0.0,0.0,-0.0,0.0,-0.0,0.0,0.0,0.0,0.0,0.0,0.0,0.0,0.0,0.0,0.0,0.0,0.0,-0.0,0.0,0.0,0.0,0.0,0.0
2026-06-11,18:07:00,tidak pasti,0.5456,0.0,0.0,0.0,0.0,0.0,0.0,0.0,0.0,0.0,0.0,0.0,0.0,1007.8,45.44,0.0,0.0,0.0,0.0,0.0,0.0,0.0,0.0,0.0,0.0,0.0,-0.0,0.0,-0.0,0.0,0.0,0.0,0.0,0.0,0.0,0.0,0.0,0.0,0.0,0.0,0.0,-0.0,0.0,0.0,0.0,0.0,0.0
2026-06-11,18:07:00,tidak pasti,0.5456,0.0,0.0,0.0,0.0,0.0,0.0,0.0,0.0,0.0,0.0,0.0,0.0,1007.8,45.44,0.0,0.0,0.0,0.0,0.0,0.0,0.0,0.0,0.0,0.0,0.0,-0.0,0.0,-0.0,0.0,0.0,0.0,0.0,0.0,0.0,0.0,0.0,0.0,0.0,0.0,0.0,-0.0,0.0,0.0,0.0,0.0,0.0
2026-06-11,18:07:00,tidak pasti,0.5456,0.0,0.0,0.0,0.0,0.0,0.0,0.0,0.0,0.0,0.0,0.0,0.0,1007.8,45.484,0.0,0.0,0.0,0.0,0.0,0.0,0.0,0.0,0.0,0.0,0.0,-0.0,0.0,-0.0,0.0,0.0,0.0,0.0,0.0,0.0,0.0,0.0,0.0,0.0,0.0,0.0,-0.0,0.0,0.0,0.0,0.0,0.0
2026-06-11,18:07:01,tidak pasti,0.5456,0.0,0.0,0.0,0.0,0.0,0.0,0.0,0.0,0.0,0.0,0.0,0.0,1007.8,45.484,0.0,0.0,0.0,0.0,0.0,0.0,0.0,0.0,0.0,0.0,0.0,-0.0,0.0,-0.0,0.0,0.0,0.0,0.0,0.0,0.0,0.0,0.0,0.0,0.0,0.0,0.0,-0.0,0.0,0.0,0.0,0.0,0.0
2026-06-11,18:07:01,tidak pasti,0.5456,0.0,0.0,0.0,0.0,0.0,0.0,0.0,0.0,0.0,0.0,0.0,0.0,1007.8,45.484,0.0,0.0,0.0,0.0,0.0,0.0,0.0,0.0,0.0,0.0,0.0,-0.0,0.0,-0.0,0.0,0.0,0.0,0.0,0.0,0.0,0.0,0.0,0.0,0.0,0.0,0.0,-0.0,0.0,0.0,0.0,0.0,0.0
2026-06-11,18:07:01,tidak pasti,0.5456,0.0,0.0,0.0,0.0,0.0,0.0,0.0,0.0,0.0,0.0,0.0,0.0,1007.82,45.278,0.0,0.0,0.0,0.0,0.0,0.0,0.0,0.0,0.0,0.0,0.0,-0.0,0.0,-0.0,0.0,0.0,0.0,0.0,0.0,0.0,0.0,0.0,0.0,0.0,0.0,0.0,-0.0,0.0,0.0,0.0,0.0,0.0
2026-06-11,18:07:02,tidak pasti,0.5456,0.0,0.0,0.0,0.0,0.0,0.0,0.0,0.0,0.0,0.0,0.0,0.0,1007.82,45.278,0.0,0.0,0.0,0.0,0.0,0.0,0.0,0.0,0.0,0.0,0.0,-0.0,0.0,-0.0,0.0,0.0,0.0,0.0,0.0,0.0,0.0,0.0,0.0,0.0,0.0,0.0,-0.0,0.0,0.0,0.0,0.0,0.0
2026-06-11,18:07:02,tidak pasti,0.5456,0.0,0.0,0.0,0.0,0.0,0.0,0.0,0.0,0.0,0.0,0.0,0.0,1007.82,45.278,0.0,0.0,0.0,0.0,0.0,0.0,0.0,0.0,0.0,0.0,0.0,-0.0,0.0,-0.0,0.0,0.0,0.0,0.0,0.0,0.0,0.0,0.0,0.0,0.0,0.0,0.0,-0.0,0.0,0.0,0.0,0.0,0.0
2026-06-11,18:07:02,tidak pasti,0.5456,0.0,0.0,0.0,0.0,0.0,0.0,0.0,0.0,0.0,0.0,0.0,0.0,1007.82,45.278,0.0,0.0,0.0,0.0,0.0,0.0,0.0,0.0,0.0,0.0,0.0,-0.0,0.0,-0.0,0.0,0.0,0.0,0.0,0.0,0.0,0.0,0.0,0.0,0.0,0.0,0.0,-0.0,0.0,0.0,0.0,0.0,0.0
2026-06-11,18:07:03,tidak pasti,0.5456,0.0,0.0,0.0,0.0,0.0,0.0,0.0,0.0,0.0,0.0,0.0,0.0,1007.8,45.484,0.0,0.0,0.0,0.0,0.0,0.0,0.0,0.0,0.0,0.0,0.0,-0.0,0.0,-0.0,0.0,0.0,0.0,0.0,0.0,0.0,0.0,0.0,0.0,0.0,0.0,0.0,-0.0,0.0,0.0,0.0,0.0,0.0
2026-06-11,18:07:03,tidak pasti,0.5456,0.0,0.0,0.0,0.0,0.0,0.0,0.0,0.0,0.0,0.0,0.0,0.0,1007.8,45.484,0.0,0.0,0.0,0.0,0.0,0.0,0.0,0.0,0.0,0.0,0.0,-0.0,0.0,-0.0,0.0,0.0,0.0,0.0,0.0,0.0,0.0,0.0,0.0,0.0,0.0,0.0,-0.0,0.0,0.0,0.0,0.0,0.0
2026-06-11,18:07:03,tidak pasti,0.5456,0.0,0.0,0.0,0.0,0.0,0.0,0.0,0.0,0.0,0.0,0.0,0.0,1007.8,45.484,0.0,0.0,0.0,0.0,0.0,0.0,0.0,0.0,0.0,0.0,0.0,-0.0,0.0,-0.0,0.0,0.0,0.0,0.0,0.0,0.0,0.0,0.0,0.0,0.0,0.0,0.0,-0.0,0.0,0.0,0.0,0.0,0.0
2026-06-11,18:07:03,tidak pasti,0.5456,0.0,0.0,0.0,0.0,0.0,0.0,0.0,0.0,0.0,0.0,0.0,0.0,1007.82,45.33,0.0,0.0,0.0,0.0,0.0,0.0,0.0,0.0,0.0,0.0,0.0,-0.0,0.0,-0.0,0.0,0.0,0.0,0.0,0.0,0.0,0.0,0.0,0.0,0.0,0.0,0.0,-0.0,0.0,0.0,0.0,0.0,0.0
2026-06-11,18:07:04,tidak pasti,0.5517,0.95679,-0.04248,0.42651,-3.191,-13.634,-0.634,0.98071,-0.30811,-0.13867,-15.832,-5.786,3.977,1007.82,45.33,1.0484094784958786,1.03728166141121,14.016789682377347,17.318965009491762,-0.02391999999999994,12.641000000000002,0.26563,-7.848000000000001,0.56518,-4.611,-0.04052961463993856,-1.1496256966526046,-0.30158705351480997,-1.2390088702700692,0.26105743887487143,0.08938317361746462,0.3494698261652929,0.6052994946305507,0.34576055380373666,0.5988748464412242,4.672263227459116,8.092597296294931,5.772988336497254,9.999109110315779,-0.013509871546646186,0.023399783922520324,-0.3832085655508682,0.6637367054296923,0.08701914629162381,0.1507215826083613,0.02979439120582154,0.05160539934906625
2026-06-11,18:07:04,tidak pasti,0.5009,0.97339,-0.02417,0.44019,1.893,7.061,2.008,1.0061,-0.30518,-0.17505,-1.107,-3.466,1.069,1007.82,45.33,1.0685689107867586,1.0658398307907244,7.581110340840581,3.7922771523189076,-0.03271000000000002,3.0,0.28101,10.527000000000001,0.61524,0.9390000000000001,-0.022620966404062012,-1.1455293407264466,-0.29039238073535806,-1.2344004276100717,0.26777141433129603,0.0888710868836251,0.7056594630942125,0.6112021425587297,0.7010404974006447,0.6072867745195715,7.19930000773931,7.016190746968556,7.037080720603556,9.10402108398067,-0.021050193681333523,0.02031041385411266,-0.7650516791263504,0.6625573551274672,0.1762762844020558,0.15269664599641086,0.05941808683369657,0.05145820965053364
2026-06-11,18:07:05,tidak pasti,0.5433,1.0127,-0.02393,0.45728,-1.412,-4.527,-1.542,1.02881,-0.25806,-0.20728,-5.221,-6.481,-2.534,1007.81,45.374,1.1114130345195705,1.0807451032042663,4.986505489819499,8.699618267487374,-0.01611000000000007,3.809,0.23413,1.9539999999999997,0.66456,0.9919999999999998,-0.02153281325124113,-1.1461449036759361,-0.24110901419541356,-1.2595254036596677,0.21957620094417243,0.11338049998373156,1.0761304746007359,0.032175222662667945,1.0612888651354002,0.022086221030804664,8.86146850434581,4.649300583929898,9.936953476432683,6.847705448602378,-0.0282277980984139,0.010667569403898703,-1.1470999803516626,0.0022088824234960274,0.2494683513834466,0.026104115767834748,0.09721158682827376,0.014005030263348092
2026-06-11,18:07:05,tidak pasti,0.5016,0.96899,0.02588,0.41797,11.183,1.275,-6.595,0.96826,-0.27417,-0.17651,-7.679,-3.298,-4.115,1007.81,45.374,1.055608978457459,1.0216909496516058,13.045272668671974,9.315421085490447,0.0007300000000000084,18.862000000000002,0.30005000000000004,4.573,0.59448,-2.4799999999999995,0.024519110584103943,-1.1628665513818164,-0.2716790190771999,-1.2459613682293793,0.2961981296613038,0.08309481684756292,1.0785303079212627,0.029205226294266296,1.0560919612155322,0.03071016092267378,8.537629499777351,4.113651514992161,7.269105501765576,3.026723443974056,-0.006544889690399733,0.026907714583586838,-1.1515135985947331,0.00983676177283474,0.2611819149789241,0.038733656119316624,0.0951154679049732,0.016079486046230818
2026-06-11,18:07:06,tidak pasti,0.5498,1.01733,0.01929,0.40039,-1.603,-2.176,2.954,1.00146,-0.28345,-0.14917,0.397,6.908,2.008,1007.82,45.273,1.0934553420693505,1.051436028962295,4.00383578584337,7.20486897868379,0.01587000000000005,-2.0,0.30274,-9.084,0.54956,0.9460000000000002,0.01764223918505013,-1.1954505873923327,-0.2729606849653523,-1.2612398853521027,0.29060292415040245,0.06578929795977007,1.08682578501546,0.028486601030904255,1.0512906939393891,0.029527345032308007,7.345204648111615,4.960795451945111,8.40663611055387,1.0853508451637015,0.006876178839304314,0.024842020122371012,-1.1681540141500284,0.02507450016609018,0.2687924182519596,0.04271420859319295,0.08742153826368819,0.02408881516764465
2026-06-11,18:07:06,tidak pasti,0.5726,0.96851,-0.00391,0.42358,-13.031,2.053,1.702,0.99414,-0.29663,-0.13379,-11.458,-1.458,5.878,1007.82,45.273,1.057093621492439,1.0460418063347183,13.301074167149057,12.960031327122632,-0.02563000000000004,-1.5730000000000004,0.29272,3.511,0.55737,-4.176,-0.0036988293491615636,-1.1584942873353243,-0.2875187993006286,-1.2544637001471117,0.2838199699514671,0.09596941281178739,1.0687193140064162,0.02143488638838646,1.0397229283162064,0.015847353102629587,10.1167275405548,5.295464361627791,9.826773797098957,2.911457471950097,0.012820840139997501,0.014713852319602466,-1.1722704753698245,0.020193250561885395,0.29020700792105775,0.00619857013318802,0.08161784253970679,0.015144171253316886
2026-06-11,18:07:06,tidak pasti,0.5494,1.00977,-0.06812,0.3772,15.992,23.603,0.573,0.9502,-0.31836,-0.16357,0.908,-0.573,-0.847,1007.81,45.416,1.0800720472727734,1.0153759276740808,28.516205953808093,1.367553289638104,0.05957000000000001,15.084000000000001,0.25023999999999996,24.176000000000002,0.54077,1.42,-0.06311175492554665,-1.2080049640481316,-0.3189177283511715,-1.2105528826630276,0.25580597342562483,0.0025479186148960054,1.0768736702781876,0.018390646872200236,1.0376179209903647,0.019450041373996557,15.27370530226684,12.374672844534468,7.177484531814842,5.796287535426276,-0.016389448363219362,0.041846036245068045,-1.1873166129252628,0.025738063886260702,0.27674295584249814,0.01844640998838419,0.05476887646215115,0.04767579220090463
2026-06-11,18:07:07,tidak pasti,0.5517,0.91797,-0.0022,0.51587,15.595,14.29,8.183,0.9895,-0.31885,-0.11377,1.382,5.504,-6.924,1007.81,45.416,1.0529936456598397,1.045810300867227,22.67971811994144,8.952413976129566,-0.0715300000000001,14.213000000000001,0.31665000000000004,8.786,0.6296400000000001,15.107,-0.002089282881731634,-1.0588070097490934,-0.3098157966258291,-1.2411481633241246,0.30772651374409743,0.18234115357503122,1.063386438141684,0.014594848903417754,1.0357426782920087,0.017638503245599384,21.498999413632863,7.675977548099056,7.759999530963434,5.887510162978144,-0.022966622385479946,0.03477601774143131,-1.1417687537108498,0.07599220353445513,0.28245081904039643,0.025987334557501258,0.09361949500057154,0.08991964979717837
2026-06-11,18:07:07,tidak pasti,0.5519,0.89893,-0.03491,0.56836,-1.969,-8.45,-4.916,0.98755,-0.27979,-0.0979,-15.817,-8.382,1.733,1007.83,45.201,1.06410852012377,1.0310780070392347,9.972287450730649,17.984401630301743,-0.08862000000000003,13.848,0.24488,-0.06799999999999962,0.66626,-6.649000000000001,-0.03281269206559211,-1.0061405661131997,-0.27480241623877827,-1.2791923502053588,0.24198972417318615,0.27305178409215913,1.065724737685461,0.013611358414312295,1.0307547451935142,0.015219761548086045,20.389403841493394,9.481739449211933,9.434789632023138,8.318919815649327,-0.032671243290956796,0.03051148192732419,-1.0909841799701416,0.10470834016917586,0.26850740378096943,0.034660151840064414,0.1526469520940288,0.13767495963584334
2026-06-11,18:07:08,salah,0.6386,1.02515,0.01611,0.38306,-6.008,-19.473,-2.046,1.00562,-0.29102,-0.13989,-22.0,-16.504,3.947,1007.83,45.201,1.0944985236170948,1.0561881635863941,20.48120868015362,27.784183000405104,0.019530000000000047,15.992,0.30713,-2.9689999999999976,0.52295,-5.993,0.01471960117106775,-1.2129090640734532,-0.2791493471824291,-1.2601035778009284,0.29386894835349686,0.047194513727475185,1.0705335631335682,0.021485451049954116,1.044358823830952,0.012617847662966926,17.711071416941902,6.791534723166431,18.240332868945472,9.418492806447388,-0.006727457925418667,0.02410319949479459,-1.092618879978582,0.10745108125792259,0.28119506209026013,0.034652588944156286,0.1675291504648885,0.11365484248921223
2026-06-11,18:07:08,tidak pasti,0.5967,0.9541,0.3103,0.30444,21.45,-13.985,3.252,0.95752,-0.24854,-0.28809,-4.626,-7.718,-7.985,1007.83,45.201,1.0484639305193098,1.0303458303404736,25.811978401509634,12.030279506312395,-0.0034200000000000896,26.076,0.55884,-6.2669999999999995,0.59253,11.237,0.30045700707015555,-1.1432790535019326,-0.24362275583702434,-1.1925645176581803,0.5440797629071799,0.04928546415624768,1.069023658086725,0.023407581599042198,1.039204000322034,0.014713271968613212,18.755158177464633,8.059676799191275,19.266288045673083,7.954796880608065,0.09412130539187706,0.18026548772680978,-1.1207762278961952,0.10520497044991033,0.35997947847795425,0.16153188391329762,0.12317725399196067,0.12979936093059305
2026-06-11,18:07:09,tidak pasti,0.5491,1.01807,0.07446,0.33325,0.534,13.527,-8.649,1.02002,-0.1416,-0.26685,1.305,12.702,-11.847,1007.83,45.234,1.0738092842772406,1.0638140264632723,16.064559937950367,17.41824440062775,-0.0019499999999998963,-0.7709999999999999,0.21606,0.8249999999999993,0.6001,3.1980000000000004,0.06939761234616552,-1.2471811606875962,-0.13350218312926887,-1.2828637271030465,0.2028997954754344,0.03568256641545031,1.0722572461378819,0.023056507914451827,1.0501160067967132,0.017540905164425823,20.785915673204542,4.880847922200059,19.07756896911508,8.006958682482749,0.12819140686246294,0.15167069258002175,-1.2011230927543275,0.052944251901001764,0.34694950224537036,0.17667512967388133,0.044054181433057726,0.007325023680928852
2026-06-11,18:07:09,tidak pasti,0.5996,1.01807,0.07446,0.33325,0.534,13.527,-8.649,1.08301,-0.13184,-0.30225,28.756,5.038,-5.145,1007.83,45.234,1.0738092842772406,1.1320987183987092,16.064559937950367,29.643886469219925,-0.06494,-28.222,0.2063,8.488999999999999,0.6355,-3.5039999999999996,0.06939761234616552,-1.2471811606875962,-0.11672112599761941,-1.275236364254511,0.18611873834378495,0.02805520356691482,1.065360833024597,0.01463314681484778,1.075419525067485,0.05185969779546788,19.313699425803456,5.62767467383987,19.69747012538669,9.025294454434622,0.14641741058749555,0.13340220374268763,-1.2125471249590418,0.05998790955301225,0.3110327655754664,0.2019989559220781,0.03767441137953761,0.010754374735123607
2026-06-11,18:07:10,tidak pasti,0.5195,1.01807,0.07446,0.33325,0.534,13.527,-8.649,1.08301,-0.13184,-0.30225,28.756,5.038,-5.145,1007.81,45.378,1.0738092842772406,1.1320987183987092,16.064559937950367,29.643886469219925,-0.06494,-28.222,0.2063,8.488999999999999,0.6355,-3.5039999999999996,0.06939761234616552,-1.2471811606875962,-0.11672112599761941,-1.275236364254511,0.18611873834378495,0.02805520356691482,1.0738092842772406,0.0,1.1093371544202302,0.0394241852704551,16.064559937950367,0.0,25.568672446355865,7.058477739317705,0.06939761234616552,0.0,-1.2471811606875962,0.0,0.19171242405433478,0.009688547852244305,0.030597657849759985,0.004403659993808916
2026-06-11,18:07:10,tidak pasti,0.5369,1.01807,0.07446,0.33325,0.534,13.527,-8.649,1.08301,-0.13184,-0.30225,28.756,5.038,-5.145,1007.81,45.378,1.0738092842772406,1.1320987183987092,16.064559937950367,29.643886469219925,-0.06494,-28.222,0.2063,8.488999999999999,0.6355,-3.5039999999999996,0.06939761234616552,-1.2471811606875962,-0.11672112599761941,-1.275236364254511,0.18611873834378495,0.02805520356691482,1.0738092842772406,0.0,1.1320987183987092,0.0,16.064559937950367,0.0,29.643886469219925,0.0,0.06939761234616552,0.0,-1.2471811606875962,0.0,0.18611873834378495,0.0,0.02805520356691482,0.0
2026-06-11,18:07:10,tidak pasti,0.5369,1.01807,0.07446,0.33325,0.534,13.527,-8.649,1.08301,-0.13184,-0.30225,28.756,5.038,-5.145,1007.82,45.292,1.0738092842772406,1.1320987183987092,16.064559937950367,29.643886469219925,-0.06494,-28.222,0.2063,8.488999999999999,0.6355,-3.5039999999999996,0.06939761234616552,-1.2471811606875962,-0.11672112599761941,-1.275236364254511,0.18611873834378495,0.02805520356691482,1.0738092842772406,0.0,1.1320987183987092,0.0,16.064559937950367,0.0,29.643886469219925,0.0,0.06939761234616552,0.0,-1.2471811606875962,0.0,0.18611873834378495,0.0,0.02805520356691482,0.0
2026-06-11,18:07:11,tidak pasti,0.5369,1.01807,0.07446,0.33325,0.534,13.527,-8.649,1.08301,-0.13184,-0.30225,28.756,5.038,-5.145,1007.82,45.292,1.0738092842772406,1.1320987183987092,16.064559937950367,29.643886469219925,-0.06494,-28.222,0.2063,8.488999999999999,0.6355,-3.5039999999999996,0.06939761234616552,-1.2471811606875962,-0.11672112599761941,-1.275236364254511,0.18611873834378495,0.02805520356691482,1.0738092842772406,0.0,1.1320987183987092,0.0,16.064559937950367,0.0,29.643886469219925,0.0,0.06939761234616552,0.0,-1.2471811606875962,0.0,0.18611873834378495,0.0,0.02805520356691482,0.0
2026-06-11,18:07:11,tidak pasti,0.5369,1.01807,0.07446,0.33325,0.534,13.527,-8.649,1.08301,-0.13184,-0.30225,28.756,5.038,-5.145,1007.82,45.292,1.0738092842772406,1.1320987183987092,16.064559937950367,29.643886469219925,-0.06494,-28.222,0.2063,8.488999999999999,0.6355,-3.5039999999999996,0.06939761234616552,-1.2471811606875962,-0.11672112599761941,-1.275236364254511,0.18611873834378495,0.02805520356691482,1.0738092842772406,0.0,1.1320987183987092,0.0,16.064559937950367,0.0,29.643886469219925,0.0,0.06939761234616552,0.0,-1.2471811606875962,0.0,0.18611873834378495,0.0,0.02805520356691482,0.0
2026-06-11,18:07:12,tidak pasti,0.5369,1.01807,0.07446,0.33325,0.534,13.527,-8.649,1.08301,-0.13184,-0.30225,28.756,5.038,-5.145,1007.81,45.383,1.0738092842772406,1.1320987183987092,16.064559937950367,29.643886469219925,-0.06494,-28.222,0.2063,8.488999999999999,0.6355,-3.5039999999999996,0.06939761234616552,-1.2471811606875962,-0.11672112599761941,-1.275236364254511,0.18611873834378495,0.02805520356691482,1.0738092842772406,0.0,1.1320987183987092,0.0,16.064559937950367,0.0,29.643886469219925,0.0,0.06939761234616552,0.0,-1.2471811606875962,0.0,0.18611873834378495,0.0,0.02805520356691482,0.0
2026-06-11,18:07:12,tidak pasti,0.5369,1.01807,0.07446,0.33325,0.534,13.527,-8.649,1.08301,-0.13184,-0.30225,28.756,5.038,-5.145,1007.81,45.383,1.0738092842772406,1.1320987183987092,16.064559937950367,29.643886469219925,-0.06494,-28.222,0.2063,8.488999999999999,0.6355,-3.5039999999999996,0.06939761234616552,-1.2471811606875962,-0.11672112599761941,-1.275236364254511,0.18611873834378495,0.02805520356691482,1.0738092842772406,0.0,1.1320987183987092,0.0,16.064559937950367,0.0,29.643886469219925,0.0,0.06939761234616552,0.0,-1.2471811606875962,0.0,0.18611873834378495,0.0,0.02805520356691482,0.0
2026-06-11,18:07:12,tidak pasti,0.5369,1.01807,0.07446,0.33325,0.534,13.527,-8.649,1.08301,-0.13184,-0.30225,28.756,5.038,-5.145,1007.81,45.383,1.0738092842772406,1.1320987183987092,16.064559937950367,29.643886469219925,-0.06494,-28.222,0.2063,8.488999999999999,0.6355,-3.5039999999999996,0.06939761234616552,-1.2471811606875962,-0.11672112599761941,-1.275236364254511,0.18611873834378495,0.02805520356691482,1.0738092842772406,0.0,1.1320987183987092,0.0,16.064559937950367,0.0,29.643886469219925,0.0,0.06939761234616552,0.0,-1.2471811606875962,0.0,0.18611873834378495,0.0,0.02805520356691482,0.0
2026-06-11,18:07:12,tidak pasti,0.5369,1.01807,0.07446,0.33325,0.534,13.527,-8.649,1.08301,-0.13184,-0.30225,28.756,5.038,-5.145,1007.83,45.234,1.0738092842772406,1.1320987183987092,16.064559937950367,29.643886469219925,-0.06494,-28.222,0.2063,8.488999999999999,0.6355,-3.5039999999999996,0.06939761234616552,-1.2471811606875962,-0.11672112599761941,-1.275236364254511,0.18611873834378495,0.02805520356691482,1.0738092842772406,0.0,1.1320987183987092,0.0,16.064559937950367,0.0,29.643886469219925,0.0,0.06939761234616552,0.0,-1.2471811606875962,0.0,0.18611873834378495,0.0,0.02805520356691482,0.0
2026-06-11,18:07:13,tidak pasti,0.5369,1.01807,0.07446,0.33325,0.534,13.527,-8.649,1.08301,-0.13184,-0.30225,28.756,5.038,-5.145,1007.83,45.234,1.0738092842772406,1.1320987183987092,16.064559937950367,29.643886469219925,-0.06494,-28.222,0.2063,8.488999999999999,0.6355,-3.5039999999999996,0.06939761234616552,-1.2471811606875962,-0.11672112599761941,-1.275236364254511,0.18611873834378495,0.02805520356691482,1.0738092842772406,0.0,1.1320987183987092,0.0,16.064559937950367,0.0,29.643886469219925,0.0,0.06939761234616552,0.0,-1.2471811606875962,0.0,0.18611873834378495,0.0,0.02805520356691482,0.0
2026-06-11,18:07:13,tidak pasti,0.5369,1.01807,0.07446,0.33325,0.534,13.527,-8.649,1.08301,-0.13184,-0.30225,28.756,5.038,-5.145,1007.83,45.234,1.0738092842772406,1.1320987183987092,16.064559937950367,29.643886469219925,-0.06494,-28.222,0.2063,8.488999999999999,0.6355,-3.5039999999999996,0.06939761234616552,-1.2471811606875962,-0.11672112599761941,-1.275236364254511,0.18611873834378495,0.02805520356691482,1.0738092842772406,0.0,1.1320987183987092,0.0,16.064559937950367,0.0,29.643886469219925,0.0,0.06939761234616552,0.0,-1.2471811606875962,0.0,0.18611873834378495,0.0,0.02805520356691482,0.0
2026-06-11,18:07:13,tidak pasti,0.5369,1.01807,0.07446,0.33325,0.534,13.527,-8.649,1.08301,-0.13184,-0.30225,28.756,5.038,-5.145,1007.82,45.306,1.0738092842772406,1.1320987183987092,16.064559937950367,29.643886469219925,-0.06494,-28.222,0.2063,8.488999999999999,0.6355,-3.5039999999999996,0.06939761234616552,-1.2471811606875962,-0.11672112599761941,-1.275236364254511,0.18611873834378495,0.02805520356691482,1.0738092842772406,0.0,1.1320987183987092,0.0,16.064559937950367,0.0,29.643886469219925,0.0,0.06939761234616552,0.0,-1.2471811606875962,0.0,0.18611873834378495,0.0,0.02805520356691482,0.0
2026-06-11,18:07:14,tidak pasti,0.5369,1.01807,0.07446,0.33325,0.534,13.527,-8.649,1.08301,-0.13184,-0.30225,28.756,5.038,-5.145,1007.82,45.306,1.0738092842772406,1.1320987183987092,16.064559937950367,29.643886469219925,-0.06494,-28.222,0.2063,8.488999999999999,0.6355,-3.5039999999999996,0.06939761234616552,-1.2471811606875962,-0.11672112599761941,-1.275236364254511,0.18611873834378495,0.02805520356691482,1.0738092842772406,0.0,1.1320987183987092,0.0,16.064559937950367,0.0,29.643886469219925,0.0,0.06939761234616552,0.0,-1.2471811606875962,0.0,0.18611873834378495,0.0,0.02805520356691482,0.0
2026-06-11,18:07:14,tidak pasti,0.5369,1.01807,0.07446,0.33325,0.534,13.527,-8.649,1.08301,-0.13184,-0.30225,28.756,5.038,-5.145,1007.82,45.306,1.0738092842772406,1.1320987183987092,16.064559937950367,29.643886469219925,-0.06494,-28.222,0.2063,8.488999999999999,0.6355,-3.5039999999999996,0.06939761234616552,-1.2471811606875962,-0.11672112599761941,-1.275236364254511,0.18611873834378495,0.02805520356691482,1.0738092842772406,0.0,1.1320987183987092,0.0,16.064559937950367,0.0,29.643886469219925,0.0,0.06939761234616552,0.0,-1.2471811606875962,0.0,0.18611873834378495,0.0,0.02805520356691482,0.0
2026-06-11,18:07:15,tidak pasti,0.506,0.98975,-0.04688,0.39331,-0.351,1.534,-0.542,0.9812,-0.31543,-0.15698,1.221,1.412,-0.977,1007.83,45.201,1.0660654543694772,1.0425412439323443,1.664368048239331,2.1069205015851926,0.008550000000000058,-1.572,0.26855,0.12200000000000011,0.55029,0.43499999999999994,-0.04398897104186329,-1.1901209498691097,-0.3073761126151788,-1.2260517515928422,0.2633871415733155,0.03593080172373253,1.0712280076413194,0.0044709022818058735,1.102246226909921,0.051706031991098855,11.264495974713356,8.313954663906934,20.464897813341683,15.898474714079475,0.031602084550155916,0.06546377444157038,-1.2281610904147673,0.032943728076069975,0.21187487275362846,0.044610933404422015,0.030680402952520724,0.004546978715868025
2026-06-11,18:07:15,tidak pasti,0.5581,0.9939,-0.04614,0.40356,-3.466,2.908,3.359,0.98535,-0.31665,-0.15283,-0.389,0.42,-0.42,1007.83,45.201,1.0736977150017597,1.0462021094893663,5.634935758285093,0.7100147885783787,0.008550000000000058,-3.077,0.27051,2.488,0.5563899999999999,3.779,-0.04298622608421817,-1.1828279052527768,-0.3074888068536703,-1.2280499363372288,0.26450258076945216,0.045222031084452,1.0711908178828258,0.00443904553747562,1.07361402394014,0.050682295711528325,7.787954581491597,7.43760708527521,10.8202739197945,16.316682519768612,-0.005859194926638646,0.0651762353548785,-1.2067100052698276,0.03523823123513502,0.2380028202288509,0.044936394113705196,0.03640267879169978,0.008593136373273318
2026-06-11,18:07:16,tidak pasti,0.5824,0.99487,-0.00562,0.33472,14.053,-1.26,10.305,0.99805,-0.33252,-0.1687,9.809,0.771,-6.13,1007.82,45.302,1.0496834664316668,1.0654262259302612,17.471904132062996,11.592576158904457,-0.0031799999999999606,4.2440000000000015,0.32689999999999997,-2.031,0.50342,16.435,-0.005354020544777015,-1.2462044235160434,-0.31740311286001643,-1.2132582158715504,0.3120490923152394,-0.032946207644493075,1.063148878600968,0.012269916228591176,1.0513898597839906,0.012292890835795118,8.257069312862473,8.223517346237998,4.803170483022676,5.921136585701227,-0.030776405890286157,0.0220221395839321,-1.2063844262126433,0.034677388365850915,0.2799796048860024,0.027778590121360813,0.01606887505456382,0.04270176208021062
2026-06-11,18:07:17,salah,0.6424,0.98242,-0.03516,0.44873,5.16,-105.962,-5.908,1.00952,-0.29956,-0.18237,5.893,5.939,-4.244,1007.78,45.637,1.0806219944550453,1.068702784173411,106.2519435492829,9.381402134009607,-0.027100000000000013,-0.7329999999999997,0.26439999999999997,-111.90100000000001,0.6311,-1.6640000000000006,-0.032542560452817115,-1.1411774530426047,-0.2841091670053508,-1.236440349865235,0.2515666065525337,0.09526289682263034,1.0680010586294906,0.01623690393613051,1.0601103731976795,0.012155813753721777,43.119594479877,54.99362307883017,7.227997693830814,5.751990829874876,-0.026960935693937437,0.019427084821258964,-1.190069927270475,0.052886683521334264,0.27603942654574176,0.03184896982413078,0.035846240087529756,0.06461673707081562
2026-06-11,18:07:17,tidak pasti,0.5805,1.04419,0.08521,-0.17603,43.313,-8.29,-31.435,0.98657,-0.25732,-0.22583,-2.084,1.748,-2.267,1007.78,45.637,1.0623464882513614,1.0442859456106837,54.156248891517585,3.540882517113495,0.057620000000000005,45.397000000000006,0.34253,-10.037999999999998,0.04980000000000001,-29.168,0.08029549033480922,-1.3856486266191321,-0.24897181344054448,-1.2367751515849328,0.3292673037753537,-0.14887347503419934,1.0642173163793578,0.015553878213382107,1.0594716519047853,0.013252856870057372,59.29336552428783,44.61240102488089,8.171620270009186,4.159942516930071,0.014132969779071696,0.058888993201608265,-1.2576768343925935,0.12263870040065426,0.2976276675477089,0.040808488166951755,-0.028852261952020692,0.12211966389305917
2026-06-11,18:07:18,tidak pasti,0.5834,0.92041,-0.04956,-0.40942,-95.687,104.305,67.313,0.92383,-0.30444,-0.17529,-35.397,-15.588,3.046,1007.8,45.484,1.0085809328457485,0.9883684366672177,156.7372800676342,38.797054901113306,-0.0034200000000000896,-60.29,0.25488,119.893,-0.23413,64.267,-0.049158143333424296,-1.1495480193994718,-0.3131140703620429,-1.2074198512135559,0.26395592702861864,0.05787183181408406,1.0505164718507183,0.03744917362877629,1.0337857221504374,0.04118364805171804,105.71515750281156,51.29262221541824,17.239779850745467,18.896163580122444,-0.00046840448381073085,0.07043524989889942,-1.2254580330204028,0.13879224151017452,0.28159661245216866,0.04174619652001333,0.0014204178675050194,0.13149415811464807
2026-06-11,18:07:18,salah,0.6636,0.97632,-0.06201,0.21777,18.374,-17.748,11.794,0.94067,-0.29419,-0.31958,-2.237,3.542,5.756,1007.8,45.484,1.0022323859265374,1.0361173588932868,28.137054145734588,7.119091866242492,0.03564999999999996,20.610999999999997,0.23218,-21.29,0.53735,6.038,-0.06191142177822358,-1.3429066439734947,-0.28789554974217246,-1.1381986292781265,0.2259841279639489,-0.20470801469536815,1.0243866023412158,0.033027120911908306,1.0229239137237294,0.030203347466667255,79.67686103496213,67.99250517463672,16.48567642815643,19.404873165243597,-0.010258024925612884,0.07868046690435479,-1.2927010966640329,0.125802710296142,0.2730691195893071,0.0522411840448561,-0.09856988597182781,0.13832889160493128
2026-06-11,18:07:19,salah,0.6719,0.95459,-0.07153,0.5061,84.023,44.122,3.443,0.97168,-0.18677,-0.30811,7.321,13.618,1.328,1007.81,45.374,1.0828184607772442,1.0363285325609828,94.9656235803251,15.518071690773954,-0.01708999999999994,76.702,0.11524,30.503999999999998,0.81421,2.115,-0.06610722735047679,-1.079196870965744,-0.18121292598235222,-1.215713580141655,0.11510569863187543,0.13651670917591097,1.0312105931831768,0.04480630547368826,1.0202714427071624,0.02762901544333503,93.2799859312313,64.3166817979903,20.47807281937658,16.411110380058535,-0.059058930820708226,0.00882725272954764,-1.1905505114462367,0.13655260656788512,0.20168191787481435,0.07734368548791155,-0.0034398245684577056,0.17868384776340537
2026-06-11,18:07:19,salah,0.6481,0.98242,-0.12915,0.48364,25.649,4.061,6.344,0.97168,-0.2959,-0.18237,46.198,-12.511,-13.397,1007.81,45.374,1.1026043844008604,1.0319775430211648,26.73217645460242,49.701709568182864,0.010739999999999972,-20.549,0.16675,16.572,0.66601,19.741,-0.11740127267701886,-1.0995420455759033,-0.2908128565767579,-1.2272642238970954,0.17341158389973907,0.12772217832119215,1.0625517437015473,0.053166619087564086,1.0348078114918116,0.002453357554747075,49.94495139355404,38.995372974793895,24.112957708399772,22.554908153867224,-0.08180664060190641,0.030897161204906928,-1.1738818535050475,0.1467328060699323,0.1715004701651878,0.05546391430080188,0.01984362426724499,0.1945171325714922
2026-06-11,18:07:20,salah,0.7143,0.95874,-0.08716,0.44971,18.092,-1.763,8.359,0.96802,-0.24023,-0.28784,17.298,-11.084,-8.771,1007.81,45.374,1.0625527456554804,1.0380872019729364,20.00753643005555,22.338448938993054,-0.009279999999999955,0.7940000000000005,0.15306999999999998,9.321,0.7375499999999999,17.130000000000003,-0.08212114036653367,-1.1250722314647021,-0.23353295320220843,-1.2012838996968074,0.15141181283567476,0.07621166823210523,1.0826585302778617,0.020026298331720666,1.0354644258516947,0.0031451539597479486,47.23511215499436,41.472358102206535,29.186076732649955,18.091373066569687,-0.08854321346467643,0.026243133171341314,-1.101270382668783,0.02298646421390889,0.1466430317890964,0.029444014989806887,0.11348351857640278,0.0325765109289567
2026-06-11,18:07:21,tidak pasti,0.6792,0.94678,-0.06128,0.35376,-9.649,-1.931,-2.847,0.74634,-0.26392,-0.29614,17.908,4.611,-16.55,1007.81,45.374,1.0125678961926454,0.8452077032303953,10.243894327842316,24.816532493481038,0.20043999999999995,-27.557000000000002,0.20264,-6.542,0.6499,13.703000000000001,-0.06055640247776632,-1.2083398760489281,-0.31756538473663365,-1.082270221625952,0.2570089822588673,-0.12606965442297602,1.0592416754163287,0.04510947452380099,0.9717574827414989,0.10963789036577838,18.994535737500097,8.290686924208845,32.28556366688565,15.133632348752553,-0.08669293850710628,0.02869687823912341,-1.1443180510298445,0.05689501873591198,0.19394412633142707,0.05571247186743206,0.02595473071010712,0.13415250060557377
2026-06-11,18:07:21,benar,0.7894,1.06836,0.02661,0.30249,1.84,3.603,3.84,1.02905,-0.06274,-0.0752,27.611,43.305,-2.473,1007.81,45.374,1.1106760922069043,1.0336997872206417,5.577885710553776,51.41795479207628,0.039309999999999956,-25.771,0.08935000000000001,-39.702,0.37768999999999997,6.313,0.023960672718352317,-1.2938710097103425,-0.06073193140557216,-1.4759113931448615,0.08469260412392449,0.182040383434519,1.06193224468501,0.04905704126202298,0.9723315641413244,0.11011434675703302,11.943105489483878,7.36336838006832,32.85764540818346,16.12138448909153,-0.03957229004198256,0.05606770458902686,-1.209094372407991,0.0844019184193826,0.16437113307282217,0.08688608363335786,0.04406079908121607,0.15655097459774867
2026-06-11,18:07:21,tidak pasti,0.5776,0.97119,-0.073,0.40674,-3.313,-5.015,-1.58,1.00562,-0.23242,-0.26538,125.328,24.595,-20.809,1007.81,45.374,1.0554508248611112,1.0657003261705422,6.214707877285947,129.40261237703047,-0.03442999999999996,-128.641,0.15942,-29.61,0.67212,19.229,-0.06922002078873028,-1.168504340552056,-0.21985829196243709,-1.233411659611272,0.15063827117370682,0.06490731905921598,1.0595649377535536,0.049183320088846,0.9815359388738597,0.11914297922461065,7.345495971894013,2.5302016501325015,68.54569988752927,54.3560646606536,-0.035271916849381434,0.05147950388974449,-1.2235717421037755,0.06405628573056214,0.1641132858521662,0.08694489955612504,0.04029268269025299,0.15552285716195854
2026-06-11,18:07:22,tidak pasti,0.5564,0.93555,-0.14697,0.33521,-18.176,-9.198,-6.458,0.99243,-0.16089,-0.20288,-92.45,11.634,-20.206,1007.81,45.374,1.0045992870294107,1.0256525685630589,21.36997763218296,95.34482100250648,-0.05688000000000004,74.274,0.013920000000000016,-20.832,0.53809,13.748,-0.14682409118956055,-1.197874627352229,-0.15751654613824984,-1.3155786308609152,0.010692454948689284,0.11770400350868626,1.0569087346991421,0.05305342849418742,1.0416842273180809,0.021184172985961282,11.054190406674229,8.939406310236,92.05512939053774,39.096269103803635,-0.06402781308664617,0.0855106903339376,-1.2200833258715427,0.06556767611713964,0.08200777674877353,0.07001152828818526,0.12155056866747375,0.05866119449966748
2026-06-11,18:07:22,tidak pasti,0.5556,1.03076,-0.09766,0.32251,-29.344,7.603,-8.588,0.79492,-0.21606,-0.30713,-35.603,-44.756,84.603,1007.81,45.374,1.084442876918835,0.8791521864273557,31.50602623308754,102.11924771559963,0.23583999999999994,6.259,0.1184,52.359,0.62964,-93.19099999999999,-0.0901776290912912,-1.2548323305933975,-0.2483031426764582,-1.1294778823918676,0.158125513585167,-0.12535444820152986,1.048164329603119,0.04041744018943059,0.9901683603869856,0.09820590044810465,19.69690391418548,12.728396513034038,108.95556036504553,18.028717822085426,-0.10207391368986068,0.04014647090507304,-1.2070704328325608,0.04389251183252752,0.10648541323585436,0.08304355991157233,0.019085624788790796,0.12784394192256862
2026-06-11,18:07:23,tidak pasti,0.5285,1.01172,-0.09814,0.44946,15.0,-34.427,5.824,0.82446,-0.29517,-0.35718,-3.687,-23.046,-7.328,1007.81,45.374,1.1114059157661524,0.9457468862756039,38.00180660179197,24.46245427180192,0.18725999999999998,18.687,0.19702999999999998,-11.381,0.80664,13.152000000000001,-0.08841772989659245,-1.144023850259859,-0.31740531119562043,-1.0587739535925387,0.22898758129902796,-0.0852498966673203,1.0668160265714661,0.055542266567033885,0.9501838804220061,0.07335090782852091,30.29260348902082,8.382048066281007,73.97550766330268,43.01313818398944,-0.10847315005914808,0.03322454402223073,-1.1989102694018285,0.055411499206376155,0.13260184994429475,0.11136329557496434,-0.030966780453387965,0.1303048167427564
2026-06-11,18:07:23,tidak pasti,0.6028,1.01929,-0.01782,-0.30762,148.244,-135.489,14.481,-2.0,0.73462,-2.0,250.13,250.13,-33.107,1007.81,45.374,1.0648472758569654,2.9222707856049204,201.35354980233151,355.28313673604043,3.01929,-101.886,-0.75244,-385.619,1.69238,47.588,-0.016735575373634265,-1.277226872177179,0.2541126947578499,0.7537794579988112,-0.27084827013148416,-2.03100633017599,1.0868986895139843,0.023376270001332695,1.582389952769293,1.1608484820002092,90.28712754573701,96.24116273876645,160.62161290781398,172.99559542467705,-0.06511031145383932,0.04190299069775323,-1.2253610176768117,0.07132446968430249,0.038754941584236945,0.27045511584861576,-0.74720355834828,1.1119866282819337
2026-06-11,18:07:23,tidak pasti,0.5433,1.02612,-0.0918,0.23511,7.725,8.672,-2.412,0.57422,-0.40186,-0.31543,176.191,250.13,-12.366,1007.81,45.374,1.0567053546282426,0.7685806092401759,11.861574642516903,306.20451227406824,0.45189999999999997,-168.466,0.31006,-241.458,0.55054,9.954,-0.08698343714004377,-1.329612639886768,-0.5502025825616064,-0.8437148026597358,0.4632191454215626,-0.4858978372270323,1.0776528487504535,0.029513130468460696,1.5455327603735667,1.1955762899196747,83.7389770155468,102.69234991266188,228.6500344273035,178.52619909158813,-0.0640455808034235,0.04097794235015817,-1.2502877874412686,0.0956822105911109,0.14045281886303548,0.3749567251882283,-0.8673846880234475,1.0274440070548951
2026-06-11,18:07:24,tidak pasti,0.5195,0.96558,-0.04883,0.42871,27.855,14.405,7.466,0.97729,-0.36304,-0.10498,-11.267,-0.626,0.992,1007.84,45.162,1.0576017064093648,1.0478141944543413,32.235790761202054,11.327896053548514,-0.011709999999999998,39.122,0.31421,15.030999999999999,0.53369,6.474,-0.046186919829162794,-1.1505542539723383,-0.35380927673678686,-1.2018115569340153,0.3076223569076241,0.051257302961676965,1.059718112298191,0.004464538132704792,1.579555196433146,1.1711774903197074,81.81697173535015,104.02173951912825,224.2718483545524,186.0403799204597,-0.04996864411428028,0.035276289481954166,-1.2524645886787618,0.09206168803911968,0.16666441073256752,0.3868017574761004,-0.8218822881471152,1.081027114792673
2026-06-11,18:07:24,tidak pasti,0.5964,0.92139,-0.02637,0.46265,7.687,-8.901,3.168,1.01563,-0.2915,-0.04077,-13.878,29.962,-30.908,1007.84,45.162,1.0313582944350619,1.0574207959937236,12.180065434963804,45.22858379387973,-0.09423999999999999,21.565,0.26513,-38.863,0.50342,34.076,-0.025571010698791218,-1.1048020660450113,-0.27928743602340883,-1.288716385937364,0.25371642532461763,0.18391431989235274,1.0485551184908897,0.014899628513295331,0.9579385332294136,0.16405910286058364,18.759143612894253,11.672205141540863,120.92033070716549,161.35360272242016,-0.05291378922266593,0.031253953497573726,-1.1949896533013726,0.11881004613631392,0.3415193092179348,0.10878694758081195,-0.08357540479100085,0.35467869370201843
2026-06-11,18:07:25,tidak pasti,0.6253,0.98096,-0.10498,0.43213,0.489,7.359,0.099,0.94458,-0.33154,0.15479,19.206,21.275,7.985,1007.81,45.374,1.077051372451658,1.0129709236202191,7.37589336961971,29.75325672930612,0.03638000000000008,-18.717,0.22655999999999998,-13.915999999999999,0.27734000000000003,-7.886,-0.09762481344694768,-1.1451763419211023,-0.3334391480609227,-1.2012320197616202,0.235814334613975,0.056055677840517903,1.0553371244320282,0.022930560248427028,1.0394019713560947,0.02338849955846284,17.26391652192852,13.186651621462705,28.76991219224479,16.97172301729518,-0.05646091465830056,0.037109349899040564,-1.1335108873128172,0.025007554827448233,0.2657177056154056,0.037378082654074746,0.09707576689818254,0.07524265289688059
2026-06-11,18:07:25,tidak pasti,0.6587,0.979,-0.06543,0.40869,-7.427,-23.603,-1.771,1.12329,-0.25562,0.17456,13.481,-74.084,-1.74,1007.81,45.374,1.0628967969657261,1.165158015936036,24.807224330827502,75.32067456548701,-0.14428999999999992,-20.908,0.19019000000000003,50.481,0.23413,-0.030999999999999917,-0.06159713179260039,-1.170813768819012,-0.22118566013163216,-1.3019074111148619,0.15958852833903175,0.13109364229584997,1.057102154617482,0.023391189679358517,1.0785165785166597,0.07825600166809574,14.787727711803674,9.003485529634098,50.100838362890954,23.17113593467554,-0.06159765197944642,0.036026901376894814,-1.1402640589283752,0.033278883979653236,0.2163730960925415,0.04998486335049562,0.12368788000957354,0.06425023014056395
2026-06-11,18:07:26,tidak pasti,0.5362,1.01343,-0.09399,0.38257,12.351,0.641,4.573,1.07056,-0.07446,-0.2041,16.534,-48.763,4.443,1007.81,45.374,1.0873059780484977,1.0923826322310328,13.185992984982208,51.68117233577427,-0.0571299999999999,-4.182999999999998,-0.019530000000000006,49.403999999999996,0.58667,0.13000000000000078,-0.08655102816283107,-1.20004652564158,-0.06821582271194256,-1.3705766153609376,-0.018335205450888514,0.17053008971935757,1.0757513824886271,0.01225640692498695,1.090170523929096,0.07611765783469931,15.123036895143139,8.875636827980797,52.25170121018913,22.78906578738321,-0.08192432446745972,0.018454084958629633,-1.1720122121272314,0.027454716628514054,0.12568921916737275,0.13042189061094078,0.11922646995190848,0.058152558656796555
2026-06-11,18:07:26,tidak pasti,0.5361,0.88281,-0.09058,0.52466,9.863,-44.168,15.534,0.88501,0.06055,-0.51978,-69.893,-47.611,-21.13,1007.81,45.374,1.0309346963314407,1.0281440808563749,47.84763472733004,87.16831804044403,-0.0021999999999999797,79.756,-0.15113,3.442999999999998,1.04444,36.664,-0.08797545490088006,-1.0281013822076668,0.058926620338913833,-1.036808084306707,-0.1469020752397939,0.00870670209904012,1.0603791571152215,0.028269846717281385,1.0952282430078146,0.06855127808453398,28.613617347713248,17.641536863832606,71.39005498056844,18.067144359503096,-0.0787078716187705,0.01483544104272537,-1.1329872255560862,0.09200227507536832,-0.00188291745055022,0.1539062404708229,0.10344347803808256,0.08438069022495619
2026-06-11,18:07:26,salah,0.6145,0.96655,-0.1272,0.41406,-3.092,-6.557,0.511,1.14185,-0.15088,0.09595,79.313,157.977,-25.786,1007.81,45.374,1.0591715753833275,1.155764941240216,7.267450309427647,178.63986759399484,-0.1753,-82.405,0.02367999999999998,-164.534,0.31811,26.297,-0.12038442325251215,-1.1494834446323654,-0.13091924487559053,-1.4154655111449026,0.01053482162307838,0.2659820665125372,1.0591374165877554,0.028185656382696492,1.092097218109208,0.06381090891997755,22.76702600724663,21.921108256154227,105.82978599007106,65.5043156207562,-0.0983036354387411,0.019135781686165906,-1.1258771174938706,0.08836983138127213,-0.05156748635586802,0.08381457208662028,0.14840628611031162,0.1300567195423718
2026-06-11,18:07:27,tidak pasti,0.5059,1.00562,-0.07007,0.34814,-21.053,5.458,-31.58,1.03589,0.00171,0.01538,14.939,-5.26,24.313,1007.81,45.374,1.0664815276881263,1.0360055794251304,38.344686372429756,29.016603695126,-0.03027000000000002,-35.992000000000004,-0.07178,10.718,0.33276,-55.893,-0.06574939069908331,-1.231329723738149,0.0016505710092296687,-1.5558588143051546,-0.06739996170831297,0.3245290905670055,1.0521959331342983,0.018772026887499127,1.0733048671739072,0.07152061696603643,31.153257136395812,21.224404177512376,98.27492977652162,75.42743461851012,-0.09136975628415851,0.027475218960709886,-1.136304850192727,0.10225309879832947,-0.06792240510834284,0.07871974868978145,0.19973928639286095,0.16800900185076525
2026-06-11,18:07:27,tidak pasti,0.5564,0.96094,-0.06567,0.36792,-13.718,-0.092,15.977,1.00269,-0.05542,0.00293,17.634,3.443,-7.786,1007.81,45.374,1.0310593382051298,1.0042246747615795,21.05840727595513,19.581470858952347,-0.041750000000000065,-31.352,-0.010250000000000009,-3.535,0.36499000000000004,23.762999999999998,-0.0637349167976359,-1.1998726067296122,-0.055214904643353935,-1.5155042298738315,-0.00852001215428197,0.31563162314421933,1.052237480425528,0.018701447313113576,1.0653317318089754,0.07991326861876197,22.223514652604177,15.57134408868519,75.74598071602439,89.23351052464255,-0.08328957691641047,0.03214086565105475,-1.1935619250333755,0.04128646120060264,-0.02179505074650552,0.04062791651618992,0.3020475934079207,0.03154889703802825
2026-06-11,18:07:28,tidak pasti,0.6344,1.0293,-0.08667,0.33252,30.901,-24.511,16.069,1.06958,-0.05054,0.04883,40.031,-9.565,-7.519,1007.81,45.374,1.08514502685125,1.0718862052009066,42.58959594783684,41.8390433327532,-0.04027999999999987,-9.129999999999999,-0.036129999999999995,-14.946,0.28369,23.588,-0.07995466960956932,-1.2485828507760255,-0.047168015585756375,-1.5051867050029208,-0.03278665402381294,0.25660385422689536,1.060895297581502,0.02747216599004121,1.0373721531292055,0.03385145961571671,33.99756319874057,11.404873139209439,30.14570596227718,11.171662233252883,-0.06981299236876284,0.008840516908949509,-1.2265950604145957,0.024697869267526658,-0.03623554262880263,0.02959110067788168,0.29892152264604005,0.03691720502637481
2026-06-11,18:07:28,tidak pasti,0.5223,1.00879,-0.12695,0.29346,65.466,-4.359,13.061,1.07397,0.02881,-0.06396,85.427,13.824,-28.389,1007.81,45.374,1.0582496577840221,1.0762585463539884,66.89833897788495,91.07585094853631,-0.06518000000000002,-19.961000000000013,-0.15576,-18.183,0.35742,41.45,-0.12025184807034237,-1.263856923796292,0.02677185874046429,-1.505571408941041,-0.14702370681080665,0.24171448514474903,1.0581513409468006,0.027042978362813965,1.0507898087721583,0.04038580345687211,43.51544740055897,22.933986467550255,50.83212171341395,36.58576485696323,-0.08798047815918253,0.029100705872491132,-1.2374374604339764,0.033416507926918804,-0.06277679099630053,0.07396198074077236,0.27131665417195455,0.03909329461909913
2026-06-11,18:07:28,tidak pasti,0.5262,1.01025,-0.03101,0.28247,29.756,3.069,-4.336,1.09692,0.0564,0.12769,34.26,-10.16,5.466,1007.81,45.374,1.0494550888437295,1.1057663326851652,30.226465109238294,36.150385281487665,-0.0866699999999998,-4.503999999999998,-0.08741,13.229,0.15478,-9.802,-0.02955296960187949,-1.2965974551303625,0.05102749241431172,-1.4442192926742754,-0.0805804620161912,0.1476218375439129,1.064283257826334,0.018594250881605753,1.0846370280800202,0.018428645544708043,46.57146667832003,18.65738604802911,56.35509318759239,30.203285785269582,-0.07658649576059706,0.04544315223624925,-1.26967907656756,0.024531075292266873,-0.08679694095027028,0.05737167868485271,0.21531339230518576,0.059093428292957384
2026-06-11,18:07:29,tidak pasti,0.5024,1.00415,-0.08545,0.39722,-31.351,3.076,-5.74,1.07178,0.0332,0.16455,-22.809,21.511,4.893,1007.81,45.374,1.0832371178093927,1.0848462153227063,32.020221376498945,31.731924791918942,-0.06762999999999986,-8.541999999999998,-0.11865,-18.435,0.23267000000000002,-10.633,-0.07896597046770938,-1.186306792527232,0.030608194999990304,-1.4154350863076541,-0.10957416546769969,0.2291282937804222,1.0636472881457149,0.01752590027360435,1.0889570314539532,0.015177334103533686,43.048341821207394,20.674166577318896,52.98605367398097,33.06062901075859,-0.07625692937997708,0.04541008496546242,-1.2489203904846289,0.05664214495309317,-0.11239277809823252,0.033311178717962645,0.20615487215636139,0.05108023256575319
2026-06-11,18:07:29,tidak pasti,0.6788,1.00024,-0.07104,0.35645,-24.84,-0.214,-5.779,1.13525,-0.12769,0.16309,-31.092,-18.046,7.42,1007.81,45.374,1.0642289893157395,1.1539911813787835,25.50427879788017,36.70731507479129,-0.13501000000000007,6.251999999999999,0.05664999999999999,17.832,0.19335999999999998,-13.199,-0.06680222452940345,-1.2222579961984577,-0.11087780576037688,-1.3903276844081431,0.04407558123097344,0.16806968820968549,1.0656403986562872,0.01693518312579364,1.1148679097955518,0.03545963355910839,29.2503217612058,3.365860781270572,34.86320838273263,2.726031069749868,-0.05844038819966411,0.02574590052310538,-1.2350540812853508,0.05624777692960543,-0.04869301541763915,0.08163741852283936,0.1816066065113402,0.04240591609537232
2026-06-11,18:07:30,benar,0.823,0.86963,-0.02954,0.66748,-33.695,-1.55,-23.206,1.04932,-0.05151,0.05737,-29.015,5.534,9.55,1007.84,45.172,1.0966578768695368,1.0521487819695465,40.942324811861866,31.043483712367077,-0.17969000000000002,-4.68,0.02197,-7.084,0.6101099999999999,-32.756,-0.026939644515011147,-0.9156881707535712,-0.048976532068408574,-1.4974508200505874,0.022036887553397427,0.5817626492970162,1.0813746613315562,0.016294469770234347,1.0969953928903455,0.05199683130763985,32.82227499541366,7.750211847953881,33.160907859692436,3.0905081914601893,-0.057569279837374664,0.02721433627334401,-1.1080843198264203,0.167586786158393,-0.014487232227776273,0.08308170472182035,0.3263202104290413,0.22331629588920512
2026-06-11,18:07:30,tidak pasti,0.5754,0.86108,0.03174,0.64087,35.458,25.771,7.443,1.07422,-0.02271,-0.17261,-2.817,4.267,7.878,1007.84,45.172,1.0738624450552314,1.0882364470095642,44.46135911103033,9.391786943920737,-0.21314,38.275,0.05445,21.504,0.8134800000000001,-0.4350000000000005,0.02956116336868591,-0.9303902160047602,-0.02087014153086904,-1.4101245551098467,0.050431304899554955,0.47973433910508645,1.0782497704135026,0.01665366790961393,1.098125470119298,0.05163635505054829,36.96932090692412,10.083714272097081,25.714195243693037,14.416501168933182,-0.02139356855857623,0.04842050031428132,-1.0227787943189297,0.17291038580869603,0.03884792456130861,0.014901578097599639,0.40985555887059605,0.21551739943354012
2026-06-11,18:07:31,tidak pasti,0.5396,0.8606,-0.17139,0.63281,0.489,-12.855,2.13,1.0564,-0.0625,-0.18115,9.481,26.031,5.084,1007.82,45.33,1.0818758654300409,1.0736398523247914,13.039441935911215,28.166458385817695,-0.19579999999999997,-8.991999999999999,-0.10888999999999999,-38.885999999999996,0.81396,-2.9539999999999997,-0.15908951379090291,-0.9197830841766321,-0.05824611809015557,-1.3913496939611294,-0.10084339570074735,0.47156660978449727,1.084132062451603,0.011563984894933136,1.0713416937679674,0.018153265314382386,32.814375286267804,17.21574547784571,22.86724301403517,11.758412133684956,-0.052155998312409385,0.09682028647096394,-0.9219538236449879,0.0075875961952129745,-0.009458401082598322,0.08040505994728371,0.5110211993955333,0.061399857501354266
2026-06-11,18:07:32,benar,0.8587,0.8479,-0.06494,0.62671,-14.13,16.359,-4.672,0.98901,-0.07788,0.02612,-10.718,-30.794,7.183,1007.84,45.176,1.0563697447863603,0.9924154013819012,22.115636210609,33.38774399386697,-0.14110999999999996,-3.412000000000001,0.012940000000000007,47.153000000000006,0.60059,-11.855,-0.061513473703436634,-0.9317326370988517,-0.07855597326530825,-1.4879302696763919,0.017042499561871614,0.5561976325775402,1.0707026850905441,0.013043335840509894,1.051430566905419,0.05162710010666913,26.538812419183518,16.171196170014333,23.64866310786847,12.619799693965485,-0.06368060804188454,0.09434400803243158,-0.9273019790934147,0.006546056765387799,-0.011123197079773594,0.07947319429159536,0.5024995271557079,0.04668289670729802
2026-06-11,18:07:32,tidak pasti,0.5361,0.96167,-0.1167,0.47314,13.573,-7.939,10.405,0.8606,-0.15479,-0.49365,-1.664,-6.252,-0.313,1007.84,45.176,1.0780953290409898,1.004132773392045,18.85518695213601,6.477219233590908,0.10107,15.237,0.03809000000000001,-1.6870000000000003,0.96679,10.718,-0.1084589722847561,-1.1017688669900099,-0.15477006902582296,-1.0295320253834022,0.04631109674106687,-0.0722368416066077,1.0721136464191303,0.013765026073858008,1.0233960090329126,0.043905091313652715,18.003421699552074,4.597657410262996,22.677140537758522,14.270372929469064,-0.10968731992636521,0.04879961606646298,-0.9844281960884979,0.10179549469142993,-0.012496599799269622,0.07789756064699666,0.31850913358514327,0.34103139936252713
2026-06-11,18:07:33,tidak pasti,0.6028,0.93896,-0.10522,0.49414,-1.924,1.649,-2.053,0.91138,-0.16406,-0.41724,5.733,8.687,-2.412,1007.83,45.258,1.066251128768453,1.0156861747606885,3.261255279796416,10.684053631464042,0.02758000000000005,-7.657,0.05884000000000002,-7.037999999999999,0.9113800000000001,0.359,-0.09884306325740347,-1.0771650224386318,-0.1622370374464924,-1.113625058456796,0.06339397418908893,0.036460036018164166,1.0669054008652676,0.010877559780748372,1.0040781165115449,0.011635482969892516,14.744026147513809,10.07711032201909,16.849672286307307,14.47602244285602,-0.08960516974853205,0.02479866864618146,-1.036888842175831,0.09189509176947869,0.04224919016400914,0.023441184138390945,0.17347360899636555,0.33587499381610164
2026-06-11,18:07:33,tidak pasti,0.5215,0.91064,-0.05176,0.52686,-2.603,3.763,-1.511,0.96924,-0.22021,-0.39185,-9.656,7.405,-1.023,1007.81,45.359,1.0533402901247062,1.0683936747285618,4.8185992777984765,12.21142456882079,-0.058599999999999985,7.053000000000001,0.16845,-3.6420000000000003,0.9187099999999999,-0.488,-0.04915871284642889,-1.044206358400527,-0.20760116053872027,-1.1365649721123157,0.15844244769229138,0.09235861371178866,1.0658955826447165,0.012381348784411838,1.0294042076270984,0.03425644726819049,8.9783471699103,8.588964032108036,9.790899144625248,2.9696079555498427,-0.08548691612952948,0.031826407147827585,-1.074380082609723,0.02888213143392565,0.08938250620748239,0.060414508306283234,0.01886060270778171,0.08369719838502662
2026-06-11,18:07:34,tidak pasti,0.5876,0.93677,-0.07764,0.49487,-2.55,0.687,-2.328,0.92847,-0.15576,-0.39697,-4.534,2.656,1.336,1007.81,45.359,1.0622910709405402,1.0217156646543109,3.520518853805501,5.4218435978917725,0.008299999999999974,1.984,0.07812000000000001,-1.969,0.89184,-3.6639999999999997,-0.07315253893429717,-1.0797485978654497,-0.1530462299509027,-1.1402459818046644,0.07989369101660553,0.060497383939214666,1.0606274966112332,0.006614230740083345,1.0352651713811871,0.028848084643908152,3.8667911371334647,0.8344210284257771,9.439107266058869,3.5618844773170317,-0.07371810501270985,0.024847003193180374,-1.0670399929015362,0.019816656223762164,0.10057670429932862,0.0507877284160477,0.06310534455638916,0.02804039659095594
2026-06-11,18:07:34,tidak pasti,0.5544,0.9519,-0.0874,0.48828,-6.634,-0.122,-1.382,0.94043,-0.19458,-0.36108,-1.076,-2.053,1.939,1007.81,45.359,1.0733916938378085,1.025986709319375,6.777519015096896,3.0219705491615896,0.01146999999999998,-5.558,0.10718,1.931,0.84936,-3.3209999999999997,-0.08151438576149622,-1.0904071345461734,-0.19080727350178917,-1.1595174827677905,0.10929288774029294,0.0691103482216171,1.063007684967685,0.010044891709937805,1.0386986829007492,0.025805132442464622,5.0388790489002915,1.6396355984884396,6.885079571958051,4.76626802978063,-0.06794187918074075,0.016795404840229507,-1.0714540302707167,0.02419148233992135,0.11587634214972996,0.03968605797751747,0.07398878195754015,0.016481317527492545
2026-06-11,18:07:35,tidak pasti,0.6435,0.95532,-0.09106,0.48364,3.664,2.359,2.099,0.9209,-0.16382,-0.41357,-1.328,1.015,1.565,1007.82,45.316,1.0746329027160857,1.0227091215492312,4.836897559386595,2.2897672370789133,0.034419999999999895,4.992,0.07275999999999999,1.344,0.8972100000000001,0.5340000000000003,-0.08483764494164807,-1.0950984492860416,-0.16087543451176398,-1.1208065205155953,0.07603778957011591,0.025708071229553653,1.0701052224981449,0.006795651057388768,1.023470498507639,0.0022350003998521284,5.044978476096331,1.6384400396679506,3.577860461377425,1.638363750321698,-0.07983485654581382,0.006020883605460665,-1.0884180605658882,0.0078658627074751,0.08840812277567145,0.018189201458884086,0.05177193446346181,0.022979110370930093
2026-06-11,18:07:35,tidak pasti,0.5201,0.9458,-0.11279,0.49463,9.145,3.74,6.221,0.94751,-0.14478,-0.37744,14.687,8.779,-10.321,1007.83,45.22,1.073274457443202,1.030144359835067,11.675592747265554,19.982538652533616,-0.0017099999999999893,-5.542,0.03198999999999999,-5.039,0.87207,16.542,-0.10528401494446424,-1.0784548094150816,-0.1410102497972507,-1.167528963380371,0.03572623485278645,0.08907415396528928,1.0737663513323654,0.0007527413689480065,1.026280063567891,0.0037262896597193935,7.763336440583015,3.524317659558197,8.431425479591374,10.01025434607663,-0.09054534854920283,0.012871760882945326,-1.087986797749099,0.008581736986007366,0.07368563738773176,0.036839687419745276,0.06129752447215334,0.03239745779414122
2026-06-11,18:07:36,tidak pasti,0.5843,0.94458,-0.04175,0.50952,6.847,2.58,-1.947,0.94507,-0.11377,-0.36597,1.435,-0.031,-2.71,1007.83,45.22,1.0740507759412494,1.0198210424873573,7.5715664165349565,3.0666408332245236,-0.0004899999999999904,5.412000000000001,0.07202,2.611,0.87549,0.7629999999999999,-0.03888132857986788,-1.0747173045068241,-0.11179149228718915,-1.1855391151275863,0.07291016370732127,0.11082181062076213,1.0739860453668457,0.0006815320427551122,1.024224841290552,0.005325952967878436,8.028018907729036,3.4421213845124154,8.446315574279017,9.998210606380402,-0.07633432948866006,0.03400821914447309,-1.0827568544026491,0.010850274601785288,0.061558062710074544,0.02242561055402571,0.07520134527186835,0.04422022471756368
2026-06-11,18:07:37,tidak pasti,0.5136,0.97949,-0.11426,0.43921,-14.687,-3.237,-6.397,0.93042,-0.1394,-0.39014,-6.779,-7.176,4.939,1007.84,45.114,1.079519074310408,1.018490528183743,16.343431310468436,11.038276042933516,0.04906999999999995,-7.9079999999999995,0.025139999999999996,3.939,0.82935,-11.336,-0.10604205576251972,-1.136911025486686,-0.1373001915064063,-1.1518753149727214,0.03125813574388657,0.014964289486035343,1.0756147692316198,0.003403434473262343,1.0228186435020559,0.006379040438956487,11.86353015808965,4.388951330573865,11.362485176230551,8.462607956765542,-0.08340246642895062,0.038558299275295194,-1.0966943798028639,0.0348787353308342,0.04663151143466476,0.022867370888716838,0.07162008469069558,0.050255840359160094
2026-06-11,18:07:37,tidak pasti,0.5245,0.96899,-0.08618,0.44946,-8.687,5.389,-2.855,0.91162,-0.17212,-0.42285,-10.206,5.947,4.992,1007.84,45.114,1.0716262893845037,1.019548155459074,10.61396791968018,12.823779045195687,0.05737000000000003,1.5190000000000001,0.08593999999999999,-0.5579999999999998,0.87231,-7.8469999999999995,-0.08050676326940484,-1.1295586705654193,-0.1696322435964846,-1.1065096055003687,0.08912548032707976,-0.023049065065050556,1.0750653798787202,0.004043028485441844,1.0192865753767248,0.000702769651195775,11.50965521556119,4.453997668202986,8.976231973784577,5.195137710322143,-0.07514338253726414,0.033900076822686864,-1.1137290001863098,0.03398453443205712,0.06443125992609587,0.02985090030930329,0.034245678347248974,0.06898682342690217
2026-06-11,18:07:38,tidak pasti,0.5778,1.00854,-0.08545,0.40942,-6.634,-2.412,-2.092,0.91113,-0.16553,-0.46973,-1.046,1.779,1.137,1007.84,45.124,1.0918238733880112,1.038366183338036,7.362347723382807,2.356210092500242,0.09741,-5.588,0.08008000000000001,-4.191,0.87915,-3.229,-0.07834365608094236,-1.1776816551987066,-0.1600969292259361,-1.0705512008881626,0.08175327314499374,-0.10713045431054402,1.0809897456943076,0.010178789497491942,1.0254682889936177,0.011182414889155778,11.43991565117714,4.547153817601561,8.739421726876481,5.59964716028599,-0.08829749170428898,0.015405256355857412,-1.1480504504169373,0.025923358257302007,0.0673789630719867,0.03149798382172609,-0.038405076629853076,0.062479091975410864
2026-06-11,18:07:38,tidak pasti,0.521,0.97607,-0.08716,0.41943,0.405,-5.328,0.626,0.90454,-0.16895,-0.45313,-2.771,-2.038,-1.504,1007.81,45.388,1.065941384598609,1.0257014726517653,5.3799149621532125,3.7541844653666128,0.07152999999999998,3.176,0.08178999999999999,-3.2900000000000005,0.87256,2.13,-0.08185949075785101,-1.1572171261977215,-0.16547062116024291,-1.0798233343338417,0.0836111304023919,-0.07739379186387985,1.076463849123708,0.013602473843244896,1.027871937149625,0.009594932538361134,7.785410201738732,2.6425487670038734,6.3113912010208475,5.683043169070155,-0.08023663670273273,0.0017734146836977727,-1.1548191506539491,0.024150944650992386,0.08482996129148847,0.0038342562820007325,-0.06919110374649147,0.042636640036785314
2026-06-11,18:07:39,tidak pasti,0.5244,0.96655,-0.09961,0.44409,12.023,7.74,2.053,0.91895,-0.15234,-0.4248,9.695,3.809,-7.198,1007.81,45.388,1.0683431015830074,1.0237829936563707,14.445585415620926,12.661465554982172,0.047599999999999976,2.3279999999999994,0.05273,3.931,0.8688899999999999,9.251000000000001,-0.09337345882706238,-1.1307189823698263,-0.14935572909564132,-1.1142997402873742,0.05598227026857894,-0.016419242082452046,1.0753694531898759,0.014300455208170436,1.0292835498820574,0.00792406545188075,9.062616033718982,4.766002458882018,6.2572867042830085,5.590054843255531,-0.08452553522195193,0.007861589372400562,-1.1552059212554182,0.023545846104951865,0.07378222460532152,0.015443176136721604,-0.06698116275229198,0.04624335779043409
2026-06-11,18:07:39,tidak pasti,0.5506,0.96216,-0.01563,0.45605,-1.634,0.786,0.519,0.93481,-0.10938,-0.41357,6.26,-6.183,-0.13,1007.83,45.215,1.064883920904058,1.0280437079229656,1.8860310177725073,8.799658459281247,0.027349999999999985,-7.894,0.09375,6.968999999999999,0.8696200000000001,0.649,-0.01467818316851411,-1.1279487460884405,-0.10659802108124186,-1.141621875752686,0.09191983791272776,0.013673129664245387,1.066389469028558,0.001772587793221069,1.0258427247437005,0.0021338663572254093,7.237177131848881,6.482489394003309,8.405102826543343,4.4667291962743425,-0.06330371091780916,0.04250263905744916,-1.1386282848853295,0.016157887184488278,0.07717107952789953,0.018814432850712787,-0.02671330142736217,0.04639797185761279
2026-06-11,18:07:40,tidak pasti,0.6128,0.9436,-0.03711,0.47217,-2.71,2.275,-0.42,0.92944,-0.13989,-0.40015,-7.527,-2.29,5.229,1007.83,45.215,1.0557947816692408,1.0215419463732265,3.5631622191530936,9.44681269000291,0.01415999999999995,4.817,0.10277999999999998,4.5649999999999995,0.87232,-5.649,-0.035156117532074954,-1.1056017366283908,-0.13737169374588154,-1.1428989677358863,0.10221557621380659,0.0372972311074955,1.063007268052102,0.006481238508928972,1.0244562159841877,0.003302748406921078,6.631592884182176,6.818874667252398,10.302645568088776,2.068266411154776,-0.04773591984255048,0.040827994958994855,-1.1214231550288858,0.013771583511576377,0.08337256146503776,0.024272857179598425,0.01151703956309628,0.026923064765824734
2026-06-11,18:07:41,tidak pasti,0.6933,0.95288,-0.0813,0.47095,-1.702,0.015,2.206,0.91357,-0.14917,-0.41284,-2.588,-0.023,1.191,1007.84,45.153,1.066013080079227,1.0135574475085267,2.78629951728094,2.8489917514798107,0.039309999999999956,0.8860000000000001,0.06787,0.038,0.88379,1.015,-0.07633960688080152,-1.1059103912330104,-0.14771124345444023,-1.1228765858840117,0.07137163657363871,0.016966194651001354,1.0622305942175085,0.005602098935046385,1.0210477006015728,0.0072557662835038535,2.74516425140218,0.8393219580323509,7.031820966921322,3.636859542757806,-0.04205796919379686,0.031404768122482135,-1.1131536246499472,0.01281388039202252,0.08850235023339102,0.01570339357146708,0.022645518474247412,0.012795138981941958
2026-06-11,18:07:41,salah,0.7325,0.58252,-0.01221,0.69116,21.26,109.901,0.977,1.05054,-0.20703,-0.24927,35.901,79.099,-6.809,1007.81,45.388,0.9039805197569248,1.099377662771079,111.94271718160141,87.13148732232224,-0.46802,-14.641000000000002,0.19482,30.801999999999992,0.94043,7.7860000000000005,-0.013507338941084746,-0.7002310887317535,-0.18944681124158477,-1.2716112280592715,0.17593947230050003,0.571380139327518,1.0085961271684643,0.09074371819119426,1.0448256855509441,0.047411778278184026,39.43072630601181,62.79842748405872,33.14243058793499,46.872129198339906,-0.04166768778465374,0.03191823748232023,-0.9705810721977182,0.23413000445682264,0.11650889502931511,0.053729249847930045,0.2085478550286716,0.3143863668449826
2026-06-11,18:07:42,tidak pasti,0.5002,0.06567,0.02319,1.18677,4.198,2.863,4.389,0.96265,-0.15283,0.54834,9.534,17.992,-5.832,1007.81,45.388,1.1888117419928188,1.1183598647126067,6.714409430471157,21.180685635738993,-0.89698,-5.336,0.17601999999999998,-15.129000000000001,0.63843,10.221,0.019508110591154575,-0.05526816552352005,-0.13708442455306583,-1.036779439278801,0.1565925351442204,0.9815112737552809,1.05293511394299,0.14286525535900507,1.0770983249974042,0.05584051693599934,40.481142043117835,61.9186971182968,37.05372156984702,44.32662537613688,-0.023446278410243895,0.048690688272755876,-0.620469881829428,0.5298430514839603,0.1346345480061197,0.05563472806186537,0.5232858692446001,0.48406776025384785
2026-06-11,18:07:43,tidak pasti,0.622,0.1106,0.11304,1.12769,2.122,-14.992,-8.061,0.84106,-0.46143,0.39673,-24.55,-50.962,5.29,1007.83,45.248,1.1387252248457482,1.0381205428080114,17.153503111609595,56.81383673014876,-0.73046,26.672,0.57447,35.97,0.73096,-13.350999999999999,0.09943266457368274,-0.09727951088873525,-0.4606003296014557,-0.9444517244148566,0.5600329941751384,0.8471722135261214,1.0771724955318307,0.1520649866162247,1.0852860234305657,0.041934686351571125,45.27020990789405,57.97552146244841,55.04200322940333,33.011083081921605,0.03514447874125086,0.058070931671301194,-0.2842595883813363,0.36085378633552084,0.2975216672066196,0.2275471897967797,0.80002120886964,0.20909160620846926
2026-06-11,18:07:43,benar,0.8327,0.37476,-0.02344,1.09985,-12.565,-23.664,5.16,1.08423,-0.20483,0.32129,-7.893,-2.649,-1.664,1007.83,45.248,1.1621809298469838,1.1492333470187854,27.285338938704793,8.490320724212955,-0.70947,-4.672,0.18139000000000002,-21.015,0.7785599999999999,6.824,-0.020170344266036023,-0.32833001344847584,-0.17918924903102326,-1.232850277776652,0.15901890476498723,0.904520264328176,1.1632392988951836,0.025060026112567926,1.1019045848464677,0.05735499970796068,17.051083826928515,10.285847193624125,28.82828103003357,25.053040459794694,0.0329234769662671,0.06091961073506902,-0.16029256328691038,0.14703291052498857,0.2918814780281153,0.23222919395791847,0.9110679172031927,0.06740845343458207
2026-06-11,18:07:44,benar,0.8296,0.54712,-0.17749,0.60596,-26.0,6.069,-6.824,0.96973,-0.36011,0.16968,4.046,30.855,4.855,1007.82,45.272,0.8354822057351072,1.0482589314668393,27.55720843989826,31.49558962775582,-0.42260999999999993,-30.046,0.18261999999999998,-24.786,0.43628000000000006,-11.679,-0.2140714771064469,-0.713991217884256,-0.3506747114457905,-1.1812628402704952,0.1366032343393436,0.4672716223862392,1.0454627868092798,0.18222630393404124,1.0785376070978787,0.06143380554200368,23.998683496737552,5.92965843325947,32.26658236070585,24.170982026795677,-0.04493638559960006,0.1582126079525603,-0.3798669140738224,0.31156920817192835,0.2852183777598231,0.23826019520008046,0.7396547000801789,0.2376270302242904
2026-06-11,18:07:44,benar,0.8839,0.62866,-0.11792,1.20361,30.496,34.29,9.13,1.08032,-0.32324,0.31616,-3.87,2.42,2.389,1007.82,45.286,1.363009741014348,1.1711244791225226,46.788535091408875,5.15175901998531,-0.45165999999999995,34.366,0.20532000000000003,31.869999999999997,0.8874500000000001,6.741000000000001,-0.08662271018725572,-0.4793801449850958,-0.2796385264449257,-1.1744142621937088,0.19301581625767,0.695034117208613,1.120224292198813,0.26625475526552117,1.122872252536049,0.06553751732350378,33.877027490003975,11.182519826151534,15.045889790651364,14.343324827645773,-0.10695484385324622,0.09853658748788413,-0.5072337921059425,0.19433350301778549,0.16287931845400028,0.028403731182024508,0.688942001307676,0.2186879720678068
2026-06-11,18:07:45,benar,0.8497,0.55591,0.00488,0.36499,-21.634,-63.672,-10.893,0.77881,-0.16504,0.03442,-1.924,-75.252,-22.321,1007.82,45.286,0.6650394293573878,0.7968487648857844,68.12349806784734,78.5161914575586,-0.2229,-19.71,0.16992,11.579999999999998,0.33057,11.428,0.007337976625414413,-0.9897801406632077,-0.20862594797702844,-1.3576130408176437,0.21596392460244285,0.3678329001544359,0.954510458702281,0.3638906879022074,1.0054107251583821,0.19078143031947378,47.48974719971816,20.2922334246453,38.38784670176658,37.16466591269862,-0.09778540355609606,0.11112601334923956,-0.7277171678441864,0.25547669203624246,0.18186099173315215,0.04083934833452272,0.5100462132497627,0.1677420887198262
2026-06-11,18:07:46,benar,0.8247,0.87939,-0.09912,0.60059,-2.626,11.26,-1.565,0.9834,-0.19482,-0.33154,2.099,12.458,-2.084,1007.76,45.848,1.069513859003239,1.0559115322791015,11.667591910930035,12.804320403676252,-0.10401000000000005,-4.725,0.0957,-1.1980000000000004,0.9321299999999999,0.5190000000000001,-0.09281080646077895,-0.965324034580572,-0.18556726908900395,-1.198042602775893,0.092756462628225,0.232718568195321,1.0325210097916582,0.35045255336239395,1.0079615920958027,0.1916897888243961,42.193208356728746,28.507106234209612,32.15742362707339,40.329789734183,-0.05736518000754009,0.05611993400365044,-0.8114947734096253,0.28787952357080504,0.16724540116277928,0.06552179326113039,0.4318618618527899,0.23771558145605934
2026-06-11,18:07:46,benar,0.8692,0.65723,-0.03833,0.3916,25.252,30.618,6.099,0.9812,-0.21387,-0.22192,5.962,40.931,10.924,1007.76,45.848,0.7660098052897234,1.0284659952083977,40.15374489384521,42.781140482694006,-0.32397,19.29,0.17554,-10.312999999999999,0.6135200000000001,-4.824999999999999,-0.05005942898889824,-1.0313469130396806,-0.20947916857699164,-1.2664473156158198,0.1594197395880934,0.23510040257613918,0.8335210312167834,0.21051891905233847,0.9604087641244279,0.14231029263367995,39.981611624207524,28.228346699666105,44.70055078130962,32.897957402722426,-0.0451774196080876,0.05025256411475035,-0.9954836960944867,0.03337893090595937,0.15604670893958708,0.0616729492836925,0.27855062364196537,0.07732989045764485
2026-06-11,18:07:47,benar,0.9413,0.72559,-0.0188,0.93677,36.267,15.885,12.481,1.26978,-0.39771,0.0498,2.748,4.656,-2.252,1007.78,45.67,1.1850621591292163,1.3315384081955728,41.51389978067587,5.856734926561044,-0.54419,33.519000000000005,0.37891,11.229,0.88697,14.733,-0.015864812236415567,-0.6589412683786923,-0.3033140250833642,-1.2650373273552484,0.28744921284694863,0.6060960589765562,1.0068619411407262,0.21643744113136518,1.1386386452276906,0.16761877368324138,31.111745528483706,16.85285844467672,20.480731937643768,19.622650227417495,-0.052911682562030916,0.03855221160488756,-0.8852040719996483,0.19871058690169996,0.17987513835442237,0.09894510726129781,0.35797167658267215,0.21488531857135845
2026-06-11,18:07:48,benar,0.963,0.71582,-0.0957,0.79932,-3.473,-0.282,2.252,1.01563,-0.24194,-0.00244,2.595,1.885,2.527,1007.84,45.153,1.0772507715476467,1.0440523042932286,4.1488259785148855,4.083255931239187,-0.29981,-6.068,0.14623999999999998,-2.167,0.80176,-0.27500000000000036,-0.08895452193702176,-0.7268082126749,-0.23385744748660378,-1.3369267639531757,0.144902925549582,0.6101185512782756,1.009440911988862,0.21760021048850453,1.1346855692323998,0.17065759113973716,28.605490217678653,21.191008107436428,17.573710446831413,21.848276904515668,-0.05162625438744519,0.03657003722177311,-0.805698798031091,0.19834133302774645,0.19725729266154135,0.07844502101794185,0.48377167094365703,0.2153650270928683
2026-06-11,18:07:48,benar,0.9697,0.63452,-0.02075,1.0144,11.977,23.435,9.664,0.97876,-0.23291,0.01904,3.763,-23.847,-3.023,1007.82,45.272,1.1966843998732497,1.0062707027932394,28.03641649712031,24.3306002186547,-0.34424,8.214,0.21216000000000002,47.282,0.99536,12.687,-0.017340444908575725,-0.5588738164741957,-0.23357672185753733,-1.336425870300068,0.2162362769489616,0.7775520538258723,1.152999110183371,0.06585686922813998,1.1272871384273468,0.17789265936070944,24.566380752103687,18.922686017423747,11.423530358818311,11.212967770030136,-0.04071992636067102,0.04177890054508822,-0.648207765842596,0.08448015396732582,0.21619613844849742,0.07127315212539895,0.6645888880269014,0.09784964349231781
2026-06-11,18:07:49,benar,0.7547,0.87183,-0.17236,0.48315,-44.908,26.55,-14.786,1.20532,-0.48071,-0.2373,-22.382,37.924,6.489,1007.82,45.272,1.0115480418645473,1.319162498140392,54.224134479030646,44.51169308170607,-0.33348999999999995,-22.526,0.30835,-11.373999999999999,0.72045,-21.275,-0.17122777987722856,-1.0389594397985766,-0.372994270383772,-1.1522997106006212,0.2017664905065434,0.11334027080204456,1.0951610710951478,0.09385868040086927,1.12316183507562,0.17078951166376902,28.80312565155528,25.04645708580512,24.30851641053332,20.2142276225991,-0.09250758224094202,0.07700516959322316,-0.7748804896492242,0.24362626970590007,0.18763523100169568,0.037707839063805496,0.5003369586353975,0.34544655409965846
2026-06-11,18:07:50,benar,0.9064,0.69092,-0.07813,0.86792,27.901,-5.725,0.977,1.03369,-0.15845,-0.06665,10.145,-11.427,-8.244,1007.83,45.205,1.1120970594781734,1.0478853186775736,28.499051826332746,17.362629121190142,-0.34277,17.756,0.08032,5.702,0.93457,9.221,-0.07031258081186552,-0.67037095578151,-0.15179151971518895,-1.406009615308639,0.08147893890332343,0.735638659527129,1.1067765004053234,0.0926827871064384,1.1244395065370683,0.1699138801216993,36.9198676008279,14.987719873483336,28.734974140516968,14.10024115807001,-0.08629360186588993,0.0781784672488881,-0.7560680706847607,0.25125395132762707,0.1664939021196095,0.07397973815797235,0.5421769947183487,0.37197430689479316
2026-06-11,18:07:50,tidak pasti,0.6952,0.84009,-0.17847,0.58008,22.046,17.198,-11.328,1.10498,-0.12695,-0.00977,66.573,64.557,-40.076,1007.83,45.201,1.0363858139708397,1.1122915785889957,30.16821015572518,101.02304862752855,-0.26489000000000007,-44.526999999999994,-0.05151999999999998,-47.359,0.58985,28.748,-0.1730668704605931,-0.9451688264638424,-0.11438299983429838,-1.4560736053621335,-0.058683870626294724,0.5109047788982911,1.0533436384378534,0.052375586810620656,1.159779798468987,0.141736287854781,37.630465487029525,14.394752875413307,54.299123610141585,42.680344366650154,-0.13820241038322906,0.058801507488882,-0.884833074014643,0.1915585286673714,0.07485385292785737,0.13035151121752747,0.4532945697424882,0.31512382217422186
2026-06-11,18:07:51,salah,0.8781,-0.34375,0.06836,1.20776,22.046,59.542,14.504,0.52075,0.01904,1.07715,10.947,45.611,2.053,1007.83,45.201,1.2575855317631481,1.1965764524676226,65.12788877278305,46.95119741817028,-0.8645,11.099,0.04932,13.931000000000004,0.1306099999999999,12.451,0.05438493697291071,0.27686485669347893,0.015912734622641138,-0.4502603373773995,0.038472202350269574,0.7271251940708785,1.1353561350707204,0.1124191586693037,1.1189177832447308,0.07456670341410651,41.26505025161366,20.68266953508902,55.11229172229633,42.42309563403832,-0.06299817143318263,0.11390218002571834,-0.4462249751839578,0.6411104789007046,0.02042242354243276,0.07180354573464935,0.6578895441654329,0.12736369454831414
2026-06-11,18:07:52,salah,0.7467,-0.01172,0.06787,1.10156,-18.015,-77.992,-4.679,0.87695,-0.24634,0.50488,-31.26,-92.756,0.557,1007.85,45.061,1.1037110712953822,1.0414549978275587,80.18220083035885,97.8834683948214,-0.88867,13.245000000000001,0.31421,14.763999999999996,0.5966800000000001,-5.236000000000001,0.061531362534868926,0.01061892061957109,-0.23879754440160195,-1.001059762837977,0.30032890693647085,1.011678683457548,1.1325608056764567,0.1133867680474363,1.1167743429613923,0.07765782513517984,58.49276658628903,25.658691522033326,81.9525714801734,30.35269972639338,-0.01905019031760449,0.13343021086425255,-0.2192283497169308,0.6426226781351696,0.09337241288681523,0.18569617241895625,0.7499028854755725,0.25116278245627177
2026-06-11,18:07:52,salah,0.7963,1.01001,-0.15112,0.3728,-8.115,-43.527,-10.267,0.90918,-0.26465,-0.46411,-13.656,-22.374,-0.611,1007.75,45.9,1.0871693954945567,1.0545359107209198,45.451779316105984,26.219373238122987,0.10083000000000009,5.541,0.11352999999999999,-21.153000000000002,0.83691,-9.655999999999999,-0.13945474828251328,-1.191775147831927,-0.25367545889812204,-1.0395202139504451,0.11422071061560876,-0.1522549338814818,1.1494886661843624,0.09397928506082329,1.0975224536720336,0.08603225312973213,63.587289639749294,17.4163896633587,57.01801301703822,36.87738081647461,-0.00784614959157788,0.1140323870074722,-0.3014304568396256,0.7824685145119898,0.1510072733007831,0.13474855038117836,0.5288496478823149,0.606770352402999
2026-06-11,18:07:53,salah,0.7948,0.92651,-0.10596,0.51172,-2.382,9.794,1.168,0.89453,-0.21924,-0.44214,-2.26,7.84,-1.26,1007.75,45.9,1.0637225484589483,1.0216349045035609,10.146949492335123,8.255955426236262,0.0319799999999999,-0.12200000000000033,0.11327999999999999,1.9540000000000006,0.9538599999999999,2.428,-0.09977791761040998,-1.0572488067168357,-0.21627941300772277,-1.0666491608373585,0.11650149539731279,0.009400354120522758,1.084867671749629,0.02009338047239619,1.0392086043506799,0.016565137043453543,45.26030987959999,35.0180182606594,44.119599019726884,47.419261197405554,-0.05923376778601811,0.1064505765560305,-0.7461350113097306,0.6588108372145202,0.17701703764979748,0.10679730017671482,0.28960803456552964,0.6305336030127642
2026-06-11,18:07:54,tidak pasti,0.5407,0.94043,-0.08716,0.48926,-1.824,2.954,-1.794,0.90527,-0.22339,-0.38208,-0.008,3.183,1.115,1007.74,46.01,1.0636638557833955,1.007671569212906,3.9078802438150535,3.3726514791777698,0.03515999999999997,-1.816,0.13623000000000002,-0.22899999999999965,0.87134,-2.909,-0.08203516303625269,-1.0846546302451583,-0.2235465320899955,-1.1160626386912653,0.1415113690537428,0.03140800844610703,1.0715185999123003,0.013554018333163362,1.0279474614791289,0.02406144027115339,19.835536350752054,22.402576280798392,12.615993381179008,12.031235265303028,-0.10708927630972531,0.029399730729815995,-1.111226194931307,0.07109057708906379,0.1240778583555548,0.015140870723078993,-0.037148857104950674,0.10029028315540899
2026-06-11,18:07:54,salah,0.6527,0.97803,-0.03857,0.41724,15.267,49.725,2.725,1.04102,-0.21777,-0.32397,31.756,52.977,-0.641,1007.79,45.541,1.0640110635702995,1.1118016793475356,52.087258893130475,61.7690613980818,-0.0629900000000001,-16.489,0.1792,-3.2519999999999953,0.7412099999999999,3.366,-0.03625756661701586,-1.1660227018674605,-0.19714584513411793,-1.2120452472688954,0.16088827851710208,0.04602254540143491,1.0637991559375477,0.00018584897404798099,1.0470360510213341,0.05652153255596988,22.047362876426885,26.201679541447916,24.46588943449861,32.397633297331055,-0.07269021575455951,0.032775063346303625,-1.102642046276485,0.05657384924302749,0.13963371432271923,0.022252883395135658,0.0289436359893549,0.018435050101861087
2026-06-11,18:07:55,salah,0.7063,0.05884,0.10986,1.23462,19.13,73.588,7.779,0.82788,-0.05737,0.56836,23.427,87.206,-5.206,1007.79,45.541,1.2408939961173155,1.0058378104346644,76.43077577128207,90.44784796223733,-0.76904,-4.297000000000001,0.16723,-13.61800000000001,0.6662600000000001,12.985,0.08864900959806293,-0.04743521356890493,-0.05706799963598936,-0.9668044176587339,0.14571700923405229,0.919369204089829,1.1228563051570035,0.10222378638919326,1.0417703529983686,0.060655837892834664,44.14197163607586,36.90851238020586,51.86318694649896,44.37473630489254,-0.009881240018401872,0.08834622035261484,-0.7660375152271746,0.6236562688944168,0.14937221893496574,0.010192476321093132,0.3322665859791237,0.5084982884110213
2026-06-11,18:07:56,salah,0.7437,-0.17383,0.08472,1.10254,-8.328,3.733,0.313,0.6333,-0.07397,0.93433,3.237,-10.931,2.351,1007.82,45.344,1.1193698222214141,1.1311556037079955,9.13174912051355,11.640108719423543,-0.80713,-11.565,0.15869,14.664,0.16821000000000008,-2.038,0.07575788702773342,0.1559237751783148,-0.06543999857700028,-0.5942288026178534,0.1411978856047337,0.7501525777961682,1.141424960636343,0.09048046642499316,1.0829316978300652,0.06746290982709431,45.883261261642026,34.07575291895762,54.6190060265809,39.8874342368932,0.04271644333626016,0.06869654974127827,-0.3525113800860169,0.7118210607842511,0.14926772445196268,0.010314241473801505,0.5718481090958107,0.46317163042379134
2026-06-11,18:07:56,salah,0.8607,0.70386,-0.07568,0.46704,-12.359,-103.519,15.634,0.90698,-0.22632,0.04468,-31.527,-130.313,6.481,1007.82,45.344,0.8480994774199546,0.9358577697492285,105.41987572559552,134.22903210185194,-0.20311999999999997,19.168,0.15064,26.793999999999983,0.42236,9.153,-0.08935366858605949,-0.9789754318758122,-0.24425305623283633,-1.3217299957231181,0.15489938764677685,0.34275456384730596,1.0694544319195616,0.20109834191611978,1.0242837279639627,0.09894695494238212,63.660800205797045,49.397925444662015,78.77232959450427,62.12285675081418,0.02501774267991229,0.09925804776696123,-0.29016229008880073,0.6051333553853588,0.14727142749518762,0.006981758492667984,0.670758781911101,0.2963927157577989
2026-06-11,18:07:57,salah,0.775,1.00684,-0.11865,0.3877,-9.481,1.802,-3.893,0.90918,-0.20776,-0.47046,-11.618,0.053,3.435,1007.8,45.464,1.0854104744749793,1.0445597644941145,10.406344891459248,12.115277875476073,0.09765999999999997,2.1370000000000005,0.08911,1.749,0.85816,-7.327999999999999,-0.10953236823547147,-1.1879689720985787,-0.20023249698855533,-1.0560048049638042,0.09070012875308386,-0.13196416713477443,1.0176265913721159,0.14779340681692352,1.0371910459837794,0.09785721484188044,41.65265657918943,55.22770886832227,52.66147289891719,70.6399779315857,-0.04104271659793251,0.10165422143411085,-0.670340209598692,0.7231553805154148,0.12893246733486483,0.03381148583877941,0.32031432483623323,0.44148630915017734
2026-06-11,18:07:57,tidak pasti,0.5483,0.94043,-0.1311,0.4126,-26.092,3.237,-30.405,0.89819,-0.13599,-0.43335,3.427,8.824,2.107,1007.84,45.1,1.035294429087687,1.0064943013748264,40.196202034520624,9.697770568537905,0.042239999999999944,-29.519,0.0048900000000000055,-5.587,0.84595,-32.512,-0.1269715363707556,-1.139368520833219,-0.13552704140753158,-1.102623986402379,0.00855550503677599,-0.036744534430839915,0.9896014603275404,0.1250800258890255,0.9956372785393898,0.055158291525537646,52.0074742171918,48.595497459355194,52.014026848621974,71.21054277272606,-0.10861919106409551,0.01882555214532793,-1.1021043082692032,0.10936654478049213,0.0847183404788789,0.07335509074059203,0.058015287427230534,0.2511454484262837
2026-06-11,18:07:58,tidak pasti,0.5667,1.0061,-0.07227,0.35864,11.191,-2.344,9.137,0.86133,-0.09985,-0.43872,11.489,0.26,3.855,1007.84,45.1,1.070552573440464,0.9717688149966535,14.6361738852748,12.121293082835678,0.14476999999999995,-0.29800000000000004,0.027579999999999993,-2.604,0.7973600000000001,5.282,-0.06755857333098211,-1.2220300564448343,-0.10293244284540329,-1.0894076142541673,0.035373869514421175,-0.132622442190667,1.0637524923343769,0.02574073286839956,1.0076076269551981,0.03640824360734003,21.746240270418223,16.117496088160255,11.311447175616552,1.3974881716331395,-0.10135415931240306,0.030539112138099057,-1.1831225164588772,0.041543332396646836,0.04487650110142701,0.041888659642941826,-0.10044371458542711,0.05516609008972105
2026-06-11,18:07:58,tidak pasti,0.5628,0.97656,-0.07739,0.39868,0.481,-1.55,0.969,0.88745,-0.19629,-0.50171,-6.046,-2.809,1.29,1007.86,44.98,1.0576409542467615,1.0381763774523094,1.8901909956403877,6.7903385040806326,0.08911000000000002,6.527,0.11889999999999999,1.2590000000000001,0.90039,-0.32100000000000006,-0.07323773400732869,-1.1766843547129677,-0.19021693220369407,-1.0251965717770515,0.11697919819636537,-0.15148778293591625,1.0544959855916376,0.017838225995922337,1.0054798312745963,0.03321540230094548,18.90752230514527,19.5069457737661,9.536467385151406,2.6691352940447413,-0.08925594790302212,0.03278585711244274,-1.1793609773303404,0.04139571957213043,0.05363619091585418,0.05647175043168156,-0.10695158651914105,0.061528431578869794
2026-06-11,18:07:59,tidak pasti,0.5213,0.93164,-0.11621,0.40723,8.786,6.924,4.206,0.84546,-0.18604,-0.50635,6.702,3.695,-4.916,1007.86,44.98,1.023373893843301,1.0028977094898561,11.950983557849957,9.095981805170897,0.08618000000000003,2.0839999999999996,0.06983000000000002,3.2290000000000005,0.91358,9.122,-0.11380123528583172,-1.1441563484733908,-0.18658318019642367,-1.0028681332821388,0.07278194491059195,-0.141288215191252,1.0505224738435088,0.02438158166673276,1.0042809673129396,0.033225383962857465,9.492449479588382,6.719249386367009,9.335871130695736,2.6735611731477023,-0.08486584754138084,0.02521915372168997,-1.1809569198770642,0.03911227055690457,0.07504500420712616,0.0408497061844606,-0.1417994801059451,0.009443056402369816
2026-06-11,18:08:00,tidak pasti,0.6067,0.99585,-0.09326,0.3877,-0.183,2.069,1.16,0.85327,-0.17139,-0.49243,0.405,2.305,-0.595,1007.86,44.98,1.0727189473948897,0.9999657643639605,2.379043925613817,2.4147618930238237,0.14258000000000004,-0.5880000000000001,0.07812999999999999,-0.2360000000000002,0.88013,1.755,-0.08704785282869974,-1.1899273136922413,-0.172246328670247,-1.0222802537489446,0.08519847584154726,-0.16764705994329665,1.051244598494984,0.025286727797003746,1.0136799504353753,0.02126511880997373,5.406739493034721,5.672749957620906,6.100360734091784,3.3936303379900887,-0.09136227404062004,0.020623047344856194,-1.1702560056262,0.023552878130969828,0.09165320631616819,0.022794669522208533,-0.15347435269015497,0.013291238418858488
2026-06-11,18:08:00,tidak pasti,0.5775,1.00122,-0.08081,0.38818,1.328,2.679,-0.321,0.86157,-0.16187,-0.51343,1.122,2.733,-3.015,1007.86,44.98,1.0768729994293662,1.015930670223121,3.007268860610903,4.221184430938786,0.13965000000000005,0.20599999999999996,0.08106000000000001,-0.05400000000000027,0.90161,2.694,-0.07511195445715885,-1.1937265288479129,-0.16001370693674133,-1.0123131242389445,0.08490175247958248,-0.18141340460896838,1.057655280222519,0.029761117689650157,1.0062647146923125,0.008498358535505027,5.7790987813582255,5.354230842329813,5.243976043044502,3.4560457013707144,-0.09198701419056343,0.019811905485815184,-1.1759367303378483,0.027588095485876214,0.08096072441057389,0.007084584445849855,-0.1634495599145057,0.02038926093120296
2026-06-11,18:08:01,tidak pasti,0.5695,0.99365,-0.09204,0.36914,-2.885,5.977,2.458,0.87061,-0.17798,-0.48193,7.916,6.595,-2.473,1007.86,44.98,1.0639906125995662,1.0108883110413336,7.0773948596923715,10.59588646598292,0.12304000000000004,-10.801,0.08594,-0.6179999999999994,0.85107,4.931,-0.08661277346723793,-1.2051414920610966,-0.1769855038239769,-1.03769014215885,0.09037273035673897,-0.16745134990224653,1.0711941864746073,0.006575153572819886,1.008928248542805,0.008160939806270336,4.154569215305697,2.550656572894773,5.743944263315176,4.2978829614000675,-0.08292419358436551,0.006769094004974856,-1.1962651115337504,0.0079184030839218,0.08682431955928956,0.0030765931773595813,-0.1721706048181705,0.008005097537483328
2026-06-11,18:08:01,tidak pasti,0.6059,0.9707,-0.06421,0.42041,2.137,5.595,-0.237,0.86719,-0.15259,-0.47827,-0.885,-0.687,-0.183,1007.86,44.98,1.059776383111079,1.0020201580307653,5.993910493158869,1.1352017441847067,0.10350999999999999,3.0220000000000002,0.08838,6.282,0.8986799999999999,-0.05399999999999999,-0.06062538393911485,-1.1578637898493105,-0.15287716282349614,-1.0460312626067825,0.0922517788843813,-0.11183252724252801,1.0668799983800037,0.008907018862943294,1.0096130464317399,0.007042393927620097,5.359524737820714,2.1079173079207116,5.317424213702138,4.824670465151097,-0.07411670395450388,0.013022250047279717,-1.1855772702527734,0.024669882313144986,0.08917542057356759,0.003818492513475487,-0.15356576058458096,0.03681007765266264
2026-06-11,18:08:02,tidak pasti,0.612,0.99707,-0.0625,0.38086,-1.908,0.603,0.885,0.85107,-0.16089,-0.52563,0.031,0.42,0.824,1007.86,44.98,1.0691628381589027,1.0131597277329967,2.1879894880917505,0.9253847848327743,0.14600000000000002,-1.9389999999999998,0.09839,0.183,0.90649,0.061000000000000054,-0.05849029591198192,-1.2014700402280203,-0.1594753460587978,-0.9973120159553456,0.10098505014681587,-0.2041580242726747,1.0643099446231827,0.0047013683430660565,1.0086893989350318,0.005886332824955468,5.0864316136476635,2.5679193249649486,4.2188243316668,5.523694134164588,-0.06857615110611157,0.01565661074017344,-1.1881584407128092,0.026300081612926778,0.09453651979597871,0.005663070157305106,-0.16114730047248307,0.04648446116580876
2026-06-11,18:08:02,tidak pasti,0.6037,0.98511,-0.0686,0.38013,-1.885,1.229,-2.336,0.8584,-0.15527,-0.50464,-4.328,-1.107,0.221,1007.86,44.98,1.0581334929960398,1.0077801657603707,3.2435415828997782,4.4727926399510185,0.12671,2.4430000000000005,0.08667,2.3360000000000003,0.8847700000000001,-2.557,-0.06487664050390932,-1.1971111264008343,-0.15468746097732805,-1.019360325769937,0.08981082047341873,-0.1777508006308972,1.062357571422007,0.005950505314907832,1.0076533505080443,0.0055708675149284915,3.8084805213834656,1.9648474946835144,2.1777930563228334,1.9902947283626313,-0.0613307734516687,0.0032510813716401772,-1.1854816521593883,0.02401686431181272,0.09434921650153864,0.005874971116257276,-0.16458045071536664,0.047550950969870664
2026-06-11,18:08:03,tidak pasti,0.6122,0.99683,-0.05786,0.37354,1.099,4.366,-0.405,0.85107,-0.14697,-0.51001,-4.351,4.756,-2.053,1007.86,44.98,1.0660909717749232,1.003010730700325,4.520374099562999,6.7650237250138305,0.14576,5.45,0.08911,-0.39000000000000057,0.88355,1.648,-0.05429972135783782,-1.2083514912290663,-0.14705831897955912,-1.0131733314708515,0.09275859762172131,-0.19517815975821473,1.0644624343099551,0.005692162540414251,1.0079835413978975,0.005077554177923589,3.317301723518176,1.167940457692517,4.054400383265874,2.9422159673042865,-0.059222219257909686,0.005326310964811297,-1.2023108859526401,0.005667161239756377,0.09451815608065196,0.005791190436883695,-0.19236232822059554,0.013426914967813763
2026-06-11,18:08:03,tidak pasti,0.535,1.0144,-0.05688,0.36768,10.55,1.351,-0.351,0.85938,-0.13257,-0.49658,9.267,1.901,-7.458,1007.86,44.98,1.0804773374763583,1.001349332500901,10.64194070646891,12.046279674654743,0.15501999999999994,1.2830000000000013,0.07569,-0.55,0.86426,7.107,-0.05266774505708651,-1.21925857115694,-0.13278119017876344,-1.0317955169871158,0.08011344512167692,-0.18746305416982412,1.0682339340824403,0.01132501929926588,1.0040467429871989,0.003338247324074558,6.1352854629772295,3.954747960574786,7.761365346539864,3.883805985923498,-0.05728136897294455,0.006628118049896694,-1.20824039626228,0.011074140322161459,0.08756095440560567,0.006615995271285131,-0.18679733818631203,0.008732731237485322
2026-06-11,18:08:04,salah,0.5487,0.98218,-0.04175,0.39722,25.382,18.252,18.824,0.88989,-0.12891,-0.45264,14.244,6.519,-5.931,1007.85,45.076,1.0602850292727894,1.0066801725473686,36.49279934452823,16.750094268391447,0.0922900000000001,11.138000000000002,0.08715999999999999,11.732999999999999,0.8498600000000001,24.755000000000003,-0.03938638680817087,-1.1845663899382495,-0.12840715378633066,-1.0843181156330282,0.08902076697815979,-0.10024827430522132,1.068951112841357,0.010395558322519538,1.003680078582865,0.0027277250303413677,17.218371383520047,16.970447087474362,11.853799222686673,4.995317305472117,-0.04878461774103173,0.008179908016725525,-1.2040588174414186,0.017739987193145994,0.08729760324051934,0.006496302054814258,-0.16096316274442005,0.05272194962440468
2026-06-11,18:08:05,salah,0.5807,0.98706,-0.05908,0.42432,-22.855,-9.366,-6.229,0.89307,-0.16138,-0.4436,-2.504,-16.038,8.534,1007.85,45.076,1.076022933026987,1.0101477561723335,25.472993974010986,18.338937155680533,0.09399000000000002,-20.351,0.1023,6.672000000000001,0.86792,-14.763000000000002,-0.05493351748950284,-1.16130246312276,-0.16044631636912374,-1.0845610646065846,0.1055127988796209,-0.07674139851617534,1.0722617665920449,0.010608586492105372,1.0060590870735344,0.004431971925662685,24.202578008336044,12.972169850322379,15.71177036624224,3.2723037661116092,-0.048995883118253404,0.008398824065248174,-1.1883758080726496,0.02916524240443424,0.0915490036598192,0.012887039162242112,-0.12148424233040693,0.058335632431184996
2026-06-11,18:08:05,salah,0.5477,1.07373,-0.14429,0.29639,12.237,3.29,-1.924,0.85498,-0.19165,-0.52588,3.198,-7.153,-0.748,1007.85,45.076,1.1231931041009824,1.021895443428534,12.816787624049951,7.870966713180789,0.2187500000000001,9.039,0.047359999999999985,10.443,0.8222700000000001,-1.176,-0.12882009889580018,-1.2729204863875092,-0.18866082293443054,-0.9911582492929132,0.05984072403863036,-0.281762237094596,1.0865003554669197,0.032736657669743714,1.0129077907160786,0.007974299969828649,24.927526980863053,11.847427291505804,14.319999379084257,5.641242963615356,-0.07438000106449129,0.04778306715791133,-1.2062631131495063,0.05888723654546828,0.08479142996547034,0.023127906817207625,-0.1529173033053309,0.11220029422737936
2026-06-11,18:08:06,tidak pasti,0.559,0.8772,-0.01416,0.54858,4.947,1.847,1.298,0.87769,-0.20337,-0.39014,23.832,21.053,-8.115,1007.85,45.076,1.034707863118861,0.9817883237236018,5.437740523415953,32.818382927865294,-0.0004899999999999904,-18.885,0.18921,-19.206,0.93872,9.413,-0.013685449302844347,-1.0117768098653286,-0.2086531091989749,-1.1061290229381942,0.19496765989613055,0.09435221307286557,1.0779746334156102,0.04427489490355943,1.004610507774823,0.02061895008525498,14.575840707158962,10.132795567822907,19.676095598908873,12.527345627621937,-0.06581302189604912,0.05833326320652931,-1.1486665864585326,0.13102959200572023,0.12010706093812727,0.06873548255692624,-0.08805047417930194,0.1883120848497481
2026-06-11,18:08:06,tidak pasti,0.5529,0.96509,0.01489,0.47314,15.901,11.145,10.763,0.90405,-0.15625,-0.38745,-5.183,4.122,9.366,1007.85,45.076,1.0749334304039484,0.9959106222447877,22.20123859157412,11.470672560926843,0.06103999999999998,21.084,0.17114000000000001,7.023,0.86059,1.3970000000000002,0.013852463589383492,-1.1147795673068799,-0.157542471544066,-1.1379182060713982,0.1713949351334495,0.02313863876451827,1.0776114658745974,0.04430336751763414,0.9998647964656411,0.020343841404294426,13.48525557968001,8.401717320052123,17.38667406732431,13.484906351730762,-0.04288436153642034,0.07568551630424553,-1.133158954519906,0.13153842158329668,0.1420677730227368,0.0721795263676637,-0.05475712841907073,0.1997907225449493
2026-06-11,18:08:06,tidak pasti,0.5189,0.94507,-0.08521,0.50073,-4.153,2.672,-1.321,0.9314,-0.18164,-0.41333,-4.16,-1.107,1.901,1007.85,45.076,1.0729159248981253,1.0350559108086868,5.111950117127513,4.705831488695702,0.01366999999999996,0.007000000000000561,0.09643,3.779,0.91406,-3.222,-0.07950280968651935,-1.077639014451518,-0.17640154478906003,-1.1194364513708899,0.09689873510254068,0.04179743691937188,1.0608524061403115,0.022664298565516296,1.004251618925692,0.027595980281372876,10.916976410705862,9.77381525158613,16.331628992495947,14.673123736178294,-0.026445265133326734,0.04796781668082775,-1.0680651305412423,0.05216451332070819,0.15442044337737357,0.05119060978661528,0.0530960962522519,0.03692679336854181
2026-06-11,18:08:07,tidak pasti,0.5103,0.98877,-0.06104,0.49463,1.641,-4.847,1.542,0.93604,-0.18579,-0.3916,5.679,4.13,-7.84,1007.85,45.076,1.1072717965341663,1.031522838186339,5.344534965738366,10.52490099715907,0.052730000000000055,-4.038,0.12475000000000001,-8.977,0.8862300000000001,9.382,-0.05515444223363848,-1.1039199506131008,-0.18110066536367403,-1.1371390703861735,0.12594622313003556,0.03321911977307268,1.0850403839454132,0.019279376581856227,1.020829790413271,0.02165281407105239,10.88590789148,9.800053855327542,8.900468348927205,3.6633119925304665,-0.04026826277692478,0.048425205381265435,-1.0987795107904994,0.019096420025172797,0.13141329778867525,0.03754780464625927,0.032718398485654276,0.009339471532246754
2026-06-11,18:08:07,tidak pasti,0.5455,0.96973,-0.09863,0.50439,5.534,5.046,4.618,0.94678,-0.14844,-0.37354,-3.221,6.603,0.405,1007.85,45.076,1.0975032673755463,1.0285713070079292,8.79847691364818,7.357885226068697,0.022950000000000026,8.754999999999999,0.04980999999999999,-1.5569999999999995,0.87793,4.213,-0.08998902029146404,-1.0834491393023993,-0.14482239231995253,-1.1693086951573397,0.054833372028488495,0.08585955585494043,1.092563662935946,0.017702577438972522,1.0317166853343183,0.003246645060794976,6.4183206655046865,2.064553644770031,7.529539237307823,2.9133299351022517,-0.0748820907372073,0.017871072710474997,-1.088336034789006,0.013805187865619961,0.09255944342035492,0.03575446108075209,0.05362537084912833,0.02824320968847758
2026-06-11,18:08:08,tidak pasti,0.6414,0.92163,-0.10522,0.53369,-2.55,-0.908,-1.595,0.94971,-0.16724,-0.34741,-2.802,-10.214,-6.137,1007.85,45.076,1.0701860218672266,1.0249936632974859,3.141813011622429,12.240905562906692,-0.028080000000000105,0.2520000000000002,0.062020000000000006,9.306000000000001,0.8811,4.542,-0.09847845240041078,-1.0375998286438584,-0.16389474203591387,-1.1851408657216498,0.06541628963550308,0.14754103707779143,1.0916536952589797,0.019222429376172613,1.0283626028305848,0.0032695870163583452,5.761608297002991,2.851302202127903,10.041230595378153,2.477180795917518,-0.0812073049751711,0.022958252484781106,-1.0749896395197862,0.033959711378821034,0.08206529493134239,0.03836862560678144,0.0888732375686015,0.05722051120149294
2026-06-11,18:08:09,tidak pasti,0.5007,0.92969,-0.09155,0.50488,-1.359,8.595,-3.908,0.94043,-0.16992,-0.64648,57.542,23.45,-9.038,1007.85,45.076,1.0618892187982698,1.153784113991868,9.539044501416273,62.79068169720727,-0.010739999999999972,-58.901,0.07836999999999998,-14.854999999999999,1.15136,5.130000000000001,-0.08632142881412995,-1.066481248826534,-0.14780954624000206,-0.9528727190303468,0.06148811742587211,-0.1136085297961873,1.0765261693470143,0.018634328980815174,1.0691163614324277,0.07334624139129202,7.159778142228961,3.499306064220538,27.463157495394217,30.691797708422985,-0.09159630050200158,0.006235849410925214,-1.062510072257597,0.0231811885905814,0.06057925969662123,0.005349677845275278,0.03993068771218152,0.13649860719535886
2026-06-11,18:08:09,benar,0.7111,0.95679,-0.04224,0.44653,10.092,3.092,-2.473,0.90283,-0.04272,-0.28638,-20.244,-13.992,15.672,1007.85,45.047,1.0567025894734998,0.9481247342517756,10.84087897727855,29.175455163544576,0.05396000000000001,30.336,0.00048000000000000126,17.084,0.73291,-18.145,-0.03998405748554271,-1.1324356813463154,-0.045072622213142954,-1.2604472728110259,0.005088564727600248,0.12801159146471042,1.0629259433796654,0.0068012378044222405,1.0423008371803766,0.10391630680326046,7.840578830105751,4.120982093305711,34.735680807886176,25.729497638293903,-0.07492797956669449,0.030866755149019983,-1.0788389196055694,0.04861063422506221,0.04399765726299182,0.033753455314573,0.05398136624877151,0.14546521836424903
2026-06-11,18:08:10,tidak pasti,0.5439,0.98169,-0.10376,0.40259,-3.557,-4.626,1.557,0.94214,-0.16553,-0.39551,-11.786,-9.527,0.092,1007.85,45.047,1.0660957282533308,1.0351116464420638,6.039567368611762,15.155262749289436,0.039549999999999974,8.229,0.061770000000000005,4.900999999999999,0.7981,1.4649999999999999,-0.09748140957882573,-1.1701965181291851,-0.1606046625302947,-1.1437232678795533,0.06312325295146898,-0.026473250249631874,1.0615625121750334,0.004705084159453516,1.0456734982285691,0.1032356995115545,8.806496949102195,2.4830661948849895,35.70713320334709,24.480204208658904,-0.07459563195949946,0.030489458970958897,-1.1230378161006782,0.052492420167217724,0.043233311701647105,0.03304443536107571,-0.004023396193702918,0.1223644871271159
2026-06-11,18:08:10,tidak pasti,0.5138,1.0437,-0.10278,0.31665,4.718,1.16,3.099,0.9248,-0.15308,-0.37891,22.031,14.863,-7.229,1007.85,45.047,1.0955093066240926,1.0110693915355167,5.762718542493638,27.5414627607177,0.11890000000000012,-17.313,0.0503,-13.703,0.69556,10.328,-0.09395755856295479,-1.2620246472607846,-0.15198854262425587,-1.1547033649517355,0.05803098406130108,-0.10732128230904903,1.0727692081169744,0.020245785342124203,0.9981019240764519,0.04491989684234207,7.547721629461317,2.855315272652518,23.95739355785057,7.666525475819526,-0.07714100854244108,0.0322270637877401,-1.188218948912095,0.06664781339390617,0.04208093391345677,0.03213735107471481,-0.0019276470313234946,0.1195711309123863
2026-06-11,18:08:11,tidak pasti,0.5259,0.99829,-0.11328,0.35352,2.061,3.893,-1.053,0.94165,-0.17969,-0.41211,-0.534,-2.481,0.122,1007.85,45.047,1.0650782473133136,1.0434691517721066,4.529015235125623,2.5407481181730707,0.056640000000000024,2.5949999999999998,0.06640999999999998,6.374,0.76563,-1.1749999999999998,-0.10655993331086785,-1.214779708435988,-0.17306708392237974,-1.125359307254965,0.06650715061151188,-0.0894204011810229,1.075561094063579,0.017283148009995156,1.029883396583229,0.016820733137617196,5.443767048743674,0.8042011430723542,15.079157876060068,12.500531073649762,-0.0993329671508828,0.006502012104240551,-1.2156669579419859,0.04592049361360188,0.06255379587476065,0.0042666803100757395,-0.0744049779132346,0.042464082162496634
2026-06-11,18:08:12,salah,0.6025,0.98071,-0.10669,0.38696,7.374,5.794,2.588,0.93799,-0.19092,-0.37915,8.305,2.588,-2.16,1007.85,45.047,1.05967584751187,1.029577781908681,9.728517667147447,8.96305578471985,0.04271999999999998,-0.931,0.08423000000000001,3.2059999999999995,0.7661100000000001,4.748,-0.10085261145033622,-1.182303790369573,-0.186514762425623,-1.1458075437387174,0.08566215097528679,-0.0364962466308556,1.0734211338164255,0.01931869598056992,1.0280387750721014,0.016254615417763917,6.673417148255569,2.716750880749422,13.015088887870206,12.983572788768742,-0.10045670110805295,0.006310508780681187,-1.2197027153554485,0.04008778808707274,0.07006676188269992,0.014155333643493228,-0.07774597670697585,0.036827510909706006
2026-06-11,18:08:12,tidak pasti,0.5456,1.03247,-0.1106,0.34155,-3.947,3.366,-1.374,0.93433,-0.1604,-0.37549,-10.061,-0.687,1.763,1007.85,45.047,1.0931070685893491,1.019653592648013,5.3662501805264355,10.237375591429672,0.09814,6.114,0.04979999999999998,4.053,0.71704,-3.137,-0.10135290957341982,-1.2361538330308344,-0.15796444862572756,-1.1587944027135877,0.056611539052307744,-0.07735943031724668,1.0726203878048441,0.01794643552570574,1.0309001754429337,0.01196272366950234,6.541261027599835,2.7918084198607405,7.247059831440865,4.125287892896017,-0.10292181811154129,0.003160614846144407,-1.2110791106121317,0.027115080524412333,0.0695936135463688,0.014769197790031363,-0.0677586927097084,0.027737558574414917
2026-06-11,18:08:13,tidak pasti,0.5299,0.95581,-0.08154,0.40845,0.458,4.802,-1.855,0.92383,-0.15991,-0.40454,-9.031,-3.977,1.153,1007.85,45.047,1.0426183051337627,1.0211198208829364,5.16817114654691,9.935033920425235,0.03198000000000001,9.489,0.07837,8.779,0.81299,-3.008,-0.07828689561934374,-1.1598422228781275,-0.15724984690263566,-1.1307276855406887,0.07896295128329192,-0.02911453733743885,1.0651337404116605,0.0256830733168312,1.0234503984798768,0.005356871948433125,6.754312998073598,2.5776401777752227,9.711821765524919,0.6658381875611146,-0.09349747221436659,0.01317512067564404,-1.1927666154261782,0.03921694139206321,0.07374554710362881,0.01521185370214155,-0.047656738095180375,0.025986724532965428
2026-06-11,18:08:13,tidak pasti,0.5859,0.97046,-0.07422,0.39722,3.542,1.519,2.038,0.94141,-0.1543,-0.36963,14.885,10.71,-4.611,1007.85,45.047,1.0512302071382842,1.0230775215006924,4.359652394400269,18.908427909268397,0.02905000000000002,-11.343,0.08008,-9.191,0.76685,6.648999999999999,-0.0706617826583245,-1.176236906743793,-0.15139716297471525,-1.1685263455065042,0.08073538031639076,-0.007710561237288749,1.0623185269537987,0.027009108390816747,1.0212836450105474,0.0017178332153160048,4.964691240491205,0.5332568141944871,13.026945807041102,5.095755725171826,-0.08343386261702934,0.015979823834638193,-1.1907443208842516,0.040171062467985165,0.07210329021733014,0.013445487785445815,-0.038061509630658096,0.035676007006684544
2026-06-11,18:08:13,tidak pasti,0.6617,0.97607,-0.08862,0.40015,1.794,0.916,1.359,0.93945,-0.17065,-0.35693,-6.947,-2.519,0.786,1007.85,45.047,1.058624660491149,1.0193560466784901,2.4298915613664738,7.431282930961518,0.036619999999999986,8.741,0.08202999999999999,3.435,0.75708,0.573,-0.08381047190164014,-1.1732586183581164,-0.16820161094393415,-1.1722117148091267,0.08439113904229402,-0.0010469035489897305,1.0508243909210653,0.008010890590836294,1.0211844630207063,0.0018615793476381907,3.985905034104551,1.4068792018684466,12.091581586885049,6.034835340881609,-0.0775863833931028,0.006602275762088093,-1.169779249326679,0.008733608727580602,0.0813631568806589,0.0027680106841788572,-0.012624000707905777,0.01466473430356601
2026-06-11,18:08:14,tidak pasti,0.5424,0.9895,-0.07715,0.37402,0.214,4.954,-1.969,0.93774,-0.18164,-0.38013,-6.053,-2.855,0.863,1007.85,45.047,1.0606381724697636,1.028031232064474,5.335248166674161,6.747933239148117,0.05176000000000003,6.267,0.10449,7.808999999999999,0.7541500000000001,-2.832,-0.07280352320453029,-1.2024634198634845,-0.17761971372740634,-1.148550136818145,0.10481619052287605,-0.05391328304533949,1.0568310133663987,0.0049538197813073686,1.0234882667478855,0.004352153962564495,4.041597374146968,1.478561293261966,11.02921469312601,6.832147713523179,-0.07575859258816497,0.007054880119526652,-1.1839863149884646,0.016070784170317425,0.08998090329385361,0.012977112673518781,-0.02089024927720599,0.028792215143770557
2026-06-11,18:08:14,tidak pasti,0.6192,0.97949,-0.06738,0.40234,4.595,5.321,-1.275,0.93604,-0.16943,-0.35693,-0.58,3.137,-1.374,1007.85,45.047,1.0610458049019373,1.0160100547730815,7.145116584073349,3.4734773642561714,0.04344999999999999,5.175,0.10205,2.1839999999999997,0.75927,0.0990000000000002,-0.0635461438143411,-1.1761598637244925,-0.1675429000648926,-1.1713850519954978,0.10399675625055152,-0.004774811728994743,1.0601028792876166,0.0012962982517972584,1.0211324445053485,0.00620434265633545,4.970085437371328,2.3787275207228302,5.884231178121936,2.1155477218977152,-0.07338671297350384,0.01014474400551343,-1.1839606339820312,0.016089410188075942,0.0977346952719072,0.01156311972485374,-0.019911666107774655,0.02950519938292756
2026-06-11,18:08:15,tidak pasti,0.6536,0.97144,-0.05347,0.40894,-1.092,2.053,-1.603,0.94019,-0.15601,-0.36011,-1.473,4.328,-1.214,1007.85,45.047,1.0553609041934422,1.0188108599244514,2.824337444428339,4.730233503750106,0.03125,0.381,0.10254000000000002,-2.2750000000000004,0.76905,-0.389,-0.0506868333428746,-1.169310377402906,-0.15373435308561595,-1.1753656725405026,0.10304751974274134,0.006055295137596506,1.0590149605217143,0.0031710624067619953,1.0209507155873356,0.006289786368491064,5.101567398391949,2.169847487612111,4.983881369051464,1.6518983772716005,-0.062345500120581994,0.011107121659939111,-1.1826445536636276,0.01750198442472374,0.10395348883872298,0.0008851288797798528,-0.01754426654557924,0.03195859547219373
2026-06-11,18:08:15,tidak pasti,0.6318,0.99316,-0.04419,0.38354,-4.947,-1.366,3.771,0.95264,-0.14282,-0.37158,4.008,1.374,2.183,1007.85,45.085,1.065562045729858,1.0324689914956284,6.368610994557605,4.766280415586142,0.04052,-8.955,0.09863,-2.74,0.75512,1.588,-0.04148296820684248,-1.2000376189322493,-0.13877360031262276,-1.1749782763921033,0.09729063210578028,-0.025059342540145968,1.0606562516084124,0.005111715562105308,1.0224299687310536,0.008806112134462234,5.446021674353098,2.3034021324368066,4.323330427864139,0.736214993908787,-0.05190531512135272,0.011081942648073618,-1.1818359533532161,0.016130850507819625,0.10144496936635772,0.00362893249357252,-0.007926286377181402,0.015794904678342325
2026-06-11,18:08:16,tidak pasti,0.5384,0.98999,-0.0459,0.38257,6.947,4.748,6.099,0.9436,-0.16724,-0.34741,0.305,-3.305,1.84,1007.85,45.085,1.0623308406518188,1.0193350213251775,10.392406554787971,3.794950592563756,0.04639000000000004,6.642,0.12134,8.053,0.7299800000000001,4.259,-0.043220333528465854,-1.199626446852856,-0.16481287690627602,-1.1828860825193532,0.12159254337781017,-0.016740364333502677,1.0610845968583729,0.005213507922313309,1.0235382909150859,0.00773865272111248,6.528451664591305,3.7865656332146846,4.4304881706333346,0.5506867120397387,-0.04513004502606097,0.00489009528164862,-1.189658147729337,0.01762288522242057,0.10731023174211059,0.012699360537467171,-0.01191480391201738,0.016108839017457216
2026-06-11,18:08:16,tidak pasti,0.5353,0.99023,-0.10083,0.37891,-2.626,5.802,-1.824,0.92578,-0.18628,-0.38916,4.313,5.634,-5.412,1007.86,44.955,1.0650328304329404,1.021378652802182,6.624655160836675,8.923769887216949,0.06445000000000001,-6.939,0.08545,0.16799999999999926,0.76807,3.588,-0.09481513720842144,-1.19377337108088,-0.18340746546475606,-1.1346877958343728,0.08859232825633462,-0.05908557524650715,1.064308572271539,0.0017330851038981755,1.0243942218743294,0.007067215557151376,7.795224236727417,2.252866318427745,5.828333631788948,2.724364992954645,-0.05983947964790992,0.03030226189425172,-1.1978124789553284,0.003504006269370982,0.10249183457997502,0.017103886397514836,-0.03362842737338526,0.02243548824911433
2026-06-11,18:08:17,salah,0.6509,0.98291,-0.09863,0.38965,54.351,4.527,15.847,0.94971,-0.21997,-0.34595,6.832,-0.992,-13.046,1007.86,44.955,1.0619166951790522,1.0344163994736355,56.79482669222611,14.760027235747227,0.033199999999999896,47.519,0.12134,5.519,0.7356,28.893,-0.09301328418261635,-1.182617493180073,-0.2142875295982779,-1.1632898038446438,0.12127424541566155,-0.019327689335429277,1.0630934554212705,0.001692264960067021,1.0250433578669984,0.008181353135225496,24.60396280261692,27.94168527686124,9.159582571842643,5.486340507514523,-0.07701625163983455,0.02928198643064375,-1.1920057703712696,0.008641147809300557,0.11048637234993545,0.018961466279736387,-0.031717876305146366,0.023736401826627358
2026-06-11,18:08:18,salah,0.6027,0.98145,0.09692,0.43872,65.496,-2.664,25.183,0.97217,-0.05884,-0.27393,70.618,-6.267,-37.672,1007.86,44.998,1.0794039222181844,1.0117382563687112,70.22112503371048,80.28297949752486,0.009280000000000066,-5.122,0.15576,3.603,0.71265,62.855,0.08991139059572227,-1.141483115507869,-0.058190168263014014,-1.290201255986004,0.14810155885873627,0.14871814047813503,1.068784482610059,0.009327751493425282,1.0225111028815095,0.011381404836771384,44.546868962257754,33.52069653943896,34.65559220682968,39.62208132078485,-0.03263901026510518,0.10613558419278508,-1.1726246599229408,0.02754015694129834,0.11932271084357748,0.02980257534361726,0.0234349586320662,0.11030448364928751
2026-06-11,18:08:19,salah,0.6841,0.95508,-0.021,0.34814,-100.725,-1.87,-12.649,0.89233,0.00952,-0.34058,-93.733,-1.214,58.687,1007.86,44.998,1.016769524523626,0.9551639627310067,101.53334292733594,110.59617106392066,0.06275000000000008,-6.99199999999999,-0.030520000000000002,-0.6560000000000001,0.68872,-71.336,-0.020655116784689665,-1.2206657114982757,0.009967040200204239,-1.2060564169105947,-0.030622156984893904,-0.01460929458768101,1.0526967139736207,0.03231908079929585,1.0004395395244512,0.040816454208519544,76.1830982177575,22.957407343061814,68.54639259906425,48.98420378022312,-0.007919003457194583,0.092124999851877,-1.181588773395406,0.039601320372451135,0.07958454909650131,0.09637979422901109,0.03826038551834158,0.09568830929281395
2026-06-11,18:08:19,salah,0.6522,0.98901,-0.15283,0.42285,4.557,4.237,4.397,0.87598,-0.24097,-0.38623,-12.885,2.298,4.634,1007.86,44.998,1.0864160858069067,0.9872087490495615,7.619188080104074,13.884451195492028,0.11302999999999996,17.442,0.08814,1.939,0.80908,-0.2370000000000001,-0.14114168974847555,-1.1441092563331687,-0.24658351281158217,-1.091522587897444,0.10544182306310662,-0.05258666843572479,1.0608631775162392,0.03834684191981765,0.9847036560497598,0.028370218422750018,59.7912186803835,47.81792896050433,68.25453391897919,49.46515760870858,-0.023961805312480978,0.11556202717978104,-1.168752694446438,0.04497716263257261,0.07430707497898299,0.09334115413329237,0.027174059151576408,0.10695930539338942
2026-06-11,18:08:20,tidak pasti,0.5739,0.92969,-0.15942,0.38818,5.229,4.305,35.046,0.91113,-0.25684,-0.20898,-9.458,-1.359,-6.412,1007.86,44.998,1.0200107572471968,0.9694314327996592,35.69450352645348,11.507145128136692,0.01856000000000002,14.687000000000001,0.09742,5.664,0.59716,41.458,-0.15693586846452406,-1.1467977204009594,-0.2681404529557948,-1.2222207131673213,0.11120458449127074,0.07542299276636188,1.0410654558592431,0.03930821955875804,0.9706013815267425,0.016054397141234005,48.28234484463116,48.20588586424045,45.3292557958498,56.53530372688934,-0.10624422499922977,0.07454183794386084,-1.1705242294108011,0.0434445983892974,0.06200808352316115,0.08027187208016627,0.0027423432476520273,0.06574517352585416
2026-06-11,18:08:20,benar,0.7026,1.08911,-0.09863,0.49658,9.74,-8.527,-27.023,1.13135,-0.09912,-0.38232,35.924,13.565,31.084,1007.86,44.998,1.201032957666025,1.1983097176022566,29.963642268589442,49.40402875272421,-0.042240000000000055,-26.183999999999997,0.0004900000000000043,-22.092,0.8789,-58.107,-0.08221356025459574,-1.1356564434482928,-0.08281112811306605,-1.2349190552036482,0.0005975678584703159,0.09926261175535545,1.1024866002400429,0.09157486192579177,1.0516499664838257,0.12732171924637334,24.42577795838233,14.834311247634844,24.931875025450978,21.226813870031012,-0.1267637061558651,0.03938147591440565,-1.1421878067274738,0.0058138618382641396,0.07241465847094923,0.0622621332179539,0.040699645361997515,0.08166292986943606
2026-06-11,18:08:21,benar,0.7382,0.89185,-0.00659,0.448,1.885,12.893,-14.519,0.87817,-0.20557,-0.25024,-17.542,-26.718,35.206,1007.86,44.998,0.9980700629715331,0.9359816405250693,19.508563119819975,47.550349357286535,0.013680000000000025,19.427000000000003,0.19898,39.611000000000004,0.69824,-49.725,-0.00660279084806007,-1.105245757215922,-0.22143557956113902,-1.2174910598934494,0.21483278871307895,0.11224530267752741,1.073037925961585,0.11138848514137355,1.0345742636423283,0.14278198875698972,28.388902971620965,8.207071316970227,36.15384107938248,21.364778206434398,-0.0819174065223933,0.07516697637050641,-1.1292333070217246,0.02150776423290904,0.10887831368760666,0.10713655359187507,0.09564363573308159,0.01867601047830678
2026-06-11,18:08:21,benar,0.8,0.81152,-0.05737,0.5127,-3.573,3.458,-0.71,0.94434,-0.29297,-0.32104,-5.916,12.855,9.885,1007.86,44.998,0.9616222321161257,1.0395557407373595,5.0227674642571305,17.26161365573914,-0.13281999999999994,2.3430000000000004,0.2356,-9.397,0.83374,-10.594999999999999,-0.05969504986835954,-1.0045250886391046,-0.28569287520738135,-1.1394585990328485,0.2259978253390218,0.1349335103937439,1.053575084251228,0.12899604419332733,1.057949032954895,0.1321277408597582,18.16499095088885,12.524603731503417,38.07199725524996,18.04613756443077,-0.04950380032367178,0.03882194338288143,-1.0818090964344398,0.06863538340362788,0.1471427273035237,0.12703455171053563,0.11548047494220892,0.01805416869047615
2026-06-11,18:08:22,tidak pasti,0.5714,0.97314,-0.07397,0.43188,-2.878,0.076,-2.74,0.96216,-0.18555,-0.35352,6.069,6.908,-3.252,1007.86,44.998,1.0672363163329854,1.0417087205644389,3.974450905471094,9.753395767628831,0.01097999999999999,-8.947,0.11158,-6.832000000000001,0.7854,0.5119999999999996,-0.06936547298644019,-1.147723828301965,-0.1790763894548565,-1.1774621630940258,0.1097109164684163,0.029738334792060783,1.0089762038068815,0.05364505221529588,1.005748700608956,0.0604296354042901,9.501927163182733,8.681838185451006,24.855119593551503,20.009958133024124,-0.04522110456761993,0.03379215717777479,-1.0858315580523306,0.0735469449204426,0.183513843506839,0.06415854222388256,0.09230571595444403,0.05535970178281996
2026-06-11,18:08:22,tidak pasti,0.5987,0.96729,-0.12183,0.44458,1.183,-0.656,0.748,0.93652,-0.18335,-0.38062,11.649,-0.084,-4.13,1007.86,44.998,1.0715147546347648,1.02740377520233,1.5457454512305706,12.359739358093275,0.030769999999999964,-10.466,0.06152000000000002,-0.5720000000000001,0.8251999999999999,4.878,-0.11394526269573524,-1.12607685635495,-0.17942063097430827,-1.1470145430913135,0.06547536827857303,0.020937686736363537,1.0334577676946253,0.06224816774382155,1.036222745501376,0.007712944209933522,3.5143212736529317,1.783594678822982,13.124916260487083,3.812145817358334,-0.081001928516845,0.02893659829588139,-1.09277525776534,0.07718948834994015,0.13372803669533703,0.08291249214187617,0.06186984397405607,0.06342781223221897
2026-06-11,18:08:23,tidak pasti,0.5768,0.96606,-0.09863,0.43604,-4.794,2.588,-1.366,0.92383,-0.18433,-0.40649,1.45,0.87,1.565,1007.86,44.998,1.0644861117459448,1.0259988001454974,5.616594697857412,2.3040453554563545,0.04222999999999999,-6.244,0.0857,1.718,0.84253,-2.931,-0.09278812487472994,-1.1373805198936564,-0.18063988070350415,-1.1207343800530774,0.0878517558287742,-0.016646139840579055,1.0677457275712317,0.0035419034532125056,1.0317037653040888,0.008692976248028318,3.7122636848530255,2.0480502926398443,8.139060160392821,5.218601829825646,-0.09203295351896845,0.022299487112121305,-1.137060401516857,0.010827035857061133,0.08767934685858784,0.022118278064843497,0.011343293895948422,0.024635729179763664
2026-06-11,18:08:23,tidak pasti,0.6194,0.96118,-0.1001,0.43823,1.511,2.565,0.405,0.93774,-0.18359,-0.37207,2.221,2.527,-1.435,1007.87,44.875,1.0610996820751573,1.0254256094910055,3.0043919517932407,3.6575668141539124,0.023440000000000016,-0.7100000000000002,0.08349000000000001,0.03799999999999981,0.8103,1.84,-0.09447657869540108,-1.133343904584491,-0.18000841583146857,-1.154242108623788,0.08553183713606749,0.020898204039296875,1.0657001828186223,0.005312618048816113,1.0262760616129443,0.0010178115426556472,3.388910700293741,2.0624850055580706,6.10711717590118,5.4570567341488365,-0.10040332208862209,0.011758011550898806,-1.1322670936110324,0.005728249623880871,0.0796196537478049,0.012304109649281239,0.00839658364502712,0.021687643703345003
2026-06-11,18:08:24,tidak pasti,0.6535,0.96948,-0.10742,0.42578,-1.275,1.84,2.321,0.92236,-0.17041,-0.41016,-0.985,0.42,1.336,1007.87,44.875,1.0642927864079508,1.0237278756095294,3.224634242825068,1.7121685080622175,0.04712000000000005,-0.2899999999999999,0.06299,1.4200000000000002,0.83594,0.9850000000000001,-0.10110302770147915,-1.145495736168905,-0.16723873992678376,-1.1220267673225863,0.06613571222530461,-0.023468968846318772,1.063292860076351,0.0019018059786076141,1.0250507617486775,0.0011809562584879155,3.9485402974919066,1.4487687112247356,2.5579268925574947,0.9972389475430335,-0.09612257709053673,0.004395040988678295,-1.1387400535490175,0.006188941875154053,0.07983976839671543,0.01192461204178483,-0.006405634882533651,0.023890635483643827
2026-06-11,18:08:25,tidak pasti,0.6598,0.96313,-0.10522,0.43848,1.023,1.855,-0.107,0.94141,-0.17969,-0.38452,-2.053,-2.153,-1.733,1007.87,44.854,1.0634638478575564,1.032664957573365,2.1210853353884653,3.442892243448813,0.021720000000000073,3.0759999999999996,0.07447,4.008,0.823,1.6260000000000001,-0.09910297588854623,-1.1329189400866055,-0.17489637870446736,-1.1472364782012137,0.07579340281592113,0.01431753811460812,1.062952105446888,0.0016569215555310968,1.0272728142246332,0.004746259843606586,2.7833705100022583,0.5840315968118962,2.9375425218883144,1.0666196126769205,-0.09822752742847547,0.0033988621790561743,-1.1372528602800005,0.007141701540671398,0.07582031739243107,0.009698090465875265,0.003915591102528741,0.02394288795649153
2026-06-11,18:08:25,tidak pasti,0.6914,0.95728,-0.11377,0.43774,0.099,2.084,1.977,0.93896,-0.18481,-0.37866,-0.267,0.565,-0.771,1007.87,44.854,1.0587468625219156,1.0291666596329283,2.874262688064541,0.9924489911325417,0.018320000000000003,0.366,0.07104,1.5190000000000001,0.8164,2.748,-0.10766510950977864,-1.129416889264077,-0.18055184025337628,-1.14898731561038,0.07288673074359764,0.019570426346303016,1.0621678322624744,0.0029914979950597187,1.0285198309386077,0.004503515185599661,2.7399940887593583,0.5638936870950602,2.049169914214524,1.2595020817835356,-0.10262370436660134,0.004479048579424539,-1.1359438551731957,0.008455466451239561,0.07160528192827446,0.004954728063752906,0.0034729985381974546,0.023479787341560865
2026-06-11,18:08:25,tidak pasti,0.6735,0.97192,-0.10767,0.43872,-0.511,-0.015,1.366,0.94312,-0.16699,-0.39868,-0.122,0.053,-0.656,1007.87,44.854,1.0717726222011832,1.0374520407710421,1.4585273394763638,0.6693496843952346,0.028800000000000048,-0.389,0.05932,-0.068,0.8373999999999999,2.0220000000000002,-0.1006294888687037,-1.1357111290461332,-0.16166493803304519,-1.1410545079039798,0.06103544916434149,0.005343378857846526,1.0646611108602184,0.006594898242479978,1.0330945526591118,0.004159362824306951,2.1512917876431232,0.7083508781874148,1.7015636396588631,1.5166632026545392,-0.10246585808900953,0.004566916024181374,-1.1326823194656053,0.003153784329534399,0.06990519424128676,0.007817702279538553,0.013077114439585888,0.007194178773832756
2026-06-11,18:08:26,tidak pasti,0.6213,0.97656,-0.10327,0.41479,1.107,-0.427,0.16,0.92944,-0.18188,-0.3999,0.466,-0.718,-1.069,1007.87,44.854,1.0660135414712142,1.0280365061611383,1.1972376539350906,1.3694674147273458,0.04711999999999994,0.641,0.07860999999999999,0.291,0.8146899999999999,1.2289999999999999,-0.09702711000455613,-1.1582077577410737,-0.1778559841858436,-1.1292510930005015,0.08082887418128748,-0.028956664740572124,1.0655110087314377,0.006527404397723442,1.0315517355217028,0.005140964232902715,1.8433425604919986,0.9023110921507088,1.0104220300850406,0.3504047398056107,-0.10177390279434616,0.005410547180570736,-1.141111925350428,0.015136214105756284,0.07158368469640887,0.00996084159226451,-0.0013476198454741943,0.02494587621380233
2026-06-11,18:08:27,tidak pasti,0.5973,0.98096,-0.10181,0.39453,2.534,2.809,1.107,0.91455,-0.16333,-0.41626,1.939,0.58,-1.29,1007.87,44.854,1.0622154765394827,1.0180131526655243,3.9417110497853596,2.400046041225043,0.06641000000000008,0.5949999999999998,0.061520000000000005,2.229,0.81079,2.3970000000000002,-0.09599420428146448,-1.1771164974249462,-0.1611363813381884,-1.1160388178841372,0.06514217705672391,-0.061077679540809005,1.06666721340396,0.00481198748403254,1.0278338998659016,0.009721027706876684,2.1991586810656045,1.5147391337258986,1.4796210467825412,0.8705905104451843,-0.09788360105157477,0.002433443750406333,-1.1570117947373844,0.02072857636877037,0.06900216680078429,0.01044603078176368,-0.028230321807844867,0.033216485820166834
2026-06-11,18:08:27,tidak pasti,0.5794,0.97852,-0.10645,0.41675,0.053,3.977,0.649,0.92725,-0.16699,-0.40259,1.336,-1.336,0.893,1007.87,44.854,1.0688842572514574,1.0245764640572221,4.02995521066922,2.089794487503496,0.05126999999999993,-1.2830000000000001,0.06054,5.313,0.81934,-0.244,-0.09975519185389663,-1.1566477348287751,-0.1637147678729919,-1.1313987634259577,0.06395957601909529,-0.025248971402817455,1.0657044250873848,0.003345119392512812,1.023542040961295,0.005091112568049354,3.056301304796557,1.6106008200197517,1.9531026478186284,0.5287121812723775,-0.09759216871330574,0.0019431225870355211,-1.1639906633315984,0.011394036087194656,0.0699768757523689,0.009416689372039877,-0.038427771894732864,0.01970280398201082
2026-06-11,18:08:27,tidak pasti,0.6284,0.97656,-0.10864,0.42627,2.954,3.763,0.771,0.92896,-0.17261,-0.39844,2.435,2.061,-0.573,1007.87,44.854,1.0710640485517195,1.0254342140283792,4.845691488322384,3.2411841971723856,0.047599999999999976,0.5190000000000001,0.06397000000000001,1.702,0.82471,1.3439999999999999,-0.10160658161499433,-1.1475641079950305,-0.16913392141095945,-1.13354419214791,0.06752733979596512,-0.01401991584712059,1.0673879274475533,0.004610158221306012,1.0226746102503752,0.004059658097029684,4.272452582925655,0.49839631818248253,2.577008241966975,0.5957443086185743,-0.09911865925011848,0.002859820824848013,-1.1604427800829173,0.015137295221243803,0.06554303095726144,0.0018173462738477323,-0.03344885559691568,0.024577161279533917
2026-06-11,18:08:28,tidak pasti,0.6204,0.98169,-0.104,0.42896,0.695,1.824,0.053,0.92383,-0.17798,-0.40625,-0.542,1.29,-0.565,1007.87,44.854,1.0763540020365046,1.0247818361973442,1.9526418002286032,1.509002650759766,0.05785999999999991,1.237,0.07398,0.534,0.83521,0.618,-0.09677346458600036,-1.1482586510890582,-0.17456116654723636,-1.1231986621009555,0.077787701961236,-0.02505998898810269,1.0721007692798938,0.003841271168455099,1.0249308380943152,0.0004478670865677653,3.609429499740069,1.4916653544308225,2.2799937784785493,0.8816150266123322,-0.09937841268496378,0.002438488663208045,-1.1508234979709546,0.005055877644817201,0.06975820592543214,0.007178916320283213,-0.02144295874601358,0.006429238135064843
2026-06-11,18:08:28,tidak pasti,0.6494,0.98242,-0.10693,0.4126,1.649,2.45,0.664,0.92383,-0.17188,-0.38916,0.603,1.687,0.145,1007.87,44.854,1.0708976801263508,1.0170792048311674,3.0269781961553672,1.7973878268197991,0.05858999999999992,1.046,0.06495000000000001,0.7630000000000001,0.80176,0.519,-0.10001747986658897,-1.161446749591684,-0.16980861664415672,-1.1392419393480788,0.06979113677756775,-0.02220481024360521,1.0727719102381916,0.0031032975770775312,1.0224317516856303,0.004646904085573703,3.2751038282354514,1.462398328574071,2.182524891583984,0.9280954403640188,-0.0994658420225279,0.0024633276857207098,-1.152423169558591,0.00782236185481041,0.07170205951158963,0.005390498790666939,-0.020428238359609496,0.005730441473727103
2026-06-11,18:08:29,tidak pasti,0.6459,0.99268,-0.10938,0.41479,-1.794,3.053,0.137,0.92822,-0.1731,-0.40234,0.458,2.397,-0.763,1007.87,44.854,1.0814010869700474,1.0263690632516163,3.543728827097243,2.556861748315696,0.06445999999999996,-2.2520000000000002,0.06372,0.6560000000000001,0.8171299999999999,0.9,-0.10131982428431649,-1.16289985549706,-0.169462714133321,-1.1299070860552756,0.06814288984900452,-0.03299276944178442,1.0762175897109676,0.005253031988573101,1.022743368093376,0.00496909262604028,2.841116274493738,0.8116637063527216,1.9544174086317536,0.5412909469552489,-0.09937025624563528,0.002341264709138764,-1.1575350853926007,0.008066415203423142,0.07190724286260275,0.0051588786467994495,-0.026752522891164105,0.005589590251096595
2026-06-11,18:08:29,tidak pasti,0.6492,0.97534,-0.11865,0.4043,0.718,1.847,-0.008,0.92407,-0.18481,-0.39502,4.832,0.55,-2.122,1007.87,44.854,1.0624614948787556,1.0218125568811531,1.981665208858449,5.3059973614769165,0.05127000000000004,-4.114,0.06616,1.297,0.79932,2.114,-0.11190806755545107,-1.16300838906717,-0.18186575745537506,-1.1298400787750937,0.06995768989992399,-0.03316831029207634,1.0715867539917179,0.009488580201488494,1.0217536083213121,0.0046452097441909415,2.85079074403702,0.7957965824061349,3.2200823122041373,1.8459364436364232,-0.10441512390211884,0.006521669931053347,-1.162451664718638,0.000871972300733257,0.06929723884216542,0.0010031581052607531,-0.029455296659155323,0.006279718830814629
2026-06-11,18:08:30,tidak pasti,0.6041,0.98706,-0.10205,0.4126,-2.504,2.74,-2.092,0.93774,-0.16895,-0.3811,4.962,2.519,-2.763,1007.87,44.854,1.074681537061096,1.0262249364052698,4.260760495498427,6.212968211732617,0.04932000000000003,-7.465999999999999,0.06689999999999999,0.22100000000000009,0.7937000000000001,0.6709999999999998,-0.09510165359471909,-1.1641878526715292,-0.1653854385160354,-1.152485154310386,0.07028378492131632,-0.011702698361143238,1.072848039636633,0.009601995717051014,1.0248021855126799,0.0025900970354008246,3.2620515104847065,1.1653649275727624,4.69194244050841,1.9038319785196318,-0.10277651514482888,0.008497373050078302,-1.1633653657452532,0.0007143587627246508,0.06946145489008161,0.001153492443151312,-0.025954592698334666,0.0123428146221347
2026-06-11,18:08:30,tidak pasti,0.6182,0.97119,-0.08643,0.40991,4.473,1.489,-1.466,0.92944,-0.16187,-0.3916,-4.252,2.229,-4.863,1007.87,44.854,1.0576891646887567,1.0214749974913728,4.937003747213486,6.83349939635616,0.041749999999999954,8.725,0.07544000000000001,-0.74,0.80151,3.3970000000000002,-0.08180709623110306,-1.1635594528864885,-0.1591377624554835,-1.1430426967197975,0.07733066622438044,-0.02051675616669102,1.0649440655428695,0.008763991529936515,1.0231708302592653,0.0026503131604970957,3.726476483856787,1.5484188783702986,6.117488323188565,0.7682141130422857,-0.09627227246042441,0.015084590815261256,-1.1635852315417292,0.0005901542195066957,0.07252404701520691,0.004165846331448287,-0.021795921606636865,0.010789824931824349
2026-06-11,18:08:31,tidak pasti,0.5919,0.98218,-0.08936,0.39575,-2.534,0.046,-0.489,0.92822,-0.15063,-0.40869,-0.939,-0.046,1.87,1007.87,44.854,1.0626762557336078,1.025333741471527,2.5811611728057584,2.09302102235023,0.05396000000000001,-1.5949999999999998,0.06126999999999999,0.092,0.80444,-2.359,-0.08418899694545287,-1.1790700813073156,-0.14744189281383666,-1.132051845841525,0.06325289586838378,-0.04701823546579065,1.065015652494487,0.008734401102174591,1.0243445584560564,0.0025247459674211463,3.926308471839224,1.2130095531137868,5.046496210146336,2.5765338153162296,-0.08703258225709166,0.007088779651113815,-1.1689391289551112,0.008779286317488429,0.07028911567136019,0.007038886691921997,-0.0264125633312083,0.018381164186152953
2026-06-11,18:08:31,tidak pasti,0.603,0.97754,-0.08179,0.39502,-0.366,2.282,0.0,0.91455,-0.15039,-0.41797,-0.779,1.122,0.443,1007.87,44.854,1.0575040690701856,1.0167191232095518,2.311164208791751,1.4359575202630475,0.06298999999999999,0.41300000000000003,0.0686,1.16,0.81299,-0.443,-0.07741980890468099,-1.1794179792336925,-0.1484617286111157,-1.118648887884436,0.07104191970643471,-0.060769091349256454,1.05928982983085,0.0029341907560952846,1.0211759540574838,0.004315087737393376,3.2764430429369984,1.4444102532122278,3.4541593129898125,2.944976682544129,-0.08113863402707898,0.003433745472729282,-1.1740158378091656,0.00905716553233865,0.07054182726639964,0.0070521963873306686,-0.042768027660579376,0.020459980980025563
2026-06-11,18:08:31,tidak pasti,0.6634,0.98267,-0.08032,0.38135,0.42,-0.008,1.092,0.92383,-0.15674,-0.4104,0.878,2.214,-1.069,1007.87,44.854,1.0571279268849159,1.0229650319048056,1.1700119657507781,2.6106399598565866,0.05884,-0.458,0.07641999999999999,-2.222,0.79175,2.161,-0.0760527452818936,-1.1932333827456714,-0.1538272152466906,-1.1269123345109393,0.077774469964797,-0.06632104823473206,1.059102750562903,0.003100455634205124,1.0216726321952947,0.004450352200303523,2.0207791157827626,0.7490514987798597,2.046539500823288,0.5887190394024572,-0.07922051704400916,0.004356783232555281,-1.1839071477622265,0.008078629368068418,0.07068976184653851,0.007267189272897737,-0.058036125016593054,0.009937377618356145
2026-06-11,18:08:32,tidak pasti,0.6394,0.97461,-0.09351,0.40283,-0.565,2.656,-0.366,0.92236,-0.15674,-0.40015,0.496,1.977,-1.29,1007.87,44.854,1.058716572600996,1.0175634720743467,2.739984853972737,2.4121867672301,0.05225000000000002,-1.061,0.06323,0.679,0.80298,0.924,-0.08843916447126081,-1.1695066122439248,-0.1546503353465388,-1.1347764168145698,0.06621117087527799,-0.03473019542935507,1.0577828561853657,0.0008302050918283071,1.0190825423962346,0.0033887349910390586,2.0737203428384223,0.8114729875646797,2.1529280824499115,0.6287932948893635,-0.0806372395526118,0.0067911516007496476,-1.1807193247410963,0.011916796327363652,0.07167585351550324,0.005807656628462802,-0.05394011167111453,0.016866289391152558
2026-06-11,18:08:32,tidak pasti,0.6303,0.98315,-0.08447,0.40942,1.45,0.71,0.588,0.92236,-0.15527,-0.41113,-1.817,0.931,-0.061,1007.87,44.854,1.0683369504982967,1.0217067188777804,1.7182386330192905,2.0425403300791882,0.06079000000000001,3.267,0.07079999999999999,-0.22100000000000009,0.82055,0.649,-0.07914942936681807,-1.1687497585622544,-0.15256233680661688,-1.126152570902992,0.07341290743979881,-0.04259718765926235,1.061393816661403,0.006065169363716946,1.0207450742856443,0.0028262665110875902,1.876078484247602,0.7967990847226367,2.355122352388625,0.2883167666286581,-0.0812137797066575,0.0064460842243859486,-1.1771632511839503,0.013922286205294449,0.07246618275995793,0.005839493742866983,-0.047882810441116495,0.016445329166264518
2026-06-11,18:08:33,tidak pasti,0.6234,0.99414,-0.08081,0.38745,1.344,1.214,1.443,0.91626,-0.15039,-0.427,-2.107,0.595,0.794,1007.87,44.854,1.0700290174570035,1.0219973286168609,2.3156815411450684,2.328928938374892,0.07788000000000006,3.4510000000000005,0.06957999999999999,0.619,0.81445,0.649,-0.07559329013989421,-1.191911254087138,-0.14768934463511457,-1.111892372394456,0.07209605449522036,-0.0800188816926819,1.065694180185432,0.006101723391794427,1.020422506522996,0.0024802564361441908,2.2579683427123656,0.5133122295086702,2.2612186785613932,0.1939023764361833,-0.08106062799265769,0.006632769555387426,-1.1767225416311058,0.013159253262548309,0.0705733776034324,0.0038347308997865653,-0.05244875492709977,0.024198270787166926
2026-06-11,18:08:33,tidak pasti,0.6287,0.98267,-0.08398,0.39185,-0.191,2.382,0.267,0.91724,-0.14941,-0.41235,0.618,2.038,0.0,1007.87,44.854,1.061244265850233,1.016703048190572,2.4045153357797493,2.1296403452226387,0.06542999999999999,-0.8089999999999999,0.06542999999999999,0.3440000000000003,0.8042,0.267,-0.07921634940654251,-1.1835705962049745,-0.14748954288086574,-1.1247760141349017,0.06827319347432323,-0.05879458207007282,1.0665367446018443,0.004660849831348368,1.0201356985617378,0.0029763114643985558,2.1461451699813696,0.37323030965940923,2.1670365378922396,0.1468109844665036,-0.07798635630441826,0.002072726181571404,-1.1814105362847889,0.011730861557507013,0.0712607184697808,0.0026697386797726185,-0.060470217140672355,0.018767035214707847
2026-06-11,18:08:33,tidak pasti,0.6469,0.97827,-0.09619,0.38916,-0.275,1.908,1.412,0.91431,-0.15308,-0.42261,1.473,2.313,-0.603,1007.87,44.854,1.05721814901183,1.0188206292571818,2.3895256851517623,2.807722742722294,0.06396000000000002,-1.7480000000000002,0.056889999999999996,-0.40500000000000025,0.81177,2.0149999999999997,-0.09111005949641195,-1.1818908655516787,-0.15082332295620918,-1.1138862666708704,0.05971326345979723,-0.06800459888080823,1.0628304774396888,0.006551079146581786,1.019173668688205,0.0026647380617875987,2.3699075206921933,0.047555389283142104,2.4220973421066083,0.3485099683512041,-0.08197323301428289,0.008117440374638588,-1.1857909052812639,0.005366504998234871,0.06669417047644693,0.006340612247851581,-0.06893935421452098,0.010642981220879762
2026-06-11,18:08:34,tidak pasti,0.6293,0.98535,-0.08472,0.39185,1.176,2.695,1.305,0.90869,-0.16724,-0.41821,2.023,2.359,-0.794,1007.87,44.854,1.0637849986721941,1.014192455996395,3.216990208253671,3.2074672250858622,0.07665999999999995,-0.8470000000000002,0.08252,0.33599999999999985,0.81006,2.099,-0.07972458106290789,-1.184386389227336,-0.16565628642539965,-1.1106193816589272,0.08593170536249176,-0.07376700756840893,1.0607491378447522,0.0033113052444337433,1.0165720444813828,0.0023168660755060956,2.670343743061727,0.4734690495023116,2.7149434376769315,0.54487034725928,-0.08335032998862078,0.006724925752727431,-1.183282616994663,0.0012724419920453636,0.07130605409887074,0.013369755294215,-0.06685539617309666,0.007552077957315126
2026-06-11,18:08:34,tidak pasti,0.5955,0.95386,-0.08154,0.4292,-3.588,4.809,3.008,0.91064,-0.16675,-0.41064,-3.252,-4.153,3.481,1007.87,44.854,1.0491474210996279,1.0127664991003602,6.711802216990605,6.319831801559278,0.043220000000000036,-0.3360000000000003,0.08521000000000001,8.962,0.83984,-0.47299999999999986,-0.07779870756438917,-1.1413017452973089,-0.16540115155932006,-1.1178482129880254,0.08760244399493089,-0.023453532309283487,1.0567168562612173,0.007331653300217192,1.0152598614513124,0.003165065369439456,4.106106036798679,2.294213116048324,4.111673923122479,1.9227375860662606,-0.08287778270790301,0.007194097095886435,-1.1691930000254411,0.024186741767673443,0.07774913760573997,0.01564184800625217,-0.05507504625283355,0.027536184313232875
2026-06-11,18:08:35,tidak pasti,0.5706,0.96362,-0.1062,0.41357,-5.176,-1.947,-0.084,0.90869,-0.18115,-0.4209,-7.046,-4.305,5.153,1007.87,44.854,1.0539839132074076,1.0176883848212084,5.530717946162143,9.733064779400166,0.054930000000000034,1.87,0.07495,2.3579999999999997,0.83447,-5.236999999999999,-0.10093183317196704,-1.1536884861999464,-0.1789550839623973,-1.103736750606688,0.07802325079043025,-0.049951735593258384,1.0556387776597431,0.007457787980690146,1.0148824466393211,0.0025324504097349564,5.15317012380214,1.7777329700294016,6.420121268681768,3.2639545559229206,-0.08615170726642137,0.012836134095626723,-1.159792206908197,0.022181370347829216,0.08385246671595097,0.0051168995128143165,-0.0490574251569836,0.025168656927416277
2026-06-11,18:08:35,tidak pasti,0.5214,0.97974,-0.10693,0.38574,5.214,2.305,2.466,0.89673,-0.18506,-0.44556,-0.412,2.511,-0.725,1007.85,45.076,1.0583571420366569,1.0182807128194071,6.211278209837328,2.645843910740012,0.08301000000000003,5.626,0.07813,-0.20599999999999996,0.8313,3.1910000000000003,-0.10120663193105728,-1.182928956395366,-0.1827532967105203,-1.0771932406062592,0.08154666477946301,-0.10573571578910679,1.0538294921145641,0.004606801964478528,1.0162451989136585,0.0030271649125285876,6.151266124330025,0.5928246802426508,6.232913497233152,3.544409824500151,-0.09331239088913783,0.013435946424235918,-1.1593063959642071,0.021374677975120025,0.08239078652160804,0.004845063647565357,-0.05971366123054955,0.042000724084982496
2026-06-11,18:08:36,tidak pasti,0.5095,0.97754,-0.11621,0.38379,11.504,6.824,2.298,0.93921,-0.16895,-0.34668,-1.595,6.313,-1.023,1007.85,45.076,1.056590734295924,1.0153061356063993,13.571654136471354,6.591245936846842,0.038329999999999975,13.099,0.052739999999999995,0.5110000000000001,0.73047,3.3209999999999997,-0.11020878492303599,-1.181518031798458,-0.16718069139114702,-1.1811699511328702,0.05697190646811104,-0.00034808066558777995,1.0563105965133295,0.0022000319273074776,1.0170917444156717,0.0015744879260177183,8.437883430823609,4.458978785747766,6.323384875662339,3.551195160979915,-0.10411575000868677,0.005278511574308457,-1.1727118247979236,0.01648979186086058,0.07218060734600144,0.013288417826415074,-0.05201184401598432,0.05272401202741531
2026-06-11,18:08:37,tidak pasti,0.5155,0.97339,-0.09595,0.41211,-6.038,-0.344,-1.229,0.9126,-0.17798,-0.39722,-5.458,-2.466,3.29,1007.85,45.076,1.0613807736623082,1.0110882101973102,6.171403487052196,6.833375447024699,0.06079000000000001,-0.5800000000000001,0.08203,2.1220000000000003,0.80933,-4.519,-0.09052469663299752,-1.1607386369407535,-0.17695014268305698,-1.1257526679009366,0.08642544605005946,-0.03498596903981688,1.058776216664963,0.0024223618517771337,1.0148916862077055,0.003614118111002508,8.65144527778696,4.261072506797625,5.356821764870517,2.3508950144815643,-0.10064670449569692,0.009853982545253433,-1.1750618750448591,0.012424332553288998,0.07498133909921118,0.01578624003498557,-0.04702325516483715,0.05371508728628949
2026-06-11,18:08:37,tidak pasti,0.5579,0.99561,-0.10864,0.37988,5.756,4.336,2.099,0.91772,-0.18604,-0.41772,-1.931,-1.725,-1.252,1007.85,45.076,1.0711445915934972,1.0253345202420525,7.505879895122224,2.8760893588343186,0.07789000000000001,7.687,0.07740000000000001,6.061,0.7976,3.351,-0.10159891506899014,-1.1930070199299991,-0.1824538357371979,-1.1085309225758615,0.08085492066820775,-0.08447609735413764,1.0630386998505765,0.007417225221997774,1.0172429553485873,0.0073179772142326635,9.082979172881926,3.9441550448086837,5.43357024756862,2.218149689968113,-0.10077746554167455,0.009867720985463289,-1.1784212295564036,0.016355573156571216,0.07475075772879275,0.015646832023433574,-0.0399367156865141,0.04228194907117065
2026-06-11,18:08:37,tidak pasti,0.5638,0.97192,-0.09399,0.40869,8.267,4.229,3.863,0.92432,-0.16089,-0.42358,7.58,4.786,-5.969,1007.85,45.076,1.0585320602608124,1.0294042310482312,10.057360439001874,10.769919080475953,0.047599999999999976,0.6869999999999994,0.0669,-0.5569999999999995,0.8322700000000001,9.832,-0.08890986774323663,-1.1634546074341852,-0.15693770842407925,-1.115015085731874,0.06802784068084262,-0.04843952170231125,1.0636858085055392,0.0066146712598488654,1.0219423204958646,0.009617661841184214,7.911547940392097,1.9744848138986328,6.82646129544499,3.9469194028618397,-0.09367782648174143,0.006907217340657739,-1.1724000881016459,0.017897719225200052,0.07843606913303662,0.009434304579154673,-0.055967196032088586,0.02558940426726216
2026-06-11,18:08:38,tidak pasti,0.5149,0.98608,-0.10132,0.40186,-3.969,1.55,-3.221,0.92139,-0.16992,-0.40747,-1.603,2.557,-1.252,1007.85,45.076,1.069631230097551,1.0216966963830314,5.341376414371112,3.2673172481410493,0.06468999999999991,-2.3659999999999997,0.0686,-1.007,0.80933,-1.969,-0.09486646499606399,-1.1729249121131715,-0.16708797448401747,-1.1239709421686463,0.07222150948795347,-0.048953969944525166,1.0664359606506202,0.006886675306950097,1.0254784825577719,0.0038557835150685475,7.634872249498403,2.360636693936357,5.6377752291504395,4.448869541621393,-0.09512508260276359,0.006348475628737531,-1.1764621798257853,0.015090409809998814,0.07370142361233462,0.006540344380246565,-0.060623196333658015,0.02065881965573245
2026-06-11,18:08:38,tidak pasti,0.6103,0.98071,-0.08179,0.41846,1.29,-0.435,1.748,0.92529,-0.16821,-0.41309,0.481,0.855,-1.344,1007.85,45.076,1.0693878995949038,1.0271803815786202,2.215587732408717,1.6639477155247397,0.055420000000000025,0.809,0.08642,-1.29,0.83155,3.092,-0.076557768300998,-1.160683945476157,-0.16449986546742246,-1.1216215870379032,0.08794209716642445,-0.0390623584382539,1.065850396651089,0.006339032897399695,1.026093769669961,0.003966997193576528,5.871441528593901,3.9476672307141536,5.233728014713914,4.8610448570238605,-0.08677803368009955,0.0093386632353107,-1.1656878216745046,0.0064187810707718755,0.07606381577840686,0.010498423265692225,-0.04548528336169677,0.005568360411972
2026-06-11,18:08:39,tidak pasti,0.6209,0.98413,-0.09253,0.38696,-0.053,-0.618,1.183,0.92065,-0.15576,-0.42358,-0.031,-0.992,-0.092,1007.85,45.076,1.0615138715061616,1.0253183000902695,1.3357477306737227,0.9967391835380005,0.06347999999999998,-0.022,0.06323000000000001,0.374,0.81054,1.2750000000000001,-0.08727872768239672,-1.1866013363160959,-0.15250425949274482,-1.115012490210808,0.0652255318103481,-0.07158884610528782,1.0668443337328721,0.004617918697440482,1.0247317926839736,0.0027884931476175917,2.9642372924845173,2.105141898012124,1.976001382401263,1.1670108419044123,-0.08623432032648624,0.009198922964770932,-1.1734033979684748,0.01296531906752897,0.07512971282157534,0.011634166079547304,-0.053201724829355625,0.016674101659748516
2026-06-11,18:08:39,tidak pasti,0.5853,0.98853,-0.10864,0.37085,-0.557,3.496,0.511,0.90967,-0.15088,-0.42139,2.763,4.916,-2.733,1007.85,45.076,1.0613783175663616,1.0138213922580248,3.5767843099633505,6.266619024641598,0.07886000000000004,-3.32,0.042239999999999986,-1.4200000000000004,0.79224,3.244,-0.10253705261689605,-1.1981425540804116,-0.14937796965823763,-1.1135430075882267,0.04684091704134158,-0.08459954649218493,1.0640933628891422,0.004585704189559127,1.0221066913089716,0.007235431717598389,2.376039924348597,1.1291013758083341,2.9757686412347795,2.8694187548640535,-0.08879118286676359,0.013055513927268636,-1.1818092786242216,0.019183578976128813,0.06666951533937138,0.020588602872528644,-0.06508358367857554,0.023455227634688727
2026-06-11,18:08:39,tidak pasti,0.6295,0.99072,-0.11011,0.38989,-2.008,2.42,-0.794,0.91309,-0.16064,-0.42529,-1.908,-0.55,1.573,1007.85,45.076,1.0703572032737483,1.0200049714584727,3.24328537134801,2.533237651701869,0.07763000000000009,-0.10000000000000009,0.050530000000000005,2.9699999999999998,0.81518,-2.367,-0.10305451328447476,-1.182611239615023,-0.15814783678133607,-1.1088391815371124,0.0550933234968613,-0.07377205807791065,1.064416464115424,0.005145277449087237,1.0197148879355888,0.005753940716019641,2.7186058039950276,1.2091433842712054,3.2655319532938223,2.7101844204824057,-0.09762343119458917,0.008962511336227028,-1.1891183766705102,0.008065795147721641,0.05571992411618366,0.009208310719306475,-0.07665348355846113,0.0069675347677191635
2026-06-11,18:08:40,tidak pasti,0.6189,0.98145,-0.10498,0.39063,0.718,3.496,0.58,0.90552,-0.16919,-0.42944,1.519,3.405,-1.733,1007.85,45.076,1.0615350676261242,1.0163712117627102,3.615790370029767,4.111529520750155,0.07593000000000005,-0.8009999999999999,0.06421,0.09100000000000019,0.82007,2.313,-0.09905643273738671,-1.1798721495869875,-0.1672433220049044,-1.099398421393359,0.0681868892675177,-0.08047372819362852,1.0644235294887447,0.005139309884161316,1.016732525159736,0.0031075832185487678,3.478620017113709,0.20473681838820926,4.303795399031207,1.8741021169927539,-0.10154933287958584,0.0021743630618769943,-1.186875314427474,0.009853358340838258,0.05670704326857353,0.010764093143241647,-0.07961511092124136,0.00546457171749462
2026-06-11,18:08:40,tidak pasti,0.6088,0.99194,-0.11353,0.3772,0.832,3.191,1.87,0.91284,-0.16016,-0.39917,8.885,-0.359,-2.489,1007.85,45.076,1.0672927735630933,1.0090910663067036,3.79098997624631,9.23402550353853,0.07910000000000006,-8.052999999999999,0.04662999999999999,3.55,0.77637,4.359,-0.106573565094895,-1.1927789785311294,-0.15939113829501522,-1.1304781066521026,0.05281757320012022,-0.062300871879026776,1.0663950148209886,0.004479062113382568,1.015155749842629,0.005557548216149718,3.550021905874696,0.2797127128227969,5.292930891996852,3.503130222931789,-0.10289483703891883,0.0037611091578975313,-1.1850874559110467,0.006800389232011303,0.058699261988166405,0.008294942037000465,-0.07218221938352198,0.00919015054084653
2026-06-11,18:08:41,tidak pasti,0.5801,0.97485,-0.10181,0.40283,2.427,4.847,0.397,0.92798,-0.17578,-0.4104,2.756,6.137,-2.137,1007.89,44.701,1.0597026976940278,1.0297930126001051,5.435195212685557,7.058687838401695,0.04686999999999997,-0.32899999999999974,0.07397,-1.2899999999999991,0.81323,2.534,-0.09622253107882121,-1.1678963710887653,-0.17153446694808006,-1.1223747643896476,0.07531193586925884,-0.045521606699117756,1.0628435129610818,0.003960597785747936,1.018418430223173,0.010501712843739608,4.280658519653878,1.0036881772602497,6.8014142875634604,2.570920755953292,-0.10061750963703431,0.005349177237243052,-1.1801824997356274,0.012444206531304763,0.06543879944563226,0.011496220519133541,-0.06276540225725769,0.017480690506841683
2026-06-11,18:08:42,tidak pasti,0.6115,0.98022,-0.1106,0.43286,-0.183,1.786,1.145,0.92773,-0.17139,-0.40308,-1.45,-0.412,0.252,1007.86,44.98,1.077233209662606,1.0259293208598728,2.12939193198434,1.528315412472177,0.052489999999999926,1.267,0.06078999999999998,2.198,0.83594,0.893,-0.10285167243996554,-1.143144770507771,-0.16784527292583845,-1.1296962899354313,0.06499360048587291,-0.013448480572339827,1.0680762269732424,0.008791476662342985,1.021604466588894,0.011007766278070465,3.785192373638736,1.6529092660581008,5.940342918137468,3.9727211735032526,-0.10188258953789392,0.005243120974552737,-1.1679400400425552,0.0248171328271346,0.06437436985175066,0.0112599588323564,-0.040423653050161455,0.02482198385807621
2026-06-11,18:08:42,tidak pasti,0.5707,0.36572,-0.14111,0.85693,0.069,100.275,3.481,0.70703,-0.13989,-0.14746,41.153,129.206,9.763,1007.89,44.691,0.9423333674448762,0.7356664220963195,100.33542618138422,135.95247704253129,-0.34131000000000006,-41.083999999999996,-0.0012200000000000266,-28.930999999999983,1.00439,-6.282,-0.15031067071515283,-0.39856958556276983,-0.19131912664952105,-1.2908641341917777,0.04100845593436822,0.8922945486290079,1.0264230916005033,0.07334944440073973,0.9304629185187658,0.1687097753312208,35.96667110868471,55.76947692097854,48.17982676446838,76.06362374630018,-0.11646162474464654,0.029500929029974556,-0.9032035757197687,0.4372010503751802,0.06043799742983332,0.017599639863190637,0.2777748204525168,0.5324312571529469
2026-06-11,18:08:43,benar,0.7064,0.66895,-0.14893,0.7876,30.435,38.756,8.695,1.93994,-0.42017,0.22388,17.962,-18.908,-1.084,1007.89,44.691,1.044024907461503,1.9975065173610824,50.03918250731121,26.102125660566422,-1.2709899999999998,12.472999999999999,0.27124,57.664,0.56372,9.779,-0.14313813434544775,-0.6954635706704582,-0.21193014157722131,-1.330136039636552,0.06879200723177356,0.6346724689660939,1.0211971615229951,0.07028741954337843,1.253034086772425,0.6608649919080241,50.83466687355993,49.107849548532315,54.52763937185663,71.57842677650245,-0.13210015916685539,0.025582548765779253,-0.745725975580333,0.37482366990288096,0.0582646878840049,0.01506453216255228,0.5045061790075873,0.46669053559921253
2026-06-11,18:08:44,benar,0.8274,0.44287,-0.08301,1.1875,0.359,18.832,6.42,1.06055,-0.33887,0.34253,15.947,42.076,12.328,1007.86,45.008,1.270110525505556,1.1648716582954537,19.899485043588438,46.65486222249509,-0.6176800000000001,-15.588,0.25586,-23.244,0.84497,-5.9079999999999995,-0.0654031346051809,-0.35616895038525653,-0.29517531136628183,-1.144355357976472,0.22977217676110095,0.7881864075912155,1.0854896001373115,0.16777650875676373,1.299348199250952,0.6415785700558921,56.75803124409462,40.63671188644044,69.56982164186427,58.40031205891617,-0.11961731322192716,0.0470876224905233,-0.4834007022061615,0.1848714380369324,0.11319087997574757,0.10191359330722213,0.7717178083954391,0.1295982062069709
2026-06-11,18:08:44,benar,0.9075,0.44971,-0.03418,0.78564,-15.336,-45.122,-4.321,0.65234,-0.15991,0.12305,-50.16,-72.29,-1.229,1007.86,45.008,0.9058904823983968,0.6828323265634105,47.852469330223705,87.99647800338376,-0.20263000000000003,34.824,0.12573,27.168000000000006,0.66259,-3.0919999999999996,-0.03773978829627182,-0.5194798349298794,-0.23638154448439117,-1.270822900993526,0.19864175618811936,0.7513430660636465,1.0733419717884851,0.18387136167932613,1.2817368340733155,0.6650828211355118,39.26371229370778,16.805516992208556,53.58448862881509,31.52368164701864,-0.08209368574896682,0.054645527818733344,-0.5237041186618647,0.1696867504209036,0.16573531339366462,0.08538605991882567,0.724733980873652,0.08014153042608867
2026-06-11,18:08:45,benar,0.7237,0.98071,-0.08374,0.45337,-8.435,-3.519,-1.481,1.01929,-0.25342,-0.22461,32.344,42.603,-4.779,1007.79,45.564,1.0836737740667162,1.07406864426814,9.258830757714497,53.70278192049272,-0.03858000000000006,-40.779,0.16968,-46.122,0.67798,3.298,-0.07735128974390101,-1.1313476927556574,-0.2381898301025933,-1.2500454036432826,0.16083854035869227,0.11869771088762526,1.0865582606568898,0.18212715378935654,0.9739242097090014,0.2561487071293663,25.670261710508882,19.933480179611706,62.784707382123855,22.116584872254208,-0.060164737548451246,0.02031867034347592,-0.6689988260235977,0.4086471181581997,0.1964174911026375,0.03452060360556781,0.5527423948474958,0.3763448534377708
2026-06-11,18:08:45,benar,0.9379,0.71875,-0.09033,0.9519,-24.679,4.336,-5.282,1.21729,-0.32373,0.16797,-3.74,15.221,-8.473,1007.79,45.564,1.1961917410682954,1.2707517373192925,25.60768363206637,17.81735586443735,-0.49854,-20.939,0.23340000000000002,-10.885,0.78393,3.1910000000000007,-0.07558660408899634,-0.6445830582092623,-0.25759404309348594,-1.2796973645401466,0.1820074390044896,0.6351143063308843,1.0619186658444695,0.14636826413759613,1.0092175693836143,0.2992767194773837,27.572994573334856,19.371733786325628,53.17220526277128,35.09256943771115,-0.06355922737638973,0.022377692121264343,-0.7651368619649331,0.32325761175886825,0.18049591185043376,0.018946881472016647,0.501718361094052,0.33675791751742007
2026-06-11,18:08:46,benar,0.9595,0.6416,-0.16528,0.78345,-14.969,1.481,-4.183,0.99634,-0.28784,0.16846,13.893,-8.29,-8.45,1007.79,45.564,1.026041880675443,1.0506778920297124,15.612873246138905,18.25217929453905,-0.35474000000000006,-28.862000000000002,0.12255999999999997,9.770999999999999,0.6149899999999999,4.2669999999999995,-0.16178995452248202,-0.675535896549699,-0.2775044864292867,-1.2477823615818073,0.1157145319068047,0.5722464650321083,1.1019691319368181,0.08653775960598423,1.1318327578723817,0.12087449673317488,16.82646254530659,8.241713827663007,29.924105693156374,20.594085320722776,-0.10490928278512646,0.04926800829985677,-0.8171555491715395,0.27253815671905374,0.15285350375666218,0.03386012389252866,0.4420194940835393,0.28176377159622784
2026-06-11,18:08:47,benar,0.972,0.63843,-0.02124,0.82324,0.328,-24.687,-4.718,0.98267,-0.2207,0.06055,-15.435,-28.382,-0.588,1007.79,45.564,1.0420019674165688,1.0089673539812873,25.135931989882533,32.31289050827858,-0.34424,15.763,0.19946,3.6950000000000003,0.76269,-4.13,-0.0203852505005119,-0.6594668490421911,-0.22052146964132646,-1.3419835440845669,0.20013621914081456,0.6825166950423758,1.0880785297201025,0.09396824433397885,1.110132327776764,0.1406552106657096,22.118829622695937,5.6392586997958425,22.794141889084994,8.246344602937182,-0.08592060303733008,0.0712665154934866,-0.6598619346003841,0.015480200896016235,0.16595273001736963,0.04444176615926824,0.6299591554684562,0.055315572779644225
2026-06-11,18:08:47,tidak pasti,0.5242,1.03101,-0.09229,0.39551,-2.321,-37.809,5.817,0.95166,-0.21826,-0.26538,-6.313,-33.618,-2.733,1007.79,45.564,1.1081187771624483,1.0117908517079999,38.32420920253932,34.314620528282106,0.07935000000000003,3.9919999999999995,0.12597000000000003,-4.190999999999995,0.66089,8.55,-0.083381881303956,-1.1955427124949323,-0.21742556519089226,-1.2243045146733136,0.13404368388693627,0.028761802178381313,1.05872087508482,0.043517762344234524,1.0238120325729998,0.023309307971582073,26.357671479520253,11.404853386454679,28.29323011036658,8.753214088708718,-0.08851902877564997,0.07084218582874678,-0.8435151526956074,0.30497066369677267,0.14996481164485184,0.04440570966297181,0.4278416540842884,0.34998346683030596
2026-06-11,18:08:48,tidak pasti,0.5064,0.98608,-0.09131,0.40625,-3.366,0.435,-3.328,0.92847,-0.17505,-0.41821,5.702,7.252,-4.26,1007.79,45.564,1.0703879413558433,1.0332466537569818,4.753395102450458,10.161294602559263,0.05760999999999994,-9.068,0.08374000000000001,-6.817,0.82446,0.9319999999999999,-0.08540932208450333,-1.1712461954781945,-0.1702385311968639,-1.1165562620838854,0.08482920911236058,-0.054689933394309165,1.0735028953116201,0.033168288113093226,1.018001619815423,0.01327785109732173,22.737845431624105,16.91339718067769,25.596268546373313,13.404497239841184,-0.06305881796299041,0.03697029414287484,-1.008751919005106,0.3027335879268022,0.13966970404670379,0.05785901587094339,0.21886285460881597,0.40369816800936226
2026-06-11,18:08:48,tidak pasti,0.5785,0.97778,-0.07104,0.43091,-6.641,7.771,3.458,0.92041,-0.15698,-0.3894,8.374,13.649,-2.237,1007.79,45.564,1.0708799363607482,1.0116469979691534,10.791157769210864,16.16858825006067,0.05737000000000003,-15.015,0.08594,-5.877999999999999,0.8203100000000001,5.695,-0.06638672139833902,-1.1507307737290922,-0.15580227217385864,-1.1428342319348832,0.08941555077551962,-0.007896541794208956,1.0831288849596798,0.02164327953431968,1.018894834478045,0.01242924820477857,17.95625402473355,17.895637543794304,20.21483446030068,12.574771155530428,-0.07839264159559946,0.01044673244928269,-1.1725065605674063,0.022432540072558127,0.10276281459160548,0.027186912667062496,-0.011274891003378936,0.04182831547000056
2026-06-11,18:08:48,tidak pasti,0.5159,0.95947,-0.09326,0.43799,0.855,5.389,2.916,0.91504,-0.20581,-0.39136,5.221,1.779,0.947,1007.79,45.564,1.0588273459823372,1.0162768359556367,6.1867117275657835,5.596471298952582,0.04443000000000008,-4.366,0.11255,3.6100000000000003,0.82935,1.9689999999999999,-0.08819285390461548,-1.1341211764414465,-0.20392414766075506,-1.1206526242064412,0.11573129375613958,-0.013468552235005316,1.0666984078996429,0.006820976949877325,1.0203901625605907,0.01137215346174309,7.243754866409035,3.1546235358697126,10.642118050524171,5.302434120105726,-0.07999629912915261,0.011868128195157276,-1.1520327152162444,0.018596721440799775,0.0966586845480066,0.016675789305679856,-0.025351675807841145,0.02555996564445162
2026-06-11,18:08:49,tidak pasti,0.5288,0.96704,-0.09644,0.43018,-0.74,4.756,0.008,0.91943,-0.18774,-0.39795,0.321,3.198,-0.641,1007.79,45.564,1.0627896629154803,1.0192948714675258,4.813231762547904,3.2773657104448994,0.04761000000000004,-1.061,0.09129999999999999,1.5580000000000003,0.82813,0.649,-0.09086731518270509,-1.14306036647677,-0.1852437834967227,-1.1244389323309172,0.09437646831401762,-0.018621434145852822,1.0641656484195219,0.0061429826459091985,1.0157395684641053,0.0038521402531410186,7.2637004197748505,3.1311065644024305,8.34747508648605,6.871820793701043,-0.08181563016188653,0.013428574198603695,-1.142637438882436,0.008312871424903515,0.09984110428189226,0.013983070723255109,-0.013328842725022364,0.0053638109632025656
2026-06-11,18:08:50,tidak pasti,0.5942,0.98804,-0.09253,0.4248,2.336,-1.382,0.809,0.91748,-0.198,-0.4104,-2.427,-2.954,-0.634,1007.85,45.027,1.0794627749487242,1.0244030995657911,2.8321901419219717,3.875358176994741,0.07056000000000007,4.763,0.10547000000000001,1.5720000000000003,0.8351999999999999,1.443,-0.08582388548322481,-1.1562698887821468,-0.1945074418761457,-1.1098320631712024,0.10868355639292088,-0.04643782561094434,1.0670265946155137,0.010950749966544115,1.0199916023296511,0.004107689799158119,4.610711210678553,1.6864058519777105,4.249731728797408,1.204026307801827,-0.08829468485684845,0.0025232564159285227,-1.1444838105667878,0.01114275591565323,0.10626377282102602,0.010881114686326208,-0.026175937330600824,0.017735448556792304
2026-06-11,18:08:50,salah,0.6074,0.74414,-0.10645,0.33398,11.908,110.634,4.031,1.00171,-0.20972,-0.2771,0.427,57.191,3.641,1007.91,44.591,0.8225682843995384,1.060278176942259,111.34599849568012,57.30837365516492,-0.2575700000000001,11.481,0.10326999999999999,53.443,0.6110800000000001,0.3899999999999997,-0.12977571652223155,-1.1305679804501414,-0.19911015845982388,-1.236866164914307,0.06933444193759233,0.1062981844641655,0.9882735740879144,0.14374693192986657,1.0346587159918588,0.02233363121209342,39.66380680005,62.086500837077786,21.48703251420152,31.02363227606449,-0.10215563906272047,0.024052246359445164,-1.1432994119030193,0.012852621523002965,0.09079815554817694,0.019917114344007527,0.013746308235789447,0.08135001692427166
2026-06-11,18:08:51,tidak pasti,0.6417,0.69214,-0.0354,0.96045,6.977,-43.58,9.794,1.02612,-0.25854,0.26318,-22.038,-20.214,1.313,1007.91,44.591,1.1843880876216206,1.0904260169309974,45.20859835252582,29.933312696726368,-0.33397999999999994,29.015,0.22314,-23.366,0.6972700000000001,8.481,-0.02989330371230785,-0.6241233952853477,-0.23937963010648344,-1.2256522102436083,0.20948632639417558,0.6015288149582606,1.0288063823232945,0.1861530152489689,1.0583690978130158,0.03305283409474137,53.128928996709305,54.688759164877126,30.372348176295343,26.719213122523534,-0.08183096857258808,0.05006077942136378,-0.9703204215058786,0.3000907075301249,0.1291681082415629,0.07228658469946303,0.2204630579371606,0.33873353181219606
2026-06-11,18:08:52,benar,0.7929,0.83569,-0.20581,0.95166,8.74,-3.008,2.397,1.15527,-0.32056,0.28735,3.756,-13.511,-2.893,1007.87,44.87,1.2831181893340924,1.2328736792550972,9.548888574069759,14.318662856565902,-0.31958,4.984,0.11475000000000002,10.503,0.66431,5.289999999999999,-0.16109418303387463,-0.7092913561789645,-0.26303299118878487,-1.2140974946279828,0.10193880815491024,0.5048061384490182,1.0966915204517507,0.24247591561604906,1.1278592910427845,0.09218589568204771,55.3678284740919,51.653367408091675,33.8534497361524,21.76130543976407,-0.10692106775613801,0.06852130260987607,-0.8213275773048179,0.2711745113276796,0.1269198588288927,0.07333946651540987,0.40421104595714813,0.26249356910214133
2026-06-11,18:08:52,benar,0.9728,0.43286,-0.01929,0.93945,-1.122,-12.267,-7.588,0.97681,-0.17749,0.37402,9.305,-0.435,-4.061,1007.87,44.87,1.0345560333785697,1.0609200896391773,14.467754386911604,10.16188816116375,-0.5439499999999999,-10.427,0.1582,-11.831999999999999,0.56543,-3.527,-0.01864675983234758,-0.43168486724970606,-0.16808858507807908,-1.1699207479798495,0.14944182524573152,0.7382358807301435,1.167354103444761,0.12515352094934248,1.1280732619417573,0.09195104968473816,23.075080437835727,19.325327207608066,18.13795457148534,10.424372832170818,-0.06987808219284336,0.07919535325252271,-0.5883665395713394,0.14221552384258876,0.15362231993160577,0.05389549676661534,0.6148569447124741,0.11728422923572035
2026-06-11,18:08:53,tidak pasti,0.6069,1.02466,-0.09473,0.38306,5.137,30.0,3.122,0.97241,-0.23999,-0.3728,3.053,-1.969,0.786,1007.88,44.84,1.0980149598707658,1.0687171039147825,30.59633397974339,3.7169296468994406,0.05224999999999991,2.0839999999999996,0.14526,31.969,0.75586,2.336,-0.08638125541092456,-1.2031979332797034,-0.22649041185924165,-1.1430075372383295,0.1401091564483171,-0.060190396041373884,1.1385630608611426,0.12914680682757404,1.120836957603019,0.09710493605791848,18.204325646908252,11.010005136782532,9.399160221543031,5.341863176331338,-0.0887073994257156,0.07125219507967386,-0.781391385569458,0.39077731950861,0.13049659661631963,0.02516813735808657,0.39428387437926266,0.4105271099466337
2026-06-11,18:08:54,salah,0.7402,0.17603,0.01733,1.04785,4.298,92.206,-12.939,0.63867,0.06494,0.85352,52.809,41.244,-21.863,1007.79,45.559,1.0626742267976579,1.0679948328058522,93.20856699359776,70.48296805611977,-0.46263999999999994,-48.510999999999996,-0.04761,50.962,0.19433,8.924,0.016308637007706798,-0.16641518579195058,0.060843069578501205,-0.6410140642641226,-0.04453443257079441,0.47459887847217197,1.0650817400156645,0.03179789187676824,1.0658773421199372,0.004308269142846123,46.09088512008426,41.59434731752375,28.120595288060986,36.82814606340677,-0.02957312607852178,0.052209602667963984,-0.60043266210712,0.5385967694611556,0.08167218304108474,0.10939770127783316,0.38421478772031387,0.40681456802281185
2026-06-11,18:08:54,salah,0.8456,-0.26758,0.13647,1.13159,-7.366,25.0,2.634,0.57446,-0.05713,0.95703,3.015,-2.87,5.282,1007.88,44.792,1.1707771117509942,1.117664775055562,26.195341417893374,6.725076133398045,-0.8420399999999999,-10.381,0.1936,27.87,0.17456000000000005,-2.648,0.11682919100871747,0.2305870269841894,-0.051137790760628465,-0.5398209126084978,0.16796698176934594,0.7704079395926873,1.110488766139806,0.05512037115202262,1.0847922372587322,0.02847074331294673,50.00008079707817,37.48429195581107,26.974991278805756,37.70902105282674,0.015585524201833234,0.10160715305831113,-0.37967536402915486,0.7403004496730069,0.08784723521562288,0.11548893489135335,0.39493880734116177,0.4209901352632462
2026-06-11,18:08:55,salah,0.6558,-0.33618,0.03125,1.39429,-5.969,-14.351,-4.611,0.84473,-0.08691,0.79346,-31.023,-126.122,13.641,1007.88,44.792,1.4345864069480097,1.1621965808760581,16.212386715101513,130.59579738261107,-1.18091,25.054,0.11816,111.771,0.60083,-18.252,0.021785004910191502,0.23653890633615896,-0.07485068227828519,-0.8137084682570375,0.09663568718847669,1.0502473745931964,1.2226792484988873,0.19131137259790573,1.1159520629124906,0.04712422277379668,45.20543170886421,41.87052177872663,69.26794719070962,61.94429838554631,0.05164094430887192,0.05652104282655075,0.10023691584279926,0.23094666851164322,0.07335607879567607,0.10814651126750052,0.7650847308860186,0.28786116477357676
2026-06-11,18:08:55,salah,0.8233,0.90063,-0.06714,0.46533,-9.939,-72.718,-2.916,0.95508,-0.30615,-0.34204,-20.328,-44.893,6.573,1007.88,44.773,1.0159597361116237,1.0596683398592222,73.45198636524407,49.71733462284558,-0.05445,10.389,0.23900999999999997,-27.825000000000003,0.80737,-9.489,-0.06613349284317416,-1.0896867147624114,-0.29308929196508304,-1.122763178507596,0.22695579912190889,0.03307646374518458,1.2071077516035424,0.2116648504782044,1.113176565263614,0.05141126405617747,38.61990483274632,30.575648383385538,62.34606937961823,62.89358156336581,0.02416023435857827,0.09150446550180584,-0.2075202604806877,0.7639843558685915,0.16385282269324383,0.0652573951538305,0.6179105926436894,0.5254528961654943
2026-06-11,18:08:56,salah,0.708,1.0105,-0.09717,0.36597,-4.046,-0.466,-3.389,0.85767,-0.22754,-0.49951,3.107,-0.763,-1.748,1007.88,44.773,1.0791136639854024,1.0182742855439295,5.2983575757021155,3.645699109910197,0.1528299999999999,-7.1530000000000005,0.13036999999999999,0.297,0.86548,-1.6409999999999998,-0.0901682543699991,-1.2122748542495,-0.22535919822065095,-1.0014953251858374,0.13519094385065183,-0.2107795290636627,1.176553269015012,0.22568325116218466,1.08004640209307,0.07409356138506253,31.6542435520159,36.60693221542185,61.31961037178895,64.26539865882721,-0.04483891410099392,0.058936214492615505,-0.6884742208919175,0.8034263669708169,0.15292747672034582,0.06694603305845594,0.2908481030915728,0.6688661125181142
2026-06-11,18:08:57,salah,0.6553,1.00269,-0.07813,0.36523,-3.786,1.908,-0.656,0.86597,-0.22119,-0.50537,-0.229,4.359,0.611,1007.86,44.998,1.0699927503960016,1.0267560050469635,4.29005780846832,4.407566562174643,0.13672000000000006,-3.557,0.14306,-2.451,0.8706,-1.267,-0.07308422973242944,-1.214226871774344,-0.21712811226271683,-1.0035874642685052,0.14404388253028738,-0.21063940750583887,1.0550220501643426,0.034134968149117435,1.0348995434833717,0.021865608769556184,27.6801339164715,39.64279284497128,19.256866764976806,26.382289269392402,-0.0764619923152009,0.012368282033573394,-1.1720628135954185,0.07134647039141692,0.16873020850094936,0.050618753275698355,-0.129447490941439,0.1407498909191318
2026-06-11,18:08:57,tidak pasti,0.5548,0.99683,-0.08594,0.35425,-0.893,0.321,2.603,0.87256,-0.23096,-0.45996,1.481,10.832,1.168,1007.88,44.769,1.0613900296309553,1.013048210501356,2.770577376649135,10.994990177348955,0.12426999999999999,-2.374,0.14501999999999998,-10.511000000000001,0.81421,1.4350000000000003,-0.081058027484006,-1.2202174950695024,-0.23000788499798988,-1.0378646371645364,0.14894985751398387,-0.18235285790496603,1.070165481337453,0.008863079637808472,1.019359500364083,0.0069180326849876544,4.1196642536065236,1.2724754050019638,6.349418616477931,4.04117703758264,-0.08143683719547819,0.0085483096020442,-1.2155730736977821,0.004138910546616498,0.14272822796497436,0.0069731726280207644,-0.20125726482482253,0.016371846543880773
2026-06-11,18:08:58,tidak pasti,0.588,0.98364,-0.09375,0.39893,0.595,2.359,-0.053,0.86157,-0.23169,-0.47778,2.252,1.412,-2.618,1007.88,44.769,1.065589910331362,1.0120557540965813,2.433457416927611,3.730840655938015,0.12207000000000001,-1.6569999999999998,0.13794,0.9470000000000001,0.87671,2.565,-0.08809333278899363,-1.1760504561158016,-0.23097842631910062,-1.0184711025254742,0.14288509353010698,-0.15757935359032738,1.065657563452773,0.004301759389943575,1.0172866565483003,0.008215696146444138,3.1646975340150214,0.9890597946023599,6.377799131820538,4.012895382541613,-0.08074519666847636,0.007509440124270249,-1.2034982743198828,0.02395848357032094,0.14529294452479274,0.00321954304903986,-0.18352387300037742,0.026549402773782083
2026-06-11,18:08:59,tidak pasti,0.5714,0.98682,-0.08789,0.38232,1.649,3.695,2.496,0.87793,-0.22681,-0.46777,1.763,2.397,-1.023,1007.85,45.041,1.061935472097999,1.0203002665392185,4.754181527876275,3.1464753296347325,0.10889000000000004,-0.11399999999999988,0.13892000000000002,1.298,0.85009,3.519,-0.08285875370469177,-1.1924195594827331,-0.224170101509097,-1.036176478055347,0.14131134780440524,-0.15624308142738608,1.0629718040201055,0.002283689419337656,1.0151347437123854,0.00450091235026256,3.3194054404843403,1.253933523965462,5.957435387640568,4.372423744690332,-0.08400337132589714,0.0036546535140389307,-1.196229170222679,0.022328606830182243,0.14438209961616535,0.00403329617832656,-0.16539176430755984,0.014703925592791307
2026-06-11,18:08:59,tidak pasti,0.6138,0.99365,-0.08838,0.40601,-0.405,0.924,-0.382,0.87329,-0.22705,-0.46606,-1.473,-0.008,-0.038,1007.85,45.041,1.0770308570324252,1.0155781851733525,1.0787608632129737,1.473511791605347,0.12036000000000002,1.068,0.13867000000000002,0.932,0.8720699999999999,-0.34400000000000003,-0.08215130330941736,-1.174722114414971,-0.22547280848699602,-1.0350627793915579,0.14332150517757866,-0.1396593350234132,1.0681854131539288,0.007875286518983851,1.0159780686030508,0.004136777299083196,2.755466602672287,1.8587486926253554,2.783609259059365,1.1715960222356765,-0.08436779660103426,0.0032457412760861963,-1.1810640433378354,0.009856568018652232,0.14250598217069696,0.001057344425131258,-0.15116059001370888,0.00998276292352041
2026-06-11,18:09:00,tidak pasti,0.5891,0.97754,-0.09326,0.40503,0.649,2.344,0.832,0.86987,-0.23022,-0.46729,1.649,1.511,-0.481,1007.87,44.849,1.0622293443979036,1.0139206129673073,2.570556554522775,2.287724415221379,0.10766999999999993,-1.0,0.13696000000000003,0.833,0.87232,1.313,-0.08790966788925725,-1.1687752574730959,-0.22905694012223402,-1.0312213586447116,0.14114727223297677,-0.1375538988283842,1.0670652245094425,0.00863174165041498,1.0165996882266262,0.0033102260180060887,2.8011663152040085,1.8485304736058852,2.3025705121538196,0.8365805728317776,-0.0843065749677888,0.0031403551496599087,-1.1786389771236,0.01229917129279115,0.1419267084049869,0.0012107120739090712,-0.1444854384263945,0.010236690973987115
2026-06-11,18:09:00,tidak pasti,0.5984,0.98999,-0.09253,0.3894,1.573,1.817,0.595,0.86108,-0.21948,-0.48022,1.038,3.55,-0.481,1007.89,44.73,1.0678362987836667,1.0100700397497195,2.475851974573601,3.7297861869013347,0.12891000000000008,0.5349999999999999,0.12695,-1.7329999999999999,0.8696200000000001,1.076,-0.08676066481299068,-1.1865975255002974,-0.219039181427571,-1.0207404939545102,0.13227851661458034,-0.16585703154578724,1.0690321667379985,0.0074728688728374435,1.0131896126301265,0.00282589589717854,2.041723130769783,0.8352930539154816,2.4970074645760203,1.1426036420287884,-0.08560721200388843,0.003047545027675234,-1.1766982991294548,0.009073989691842924,0.13891576467504527,0.005849924665024076,-0.14769008846586154,0.015768214263028633
2026-06-11,18:09:01,tidak pasti,0.5951,0.98608,-0.08374,0.38257,0.916,2.58,-0.55,0.87402,-0.22412,-0.46484,1.916,3.183,-2.435,1007.89,44.73,1.0610023368965782,1.0149960395981847,2.792482050076598,4.442045699899991,0.11205999999999994,-0.9999999999999999,0.14038,-0.6029999999999998,0.84741,1.885,-0.07900753907504061,-1.192744047424542,-0.22264360319661877,-1.0374426137547557,0.14363606412157814,-0.15530143366978644,1.0636893266927163,0.0036434077447383023,1.0129955641050705,0.002590010651505867,2.6129635263909914,0.16251896697164975,3.4865187673409017,1.097569736950468,-0.0845592905924295,0.004842159714470383,-1.1827056101326452,0.012449336402228959,0.1390206176563784,0.005969963660655986,-0.15290412134798595,0.01430304723410102
2026-06-11,18:09:01,tidak pasti,0.6193,0.99048,-0.08594,0.3894,1.351,3.107,0.992,0.88354,-0.2168,-0.46118,1.809,0.374,-1.252,1007.89,44.73,1.0677399842658324,1.0199667465167674,3.530256931159544,2.23156021653013,0.10694000000000004,-0.45799999999999996,0.13085999999999998,2.733,0.85058,2.2439999999999998,-0.08057491833045498,-1.1880476119355596,-0.21418994015022086,-1.0476347625093536,0.13361502181976587,-0.14041284942620602,1.0655262066486924,0.003918082091043669,1.0150109419548905,0.00494837021335412,2.932863651936581,0.5410385371892025,3.467797367777152,1.1282907976478336,-0.08211437407282875,0.004099412477924322,-1.1891297282867999,0.0032129682210568556,0.13650986751864144,0.006207541385979784,-0.15385710488059323,0.012783433231024963
2026-06-11,18:09:02,salah,0.6851,0.96069,-0.09766,0.33276,18.534,84.718,3.16,1.01831,-0.23462,-0.38623,27.16,49.26,-11.885,1007.89,44.701,1.0213676954456705,1.1140805237504154,86.77922723785917,57.49318590059173,-0.057620000000000005,-8.626000000000001,0.13696,35.458000000000006,0.71899,15.045,-0.09576318773549215,-1.2243688387193021,-0.2121837644094925,-1.1531256393242975,0.11642057667400034,-0.07124319939500467,1.0500366722026937,0.02505557112179155,1.0496811032884559,0.05582688419296574,31.03398873969844,48.27820201039394,21.388930605673952,31.286730403135707,-0.08511521504699592,0.009254656191009862,-1.201720166026468,0.019754389578923736,0.13122388753844813,0.013764404513664433,-0.12231916083033238,0.04485513195390088
2026-06-11,18:09:03,salah,0.7627,-0.35718,0.12622,1.23779,-30.779,51.664,-6.366,0.77661,0.06689,0.93994,45.863,91.191,-9.565,1007.88,44.826,1.294462484933418,1.2210997370403451,60.47347925330574,102.52171708960009,-1.13379,-76.642,0.059329999999999994,-39.527,0.29784999999999995,3.199,0.0976628316421314,0.27955630035590884,0.05480592271176077,-0.6892936771377693,0.04285690893037063,0.9688499774936782,1.127856721548307,0.1461359216190764,1.118382335769176,0.100635476643294,50.26098780744149,42.5537189964676,54.082154402240654,50.23201412762884,-0.026225091474605246,0.10755851431901536,-0.7109533834329843,0.8579987663968107,0.09763083580804562,0.04820839693630509,0.25239797622415583,0.6214287672080264
2026-06-11,18:09:03,salah,0.8047,-0.34009,0.0459,1.09644,-5.366,-20.504,-7.595,0.62598,-0.09058,0.98291,-9.244,-41.466,-3.168,1007.88,44.826,1.1488902000191317,1.1688317949559723,22.51426207984619,42.60184169727877,-0.96607,3.878,0.13648,20.962,0.11353000000000013,-4.427,0.03996223410562253,0.3005191219298232,-0.07757396028931468,-0.5651711735413996,0.1175361943949372,0.8656902954712228,1.1549067934660735,0.13664677295446323,1.1680040185822442,0.05351440846718327,56.588989523670364,32.30810087323128,67.53891489582354,31.19752185738571,0.013953959337420592,0.09930120346895055,-0.21476447214452335,0.874405851265435,0.09227122666643606,0.042797689759091435,0.5877656911899655,0.5730445169454711
2026-06-11,18:09:04,salah,0.8758,0.23389,-0.08643,0.7688,-19.939,-167.74,-3.794,0.88477,-0.21606,-0.15698,-42.87,-138.038,4.076,1007.9,44.634,0.8082252885179974,0.9241983536557506,168.96350421614721,144.59923969371346,-0.6508799999999999,22.930999999999997,0.12963,-29.701999999999998,0.92578,-7.869999999999999,-0.10714288015073894,-0.2935865141223544,-0.23596461934198523,-1.2776442715960385,0.1288217391912463,0.9840577574736842,1.0838593244901824,0.24955643424590038,1.1047099618840226,0.15849705035520925,83.98374851643304,76.00259667401367,96.57426616019744,51.25813524631006,0.010160728532338329,0.10560512391248796,0.09549630272112587,0.33711858261482397,0.09640494750551803,0.04671600589489091,0.9395326768128617,0.06439986106066603
2026-06-11,18:09:04,salah,0.795,0.97754,-0.10669,0.38696,6.969,26.618,2.603,0.93188,-0.26685,-0.41211,19.084,55.832,-7.611,1007.9,44.634,1.056742754552876,1.0533014331139972,27.63802623198697,59.49234069189075,0.04565999999999992,-12.114999999999998,0.16015999999999997,-29.214000000000002,0.79907,10.214,-0.1011334946851256,-1.181167490796622,-0.2561378284701995,-1.0858993956951801,0.1550043337850739,-0.09526809510144196,1.004619414363335,0.17621230781760075,1.0487771939085733,0.12237945785910387,73.03859750932679,83.11289932859906,82.23114069429433,54.66861136587207,-0.056104713576747345,0.08325065769214063,-0.3914116276630511,0.7456715893827721,0.13378742245708578,0.01922131304209358,0.5848266526144883,0.5919454057751629
2026-06-11,18:09:05,tidak pasti,0.5607,0.82349,-0.16895,0.87036,-35.634,-5.366,-3.115,1.1665,-0.32593,-0.18408,-6.977,-6.489,-6.71,1007.78,45.674,1.2100439711845186,1.2250869607093204,36.170141512026184,11.653744033571357,-0.34301000000000004,-28.657,0.15698,1.1230000000000002,1.05444,3.5949999999999998,-0.14008070056833194,-0.7485069008796092,-0.2692893023992666,-1.2602844878005046,0.12920860183093463,0.5117775869208954,1.0250040047517972,0.20278085366761392,1.0675289158263561,0.15094801890686482,77.59055732005346,79.24620379642955,71.91510813972519,67.33773137979514,-0.11611902513473216,0.020967822862840713,-0.7410869685995286,0.4438370073402988,0.1376782249357516,0.015006097146474152,0.4668557497643792,0.5410633535912344
2026-06-11,18:09:05,benar,0.8371,0.67651,-0.13965,0.82568,16.687,5.908,2.313,1.02881,-0.27563,-0.01733,10.489,1.29,-4.237,1007.88,44.797,1.0765293145102923,1.0652334213213555,17.852462071098206,11.385753817819882,-0.35230000000000006,6.198,0.13598,4.618,0.8430099999999999,6.550000000000001,-0.13008904036602364,-0.6795173163268826,-0.2617287357409325,-1.3085386015880287,0.13163969537490888,0.6290212852611461,1.1144386800825623,0.08338558480789386,1.1145406050482245,0.09592166412290445,27.220209938370456,9.165984555221412,27.510612847760665,27.69731289513369,-0.12376774520649374,0.020228452508722405,-0.8697305693343713,0.2719091902301255,0.13861754366363913,0.01424333955987331,0.3485102590268665,0.38876849395848384
2026-06-11,18:09:06,benar,0.8464,0.81665,-0.07788,0.64648,2.076,-18.695,-9.679,0.98145,-0.25732,-0.17261,-8.29,-12.412,-1.557,1007.88,44.797,1.0444706349629942,1.0291996390399678,21.154097522702312,15.006868194263586,-0.16480000000000006,10.366,0.17944,-6.2829999999999995,0.8190900000000001,-8.122,-0.07463335465310117,-0.8976746450389046,-0.2527004153849102,-1.2649918854393443,0.17806706073180906,0.36731724040043967,1.1103479735526018,0.08781462686504142,1.1065066736902145,0.1042620339266684,25.058900368608903,9.763194096923355,12.682122015218274,2.017743364918829,-0.11493436519581891,0.035257437605032825,-0.7752329540817988,0.11150724845280689,0.14630511931255086,0.02753349316732587,0.502705370860827,0.13108768287788933
2026-06-11,18:09:07,tidak pasti,0.6241,0.80103,-0.28223,0.66284,-2.298,9.603,13.931,0.95142,-0.40601,-0.19873,11.954,2.29,-2.183,1007.89,44.735,1.0773391756545383,1.053345978014821,17.075455308717245,12.365585509792895,-0.15039000000000002,-14.252,0.12378,7.313,0.86157,16.113999999999997,-0.2650624057494724,-0.8383283101915151,-0.39569318558597405,-1.127251248178594,0.13063077983650168,0.2889229379870788,1.066113041709275,0.01874724769391051,1.0492596794587148,0.01836114765729095,18.694004967505922,2.16563533686906,12.919402507292121,1.8730062151154518,-0.1565949335895324,0.09794247116061615,-0.8051734238524341,0.11279445856871399,0.14677917864773987,0.02710079614367211,0.42842048788288817,0.1780924664165052
2026-06-11,18:09:07,tidak pasti,0.6308,0.93457,-0.35742,0.74731,-2.214,-15.366,-2.092,0.99927,-0.35571,-0.12793,28.221,46.397,-22.779,1007.88,44.806,1.2488564278571017,1.0683801860292992,15.664999712735394,58.88963653309468,-0.06469999999999998,-30.435,-0.0017099999999999893,-61.763,0.87524,20.687,-0.290256317176377,-0.8455568949892525,-0.33942322194933516,-1.209142984442942,0.04916690477295815,0.36358608945368953,1.1235554128248781,0.10975128025620962,1.0503086010280294,0.0197660835730227,17.96485084805165,2.8505818723353396,28.75403007905039,26.13159344203101,-0.20998402585965018,0.11789205418642167,-0.860519950073224,0.03237926231462191,0.11928824844708963,0.06519434266325469,0.33994208928040265,0.044223248646669565
2026-06-11,18:09:08,tidak pasti,0.6765,0.60254,-0.01514,0.50562,5.069,-26.74,-0.756,0.8335,-0.37988,-0.25879,-27.74,-38.588,0.679,1007.88,44.806,0.7867243835041595,0.9518420711966875,27.226712930502643,47.52896364323548,-0.23096000000000005,32.809,0.36474,11.848000000000003,0.76441,-1.435,-0.019245538790938075,-0.8724158126435061,-0.4105348798281678,-1.0668224839278422,0.3912893410372297,0.19440667128433609,1.037639995671933,0.2336097713558358,1.0245227450802694,0.0633905917292489,19.989055983985093,6.307543484088273,39.59472856204102,24.255636368634807,-0.19152142057226249,0.1497261429273336,-0.8521003392747578,0.017961123383345417,0.19036234188222986,0.1787115972094904,0.2823052329083681,0.08478363284509477
2026-06-11,18:09:08,tidak pasti,0.6539,0.97217,-0.03662,0.47437,12.489,6.458,3.145,0.83667,-0.19263,-0.47607,-7.008,-29.0,-3.412,1007.87,44.898,1.082350419318993,0.9817156669321316,14.407356107211346,30.029215907179463,0.13549999999999995,19.497,0.15600999999999998,35.458,0.95044,6.557,-0.033840232837544865,-1.1156634727487391,-0.19749914712576483,-1.0202768343681299,0.16365891428821996,-0.09538663838060923,1.0393104102267514,0.23405306746858204,1.0006459747193728,0.06053140066836805,19.099689583483126,7.066243572215657,45.482605361169874,14.538626356713415,-0.11444736293495332,0.15242979553609515,-0.9445453934604991,0.14879985940471097,0.2013717200328026,0.174151176099091,0.15420204078580546,0.23211268913839425
2026-06-11,18:09:09,tidak pasti,0.5302,0.97241,-0.06055,0.41724,-3.275,2.832,-2.603,0.89355,-0.21289,-0.45215,8.641,9.603,-6.267,1007.87,44.898,1.0598758079133612,1.023813155365763,5.051876680996875,14.358265180724308,0.07886000000000004,-11.916,0.15234,-6.771,0.86939,3.664,-0.05716045667416673,-1.1616868192881729,-0.20946674667046974,-1.0608417293361878,0.15230628999630302,-0.10084508995198505,0.9763168702455046,0.16457600162549174,0.9857902978315275,0.0361581415706445,15.561981906236953,11.132417133081674,30.63881491037975,16.59374934519734,-0.036748742767549886,0.019124063951804188,-1.0499220348934726,0.15543770877674146,0.2357515151072509,0.13481925675083156,-0.000608352349419398,0.16891001526121807
2026-06-11,18:09:09,tidak pasti,0.5504,0.97852,-0.07178,0.41333,-2.359,4.389,0.374,0.89648,-0.21899,-0.43042,-0.374,2.443,1.634,1007.88,44.802,1.0646574320878992,1.0182801121989962,4.9968067803348175,2.9627826447446326,0.08203999999999989,-1.9849999999999999,0.14721,1.9460000000000002,0.84375,-1.2599999999999998,-0.06747192976806252,-1.1657744001468011,-0.21675193850613356,-1.076676410776515,0.14928000873807104,-0.08909798937028612,1.0689612197734177,0.011839298154453858,1.0079363114989637,0.02287564846723316,8.152013189514346,5.417355852902432,15.783421244216134,13.589380219179988,-0.052824206426591365,0.017230062659890293,-1.1477082307279043,0.027826731119130872,0.155081737674198,0.007580604432667331,-0.09510990590096013,0.005878437604339043
2026-06-11,18:09:10,salah,0.8167,0.92017,-0.05811,0.34839,11.718,96.634,-0.374,0.91504,-0.15723,-0.04956,50.267,155.611,0.351,1007.88,44.802,0.9856293385953971,0.9297718365814271,97.34259784904037,163.52882868473068,0.005130000000000079,-38.54900000000001,0.09912000000000001,-58.97699999999999,0.39794999999999997,-0.725,-0.05899146371074747,-1.2042934386918989,-0.16992253872927984,-1.392545989442922,0.11093107501853237,0.1882525507510231,1.0367208595322193,0.04431110037185849,0.9906217013820621,0.05277009736927714,35.79709377012402,53.299977133385546,60.283292170066545,89.59461403012789,-0.06120795005099224,0.005501475085275125,-1.1772515527089575,0.023507972635996393,0.13750579125096882,0.02306406841147874,-0.0005635095237493578,0.16362495853714987
2026-06-11,18:09:11,salah,0.8729,-0.26367,0.04517,1.02417,-10.618,4.863,0.435,0.55347,-0.03906,1.05029,11.137,18.901,1.176,1007.88,44.788,1.058530295598572,1.1878399760068694,11.686741119747627,21.96960504879412,-0.81714,-21.755000000000003,0.08423,-14.038,-0.02611999999999992,-0.7409999999999999,0.04268533453354503,0.2517411965804777,-0.03288914625335609,-0.4847041423513099,0.07557448078690113,0.7364453389317875,1.0362723554272895,0.04396500671859622,1.045297308262431,0.13113823930865834,38.008715249707606,51.49340757417367,62.82040545942314,87.73228998419292,-0.02792601964842165,0.061298059355053613,-0.7061088807527408,0.8297460497453718,0.11192852151450151,0.03686288631231164,0.2785333001041748,0.42011118409754494
2026-06-11,18:09:12,salah,0.8923,-0.04272,0.01904,1.12524,-3.031,-109.626,4.496,0.88354,-0.21045,0.75293,-47.969,-111.092,17.099,1007.87,44.902,1.1262116042733712,1.1797608736519447,109.76001481869433,122.20815531706549,-0.92626,44.938,0.22949,1.465999999999994,0.37231000000000003,-12.603,0.016907042186675235,0.03794158328282054,-0.17934346474454793,-0.8464224482472806,0.19625050693122317,0.8843640315301011,1.0567904128224468,0.07030728091630425,1.099124228746747,0.14671909392714566,72.92978459582744,53.40019514673438,102.56886301686343,72.79443523128576,0.00020030433649093302,0.05285715791166534,-0.30487021960953353,0.7862246268910179,0.12758535424555223,0.06203788829356568,0.6030206404043039,0.3667347966187182
2026-06-11,18:09:12,salah,0.8444,0.92456,-0.0105,0.40088,-12.153,-84.885,-7.107,0.90356,-0.29395,-0.52441,-24.099,-57.733,-12.244,1007.87,44.902,1.0077828228343646,1.085280205384766,86.04457032840597,63.74775781154973,0.02100000000000002,11.946,0.28345,-27.152000000000008,0.9252900000000001,5.137,-0.010419099958791653,-1.161547234952075,-0.2742777039460758,-0.9837117649305465,0.26385860398728417,-0.17783547002152855,1.0641749075687692,0.05941582534563132,1.1509603516811933,0.05702393521018517,69.16377542228264,51.169450661542946,69.30850605913645,50.35010606519088,0.01639109225380954,0.026555976614269672,-0.29062148502959223,0.7617816715241226,0.17856119723513617,0.09538035185758813,0.4809913001467867,0.5753342678155101
2026-06-11,18:09:13,salah,0.7324,1.03833,0.03491,0.33545,-1.313,50.092,4.55,0.85156,-0.17603,-0.49951,11.206,13.328,-6.053,1007.77,45.698,1.0917300946204607,1.0028216364837768,50.31535484322852,18.43498925955749,0.18677,-12.519,0.21094,36.763999999999996,0.83496,10.603,0.03198221996876529,-1.256734831877803,-0.17644887976296503,-1.0144002662189047,0.20843109973173032,-0.24233456565889844,1.0752415072427322,0.060911814975148616,1.0892875718401624,0.08853766233555165,82.03997999677627,29.92397797240238,68.13030079605757,52.02521033747079,0.012823387398882958,0.021493607426840974,-0.7934468278490193,0.7215747967296027,0.22284673688341253,0.03603569955963338,0.1547313319498914,0.6327028848970409
2026-06-11,18:09:13,salah,0.7787,0.00635,0.06934,1.2334,-18.794,155.221,-9.031,0.87842,-0.13794,0.77808,-0.481,81.16,-20.115,1007.77,45.698,1.2353638808464493,1.1815488252289874,156.61523628944917,83.61692523646154,-0.87207,-18.313,0.20728000000000002,74.061,0.45532000000000006,11.083999999999998,0.056158725277620614,-0.005140208529981666,-0.11701190388674747,-0.838211101120876,0.1731706291643681,0.8330708925908944,1.111625599433758,0.11508760934743115,1.0898835556991768,0.08945247411211957,97.65838715369455,54.093222817730684,55.26655743585625,33.40837117076799,0.025907281762531417,0.03370208241280846,-0.8078074251199533,0.6967576085650898,0.21515344429446084,0.04571618566422092,0.1376336189701558,0.6031291607029908
2026-06-11,18:09:14,salah,0.7925,-0.16064,0.09985,1.04907,-33.061,21.267,-1.847,0.65308,-0.02637,0.95361,5.779,14.626,-2.687,1007.84,45.123,1.0659845669614545,1.1561059187635014,39.353861551314125,15.954205903146667,-0.81372,-38.84,0.12622,6.641,0.09545999999999999,0.8399999999999999,0.09380679176582982,0.15127264474670166,-0.022811307036359973,-0.6003076215876456,0.11661809880218979,0.7515802663343473,1.1310261808094548,0.09127143466259059,1.1134921268254219,0.09668403925518408,82.09481756133061,64.7688828787232,39.33537346638857,38.36900366037149,0.06064924567073857,0.031155946455265204,-0.37020079855369437,0.7717338850594628,0.1660732758994294,0.04631615379592152,0.4474388644221144,0.598749295762605
2026-06-11,18:09:14,salah,0.7928,-0.27344,0.16309,1.25098,-9.855,-26.389,2.954,0.71045,0.00366,1.03003,-0.603,-93.405,11.0,1007.9,44.644,1.290859691097371,1.2512850990082156,28.323602560408872,94.05241960736576,-0.98389,-9.252,0.15943000000000002,67.016,0.22094999999999998,-8.046,0.12668071563346223,0.21344484813559744,0.002924997044160354,-0.6038019633144759,0.12375571858930187,0.8172468114500733,1.197402712968425,0.11714517943041293,1.1963132810002348,0.04927738785365747,74.7642334670574,71.09927320743161,64.54118358232466,42.3998311988267,0.09221541089230423,0.03528791791464639,0.1198590947841058,0.11262755031657656,0.13784814885195326,0.030797639773561276,0.8006326567917718,0.043211146052593144
2026-06-11,18:09:15,salah,0.8051,0.83618,-0.10986,0.4126,4.389,-107.099,17.336,0.99072,-0.21191,-0.32202,-19.626,-69.198,7.435,1007.9,44.644,0.9388849620693688,1.0630751840298034,108.58174808870965,72.3105960769236,-0.15454,24.015,0.10204999999999999,-37.90100000000001,0.73462,9.901,-0.11727981056109368,-1.0986839683522225,-0.20068108651013675,-1.1997207145537259,0.08340127594904306,0.10103674620150338,1.0985764067093982,0.17823642580067814,1.1568220672671734,0.09410700120370837,58.75307073347755,43.50390176272097,60.772407195812015,40.30732064947538,0.034402565612732784,0.13238516211765342,-0.24465549182330779,0.7402633482486363,0.10792503111351158,0.02153595434573171,0.5566212746619746,0.3959115693134912
2026-06-11,18:09:16,salah,0.6795,0.99194,-0.09375,0.37134,5.962,1.084,-1.145,0.85034,-0.25391,-0.50586,-4.557,-0.595,-0.855,1007.87,44.878,1.0633096546632124,1.0214904518888075,6.166970488011111,4.674537303306072,0.14160000000000006,10.519,0.16016000000000002,1.679,0.8772,-0.29000000000000004,-0.08828273975136286,-1.2023268314717899,-0.2512017364737466,-0.9835151748726118,0.16291899672238375,-0.21881165659917812,1.0976847692766507,0.1784875033359456,1.111950244975609,0.12244579881737665,47.69077371237654,53.88424775917672,57.01251766253181,46.61142417550923,-0.026293944892998106,0.13327093682148208,-0.6958553172294716,0.7891803050118597,0.12335866375357622,0.03976034731555641,0.2331573003507995,0.5305150025453363
2026-06-11,18:09:17,salah,0.6455,1.00635,-0.08789,0.34961,-0.122,0.786,-1.985,0.83472,-0.21289,-0.53247,1.687,4.076,0.061,1007.89,44.7,1.0689677856231217,1.0127210531039632,2.138435175543089,4.411741832881883,0.17163000000000006,-1.8090000000000002,0.125,-3.2899999999999996,0.88208,-2.0460000000000003,-0.08231242041817802,-1.226823063703749,-0.21179572055625234,-0.9688496300069047,0.12948330013807433,-0.2579734336968442,1.0237208007852343,0.07352443987857454,1.032428896340858,0.026900219341059364,38.96238458408795,60.3257748005149,27.132291737703852,39.12577989753291,-0.09595832357687818,0.018704692824224708,-1.1759446211759206,0.06802148707907317,0.12526785760316705,0.039926112333541486,-0.1252494480315063,0.19694540479967124
2026-06-11,18:09:17,tidak pasti,0.5116,1.00195,-0.07373,0.35132,-6.13,1.191,-0.557,0.83228,-0.20361,-0.52832,-5.779,2.794,3.565,1007.89,44.7,1.0643146422933398,1.0066126627953773,6.269420228378379,7.3425133299163985,0.16966999999999988,-0.351,0.12988,-1.603,0.87964,-4.122,-0.06933015492431618,-1.226768939745044,-0.20367777187065783,-0.9734170789192129,0.13434761694634165,-0.25335186082583117,1.0655306941932245,0.0030187245911611877,1.0136080559293827,0.007478451215751461,4.858275297310859,2.356007577090664,5.476264155368118,1.621551680010684,-0.07997510503128569,0.009690067095740499,-1.2186396116401943,0.014127307951897384,0.14224997126893324,0.01806438081970529,-0.2433789837072845,0.02140104915367574
2026-06-11,18:09:18,tidak pasti,0.5672,1.00342,-0.10059,0.35767,-3.099,3.16,0.626,0.83276,-0.21729,-0.52563,1.443,-0.305,1.481,1007.89,44.74,1.0699990062612208,1.008459745651754,4.470042169823457,2.0901279865118307,0.17066000000000003,-4.542,0.11670000000000001,3.4650000000000003,0.8833,-0.8550000000000001,-0.09414845898082821,-1.216170757430441,-0.21717024471521468,-0.9715734460243982,0.12302178573438646,-0.2445973114060428,1.0677604780592274,0.003028397611809408,1.009264487183698,0.0031327008699256675,4.2926325245816415,2.0711989313814754,4.61479438310337,2.6320734606990674,-0.0819303447744408,0.012413562760485938,-1.2232542536264113,0.006134547344300992,0.12895090093960082,0.005681654674505133,-0.2519742019762394,0.00679364554668644
2026-06-11,18:09:18,tidak pasti,0.5839,0.98462,-0.09155,0.38794,1.366,0.924,-0.511,0.85645,-0.22485,-0.49243,-0.038,0.71,0.878,1007.89,44.74,1.06224074036915,1.0131887434728042,1.7265146973020533,1.129791131138849,0.12817,1.4040000000000001,0.13329999999999997,0.21400000000000008,0.88037,-1.389,-0.08629279180310878,-1.186139752877489,-0.22378632285941186,-1.0071292806187062,0.13749353105630308,-0.17901047225878286,1.065518129641237,0.004016709942282179,1.0094203839733118,0.003391655754589633,4.155325698501296,2.2877461635990284,3.5208108158556928,3.3443413848514862,-0.0832571352360844,0.012684575757787845,-1.2096931500176582,0.021074920040780373,0.13162097791234373,0.007611423880056521,-0.22565321483021894,0.04063027947017865
2026-06-11,18:09:19,tidak pasti,0.5834,0.99292,-0.0791,0.37573,1.321,1.611,-0.435,0.85327,-0.21948,-0.48828,-3.16,1.214,1.443,1007.89,44.74,1.0645750181645255,1.0073025968893359,2.128282641004244,3.6798974170484704,0.13965000000000005,4.481,0.14038,0.397,0.86401,-1.8780000000000001,-0.0743704880054439,-1.2018044741896383,-0.21965081945736398,-1.0104744411999431,0.1452803314519201,-0.1913300329896952,1.0656049215982988,0.003980351520304588,1.0096503620046313,0.00311847011775378,2.774946502709918,1.48167687457387,2.299938844899717,1.2879347672075776,-0.08493724626312697,0.009958421649991004,-1.2013716614991894,0.015020179883530528,0.13526521608086986,0.01129534218548464,-0.2049792722181736,0.03485878176255321
2026-06-11,18:09:19,tidak pasti,0.6387,0.98706,-0.08496,0.3833,1.092,1.847,0.779,0.85596,-0.22363,-0.48779,-1.305,2.122,1.397,1007.89,44.74,1.0622732864945819,1.0102558995620863,2.28269884128415,2.8561369014807396,0.1311,2.3970000000000002,0.13867000000000002,-0.2749999999999999,0.8710899999999999,-0.618,-0.08006493254057814,-1.1922312349548554,-0.22320859737519155,-1.010825258195139,0.1431436648346134,-0.18140597675971648,1.0630296816760858,0.0013383995888550924,1.0102490799747421,0.0029430792175199044,2.0458320598634825,0.28711282495233703,2.555275149889353,1.3014026519632267,-0.08024273744971028,0.0059631403555708146,-1.1933918206739944,0.007896587418336317,0.14197250911427886,0.004023340576094647,-0.18391549400273152,0.006531933231854232
2026-06-11,18:09:20,tidak pasti,0.5966,1.00098,-0.08472,0.37354,0.733,1.794,0.313,0.85669,-0.21265,-0.4978,2.359,2.519,-2.939,1007.89,44.74,1.0717605004850663,1.013381773370727,1.9630827797115433,4.532986101897953,0.14429000000000003,-1.626,0.12793,-0.7250000000000001,0.87134,3.2520000000000002,-0.0791300648242368,-1.205334069277491,-0.2114133001941573,-1.0072711989464442,0.13228323536992048,-0.19806287033104675,1.066202935048058,0.00494867581885073,1.0103134232740498,0.0030399964483619193,2.1246880873333125,0.15983834745099804,3.6896734734757213,0.8384673450376071,-0.07785516179008628,0.003053802212127484,-1.1997899261406617,0.006779739648602738,0.14023574388548465,0.006969442576416617,-0.1902662933601528,0.008379241156647193
2026-06-11,18:09:20,tidak pasti,0.6208,0.99121,-0.07813,0.37744,2.908,2.824,1.29,0.8584,-0.21484,-0.49731,2.664,0.878,-1.55,1007.89,44.74,1.0635142286777362,1.0150487779904964,4.253885282891394,3.2047277575482136,0.13280999999999998,0.24399999999999977,0.13671,1.9459999999999997,0.8747499999999999,2.84,-0.07353023253875705,-1.1999303854400918,-0.21326786378546506,-1.0078261226859795,0.13973763124670802,-0.1921042627541123,1.0658493385524614,0.0051566811924522475,1.0128954836411033,0.002433162383243879,2.8332223012956956,1.2406655823230857,3.531283586975636,0.8848360540431973,-0.077575076634524,0.0035339874407048916,-1.1991652298908126,0.006584843512381639,0.13838817715041396,0.005554547849095919,-0.19052436994829183,0.008440087192681621
2026-06-11,18:09:21,tidak pasti,0.6018,0.99536,-0.09277,0.38354,-0.427,2.588,0.229,0.86011,-0.21216,-0.47852,0.748,1.328,-1.611,1007.89,44.74,1.0707243968921227,1.0068676517298587,2.63296676773559,2.217748633186367,0.13524999999999998,-1.175,0.11938999999999998,1.26,0.86206,1.84,-0.08675104721384302,-1.1933630778361668,-0.21230417310467417,-1.0240936509786882,0.12555312589083115,-0.1692694268574786,1.0686663753516417,0.004491863663993494,1.0117660676970275,0.004323260961489986,2.9499782767795093,1.1778438987376447,3.318487497544178,1.161803379649272,-0.0798037815256123,0.006636106223797683,-1.1995425108512499,0.005994914014776655,0.1325246641691532,0.007095333955956483,-0.18647885331421254,0.015198668372304073
2026-06-11,18:09:21,tidak pasti,0.6321,0.9895,-0.08667,0.38379,1.954,2.664,0.756,0.86768,-0.21484,-0.49219,0.771,2.481,-0.397,1007.89,44.74,1.0648552497875006,1.020429225424282,3.389181022016971,2.6281953884747606,0.12182000000000004,1.1829999999999998,0.12817,0.18300000000000027,0.87598,1.153,-0.08148147643988926,-1.1923350459916398,-0.21212613623909476,-1.0165718633057552,0.1306446597992055,-0.17576318268588453,1.06636462511912,0.0038347479498284194,1.0141152183815458,0.006828815448151726,3.425344357547985,0.811064145626763,2.6835572597364474,0.495813120614729,-0.08058758539749644,0.006655581572259081,-1.1952095030892995,0.004120589763111288,0.1319784723122482,0.007185703856456011,-0.17904562409915847,0.011765978447635782
2026-06-11,18:09:21,tidak pasti,0.6195,0.99194,-0.07471,0.37646,2.267,3.771,0.939,0.87109,-0.21069,-0.48706,1.229,1.763,-0.053,1007.89,44.74,1.0636017484472278,1.0200076018344177,4.499050010835621,2.149748589951858,0.12085000000000001,1.0379999999999998,0.13598,2.008,0.8635200000000001,0.992,-0.07030034823295896,-1.201616207021277,-0.20805504833593672,-1.023632338547021,0.13775470010297775,-0.17798386847425607,1.066393798375617,0.0038024175251921174,1.015768159662853,0.007710948236880519,3.5070659335293937,0.9386103061528792,2.3318975372043287,0.258844188597272,-0.07951095729556375,0.008400510907887094,-1.1957714436163611,0.005087745749634461,0.13131749526433814,0.006128550724762369,-0.17433882600587305,0.004528461895277007
2026-06-11,18:09:21,tidak pasti,0.5452,0.87061,-0.07056,0.44385,2.359,49.573,-22.527,0.8562,-0.16846,-0.51978,1.542,32.244,-43.573,1007.89,44.74,0.9797669662731031,1.0156911243089604,54.50241223101965,54.22784920130984,0.014410000000000034,0.817,0.0979,17.329,0.96363,21.046,-0.07207952298382181,-1.0942595566368454,-0.1666275004274246,-1.0027856449462635,0.0945479774436028,-0.09147391169058183,1.0360746548359439,0.048767916296166655,1.01870931718922,0.002622319166257136,20.796881087957413,29.195120731383163,19.66859772657882,29.9301457514832,-0.07462044921889001,0.006008047652440563,-1.1627369365499207,0.0594844404641605,0.12098244578192868,0.023167304666874416,-0.1484069876169075,0.04931799075557762
2026-06-11,18:09:22,tidak pasti,0.5046,0.8396,-0.15918,0.49292,-13.221,2.855,-13.458,0.99854,-0.14893,-0.20581,33.191,15.702,37.802,1007.89,44.74,0.9865275256169997,1.0303494711019168,19.080451514573756,52.699017913050334,-0.15893999999999997,-46.412000000000006,-0.010249999999999981,-12.847,0.6987300000000001,-51.26,-0.1620623101852164,-1.018012145990014,-0.1450512992939238,-1.3216671236678916,-0.017011010891292616,0.30365497767787764,1.0099654134457767,0.04657326072921555,1.0220160657484316,0.007532743732934609,26.02730458547634,25.71532877530955,36.35887190143734,29.63582999651444,-0.10148072713399907,0.052472731198615785,-1.1046293032160455,0.09224023818204587,0.07176388888509598,0.07985889019684606,0.011399065837679911,0.2567705817648068
2026-06-11,18:09:22,tidak pasti,0.5421,0.94116,-0.04492,0.47363,-38.13,-16.718,10.695,0.8457,-0.11719,-0.48999,-7.305,75.237,-41.298,1007.89,44.74,1.0545735293947027,0.9843943245468251,42.98571214950382,86.13648470886189,0.09545999999999999,-30.825000000000003,0.07227,-91.955,0.9636199999999999,51.993,-0.042608308845196244,-1.1027592486645756,-0.11933082875868752,-1.033522163075943,0.07672251991349127,-0.06923708558863262,1.0069560070949353,0.041376292887802646,1.010144973319234,0.023474213870236845,38.85619196503241,18.068440108787104,64.35445060774069,18.87927669334277,-0.09225004733807816,0.06222902978979844,-1.0716769837638116,0.04666901864307392,0.05141982882193382,0.059929305034619074,0.04764799346622106,0.22198716422944956
2026-06-11,18:09:23,tidak pasti,0.6154,1.0061,-0.0354,0.61084,42.328,8.092,-1.954,1.0625,-0.28613,-0.46558,-25.252,27.153,-26.344,1007.89,44.74,1.177546549228522,1.1947976244117662,43.13882432334011,45.4857697417555,-0.056400000000000006,67.58,0.25073,-19.061,1.0764200000000002,24.39,-0.030067035832209307,-1.0244019516821457,-0.24183011415046973,-1.0957508851956685,0.2117630783182604,0.0713489335135229,1.0728825347467417,0.09681674236985335,1.0698471400201692,0.11062294760128215,35.068329329139225,13.846119983394276,61.44042412122258,21.68938204989796,-0.07824588495420733,0.07285750294976881,-1.0483911154455783,0.04719245529197195,0.09049152911348635,0.11500689189860447,0.10192227520092263,0.18831667379241712
2026-06-11,18:09:23,tidak pasti,0.6644,0.88843,-0.08105,0.38916,-48.771,-3.863,-3.84,0.85132,-0.1687,-0.34082,-19.336,-6.939,17.901,1007.87,44.87,0.9733049229301165,0.9323967528900988,49.074217365129726,27.24842046798309,0.03711000000000009,-29.435000000000002,0.08764999999999999,3.076,0.7299800000000001,-21.741,-0.08336952126316886,-1.1500814070410204,-0.1819335624942684,-1.1506880705513665,0.09856404123109953,0.000606663510346106,1.0684750005177805,0.10282800519699727,1.0371962339495633,0.13894094274641972,45.06625127932455,3.471844602393309,52.956891639533495,30.146546640006058,-0.05201495531352481,0.02786848554576482,-1.0924142024625805,0.063475163335882,0.12901654648761707,0.07248796045459299,0.0009061704784121272,0.07029348810569759
2026-06-11,18:09:24,tidak pasti,0.6484,0.9624,-0.09814,0.3457,2.382,11.557,-2.626,0.91699,-0.19409,-0.44067,-8.015,1.382,-1.435,1007.87,44.87,1.0273040979184305,1.0357275882682666,12.088591688033805,8.258896657544518,0.04541000000000006,10.397,0.09595000000000001,10.175,0.78637,-1.1909999999999998,-0.09567750398274137,-1.2134288471958983,-0.18850932276912308,-1.0872640985429454,0.0928318187863817,-0.1261647486529529,1.0593851900256896,0.10583268791517217,1.0543073218567105,0.13218343019832637,34.76721112550121,19.863208636376882,26.997695622427702,18.61470298226974,-0.06970468702603984,0.034874477111193444,-1.129304068639688,0.0962110448450404,0.13438631277858057,0.06707151017813653,-0.018069717209694636,0.1000725689604291
2026-06-11,18:09:25,tidak pasti,0.637,0.88965,-0.08447,0.36377,-1.565,-12.672,-4.534,1.20605,-0.19043,-0.5127,15.992,10.557,-10.336,1007.87,44.87,0.9648527951454564,1.3242663921583149,13.549389838660632,21.77216592349048,-0.3164,-17.557000000000002,0.10595999999999998,-23.229,0.8764700000000001,5.8020000000000005,-0.08765925470932742,-1.1733637329982138,-0.1443006384319052,-1.1450497638496926,0.056641383722577765,-0.028313969148521245,0.9884872719980011,0.03388095478177588,1.0974635777722268,0.20309838218231882,24.90406629727472,20.944704218284343,19.093161016339362,9.774113980622909,-0.08890209331841255,0.006247407103150743,-1.1789579957450442,0.03204210316605938,0.08267908124668634,0.022730725083170113,-0.05129068476370935,0.06643564427937146
