date,time,prediction,confidence,ax1,ay1,az1,gx1,gy1,gz1,ax2,ay2,az2,gx2,gy2,gz2,pressure_hpa,altitude_m,acc_mag1,acc_mag2,gyro_mag1,gyro_mag2,diff_ax,diff_gx,diff_ay,diff_gy,diff_az,diff_gz,roll1,pitch1,roll2,pitch2,diff_roll,diff_pitch,acc_mag1_rm3,acc_mag1_rs3,acc_mag2_rm3,acc_mag2_rs3,gyro_mag1_rm3,gyro_mag1_rs3,gyro_mag2_rm3,gyro_mag2_rs3,roll1_rm3,roll1_rs3,pitch1_rm3,pitch1_rs3,diff_roll_rm3,diff_roll_rs3,diff_pitch_rm3,diff_pitch_rs3
2026-06-12,16:02:50,tidak pasti,0.5929,0.0,0.0,0.0,0.0,0.0,0.0,0.0,0.0,0.0,0.0,0.0,0.0,0.0,0.0,0.0,0.0,0.0,0.0,0.0,0.0,0.0,0.0,0.0,0.0,0.0,-0.0,0.0,-0.0,0.0,0.0,0.0,0.0,0.0,0.0,0.0,0.0,0.0,0.0,0.0,0.0,-0.0,0.0,0.0,0.0,0.0,0.0
2026-06-12,16:02:51,tidak pasti,0.5929,0.0,0.0,0.0,0.0,0.0,0.0,0.0,0.0,0.0,0.0,0.0,0.0,0.0,0.0,0.0,0.0,0.0,0.0,0.0,0.0,0.0,0.0,0.0,0.0,0.0,-0.0,0.0,-0.0,0.0,0.0,0.0,0.0,0.0,0.0,0.0,0.0,0.0,0.0,0.0,0.0,-0.0,0.0,0.0,0.0,0.0,0.0
2026-06-12,16:02:52,tidak pasti,0.5929,0.0,0.0,0.0,0.0,0.0,0.0,0.0,0.0,0.0,0.0,0.0,0.0,0.0,0.0,0.0,0.0,0.0,0.0,0.0,0.0,0.0,0.0,0.0,0.0,0.0,-0.0,0.0,-0.0,0.0,0.0,0.0,0.0,0.0,0.0,0.0,0.0,0.0,0.0,0.0,0.0,-0.0,0.0,0.0,0.0,0.0,0.0
2026-06-12,16:02:53,tidak pasti,0.5929,0.0,0.0,0.0,0.0,0.0,0.0,0.0,0.0,0.0,0.0,0.0,0.0,0.0,0.0,0.0,0.0,0.0,0.0,0.0,0.0,0.0,0.0,0.0,0.0,0.0,-0.0,0.0,-0.0,0.0,0.0,0.0,0.0,0.0,0.0,0.0,0.0,0.0,0.0,0.0,0.0,-0.0,0.0,0.0,0.0,0.0,0.0
2026-06-12,16:02:54,tidak pasti,0.5929,0.0,0.0,0.0,0.0,0.0,0.0,0.0,0.0,0.0,0.0,0.0,0.0,0.0,0.0,0.0,0.0,0.0,0.0,0.0,0.0,0.0,0.0,0.0,0.0,0.0,-0.0,0.0,-0.0,0.0,0.0,0.0,0.0,0.0,0.0,0.0,0.0,0.0,0.0,0.0,0.0,-0.0,0.0,0.0,0.0,0.0,0.0
2026-06-12,16:02:55,tidak pasti,0.5929,0.0,0.0,0.0,0.0,0.0,0.0,0.0,0.0,0.0,0.0,0.0,0.0,0.0,0.0,0.0,0.0,0.0,0.0,0.0,0.0,0.0,0.0,0.0,0.0,0.0,-0.0,0.0,-0.0,0.0,0.0,0.0,0.0,0.0,0.0,0.0,0.0,0.0,0.0,0.0,0.0,-0.0,0.0,0.0,0.0,0.0,0.0
2026-06-12,16:02:56,tidak pasti,0.5929,0.0,0.0,0.0,0.0,0.0,0.0,0.0,0.0,0.0,0.0,0.0,0.0,0.0,0.0,0.0,0.0,0.0,0.0,0.0,0.0,0.0,0.0,0.0,0.0,0.0,-0.0,0.0,-0.0,0.0,0.0,0.0,0.0,0.0,0.0,0.0,0.0,0.0,0.0,0.0,0.0,-0.0,0.0,0.0,0.0,0.0,0.0
2026-06-12,16:02:57,tidak pasti,0.5929,0.0,0.0,0.0,0.0,0.0,0.0,0.0,0.0,0.0,0.0,0.0,0.0,0.0,0.0,0.0,0.0,0.0,0.0,0.0,0.0,0.0,0.0,0.0,0.0,0.0,-0.0,0.0,-0.0,0.0,0.0,0.0,0.0,0.0,0.0,0.0,0.0,0.0,0.0,0.0,0.0,-0.0,0.0,0.0,0.0,0.0,0.0
2026-06-12,16:02:58,tidak pasti,0.5929,0.0,0.0,0.0,0.0,0.0,0.0,0.0,0.0,0.0,0.0,0.0,0.0,0.0,0.0,0.0,0.0,0.0,0.0,0.0,0.0,0.0,0.0,0.0,0.0,0.0,-0.0,0.0,-0.0,0.0,0.0,0.0,0.0,0.0,0.0,0.0,0.0,0.0,0.0,0.0,0.0,-0.0,0.0,0.0,0.0,0.0,0.0
2026-06-12,16:02:59,tidak pasti,0.5929,0.0,0.0,0.0,0.0,0.0,0.0,0.0,0.0,0.0,0.0,0.0,0.0,0.0,0.0,0.0,0.0,0.0,0.0,0.0,0.0,0.0,0.0,0.0,0.0,0.0,-0.0,0.0,-0.0,0.0,0.0,0.0,0.0,0.0,0.0,0.0,0.0,0.0,0.0,0.0,0.0,-0.0,0.0,0.0,0.0,0.0,0.0
2026-06-12,16:03:00,tidak pasti,0.5929,0.0,0.0,0.0,0.0,0.0,0.0,0.0,0.0,0.0,0.0,0.0,0.0,0.0,0.0,0.0,0.0,0.0,0.0,0.0,0.0,0.0,0.0,0.0,0.0,0.0,-0.0,0.0,-0.0,0.0,0.0,0.0,0.0,0.0,0.0,0.0,0.0,0.0,0.0,0.0,0.0,-0.0,0.0,0.0,0.0,0.0,0.0
2026-06-12,16:03:01,tidak pasti,0.5929,0.0,0.0,0.0,0.0,0.0,0.0,0.0,0.0,0.0,0.0,0.0,0.0,0.0,0.0,0.0,0.0,0.0,0.0,0.0,0.0,0.0,0.0,0.0,0.0,0.0,-0.0,0.0,-0.0,0.0,0.0,0.0,0.0,0.0,0.0,0.0,0.0,0.0,0.0,0.0,0.0,-0.0,0.0,0.0,0.0,0.0,0.0
2026-06-12,16:03:02,tidak pasti,0.5929,0.0,0.0,0.0,0.0,0.0,0.0,0.0,0.0,0.0,0.0,0.0,0.0,0.0,0.0,0.0,0.0,0.0,0.0,0.0,0.0,0.0,0.0,0.0,0.0,0.0,-0.0,0.0,-0.0,0.0,0.0,0.0,0.0,0.0,0.0,0.0,0.0,0.0,0.0,0.0,0.0,-0.0,0.0,0.0,0.0,0.0,0.0
2026-06-12,16:03:03,tidak pasti,0.5929,0.0,0.0,0.0,0.0,0.0,0.0,0.0,0.0,0.0,0.0,0.0,0.0,0.0,0.0,0.0,0.0,0.0,0.0,0.0,0.0,0.0,0.0,0.0,0.0,0.0,-0.0,0.0,-0.0,0.0,0.0,0.0,0.0,0.0,0.0,0.0,0.0,0.0,0.0,0.0,0.0,-0.0,0.0,0.0,0.0,0.0,0.0
2026-06-12,16:03:04,tidak pasti,0.5929,0.0,0.0,0.0,0.0,0.0,0.0,0.0,0.0,0.0,0.0,0.0,0.0,0.0,0.0,0.0,0.0,0.0,0.0,0.0,0.0,0.0,0.0,0.0,0.0,0.0,-0.0,0.0,-0.0,0.0,0.0,0.0,0.0,0.0,0.0,0.0,0.0,0.0,0.0,0.0,0.0,-0.0,0.0,0.0,0.0,0.0,0.0
2026-06-12,16:03:05,tidak pasti,0.5929,0.0,0.0,0.0,0.0,0.0,0.0,0.0,0.0,0.0,0.0,0.0,0.0,0.0,0.0,0.0,0.0,0.0,0.0,0.0,0.0,0.0,0.0,0.0,0.0,0.0,-0.0,0.0,-0.0,0.0,0.0,0.0,0.0,0.0,0.0,0.0,0.0,0.0,0.0,0.0,0.0,-0.0,0.0,0.0,0.0,0.0,0.0
2026-06-12,16:03:07,tidak pasti,0.5929,0.0,0.0,0.0,0.0,0.0,0.0,0.0,0.0,0.0,0.0,0.0,0.0,0.0,0.0,0.0,0.0,0.0,0.0,0.0,0.0,0.0,0.0,0.0,0.0,0.0,-0.0,0.0,-0.0,0.0,0.0,0.0,0.0,0.0,0.0,0.0,0.0,0.0,0.0,0.0,0.0,-0.0,0.0,0.0,0.0,0.0,0.0
2026-06-12,16:03:07,tidak pasti,0.5929,0.0,0.0,0.0,0.0,0.0,0.0,0.0,0.0,0.0,0.0,0.0,0.0,0.0,0.0,0.0,0.0,0.0,0.0,0.0,0.0,0.0,0.0,0.0,0.0,0.0,-0.0,0.0,-0.0,0.0,0.0,0.0,0.0,0.0,0.0,0.0,0.0,0.0,0.0,0.0,0.0,-0.0,0.0,0.0,0.0,0.0,0.0
2026-06-12,16:03:08,tidak pasti,0.5929,0.0,0.0,0.0,0.0,0.0,0.0,0.0,0.0,0.0,0.0,0.0,0.0,0.0,0.0,0.0,0.0,0.0,0.0,0.0,0.0,0.0,0.0,0.0,0.0,0.0,-0.0,0.0,-0.0,0.0,0.0,0.0,0.0,0.0,0.0,0.0,0.0,0.0,0.0,0.0,0.0,-0.0,0.0,0.0,0.0,0.0,0.0
2026-06-12,16:03:09,tidak pasti,0.5929,0.0,0.0,0.0,0.0,0.0,0.0,0.0,0.0,0.0,0.0,0.0,0.0,0.0,0.0,0.0,0.0,0.0,0.0,0.0,0.0,0.0,0.0,0.0,0.0,0.0,-0.0,0.0,-0.0,0.0,0.0,0.0,0.0,0.0,0.0,0.0,0.0,0.0,0.0,0.0,0.0,-0.0,0.0,0.0,0.0,0.0,0.0
2026-06-12,16:03:10,tidak pasti,0.5929,0.0,0.0,0.0,0.0,0.0,0.0,0.0,0.0,0.0,0.0,0.0,0.0,0.0,0.0,0.0,0.0,0.0,0.0,0.0,0.0,0.0,0.0,0.0,0.0,0.0,-0.0,0.0,-0.0,0.0,0.0,0.0,0.0,0.0,0.0,0.0,0.0,0.0,0.0,0.0,0.0,-0.0,0.0,0.0,0.0,0.0,0.0
2026-06-12,16:03:11,tidak pasti,0.5929,0.0,0.0,0.0,0.0,0.0,0.0,0.0,0.0,0.0,0.0,0.0,0.0,0.0,0.0,0.0,0.0,0.0,0.0,0.0,0.0,0.0,0.0,0.0,0.0,0.0,-0.0,0.0,-0.0,0.0,0.0,0.0,0.0,0.0,0.0,0.0,0.0,0.0,0.0,0.0,0.0,-0.0,0.0,0.0,0.0,0.0,0.0
2026-06-12,16:03:12,tidak pasti,0.5929,0.0,0.0,0.0,0.0,0.0,0.0,0.0,0.0,0.0,0.0,0.0,0.0,0.0,0.0,0.0,0.0,0.0,0.0,0.0,0.0,0.0,0.0,0.0,0.0,0.0,-0.0,0.0,-0.0,0.0,0.0,0.0,0.0,0.0,0.0,0.0,0.0,0.0,0.0,0.0,0.0,-0.0,0.0,0.0,0.0,0.0,0.0
2026-06-12,16:03:13,tidak pasti,0.5929,0.0,0.0,0.0,0.0,0.0,0.0,0.0,0.0,0.0,0.0,0.0,0.0,0.0,0.0,0.0,0.0,0.0,0.0,0.0,0.0,0.0,0.0,0.0,0.0,0.0,-0.0,0.0,-0.0,0.0,0.0,0.0,0.0,0.0,0.0,0.0,0.0,0.0,0.0,0.0,0.0,-0.0,0.0,0.0,0.0,0.0,0.0
2026-06-12,16:03:14,tidak pasti,0.5929,0.0,0.0,0.0,0.0,0.0,0.0,0.0,0.0,0.0,0.0,0.0,0.0,0.0,0.0,0.0,0.0,0.0,0.0,0.0,0.0,0.0,0.0,0.0,0.0,0.0,-0.0,0.0,-0.0,0.0,0.0,0.0,0.0,0.0,0.0,0.0,0.0,0.0,0.0,0.0,0.0,-0.0,0.0,0.0,0.0,0.0,0.0
2026-06-12,16:03:15,tidak pasti,0.5929,0.0,0.0,0.0,0.0,0.0,0.0,0.0,0.0,0.0,0.0,0.0,0.0,0.0,0.0,0.0,0.0,0.0,0.0,0.0,0.0,0.0,0.0,0.0,0.0,0.0,-0.0,0.0,-0.0,0.0,0.0,0.0,0.0,0.0,0.0,0.0,0.0,0.0,0.0,0.0,0.0,-0.0,0.0,0.0,0.0,0.0,0.0
2026-06-12,16:03:16,tidak pasti,0.5929,0.0,0.0,0.0,0.0,0.0,0.0,0.0,0.0,0.0,0.0,0.0,0.0,0.0,0.0,0.0,0.0,0.0,0.0,0.0,0.0,0.0,0.0,0.0,0.0,0.0,-0.0,0.0,-0.0,0.0,0.0,0.0,0.0,0.0,0.0,0.0,0.0,0.0,0.0,0.0,0.0,-0.0,0.0,0.0,0.0,0.0,0.0
2026-06-12,16:03:17,tidak pasti,0.5929,0.0,0.0,0.0,0.0,0.0,0.0,0.0,0.0,0.0,0.0,0.0,0.0,0.0,0.0,0.0,0.0,0.0,0.0,0.0,0.0,0.0,0.0,0.0,0.0,0.0,-0.0,0.0,-0.0,0.0,0.0,0.0,0.0,0.0,0.0,0.0,0.0,0.0,0.0,0.0,0.0,-0.0,0.0,0.0,0.0,0.0,0.0
2026-06-12,16:03:18,tidak pasti,0.5929,0.0,0.0,0.0,0.0,0.0,0.0,0.0,0.0,0.0,0.0,0.0,0.0,0.0,0.0,0.0,0.0,0.0,0.0,0.0,0.0,0.0,0.0,0.0,0.0,0.0,-0.0,0.0,-0.0,0.0,0.0,0.0,0.0,0.0,0.0,0.0,0.0,0.0,0.0,0.0,0.0,-0.0,0.0,0.0,0.0,0.0,0.0
2026-06-12,16:03:19,tidak pasti,0.5929,0.0,0.0,0.0,0.0,0.0,0.0,0.0,0.0,0.0,0.0,0.0,0.0,0.0,0.0,0.0,0.0,0.0,0.0,0.0,0.0,0.0,0.0,0.0,0.0,0.0,-0.0,0.0,-0.0,0.0,0.0,0.0,0.0,0.0,0.0,0.0,0.0,0.0,0.0,0.0,0.0,-0.0,0.0,0.0,0.0,0.0,0.0
2026-06-12,16:03:20,tidak pasti,0.5929,0.0,0.0,0.0,0.0,0.0,0.0,0.0,0.0,0.0,0.0,0.0,0.0,0.0,0.0,0.0,0.0,0.0,0.0,0.0,0.0,0.0,0.0,0.0,0.0,0.0,-0.0,0.0,-0.0,0.0,0.0,0.0,0.0,0.0,0.0,0.0,0.0,0.0,0.0,0.0,0.0,-0.0,0.0,0.0,0.0,0.0,0.0
2026-06-12,16:03:21,tidak pasti,0.5929,0.0,0.0,0.0,0.0,0.0,0.0,0.0,0.0,0.0,0.0,0.0,0.0,0.0,0.0,0.0,0.0,0.0,0.0,0.0,0.0,0.0,0.0,0.0,0.0,0.0,-0.0,0.0,-0.0,0.0,0.0,0.0,0.0,0.0,0.0,0.0,0.0,0.0,0.0,0.0,0.0,-0.0,0.0,0.0,0.0,0.0,0.0
2026-06-12,16:03:22,tidak pasti,0.5929,0.0,0.0,0.0,0.0,0.0,0.0,0.0,0.0,0.0,0.0,0.0,0.0,0.0,0.0,0.0,0.0,0.0,0.0,0.0,0.0,0.0,0.0,0.0,0.0,0.0,-0.0,0.0,-0.0,0.0,0.0,0.0,0.0,0.0,0.0,0.0,0.0,0.0,0.0,0.0,0.0,-0.0,0.0,0.0,0.0,0.0,0.0
2026-06-12,16:03:23,tidak pasti,0.5456,0.0,0.0,0.0,0.0,0.0,0.0,0.0,0.0,0.0,0.0,0.0,0.0,1007.31,49.545,0.0,0.0,0.0,0.0,0.0,0.0,0.0,0.0,0.0,0.0,0.0,-0.0,0.0,-0.0,0.0,0.0,0.0,0.0,0.0,0.0,0.0,0.0,0.0,0.0,0.0,0.0,-0.0,0.0,0.0,0.0,0.0,0.0
2026-06-12,16:03:24,tidak pasti,0.5456,0.0,0.0,0.0,0.0,0.0,0.0,0.0,0.0,0.0,0.0,0.0,0.0,1007.31,49.545,0.0,0.0,0.0,0.0,0.0,0.0,0.0,0.0,0.0,0.0,0.0,-0.0,0.0,-0.0,0.0,0.0,0.0,0.0,0.0,0.0,0.0,0.0,0.0,0.0,0.0,0.0,-0.0,0.0,0.0,0.0,0.0,0.0
2026-06-12,16:03:25,tidak pasti,0.5456,0.0,0.0,0.0,0.0,0.0,0.0,0.0,0.0,0.0,0.0,0.0,0.0,1007.31,49.545,0.0,0.0,0.0,0.0,0.0,0.0,0.0,0.0,0.0,0.0,0.0,-0.0,0.0,-0.0,0.0,0.0,0.0,0.0,0.0,0.0,0.0,0.0,0.0,0.0,0.0,0.0,-0.0,0.0,0.0,0.0,0.0,0.0
2026-06-12,16:03:26,tidak pasti,0.5456,0.0,0.0,0.0,0.0,0.0,0.0,0.0,0.0,0.0,0.0,0.0,0.0,1007.31,49.545,0.0,0.0,0.0,0.0,0.0,0.0,0.0,0.0,0.0,0.0,0.0,-0.0,0.0,-0.0,0.0,0.0,0.0,0.0,0.0,0.0,0.0,0.0,0.0,0.0,0.0,0.0,-0.0,0.0,0.0,0.0,0.0,0.0
2026-06-12,16:03:27,tidak pasti,0.5456,0.0,0.0,0.0,0.0,0.0,0.0,0.0,0.0,0.0,0.0,0.0,0.0,1007.31,49.545,0.0,0.0,0.0,0.0,0.0,0.0,0.0,0.0,0.0,0.0,0.0,-0.0,0.0,-0.0,0.0,0.0,0.0,0.0,0.0,0.0,0.0,0.0,0.0,0.0,0.0,0.0,-0.0,0.0,0.0,0.0,0.0,0.0
2026-06-12,16:03:28,tidak pasti,0.5456,0.0,0.0,0.0,0.0,0.0,0.0,0.0,0.0,0.0,0.0,0.0,0.0,1007.31,49.545,0.0,0.0,0.0,0.0,0.0,0.0,0.0,0.0,0.0,0.0,0.0,-0.0,0.0,-0.0,0.0,0.0,0.0,0.0,0.0,0.0,0.0,0.0,0.0,0.0,0.0,0.0,-0.0,0.0,0.0,0.0,0.0,0.0
2026-06-12,16:03:29,tidak pasti,0.5456,0.0,0.0,0.0,0.0,0.0,0.0,0.0,0.0,0.0,0.0,0.0,0.0,1007.31,49.545,0.0,0.0,0.0,0.0,0.0,0.0,0.0,0.0,0.0,0.0,0.0,-0.0,0.0,-0.0,0.0,0.0,0.0,0.0,0.0,0.0,0.0,0.0,0.0,0.0,0.0,0.0,-0.0,0.0,0.0,0.0,0.0,0.0
2026-06-12,16:03:30,tidak pasti,0.5456,0.0,0.0,0.0,0.0,0.0,0.0,0.0,0.0,0.0,0.0,0.0,0.0,1007.31,49.545,0.0,0.0,0.0,0.0,0.0,0.0,0.0,0.0,0.0,0.0,0.0,-0.0,0.0,-0.0,0.0,0.0,0.0,0.0,0.0,0.0,0.0,0.0,0.0,0.0,0.0,0.0,-0.0,0.0,0.0,0.0,0.0,0.0
2026-06-12,16:03:31,tidak pasti,0.5456,0.0,0.0,0.0,0.0,0.0,0.0,0.0,0.0,0.0,0.0,0.0,0.0,1007.31,49.545,0.0,0.0,0.0,0.0,0.0,0.0,0.0,0.0,0.0,0.0,0.0,-0.0,0.0,-0.0,0.0,0.0,0.0,0.0,0.0,0.0,0.0,0.0,0.0,0.0,0.0,0.0,-0.0,0.0,0.0,0.0,0.0,0.0
2026-06-12,16:03:32,tidak pasti,0.5456,0.0,0.0,0.0,0.0,0.0,0.0,0.0,0.0,0.0,0.0,0.0,0.0,1007.31,49.545,0.0,0.0,0.0,0.0,0.0,0.0,0.0,0.0,0.0,0.0,0.0,-0.0,0.0,-0.0,0.0,0.0,0.0,0.0,0.0,0.0,0.0,0.0,0.0,0.0,0.0,0.0,-0.0,0.0,0.0,0.0,0.0,0.0
2026-06-12,16:03:34,tidak pasti,0.5456,0.0,0.0,0.0,0.0,0.0,0.0,0.0,0.0,0.0,0.0,0.0,0.0,1007.31,49.545,0.0,0.0,0.0,0.0,0.0,0.0,0.0,0.0,0.0,0.0,0.0,-0.0,0.0,-0.0,0.0,0.0,0.0,0.0,0.0,0.0,0.0,0.0,0.0,0.0,0.0,0.0,-0.0,0.0,0.0,0.0,0.0,0.0
2026-06-12,16:03:34,tidak pasti,0.5456,0.0,0.0,0.0,0.0,0.0,0.0,0.0,0.0,0.0,0.0,0.0,0.0,1007.31,49.545,0.0,0.0,0.0,0.0,0.0,0.0,0.0,0.0,0.0,0.0,0.0,-0.0,0.0,-0.0,0.0,0.0,0.0,0.0,0.0,0.0,0.0,0.0,0.0,0.0,0.0,0.0,-0.0,0.0,0.0,0.0,0.0,0.0
2026-06-12,16:03:34,tidak pasti,0.5456,0.0,0.0,0.0,0.0,0.0,0.0,0.0,0.0,0.0,0.0,0.0,0.0,1007.31,49.545,0.0,0.0,0.0,0.0,0.0,0.0,0.0,0.0,0.0,0.0,0.0,-0.0,0.0,-0.0,0.0,0.0,0.0,0.0,0.0,0.0,0.0,0.0,0.0,0.0,0.0,0.0,-0.0,0.0,0.0,0.0,0.0,0.0
2026-06-12,16:03:35,tidak pasti,0.5456,0.0,0.0,0.0,0.0,0.0,0.0,0.0,0.0,0.0,0.0,0.0,0.0,1007.31,49.545,0.0,0.0,0.0,0.0,0.0,0.0,0.0,0.0,0.0,0.0,0.0,-0.0,0.0,-0.0,0.0,0.0,0.0,0.0,0.0,0.0,0.0,0.0,0.0,0.0,0.0,0.0,-0.0,0.0,0.0,0.0,0.0,0.0
2026-06-12,16:03:35,tidak pasti,0.5456,0.0,0.0,0.0,0.0,0.0,0.0,0.0,0.0,0.0,0.0,0.0,0.0,1007.31,49.545,0.0,0.0,0.0,0.0,0.0,0.0,0.0,0.0,0.0,0.0,0.0,-0.0,0.0,-0.0,0.0,0.0,0.0,0.0,0.0,0.0,0.0,0.0,0.0,0.0,0.0,0.0,-0.0,0.0,0.0,0.0,0.0,0.0
2026-06-12,16:03:35,tidak pasti,0.5456,0.0,0.0,0.0,0.0,0.0,0.0,0.0,0.0,0.0,0.0,0.0,0.0,1007.31,49.545,0.0,0.0,0.0,0.0,0.0,0.0,0.0,0.0,0.0,0.0,0.0,-0.0,0.0,-0.0,0.0,0.0,0.0,0.0,0.0,0.0,0.0,0.0,0.0,0.0,0.0,0.0,-0.0,0.0,0.0,0.0,0.0,0.0
2026-06-12,16:03:36,tidak pasti,0.5456,0.0,0.0,0.0,0.0,0.0,0.0,0.0,0.0,0.0,0.0,0.0,0.0,1007.31,49.545,0.0,0.0,0.0,0.0,0.0,0.0,0.0,0.0,0.0,0.0,0.0,-0.0,0.0,-0.0,0.0,0.0,0.0,0.0,0.0,0.0,0.0,0.0,0.0,0.0,0.0,0.0,-0.0,0.0,0.0,0.0,0.0,0.0
2026-06-12,16:03:36,tidak pasti,0.5456,0.0,0.0,0.0,0.0,0.0,0.0,0.0,0.0,0.0,0.0,0.0,0.0,1007.31,49.545,0.0,0.0,0.0,0.0,0.0,0.0,0.0,0.0,0.0,0.0,0.0,-0.0,0.0,-0.0,0.0,0.0,0.0,0.0,0.0,0.0,0.0,0.0,0.0,0.0,0.0,0.0,-0.0,0.0,0.0,0.0,0.0,0.0
2026-06-12,16:03:36,tidak pasti,0.5456,0.0,0.0,0.0,0.0,0.0,0.0,0.0,0.0,0.0,0.0,0.0,0.0,1007.31,49.545,0.0,0.0,0.0,0.0,0.0,0.0,0.0,0.0,0.0,0.0,0.0,-0.0,0.0,-0.0,0.0,0.0,0.0,0.0,0.0,0.0,0.0,0.0,0.0,0.0,0.0,0.0,-0.0,0.0,0.0,0.0,0.0,0.0
2026-06-12,16:03:37,tidak pasti,0.5456,0.0,0.0,0.0,0.0,0.0,0.0,0.0,0.0,0.0,0.0,0.0,0.0,1007.31,49.545,0.0,0.0,0.0,0.0,0.0,0.0,0.0,0.0,0.0,0.0,0.0,-0.0,0.0,-0.0,0.0,0.0,0.0,0.0,0.0,0.0,0.0,0.0,0.0,0.0,0.0,0.0,-0.0,0.0,0.0,0.0,0.0,0.0
2026-06-12,16:03:40,tidak pasti,0.5456,0.0,0.0,0.0,0.0,0.0,0.0,0.0,0.0,0.0,0.0,0.0,0.0,1007.31,49.545,0.0,0.0,0.0,0.0,0.0,0.0,0.0,0.0,0.0,0.0,0.0,-0.0,0.0,-0.0,0.0,0.0,0.0,0.0,0.0,0.0,0.0,0.0,0.0,0.0,0.0,0.0,-0.0,0.0,0.0,0.0,0.0,0.0
2026-06-12,16:03:41,tidak pasti,0.5456,0.0,0.0,0.0,0.0,0.0,0.0,0.0,0.0,0.0,0.0,0.0,0.0,1007.31,49.545,0.0,0.0,0.0,0.0,0.0,0.0,0.0,0.0,0.0,0.0,0.0,-0.0,0.0,-0.0,0.0,0.0,0.0,0.0,0.0,0.0,0.0,0.0,0.0,0.0,0.0,0.0,-0.0,0.0,0.0,0.0,0.0,0.0
2026-06-12,16:03:41,tidak pasti,0.5456,0.0,0.0,0.0,0.0,0.0,0.0,0.0,0.0,0.0,0.0,0.0,0.0,1007.31,49.545,0.0,0.0,0.0,0.0,0.0,0.0,0.0,0.0,0.0,0.0,0.0,-0.0,0.0,-0.0,0.0,0.0,0.0,0.0,0.0,0.0,0.0,0.0,0.0,0.0,0.0,0.0,-0.0,0.0,0.0,0.0,0.0,0.0
2026-06-12,16:03:43,tidak pasti,0.5456,0.0,0.0,0.0,0.0,0.0,0.0,0.0,0.0,0.0,0.0,0.0,0.0,1007.31,49.545,0.0,0.0,0.0,0.0,0.0,0.0,0.0,0.0,0.0,0.0,0.0,-0.0,0.0,-0.0,0.0,0.0,0.0,0.0,0.0,0.0,0.0,0.0,0.0,0.0,0.0,0.0,-0.0,0.0,0.0,0.0,0.0,0.0
2026-06-12,16:03:44,tidak pasti,0.5929,0.0,0.0,0.0,0.0,0.0,0.0,0.0,0.0,0.0,0.0,0.0,0.0,0.0,0.0,0.0,0.0,0.0,0.0,0.0,0.0,0.0,0.0,0.0,0.0,0.0,-0.0,0.0,-0.0,0.0,0.0,0.0,0.0,0.0,0.0,0.0,0.0,0.0,0.0,0.0,0.0,-0.0,0.0,0.0,0.0,0.0,0.0
2026-06-12,16:03:46,tidak pasti,0.5456,0.0,0.0,0.0,0.0,0.0,0.0,0.0,0.0,0.0,0.0,0.0,0.0,1007.31,49.545,0.0,0.0,0.0,0.0,0.0,0.0,0.0,0.0,0.0,0.0,0.0,-0.0,0.0,-0.0,0.0,0.0,0.0,0.0,0.0,0.0,0.0,0.0,0.0,0.0,0.0,0.0,-0.0,0.0,0.0,0.0,0.0,0.0
2026-06-12,16:03:52,tidak pasti,0.5929,0.0,0.0,0.0,0.0,0.0,0.0,0.0,0.0,0.0,0.0,0.0,0.0,0.0,0.0,0.0,0.0,0.0,0.0,0.0,0.0,0.0,0.0,0.0,0.0,0.0,-0.0,0.0,-0.0,0.0,0.0,0.0,0.0,0.0,0.0,0.0,0.0,0.0,0.0,0.0,0.0,-0.0,0.0,0.0,0.0,0.0,0.0
2026-06-12,16:03:52,tidak pasti,0.5456,0.0,0.0,0.0,0.0,0.0,0.0,0.0,0.0,0.0,0.0,0.0,0.0,1007.31,49.545,0.0,0.0,0.0,0.0,0.0,0.0,0.0,0.0,0.0,0.0,0.0,-0.0,0.0,-0.0,0.0,0.0,0.0,0.0,0.0,0.0,0.0,0.0,0.0,0.0,0.0,0.0,-0.0,0.0,0.0,0.0,0.0,0.0
2026-06-12,16:03:53,tidak pasti,0.5442,0.91309,-0.21753,0.51123,4.336,0.031,2.817,1.04443,-0.13452,-0.10254,1.649,0.221,0.588,1007.31,49.545,1.0688352360864606,1.0580378570259195,5.1708167633363304,1.7645923041881373,-0.13134,2.6870000000000003,-0.08301,-0.19,0.6137699999999999,2.229,-0.20495245531302408,-1.0241739265868237,-0.1274860597131288,-1.410240586671267,-0.0774663955998953,0.38606666008444335,0.3562784120288202,0.6170923112738752,0.3526792856753065,0.6108584415667294,1.7236055877787768,2.9853724502424597,0.5881974347293791,1.018787841832963,-0.06831748510434137,0.11832935524604919,-0.3413913088622746,0.5913070922118987,-0.025822131866631765,0.04472524435274959,0.12868888669481446,0.2228956901248931
2026-06-12,16:03:53,tidak pasti,0.5216,0.91309,-0.21753,0.51123,4.336,0.031,2.817,1.04443,-0.13452,-0.10254,1.649,0.221,0.588,1007.31,49.545,1.0688352360864606,1.0580378570259195,5.1708167633363304,1.7645923041881373,-0.13134,2.6870000000000003,-0.08301,-0.19,0.6137699999999999,2.229,-0.20495245531302408,-1.0241739265868237,-0.1274860597131288,-1.410240586671267,-0.0774663955998953,0.38606666008444335,0.7125568240576404,0.6170923112738752,0.705358571350613,0.6108584415667294,3.4472111755575536,2.9853724502424597,1.1763948694587583,1.018787841832963,-0.13663497020868273,0.1183293552460492,-0.6827826177245492,0.5913070922118987,-0.05164426373326353,0.04472524435274959,0.2573777733896289,0.2228956901248931
2026-06-12,16:03:55,benar,0.7821,0.91309,-0.21753,0.51123,4.336,0.031,2.817,1.04443,-0.13452,-0.10254,1.649,0.221,0.588,1007.31,49.545,1.0688352360864606,1.0580378570259195,5.1708167633363304,1.7645923041881373,-0.13134,2.6870000000000003,-0.08301,-0.19,0.6137699999999999,2.229,-0.20495245531302408,-1.0241739265868237,-0.1274860597131288,-1.410240586671267,-0.0774663955998953,0.38606666008444335,1.0688352360864606,0.0,1.0580378570259195,0.0,5.1708167633363304,0.0,1.7645923041881373,0.0,-0.20495245531302408,0.0,-1.0241739265868237,0.0,-0.0774663955998953,0.0,0.38606666008444335,0.0
2026-06-12,16:03:56,benar,0.7821,0.91309,-0.21753,0.51123,4.336,0.031,2.817,1.04443,-0.13452,-0.10254,1.649,0.221,0.588,1007.31,49.545,1.0688352360864606,1.0580378570259195,5.1708167633363304,1.7645923041881373,-0.13134,2.6870000000000003,-0.08301,-0.19,0.6137699999999999,2.229,-0.20495245531302408,-1.0241739265868237,-0.1274860597131288,-1.410240586671267,-0.0774663955998953,0.38606666008444335,1.0688352360864606,0.0,1.0580378570259195,0.0,5.1708167633363304,0.0,1.7645923041881373,0.0,-0.20495245531302408,0.0,-1.0241739265868237,0.0,-0.0774663955998953,0.0,0.38606666008444335,0.0
2026-06-12,16:03:58,benar,0.7821,0.91309,-0.21753,0.51123,4.336,0.031,2.817,1.04443,-0.13452,-0.10254,1.649,0.221,0.588,1007.31,49.545,1.0688352360864606,1.0580378570259195,5.1708167633363304,1.7645923041881373,-0.13134,2.6870000000000003,-0.08301,-0.19,0.6137699999999999,2.229,-0.20495245531302408,-1.0241739265868237,-0.1274860597131288,-1.410240586671267,-0.0774663955998953,0.38606666008444335,1.0688352360864606,0.0,1.0580378570259195,0.0,5.1708167633363304,0.0,1.7645923041881373,0.0,-0.20495245531302408,0.0,-1.0241739265868237,0.0,-0.0774663955998953,0.0,0.38606666008444335,0.0
2026-06-12,16:04:00,benar,0.7821,0.91309,-0.21753,0.51123,4.336,0.031,2.817,1.04443,-0.13452,-0.10254,1.649,0.221,0.588,1007.31,49.545,1.0688352360864606,1.0580378570259195,5.1708167633363304,1.7645923041881373,-0.13134,2.6870000000000003,-0.08301,-0.19,0.6137699999999999,2.229,-0.20495245531302408,-1.0241739265868237,-0.1274860597131288,-1.410240586671267,-0.0774663955998953,0.38606666008444335,1.0688352360864606,0.0,1.0580378570259195,0.0,5.1708167633363304,0.0,1.7645923041881373,0.0,-0.20495245531302408,0.0,-1.0241739265868237,0.0,-0.0774663955998953,0.0,0.38606666008444335,0.0
2026-06-12,16:04:01,benar,0.7821,0.91309,-0.21753,0.51123,4.336,0.031,2.817,1.04443,-0.13452,-0.10254,1.649,0.221,0.588,1007.31,49.545,1.0688352360864606,1.0580378570259195,5.1708167633363304,1.7645923041881373,-0.13134,2.6870000000000003,-0.08301,-0.19,0.6137699999999999,2.229,-0.20495245531302408,-1.0241739265868237,-0.1274860597131288,-1.410240586671267,-0.0774663955998953,0.38606666008444335,1.0688352360864606,0.0,1.0580378570259195,0.0,5.1708167633363304,0.0,1.7645923041881373,0.0,-0.20495245531302408,0.0,-1.0241739265868237,0.0,-0.0774663955998953,0.0,0.38606666008444335,0.0
2026-06-12,16:04:03,benar,0.7821,0.91309,-0.21753,0.51123,4.336,0.031,2.817,1.04443,-0.13452,-0.10254,1.649,0.221,0.588,1007.31,49.545,1.0688352360864606,1.0580378570259195,5.1708167633363304,1.7645923041881373,-0.13134,2.6870000000000003,-0.08301,-0.19,0.6137699999999999,2.229,-0.20495245531302408,-1.0241739265868237,-0.1274860597131288,-1.410240586671267,-0.0774663955998953,0.38606666008444335,1.0688352360864606,0.0,1.0580378570259195,0.0,5.1708167633363304,0.0,1.7645923041881373,0.0,-0.20495245531302408,0.0,-1.0241739265868237,0.0,-0.0774663955998953,0.0,0.38606666008444335,0.0
2026-06-12,16:04:06,benar,0.7821,0.91309,-0.21753,0.51123,4.336,0.031,2.817,1.04443,-0.13452,-0.10254,1.649,0.221,0.588,1007.31,49.545,1.0688352360864606,1.0580378570259195,5.1708167633363304,1.7645923041881373,-0.13134,2.6870000000000003,-0.08301,-0.19,0.6137699999999999,2.229,-0.20495245531302408,-1.0241739265868237,-0.1274860597131288,-1.410240586671267,-0.0774663955998953,0.38606666008444335,1.0688352360864606,0.0,1.0580378570259195,0.0,5.1708167633363304,0.0,1.7645923041881373,0.0,-0.20495245531302408,0.0,-1.0241739265868237,0.0,-0.0774663955998953,0.0,0.38606666008444335,0.0
2026-06-12,16:04:07,benar,0.7821,0.91309,-0.21753,0.51123,4.336,0.031,2.817,1.04443,-0.13452,-0.10254,1.649,0.221,0.588,1007.31,49.545,1.0688352360864606,1.0580378570259195,5.1708167633363304,1.7645923041881373,-0.13134,2.6870000000000003,-0.08301,-0.19,0.6137699999999999,2.229,-0.20495245531302408,-1.0241739265868237,-0.1274860597131288,-1.410240586671267,-0.0774663955998953,0.38606666008444335,1.0688352360864606,0.0,1.0580378570259195,0.0,5.1708167633363304,0.0,1.7645923041881373,0.0,-0.20495245531302408,0.0,-1.0241739265868237,0.0,-0.0774663955998953,0.0,0.38606666008444335,0.0
2026-06-12,16:04:09,benar,0.7821,0.91309,-0.21753,0.51123,4.336,0.031,2.817,1.04443,-0.13452,-0.10254,1.649,0.221,0.588,1007.31,49.545,1.0688352360864606,1.0580378570259195,5.1708167633363304,1.7645923041881373,-0.13134,2.6870000000000003,-0.08301,-0.19,0.6137699999999999,2.229,-0.20495245531302408,-1.0241739265868237,-0.1274860597131288,-1.410240586671267,-0.0774663955998953,0.38606666008444335,1.0688352360864606,0.0,1.0580378570259195,0.0,5.1708167633363304,0.0,1.7645923041881373,0.0,-0.20495245531302408,0.0,-1.0241739265868237,0.0,-0.0774663955998953,0.0,0.38606666008444335,0.0
2026-06-12,16:04:12,benar,0.7821,0.91309,-0.21753,0.51123,4.336,0.031,2.817,1.04443,-0.13452,-0.10254,1.649,0.221,0.588,1007.31,49.545,1.0688352360864606,1.0580378570259195,5.1708167633363304,1.7645923041881373,-0.13134,2.6870000000000003,-0.08301,-0.19,0.6137699999999999,2.229,-0.20495245531302408,-1.0241739265868237,-0.1274860597131288,-1.410240586671267,-0.0774663955998953,0.38606666008444335,1.0688352360864606,0.0,1.0580378570259195,0.0,5.1708167633363304,0.0,1.7645923041881373,0.0,-0.20495245531302408,0.0,-1.0241739265868237,0.0,-0.0774663955998953,0.0,0.38606666008444335,0.0
2026-06-12,16:04:13,benar,0.7821,0.91309,-0.21753,0.51123,4.336,0.031,2.817,1.04443,-0.13452,-0.10254,1.649,0.221,0.588,1007.31,49.545,1.0688352360864606,1.0580378570259195,5.1708167633363304,1.7645923041881373,-0.13134,2.6870000000000003,-0.08301,-0.19,0.6137699999999999,2.229,-0.20495245531302408,-1.0241739265868237,-0.1274860597131288,-1.410240586671267,-0.0774663955998953,0.38606666008444335,1.0688352360864606,0.0,1.0580378570259195,0.0,5.1708167633363304,0.0,1.7645923041881373,0.0,-0.20495245531302408,0.0,-1.0241739265868237,0.0,-0.0774663955998953,0.0,0.38606666008444335,0.0
2026-06-12,16:04:15,benar,0.7821,0.91309,-0.21753,0.51123,4.336,0.031,2.817,1.04443,-0.13452,-0.10254,1.649,0.221,0.588,1007.31,49.545,1.0688352360864606,1.0580378570259195,5.1708167633363304,1.7645923041881373,-0.13134,2.6870000000000003,-0.08301,-0.19,0.6137699999999999,2.229,-0.20495245531302408,-1.0241739265868237,-0.1274860597131288,-1.410240586671267,-0.0774663955998953,0.38606666008444335,1.0688352360864606,0.0,1.0580378570259195,0.0,5.1708167633363304,0.0,1.7645923041881373,0.0,-0.20495245531302408,0.0,-1.0241739265868237,0.0,-0.0774663955998953,0.0,0.38606666008444335,0.0
2026-06-12,16:04:17,benar,0.7821,0.91309,-0.21753,0.51123,4.336,0.031,2.817,1.04443,-0.13452,-0.10254,1.649,0.221,0.588,1007.31,49.545,1.0688352360864606,1.0580378570259195,5.1708167633363304,1.7645923041881373,-0.13134,2.6870000000000003,-0.08301,-0.19,0.6137699999999999,2.229,-0.20495245531302408,-1.0241739265868237,-0.1274860597131288,-1.410240586671267,-0.0774663955998953,0.38606666008444335,1.0688352360864606,0.0,1.0580378570259195,0.0,5.1708167633363304,0.0,1.7645923041881373,0.0,-0.20495245531302408,0.0,-1.0241739265868237,0.0,-0.0774663955998953,0.0,0.38606666008444335,0.0
2026-06-12,16:04:19,benar,0.7821,0.91309,-0.21753,0.51123,4.336,0.031,2.817,1.04443,-0.13452,-0.10254,1.649,0.221,0.588,1007.31,49.545,1.0688352360864606,1.0580378570259195,5.1708167633363304,1.7645923041881373,-0.13134,2.6870000000000003,-0.08301,-0.19,0.6137699999999999,2.229,-0.20495245531302408,-1.0241739265868237,-0.1274860597131288,-1.410240586671267,-0.0774663955998953,0.38606666008444335,1.0688352360864606,0.0,1.0580378570259195,0.0,5.1708167633363304,0.0,1.7645923041881373,0.0,-0.20495245531302408,0.0,-1.0241739265868237,0.0,-0.0774663955998953,0.0,0.38606666008444335,0.0
2026-06-12,16:04:21,benar,0.7821,0.91309,-0.21753,0.51123,4.336,0.031,2.817,1.04443,-0.13452,-0.10254,1.649,0.221,0.588,1007.31,49.545,1.0688352360864606,1.0580378570259195,5.1708167633363304,1.7645923041881373,-0.13134,2.6870000000000003,-0.08301,-0.19,0.6137699999999999,2.229,-0.20495245531302408,-1.0241739265868237,-0.1274860597131288,-1.410240586671267,-0.0774663955998953,0.38606666008444335,1.0688352360864606,0.0,1.0580378570259195,0.0,5.1708167633363304,0.0,1.7645923041881373,0.0,-0.20495245531302408,0.0,-1.0241739265868237,0.0,-0.0774663955998953,0.0,0.38606666008444335,0.0
2026-06-12,16:04:23,benar,0.7821,0.91309,-0.21753,0.51123,4.336,0.031,2.817,1.04443,-0.13452,-0.10254,1.649,0.221,0.588,1007.31,49.545,1.0688352360864606,1.0580378570259195,5.1708167633363304,1.7645923041881373,-0.13134,2.6870000000000003,-0.08301,-0.19,0.6137699999999999,2.229,-0.20495245531302408,-1.0241739265868237,-0.1274860597131288,-1.410240586671267,-0.0774663955998953,0.38606666008444335,1.0688352360864606,0.0,1.0580378570259195,0.0,5.1708167633363304,0.0,1.7645923041881373,0.0,-0.20495245531302408,0.0,-1.0241739265868237,0.0,-0.0774663955998953,0.0,0.38606666008444335,0.0
2026-06-12,16:04:25,benar,0.7821,0.91309,-0.21753,0.51123,4.336,0.031,2.817,1.04443,-0.13452,-0.10254,1.649,0.221,0.588,1007.31,49.545,1.0688352360864606,1.0580378570259195,5.1708167633363304,1.7645923041881373,-0.13134,2.6870000000000003,-0.08301,-0.19,0.6137699999999999,2.229,-0.20495245531302408,-1.0241739265868237,-0.1274860597131288,-1.410240586671267,-0.0774663955998953,0.38606666008444335,1.0688352360864606,0.0,1.0580378570259195,0.0,5.1708167633363304,0.0,1.7645923041881373,0.0,-0.20495245531302408,0.0,-1.0241739265868237,0.0,-0.0774663955998953,0.0,0.38606666008444335,0.0
2026-06-12,16:04:27,benar,0.7821,0.91309,-0.21753,0.51123,4.336,0.031,2.817,1.04443,-0.13452,-0.10254,1.649,0.221,0.588,1007.31,49.545,1.0688352360864606,1.0580378570259195,5.1708167633363304,1.7645923041881373,-0.13134,2.6870000000000003,-0.08301,-0.19,0.6137699999999999,2.229,-0.20495245531302408,-1.0241739265868237,-0.1274860597131288,-1.410240586671267,-0.0774663955998953,0.38606666008444335,1.0688352360864606,0.0,1.0580378570259195,0.0,5.1708167633363304,0.0,1.7645923041881373,0.0,-0.20495245531302408,0.0,-1.0241739265868237,0.0,-0.0774663955998953,0.0,0.38606666008444335,0.0
2026-06-12,16:04:30,benar,0.7821,0.91309,-0.21753,0.51123,4.336,0.031,2.817,1.04443,-0.13452,-0.10254,1.649,0.221,0.588,1007.31,49.545,1.0688352360864606,1.0580378570259195,5.1708167633363304,1.7645923041881373,-0.13134,2.6870000000000003,-0.08301,-0.19,0.6137699999999999,2.229,-0.20495245531302408,-1.0241739265868237,-0.1274860597131288,-1.410240586671267,-0.0774663955998953,0.38606666008444335,1.0688352360864606,0.0,1.0580378570259195,0.0,5.1708167633363304,0.0,1.7645923041881373,0.0,-0.20495245531302408,0.0,-1.0241739265868237,0.0,-0.0774663955998953,0.0,0.38606666008444335,0.0
2026-06-12,16:04:31,benar,0.7821,0.91309,-0.21753,0.51123,4.336,0.031,2.817,1.04443,-0.13452,-0.10254,1.649,0.221,0.588,1007.31,49.545,1.0688352360864606,1.0580378570259195,5.1708167633363304,1.7645923041881373,-0.13134,2.6870000000000003,-0.08301,-0.19,0.6137699999999999,2.229,-0.20495245531302408,-1.0241739265868237,-0.1274860597131288,-1.410240586671267,-0.0774663955998953,0.38606666008444335,1.0688352360864606,0.0,1.0580378570259195,0.0,5.1708167633363304,0.0,1.7645923041881373,0.0,-0.20495245531302408,0.0,-1.0241739265868237,0.0,-0.0774663955998953,0.0,0.38606666008444335,0.0
2026-06-12,16:04:33,benar,0.7821,0.91309,-0.21753,0.51123,4.336,0.031,2.817,1.04443,-0.13452,-0.10254,1.649,0.221,0.588,1007.31,49.545,1.0688352360864606,1.0580378570259195,5.1708167633363304,1.7645923041881373,-0.13134,2.6870000000000003,-0.08301,-0.19,0.6137699999999999,2.229,-0.20495245531302408,-1.0241739265868237,-0.1274860597131288,-1.410240586671267,-0.0774663955998953,0.38606666008444335,1.0688352360864606,0.0,1.0580378570259195,0.0,5.1708167633363304,0.0,1.7645923041881373,0.0,-0.20495245531302408,0.0,-1.0241739265868237,0.0,-0.0774663955998953,0.0,0.38606666008444335,0.0
2026-06-12,16:04:35,benar,0.7821,0.91309,-0.21753,0.51123,4.336,0.031,2.817,1.04443,-0.13452,-0.10254,1.649,0.221,0.588,1007.31,49.545,1.0688352360864606,1.0580378570259195,5.1708167633363304,1.7645923041881373,-0.13134,2.6870000000000003,-0.08301,-0.19,0.6137699999999999,2.229,-0.20495245531302408,-1.0241739265868237,-0.1274860597131288,-1.410240586671267,-0.0774663955998953,0.38606666008444335,1.0688352360864606,0.0,1.0580378570259195,0.0,5.1708167633363304,0.0,1.7645923041881373,0.0,-0.20495245531302408,0.0,-1.0241739265868237,0.0,-0.0774663955998953,0.0,0.38606666008444335,0.0
2026-06-12,16:04:37,benar,0.7821,0.91309,-0.21753,0.51123,4.336,0.031,2.817,1.04443,-0.13452,-0.10254,1.649,0.221,0.588,1007.31,49.545,1.0688352360864606,1.0580378570259195,5.1708167633363304,1.7645923041881373,-0.13134,2.6870000000000003,-0.08301,-0.19,0.6137699999999999,2.229,-0.20495245531302408,-1.0241739265868237,-0.1274860597131288,-1.410240586671267,-0.0774663955998953,0.38606666008444335,1.0688352360864606,0.0,1.0580378570259195,0.0,5.1708167633363304,0.0,1.7645923041881373,0.0,-0.20495245531302408,0.0,-1.0241739265868237,0.0,-0.0774663955998953,0.0,0.38606666008444335,0.0
2026-06-12,16:04:38,benar,0.7821,0.91309,-0.21753,0.51123,4.336,0.031,2.817,1.04443,-0.13452,-0.10254,1.649,0.221,0.588,1007.31,49.545,1.0688352360864606,1.0580378570259195,5.1708167633363304,1.7645923041881373,-0.13134,2.6870000000000003,-0.08301,-0.19,0.6137699999999999,2.229,-0.20495245531302408,-1.0241739265868237,-0.1274860597131288,-1.410240586671267,-0.0774663955998953,0.38606666008444335,1.0688352360864606,0.0,1.0580378570259195,0.0,5.1708167633363304,0.0,1.7645923041881373,0.0,-0.20495245531302408,0.0,-1.0241739265868237,0.0,-0.0774663955998953,0.0,0.38606666008444335,0.0
2026-06-12,16:04:40,benar,0.7821,0.91309,-0.21753,0.51123,4.336,0.031,2.817,1.04443,-0.13452,-0.10254,1.649,0.221,0.588,1007.31,49.545,1.0688352360864606,1.0580378570259195,5.1708167633363304,1.7645923041881373,-0.13134,2.6870000000000003,-0.08301,-0.19,0.6137699999999999,2.229,-0.20495245531302408,-1.0241739265868237,-0.1274860597131288,-1.410240586671267,-0.0774663955998953,0.38606666008444335,1.0688352360864606,0.0,1.0580378570259195,0.0,5.1708167633363304,0.0,1.7645923041881373,0.0,-0.20495245531302408,0.0,-1.0241739265868237,0.0,-0.0774663955998953,0.0,0.38606666008444335,0.0
2026-06-12,16:04:42,benar,0.7821,0.91309,-0.21753,0.51123,4.336,0.031,2.817,1.04443,-0.13452,-0.10254,1.649,0.221,0.588,1007.31,49.545,1.0688352360864606,1.0580378570259195,5.1708167633363304,1.7645923041881373,-0.13134,2.6870000000000003,-0.08301,-0.19,0.6137699999999999,2.229,-0.20495245531302408,-1.0241739265868237,-0.1274860597131288,-1.410240586671267,-0.0774663955998953,0.38606666008444335,1.0688352360864606,0.0,1.0580378570259195,0.0,5.1708167633363304,0.0,1.7645923041881373,0.0,-0.20495245531302408,0.0,-1.0241739265868237,0.0,-0.0774663955998953,0.0,0.38606666008444335,0.0
2026-06-12,16:04:44,benar,0.7821,0.91309,-0.21753,0.51123,4.336,0.031,2.817,1.04443,-0.13452,-0.10254,1.649,0.221,0.588,1007.31,49.545,1.0688352360864606,1.0580378570259195,5.1708167633363304,1.7645923041881373,-0.13134,2.6870000000000003,-0.08301,-0.19,0.6137699999999999,2.229,-0.20495245531302408,-1.0241739265868237,-0.1274860597131288,-1.410240586671267,-0.0774663955998953,0.38606666008444335,1.0688352360864606,0.0,1.0580378570259195,0.0,5.1708167633363304,0.0,1.7645923041881373,0.0,-0.20495245531302408,0.0,-1.0241739265868237,0.0,-0.0774663955998953,0.0,0.38606666008444335,0.0
2026-06-12,16:04:46,benar,0.7821,0.91309,-0.21753,0.51123,4.336,0.031,2.817,1.04443,-0.13452,-0.10254,1.649,0.221,0.588,1007.31,49.545,1.0688352360864606,1.0580378570259195,5.1708167633363304,1.7645923041881373,-0.13134,2.6870000000000003,-0.08301,-0.19,0.6137699999999999,2.229,-0.20495245531302408,-1.0241739265868237,-0.1274860597131288,-1.410240586671267,-0.0774663955998953,0.38606666008444335,1.0688352360864606,0.0,1.0580378570259195,0.0,5.1708167633363304,0.0,1.7645923041881373,0.0,-0.20495245531302408,0.0,-1.0241739265868237,0.0,-0.0774663955998953,0.0,0.38606666008444335,0.0
2026-06-12,16:04:49,benar,0.7821,0.91309,-0.21753,0.51123,4.336,0.031,2.817,1.04443,-0.13452,-0.10254,1.649,0.221,0.588,1007.31,49.545,1.0688352360864606,1.0580378570259195,5.1708167633363304,1.7645923041881373,-0.13134,2.6870000000000003,-0.08301,-0.19,0.6137699999999999,2.229,-0.20495245531302408,-1.0241739265868237,-0.1274860597131288,-1.410240586671267,-0.0774663955998953,0.38606666008444335,1.0688352360864606,0.0,1.0580378570259195,0.0,5.1708167633363304,0.0,1.7645923041881373,0.0,-0.20495245531302408,0.0,-1.0241739265868237,0.0,-0.0774663955998953,0.0,0.38606666008444335,0.0
2026-06-12,16:04:50,benar,0.7821,0.91309,-0.21753,0.51123,4.336,0.031,2.817,1.04443,-0.13452,-0.10254,1.649,0.221,0.588,1007.31,49.545,1.0688352360864606,1.0580378570259195,5.1708167633363304,1.7645923041881373,-0.13134,2.6870000000000003,-0.08301,-0.19,0.6137699999999999,2.229,-0.20495245531302408,-1.0241739265868237,-0.1274860597131288,-1.410240586671267,-0.0774663955998953,0.38606666008444335,1.0688352360864606,0.0,1.0580378570259195,0.0,5.1708167633363304,0.0,1.7645923041881373,0.0,-0.20495245531302408,0.0,-1.0241739265868237,0.0,-0.0774663955998953,0.0,0.38606666008444335,0.0
2026-06-12,16:04:52,benar,0.7821,0.91309,-0.21753,0.51123,4.336,0.031,2.817,1.04443,-0.13452,-0.10254,1.649,0.221,0.588,1007.31,49.545,1.0688352360864606,1.0580378570259195,5.1708167633363304,1.7645923041881373,-0.13134,2.6870000000000003,-0.08301,-0.19,0.6137699999999999,2.229,-0.20495245531302408,-1.0241739265868237,-0.1274860597131288,-1.410240586671267,-0.0774663955998953,0.38606666008444335,1.0688352360864606,0.0,1.0580378570259195,0.0,5.1708167633363304,0.0,1.7645923041881373,0.0,-0.20495245531302408,0.0,-1.0241739265868237,0.0,-0.0774663955998953,0.0,0.38606666008444335,0.0
2026-06-12,16:04:55,benar,0.7821,0.91309,-0.21753,0.51123,4.336,0.031,2.817,1.04443,-0.13452,-0.10254,1.649,0.221,0.588,1007.31,49.545,1.0688352360864606,1.0580378570259195,5.1708167633363304,1.7645923041881373,-0.13134,2.6870000000000003,-0.08301,-0.19,0.6137699999999999,2.229,-0.20495245531302408,-1.0241739265868237,-0.1274860597131288,-1.410240586671267,-0.0774663955998953,0.38606666008444335,1.0688352360864606,0.0,1.0580378570259195,0.0,5.1708167633363304,0.0,1.7645923041881373,0.0,-0.20495245531302408,0.0,-1.0241739265868237,0.0,-0.0774663955998953,0.0,0.38606666008444335,0.0
2026-06-12,16:04:57,benar,0.7821,0.91309,-0.21753,0.51123,4.336,0.031,2.817,1.04443,-0.13452,-0.10254,1.649,0.221,0.588,1007.31,49.545,1.0688352360864606,1.0580378570259195,5.1708167633363304,1.7645923041881373,-0.13134,2.6870000000000003,-0.08301,-0.19,0.6137699999999999,2.229,-0.20495245531302408,-1.0241739265868237,-0.1274860597131288,-1.410240586671267,-0.0774663955998953,0.38606666008444335,1.0688352360864606,0.0,1.0580378570259195,0.0,5.1708167633363304,0.0,1.7645923041881373,0.0,-0.20495245531302408,0.0,-1.0241739265868237,0.0,-0.0774663955998953,0.0,0.38606666008444335,0.0
2026-06-12,16:04:59,benar,0.7821,0.91309,-0.21753,0.51123,4.336,0.031,2.817,1.04443,-0.13452,-0.10254,1.649,0.221,0.588,1007.31,49.545,1.0688352360864606,1.0580378570259195,5.1708167633363304,1.7645923041881373,-0.13134,2.6870000000000003,-0.08301,-0.19,0.6137699999999999,2.229,-0.20495245531302408,-1.0241739265868237,-0.1274860597131288,-1.410240586671267,-0.0774663955998953,0.38606666008444335,1.0688352360864606,0.0,1.0580378570259195,0.0,5.1708167633363304,0.0,1.7645923041881373,0.0,-0.20495245531302408,0.0,-1.0241739265868237,0.0,-0.0774663955998953,0.0,0.38606666008444335,0.0
2026-06-12,16:05:00,benar,0.7821,0.91309,-0.21753,0.51123,4.336,0.031,2.817,1.04443,-0.13452,-0.10254,1.649,0.221,0.588,1007.31,49.545,1.0688352360864606,1.0580378570259195,5.1708167633363304,1.7645923041881373,-0.13134,2.6870000000000003,-0.08301,-0.19,0.6137699999999999,2.229,-0.20495245531302408,-1.0241739265868237,-0.1274860597131288,-1.410240586671267,-0.0774663955998953,0.38606666008444335,1.0688352360864606,0.0,1.0580378570259195,0.0,5.1708167633363304,0.0,1.7645923041881373,0.0,-0.20495245531302408,0.0,-1.0241739265868237,0.0,-0.0774663955998953,0.0,0.38606666008444335,0.0
2026-06-12,16:05:03,benar,0.7821,0.91309,-0.21753,0.51123,4.336,0.031,2.817,1.04443,-0.13452,-0.10254,1.649,0.221,0.588,1007.31,49.545,1.0688352360864606,1.0580378570259195,5.1708167633363304,1.7645923041881373,-0.13134,2.6870000000000003,-0.08301,-0.19,0.6137699999999999,2.229,-0.20495245531302408,-1.0241739265868237,-0.1274860597131288,-1.410240586671267,-0.0774663955998953,0.38606666008444335,1.0688352360864606,0.0,1.0580378570259195,0.0,5.1708167633363304,0.0,1.7645923041881373,0.0,-0.20495245531302408,0.0,-1.0241739265868237,0.0,-0.0774663955998953,0.0,0.38606666008444335,0.0
2026-06-12,16:05:04,benar,0.7821,0.91309,-0.21753,0.51123,4.336,0.031,2.817,1.04443,-0.13452,-0.10254,1.649,0.221,0.588,1007.31,49.545,1.0688352360864606,1.0580378570259195,5.1708167633363304,1.7645923041881373,-0.13134,2.6870000000000003,-0.08301,-0.19,0.6137699999999999,2.229,-0.20495245531302408,-1.0241739265868237,-0.1274860597131288,-1.410240586671267,-0.0774663955998953,0.38606666008444335,1.0688352360864606,0.0,1.0580378570259195,0.0,5.1708167633363304,0.0,1.7645923041881373,0.0,-0.20495245531302408,0.0,-1.0241739265868237,0.0,-0.0774663955998953,0.0,0.38606666008444335,0.0
2026-06-12,16:05:06,benar,0.7821,0.91309,-0.21753,0.51123,4.336,0.031,2.817,1.04443,-0.13452,-0.10254,1.649,0.221,0.588,1007.31,49.545,1.0688352360864606,1.0580378570259195,5.1708167633363304,1.7645923041881373,-0.13134,2.6870000000000003,-0.08301,-0.19,0.6137699999999999,2.229,-0.20495245531302408,-1.0241739265868237,-0.1274860597131288,-1.410240586671267,-0.0774663955998953,0.38606666008444335,1.0688352360864606,0.0,1.0580378570259195,0.0,5.1708167633363304,0.0,1.7645923041881373,0.0,-0.20495245531302408,0.0,-1.0241739265868237,0.0,-0.0774663955998953,0.0,0.38606666008444335,0.0
2026-06-12,16:05:08,benar,0.7821,0.91309,-0.21753,0.51123,4.336,0.031,2.817,1.04443,-0.13452,-0.10254,1.649,0.221,0.588,1007.31,49.545,1.0688352360864606,1.0580378570259195,5.1708167633363304,1.7645923041881373,-0.13134,2.6870000000000003,-0.08301,-0.19,0.6137699999999999,2.229,-0.20495245531302408,-1.0241739265868237,-0.1274860597131288,-1.410240586671267,-0.0774663955998953,0.38606666008444335,1.0688352360864606,0.0,1.0580378570259195,0.0,5.1708167633363304,0.0,1.7645923041881373,0.0,-0.20495245531302408,0.0,-1.0241739265868237,0.0,-0.0774663955998953,0.0,0.38606666008444335,0.0
2026-06-12,16:05:11,benar,0.7821,0.91309,-0.21753,0.51123,4.336,0.031,2.817,1.04443,-0.13452,-0.10254,1.649,0.221,0.588,1007.31,49.545,1.0688352360864606,1.0580378570259195,5.1708167633363304,1.7645923041881373,-0.13134,2.6870000000000003,-0.08301,-0.19,0.6137699999999999,2.229,-0.20495245531302408,-1.0241739265868237,-0.1274860597131288,-1.410240586671267,-0.0774663955998953,0.38606666008444335,1.0688352360864606,0.0,1.0580378570259195,0.0,5.1708167633363304,0.0,1.7645923041881373,0.0,-0.20495245531302408,0.0,-1.0241739265868237,0.0,-0.0774663955998953,0.0,0.38606666008444335,0.0
2026-06-12,16:05:12,benar,0.7821,0.91309,-0.21753,0.51123,4.336,0.031,2.817,1.04443,-0.13452,-0.10254,1.649,0.221,0.588,1007.31,49.545,1.0688352360864606,1.0580378570259195,5.1708167633363304,1.7645923041881373,-0.13134,2.6870000000000003,-0.08301,-0.19,0.6137699999999999,2.229,-0.20495245531302408,-1.0241739265868237,-0.1274860597131288,-1.410240586671267,-0.0774663955998953,0.38606666008444335,1.0688352360864606,0.0,1.0580378570259195,0.0,5.1708167633363304,0.0,1.7645923041881373,0.0,-0.20495245531302408,0.0,-1.0241739265868237,0.0,-0.0774663955998953,0.0,0.38606666008444335,0.0
2026-06-12,16:05:14,benar,0.7821,0.91309,-0.21753,0.51123,4.336,0.031,2.817,1.04443,-0.13452,-0.10254,1.649,0.221,0.588,1007.31,49.545,1.0688352360864606,1.0580378570259195,5.1708167633363304,1.7645923041881373,-0.13134,2.6870000000000003,-0.08301,-0.19,0.6137699999999999,2.229,-0.20495245531302408,-1.0241739265868237,-0.1274860597131288,-1.410240586671267,-0.0774663955998953,0.38606666008444335,1.0688352360864606,0.0,1.0580378570259195,0.0,5.1708167633363304,0.0,1.7645923041881373,0.0,-0.20495245531302408,0.0,-1.0241739265868237,0.0,-0.0774663955998953,0.0,0.38606666008444335,0.0
2026-06-12,16:05:17,benar,0.7821,0.91309,-0.21753,0.51123,4.336,0.031,2.817,1.04443,-0.13452,-0.10254,1.649,0.221,0.588,1007.31,49.545,1.0688352360864606,1.0580378570259195,5.1708167633363304,1.7645923041881373,-0.13134,2.6870000000000003,-0.08301,-0.19,0.6137699999999999,2.229,-0.20495245531302408,-1.0241739265868237,-0.1274860597131288,-1.410240586671267,-0.0774663955998953,0.38606666008444335,1.0688352360864606,0.0,1.0580378570259195,0.0,5.1708167633363304,0.0,1.7645923041881373,0.0,-0.20495245531302408,0.0,-1.0241739265868237,0.0,-0.0774663955998953,0.0,0.38606666008444335,0.0
2026-06-12,16:05:18,tidak pasti,0.5278,0.96362,-0.25464,0.41187,-30.649,3.443,-14.618,1.07837,-0.24927,-0.16675,-41.405,-5.908,7.542,1007.31,49.545,1.0784442177971005,1.1192957394272525,34.130651532017374,42.498944139825404,-0.11475000000000002,10.756,-0.005369999999999986,9.351,0.57862,-22.16,-0.23836885172659777,-1.1051418730474265,-0.22458575156788627,-1.2995442378644326,-0.013783100158711509,0.19440236481700612,1.0720382299900073,0.005547748177276135,1.0784571511596972,0.035367254894396016,14.824095019563345,16.719968399385085,15.342709582733894,23.517988997570104,-0.21609125411754868,0.019292965464724015,-1.0511632420736914,0.0467468656847602,-0.05623863045283403,0.036767567765849926,0.3221785616619643,0.11065743246669481
2026-06-12,16:05:18,tidak pasti,0.548,0.96362,-0.25464,0.41187,-30.649,3.443,-14.618,1.07837,-0.24927,-0.16675,-41.405,-5.908,7.542,1007.31,49.545,1.0784442177971005,1.1192957394272525,34.130651532017374,42.498944139825404,-0.11475000000000002,10.756,-0.005369999999999986,9.351,0.57862,-22.16,-0.23836885172659777,-1.1051418730474265,-0.22458575156788627,-1.2995442378644326,-0.013783100158711509,0.19440236481700612,1.0752412238935538,0.005547748177276183,1.0988764452934747,0.035367254894395954,24.47737327579036,16.719968399385085,28.920826861279647,23.5179889975701,-0.2272300529220732,0.019292965464724015,-1.0781525575605588,0.04674686568476013,-0.03501086530577277,0.036767567765849926,0.2582904632394852,0.1106574324666948
2026-06-12,16:05:20,tidak pasti,0.5707,0.0,0.0,0.0,0.0,0.0,0.0,0.0,0.0,0.0,0.0,0.0,0.0,0.0,0.0,0.0,0.0,0.0,0.0,0.0,0.0,0.0,0.0,0.0,0.0,0.0,-0.0,0.0,-0.0,0.0,0.0,0.7189628118647337,0.6226400594511514,0.7461971596181683,0.6462256964611254,22.753767688011582,19.705340849627547,28.33262942655027,24.536776839403068,-0.15891256781773186,0.1376223207107732,-0.7367612486982843,0.638053957896659,-0.009188733439141006,0.007957676586899663,0.12960157654467075,0.11223825765819832
2026-06-12,16:05:20,tidak pasti,0.5017,0.96362,-0.25464,0.41187,-30.649,3.443,-14.618,1.07837,-0.24927,-0.16675,-41.405,-5.908,7.542,1007.31,49.545,1.0784442177971005,1.1192957394272525,34.130651532017374,42.498944139825404,-0.11475000000000002,10.756,-0.005369999999999986,9.351,0.57862,-22.16,-0.23836885172659777,-1.1051418730474265,-0.22458575156788627,-1.2995442378644326,-0.013783100158711509,0.19440236481700612,0.7189628118647337,0.6226400594511514,0.7461971596181683,0.6462256964611254,22.753767688011582,19.705340849627547,28.33262942655027,24.536776839403068,-0.15891256781773186,0.1376223207107732,-0.7367612486982843,0.6380539578966589,-0.009188733439141006,0.007957676586899663,0.12960157654467075,0.11223825765819832
2026-06-12,16:05:20,tidak pasti,0.5017,0.96362,-0.25464,0.41187,-30.649,3.443,-14.618,1.07837,-0.24927,-0.16675,-41.405,-5.908,7.542,1007.31,49.545,1.0784442177971005,1.1192957394272525,34.130651532017374,42.498944139825404,-0.11475000000000002,10.756,-0.005369999999999986,9.351,0.57862,-22.16,-0.23836885172659777,-1.1051418730474265,-0.22458575156788627,-1.2995442378644326,-0.013783100158711509,0.19440236481700612,0.7189628118647337,0.6226400594511514,0.7461971596181683,0.6462256964611254,22.753767688011582,19.705340849627547,28.33262942655027,24.536776839403068,-0.15891256781773186,0.1376223207107732,-0.7367612486982843,0.6380539578966589,-0.009188733439141006,0.007957676586899663,0.12960157654467075,0.11223825765819832
2026-06-12,16:05:21,tidak pasti,0.5595,0.96362,-0.25464,0.41187,-30.649,3.443,-14.618,1.07837,-0.24927,-0.16675,-41.405,-5.908,7.542,1007.31,49.545,1.0784442177971005,1.1192957394272525,34.130651532017374,42.498944139825404,-0.11475000000000002,10.756,-0.005369999999999986,9.351,0.57862,-22.16,-0.23836885172659777,-1.1051418730474265,-0.22458575156788627,-1.2995442378644326,-0.013783100158711509,0.19440236481700612,1.0784442177971005,0.0,1.1192957394272525,0.0,34.130651532017374,0.0,42.498944139825404,0.0,-0.23836885172659777,0.0,-1.1051418730474265,0.0,-0.013783100158711509,0.0,0.19440236481700612,0.0
2026-06-12,16:05:22,tidak pasti,0.5595,0.96362,-0.25464,0.41187,-30.649,3.443,-14.618,1.07837,-0.24927,-0.16675,-41.405,-5.908,7.542,1007.31,49.545,1.0784442177971005,1.1192957394272525,34.130651532017374,42.498944139825404,-0.11475000000000002,10.756,-0.005369999999999986,9.351,0.57862,-22.16,-0.23836885172659777,-1.1051418730474265,-0.22458575156788627,-1.2995442378644326,-0.013783100158711509,0.19440236481700612,1.0784442177971005,0.0,1.1192957394272525,0.0,34.130651532017374,0.0,42.498944139825404,0.0,-0.23836885172659777,0.0,-1.1051418730474265,0.0,-0.013783100158711509,0.0,0.19440236481700612,0.0
2026-06-12,16:05:22,tidak pasti,0.5595,0.96362,-0.25464,0.41187,-30.649,3.443,-14.618,1.07837,-0.24927,-0.16675,-41.405,-5.908,7.542,1007.31,49.545,1.0784442177971005,1.1192957394272525,34.130651532017374,42.498944139825404,-0.11475000000000002,10.756,-0.005369999999999986,9.351,0.57862,-22.16,-0.23836885172659777,-1.1051418730474265,-0.22458575156788627,-1.2995442378644326,-0.013783100158711509,0.19440236481700612,1.0784442177971005,0.0,1.1192957394272525,0.0,34.130651532017374,0.0,42.498944139825404,0.0,-0.23836885172659777,0.0,-1.1051418730474265,0.0,-0.013783100158711509,0.0,0.19440236481700612,0.0
2026-06-12,16:05:22,tidak pasti,0.5595,0.96362,-0.25464,0.41187,-30.649,3.443,-14.618,1.07837,-0.24927,-0.16675,-41.405,-5.908,7.542,1007.31,49.545,1.0784442177971005,1.1192957394272525,34.130651532017374,42.498944139825404,-0.11475000000000002,10.756,-0.005369999999999986,9.351,0.57862,-22.16,-0.23836885172659777,-1.1051418730474265,-0.22458575156788627,-1.2995442378644326,-0.013783100158711509,0.19440236481700612,1.0784442177971005,0.0,1.1192957394272525,0.0,34.130651532017374,0.0,42.498944139825404,0.0,-0.23836885172659777,0.0,-1.1051418730474265,0.0,-0.013783100158711509,0.0,0.19440236481700612,0.0
2026-06-12,16:05:23,tidak pasti,0.5595,0.96362,-0.25464,0.41187,-30.649,3.443,-14.618,1.07837,-0.24927,-0.16675,-41.405,-5.908,7.542,1007.31,49.545,1.0784442177971005,1.1192957394272525,34.130651532017374,42.498944139825404,-0.11475000000000002,10.756,-0.005369999999999986,9.351,0.57862,-22.16,-0.23836885172659777,-1.1051418730474265,-0.22458575156788627,-1.2995442378644326,-0.013783100158711509,0.19440236481700612,1.0784442177971005,0.0,1.1192957394272525,0.0,34.130651532017374,0.0,42.498944139825404,0.0,-0.23836885172659777,0.0,-1.1051418730474265,0.0,-0.013783100158711509,0.0,0.19440236481700612,0.0
2026-06-12,16:05:23,tidak pasti,0.5595,0.96362,-0.25464,0.41187,-30.649,3.443,-14.618,1.07837,-0.24927,-0.16675,-41.405,-5.908,7.542,1007.31,49.545,1.0784442177971005,1.1192957394272525,34.130651532017374,42.498944139825404,-0.11475000000000002,10.756,-0.005369999999999986,9.351,0.57862,-22.16,-0.23836885172659777,-1.1051418730474265,-0.22458575156788627,-1.2995442378644326,-0.013783100158711509,0.19440236481700612,1.0784442177971005,0.0,1.1192957394272525,0.0,34.130651532017374,0.0,42.498944139825404,0.0,-0.23836885172659777,0.0,-1.1051418730474265,0.0,-0.013783100158711509,0.0,0.19440236481700612,0.0
2026-06-12,16:05:24,tidak pasti,0.5595,0.96362,-0.25464,0.41187,-30.649,3.443,-14.618,1.07837,-0.24927,-0.16675,-41.405,-5.908,7.542,1007.31,49.545,1.0784442177971005,1.1192957394272525,34.130651532017374,42.498944139825404,-0.11475000000000002,10.756,-0.005369999999999986,9.351,0.57862,-22.16,-0.23836885172659777,-1.1051418730474265,-0.22458575156788627,-1.2995442378644326,-0.013783100158711509,0.19440236481700612,1.0784442177971005,0.0,1.1192957394272525,0.0,34.130651532017374,0.0,42.498944139825404,0.0,-0.23836885172659777,0.0,-1.1051418730474265,0.0,-0.013783100158711509,0.0,0.19440236481700612,0.0
2026-06-12,16:05:26,tidak pasti,0.5595,0.96362,-0.25464,0.41187,-30.649,3.443,-14.618,1.07837,-0.24927,-0.16675,-41.405,-5.908,7.542,1007.31,49.545,1.0784442177971005,1.1192957394272525,34.130651532017374,42.498944139825404,-0.11475000000000002,10.756,-0.005369999999999986,9.351,0.57862,-22.16,-0.23836885172659777,-1.1051418730474265,-0.22458575156788627,-1.2995442378644326,-0.013783100158711509,0.19440236481700612,1.0784442177971005,0.0,1.1192957394272525,0.0,34.130651532017374,0.0,42.498944139825404,0.0,-0.23836885172659777,0.0,-1.1051418730474265,0.0,-0.013783100158711509,0.0,0.19440236481700612,0.0
2026-06-12,16:05:26,tidak pasti,0.5595,0.96362,-0.25464,0.41187,-30.649,3.443,-14.618,1.07837,-0.24927,-0.16675,-41.405,-5.908,7.542,1007.31,49.545,1.0784442177971005,1.1192957394272525,34.130651532017374,42.498944139825404,-0.11475000000000002,10.756,-0.005369999999999986,9.351,0.57862,-22.16,-0.23836885172659777,-1.1051418730474265,-0.22458575156788627,-1.2995442378644326,-0.013783100158711509,0.19440236481700612,1.0784442177971005,0.0,1.1192957394272525,0.0,34.130651532017374,0.0,42.498944139825404,0.0,-0.23836885172659777,0.0,-1.1051418730474265,0.0,-0.013783100158711509,0.0,0.19440236481700612,0.0
2026-06-12,16:05:27,tidak pasti,0.5595,0.96362,-0.25464,0.41187,-30.649,3.443,-14.618,1.07837,-0.24927,-0.16675,-41.405,-5.908,7.542,1007.31,49.545,1.0784442177971005,1.1192957394272525,34.130651532017374,42.498944139825404,-0.11475000000000002,10.756,-0.005369999999999986,9.351,0.57862,-22.16,-0.23836885172659777,-1.1051418730474265,-0.22458575156788627,-1.2995442378644326,-0.013783100158711509,0.19440236481700612,1.0784442177971005,0.0,1.1192957394272525,0.0,34.130651532017374,0.0,42.498944139825404,0.0,-0.23836885172659777,0.0,-1.1051418730474265,0.0,-0.013783100158711509,0.0,0.19440236481700612,0.0
2026-06-12,16:05:29,tidak pasti,0.5595,0.96362,-0.25464,0.41187,-30.649,3.443,-14.618,1.07837,-0.24927,-0.16675,-41.405,-5.908,7.542,1007.31,49.545,1.0784442177971005,1.1192957394272525,34.130651532017374,42.498944139825404,-0.11475000000000002,10.756,-0.005369999999999986,9.351,0.57862,-22.16,-0.23836885172659777,-1.1051418730474265,-0.22458575156788627,-1.2995442378644326,-0.013783100158711509,0.19440236481700612,1.0784442177971005,0.0,1.1192957394272525,0.0,34.130651532017374,0.0,42.498944139825404,0.0,-0.23836885172659777,0.0,-1.1051418730474265,0.0,-0.013783100158711509,0.0,0.19440236481700612,0.0
2026-06-12,16:05:29,tidak pasti,0.5595,0.96362,-0.25464,0.41187,-30.649,3.443,-14.618,1.07837,-0.24927,-0.16675,-41.405,-5.908,7.542,1007.31,49.545,1.0784442177971005,1.1192957394272525,34.130651532017374,42.498944139825404,-0.11475000000000002,10.756,-0.005369999999999986,9.351,0.57862,-22.16,-0.23836885172659777,-1.1051418730474265,-0.22458575156788627,-1.2995442378644326,-0.013783100158711509,0.19440236481700612,1.0784442177971005,0.0,1.1192957394272525,0.0,34.130651532017374,0.0,42.498944139825404,0.0,-0.23836885172659777,0.0,-1.1051418730474265,0.0,-0.013783100158711509,0.0,0.19440236481700612,0.0
2026-06-12,16:05:30,tidak pasti,0.5595,0.96362,-0.25464,0.41187,-30.649,3.443,-14.618,1.07837,-0.24927,-0.16675,-41.405,-5.908,7.542,1007.31,49.545,1.0784442177971005,1.1192957394272525,34.130651532017374,42.498944139825404,-0.11475000000000002,10.756,-0.005369999999999986,9.351,0.57862,-22.16,-0.23836885172659777,-1.1051418730474265,-0.22458575156788627,-1.2995442378644326,-0.013783100158711509,0.19440236481700612,1.0784442177971005,0.0,1.1192957394272525,0.0,34.130651532017374,0.0,42.498944139825404,0.0,-0.23836885172659777,0.0,-1.1051418730474265,0.0,-0.013783100158711509,0.0,0.19440236481700612,0.0
2026-06-12,16:05:31,tidak pasti,0.5595,0.96362,-0.25464,0.41187,-30.649,3.443,-14.618,1.07837,-0.24927,-0.16675,-41.405,-5.908,7.542,1007.31,49.545,1.0784442177971005,1.1192957394272525,34.130651532017374,42.498944139825404,-0.11475000000000002,10.756,-0.005369999999999986,9.351,0.57862,-22.16,-0.23836885172659777,-1.1051418730474265,-0.22458575156788627,-1.2995442378644326,-0.013783100158711509,0.19440236481700612,1.0784442177971005,0.0,1.1192957394272525,0.0,34.130651532017374,0.0,42.498944139825404,0.0,-0.23836885172659777,0.0,-1.1051418730474265,0.0,-0.013783100158711509,0.0,0.19440236481700612,0.0
2026-06-12,16:05:33,benar,0.8061,0.76025,-0.2063,0.70166,-3.504,9.565,-3.107,1.07788,-0.15771,0.00122,27.733,7.198,6.916,1007.31,49.545,1.0549248826812267,1.089357254026428,10.64991502313516,29.474761220406858,-0.31762999999999997,-31.237000000000002,-0.04859000000000002,2.366999999999999,0.70044,-10.023,-0.19682737003284156,-0.804764543814879,-0.14528399900511155,-1.4255079489741174,-0.05154337102773002,0.6207434051592383,1.0706044394251426,0.013578894460310747,1.1093162442936444,0.017284992605295705,26.303739362389972,13.55660954417382,38.157549833352554,7.519515514501223,-0.22452169116201237,0.023983985638426058,-1.0050160966365773,0.1734229318908721,-0.02636985711505101,0.02180090255090102,0.3365160449310835,0.24614811440817283
2026-06-12,16:05:34,benar,0.8376,0.76025,-0.2063,0.70166,-3.504,9.565,-3.107,1.07788,-0.15771,0.00122,27.733,7.198,6.916,1007.31,49.545,1.0549248826812267,1.089357254026428,10.64991502313516,29.474761220406858,-0.31762999999999997,-31.237000000000002,-0.04859000000000002,2.366999999999999,0.70044,-10.023,-0.19682737003284156,-0.804764543814879,-0.14528399900511155,-1.4255079489741174,-0.05154337102773002,0.6207434051592383,1.0627646610531847,0.013578894460310683,1.099336749160036,0.017284992605295656,18.476827192762567,13.55660954417382,33.816155526879704,7.519515514501222,-0.210674530597427,0.023983985638426058,-0.9048903202257282,0.17342293189087207,-0.03895661407139051,0.02180090255090102,0.47862972504516094,0.24614811440817286
2026-06-12,16:05:35,benar,0.8781,0.76025,-0.2063,0.70166,-3.504,9.565,-3.107,1.07788,-0.15771,0.00122,27.733,7.198,6.916,1007.31,49.545,1.0549248826812267,1.089357254026428,10.64991502313516,29.474761220406858,-0.31762999999999997,-31.237000000000002,-0.04859000000000002,2.366999999999999,0.70044,-10.023,-0.19682737003284156,-0.804764543814879,-0.14528399900511155,-1.4255079489741174,-0.05154337102773002,0.6207434051592383,1.0549248826812267,0.0,1.089357254026428,0.0,10.64991502313516,0.0,29.474761220406858,0.0,-0.19682737003284156,0.0,-0.804764543814879,0.0,-0.05154337102773002,0.0,0.6207434051592383,0.0
2026-06-12,16:05:37,benar,0.8781,0.76025,-0.2063,0.70166,-3.504,9.565,-3.107,1.07788,-0.15771,0.00122,27.733,7.198,6.916,1007.31,49.545,1.0549248826812267,1.089357254026428,10.64991502313516,29.474761220406858,-0.31762999999999997,-31.237000000000002,-0.04859000000000002,2.366999999999999,0.70044,-10.023,-0.19682737003284156,-0.804764543814879,-0.14528399900511155,-1.4255079489741174,-0.05154337102773002,0.6207434051592383,1.0549248826812267,0.0,1.089357254026428,0.0,10.64991502313516,0.0,29.474761220406858,0.0,-0.19682737003284156,0.0,-0.804764543814879,0.0,-0.05154337102773002,0.0,0.6207434051592383,0.0
2026-06-12,16:05:38,benar,0.8781,0.76025,-0.2063,0.70166,-3.504,9.565,-3.107,1.07788,-0.15771,0.00122,27.733,7.198,6.916,1007.31,49.545,1.0549248826812267,1.089357254026428,10.64991502313516,29.474761220406858,-0.31762999999999997,-31.237000000000002,-0.04859000000000002,2.366999999999999,0.70044,-10.023,-0.19682737003284156,-0.804764543814879,-0.14528399900511155,-1.4255079489741174,-0.05154337102773002,0.6207434051592383,1.0549248826812267,0.0,1.089357254026428,0.0,10.64991502313516,0.0,29.474761220406858,0.0,-0.19682737003284156,0.0,-0.804764543814879,0.0,-0.05154337102773002,0.0,0.6207434051592383,0.0
2026-06-12,16:05:39,tidak pasti,0.67,0.91309,-0.21753,0.51123,4.336,0.031,2.817,1.04443,-0.13452,-0.10254,1.649,0.221,0.588,1007.31,49.545,1.0688352360864606,1.0580378570259195,5.1708167633363304,1.7645923041881373,-0.13134,2.6870000000000003,-0.08301,-0.19,0.6137699999999999,2.229,-0.20495245531302408,-1.0241739265868237,-0.1274860597131288,-1.410240586671267,-0.0774663955998953,0.38606666008444335,1.059561667149638,0.008031146283034613,1.0789174550262584,0.01808226228910041,8.82354893653555,3.163358855211264,20.23803824833395,15.998473483068878,-0.1995357317929024,0.004691020173702044,-0.8779010047388606,0.1266760662061119,-0.060184379218451774,0.014966665214948906,0.54251782346764,0.13549068194147806
2026-06-12,16:05:40,tidak pasti,0.6719,0.91309,-0.21753,0.51123,4.336,0.031,2.817,1.04443,-0.13452,-0.10254,1.649,0.221,0.588,1007.31,49.545,1.0688352360864606,1.0580378570259195,5.1708167633363304,1.7645923041881373,-0.13134,2.6870000000000003,-0.08301,-0.19,0.6137699999999999,2.229,-0.20495245531302408,-1.0241739265868237,-0.1274860597131288,-1.410240586671267,-0.0774663955998953,0.38606666008444335,1.0641984516180492,0.008031146283034677,1.068477656026089,0.018082262289100298,6.99718284993594,3.163358855211264,11.001315276261044,15.99847348306888,-0.20224409355296324,0.004691020173702044,-0.9510374656628421,0.12667606620611185,-0.06882538740917353,0.014966665214948906,0.4642922417760416,0.1354906819414781
2026-06-12,16:05:42,benar,0.7821,0.91309,-0.21753,0.51123,4.336,0.031,2.817,1.04443,-0.13452,-0.10254,1.649,0.221,0.588,1007.31,49.545,1.0688352360864606,1.0580378570259195,5.1708167633363304,1.7645923041881373,-0.13134,2.6870000000000003,-0.08301,-0.19,0.6137699999999999,2.229,-0.20495245531302408,-1.0241739265868237,-0.1274860597131288,-1.410240586671267,-0.0774663955998953,0.38606666008444335,1.0688352360864606,0.0,1.0580378570259195,0.0,5.1708167633363304,0.0,1.7645923041881373,0.0,-0.20495245531302408,0.0,-1.0241739265868237,0.0,-0.0774663955998953,0.0,0.38606666008444335,0.0
2026-06-12,16:05:45,tidak pasti,0.6675,0.92822,-0.23218,0.46777,7.794,3.656,2.137,1.01294,-0.17871,-0.12524,3.244,0.969,-2.374,1007.31,49.545,1.0650392920920806,1.036180372956369,8.870148871354978,4.135017895970948,-0.0847199999999999,4.549999999999999,-0.05346999999999999,2.6870000000000003,0.59301,4.511,-0.2197660916323559,-1.058326064675595,-0.17333666961099786,-1.3586019100358662,-0.046429422021358024,0.3002758453602712,1.0675699214216674,0.002191589286983999,1.0507520290027361,0.012619424311362882,6.403927466009212,2.1358103883863917,2.5547341681157407,1.3685658535097835,-0.20989033408613467,0.008552656916643428,-1.0355579726164141,0.019717746118953362,-0.06712073774038287,0.017919205050399793,0.35746972184305265,0.04953134997499811
2026-06-12,16:05:45,benar,0.7821,0.91309,-0.21753,0.51123,4.336,0.031,2.817,1.04443,-0.13452,-0.10254,1.649,0.221,0.588,1007.31,49.545,1.0688352360864606,1.0580378570259195,5.1708167633363304,1.7645923041881373,-0.13134,2.6870000000000003,-0.08301,-0.19,0.6137699999999999,2.229,-0.20495245531302408,-1.0241739265868237,-0.1274860597131288,-1.410240586671267,-0.0774663955998953,0.38606666008444335,1.0688352360864606,0.0,1.0580378570259195,0.0,5.1708167633363304,0.0,1.7645923041881373,0.0,-0.20495245531302408,0.0,-1.0241739265868237,0.0,-0.0774663955998953,0.0,0.38606666008444335,0.0
2026-06-12,16:05:46,tidak pasti,0.6414,0.92822,-0.23218,0.46777,7.794,3.656,2.137,1.01294,-0.17871,-0.12524,3.244,0.969,-2.374,1007.31,49.545,1.0650392920920806,1.036180372956369,8.870148871354978,4.135017895970948,-0.0847199999999999,4.549999999999999,-0.05346999999999999,2.6870000000000003,0.59301,4.511,-0.2197660916323559,-1.058326064675595,-0.17333666961099786,-1.3586019100358662,-0.046429422021358024,0.3002758453602712,1.066304606756874,0.0021915892869841113,1.0434662009795526,0.01261942431136293,7.637038168682095,2.135810388386392,3.3448760320433437,1.3685658535097835,-0.21482821285924528,0.008552656916643435,-1.0469420186460046,0.019717746118953362,-0.056775079880870445,0.017919205050399796,0.3288727836016619,0.0495313499749981
2026-06-12,16:05:46,tidak pasti,0.6774,0.92822,-0.23218,0.46777,7.794,3.656,2.137,1.01294,-0.17871,-0.12524,3.244,0.969,-2.374,1007.31,49.545,1.0650392920920806,1.036180372956369,8.870148871354978,4.135017895970948,-0.0847199999999999,4.549999999999999,-0.05346999999999999,2.6870000000000003,0.59301,4.511,-0.2197660916323559,-1.058326064675595,-0.17333666961099786,-1.3586019100358662,-0.046429422021358024,0.3002758453602712,1.0650392920920806,0.0,1.036180372956369,0.0,8.870148871354978,0.0,4.135017895970948,0.0,-0.2197660916323559,0.0,-1.058326064675595,0.0,-0.046429422021358024,0.0,0.3002758453602712,0.0
2026-06-12,16:05:46,tidak pasti,0.6774,0.92822,-0.23218,0.46777,7.794,3.656,2.137,1.01294,-0.17871,-0.12524,3.244,0.969,-2.374,1007.31,49.545,1.0650392920920806,1.036180372956369,8.870148871354978,4.135017895970948,-0.0847199999999999,4.549999999999999,-0.05346999999999999,2.6870000000000003,0.59301,4.511,-0.2197660916323559,-1.058326064675595,-0.17333666961099786,-1.3586019100358662,-0.046429422021358024,0.3002758453602712,1.0650392920920806,0.0,1.036180372956369,0.0,8.870148871354978,0.0,4.135017895970948,0.0,-0.2197660916323559,0.0,-1.058326064675595,0.0,-0.046429422021358024,0.0,0.3002758453602712,0.0
2026-06-12,16:05:47,tidak pasti,0.6774,0.92822,-0.23218,0.46777,7.794,3.656,2.137,1.01294,-0.17871,-0.12524,3.244,0.969,-2.374,1007.31,49.545,1.0650392920920806,1.036180372956369,8.870148871354978,4.135017895970948,-0.0847199999999999,4.549999999999999,-0.05346999999999999,2.6870000000000003,0.59301,4.511,-0.2197660916323559,-1.058326064675595,-0.17333666961099786,-1.3586019100358662,-0.046429422021358024,0.3002758453602712,1.0650392920920806,0.0,1.036180372956369,0.0,8.870148871354978,0.0,4.135017895970948,0.0,-0.2197660916323559,0.0,-1.058326064675595,0.0,-0.046429422021358024,0.0,0.3002758453602712,0.0
2026-06-12,16:05:48,tidak pasti,0.6774,0.92822,-0.23218,0.46777,7.794,3.656,2.137,1.01294,-0.17871,-0.12524,3.244,0.969,-2.374,1007.31,49.545,1.0650392920920806,1.036180372956369,8.870148871354978,4.135017895970948,-0.0847199999999999,4.549999999999999,-0.05346999999999999,2.6870000000000003,0.59301,4.511,-0.2197660916323559,-1.058326064675595,-0.17333666961099786,-1.3586019100358662,-0.046429422021358024,0.3002758453602712,1.0650392920920806,0.0,1.036180372956369,0.0,8.870148871354978,0.0,4.135017895970948,0.0,-0.2197660916323559,0.0,-1.058326064675595,0.0,-0.046429422021358024,0.0,0.3002758453602712,0.0
2026-06-12,16:05:48,tidak pasti,0.6774,0.92822,-0.23218,0.46777,7.794,3.656,2.137,1.01294,-0.17871,-0.12524,3.244,0.969,-2.374,1007.31,49.545,1.0650392920920806,1.036180372956369,8.870148871354978,4.135017895970948,-0.0847199999999999,4.549999999999999,-0.05346999999999999,2.6870000000000003,0.59301,4.511,-0.2197660916323559,-1.058326064675595,-0.17333666961099786,-1.3586019100358662,-0.046429422021358024,0.3002758453602712,1.0650392920920806,0.0,1.036180372956369,0.0,8.870148871354978,0.0,4.135017895970948,0.0,-0.2197660916323559,0.0,-1.058326064675595,0.0,-0.046429422021358024,0.0,0.3002758453602712,0.0
2026-06-12,16:05:49,tidak pasti,0.6774,0.92822,-0.23218,0.46777,7.794,3.656,2.137,1.01294,-0.17871,-0.12524,3.244,0.969,-2.374,1007.31,49.545,1.0650392920920806,1.036180372956369,8.870148871354978,4.135017895970948,-0.0847199999999999,4.549999999999999,-0.05346999999999999,2.6870000000000003,0.59301,4.511,-0.2197660916323559,-1.058326064675595,-0.17333666961099786,-1.3586019100358662,-0.046429422021358024,0.3002758453602712,1.0650392920920806,0.0,1.036180372956369,0.0,8.870148871354978,0.0,4.135017895970948,0.0,-0.2197660916323559,0.0,-1.058326064675595,0.0,-0.046429422021358024,0.0,0.3002758453602712,0.0
2026-06-12,16:05:49,tidak pasti,0.6774,0.92822,-0.23218,0.46777,7.794,3.656,2.137,1.01294,-0.17871,-0.12524,3.244,0.969,-2.374,1007.31,49.545,1.0650392920920806,1.036180372956369,8.870148871354978,4.135017895970948,-0.0847199999999999,4.549999999999999,-0.05346999999999999,2.6870000000000003,0.59301,4.511,-0.2197660916323559,-1.058326064675595,-0.17333666961099786,-1.3586019100358662,-0.046429422021358024,0.3002758453602712,1.0650392920920806,0.0,1.036180372956369,0.0,8.870148871354978,0.0,4.135017895970948,0.0,-0.2197660916323559,0.0,-1.058326064675595,0.0,-0.046429422021358024,0.0,0.3002758453602712,0.0
2026-06-12,16:05:49,tidak pasti,0.6774,0.92822,-0.23218,0.46777,7.794,3.656,2.137,1.01294,-0.17871,-0.12524,3.244,0.969,-2.374,1007.31,49.545,1.0650392920920806,1.036180372956369,8.870148871354978,4.135017895970948,-0.0847199999999999,4.549999999999999,-0.05346999999999999,2.6870000000000003,0.59301,4.511,-0.2197660916323559,-1.058326064675595,-0.17333666961099786,-1.3586019100358662,-0.046429422021358024,0.3002758453602712,1.0650392920920806,0.0,1.036180372956369,0.0,8.870148871354978,0.0,4.135017895970948,0.0,-0.2197660916323559,0.0,-1.058326064675595,0.0,-0.046429422021358024,0.0,0.3002758453602712,0.0
2026-06-12,16:05:49,tidak pasti,0.6774,0.92822,-0.23218,0.46777,7.794,3.656,2.137,1.01294,-0.17871,-0.12524,3.244,0.969,-2.374,1007.31,49.545,1.0650392920920806,1.036180372956369,8.870148871354978,4.135017895970948,-0.0847199999999999,4.549999999999999,-0.05346999999999999,2.6870000000000003,0.59301,4.511,-0.2197660916323559,-1.058326064675595,-0.17333666961099786,-1.3586019100358662,-0.046429422021358024,0.3002758453602712,1.0650392920920806,0.0,1.036180372956369,0.0,8.870148871354978,0.0,4.135017895970948,0.0,-0.2197660916323559,0.0,-1.058326064675595,0.0,-0.046429422021358024,0.0,0.3002758453602712,0.0
2026-06-12,16:05:50,tidak pasti,0.6774,0.92822,-0.23218,0.46777,7.794,3.656,2.137,1.01294,-0.17871,-0.12524,3.244,0.969,-2.374,1007.31,49.545,1.0650392920920806,1.036180372956369,8.870148871354978,4.135017895970948,-0.0847199999999999,4.549999999999999,-0.05346999999999999,2.6870000000000003,0.59301,4.511,-0.2197660916323559,-1.058326064675595,-0.17333666961099786,-1.3586019100358662,-0.046429422021358024,0.3002758453602712,1.0650392920920806,0.0,1.036180372956369,0.0,8.870148871354978,0.0,4.135017895970948,0.0,-0.2197660916323559,0.0,-1.058326064675595,0.0,-0.046429422021358024,0.0,0.3002758453602712,0.0
2026-06-12,16:05:50,tidak pasti,0.6774,0.92822,-0.23218,0.46777,7.794,3.656,2.137,1.01294,-0.17871,-0.12524,3.244,0.969,-2.374,1007.31,49.545,1.0650392920920806,1.036180372956369,8.870148871354978,4.135017895970948,-0.0847199999999999,4.549999999999999,-0.05346999999999999,2.6870000000000003,0.59301,4.511,-0.2197660916323559,-1.058326064675595,-0.17333666961099786,-1.3586019100358662,-0.046429422021358024,0.3002758453602712,1.0650392920920806,0.0,1.036180372956369,0.0,8.870148871354978,0.0,4.135017895970948,0.0,-0.2197660916323559,0.0,-1.058326064675595,0.0,-0.046429422021358024,0.0,0.3002758453602712,0.0
2026-06-12,16:05:50,tidak pasti,0.6774,0.92822,-0.23218,0.46777,7.794,3.656,2.137,1.01294,-0.17871,-0.12524,3.244,0.969,-2.374,1007.31,49.545,1.0650392920920806,1.036180372956369,8.870148871354978,4.135017895970948,-0.0847199999999999,4.549999999999999,-0.05346999999999999,2.6870000000000003,0.59301,4.511,-0.2197660916323559,-1.058326064675595,-0.17333666961099786,-1.3586019100358662,-0.046429422021358024,0.3002758453602712,1.0650392920920806,0.0,1.036180372956369,0.0,8.870148871354978,0.0,4.135017895970948,0.0,-0.2197660916323559,0.0,-1.058326064675595,0.0,-0.046429422021358024,0.0,0.3002758453602712,0.0
2026-06-12,16:05:51,tidak pasti,0.6774,0.92822,-0.23218,0.46777,7.794,3.656,2.137,1.01294,-0.17871,-0.12524,3.244,0.969,-2.374,1007.31,49.545,1.0650392920920806,1.036180372956369,8.870148871354978,4.135017895970948,-0.0847199999999999,4.549999999999999,-0.05346999999999999,2.6870000000000003,0.59301,4.511,-0.2197660916323559,-1.058326064675595,-0.17333666961099786,-1.3586019100358662,-0.046429422021358024,0.3002758453602712,1.0650392920920806,0.0,1.036180372956369,0.0,8.870148871354978,0.0,4.135017895970948,0.0,-0.2197660916323559,0.0,-1.058326064675595,0.0,-0.046429422021358024,0.0,0.3002758453602712,0.0
2026-06-12,16:05:51,tidak pasti,0.6774,0.92822,-0.23218,0.46777,7.794,3.656,2.137,1.01294,-0.17871,-0.12524,3.244,0.969,-2.374,1007.31,49.545,1.0650392920920806,1.036180372956369,8.870148871354978,4.135017895970948,-0.0847199999999999,4.549999999999999,-0.05346999999999999,2.6870000000000003,0.59301,4.511,-0.2197660916323559,-1.058326064675595,-0.17333666961099786,-1.3586019100358662,-0.046429422021358024,0.3002758453602712,1.0650392920920806,0.0,1.036180372956369,0.0,8.870148871354978,0.0,4.135017895970948,0.0,-0.2197660916323559,0.0,-1.058326064675595,0.0,-0.046429422021358024,0.0,0.3002758453602712,0.0
2026-06-12,16:05:51,tidak pasti,0.6774,0.92822,-0.23218,0.46777,7.794,3.656,2.137,1.01294,-0.17871,-0.12524,3.244,0.969,-2.374,1007.31,49.545,1.0650392920920806,1.036180372956369,8.870148871354978,4.135017895970948,-0.0847199999999999,4.549999999999999,-0.05346999999999999,2.6870000000000003,0.59301,4.511,-0.2197660916323559,-1.058326064675595,-0.17333666961099786,-1.3586019100358662,-0.046429422021358024,0.3002758453602712,1.0650392920920806,0.0,1.036180372956369,0.0,8.870148871354978,0.0,4.135017895970948,0.0,-0.2197660916323559,0.0,-1.058326064675595,0.0,-0.046429422021358024,0.0,0.3002758453602712,0.0
2026-06-12,16:05:52,tidak pasti,0.6774,0.92822,-0.23218,0.46777,7.794,3.656,2.137,1.01294,-0.17871,-0.12524,3.244,0.969,-2.374,1007.31,49.545,1.0650392920920806,1.036180372956369,8.870148871354978,4.135017895970948,-0.0847199999999999,4.549999999999999,-0.05346999999999999,2.6870000000000003,0.59301,4.511,-0.2197660916323559,-1.058326064675595,-0.17333666961099786,-1.3586019100358662,-0.046429422021358024,0.3002758453602712,1.0650392920920806,0.0,1.036180372956369,0.0,8.870148871354978,0.0,4.135017895970948,0.0,-0.2197660916323559,0.0,-1.058326064675595,0.0,-0.046429422021358024,0.0,0.3002758453602712,0.0
2026-06-12,16:05:52,tidak pasti,0.6774,0.92822,-0.23218,0.46777,7.794,3.656,2.137,1.01294,-0.17871,-0.12524,3.244,0.969,-2.374,1007.31,49.545,1.0650392920920806,1.036180372956369,8.870148871354978,4.135017895970948,-0.0847199999999999,4.549999999999999,-0.05346999999999999,2.6870000000000003,0.59301,4.511,-0.2197660916323559,-1.058326064675595,-0.17333666961099786,-1.3586019100358662,-0.046429422021358024,0.3002758453602712,1.0650392920920806,0.0,1.036180372956369,0.0,8.870148871354978,0.0,4.135017895970948,0.0,-0.2197660916323559,0.0,-1.058326064675595,0.0,-0.046429422021358024,0.0,0.3002758453602712,0.0
2026-06-12,16:05:52,tidak pasti,0.6774,0.92822,-0.23218,0.46777,7.794,3.656,2.137,1.01294,-0.17871,-0.12524,3.244,0.969,-2.374,1007.31,49.545,1.0650392920920806,1.036180372956369,8.870148871354978,4.135017895970948,-0.0847199999999999,4.549999999999999,-0.05346999999999999,2.6870000000000003,0.59301,4.511,-0.2197660916323559,-1.058326064675595,-0.17333666961099786,-1.3586019100358662,-0.046429422021358024,0.3002758453602712,1.0650392920920806,0.0,1.036180372956369,0.0,8.870148871354978,0.0,4.135017895970948,0.0,-0.2197660916323559,0.0,-1.058326064675595,0.0,-0.046429422021358024,0.0,0.3002758453602712,0.0
2026-06-12,16:05:52,tidak pasti,0.6774,0.92822,-0.23218,0.46777,7.794,3.656,2.137,1.01294,-0.17871,-0.12524,3.244,0.969,-2.374,1007.31,49.545,1.0650392920920806,1.036180372956369,8.870148871354978,4.135017895970948,-0.0847199999999999,4.549999999999999,-0.05346999999999999,2.6870000000000003,0.59301,4.511,-0.2197660916323559,-1.058326064675595,-0.17333666961099786,-1.3586019100358662,-0.046429422021358024,0.3002758453602712,1.0650392920920806,0.0,1.036180372956369,0.0,8.870148871354978,0.0,4.135017895970948,0.0,-0.2197660916323559,0.0,-1.058326064675595,0.0,-0.046429422021358024,0.0,0.3002758453602712,0.0
2026-06-12,16:05:53,tidak pasti,0.6774,0.92822,-0.23218,0.46777,7.794,3.656,2.137,1.01294,-0.17871,-0.12524,3.244,0.969,-2.374,1007.31,49.545,1.0650392920920806,1.036180372956369,8.870148871354978,4.135017895970948,-0.0847199999999999,4.549999999999999,-0.05346999999999999,2.6870000000000003,0.59301,4.511,-0.2197660916323559,-1.058326064675595,-0.17333666961099786,-1.3586019100358662,-0.046429422021358024,0.3002758453602712,1.0650392920920806,0.0,1.036180372956369,0.0,8.870148871354978,0.0,4.135017895970948,0.0,-0.2197660916323559,0.0,-1.058326064675595,0.0,-0.046429422021358024,0.0,0.3002758453602712,0.0
2026-06-12,16:05:53,tidak pasti,0.6774,0.92822,-0.23218,0.46777,7.794,3.656,2.137,1.01294,-0.17871,-0.12524,3.244,0.969,-2.374,1007.31,49.545,1.0650392920920806,1.036180372956369,8.870148871354978,4.135017895970948,-0.0847199999999999,4.549999999999999,-0.05346999999999999,2.6870000000000003,0.59301,4.511,-0.2197660916323559,-1.058326064675595,-0.17333666961099786,-1.3586019100358662,-0.046429422021358024,0.3002758453602712,1.0650392920920806,0.0,1.036180372956369,0.0,8.870148871354978,0.0,4.135017895970948,0.0,-0.2197660916323559,0.0,-1.058326064675595,0.0,-0.046429422021358024,0.0,0.3002758453602712,0.0
2026-06-12,16:05:54,tidak pasti,0.6774,0.92822,-0.23218,0.46777,7.794,3.656,2.137,1.01294,-0.17871,-0.12524,3.244,0.969,-2.374,1007.31,49.545,1.0650392920920806,1.036180372956369,8.870148871354978,4.135017895970948,-0.0847199999999999,4.549999999999999,-0.05346999999999999,2.6870000000000003,0.59301,4.511,-0.2197660916323559,-1.058326064675595,-0.17333666961099786,-1.3586019100358662,-0.046429422021358024,0.3002758453602712,1.0650392920920806,0.0,1.036180372956369,0.0,8.870148871354978,0.0,4.135017895970948,0.0,-0.2197660916323559,0.0,-1.058326064675595,0.0,-0.046429422021358024,0.0,0.3002758453602712,0.0
2026-06-12,16:05:54,tidak pasti,0.6774,0.92822,-0.23218,0.46777,7.794,3.656,2.137,1.01294,-0.17871,-0.12524,3.244,0.969,-2.374,1007.31,49.545,1.0650392920920806,1.036180372956369,8.870148871354978,4.135017895970948,-0.0847199999999999,4.549999999999999,-0.05346999999999999,2.6870000000000003,0.59301,4.511,-0.2197660916323559,-1.058326064675595,-0.17333666961099786,-1.3586019100358662,-0.046429422021358024,0.3002758453602712,1.0650392920920806,0.0,1.036180372956369,0.0,8.870148871354978,0.0,4.135017895970948,0.0,-0.2197660916323559,0.0,-1.058326064675595,0.0,-0.046429422021358024,0.0,0.3002758453602712,0.0
2026-06-12,16:05:54,tidak pasti,0.6774,0.92822,-0.23218,0.46777,7.794,3.656,2.137,1.01294,-0.17871,-0.12524,3.244,0.969,-2.374,1007.31,49.545,1.0650392920920806,1.036180372956369,8.870148871354978,4.135017895970948,-0.0847199999999999,4.549999999999999,-0.05346999999999999,2.6870000000000003,0.59301,4.511,-0.2197660916323559,-1.058326064675595,-0.17333666961099786,-1.3586019100358662,-0.046429422021358024,0.3002758453602712,1.0650392920920806,0.0,1.036180372956369,0.0,8.870148871354978,0.0,4.135017895970948,0.0,-0.2197660916323559,0.0,-1.058326064675595,0.0,-0.046429422021358024,0.0,0.3002758453602712,0.0
2026-06-12,16:05:55,tidak pasti,0.6774,0.92822,-0.23218,0.46777,7.794,3.656,2.137,1.01294,-0.17871,-0.12524,3.244,0.969,-2.374,1007.31,49.545,1.0650392920920806,1.036180372956369,8.870148871354978,4.135017895970948,-0.0847199999999999,4.549999999999999,-0.05346999999999999,2.6870000000000003,0.59301,4.511,-0.2197660916323559,-1.058326064675595,-0.17333666961099786,-1.3586019100358662,-0.046429422021358024,0.3002758453602712,1.0650392920920806,0.0,1.036180372956369,0.0,8.870148871354978,0.0,4.135017895970948,0.0,-0.2197660916323559,0.0,-1.058326064675595,0.0,-0.046429422021358024,0.0,0.3002758453602712,0.0
2026-06-12,16:05:55,tidak pasti,0.6774,0.92822,-0.23218,0.46777,7.794,3.656,2.137,1.01294,-0.17871,-0.12524,3.244,0.969,-2.374,1007.31,49.545,1.0650392920920806,1.036180372956369,8.870148871354978,4.135017895970948,-0.0847199999999999,4.549999999999999,-0.05346999999999999,2.6870000000000003,0.59301,4.511,-0.2197660916323559,-1.058326064675595,-0.17333666961099786,-1.3586019100358662,-0.046429422021358024,0.3002758453602712,1.0650392920920806,0.0,1.036180372956369,0.0,8.870148871354978,0.0,4.135017895970948,0.0,-0.2197660916323559,0.0,-1.058326064675595,0.0,-0.046429422021358024,0.0,0.3002758453602712,0.0
2026-06-12,16:05:56,tidak pasti,0.6774,0.92822,-0.23218,0.46777,7.794,3.656,2.137,1.01294,-0.17871,-0.12524,3.244,0.969,-2.374,1007.31,49.545,1.0650392920920806,1.036180372956369,8.870148871354978,4.135017895970948,-0.0847199999999999,4.549999999999999,-0.05346999999999999,2.6870000000000003,0.59301,4.511,-0.2197660916323559,-1.058326064675595,-0.17333666961099786,-1.3586019100358662,-0.046429422021358024,0.3002758453602712,1.0650392920920806,0.0,1.036180372956369,0.0,8.870148871354978,0.0,4.135017895970948,0.0,-0.2197660916323559,0.0,-1.058326064675595,0.0,-0.046429422021358024,0.0,0.3002758453602712,0.0
2026-06-12,16:05:57,tidak pasti,0.6774,0.92822,-0.23218,0.46777,7.794,3.656,2.137,1.01294,-0.17871,-0.12524,3.244,0.969,-2.374,1007.31,49.545,1.0650392920920806,1.036180372956369,8.870148871354978,4.135017895970948,-0.0847199999999999,4.549999999999999,-0.05346999999999999,2.6870000000000003,0.59301,4.511,-0.2197660916323559,-1.058326064675595,-0.17333666961099786,-1.3586019100358662,-0.046429422021358024,0.3002758453602712,1.0650392920920806,0.0,1.036180372956369,0.0,8.870148871354978,0.0,4.135017895970948,0.0,-0.2197660916323559,0.0,-1.058326064675595,0.0,-0.046429422021358024,0.0,0.3002758453602712,0.0
2026-06-12,16:05:57,tidak pasti,0.6774,0.92822,-0.23218,0.46777,7.794,3.656,2.137,1.01294,-0.17871,-0.12524,3.244,0.969,-2.374,1007.31,49.545,1.0650392920920806,1.036180372956369,8.870148871354978,4.135017895970948,-0.0847199999999999,4.549999999999999,-0.05346999999999999,2.6870000000000003,0.59301,4.511,-0.2197660916323559,-1.058326064675595,-0.17333666961099786,-1.3586019100358662,-0.046429422021358024,0.3002758453602712,1.0650392920920806,0.0,1.036180372956369,0.0,8.870148871354978,0.0,4.135017895970948,0.0,-0.2197660916323559,0.0,-1.058326064675595,0.0,-0.046429422021358024,0.0,0.3002758453602712,0.0
2026-06-12,16:05:57,tidak pasti,0.6774,0.92822,-0.23218,0.46777,7.794,3.656,2.137,1.01294,-0.17871,-0.12524,3.244,0.969,-2.374,1007.31,49.545,1.0650392920920806,1.036180372956369,8.870148871354978,4.135017895970948,-0.0847199999999999,4.549999999999999,-0.05346999999999999,2.6870000000000003,0.59301,4.511,-0.2197660916323559,-1.058326064675595,-0.17333666961099786,-1.3586019100358662,-0.046429422021358024,0.3002758453602712,1.0650392920920806,0.0,1.036180372956369,0.0,8.870148871354978,0.0,4.135017895970948,0.0,-0.2197660916323559,0.0,-1.058326064675595,0.0,-0.046429422021358024,0.0,0.3002758453602712,0.0
2026-06-12,16:05:58,tidak pasti,0.6774,0.92822,-0.23218,0.46777,7.794,3.656,2.137,1.01294,-0.17871,-0.12524,3.244,0.969,-2.374,1007.31,49.545,1.0650392920920806,1.036180372956369,8.870148871354978,4.135017895970948,-0.0847199999999999,4.549999999999999,-0.05346999999999999,2.6870000000000003,0.59301,4.511,-0.2197660916323559,-1.058326064675595,-0.17333666961099786,-1.3586019100358662,-0.046429422021358024,0.3002758453602712,1.0650392920920806,0.0,1.036180372956369,0.0,8.870148871354978,0.0,4.135017895970948,0.0,-0.2197660916323559,0.0,-1.058326064675595,0.0,-0.046429422021358024,0.0,0.3002758453602712,0.0
2026-06-12,16:05:58,tidak pasti,0.6774,0.92822,-0.23218,0.46777,7.794,3.656,2.137,1.01294,-0.17871,-0.12524,3.244,0.969,-2.374,1007.31,49.545,1.0650392920920806,1.036180372956369,8.870148871354978,4.135017895970948,-0.0847199999999999,4.549999999999999,-0.05346999999999999,2.6870000000000003,0.59301,4.511,-0.2197660916323559,-1.058326064675595,-0.17333666961099786,-1.3586019100358662,-0.046429422021358024,0.3002758453602712,1.0650392920920806,0.0,1.036180372956369,0.0,8.870148871354978,0.0,4.135017895970948,0.0,-0.2197660916323559,0.0,-1.058326064675595,0.0,-0.046429422021358024,0.0,0.3002758453602712,0.0
2026-06-12,16:06:00,salah,0.6774,0.92822,-0.23218,0.46777,7.794,3.656,2.137,1.01294,-0.17871,-0.12524,3.244,0.969,-2.374,1007.31,49.545,1.0650392920920806,1.036180372956369,8.870148871354978,4.135017895970948,-0.0847199999999999,4.549999999999999,-0.05346999999999999,2.6870000000000003,0.59301,4.511,-0.2197660916323559,-1.058326064675595,-0.17333666961099786,-1.3586019100358662,-0.046429422021358024,0.3002758453602712,1.0650392920920806,0.0,1.036180372956369,0.0,8.870148871354978,0.0,4.135017895970948,0.0,-0.2197660916323559,0.0,-1.058326064675595,0.0,-0.046429422021358024,0.0,0.3002758453602712,0.0
2026-06-12,16:06:01,salah,0.6774,0.92822,-0.23218,0.46777,7.794,3.656,2.137,1.01294,-0.17871,-0.12524,3.244,0.969,-2.374,1007.31,49.545,1.0650392920920806,1.036180372956369,8.870148871354978,4.135017895970948,-0.0847199999999999,4.549999999999999,-0.05346999999999999,2.6870000000000003,0.59301,4.511,-0.2197660916323559,-1.058326064675595,-0.17333666961099786,-1.3586019100358662,-0.046429422021358024,0.3002758453602712,1.0650392920920806,0.0,1.036180372956369,0.0,8.870148871354978,0.0,4.135017895970948,0.0,-0.2197660916323559,0.0,-1.058326064675595,0.0,-0.046429422021358024,0.0,0.3002758453602712,0.0
2026-06-12,16:06:02,salah,0.6774,0.92822,-0.23218,0.46777,7.794,3.656,2.137,1.01294,-0.17871,-0.12524,3.244,0.969,-2.374,1007.31,49.545,1.0650392920920806,1.036180372956369,8.870148871354978,4.135017895970948,-0.0847199999999999,4.549999999999999,-0.05346999999999999,2.6870000000000003,0.59301,4.511,-0.2197660916323559,-1.058326064675595,-0.17333666961099786,-1.3586019100358662,-0.046429422021358024,0.3002758453602712,1.0650392920920806,0.0,1.036180372956369,0.0,8.870148871354978,0.0,4.135017895970948,0.0,-0.2197660916323559,0.0,-1.058326064675595,0.0,-0.046429422021358024,0.0,0.3002758453602712,0.0
2026-06-12,16:06:04,salah,0.6774,0.92822,-0.23218,0.46777,7.794,3.656,2.137,1.01294,-0.17871,-0.12524,3.244,0.969,-2.374,1007.31,49.545,1.0650392920920806,1.036180372956369,8.870148871354978,4.135017895970948,-0.0847199999999999,4.549999999999999,-0.05346999999999999,2.6870000000000003,0.59301,4.511,-0.2197660916323559,-1.058326064675595,-0.17333666961099786,-1.3586019100358662,-0.046429422021358024,0.3002758453602712,1.0650392920920806,0.0,1.036180372956369,0.0,8.870148871354978,0.0,4.135017895970948,0.0,-0.2197660916323559,0.0,-1.058326064675595,0.0,-0.046429422021358024,0.0,0.3002758453602712,0.0
2026-06-12,16:06:06,salah,0.6774,0.92822,-0.23218,0.46777,7.794,3.656,2.137,1.01294,-0.17871,-0.12524,3.244,0.969,-2.374,1007.31,49.545,1.0650392920920806,1.036180372956369,8.870148871354978,4.135017895970948,-0.0847199999999999,4.549999999999999,-0.05346999999999999,2.6870000000000003,0.59301,4.511,-0.2197660916323559,-1.058326064675595,-0.17333666961099786,-1.3586019100358662,-0.046429422021358024,0.3002758453602712,1.0650392920920806,0.0,1.036180372956369,0.0,8.870148871354978,0.0,4.135017895970948,0.0,-0.2197660916323559,0.0,-1.058326064675595,0.0,-0.046429422021358024,0.0,0.3002758453602712,0.0
2026-06-12,16:06:07,salah,0.6774,0.92822,-0.23218,0.46777,7.794,3.656,2.137,1.01294,-0.17871,-0.12524,3.244,0.969,-2.374,1007.31,49.545,1.0650392920920806,1.036180372956369,8.870148871354978,4.135017895970948,-0.0847199999999999,4.549999999999999,-0.05346999999999999,2.6870000000000003,0.59301,4.511,-0.2197660916323559,-1.058326064675595,-0.17333666961099786,-1.3586019100358662,-0.046429422021358024,0.3002758453602712,1.0650392920920806,0.0,1.036180372956369,0.0,8.870148871354978,0.0,4.135017895970948,0.0,-0.2197660916323559,0.0,-1.058326064675595,0.0,-0.046429422021358024,0.0,0.3002758453602712,0.0
2026-06-12,16:06:09,salah,0.6774,0.92822,-0.23218,0.46777,7.794,3.656,2.137,1.01294,-0.17871,-0.12524,3.244,0.969,-2.374,1007.31,49.545,1.0650392920920806,1.036180372956369,8.870148871354978,4.135017895970948,-0.0847199999999999,4.549999999999999,-0.05346999999999999,2.6870000000000003,0.59301,4.511,-0.2197660916323559,-1.058326064675595,-0.17333666961099786,-1.3586019100358662,-0.046429422021358024,0.3002758453602712,1.0650392920920806,0.0,1.036180372956369,0.0,8.870148871354978,0.0,4.135017895970948,0.0,-0.2197660916323559,0.0,-1.058326064675595,0.0,-0.046429422021358024,0.0,0.3002758453602712,0.0
2026-06-12,16:06:10,salah,0.6774,0.92822,-0.23218,0.46777,7.794,3.656,2.137,1.01294,-0.17871,-0.12524,3.244,0.969,-2.374,1007.31,49.545,1.0650392920920806,1.036180372956369,8.870148871354978,4.135017895970948,-0.0847199999999999,4.549999999999999,-0.05346999999999999,2.6870000000000003,0.59301,4.511,-0.2197660916323559,-1.058326064675595,-0.17333666961099786,-1.3586019100358662,-0.046429422021358024,0.3002758453602712,1.0650392920920806,0.0,1.036180372956369,0.0,8.870148871354978,0.0,4.135017895970948,0.0,-0.2197660916323559,0.0,-1.058326064675595,0.0,-0.046429422021358024,0.0,0.3002758453602712,0.0
2026-06-12,16:06:12,salah,0.6774,0.92822,-0.23218,0.46777,7.794,3.656,2.137,1.01294,-0.17871,-0.12524,3.244,0.969,-2.374,1007.31,49.545,1.0650392920920806,1.036180372956369,8.870148871354978,4.135017895970948,-0.0847199999999999,4.549999999999999,-0.05346999999999999,2.6870000000000003,0.59301,4.511,-0.2197660916323559,-1.058326064675595,-0.17333666961099786,-1.3586019100358662,-0.046429422021358024,0.3002758453602712,1.0650392920920806,0.0,1.036180372956369,0.0,8.870148871354978,0.0,4.135017895970948,0.0,-0.2197660916323559,0.0,-1.058326064675595,0.0,-0.046429422021358024,0.0,0.3002758453602712,0.0
2026-06-12,16:06:15,salah,0.6774,0.92822,-0.23218,0.46777,7.794,3.656,2.137,1.01294,-0.17871,-0.12524,3.244,0.969,-2.374,1007.31,49.545,1.0650392920920806,1.036180372956369,8.870148871354978,4.135017895970948,-0.0847199999999999,4.549999999999999,-0.05346999999999999,2.6870000000000003,0.59301,4.511,-0.2197660916323559,-1.058326064675595,-0.17333666961099786,-1.3586019100358662,-0.046429422021358024,0.3002758453602712,1.0650392920920806,0.0,1.036180372956369,0.0,8.870148871354978,0.0,4.135017895970948,0.0,-0.2197660916323559,0.0,-1.058326064675595,0.0,-0.046429422021358024,0.0,0.3002758453602712,0.0
2026-06-12,16:06:17,salah,0.6774,0.92822,-0.23218,0.46777,7.794,3.656,2.137,1.01294,-0.17871,-0.12524,3.244,0.969,-2.374,1007.31,49.545,1.0650392920920806,1.036180372956369,8.870148871354978,4.135017895970948,-0.0847199999999999,4.549999999999999,-0.05346999999999999,2.6870000000000003,0.59301,4.511,-0.2197660916323559,-1.058326064675595,-0.17333666961099786,-1.3586019100358662,-0.046429422021358024,0.3002758453602712,1.0650392920920806,0.0,1.036180372956369,0.0,8.870148871354978,0.0,4.135017895970948,0.0,-0.2197660916323559,0.0,-1.058326064675595,0.0,-0.046429422021358024,0.0,0.3002758453602712,0.0
2026-06-12,16:06:19,salah,0.6774,0.92822,-0.23218,0.46777,7.794,3.656,2.137,1.01294,-0.17871,-0.12524,3.244,0.969,-2.374,1007.31,49.545,1.0650392920920806,1.036180372956369,8.870148871354978,4.135017895970948,-0.0847199999999999,4.549999999999999,-0.05346999999999999,2.6870000000000003,0.59301,4.511,-0.2197660916323559,-1.058326064675595,-0.17333666961099786,-1.3586019100358662,-0.046429422021358024,0.3002758453602712,1.0650392920920806,0.0,1.036180372956369,0.0,8.870148871354978,0.0,4.135017895970948,0.0,-0.2197660916323559,0.0,-1.058326064675595,0.0,-0.046429422021358024,0.0,0.3002758453602712,0.0
2026-06-14,15:05:03,benar,0.773,0.82178,-0.06616,0.67871,0.0,0.0,0.0,1.04395,0.13281,0.00659,0.0,0.0,0.0,0.0,0.0,1.0678702065794325,1.0523846857019536,0.0,0.0,-0.22216999999999998,0.0,-0.19897,0.0,0.67212,0.0,-0.06199479855837717,-0.8781368777342224,0.12653650238714756,-1.4441033072674803,-0.18853130094552473,0.5659664295332578,1.0678702065794325,0.0,1.0523846857019536,0.0,0.0,0.0,0.0,0.0,-0.06199479855837717,0.0,-0.8781368777342224,0.0,-0.18853130094552473,0.0,0.5659664295332578,0.0
2026-06-14,15:05:03,benar,0.773,0.82178,-0.06616,0.67871,0.0,0.0,0.0,1.04395,0.13281,0.00659,0.0,0.0,0.0,0.0,0.0,1.0678702065794325,1.0523846857019536,0.0,0.0,-0.22216999999999998,0.0,-0.19897,0.0,0.67212,0.0,-0.06199479855837717,-0.8781368777342224,0.12653650238714756,-1.4441033072674803,-0.18853130094552473,0.5659664295332578,1.0678702065794325,0.0,1.0523846857019536,0.0,0.0,0.0,0.0,0.0,-0.06199479855837717,0.0,-0.8781368777342224,0.0,-0.18853130094552473,0.0,0.5659664295332578,0.0
2026-06-14,15:05:03,benar,0.773,0.82178,-0.06616,0.67871,0.0,0.0,0.0,1.04395,0.13281,0.00659,0.0,0.0,0.0,0.0,0.0,1.0678702065794325,1.0523846857019536,0.0,0.0,-0.22216999999999998,0.0,-0.19897,0.0,0.67212,0.0,-0.06199479855837717,-0.8781368777342224,0.12653650238714756,-1.4441033072674803,-0.18853130094552473,0.5659664295332578,1.0678702065794325,0.0,1.0523846857019536,0.0,0.0,0.0,0.0,0.0,-0.06199479855837717,0.0,-0.8781368777342224,0.0,-0.18853130094552473,0.0,0.5659664295332578,0.0
2026-06-14,15:05:03,salah,0.5929,0.0,0.0,0.0,0.0,0.0,0.0,0.0,0.0,0.0,0.0,0.0,0.0,0.0,0.0,0.0,0.0,0.0,0.0,0.0,0.0,0.0,0.0,0.0,0.0,0.0,-0.0,0.0,-0.0,0.0,0.0,0.0,0.0,0.0,0.0,0.0,0.0,0.0,0.0,0.0,0.0,-0.0,0.0,0.0,0.0,0.0,0.0
2026-06-14,15:05:03,benar,0.773,0.82178,-0.06616,0.67871,0.0,0.0,0.0,1.04395,0.13281,0.00659,0.0,0.0,0.0,0.0,0.0,1.0678702065794325,1.0523846857019536,0.0,0.0,-0.22216999999999998,0.0,-0.19897,0.0,0.67212,0.0,-0.06199479855837717,-0.8781368777342224,0.12653650238714756,-1.4441033072674803,-0.18853130094552473,0.5659664295332578,1.0678702065794325,0.0,1.0523846857019536,0.0,0.0,0.0,0.0,0.0,-0.06199479855837717,0.0,-0.8781368777342224,0.0,-0.18853130094552473,0.0,0.5659664295332578,0.0
2026-06-14,15:05:04,benar,0.773,0.82178,-0.06616,0.67871,0.0,0.0,0.0,1.04395,0.13281,0.00659,0.0,0.0,0.0,0.0,0.0,1.0678702065794325,1.0523846857019536,0.0,0.0,-0.22216999999999998,0.0,-0.19897,0.0,0.67212,0.0,-0.06199479855837717,-0.8781368777342224,0.12653650238714756,-1.4441033072674803,-0.18853130094552473,0.5659664295332578,1.0678702065794325,0.0,1.0523846857019536,0.0,0.0,0.0,0.0,0.0,-0.06199479855837717,0.0,-0.8781368777342224,0.0,-0.18853130094552473,0.0,0.5659664295332578,0.0
2026-06-14,15:05:04,benar,0.773,0.82178,-0.06616,0.67871,0.0,0.0,0.0,1.04395,0.13281,0.00659,0.0,0.0,0.0,0.0,0.0,1.0678702065794325,1.0523846857019536,0.0,0.0,-0.22216999999999998,0.0,-0.19897,0.0,0.67212,0.0,-0.06199479855837717,-0.8781368777342224,0.12653650238714756,-1.4441033072674803,-0.18853130094552473,0.5659664295332578,1.0678702065794325,0.0,1.0523846857019536,0.0,0.0,0.0,0.0,0.0,-0.06199479855837717,0.0,-0.8781368777342224,0.0,-0.18853130094552473,0.0,0.5659664295332578,0.0
2026-06-14,15:05:04,benar,0.773,0.82178,-0.06616,0.67871,0.0,0.0,0.0,1.04395,0.13281,0.00659,0.0,0.0,0.0,0.0,0.0,1.0678702065794325,1.0523846857019536,0.0,0.0,-0.22216999999999998,0.0,-0.19897,0.0,0.67212,0.0,-0.06199479855837717,-0.8781368777342224,0.12653650238714756,-1.4441033072674803,-0.18853130094552473,0.5659664295332578,1.0678702065794325,0.0,1.0523846857019536,0.0,0.0,0.0,0.0,0.0,-0.06199479855837717,0.0,-0.8781368777342224,0.0,-0.18853130094552473,0.0,0.5659664295332578,0.0
2026-06-14,15:05:04,salah,0.5341,0.89502,0.06152,0.58032,-1.458,5.122,1.412,1.03394,0.10376,-0.10693,-1.412,3.046,1.008,1008.06,43.266,1.0684646990893054,1.0446205464665148,5.509482008319838,3.5054135276740173,-0.13892000000000004,-0.04600000000000004,-0.04224000000000001,2.076,0.6872499999999999,0.4039999999999999,0.057609804851301266,-0.9930017289540852,0.09949199152777985,-1.4276753860458236,-0.04188218667647858,0.43467365709173833,0.5342323495446527,0.7555186341844918,0.5223102732332574,0.7386582721732696,2.754741004159919,3.8957920889082365,1.7527067638370086,2.478701676281355,0.028804902425650633,0.04073628367318879,-0.4965008644770426,0.7021582562733997,-0.02094109333823929,0.02961517820985888,0.21733682854586917,0.3073606905327242
2026-06-14,15:05:05,salah,0.5129,1.03906,-0.05054,0.43604,16.084,-15.496,4.237,1.03491,0.07031,-0.18774,13.863,2.924,-0.405,1008.05,43.352,1.1279764433710486,1.0541482399548936,22.73264703020746,14.173798714529566,0.004150000000000098,2.221,-0.12085,-18.42,0.62378,4.642,-0.04482090558529503,-1.1710807574922069,0.06674795154839452,-1.3794546672363395,-0.11156885713368955,0.2083739097441326,0.7321470474867846,0.6347557690045644,0.6995895954738028,0.6058810904849246,9.414043012842432,11.858646960278769,5.893070747401194,7.382399525167036,0.004262966422002079,0.051348245073934096,-0.7213608288154307,0.6310302045966057,-0.05115034793672271,0.056358908616019394,0.21434918894529031,0.2173984245884164
2026-06-14,15:05:05,benar,0.671,0.87793,-0.01929,0.59985,4.443,2.267,-5.16,1.02148,0.13403,-0.08765,8.458,5.908,-4.122,1008.06,43.308,1.0634628397363022,1.033957423591513,7.176708019698168,11.110045544461103,-0.14354999999999996,-4.015000000000001,-0.15332,-3.6410000000000005,0.6875,-1.0380000000000003,-0.018139851446570078,-0.9711565403770916,0.12999396796633378,-1.4152843492605989,-0.14813381941290385,0.4441278088835072,1.0866346607322186,0.03589027574516527,1.0442420700043071,0.010100727680680906,11.806279019408487,9.499160440471169,9.596419262221561,5.492896231997692,-0.0017836507268546135,0.05313808979088517,-1.0450796756077947,0.10966543458639501,-0.100528287741024,0.05397937563713336,0.36239179190645937,0.13346713552725906
2026-06-14,15:05:06,benar,0.6841,0.87305,-0.07666,0.58472,-8.305,2.802,-2.229,1.03418,0.09058,-0.10718,20.756,-4.305,-0.099,1008.05,43.38,1.053560884097355,1.0436573006499787,9.043930008574812,21.197980139626512,-0.1611300000000001,-29.061,-0.16724,7.106999999999999,0.6919,-2.13,-0.07282712161439556,-0.9767200854325379,0.08690027390787884,-1.4359287458645797,-0.15972739552227438,0.4592086604320419,1.0816667224015686,0.040409836346763955,1.0439209880654616,0.010097990624116945,12.984428352826813,8.493671469126927,15.493941466205726,5.171913452745135,-0.04526262621542022,0.027346310856100727,-1.0396524611006122,0.11385423170744981,-0.13981002402295592,0.025135142374800436,0.3705701263532273,0.14066828900852352
2026-06-14,15:05:07,benar,0.6378,0.88232,-0.08203,0.56396,3.847,-1.344,-1.84,1.03271,0.08325,-0.12866,1.061,3.45,0.794,1008.07,43.179,1.0503658338407624,1.0440181522368277,4.471168191871113,3.6957620323824965,-0.15039000000000002,2.786,-0.16528,-4.7940000000000005,0.69262,-2.6340000000000003,-0.07817620446144663,-0.9973055052640436,0.07982473950172966,-1.4234804413923516,-0.1580009439631763,0.42617493612830804,1.0557965192248064,0.006828721635436022,1.0405442921594397,0.0057072481648592615,6.897268740048031,2.2991525376395465,12.001262572156703,8.785078856289568,-0.05638105917413742,0.033225677542728475,-0.9817273770245577,0.013774861813477354,-0.15528738629945152,0.006255021834231381,0.4431704684812858,0.01653765735610907
2026-06-14,15:05:08,salah,0.5666,0.92188,-0.00122,0.552,23.992,-1.466,-2.153,1.01538,0.11304,-0.17603,-2.908,-1.015,-0.817,1008.05,43.415,1.0745083632992347,1.0367068760744282,24.1329780383607,3.186562097308006,-0.09349999999999992,26.900000000000002,-0.11426,-0.45100000000000007,0.7280300000000001,-1.336,-0.0011354032250097212,-1.031275930956443,0.10925479691664418,-1.367608365187868,-0.1103902001416539,0.3363324342314251,1.0594783604124507,0.013114031669097416,1.0414607763204116,0.004120950027421205,12.549358746268874,10.288960811771386,9.360101423105672,10.255064627966163,-0.050712909766950635,0.04301860106992439,-1.0017671738843414,0.027550225686281817,-0.14270617987570153,0.027999769077172946,0.40723867693059174,0.0635891356729167
2026-06-14,15:05:09,salah,0.5162,0.99756,-0.03711,0.46851,116.038,-38.565,52.183,0.90381,0.19409,-0.12866,-12.947,-18.038,-16.947,1008.06,43.319,1.102726042949925,0.9333256879567818,132.9478926421927,27.931972039224156,0.09375,128.98499999999999,-0.23120000000000002,-20.526999999999997,0.59717,69.13,-0.03365931948775376,-1.130512777161674,0.20948406799282912,-1.318636407011603,-0.2431433874805829,0.18812362984992892,1.0758667466966407,0.026206521680291205,1.0046835720893459,0.06190577041510786,53.8506796241415,69.20204853923838,11.604765389638219,14.142067701619252,-0.0376569757247367,0.038675666837559006,-1.05303140446072,0.06921719289417053,-0.17051151052847102,0.06725502132926356,0.31687700006988734,0.12021227701038323
2026-06-14,15:05:10,salah,0.5371,0.89478,-0.052,0.54175,-27.641,-1.649,-12.992,0.91211,0.14063,-0.16162,53.153,5.26,-16.061,1008.05,43.373,1.0472957132061602,0.9369324807049865,30.586535370976556,55.775126445396786,-0.017329999999999957,-80.794,-0.19263,-6.909,0.7033699999999999,3.068999999999999,-0.049672111591586014,-1.0243409129498633,0.15066556878818513,-1.3400966633366265,-0.20033768037977115,0.3157557503867632,1.0748433731517733,0.027716683379809377,0.9689883482453988,0.05867368658078672,62.55580201717665,61.0466781854811,28.964553527309647,26.309483906861825,-0.028155611434783165,0.024731985696962732,-1.0620432070226602,0.059397686360277646,-0.1846237560006693,0.06775727084014889,0.28007060482270574,0.08029031469918478
2026-06-14,15:05:11,salah,0.5581,0.94458,-0.09497,0.45361,-2.87,2.748,-0.939,0.96606,0.06421,-0.28076,0.038,6.122,3.328,1008.05,43.373,1.0521467147693804,1.0080778865246476,4.082906440270215,6.968207229983907,-0.021480000000000055,-2.908,-0.15918,-3.3739999999999997,0.73437,-4.2669999999999995,-0.09038609712944297,-1.114667839740107,0.06373862390214002,-1.2810584913922307,-0.15412472103158298,0.16639065165212363,1.0673894903084886,0.030698322730685876,0.9594453517288053,0.04215560246258774,55.872444817813154,68.05203214908893,30.225101904868282,24.484131070154223,-0.05790584273626092,0.029245983858036045,-1.0898405099505482,0.057274893416857944,-0.19920192963064567,0.04452019981326094,0.2234233439629386,0.0806971842281211
2026-06-14,15:05:11,benar,0.6454,0.96387,-0.052,0.44604,5.244,-2.084,0.336,0.99512,0.07422,-0.28198,-7.42,-4.137,7.298,1008.08,43.141,1.0633442803250508,1.0369595668105869,5.652918538241994,11.199641646052788,-0.03125,12.664,-0.12622,2.0529999999999995,0.72802,-6.962,-0.048921829960517776,-1.1348041509751252,0.07163588577814396,-1.2857608909929006,-0.12055771573866174,0.15095674001777537,1.054262236100197,0.008230777576768733,0.993989978013407,0.05148015504405662,13.44078678316292,14.869389882383519,24.647658440477827,27.04007595407811,-0.06299334622718226,0.02372578412037121,-1.0912709678883652,0.05883104578444566,-0.1583400390500053,0.04005667695942204,0.21103438068555405,0.09101909338791069
2026-06-14,15:05:12,benar,0.7687,0.94873,-0.07471,0.45068,-0.84,1.107,3.359,0.99438,0.05737,-0.24829,-1.099,-0.405,0.107,1008.09,43.058,1.052987492518311,1.0265139187560974,3.6350969725717084,1.1761271189799172,-0.04565000000000008,0.259,-0.13208,1.512,0.6989700000000001,3.252,-0.07101017272891924,-1.1220434536681103,0.055917320471700394,-1.319923334748285,-0.12692749320061963,0.19787988108017474,1.056159495870914,0.006236390987187862,1.0238504573637772,0.014623897701231662,4.456973983694639,1.059644215292901,6.447991998338871,5.031965697819972,-0.07010603327296,0.020746914567734375,-1.1238384814611142,0.010187460484420133,-0.1338699766569548,0.017827914025198413,0.1717424242500246,0.023914982631086937
2026-06-14,15:05:13,benar,0.7426,0.9502,-0.06836,0.45703,0.733,2.084,0.313,0.99146,0.05957,-0.25391,1.221,1.664,0.496,1008.06,43.333,1.0566122990482365,1.025188667807053,2.2312135711311907,2.1226759055494084,-0.04125999999999996,-0.4880000000000001,-0.12793,0.42000000000000015,0.71094,-0.183,-0.0647425547088218,-1.118141499390896,0.05813912539896475,-1.3135728335230115,-0.12288168010778655,0.19543133413211544,1.0576480239638661,0.005255502639529363,1.029554051124579,0.006447504901220802,3.8397430273149644,1.7200076239014672,4.8328148901940375,5.534107954826883,-0.06155818579941961,0.011383271743087477,-1.1249963680113773,0.008714973711570087,-0.12345562968235597,0.0032234422306484708,0.18142265174335517,0.026412642398903008
2026-06-14,15:05:14,benar,0.765,0.93774,-0.09009,0.47437,-3.13,3.374,1.26,1.00317,0.05615,-0.25,1.725,3.046,-0.695,1008.06,43.333,1.0547508770321075,1.0353757150909033,4.771621946466421,3.5688606024892593,-0.06542999999999988,-4.855,-0.14624,0.3280000000000003,0.72437,1.955,-0.08551773179623885,-1.0952943133756927,0.054258139357030506,-1.3207245379623191,-0.13977587115326937,0.22543022458662643,1.0547835561995516,0.0018126242139054154,1.0290261005513512,0.005538707080190633,3.5459774967231064,1.2725468121448396,2.289221209006195,1.2050296196999983,-0.07375681974465996,0.010656455701835989,-1.1118264221448997,0.014449542451684552,-0.12986168148722518,0.008821027063004503,0.20624714659963886,0.016658082312509676
2026-06-14,15:05:14,benar,0.7442,0.94043,-0.07104,0.4751,5.237,1.588,2.13,1.00146,0.03394,-0.22925,-0.595,3.985,0.885,1008.07,43.212,1.0560185966639035,1.0279249085901168,5.87237711663684,4.125224236329463,-0.06103000000000003,5.832,-0.10498,-2.397,0.70435,1.2449999999999999,-0.06732238524977655,-1.0985375131543242,0.033023978243559834,-1.3433883415429821,-0.10034636349333638,0.2448508283886579,1.0557939242480825,0.0009508318733380895,1.0294964304960244,0.005272214327624703,4.291737544744817,1.8674139258722458,3.2722535814560434,1.0336980932419988,-0.0725275572516124,0.01132353113785212,-1.1039911086403043,0.012361422045899566,-0.12100130491813077,0.019781895175047897,0.22190412903579992,0.024897723099076292
2026-06-14,15:05:15,benar,0.6931,0.93945,-0.08545,0.4707,-7.45,-0.206,-9.427,0.98901,0.04712,-0.21436,10.45,3.664,-5.084,1008.06,43.275,1.0542421424890962,1.013070226637818,12.01720703824312,12.185009314727665,-0.04955999999999994,-17.9,-0.13257,-3.87,0.68506,-4.343,-0.08114249770257538,-1.0997943597191502,0.046528863415964676,-1.352418579191861,-0.12767136111854005,0.25262421947271085,1.0550038720617023,0.0009148509291394852,1.0254569501062794,0.011355695403238832,7.55373536711546,3.904465393031878,6.626364717848795,4.82195836139975,-0.07799420491619692,0.00949744542432524,-1.097875395416389,0.0023219397488914617,-0.12259786525504861,0.02019843530533559,0.24096842414933173,0.014006539061247424
2026-06-14,15:05:16,benar,0.6573,0.93872,-0.04199,0.50732,-8.412,4.282,-4.634,1.02979,0.07593,-0.19409,-11.817,-1.038,2.802,1008.06,43.319,1.067863278186866,1.050668233601835,10.51528525528433,12.18893502320855,-0.09106999999999998,3.4049999999999994,-0.11792,5.32,0.70141,-7.436,-0.03933165326239779,-1.0738948235631796,0.07233134748219903,-1.3711088271433702,-0.11166300074459683,0.2972140035801907,1.059374672446622,0.007404813834174197,1.03055445627659,0.018936431097045313,9.468289803388096,3.203417440575847,9.499722858088559,4.6544527529307445,-0.06259884540491657,0.021301890754101317,-1.0907422321455513,0.014603811070330552,-0.11322690845215776,0.013729465732237106,0.2648963504805198,0.02825649356589399
2026-06-14,15:05:17,benar,0.6686,0.94409,-0.02026,0.49219,5.916,-1.023,3.969,1.02393,0.13843,-0.10522,-23.565,29.863,-3.443,1008.05,43.386,1.064879050315105,1.0385888301921988,7.1971206742696765,38.196364264154774,-0.07984000000000002,29.481,-0.15869,-30.886,0.59741,7.412,-0.019026782846650676,-1.0898773176554732,0.133684460352617,-1.402585103307807,-0.15271124319926768,0.3127077856523337,1.0623281569970224,0.007159897133649663,1.0341090968106172,0.019195143664325853,9.909870989265707,2.466415002420482,20.85676953403033,15.016529655899738,-0.04650031127054128,0.031672271014941855,-1.0878555003126011,0.013067605071303685,-0.13068186835413484,0.02068905308408379,0.2875153362350784,0.031193859049797604
2026-06-14,15:05:18,benar,0.6669,0.98584,-0.03125,0.36841,-1.534,3.023,2.252,1.04712,0.07495,-0.06934,6.206,0.916,-2.779,1008.06,43.313,1.0528926802860774,1.0520864187413503,4.069789798011686,6.861219498019285,-0.06128,-7.74,-0.1062,2.107,0.43775000000000003,5.031,-0.029684497243844345,-1.2119874169019138,0.07129979026779802,-1.4735928157655276,-0.10098428751164237,0.2616053988636138,1.061878336262683,0.007923566999469089,1.0471144941784614,0.00741741343579259,7.260731909188564,3.2232185334439394,19.082172928460867,16.766346381739602,-0.029347644450964272,0.010156625571671131,-1.1252531860401889,0.07553793836036171,-0.12178617715183564,0.02730894563337159,0.29050906269871274,0.026202684176321905
2026-06-14,15:05:19,benar,0.693,0.99316,-0.01074,0.38477,1.366,3.626,-0.298,1.04297,0.09229,-0.0979,-4.145,5.26,-1.832,1008.03,43.54,1.0651432232803248,1.0516122265359984,3.8862110081672094,6.942971193948596,-0.04980999999999991,5.510999999999999,-0.10303,-1.634,0.48267,1.534,-0.010083321897641643,-1.2010504408484604,0.08787353186760163,-1.4425048271353305,-0.09795685376524328,0.2414543862868701,1.0609716512938359,0.006997840827500888,1.0474291584898492,0.007659619303175674,5.051040493482858,1.8608251932394622,17.33351831870755,18.067800821974558,-0.01959820066271222,0.009813073294260599,-1.167638391801949,0.06756473081873964,-0.1172174614920511,0.0307757655255213,0.2719225236009392,0.036730015347365585
2026-06-14,15:05:19,benar,0.7476,0.97754,0.00391,0.37964,4.595,2.344,0.718,1.03955,0.09717,-0.0957,3.076,1.588,-0.603,1008.03,43.54,1.048678344059798,1.048458249717174,5.208059619474416,3.513848175433879,-0.06201000000000001,1.5189999999999997,-0.09326000000000001,0.7559999999999998,0.47534,1.321,0.0037285112997438273,-1.2003443512356538,0.09281213198358843,-1.4403464716286636,-0.0890836206838446,0.24000212039300983,1.0555714158754002,0.008553056775490371,1.0507189649981743,0.0019721409047567767,4.388020141884437,0.7160822938913688,5.772679622467254,1.9566324295909527,-0.012013102613914054,0.016789887587269507,-1.2044607363286761,0.006527850409897132,-0.09600825398691008,0.006185001904498638,0.24768730184783125,0.012075277945545132
2026-06-14,15:05:20,benar,0.8148,0.99561,-0.01392,0.36426,-6.763,4.84,-0.748,1.03564,0.07397,-0.08887,-1.565,1.061,0.13,1008.06,43.27,1.06024449354854,1.042074684175755,8.350046287296855,1.8952166103113386,-0.0400299999999999,-5.198,-0.08789,3.779,0.45313,-0.878,-0.013129424397259316,-1.2198218574938837,0.07104314152081202,-1.4596096048092477,-0.08417256591807135,0.239787747315364,1.058022020296221,0.008454442764286144,1.0473817201429758,0.004859049856860048,5.814772304979495,2.292930779998646,4.117345326564604,2.57742375109816,-0.006494744998385711,0.008983646927193778,-1.2070722165259993,0.011047155708271536,-0.09040434678905307,0.0069864072274064765,0.24041475133174797,0.0009067081029960329
2026-06-14,15:05:21,benar,0.7569,0.99194,-0.00195,0.37305,5.672,1.176,5.878,1.0354,0.07764,-0.08838,1.588,2.038,-0.267,1008.07,43.189,1.05977123408781,1.0420614924273905,8.252602256258326,2.597398121197442,-0.043460000000000054,4.084,-0.07959,-0.8619999999999999,0.46143,6.1450000000000005,-0.0018400207854138676,-1.2110735773683075,0.07457526512173006,-1.4576642590675353,-0.07641528590714393,0.24659068169922782,1.0562313572320494,0.0065453800206286186,1.0441981421067732,0.0036893673095398758,7.270236054343198,1.7865616617380868,2.6688209689808864,0.8116760149788115,-0.003746977960976452,0.00858922949065546,-1.210413262032615,0.009755527908153342,-0.08322382416968661,0.0063872341183400325,0.24212684980253388,0.003867277512095749
2026-06-14,15:05:21,benar,0.7578,0.98267,-0.02246,0.38696,-1.824,2.282,-1.412,1.03882,0.08643,-0.07324,-0.031,3.382,0.046,1008.07,43.189,1.0563535497644716,1.0449790595509558,3.2447255662074106,3.382454877747817,-0.05615000000000003,-1.7930000000000001,-0.10889000000000001,-1.1,0.46020000000000005,-1.458,-0.021263423177002503,-1.1950861367336962,0.08280438447709308,-1.4621707864933704,-0.10406780765409558,0.26708464975967416,1.0587897591336073,0.0021230475022924675,1.0430384120513672,0.0016806629774589374,6.6157913699208635,2.9198351536552427,2.6250232030855325,0.7440038809669326,-0.012077622786558563,0.009754324942690669,-1.2086605238652959,0.012543169088702857,-0.08821855315977029,0.014263344604664134,0.251154359591422,0.014209172660338906
2026-06-14,15:05:22,benar,0.7554,0.98486,0.03564,0.38184,11.328,1.908,-1.298,1.03467,0.09058,-0.08521,-3.031,-1.229,0.672,1008.05,43.386,1.0568922437032073,1.0421168309743394,11.560659669759335,3.339009733438943,-0.04981000000000002,14.359,-0.054939999999999996,3.137,0.46705,-1.9700000000000002,0.03372790201605697,-1.199465392304672,0.08702905599838505,-1.4511769593272192,-0.05330115398232808,0.25171156702254716,1.0576723425184964,0.001837541062047344,1.0430524609842287,0.0016687127124466745,7.685995830741692,4.18682124465949,3.106287577461401,0.4412462228319642,0.0035414860178802007,0.027887845438965515,-1.2018750354688919,0.008261619069253876,-0.07792808251452253,0.025417114242942067,0.25512896616048303,0.01066581662914858
2026-06-14,15:05:23,benar,0.7249,0.96851,-0.00366,0.43311,3.29,5.473,-0.855,1.03882,0.09229,-0.10254,3.618,1.985,-3.664,1008.07,43.193,1.0609473539247836,1.0479403075080183,6.44273653038831,5.518608973283032,-0.0703100000000001,-0.32799999999999985,-0.09595,3.4879999999999995,0.53565,2.809,-0.003449753885063144,-1.1502666156528114,0.08818223454936219,-1.43876805216772,-0.09163198843442534,0.28850143651490856,1.0580643824641542,0.002511213077779345,1.0450120660111046,0.0029118785696498318,7.082707255451685,4.194742173287661,4.080024528156597,1.2460400372623683,0.0030049083179971084,0.028058126447411194,-1.1816060482303932,0.02722892755054051,-0.083000316690283,0.02646115264082926,0.26909921776570994,0.01847748596277247
2026-06-14,15:05:23,benar,0.6043,0.98682,0.00317,0.39233,6.084,0.534,5.298,1.03955,0.09082,-0.09375,17.74,7.687,1.031,1008.07,43.193,1.0619541375219554,1.047712526125368,8.08511075990923,19.36131529622923,-0.052729999999999944,-11.655999999999999,-0.08764999999999999,-7.1530000000000005,0.48608,4.267,0.002985067426921583,-1.192375347893459,0.08679301130097407,-1.4458888062762005,-0.08380794387405248,0.25351345838274164,1.059931245049982,0.0026795615671520276,1.0459232215359087,0.0032983977807371652,8.696168986685626,2.6131070457428023,9.406311334317069,8.689893044384801,0.011087738519305139,0.019869184273619132,-1.180702451950314,0.026595531218318074,-0.07624702876360197,0.020253118165583804,0.26457548730673247,0.02074005755181632
2026-06-14,15:05:24,benar,0.6816,0.98535,-0.00854,0.40503,-2.191,2.427,-1.359,1.03003,0.10791,-0.09595,1.221,1.893,-0.672,1008.06,43.261,1.0653810844012577,1.040102288960081,3.5408602062210814,2.350717762726951,-0.04468000000000005,-3.412,-0.11645000000000001,0.534,0.50098,-0.6869999999999999,-0.008015996881969509,-1.1807207434421207,0.10393644381517055,-1.4315152356541194,-0.11195244069714005,0.2507944922119987,1.062760858615999,0.0023243473658609687,1.0452517075311558,0.004460981372373959,6.02290249883954,2.3010321019509115,9.07688067741307,9.046329656385943,-0.00282689444670369,0.005526917711713686,-1.174454235662797,0.021742542917972594,-0.0957974576685393,0.014527268353391805,0.2642697957032163,0.02102920603778383
2026-06-14,15:05:25,benar,0.7566,0.99023,0.0022,0.3877,-0.969,2.405,0.527,1.03125,0.10864,-0.11353,1.023,1.313,0.122,1008.08,43.146,1.0634244603637817,1.0431530439010377,2.645886429913423,1.6689463742133837,-0.041019999999999945,-1.992,-0.10644,1.0919999999999999,0.50123,0.405,0.0020687896970817353,-1.1976116258940097,0.1043349837259813,-1.4195851703381572,-0.10226619402889955,0.22197354444414752,1.0635865607623316,0.001719214539491029,1.0436559529954954,0.0038299628713532145,4.757285798681244,2.9165148284379807,7.793659811056521,10.023681615269092,-0.0009873799193220636,0.006104177546996947,-1.1902359057431964,0.008646293254142061,-0.09934219286669736,0.014298269561510455,0.24209383167962928,0.017477633223297966
2026-06-14,15:05:25,benar,0.8036,0.98584,-0.01123,0.38135,0.55,2.924,1.008,1.02246,0.09888,-0.12573,0.664,1.214,-0.031,1008.08,43.146,1.0570877167955364,1.0348960039057065,3.141391411460851,1.3840711686903966,-0.036619999999999875,-0.11399999999999999,-0.11011,1.71,0.50708,1.039,-0.010623726921348166,-1.2015510379283105,0.09569180571787538,-1.4156137605554397,-0.10631553263922354,0.21406272262712922,1.061964420520192,0.00433517863756025,1.039383778922275,0.004175149084397559,3.109379349198452,0.4483448384528548,1.8012451018769102,0.49671785195084206,-0.005523644702078646,0.006703272265747144,-1.193294469088147,0.011065878829092235,-0.1068447224550877,0.004864758475547458,0.22894358642775847,0.019332403837830404
2026-06-14,15:05:26,benar,0.8266,0.99341,-0.01611,0.37646,3.481,4.153,-0.855,1.02661,0.09912,-0.11768,-0.618,3.779,-0.748,1008.06,43.261,1.0624712192807861,1.0380758396668328,5.485963452302612,3.9015726316448345,-0.03320000000000001,4.099,-0.11523,0.37399999999999967,0.49414,-0.10699999999999998,-0.015163344722280666,-1.2082574977520615,0.09563004416049045,-1.4220302379784378,-0.11079338888277111,0.21377274022637627,1.0609944654800347,0.0034167500791614674,1.0387082958245257,0.004164694222230259,3.7577470978922953,1.5170465129398778,2.3181967248495385,1.378621745565226,-0.007906093982182366,0.008931727758713473,-1.2024733871914606,0.005382535928996641,-0.10645837185029806,0.0042653915762962185,0.216603002432551,0.004653285245063857
2026-06-14,15:05:27,salah,0.6716,0.23511,-0.02759,0.98828,14.122,82.939,4.336,0.90356,0.26196,0.42725,-12.053,72.13,-21.183,1008.04,43.483,1.0162358380809053,1.0332406678504287,84.24434402973293,76.13626729752384,-0.66845,26.175,-0.28955000000000003,10.808999999999997,0.56103,25.519,-0.027152546093350573,-0.23346898309850247,0.2563302436449308,-1.0643860953595778,-0.28348278973828134,0.8309171122610753,1.045264924719076,0.02528361975740391,1.0354041704743226,0.0024573149105541164,30.957232964498797,46.16287912135272,27.140637032619694,42.45012711636313,-0.0176465392456598,0.008539622771873106,-0.8810925062596248,0.5608684471108715,-0.16686390375342533,0.10101973186163236,0.4195841917048602,0.35622478812180847
2026-06-14,15:05:28,salah,0.7871,-0.16162,0.02515,1.07983,0.275,25.58,2.137,0.65332,0.25366,0.8877,-13.557,23.351,-2.336,1008.07,43.228,1.0921475979921396,1.1310091546932766,25.670582268425466,27.101998929968246,-0.81494,13.832,-0.22851,2.228999999999999,0.19213000000000002,4.473,0.023030058713736715,0.14852917380588057,0.22620167163202004,-0.6158387928559658,-0.20317161291828334,0.7643679666618464,1.0569515517846104,0.03825570375978554,1.0674418874035128,0.0551039274883356,38.46696325015367,40.908815094878875,35.71327961971231,36.87924070132629,-0.006428610700631509,0.02620677660697308,-0.43106576901489446,0.6996433987272987,-0.19914926384644527,0.08641493945493776,0.603019273049766,0.338735656052429
2026-06-14,15:05:28,salah,0.8465,-0.2522,0.02783,1.00439,4.252,4.107,-0.244,0.54736,0.20459,0.96362,-1.756,2.145,-0.16,1008.07,43.228,1.0359433483545324,1.1269532120278996,5.916628178278571,2.7767176665984605,-0.7995599999999999,6.008,-0.17676,1.9620000000000002,0.04076999999999986,-0.08399999999999999,0.026867635737366165,0.24592088402184492,0.18255487645099128,-0.5071625966749449,-0.1556872407136251,0.7530834806967899,1.0481089281425258,0.039390986556428594,1.0970676781905349,0.05531300122433458,38.61051815881232,40.73560142261355,35.33832796469685,37.3668799539015,0.007581716119250769,0.03014188909048969,0.05366035824307434,0.2533845502376445,-0.2141138811233966,0.06459663700791864,0.7827895198732372,0.042059883115164606
2026-06-14,15:05:29,salah,0.8885,-0.29419,0.00464,0.99634,1.061,3.305,-0.771,0.53979,0.21313,0.97852,-3.427,1.237,-0.634,1008.07,43.179,1.0388756813497946,1.1376726380642193,3.5557259455700465,3.69816900641385,-0.8339799999999999,4.4879999999999995,-0.20848999999999998,2.068,0.017820000000000058,-0.137,0.004466381787310794,0.28710940562736376,0.18845207505990785,-0.494360312343782,-0.18398569327259706,0.7814697179711458,1.055655542565489,0.03163703883338461,1.1318783349284651,0.005412312754078797,11.714312130758026,12.14399324582993,11.192295200993518,13.785908482966445,0.01812135874613789,0.011980214779487318,0.22718648781836306,0.07116427027487729,-0.18094818230150186,0.023887470682185517,0.7663070551099272,0.014292118970121954
2026-06-14,15:05:30,salah,0.7577,-0.11133,-0.00806,1.09766,-11.29,-93.74,-5.962,0.82471,0.22363,0.60034,39.908,-84.221,20.282,1008.09,43.01,1.1033208092390898,1.0443012384364962,94.60548157480093,95.37916349496885,-0.9360400000000001,-51.198,-0.23169,-9.518999999999991,0.4973200000000001,-26.244,-0.007305283844506703,0.10107648791341042,0.21581458855396216,-0.9103593492085145,-0.22311987239846887,1.011435837121925,1.0593799463144722,0.038082137809198724,1.1029756961762052,0.051095454953681486,34.69261189954985,51.89949353684309,33.95135005599372,53.20004197426034,0.008009577893390086,0.017359803776883224,0.21136892585420639,0.09771100233957954,-0.18759760212823032,0.03386110406014547,0.8486630119299535,0.1416781178671607
2026-06-14,15:05:31,salah,0.8676,0.85327,-0.08569,0.55786,-4.099,-38.481,-2.504,1.05664,0.06006,-0.06934,-5.878,-31.916,14.672,1008.08,43.164,1.0230445975616116,1.0606145995600853,38.779623231795334,35.61529901601277,-0.20337000000000005,1.779,-0.14575,-6.565000000000001,0.6272,-17.176000000000002,-0.08385803873561362,-0.9864079370903736,0.05665785218307133,-1.4841961836028026,-0.14051589091868494,0.49778824651242903,1.055080362716832,0.0425207162919115,1.0808628253536003,0.04987030732759594,45.646943584055435,45.91170402687195,44.89754383913182,46.53999612505198,-0.028898980264269843,0.047958488393393575,-0.19940734784986647,0.6878804454387192,-0.18254048552991695,0.041320949990806696,0.7635646005351666,0.25729148209284397
2026-06-14,15:05:32,salah,0.8089,0.94653,-0.02637,0.47412,7.809,3.084,9.885,0.9856,0.08374,-0.28589,5.412,3.282,-0.855,1008.08,43.164,1.0589637350731138,1.0296372369431868,12.96937785709091,6.3868844517495384,-0.03907000000000005,2.3970000000000002,-0.11011,-0.19799999999999995,0.76001,10.74,-0.024904276868982108,-1.1058076480614025,0.08141954198930995,-1.277272691272017,-0.10632381885829206,0.1714650432106144,1.061776380624605,0.04021194811956473,1.0448510249799228,0.015495997793211171,48.78482755456239,41.72758611167695,45.79378232091039,45.36085949491712,-0.03868919981636748,0.040094876803071576,-0.6637130324127886,0.6650122784923407,-0.15665319405848196,0.06004697282219345,0.5602297089483228,0.4234524009016234
2026-06-14,15:05:33,benar,0.6742,0.93311,-0.05127,0.49243,0.023,2.679,1.71,0.98193,0.073,-0.26636,1.237,0.641,-0.618,1008.08,43.169,1.0563191704688502,1.020030967422068,3.1783124453080442,1.5241305718343163,-0.048819999999999975,-1.2140000000000002,-0.12426999999999999,2.038,0.75879,2.328,-0.0485555435978713,-1.0829831051606382,0.07162768684397906,-1.2966152248098712,-0.12018323044185036,0.213632119649233,1.0461091677011918,0.020018222380602312,1.03676093464178,0.021208915602976698,18.309104511398097,18.391515516293186,14.508771346532209,18.439786509639124,-0.05243928640082235,0.029668149641938903,-1.0583995634374714,0.06338245528324316,-0.12234098007294246,0.017197859185044902,0.2942951364574255,0.1774869008229577
2026-06-14,15:05:34,benar,0.7479,0.94604,-0.04004,0.47559,1.748,1.496,-0.481,0.98047,0.07495,-0.27124,0.237,1.534,-0.901,1008.06,43.338,1.0596134820301222,1.02005395004382,2.3505065411523534,1.7947495647025522,-0.03442999999999996,1.5110000000000001,-0.11499000000000001,-0.038000000000000034,0.74683,0.42000000000000004,-0.037796362089467975,-1.103559134855342,0.07354278101247165,-1.2912990893016125,-0.11133914310193962,0.18773995444627056,1.058298795857362,0.0017449155527320096,1.023240718136358,0.005539559701349002,6.166065614517103,5.906361719045384,3.2352548627621354,2.7327432114014907,-0.03708539418544046,0.011841651531382063,-1.097449962692461,0.012579007434769952,-0.11261539746736067,0.007017295865542491,0.19094570576870598,0.021265540552759258
2026-06-14,15:05:35,benar,0.8015,0.95605,-0.03638,0.45581,1.267,1.053,0.702,0.98071,0.0791,-0.27466,0.55,0.87,0.061,1008.06,43.29,1.05977255248473,1.0215121290028817,1.7907825105243798,1.0310775916486596,-0.024660000000000015,0.7169999999999999,-0.11548,0.18299999999999994,0.73047,0.641,-0.03433486631113407,-1.1246752784457352,0.07751181779978639,-1.2872063138754368,-0.11184668411092046,0.1625310354297016,1.058568401661234,0.001949514444670056,1.0205323488229232,0.0008485923349908654,2.4398671656615925,0.6980679199688958,1.449985909395176,0.3871973577300946,-0.040228923999491115,0.007415856909889283,-1.1037391728205719,0.020846669723491352,-0.11445635255157015,0.0049661098705711905,0.1879677031750684,0.02555130337606112
2026-06-14,15:05:35,benar,0.7756,0.95581,-0.0166,0.46362,4.832,2.656,1.145,0.98096,0.07007,-0.30371,0.015,1.038,-1.084,1008.06,43.29,1.0624461494588797,1.029287175962083,5.631481599011045,1.500908058476601,-0.025150000000000006,4.817,-0.08667,1.618,0.76733,2.229,-0.015624957052258366,-1.1189248038102058,0.06812893089466715,-1.2631466248446044,-0.08375388794692551,0.14422182103439862,1.060610727991244,0.0015915102341098274,1.0236177516695948,0.00496370328740081,3.257590216895926,2.0748115500391666,1.442245071609271,0.38520089580393463,-0.029252061817620134,0.011927655950372856,-1.1157197390370943,0.010916831508382147,-0.10231323838659519,0.016074872193140438,0.1648309369701236,0.021850037625484722
2026-06-14,15:05:36,benar,0.7926,0.95972,-0.03125,0.43921,2.542,2.336,1.053,0.98315,0.08008,-0.29443,0.183,1.489,-0.076,1008.01,43.714,1.0559093071850443,1.0294103913405965,3.609358530265454,1.5021271583990485,-0.02342999999999995,2.359,-0.11133,0.8469999999999998,0.7336400000000001,1.129,-0.02959966680359447,-1.14064778502235,0.07787077941328051,-1.2698664336054302,-0.10747044621687497,0.1292186485830802,1.0593760030428847,0.003286413748011891,1.026736565435187,0.0045249140913142735,3.677207546600293,1.9212482892220828,1.344704269508103,0.2716093543124362,-0.026519830055662302,0.009727755235113378,-1.1280826224260971,0.01125519759649621,-0.10102367275824031,0.015115289117253418,0.1453238350157268,0.01668351298336237
2026-06-14,15:05:37,benar,0.7582,0.95605,-0.03784,0.46899,0.366,4.458,0.718,0.97632,0.08691,-0.2832,-0.947,3.504,-0.573,1008.05,43.415,1.065558580369939,1.0202726745826334,4.530258712259157,3.6746637941449825,-0.02027000000000001,1.313,-0.12475,0.9540000000000002,0.75219,1.291,-0.03551935902964793,-1.1134534183576352,0.08528646535541318,-1.2762042374844773,-0.1208058243850611,0.16275081912684208,1.061304679004621,0.004924868967560577,1.026323413961771,0.005240456161734419,4.590366280511886,1.012400669749489,2.2258996703402105,1.254666683374119,-0.02691466096183359,0.010215368313830294,-1.1243420023967303,0.014383772974019044,-0.10401005284962052,0.01876678555709566,0.14539709624810696,0.016796951188086225
2026-06-14,15:05:38,benar,0.7769,0.94507,-0.03101,0.48413,1.359,2.466,-0.191,0.98828,0.08521,-0.27197,1.267,1.145,-0.763,1008.05,43.415,1.0623091743461506,1.0285551921992324,2.8221477636722003,1.870423214141655,-0.04321000000000008,0.09200000000000008,-0.11621999999999999,1.3210000000000002,0.7561,0.5720000000000001,-0.0291952723922691,-1.0965505985779747,0.08293941982034682,-1.2900284386911316,-0.11213469221261592,0.19347784011315694,1.0612590206337114,0.004909606436772153,1.026079419374154,0.005046935228258579,3.6539216687322704,0.8549269899547961,2.349071388895229,1.1626723161797399,-0.03143809940850383,0.003540253349883838,-1.1168839339859866,0.022247849136147343,-0.11347032093818399,0.006767274620669371,0.16181576927435973,0.032139798734508944
2026-06-14,15:05:38,benar,0.7775,0.95142,-0.01294,0.48022,1.405,2.885,0.214,0.98438,0.08325,-0.27295,1.061,2.687,-1.0,1008.06,43.279,1.0658230192672702,1.024907922400837,3.21606063375677,3.0570721286878397,-0.03295999999999999,0.3440000000000001,-0.09619,0.19799999999999995,0.75317,1.214,-0.012141150705444675,-1.1032176853083708,0.08131639473559067,-1.2886389932055535,-0.09345754544103535,0.1854213078971827,1.0645635913277867,0.001956854345096256,1.0245785963942342,0.0041510680831909445,3.5228223698960424,0.8944203850763041,2.8673863789914926,0.9169550318096766,-0.0256185940424539,0.012092544278438228,-1.104407234081327,0.008513964930533373,-0.10879935401290412,0.01397588820003591,0.18054998904572725,0.015932192730059705
2026-06-14,15:05:39,benar,0.7852,0.95264,-0.02954,0.46777,-1.763,2.626,-0.42,0.98999,0.07764,-0.27148,-0.908,2.015,0.397,1008.08,43.15,1.061698805735412,1.0294705241530715,3.190680961801101,2.2455061790162145,-0.037349999999999994,-0.8549999999999999,-0.10718,0.6109999999999998,0.73925,-0.817,-0.027826924622871337,-1.1135667002039855,0.075489085959319,-1.2929547062889475,-0.10331601058219034,0.17938800608496197,1.0632769997829443,0.0022259377509645972,1.0276445462510468,0.00241377105782282,3.07629645307669,0.220464734553305,2.391000507281903,0.6065561484862901,-0.023054449240195035,0.009475925157257327,-1.1044449946967771,0.008574184794360114,-0.10296941607861387,0.009343395993653626,0.1860957180317672,0.007069086044726213
2026-06-14,15:05:40,benar,0.779,0.95264,-0.03369,0.46118,2.573,1.786,0.992,0.9834,0.07935,-0.28857,1.389,2.817,-0.427,1008.07,43.202,1.0589357761923053,1.0279322095352397,3.2854511105782715,3.1697222275776786,-0.03076000000000001,1.184,-0.11304,-1.0310000000000001,0.7497499999999999,1.419,-0.03182033015839888,-1.1188989435200627,0.07727067747750649,-1.2753692022364818,-0.10909100763590537,0.15647025871641906,1.0621525337316624,0.003465967558178894,1.0274368853630493,0.0023212805117091046,3.2307309020453805,0.0490587184255421,2.824100178427244,0.5042328562388717,-0.02392946849557163,0.01040241073903368,-1.1118944430108064,0.007973255161196246,-0.10195485455304369,0.007905115075150345,0.17375985756618792,0.015274090937885069
2026-06-14,15:05:41,benar,0.7931,0.9563,-0.04102,0.4541,-0.962,2.87,-0.099,0.98511,0.07544,-0.29321,-0.053,2.55,-0.687,1008.06,43.319,1.0594334053634518,1.030584790204086,3.028554935938921,2.6414537663945588,-0.028810000000000002,-0.9089999999999999,-0.11646,0.3200000000000003,0.74731,0.5880000000000001,-0.03872848999927906,-1.12589305731483,0.073266689639971,-1.272623192625286,-0.11199517963925007,0.14673013531045598,1.0600226624303897,0.001472752858500872,1.029329174630799,0.0013319274817982518,3.168229002772764,0.12991142745825146,2.685560724329484,0.46368404534590846,-0.03279191492684976,0.005515343564614742,-1.1194529003462927,0.00618182182127663,-0.10813406595244861,0.00441800825252835,0.160862800037279,0.016766184578570036
2026-06-14,15:05:42,benar,0.7825,0.95044,-0.0354,0.46924,1.435,3.504,0.756,0.97266,0.07715,-0.26807,0.618,0.298,-1.42,1008.04,43.478,1.0605543508939086,1.0118701117238318,3.861188547584798,1.577063093221067,-0.022220000000000018,0.8170000000000001,-0.11255,3.206,0.7373099999999999,2.176,-0.03338497142955068,-1.111067463633661,0.07631903001142853,-1.2915006968967584,-0.10970400144097922,0.18043323326309735,1.059641177483222,0.0008290494294569169,1.0234623704877193,0.010126420566413327,3.39173153136733,0.4263699434680389,2.4627463623977683,0.8112293336318909,-0.03464459719574287,0.0036222452843407606,-1.118619821489518,0.007416737074396672,-0.11026339623871155,0.0015307663639661945,0.16121120909665745,0.017344513852577327
2026-06-14,15:05:43,benar,0.7125,0.9187,-0.0293,0.50537,-0.16,9.282,0.832,1.00098,0.09082,-0.27075,-2.145,9.443,-0.168,1008.06,43.281,1.0489361357585123,1.0409201675921165,9.320587320550137,9.685014093949476,-0.08228000000000002,1.985,-0.12012,-0.1609999999999996,0.7761199999999999,1.0,-0.027936697537575064,-1.0671731975344045,0.08736080572718206,-1.292882751666701,-0.11529750326475713,0.22570955413229643,1.0563079640052908,0.006408745469712801,1.0277916898400115,0.014725063453868741,5.403443601357952,3.41779620083113,4.634510317855034,4.406123372142778,-0.0333500529888016,0.005395980968021575,-1.1013779061609652,0.030535571489178275,-0.11233222811499548,0.002811941841397757,0.18429097423528326,0.03963078063090964
2026-06-14,15:05:43,benar,0.7631,0.95093,-0.03711,0.48584,1.527,3.733,1.527,0.9917,0.08936,-0.26318,-0.038,1.29,0.031,1008.06,43.281,1.0684968519373372,1.0299115554259988,4.3126264619139,1.2909318339865974,-0.04076999999999997,1.565,-0.12647,2.443,0.74902,1.496,-0.03473801965255501,-1.0972790836099815,0.08687396481125703,-1.297543679380718,-0.12161198446381205,0.20026459577073652,1.0593291128632527,0.009837749261439826,1.0275672782473155,0.01466622525074152,5.831467443349612,3.030085342978034,4.1843363403857134,4.765874482798644,-0.032019896206560254,0.0036002872664893837,-1.0918399149260158,0.022446938902165748,-0.11553782972318279,0.0059576280953902525,0.2021357943887101,0.022696086580368823
2026-06-14,15:05:44,salah,0.6637,0.87646,-0.05176,0.53418,-2.153,69.099,3.603,1.02881,0.16016,0.08081,-15.221,75.16,-25.756,1008.05,43.425,1.0277205367219242,1.0443330396956712,69.22635927881808,80.89546326587171,-0.15234999999999999,13.068,-0.21192,-6.060999999999993,0.45337,29.359,-0.05038520184722831,-1.02136072191312,0.15396865723821673,-1.3981635342453553,-0.20435385908544504,0.37680281233223534,1.048384508139258,0.02039375371061996,1.0383882542379288,0.0075367593208180254,27.61985768709404,36.11918671588564,30.623803064602594,43.73837009755456,-0.03768663967911946,0.011511064524227238,-1.0619376676858352,0.03822901372361457,-0.1470877822713381,0.049694273648607686,0.26759232074508943,0.09543091784654976
2026-06-14,15:05:45,salah,0.8396,-0.3877,-0.04321,1.03516,7.214,19.412,-0.275,0.55688,0.19043,0.96875,-6.679,26.939,-6.282,1008.02,43.598,1.1062253928110672,1.1335146588377232,20.710943121934356,28.456673839364996,-0.94458,13.893,-0.23364,-7.527000000000001,0.06641000000000008,6.007,-0.039070695432197794,0.35807403054997017,0.16880006679808346,-0.5135657242650888,-0.20787076223028125,0.871639754815059,1.0674809271567762,0.03926228705467988,1.0692530846531312,0.0561173523934129,31.416642954222112,33.75510603938892,36.8810229797411,40.46538767825798,-0.04139797231066037,0.008079030938800469,-0.5868552583243771,0.8192126830928087,-0.1779455352598461,0.048817966578909786,0.4829023876393436,0.348035904693336
2026-06-14,15:05:45,salah,0.9138,-0.36572,-0.01587,1.11938,-0.427,-50.863,-2.305,0.54541,0.20288,0.96484,10.557,-29.305,0.137,1008.02,43.598,1.177715822981079,1.1267424675142055,50.91699247795376,31.148869048490347,-0.91113,-10.984,-0.21875,-21.558,0.15454,-2.442,-0.013475644973533915,0.31575403402621105,0.1810463210492225,-0.5052876321846663,-0.1945219660227564,0.8210416662108774,1.1038872508380235,0.075024973548186,1.1015300553492,0.04964966861503797,46.9514316262354,24.499605218664534,46.83366871790901,29.529076596326632,-0.03431051408432001,0.01890960977920044,-0.11584421911231292,0.7844857220879777,-0.20224886244616092,0.006918876222773145,0.6898280777860571,0.2722657787014848
2026-06-14,15:05:46,salah,0.7677,0.91895,-0.0564,0.52026,-1.16,-41.802,2.519,1.04883,0.10376,-0.00586,5.702,-57.565,29.725,1008.02,43.622,1.057506751798777,1.0539662452374838,41.89389173853391,65.03704831863143,-0.12987999999999988,-6.862,-0.16016,15.762999999999998,0.5261199999999999,-27.206000000000003,-0.053358308652480715,-1.0531330950234907,0.09860689554732997,-1.4720317849598994,-0.1519652041998107,0.41889868993640866,1.1138159891969746,0.06046294785857074,1.1047411238631375,0.04410251544320321,37.84060911280734,15.505585427760629,41.54753040216226,20.3870073262876,-0.035301549686070806,0.020206720670946487,-0.1264350101491032,0.8028229885278797,-0.1847859774842828,0.02919674569691877,0.7038600369874484,0.24807714249292787
2026-06-14,15:05:47,salah,0.7403,0.95996,-0.03076,0.4646,1.649,1.603,0.725,0.95215,0.11401,-0.32837,-7.794,-3.344,3.099,1008.03,43.56,1.0669219930247948,1.0136146997256896,2.411313957161116,9.029538914030992,0.007809999999999984,9.443,-0.14477,4.947,0.79297,-2.374,-0.028834594347020834,-1.119189735091732,0.11271716704336128,-1.2207618297210294,-0.1415517613903821,0.1015720946292975,1.1007148559348836,0.06685075456846368,1.0647744708257931,0.05733311666461997,31.7407327245496,25.7975811010075,35.07181876038426,28.209084144263496,-0.03188951599101182,0.02011606634559026,-0.6188562653630039,0.8100698603932718,-0.16267964387098308,0.028063500455205084,0.4471708169255278,0.3605670547641759
2026-06-14,15:05:47,benar,0.6094,0.94678,-0.08423,0.46094,-5.595,4.489,-5.084,0.9541,0.11377,-0.35596,-1.206,0.779,6.725,1008.03,43.56,1.0563866455517128,1.0246745554077157,8.79216708212486,6.876547244075328,-0.007319999999999993,-4.388999999999999,-0.198,3.71,0.8169,-11.809,-0.07981879132456009,-1.1112274648334723,0.11125977531938891,-1.1974852661455095,-0.191078566643949,0.0862578013120372,1.0602717967917616,0.005786405788964808,1.0307518334569632,0.020850942128918238,17.699124259273294,21.194784775557526,26.98104482557925,32.975041996639284,-0.05400389810802055,0.025498228853588222,-1.0945167649828982,0.036059749602545384,-0.16153184407804727,0.02611257472131167,0.2022428619592478,0.18778562975452517
2026-06-14,15:05:48,benar,0.7038,0.94897,-0.05591,0.46509,0.107,4.603,3.939,0.95068,0.11206,-0.34155,1.374,3.511,-0.344,1008.03,43.512,1.058290459703762,1.016369179235577,6.059272151009559,3.785938853177637,-0.0017099999999999893,-1.2670000000000001,-0.16797,1.0919999999999996,0.80664,4.283,-0.052855093027201726,-1.1122590058479704,0.11047982438436714,-1.2093003440563732,-0.16333491741156886,0.09704133820840277,1.06053303276009,0.005614288648561896,1.018219478122994,0.005757413169679063,5.754251063431845,3.2013434755568193,6.564008337094652,2.635734399712504,-0.05383615956626089,0.0255062532337989,-1.1142254019243916,0.004330066057627193,-0.16532174848196665,0.02482310884907265,0.09495707804991249,0.007867019782482651
2026-06-14,15:05:49,benar,0.7371,0.95044,-0.04199,0.45776,1.466,2.137,-0.122,0.9541,0.11865,-0.34595,0.298,1.84,0.053,1008.04,43.473,1.0557668167261178,1.0217954956839455,2.594380272820467,1.8647286665893246,-0.0036599999999999966,1.168,-0.16064,0.29699999999999993,0.8037099999999999,-0.175,-0.03978253270691694,-1.1203127697123643,0.11638167379911833,-1.2047464356872049,-0.15616420650603527,0.08443366597484059,1.0568146406605308,0.0013151343389677921,1.0209464101090793,0.004217289185634176,5.815273168651629,3.1060894966083423,4.175738254614097,2.528544847027362,-0.05748547235289292,0.020415822553831686,-1.1145997467979356,0.004974433870475933,-0.1701925635205177,0.018439729352045027,0.08924426849842686,0.006813779382895394
2026-06-14,15:05:49,benar,0.7365,0.94604,-0.04468,0.47095,0.008,2.603,0.519,0.94995,0.11279,-0.35156,0.046,1.527,0.298,1008.05,43.367,1.057724863326943,1.0191766383704053,2.6542482928317015,1.5564861065875275,-0.003909999999999969,-0.038,-0.15747,1.0760000000000003,0.82251,0.22100000000000003,-0.042254181284659846,-1.1071109228958647,0.11089491622364626,-1.2001016556674131,-0.1531490975083061,0.09299073277154846,1.0572607132522742,0.0013242997917821647,1.0191137710966425,0.002713704436750961,3.7693002388872423,1.9833997488370487,2.402384542118163,1.2080646786027462,-0.04496393567292617,0.006944784731395028,-1.1132275661520665,0.006654004180836038,-0.15754940714197008,0.005232286056473943,0.09148857898493061,0.006436668337441465
2026-06-14,15:05:50,benar,0.7442,0.95288,-0.0437,0.46045,0.366,1.885,0.878,0.94629,0.10718,-0.34131,-1.023,0.389,1.985,1008.05,43.367,1.0591997861121385,1.011654502584751,2.1114130339656425,2.2667322294439636,0.006589999999999985,1.3889999999999998,-0.15088000000000001,1.496,0.80176,-1.1070000000000002,-0.041269274813401535,-1.118904329964039,0.1061444637010195,-1.2093561379505866,-0.14741373851442102,0.0904518079865475,1.0575638220550665,0.0017221412310767061,1.0175422122130338,0.005264356267142512,2.4533471998726033,0.2976327860231184,1.8959823342069386,0.35615303250543034,-0.041101996268326106,0.0012442862438749997,-1.1154426741907562,0.007249792090888436,-0.15224234750958746,0.004445145575591256,0.08929206891097885,0.00439483720783611
2026-06-14,15:05:51,benar,0.7002,0.95337,-0.0686,0.4624,-2.924,1.71,-3.756,0.95947,0.10352,-0.33887,-5.626,1.481,2.641,1008.04,43.463,1.0618069866505873,1.0228059191264,5.057807034674217,6.389062372523844,-0.006099999999999994,2.7020000000000004,-0.17212,0.22899999999999987,0.8012699999999999,-6.397,-0.06465187543815859,-1.1149188137469186,0.10138537309541623,-1.2170349625220687,-0.16603724853357482,0.10211614877515007,1.0595772120298896,0.0020670680806164515,1.0178790200271854,0.005687827594507108,3.2744894538238536,1.5680668752303069,3.404093569518445,2.6093373593586477,-0.04939177717873999,0.01322480470005567,-1.1136446888689406,0.005999054777415139,-0.15553336151876732,0.009537940947189067,0.09518622984441534,0.0061342780386847255
2026-06-14,15:05:52,benar,0.7059,0.9231,-0.09521,0.46631,-7.092,13.221,-8.076,0.96655,0.0874,-0.32935,1.58,5.542,0.931,1008.06,43.281,1.038568038310442,1.0248556410538998,17.03857626094387,5.83754443237908,-0.04344999999999999,-8.672,-0.18261,7.679,0.79566,-9.007000000000001,-0.0918031978395043,-1.0947636340672906,0.08538401318641492,-1.2318587413656623,-0.17718721102591922,0.1370951072983717,1.053191603691056,0.012731294984907812,1.0197720209216836,0.007104288701752382,8.069265443194576,7.906118631218402,4.831113011448963,2.23787390304119,-0.0659081160303548,0.025290372662757087,-1.1095289259260828,0.01294146311804501,-0.16354606602463836,0.015042254121901341,0.10988768802002309,0.02427337964415043
2026-06-14,15:05:52,benar,0.6534,0.95264,-0.05273,0.5144,-7.534,4.176,-3.863,1.01807,0.13525,-0.22144,3.534,-35.405,-11.405,1008.04,43.428,1.0839330156887002,1.0506163719455357,9.44049262485809,37.36411655586146,-0.06542999999999999,-11.068,-0.18798,39.581,0.7358399999999999,7.542,-0.04866612526483939,-1.07349566883394,0.1290922047654764,-1.321238166435204,-0.17775833003031577,0.24774249760126388,1.06143601354991,0.022684763805548756,1.032759310708612,0.015498590807213802,10.51229197349206,6.061870437091313,16.530241120254797,18.04477257433178,-0.06837373284750076,0.021808047242006405,-1.0943927055493832,0.020714063449609615,-0.17366092986326995,0.006608474255972563,0.16231791789159522,0.07601908312241384
2026-06-14,15:05:53,benar,0.6139,0.91846,-0.02246,0.52222,9.099,-2.382,-4.221,0.97754,0.13794,-0.29517,-5.649,4.916,8.344,1008.04,43.428,1.0567814114565037,1.0304063393147385,10.309343626051078,11.21162758032927,-0.05907999999999991,14.748000000000001,-0.16040000000000001,-7.298,0.8173900000000001,-12.565,-0.021254812905600697,-1.0534014533883638,0.13427262426510173,-1.2490786591328653,-0.15552743717070242,0.19567720574450154,1.0597608218185488,0.022828774774647058,1.0352927841047246,0.013557721823079556,12.26280417061768,4.1586926803531,18.137762856189937,16.865933115571316,-0.053908045336648135,0.03556510858587363,-1.073886918763198,0.020683865813947936,-0.17015765940897912,0.012673361680521899,0.19350493688137904,0.05535567097615571
2026-06-14,15:05:54,benar,0.7094,0.92383,-0.05176,0.4978,14.405,2.191,5.145,0.94434,0.13794,-0.32813,-1.687,-1.626,-1.542,1008.05,43.372,1.0506882537175335,1.0091951129984726,15.452363282035535,2.8049258457221287,-0.020509999999999917,16.092,-0.1897,3.8169999999999997,0.82593,6.686999999999999,-0.0492828945084642,-1.0743101485370203,0.13711239335759373,-1.2103395156066283,-0.18639528786605794,0.136029367069608,1.0638008936209125,0.017699107237999865,1.0300726080862488,0.02071264603061535,11.734066510981568,3.249311261450844,17.126889993970952,18.02296209566082,-0.0397346108929681,0.016006945408646885,-1.0670690902531081,0.011843524281081623,-0.17322701835569201,0.015925000494729228,0.1931496901384578,0.05589943769529165
2026-06-14,15:05:54,benar,0.6574,0.93604,0.04053,0.50098,1.496,2.496,1.275,0.95264,0.13916,-0.30542,-0.977,4.534,-6.183,1008.05,43.372,1.062447421240223,1.0100345794080519,3.1770516206067536,7.7292414893054024,-0.01660000000000006,2.473,-0.09863000000000001,-2.038,0.8064,7.458,0.038157028596578775,-1.0780190969630816,0.1382171235200365,-1.232060895444102,-0.10006009492345774,0.1540417984810203,1.0566390288047536,0.005880876620139995,1.0165453439070877,0.012011310138007047,9.64625284289779,6.164461544719821,7.248598305118935,4.22391073728368,-0.010793559605828708,0.044648778299136584,-1.0685768996294887,0.013272516757184754,-0.14732760665340602,0.043747791949917764,0.16191612376504327,0.030593625376138148
2026-06-14,15:05:56,benar,0.7014,0.94653,0.00439,0.49146,8.458,0.779,2.878,0.96509,0.15137,-0.32324,-0.901,0.351,0.695,1008.04,43.463,1.066522969560431,1.0289779796477667,8.968137432042397,1.190809388609277,-0.01856000000000002,9.359,-0.14698,0.42800000000000005,0.8147,2.1830000000000003,0.0041161911349809795,-1.0918726530361156,0.1476429456726845,-1.2165587499674015,-0.1435267545377035,0.12468609693128596,1.059886214839396,0.008222188889040182,1.016069224018097,0.01118718708581829,9.199184111561562,6.140916545792654,3.9083255745456023,3.4060081921553236,-0.0023365582589681493,0.04407565676436132,-1.0814006328454058,0.009256699182903724,-0.14332737910907306,0.04316794178589195,0.13825242082730474,0.014803573196241362
2026-06-14,15:05:57,benar,0.73,0.94189,0.00659,0.49512,4.969,3.122,0.74,0.95605,0.15942,-0.31543,1.534,1.481,-1.489,1008.04,43.463,1.0641165418317677,1.0192852514384774,5.914849533166503,2.6006995212826878,-0.01415999999999995,3.4350000000000005,-0.15283,1.6409999999999998,0.81055,2.229,0.0061929702802092194,-1.0867905162651594,0.15704849928955936,-1.2167027928836267,-0.15085552900935015,0.12991227661846727,1.064362310877474,0.0020488595231147894,1.0194326034980987,0.00947255971913681,6.020012861938551,2.8969748381961518,3.840250133065789,3.4409501410558514,0.01615539667058966,0.01908224589663233,-1.0855607554214524,0.00700817292642745,-0.1314807928235038,0.02745674646072498,0.1362133906769245,0.015659416724531413
2026-06-14,15:05:59,benar,0.7283,0.94189,0.00659,0.49512,4.969,3.122,0.74,0.95605,0.15942,-0.31543,1.534,1.481,-1.489,1008.04,43.463,1.0641165418317677,1.0192852514384774,5.914849533166503,2.6006995212826878,-0.01415999999999995,3.4350000000000005,-0.15283,1.6409999999999998,0.81055,2.229,0.0061929702802092194,-1.0867905162651594,0.15704849928955936,-1.2167027928836267,-0.15085552900935015,0.12991227661846727,1.0649186844079888,0.0013893516969291115,1.0225161608415738,0.00559609924081502,6.932612166125135,1.7628165903294242,2.130736143724884,0.8140004476267909,0.00550071056513314,0.0011990289985449251,-1.0884845618554781,0.002934173032770027,-0.14841260418546795,0.004231269914035252,0.12817021672274018,0.003017336249227481
2026-06-14,15:06:00,benar,0.7126,0.93774,0.02222,0.48511,0.947,2.176,-3.427,0.96362,0.12842,-0.32202,2.748,2.0,-2.565,1008.03,43.525,1.0560216608100423,1.0240859735393313,4.168466624551527,4.258019375249484,-0.025880000000000014,-1.8010000000000002,-0.1062,0.17600000000000016,0.8071299999999999,-0.8620000000000001,0.02104278796578291,-1.0929625303780084,0.12573062832088314,-1.2254437524323094,-0.10468784035510023,0.13248122205430102,1.0614182481578593,0.004673581736951183,1.020885492138762,0.002771698197232594,5.3327218969615116,1.008274642397018,3.1531394726049533,0.956854063821041,0.011142909508733784,0.008573546238182834,-1.0888478543027758,0.0035634140094955137,-0.1354662994579335,0.02665492747239402,0.1307685917637452,0.0014831813389120704
2026-06-14,15:06:02,benar,0.75,0.93701,-0.01343,0.47925,2.466,1.924,0.382,0.94971,0.13159,-0.32837,0.107,1.45,-0.573,1008.03,43.525,1.0525439028848156,1.0134554105139506,3.1510087273760448,1.5627789351024668,-0.012700000000000045,2.359,-0.14502,0.474,0.80762,0.955,-0.012759909009227547,-1.0978578590056363,0.13021054708590962,-1.2142300668521264,-0.14297045609513717,0.11637220784649016,1.0575607018422086,0.005937842918362324,1.0189422118305864,0.005323577245479222,4.411441628364692,1.397848932931101,2.807165943878213,1.3594305959833026,0.004825283078921527,0.01694280103485017,-1.0925369685496014,0.00554593057891497,-0.13283794181986253,0.024695439924668737,0.12625523550641948,0.008654799070935661
2026-06-14,15:06:03,benar,0.755,0.93701,-0.01343,0.47925,2.466,1.924,0.382,0.94971,0.13159,-0.32837,0.107,1.45,-0.573,1008.01,43.705,1.0525439028848156,1.0134554105139506,3.1510087273760448,1.5627789351024668,-0.012700000000000045,2.359,-0.14502,0.474,0.80762,0.955,-0.012759909009227547,-1.0978578590056363,0.13021054708590962,-1.2142300668521264,-0.14297045609513717,0.11637220784649016,1.0537031555265577,0.002007884474306037,1.0169989315224108,0.006137558424340754,3.4901613597678725,0.5874295908233755,2.4611924151514724,1.5560977936496456,-0.0014923433508907287,0.019515996197857634,-1.096226082796427,0.0028263193009325682,-0.13020958418179152,0.022102478502793333,0.12174187924909378,0.009300543689259104
2026-06-14,15:06:06,benar,0.7304,0.93799,0.00757,0.49414,-2.847,3.573,0.618,0.9519,0.13281,-0.32861,-0.573,2.168,1.557,1008.04,43.508,1.060215489700089,1.0157443764057963,4.610169411203888,2.7299820512230477,-0.013909999999999978,-2.274,-0.12524000000000002,1.4049999999999998,0.8227500000000001,-0.939,0.0071401185779528895,-1.085885180841336,0.1311268489960204,-1.214357030849427,-0.1239867304180675,0.12847185000809103,1.0551010984899067,0.00442919271290972,1.014218399144566,0.0013215350738229458,3.6373956219853256,0.8424468135989236,1.9518466404759938,0.6738850332911874,-0.0061265664801674015,0.011489286284339604,-1.0938669662842029,0.006912428961079602,-0.13664254753611396,0.01096025912987818,0.12040542190035712,0.006985731659098403
2026-06-14,15:06:08,benar,0.7193,0.95117,-0.03638,0.4668,-1.565,2.733,0.42,0.94141,0.11157,-0.34351,-0.435,1.878,0.397,1008.05,43.372,1.0601651349200274,1.008315314323848,3.1772494393736226,1.9681763132402543,0.009759999999999991,-1.13,-0.14795,0.8550000000000002,0.81031,0.022999999999999965,-0.034322147007928676,-1.1133661759310414,0.11087695280301035,-1.2044614230923225,-0.14519909981093904,0.09109524716128115,1.0576415091683107,0.004414728334463544,1.012505033747865,0.0038046225637370897,3.646142525984518,0.8349748620831974,2.0869790998552564,0.5926013458903175,-0.013313979146401112,0.020736685177873183,-1.0990364052593378,0.013778352631363098,-0.13738542877471457,0.011656995815488156,0.11197976833862078,0.019071516817357713
2026-06-14,15:06:09,benar,0.7292,0.93628,-0.01074,0.4939,0.115,1.74,-0.496,0.9541,0.12866,-0.33545,-0.611,1.038,0.16,1008.06,43.266,1.0586183429357343,1.0195032653699545,1.8129646990495982,1.2150576118028313,-0.017819999999999947,0.726,-0.1394,0.702,0.82935,-0.656,-0.01014547339895109,-1.0852836880886318,0.12653611245654628,-1.2106574999653585,-0.13668158585549736,0.1253738118767267,1.059666322518617,0.0009079261013831841,1.014520985366533,0.00569342395915955,3.200127849875703,1.39874269137496,1.9710719920887112,0.7574663708740864,-0.012442500609642292,0.020826356315580902,-1.0948450149536697,0.016042615165401654,-0.13528913869483464,0.01067451805171252,0.11498030301536628,0.02074298387239459
2026-06-14,15:06:11,benar,0.7593,0.93311,-0.04053,0.50439,1.924,3.023,0.534,0.95801,0.11646,-0.32349,0.481,1.771,-1.305,1008.04,43.458,1.061483030999554,1.01783685912822,3.6229078100332615,2.2518496841485667,-0.024900000000000033,1.443,-0.15699,1.2520000000000002,0.82788,1.839,-0.03819171229720293,-1.0738921450361825,0.11467026197108264,-1.2262286154269888,-0.15286197426828557,0.15233647039080633,1.0600888362851053,0.0014338673359191544,1.0152184796073407,0.006036099372859955,2.871040649485494,0.9430251234738496,1.8116945363972174,0.535816535936235,-0.027553110901360898,0.015199104132923998,-1.090847336351952,0.0203166290331474,-0.14491421997824064,0.008093955132472713,0.12293517647627139,0.030693355349723485
2026-06-14,15:06:12,benar,0.7793,0.93311,-0.04053,0.50439,1.924,3.023,0.534,0.95801,0.11646,-0.32349,0.481,1.771,-1.305,1008.07,43.247,1.061483030999554,1.01783685912822,3.6229078100332615,2.2518496841485667,-0.024900000000000033,1.443,-0.15699,1.2520000000000002,0.82788,1.839,-0.03819171229720293,-1.0738921450361825,0.11467026197108264,-1.2262286154269888,-0.15286197426828557,0.15233647039080633,1.0605281349782807,0.001653928424790678,1.018392327875465,0.0009621000922447198,3.0195934397053734,1.0449711423443269,1.9062523266999882,0.5985921820624802,-0.028842965997785647,0.016192503577662255,-1.0776893260536655,0.006576910447816845,-0.14746851146402284,0.009341751605715987,0.1433489175527798,0.015566898151171836
2026-06-14,15:06:14,benar,0.7543,0.92627,-0.04468,0.50781,1.282,1.229,3.076,0.95923,0.12451,-0.29907,2.496,-1.42,0.038,1008.04,43.487,1.0572811411351288,1.0124563190083808,3.5518644399807826,2.871908772924377,-0.03295999999999999,-1.214,-0.16919,2.649,0.80688,3.0380000000000003,-0.04227192518504925,-1.06768517347123,0.12329025287332104,-1.2451011697818217,-0.16556217805837029,0.17741599631059168,1.0600824010447456,0.0024259622443310244,1.0160433457549403,0.003106456286574734,3.599226686682435,0.04101690882393686,2.458536047073837,0.357991281818188,-0.03955178325981837,0.0023557120091490524,-1.0718231545145318,0.0035835967038776026,-0.15709537553164712,0.007332466076968511,0.16069631236406812,0.01447967104093627
2026-06-14,15:06:15,benar,0.5442,0.95923,-0.0166,0.48047,-26.756,12.885,-9.336,0.95752,0.06396,-0.33179,-16.328,6.45,5.008,1008.06,43.333,1.0729628016851285,1.015391567869263,31.12985154156698,18.256126314199296,0.0017099999999999893,-10.428,-0.08056,6.435,0.81226,-14.344000000000001,-0.015471796647482933,-1.1061970104945937,0.06303220788266936,-1.2315497775404345,-0.0785040045301523,0.12535276704584075,1.0639089912732704,0.008117424581638642,1.0152282486686213,0.002693985498526972,12.768207930527007,15.901689497164787,7.793294923757412,9.066380140221641,-0.03197847804324504,0.014440046133182399,-1.0825914430006687,0.02067725166782859,-0.13230938561893604,0.04702752459633994,0.15170174458241292,0.026037417652435984
2026-06-14,15:06:17,benar,0.5234,0.95923,-0.0166,0.48047,-26.756,12.885,-9.336,0.95752,0.06396,-0.33179,-16.328,6.45,5.008,1008.04,43.444,1.0729628016851285,1.015391567869263,31.12985154156698,18.256126314199296,0.0017099999999999893,-10.428,-0.08056,6.435,0.81226,-14.344000000000001,-0.015471796647482933,-1.1061970104945937,0.06303220788266936,-1.2315497775404345,-0.0785040045301523,0.12535276704584075,1.0677355815017953,0.009053810939882565,1.0144131515823023,0.001694666719968993,21.937189174371582,15.922158276808817,13.12805380044099,8.882082138726837,-0.024405172826671706,0.015473061425480484,-1.0933597314868058,0.02223481947242604,-0.10752339570622498,0.050263059921673806,0.14270717680075773,0.03005871943088515
2026-06-14,15:06:18,benar,0.5959,0.96362,-0.00049,0.45557,-1.229,7.107,10.061,0.99219,0.09204,-0.28076,10.542,3.55,-7.916,1008.05,43.401,1.0658835627778487,1.0352480549607421,12.379160351170833,13.652813629431847,-0.028569999999999984,-11.771,-0.09253,3.5570000000000004,0.7363299999999999,17.977,-0.00045971251824387835,-1.1291693498600694,0.08902377070546234,-1.2813707762077766,-0.08948348322370622,0.15220142634770717,1.070603055382702,0.0040872004887756936,1.0220103968997563,0.011464148167425777,24.879621144768265,10.825716606266758,16.721688752610145,2.657723817714505,-0.010467768604403247,0.008667230813113477,-1.1138544569497524,0.013263086316572808,-0.08216383076133695,0.006339004979285116,0.1343023201464629,0.015501080675313122
2026-06-14,15:06:20,benar,0.6252,0.93066,-0.0188,0.50537,1.076,2.427,1.901,0.95117,0.1377,-0.31714,1.718,2.496,-1.008,1008.02,43.622,1.0591885160347991,1.0120590093961912,3.265257417111245,3.193368754152893,-0.020509999999999917,-0.6419999999999999,-0.1565,-0.06899999999999995,0.82251,2.909,-0.017750369241004184,-1.0730353075764858,0.1364825869886399,-1.2221514016907868,-0.15423295622964409,0.14911609411430105,1.066011626832592,0.006888035757442408,1.0208995440753987,0.01253739645876376,15.59142310328302,14.207317671595113,11.700769565928013,7.718777322062038,-0.011227292802243665,0.00939433670597729,-1.1028005559770497,0.028220730026721503,-0.10740681466116753,0.040922523000650954,0.142223429169283,0.014691638748285881
2026-06-14,15:06:21,benar,0.7303,0.93408,-0.05078,0.49951,-0.649,2.908,-0.328,0.95386,0.1311,-0.32715,-0.191,1.344,0.023,1008.04,43.449,1.060468903315887,1.0168889969411607,2.997540491803238,1.3576987883915932,-0.01978000000000002,-0.458,-0.18188,1.5639999999999998,0.82666,-0.35100000000000003,-0.04790279622302368,-1.077586961399296,0.12928246206504948,-1.216866170717469,-0.17718525828807316,0.13927920931817295,1.0618469940428448,0.003553908167313885,1.0213986870993648,0.012234620449403153,6.2139860866951055,5.340875243959502,6.0679603906587785,6.632489732076053,-0.022037625994090582,0.024010351428183002,-1.0932638729452837,0.031178227058146296,-0.14030056591380782,0.04548058885167176,0.14686557659339372,0.006748669874392228
2026-06-14,15:06:23,benar,0.7636,0.93408,-0.05078,0.49951,-0.649,2.908,-0.328,0.95386,0.1311,-0.32715,-0.191,1.344,0.023,1008.06,43.294,1.060468903315887,1.0168889969411607,2.997540491803238,1.3576987883915932,-0.01978000000000002,-0.458,-0.18188,1.5639999999999998,0.82666,-0.35100000000000003,-0.04790279622302368,-1.077586961399296,0.12928246206504948,-1.216866170717469,-0.17718525828807316,0.13927920931817295,1.0600421075555244,0.0007392319414031184,1.0152790010928376,0.0027885946092708054,3.086779466905907,0.1545664388931969,1.969588776978693,1.0598245488755977,-0.03785198722901718,0.017408511834789493,-1.0760697434583593,0.002627898559857537,-0.1695344909352635,0.01325151777195563,0.1425581709168823,0.005679328085031892
2026-06-14,15:06:26,benar,0.5759,0.92432,0.06226,0.48779,-18.634,-0.992,-5.626,0.95361,0.18115,-0.33789,-9.618,-3.687,7.809,1008.05,43.414,1.0469875138223952,1.0277922974511922,19.490046074855748,12.925957372666831,-0.029289999999999927,-9.016,-0.11889,2.695,0.82568,-13.435,0.05950095055172237,-1.0818700102223566,0.1771770923838721,-1.1885354271538526,-0.11767614183214974,0.106665416931496,1.0559751068180565,0.007783483853117627,1.0205234304445046,0.006295023484522018,8.495042352820741,9.521952537986772,5.213784983150005,6.6789372076865074,-0.012101547298108329,0.06200958211237403,-1.0790146443403164,0.002472819390946269,-0.15734888613609868,0.03435760440506418,0.12840794518928064,0.018829581813742505
2026-06-14,15:06:27,benar,0.6906,0.9292,-0.03027,0.51489,4.023,9.473,1.847,0.95972,0.11548,-0.26782,4.405,9.321,-1.298,1008.05,43.351,1.0627514408364733,1.0030581544456931,10.45627404958382,10.390855113993265,-0.03051999999999999,-0.38200000000000056,-0.14575,0.15200000000000102,0.78271,3.145,-0.028486523868851667,-1.064062383800267,0.11538377591097952,-1.2757682399225783,-0.14387029977983118,0.2117058561223113,1.0567359526582518,0.008519186533088093,1.0159131496126819,0.012395913280613664,10.981286872080936,8.258777993722457,8.224837091683897,6.080697100077521,-0.005629456513384325,0.05723395278488741,-1.0745064518073066,0.009294893447852538,-0.1462438999666847,0.029825479354512262,0.15255016079066008,0.05376301778256753
2026-06-14,15:06:29,benar,0.6624,0.94141,-0.01001,0.4834,-11.55,12.656,-3.45,0.96704,0.1228,-0.30688,-11.603,8.634,0.947,1008.05,43.376,1.0583140120965988,1.0219694398562023,17.477967158682958,14.493873671313684,-0.02563000000000004,0.05299999999999905,-0.13281,4.022,0.79028,-4.397,-0.00945858141792361,-1.0963318273795128,0.12045119836380695,-1.2414420449820676,-0.12990977978173057,0.14511021760255471,1.0560176555851557,0.008128978327381053,1.0176066305843625,0.012931358633606806,15.80809576104084,4.742743100215722,12.603562052657926,2.070421304276419,0.007185281754982366,0.046294843662297906,-1.0807547404673787,0.016163604709293976,-0.13048540713123716,0.01310656277523385,0.15449383021878735,0.05314520303516096
2026-06-14,15:06:30,benar,0.6741,0.94141,-0.01001,0.4834,-11.55,12.656,-3.45,0.96704,0.1228,-0.30688,-11.603,8.634,0.947,1008.04,43.435,1.0583140120965988,1.0219694398562023,17.477967158682958,14.493873671313684,-0.02563000000000004,0.05299999999999905,-0.13281,4.022,0.79028,-4.397,-0.00945858141792361,-1.0963318273795128,0.12045119836380695,-1.2414420449820676,-0.12990977978173057,0.14511021760255471,1.0597931550098902,0.0025619506774763176,1.0156656780526994,0.010918435722479303,15.137402788983245,4.053976406705328,13.126200818873544,2.368878868558975,-0.015801228901566294,0.010985787696168021,-1.0855753461864308,0.018630771937077132,-0.1345632864477641,0.008060109978930538,0.16730876377580692,0.03844900982623648
2026-06-14,15:06:32,benar,0.6782,0.92627,-0.01709,0.50635,-1.733,7.061,-0.802,0.95947,0.12891,-0.30298,-7.542,3.115,-2.031,1008.05,43.377,1.0557738884344507,1.014395065741154,7.314657476601348,8.408920858231452,-0.03320000000000001,5.808999999999999,-0.146,3.9459999999999997,0.80933,1.229,-0.016187885107634144,-1.0702853604356408,0.12742522336532608,-1.2402167103056727,-0.14361310847296022,0.1699313498700319,1.0574673042092162,0.0014665410801161548,1.0194446484845194,0.004373066934266005,14.090197264655755,5.867789580807348,12.46555606695294,3.5131491446391974,-0.011701682647827122,0.003885165296713119,-1.0876496717315556,0.015037934701483235,-0.13447755601214045,0.007911620508675356,0.15338392835838044,0.014330487396219253
2026-06-14,15:06:33,benar,0.6877,0.9231,-0.02441,0.52832,3.282,6.802,0.038,0.97729,0.13013,-0.22485,28.58,16.061,3.122,1008.03,43.54,1.0638756884617677,1.01123047991049,7.552494422374636,32.93203615022915,-0.05418999999999996,-25.298,-0.15454,-9.259,0.75317,-3.084,-0.02294642363480042,-1.0505093720163383,0.1290426461124506,-1.310977173741738,-0.15198906974725102,0.26046780172539963,1.059321196330939,0.004143742991799372,1.015864995169282,0.005518318092649299,10.78170635255298,5.800351126524847,18.611610226591427,12.76959716123245,-0.016197630053452722,0.006743926388967917,-1.0723755199438305,0.022982622325461232,-0.1418373193339806,0.011146247424356385,0.19183645639932875,0.06071835243737837
2026-06-14,15:06:35,benar,0.7283,0.9231,-0.02441,0.52832,3.282,6.802,0.038,0.97729,0.13013,-0.22485,28.58,16.061,3.122,1008.05,43.372,1.0638756884617677,1.01123047991049,7.552494422374636,32.93203615022915,-0.05418999999999996,-25.298,-0.15454,-9.259,0.75317,-3.084,-0.02294642363480042,-1.0505093720163383,0.1290426461124506,-1.310977173741738,-0.15198906974725102,0.26046780172539963,1.061175088452662,0.0046775764266919085,1.0122853418540447,0.001827074481207492,7.473215440450207,0.1373152246654464,24.75766438622992,14.1584272152031,-0.02069357745907833,0.003902044037987907,-1.057101368156106,0.01141767223737524,-0.14919708265582074,0.0048358634964336756,0.23028898444027704,0.05227124485017016
2026-06-14,15:06:36,benar,0.696,0.91626,-0.0022,0.52075,3.069,1.504,1.603,0.96411,0.1355,-0.30835,1.313,1.679,-0.809,1008.05,43.376,1.0539059683387317,1.0212482874404245,3.774968344238134,2.2798006491796605,-0.04785000000000006,1.756,-0.13770000000000002,-0.17500000000000004,0.8291000000000001,2.412,-0.0020874742735816428,-1.0539754806250325,0.13307316696386146,-1.2347037559117575,-0.1351606412374431,0.18072827528672497,1.0605524484207558,0.005756020596780087,1.014569749087135,0.005783783874097529,6.293319062995802,2.1809556980829408,22.71462431654599,17.697076417794726,-0.01599344051439416,0.012042920028712434,-1.0516647415525697,0.002001158738270093,-0.14637959357731503,0.009715897730175975,0.23388795957917474,0.04603763705442209
2026-06-14,15:06:38,benar,0.637,0.94849,-0.00269,0.46533,5.618,2.481,4.634,0.95044,0.1377,-0.32251,4.115,5.137,-0.519,1008.06,43.299,1.0564906649374617,1.0130696835361326,7.693584405204118,6.6023749514852605,-0.0019499999999998963,1.5030000000000001,-0.14039,-2.6559999999999997,0.7878400000000001,5.1530000000000005,-0.002546168170968058,-1.114689663453818,0.13634557663606597,-1.2173295095162964,-0.13889174480703403,0.10263984606247845,1.0580907739126537,0.005173885520794221,1.015182816962349,0.005332740063461545,6.340349057272296,2.222804590583584,13.938070583631358,16.590636157440294,-0.009193355359783374,0.011912714436929778,-1.0730581720317296,0.03609555770094672,-0.1420138185972427,0.008837958479822139,0.18127864102486768,0.07891541721373932
2026-06-14,15:06:40,benar,0.7361,0.92798,-0.00781,0.50903,-13.504,3.053,-1.947,0.95044,0.1377,-0.32251,4.115,5.137,-0.519,1008.05,43.406,1.0584514242042475,1.0130696835361326,13.981045525996974,6.6023749514852605,-0.022459999999999924,-17.619,-0.14551,-2.0839999999999996,0.83154,-1.428,-0.007378771179631993,-1.0690285381112872,0.13634557663606597,-1.2173295095162964,-0.14372434781569796,0.1483009714050092,1.0562826858268137,0.002279853885490766,1.0157958848375632,0.0047219191657382675,8.48319942514641,5.148652422701834,5.161516850716727,2.495639437028297,-0.004004137874727231,0.002931503450416563,-1.0792312273967124,0.03161683334290446,-0.13925891128672505,0.004293643674953471,0.14388969758473755,0.039230666540547084
2026-06-14,15:06:41,benar,0.7166,0.92798,-0.02222,0.52148,-2.405,1.015,0.092,0.97461,0.1311,-0.28711,-0.885,1.771,0.817,1008.05,43.367,1.0646980788937304,1.0244432703668855,2.6120325419106094,2.1417644595052927,-0.04662999999999995,-1.5199999999999998,-0.15331999999999998,-0.756,0.80859,-0.725,-0.02087128145726346,-1.0584359863221908,0.12832384208108452,-1.257606861800487,-0.149195123538348,0.19917087547829615,1.0598800560118133,0.004286158255778705,1.0168608791463836,0.006566543418386803,8.0955541577039,5.695155732684106,5.115504787491938,2.5753346682947034,-0.010265406935954504,0.009497470385905387,-1.0807180626290986,0.029893189613969254,-0.14393707205369333,0.005154982252277515,0.15003723098192792,0.04828893100916811
2026-06-14,15:06:42,benar,0.7116,0.93555,-0.03491,0.48511,2.023,2.824,1.092,0.96924,0.11938,-0.31079,-0.641,1.382,-0.183,1008.04,43.492,1.0544212738274963,1.0248259296583007,3.6414240346326054,1.534370880849868,-0.03369,2.664,-0.15428999999999998,1.442,0.7959,1.2750000000000001,-0.03311426065472468,-1.0913792729036171,0.1167531438546554,-1.2399280048308943,-0.14986740450938008,0.14854873192727713,1.059190258975158,0.005178087311582657,1.0207796278537729,0.006679748353730196,6.744834034180063,6.287843770089191,3.4261700972801403,2.7673886060246553,-0.02045477109720671,0.01287279943488119,-1.0729479324456983,0.01681773681735917,-0.14759562528780867,0.003369433539269906,0.16534019293686084,0.029298492405474233
2026-06-14,15:06:43,benar,0.7385,0.93848,-0.01831,0.50171,2.389,1.756,0.069,0.96436,0.12964,-0.32056,-0.153,2.374,0.351,1008.06,43.26,1.0643274358015957,1.0244781368091755,2.9657407169204792,2.4046800202937604,-0.025880000000000014,2.542,-0.14795,-0.6180000000000001,0.8222700000000001,-0.282,-0.017204201117245074,-1.0795777757308582,0.1268826535943283,-1.2265150579154382,-0.14408685471157337,0.14693728218458002,1.0611489295076073,0.0058292673028465655,1.0245824456114538,0.00021158279230868013,3.073065764487898,0.5230207555141729,2.0269384535496404,0.44637233144840843,-0.023729914409744406,0.008331346553186576,-1.0764643449855553,0.016690869388705943,-0.14771646091976715,0.003161253129048991,0.16488562986338443,0.029702823817348185
2026-06-14,15:06:45,benar,0.7744,0.92261,-0.04004,0.5061,-0.321,2.55,-2.076,0.96558,0.12476,-0.28979,-1.55,2.145,0.344,1008.04,43.468,1.053066770770021,1.0158189002474802,3.3038336822546017,2.6686815096597796,-0.04296999999999995,1.229,-0.1648,0.4049999999999998,0.79589,-2.42,-0.03803144772207871,-1.067748504901063,0.123128045722126,-1.2549809564618082,-0.16115949344420472,0.18723245156074508,1.0572718267997043,0.006147754339907837,1.0217076555716522,0.005102775658153931,3.303666144602562,0.33784169001214925,2.2025774702678027,0.5935480024421196,-0.029449969831349485,0.010886405316418378,-1.0795685178451795,0.011815386721515705,-0.1517045842217194,0.00868332714432144,0.16090615522420074,0.02281347412534905
2026-06-14,15:06:45,benar,0.7422,0.93481,-0.01733,0.50244,-3.069,4.824,-2.076,0.95288,0.14111,-0.2981,2.634,4.29,-2.687,1008.04,43.478,1.0614216968764112,1.008343164056761,6.0827224990130855,5.706314484849218,-0.01806999999999992,-5.702999999999999,-0.15844000000000003,0.5339999999999998,0.80054,0.6109999999999998,-0.0163278837126442,-1.0773696324189737,0.14040327955230086,-1.2375815940617365,-0.15673116326494507,0.16021196164276286,1.0596053011493425,0.0058459485386305925,1.016213400371139,0.008074717282417047,4.1174322993960555,1.7103657181536247,3.5932253382675863,1.8347434432769307,-0.023854510850655996,0.01228540342604305,-1.0748986376836316,0.006289854793850688,-0.15399250380690774,0.008859680583636124,0.164793898462696,0.02053462387115605
2026-06-14,15:06:47,benar,0.7301,0.95313,-0.021,0.46143,2.0,4.664,1.405,0.94458,0.13989,-0.33447,2.71,4.267,-0.901,1008.05,43.38,1.0591578927619811,1.0117661633994288,5.265635859039248,5.1345097136922435,0.008550000000000058,-0.71,-0.16088999999999998,0.39699999999999935,0.7959,2.306,-0.019828371446708272,-1.1195267565763167,0.13870752878832696,-1.2043183166877818,-0.15853590023503522,0.08479156011146505,1.0578821201361377,0.004321098749791304,1.0119760759012235,0.0037422861117390248,4.884064013435645,1.4281994149958002,4.503168569400414,1.6142327135039571,-0.024729234293810395,0.01165225365165403,-1.0882149646321178,0.02754020260903276,-0.15880885231472833,0.002226747442457728,0.14407865777165765,0.053091870192891646
2026-06-14,15:06:48,benar,0.7062,0.97607,0.03516,0.47021,-14.779,0.656,1.153,0.94238,0.16382,-0.32422,0.947,0.344,-1.992,1008.04,43.502,1.0839955325553698,1.009968150586938,14.838415885801288,2.2323102382957436,0.03369,-15.725999999999999,-0.12866,0.31200000000000006,0.79443,3.145,0.03244124808210629,-1.120773768193936,0.16292294660868503,-1.202880330548564,-0.13048169852657873,0.08210656235462799,1.0681917073979206,0.013733239584036327,1.010025826014376,0.0017122283627406718,8.728924747951206,5.306723953335752,4.357711478945736,1.8627232750456688,-0.0012383356924153914,0.02921984130711273,-1.1058900523964088,0.02470727678763042,-0.14858292067551968,0.01570206837798082,0.10903669470295196,0.04433940981800763
2026-06-14,15:06:48,benar,0.6693,0.93066,0.02319,0.51758,17.748,-4.679,7.107,0.979,0.15137,-0.29443,2.534,2.84,-4.496,1008.05,43.396,1.0651548563941302,1.0334616111883401,19.682326945765332,5.890736116989116,-0.04833999999999994,15.214000000000002,-0.12818000000000002,-7.519,0.8120100000000001,11.603000000000002,0.02177320248786074,-1.062823039265495,0.14699773839420383,-1.2447052020053728,-0.12522453590634308,0.1818821627398779,1.0694360939038272,0.012960471966227072,1.0183986417249022,0.013075855586186808,13.262126230201957,7.3364679704394495,4.419185356325701,1.9312655642491883,0.011462026374419588,0.0276182647183627,-1.101041188011916,0.033103760053750424,-0.13808071155598567,0.017908671017848807,0.11626009506865698,0.0568462323054332
2026-06-14,15:06:49,benar,0.6856,0.93335,-0.02808,0.48462,-4.725,6.496,0.641,0.9624,0.1521,-0.33008,3.282,3.763,-3.473,1008.05,43.381,1.0520395683148045,1.0287375643962848,8.05819595194855,6.082221797994545,-0.02905000000000002,-8.007,-0.18018,2.7330000000000005,0.8147,4.114,-0.026694181442998705,-1.0912004356976743,0.1483951574396215,-1.2097155886568185,-0.1750893388826202,0.11851515295914417,1.0670633190881016,0.01606323706563467,1.024055775390521,0.012426786953121733,14.192979594505056,5.838882285587257,4.735089384426469,2.1695838961048857,0.009173423042322775,0.03151690955402854,-1.0915990810523686,0.02897742111409381,-0.143598524438514,0.02739822960464319,0.12750129268455002,0.05049114415848247
2026-06-14,15:06:50,benar,0.6811,0.85571,0.00415,0.55151,-0.481,2.71,1.817,0.94873,0.14941,-0.29395,1.931,1.061,-3.046,1008.05,43.381,1.0180472025893494,1.0043996034945455,3.2980221345527685,3.7593347815803795,-0.09301999999999999,-2.412,-0.14526,1.649,0.8454599999999999,4.8629999999999995,0.004076443095255424,-0.9982803185583827,0.14930968608066533,-1.2362953257822826,-0.1452332429854099,0.2380150072238999,1.0450805424327614,0.024312626198499793,1.02219959302639,0.015595155498542306,10.346181677422218,8.428375884276829,5.244097565521346,1.2894018322228435,-0.0002815119532941802,0.024525816101186468,-1.0507679311738507,0.047618602096458476,-0.14851570592479105,0.02509393484842586,0.17947077430764066,0.0597864105625418
2026-06-14,15:06:50,benar,0.6873,0.92017,-0.0022,0.50024,-6.908,2.656,5.649,0.95679,0.14453,-0.32935,-1.672,3.58,1.733,1008.02,43.603,1.0473574969894472,1.022158230167913,9.310531724880164,4.314542038270111,-0.036619999999999986,-5.236000000000001,-0.14673,-0.9239999999999999,0.82959,3.916,-0.002100525963707847,-1.0728461066333155,0.14187234498323908,-1.2112280305974739,-0.14397287094694694,0.13838192396415838,1.039148089297867,0.018423246534967807,1.0184317993529144,0.01258963066090009,6.888916603793827,3.172219812522546,4.718699539281679,1.2130368860732603,-0.008239421437150375,0.016277971674749335,-1.0541089536297907,0.04921227203963497,-0.15476515093832569,0.017612540876179385,0.16497069471573414,0.06403339628572229
2026-06-14,15:06:51,benar,0.6747,0.95996,-0.01123,0.47388,0.534,4.557,1.092,0.9541,0.14868,-0.33374,-1.733,3.534,0.496,1008.04,43.429,1.0706127072382432,1.0216628308791507,4.716340636552878,3.9671729228759363,0.005860000000000087,2.2670000000000003,-0.15991,1.0230000000000006,0.80762,0.5960000000000001,-0.01048951301950194,-1.1121337394812467,0.1460460903441882,-1.2050853361674465,-0.15653560336369013,0.09295159668619979,1.04533913560568,0.026340812568233892,1.016073554847203,0.010112972374726852,5.77496483199527,3.1429415813576247,4.013683247575476,0.28051057412863567,-0.0028378652959847876,0.007310917955527289,-1.0610867215576483,0.057830465301414245,-0.14858057243201564,0.006918021556901797,0.15644950929141935,0.0742002459488897
2026-06-14,15:06:52,benar,0.7186,0.94116,0.00854,0.48389,-3.893,3.366,0.458,0.95264,0.1499,-0.29102,4.473,2.069,-1.397,1008.02,43.613,1.0583027021131526,1.0073160477228584,5.166736784470445,5.122509053188681,-0.011480000000000046,-8.366,-0.14136,1.2970000000000002,0.77491,1.855,0.00806961246637757,-1.0958358101921568,0.14936606850252604,-1.2398062711474223,-0.14129645603614846,0.14397046095526544,1.0587576354469477,0.011634277982864882,1.0170457029233073,0.008429768552786229,6.397869715301162,2.53247194634972,4.468074671444909,0.5927728026729107,-0.0015068088389440723,0.009293796840814519,-1.0936052187689063,0.019738570801138836,-0.14726831011559519,0.008136512908078363,0.12510132720187453,0.027982348285984227
2026-06-14,15:06:53,benar,0.7575,0.97437,-0.02173,0.42993,2.87,-0.649,2.267,0.9563,0.13086,-0.32544,-0.496,-4.366,-0.168,1008.02,43.613,1.0652271563849656,1.0185996383270515,3.7144838133985725,4.397294168008322,0.01806999999999992,3.366,-0.15259,3.7169999999999996,0.75537,2.435,-0.02040081989694947,-1.1547805765705672,0.12882653971184208,-1.2192401130578654,-0.14922735960879155,0.06445953648729819,1.064714188578787,0.006171013573358137,1.0158595056430202,0.007555712546013818,4.532520411473965,0.7433721002013843,4.49565871469098,0.5839153033913139,-0.007606906816691281,0.014452454588375525,-1.1209167087479903,0.03043808112721241,-0.14901980633621004,0.007621693485594233,0.10046053137625448,0.04028380384934283
2026-06-14,15:06:53,benar,0.723,0.8855,-0.01636,0.55688,-0.267,6.802,1.206,0.96509,0.15381,-0.27905,0.534,5.779,-0.168,1008.03,43.515,1.0461803066393478,1.0163292412894553,6.9132430161249205,5.806050378699792,-0.07959000000000005,-0.801,-0.17017,1.0229999999999997,0.8359300000000001,1.3739999999999999,-0.01563847717121777,-1.0092118858273917,0.15192248512965953,-1.2519063622292428,-0.1675609623008773,0.24269447640185104,1.056570055045822,0.009640911300441635,1.0140816424464552,0.005968134520103534,5.2648212046646465,1.601633704805893,5.108617866632265,0.7044808294683441,-0.009323228200596556,0.015249693666083728,-1.0866094241967053,0.07322161962203078,-0.1526949259819391,0.013471231745710303,0.1503748246148049,0.08928989504416941
2026-06-14,15:06:54,benar,0.7503,0.92554,-0.02466,0.51147,-0.496,1.71,-0.153,0.96411,0.13281,-0.3252,-1.519,-0.191,1.939,1008.05,43.41,1.057749482675364,1.0261099493718986,1.7870436480399687,2.4705390100138067,-0.03856999999999999,1.023,-0.15747,1.901,0.83667,-2.092,-0.023315761264793195,-1.065453787083957,0.12979470191754763,-1.2213945500036851,-0.15311046318234084,0.15594076291972803,1.056385648566559,0.009596387545075991,1.0203462763294684,0.0051189472435363694,4.138256825854487,2.5892407506647794,4.224627852240641,1.6744459576555326,-0.019785019444320148,0.0038755103420659866,-1.0764820831606388,0.07340829937368647,-0.15663292836400322,0.009661059343303474,0.15436492526962575,0.08912791874497394
2026-06-14,15:06:55,benar,0.7396,0.93237,-0.03516,0.49951,-0.206,0.84,1.038,0.95557,0.13965,-0.31738,1.084,0.565,-2.137,1008.05,43.41,1.058329004894036,1.0165363799687643,1.3511032529011244,2.4619199824527196,-0.0232,-1.29,-0.17481,0.275,0.81689,3.175,-0.033228297419273814,-1.0779360487080103,0.1378140908153196,-1.2227047113639462,-0.1710423882345934,0.1447686626559359,1.0540862647362492,0.006852889286494747,1.0196585235433728,0.005588058520080471,3.3504633056886717,3.093147338205958,3.5795031237221067,1.9282513012819482,-0.024060845285094928,0.00881854901543969,-1.0508672405397863,0.036610492293526906,-0.16390460457260383,0.009508690651069131,0.18113463399250498,0.05360424054283109
2026-06-14,15:06:55,benar,0.6892,0.91333,-0.06787,0.53638,3.076,6.702,-1.122,0.96997,0.13721,-0.31128,4.412,10.664,1.038,1008.05,43.425,1.0613583420315684,1.0278928073490932,7.459052486743876,11.58723797977758,-0.056640000000000024,-1.3359999999999999,-0.20507999999999998,-3.9619999999999997,0.84766,-2.16,-0.06399001875153564,-1.0363079155764563,0.13388632080619267,-1.2334882808044556,-0.19787633955772832,0.1971803652279993,1.0591456098669896,0.0019380658463028473,1.023513045563252,0.006107376094092517,3.53239979589499,3.4075595406304426,5.5065656574147015,5.266018466628416,-0.040178025811867545,0.02120902753717326,-1.059899250456141,0.021362701722088054,-0.17400973032488753,0.022529974727565547,0.16596326360122107,0.027605878568857507
2026-06-14,15:06:56,benar,0.6387,0.88989,-0.04199,0.521,27.947,-1.084,-4.649,1.0083,0.15234,-0.23218,14.0,10.046,-5.573,1008.05,43.425,1.0320408771943097,1.0458412489474682,28.351773595314985,18.11023039610485,-0.11841000000000002,13.947,-0.19433,-11.129999999999999,0.75318,0.9240000000000004,-0.04069760649353329,-1.0397198134073982,0.14618272566075674,-1.3020489588647943,-0.18688033215429004,0.26232914545739616,1.050576074706638,0.016123255905336788,1.0300901454217752,0.014775488398662,12.387309778319995,14.1589137889849,10.71979611944505,7.860136527840741,-0.04597197422144758,0.01604478391963821,-1.0513212592306216,0.023112129410690116,-0.18526635331553723,0.013489586045244311,0.20142605778044378,0.05889512889930304
2026-06-14,15:06:57,benar,0.6876,0.87305,0.05151,0.62036,1.305,13.435,3.405,0.9646,0.14844,-0.15942,7.023,2.718,-4.168,1008.02,43.642,1.072248157937331,0.9888894427588961,13.921073054904927,8.607106191978811,-0.09155000000000002,-5.718,-0.09692999999999999,10.717,0.77978,7.573,0.04805774892433868,-0.9513909811279304,0.1506772880110565,-1.348699232625502,-0.10261953908671784,0.39730825149757165,1.0552157923877363,0.02079554142796578,1.0208744996851526,0.02911734086218148,16.577299712321263,10.696639840240021,12.768191522620413,4.8603838184372155,-0.018876625440243416,0.059125222797742606,-1.0091395700372616,0.05004083235185437,-0.16245873693291205,0.05211310050132402,0.2856059207276557,0.10207423237976539
2026-06-14,15:06:58,benar,0.6441,0.87451,-0.03076,0.61499,-6.977,-3.221,-4.55,0.98853,0.12061,-0.22363,-22.55,-8.267,14.076,1008.04,43.434,1.0695450517860385,1.0206609181799802,8.93061420060233,27.838454788295994,-0.11402000000000001,15.573,-0.15137,5.045999999999999,0.83862,-18.626,-0.02876385798413601,-0.957311526393402,0.11844528581567343,-1.3192130465981928,-0.14720914379980943,0.3619015202047908,1.0579446956392264,0.022474041764593552,1.0184638699621147,0.028539399480172818,17.067820283607414,10.085726133983561,18.185263792126552,9.615893859447318,-0.007134571851110206,0.04816895050555306,-0.9828074403095769,0.04937637970507088,-0.14556967168027243,0.04215431429542069,0.34051297238658623,0.06998530024355082
2026-06-14,15:06:58,benar,0.6901,0.90723,-0.03467,0.54102,18.267,-0.74,6.87,0.98413,0.10962,-0.27075,14.794,0.412,-7.954,1008.01,43.684,1.0568684507543973,1.0265641547414364,19.530176368891293,16.80173491041922,-0.07689999999999997,3.472999999999999,-0.14429,-1.152,0.8117699999999999,14.824,-0.032810347597089465,-1.0321685083399552,0.10698737420056095,-1.2822688348706006,-0.13979772179765043,0.2501003265306454,1.066220553492589,0.008211154908754232,1.0120381718934375,0.02026350897261891,14.127287874799515,5.302789167392362,17.74909863023134,9.650612194129444,-0.004505485552295598,0.04556603706195176,-0.9802903386204292,0.045025232749493715,-0.12987546822805923,0.0238934415487156,0.3364366994110026,0.07683674978037436
2026-06-14,15:06:59,benar,0.6627,0.90967,-0.03564,0.54517,-5.748,2.145,-3.298,0.97681,0.11133,-0.27881,-5.527,-0.16,2.664,1008.05,43.392,1.061122069980641,1.0219036946307611,6.965438464303594,6.1376074328682835,-0.06713999999999998,-0.22100000000000009,-0.14697,2.305,0.82398,-5.962,-0.033593405742840886,-1.0299471390633292,0.10916039295995046,-1.2726166647065829,-0.14275379870279134,0.24266952564325361,1.0625118575070256,0.006451564574211651,1.0230429225173925,0.003112142446673551,11.808743011265738,6.75876310731659,16.9259323771945,10.85095676629294,-0.03172253710802212,0.0025920323365067263,-1.0064757245988956,0.04259192892154064,-0.1432535547667504,0.0037308995049611694,0.28489045745956326,0.0667969463322916
2026-06-14,15:07:00,benar,0.6993,0.90942,-0.03101,0.54028,-2.214,3.061,1.092,0.97681,0.10913,-0.28442,-2.244,1.534,0.496,1008.04,43.473,1.0582574520881012,1.023211546748765,3.93242685882395,2.7630975371853963,-0.06738999999999995,0.03000000000000025,-0.14014000000000001,1.527,0.8247,0.5960000000000001,-0.029307083510216138,-1.0340091944904222,0.10685763046371598,-1.2684855964754538,-0.13616471397393212,0.2344764019850316,1.0587493242743797,0.0021690488275263728,1.0238931320403208,0.002403828403411453,10.142680564006278,8.270042198489307,8.567479960157634,7.327963236701316,-0.03190361228338216,0.0022824912414544348,-1.0320416139645687,0.0020339985767134877,-0.13957207815812464,0.0033003326620304847,0.24241541805297687,0.007815061263504937
2026-06-14,15:07:00,benar,0.797,0.90796,-0.06201,0.5354,-6.298,2.092,0.748,0.96191,0.12036,-0.26514,-0.916,-3.137,1.221,1008.04,43.473,1.0558834034589235,1.005015719926808,6.67838094151569,3.4886481622542562,-0.05395000000000005,-5.382,-0.18237,5.229,0.80054,-0.4730000000000001,-0.05876188644858715,-1.0350846134059009,0.12004745478049578,-1.2768550083940213,-0.17880934122908293,0.24177039498812047,1.0584209751758886,0.0026231587030945873,1.0167103204354448,0.010148910290425105,5.858748754881078,1.6744066234846087,4.129784377435978,1.776266025635966,-0.04055412523388139,0.015913361238571847,-1.033013648986551,0.002709565240560644,-0.15257595130193546,0.022956416743327844,0.23963877420546856,0.004493292132780199
2026-06-14,15:07:01,benar,0.716,0.88721,-0.03857,0.60815,-13.618,8.611,-3.481,0.96655,0.11157,-0.2439,-0.107,-3.511,0.771,1008.01,43.69,1.0763250677653105,1.0030722692807335,16.483828620802875,3.5962495742092204,-0.07933999999999997,-13.511000000000001,-0.15014,12.122,0.85205,-4.252,-0.03584257281858114,-0.9689568691569109,0.11145891068958495,-1.3001174370142252,-0.1473014835081661,0.3311605678573143,1.0634886411041118,0.011179866447980257,1.0104331786521021,0.011108972432848625,9.031545473714171,6.598292130115913,3.282665091216291,0.4531637103353604,-0.04130384759246148,0.015468209193420993,-1.0126835590177448,0.03787224163025065,-0.15409184623706038,0.022118382127207122,0.2691357882768221,0.05383869932482356
2026-06-14,15:07:02,benar,0.6807,1.0603,-0.01123,0.44946,9.153,-2.588,-4.969,0.95483,0.09937,-0.30615,-0.252,-0.191,-1.244,1008.01,43.69,1.1516841991188385,1.0076222249930775,10.731547605075422,1.2835579457118405,0.10547000000000006,9.405000000000001,-0.1106,-2.3970000000000002,0.75561,-3.7250000000000005,-0.009751091458896558,-1.1697465545208816,0.09877886586361423,-1.2456598050328294,-0.10852995732251079,0.07591325051194775,1.0946308901143575,0.05045567818565458,1.005236738066873,0.002283015770806557,11.297919055797996,4.927198343171787,2.789485227391772,1.305280525115045,-0.03478518357535495,0.024522501103866584,-1.0579293456945644,0.10232563599678293,-0.1448802606865866,0.035202197240167286,0.21628140445246083,0.12951858836436095
2026-06-14,15:07:03,benar,0.7424,0.93604,-0.01733,0.50757,2.641,1.725,0.748,0.97534,0.10815,-0.30688,0.656,2.641,-0.718,1008.02,43.637,1.0649406159030652,1.0281828011107752,3.2419145577883453,2.8143811042572042,-0.0393,1.9849999999999999,-0.12548,-0.9159999999999999,0.8144499999999999,1.466,-0.016273926167058087,-1.0736766250828687,0.10538051013810988,-1.2488002729963315,-0.12165443630516797,0.1751236479134628,1.0976499609290713,0.04713995766451544,1.0129590984615289,0.01337895235100925,10.152430261222214,6.639925051273484,2.564729541392755,1.176384320390646,-0.020622530148178598,0.013578443111202215,-1.0707933495868869,0.10042589006491248,-0.12582862571194828,0.01971993163258931,0.1940658220942416,0.12867362870853835
2026-06-14,15:07:03,benar,0.7415,0.92358,-0.0105,0.51782,0.282,2.053,0.252,0.97119,0.11255,-0.29541,-0.389,0.298,-0.076,1008.03,43.531,1.058889899281318,1.0213444995201177,2.087543292964244,0.49588405902993093,-0.04761000000000004,0.671,-0.12304999999999999,1.755,0.8132299999999999,0.328,-0.00991620760452828,-1.0597133816901265,0.11042214160590129,-1.2561104438283333,-0.12033834921042957,0.19639706213820673,1.0918382381010738,0.05191634694885625,1.0190498418746567,0.010470597540509061,5.353668485276003,4.693008749687541,1.5312743696663251,1.1789315956426385,-0.011980408410160974,0.0037192118630134767,-1.1010455204312921,0.05990506744212411,-0.11684091427936945,0.007227518624279161,0.14914465352120576,0.06430605203417993
2026-06-14,15:07:04,benar,0.772,0.92896,-0.01221,0.50854,2.435,1.74,0.779,0.97632,0.10376,-0.30713,0.992,1.046,-0.244,1008.03,43.531,1.0591169422212072,1.0287350081046138,3.0925177444923415,1.4620930202965885,-0.04735999999999996,1.443,-0.11597,0.694,0.81567,1.0230000000000001,-0.0115287273585407,-1.0698074778307542,0.1010335373063801,-1.250204449646604,-0.1125622646649208,0.1803969718158498,1.0609824858018635,0.0034297204766084483,1.026087436245169,0.004116772974599234,2.807325198414977,0.627809163294441,1.5907860611945746,1.1645937322790199,-0.012572953710042356,0.0033049890824270313,-1.0677324948679165,0.007209175211720758,-0.11818501672683945,0.0049137080573220995,0.18397256062250644,0.011078274445061409
2026-06-14,15:07:05,benar,0.7309,0.93774,-0.00928,0.49219,-4.771,3.786,-0.977,0.96851,0.10669,-0.3186,-0.901,1.924,0.443,1008.01,43.714,1.059100288971729,1.0251343015429732,6.168530294973026,2.1702133535668793,-0.030769999999999964,-3.87,-0.11596999999999999,1.862,0.81079,-1.42,-0.0087622662724587,-1.0873794391640401,0.10426296878394206,-1.236873844836276,-0.11302523505640076,0.14949440567223582,1.0590357101580847,0.00012655015415695206,1.0250712697225683,0.0036956574573632794,3.7828637774765372,2.126275372943006,1.376063477631133,0.8404733537088308,-0.010069067078509226,0.0013895507364939214,-1.0723000995616403,0.014000448434155172,-0.11530861631058371,0.004362023060311664,0.17542947987543078,0.023842646204329267
2026-06-14,15:07:05,benar,0.72,0.90601,-0.05151,0.51172,2.153,1.855,0.336,0.99512,0.11182,-0.28955,-1.359,5.527,-3.565,1008.04,43.502,1.0418084078178673,1.0424043022263483,2.8617005433832516,6.715938877029779,-0.08911000000000002,3.512,-0.16333,-3.672,0.8012699999999999,3.901,-0.049463039033894,-1.0544954619470712,0.10747804104390872,-1.2684456940412219,-0.15694108007780272,0.21395023209415065,1.0533418796702678,0.009988283088712802,1.0320912039579786,0.00911105201694889,4.040916194282873,1.846178611666172,3.449415083631082,2.850963323374674,-0.023251344221631134,0.02274209830762341,-1.0705607929806218,0.0164549263805037,-0.12750952659970807,0.025489524132402012,0.18128053652741208,0.032236995903505684
2026-06-14,15:07:06,benar,0.7535,0.93164,-0.02173,0.53735,1.267,6.985,5.237,0.95142,0.12744,-0.26416,-6.527,2.542,2.221,1008.02,43.637,1.0757185063946795,0.9956010624743227,8.821659877823448,7.348219784410371,-0.01978000000000002,7.7940000000000005,-0.14917,4.4430000000000005,0.80151,3.016,-0.020201826010288068,-1.0472727536631654,0.1283552306676087,-1.2717698386262908,-0.14855705667789676,0.22449708496312537,1.0588757343947586,0.01695616451149281,1.021046555414548,0.02366786986885888,5.950630238726575,2.985948616927184,5.411457338335676,2.824746309504526,-0.026142377105546923,0.020990613052768,-1.0630492182580922,0.02137783000535302,-0.13950779060403343,0.023314529232704426,0.1959805742431706,0.04060211728055539
2026-06-14,15:07:06,benar,0.7179,0.90723,-0.00952,0.51563,5.977,-1.473,1.412,0.97437,0.12939,-0.3064,3.229,-3.542,-1.344,1008.02,43.637,1.0435665767932585,1.029572546739665,6.315694894467275,4.977804837476054,-0.06713999999999998,2.748,-0.13891,2.069,0.82203,2.7560000000000002,-0.009122687763016887,-1.0538959928988008,0.12600669856435542,-1.2418493473480845,-0.13512938632737231,0.18795335444928374,1.0536978303352684,0.019090715547659447,1.022525970480112,0.02418421986663351,5.999685105224658,2.992519917597555,6.347321166305401,1.2274469510562018,-0.026262517602399654,0.02084190423390958,-1.0518880695030124,0.004008203589030379,-0.1468758410276906,0.01100260699164134,0.2088002238355199,0.01880832259307149
2026-06-14,15:07:07,benar,0.773,0.9248,-0.021,0.51685,2.29,8.374,0.718,0.96289,0.12842,-0.29639,0.664,1.992,-1.366,1008.02,43.642,1.0596367125104718,1.0156258566027156,8.71111359126949,2.5049782434184933,-0.03809000000000007,1.626,-0.14942,6.382000000000001,0.81324,2.084,-0.019819410394941707,-1.060811557574125,0.1267835828885466,-1.247129279003647,-0.1466029932834883,0.18631772142952197,1.0596405985661366,0.016075965152977732,1.013599821938901,0.017076125091537407,7.94948945452007,1.4159868003308855,4.943667621768306,2.4218012239280813,-0.01638130805608222,0.00628905691219996,-1.0539934347120303,0.006769927918011871,-0.14342981209625247,0.007254473922749941,0.19958938694731035,0.02158619672798129
2026-06-14,15:07:08,benar,0.7874,0.91626,-0.02295,0.51855,-0.481,0.878,2.328,0.97266,0.12158,-0.29883,-1.137,-4.489,0.924,1008.02,43.642,1.0530684652955855,1.0247675545703034,2.534132790522233,4.722040448789062,-0.056400000000000006,0.656,-0.14453,5.367,0.81738,1.404,-0.021795180298916108,-1.0553765225248015,0.118921646361875,-1.250530708477764,-0.1407168266607911,0.1951541859529624,1.0520905848664386,0.008079573199909498,1.0233219859708946,0.0070848283589454875,5.853647092086333,3.1143039482304626,4.068274509894536,1.3598806080732084,-0.016912426152291566,0.006818059460606627,-1.0566946909992423,0.0036413506820828796,-0.14081640209055057,0.005737451576747044,0.18980842061058936,0.004701247617986245
2026-06-14,15:07:08,benar,0.6876,0.94385,-0.00415,0.49438,9.13,-2.244,2.771,0.96924,0.12915,-0.31421,3.87,1.885,-1.237,1008.03,43.546,1.0654959546614902,1.0270510329092708,9.801575230543303,4.478871956196114,-0.025390000000000024,5.260000000000001,-0.13329999999999997,-4.1290000000000004,0.8085899999999999,4.008,-0.0038949096622780763,-1.0882831981089929,0.12608215960182098,-1.2336776213935785,-0.12997706926409905,0.14539442328458563,1.0594003774891825,0.0062171145772483664,1.0224814813607634,0.006045929328771586,7.015607204111675,3.9191818452866616,3.90196354946789,1.2159188656879727,-0.015169833452045298,0.009814216551878039,-1.0681570927359731,0.017640294487657037,-0.13909896306945949,0.00843021051485332,0.17562211022235666,0.02654817450455729
2026-06-14,15:07:09,benar,0.6712,0.95264,-0.00757,0.47485,0.466,6.55,2.908,0.95337,0.12744,-0.30518,5.29,7.336,-3.595,1008.02,43.67,1.0644542249434683,1.0091036333796446,7.181651620623211,9.732677997344823,-0.0007300000000000084,-4.824,-0.13501,-0.7860000000000005,0.78003,6.503,-0.007111685618807749,-1.1083332131261499,0.12662843753775588,-1.2368895630092527,-0.13374012315656364,0.12855634988310283,1.061006214966848,0.006893997576448233,1.0203074069530729,0.009769696773422463,6.505786547229582,3.6805604332533224,6.311196800776666,2.9655830645590724,-0.010933925193333978,0.009542644221599549,-1.0839976445866482,0.02673718845739757,-0.13481133969381795,0.005449424362922717,0.1563683197068836,0.03462856832605798
2026-06-14,15:07:10,benar,0.703,0.93164,0.00513,0.49927,-3.542,2.626,-1.031,0.97656,0.12646,-0.31348,-3.908,1.977,2.649,1008.02,43.67,1.0570004443707675,1.0334076038040363,4.528200636014266,5.118417138139486,-0.04491999999999996,0.3660000000000001,-0.12133,0.6489999999999998,0.81275,-3.6799999999999997,0.004853375570715551,-1.0788174442663014,0.12267934333699619,-1.2375644680051967,-0.11782596776628064,0.15874702373889527,1.0623168746585752,0.004633532502874377,1.0231874233643172,0.012604219675740297,7.170475829060261,2.636705060732782,6.443322363893475,2.866557146199136,-0.0020510732367900915,0.006191968337308131,-1.0918112851671482,0.0150708560329014,-0.12718105339564778,0.008317353184697156,0.14423259896886123,0.015128832531697998
2026-06-14,15:07:10,benar,0.6933,0.92554,-0.01074,0.48242,6.359,-0.733,-0.153,0.97119,0.12476,-0.33276,2.046,-6.595,-0.168,1008.02,43.641,1.0437761712167988,1.0341684056767544,6.402935186303232,6.907124220686927,-0.04564999999999997,4.313000000000001,-0.1355,5.862,0.81518,0.015000000000000013,-0.010289743923390283,-1.0902070994664221,0.12093254318454054,-1.220008766817654,-0.13122228710793082,0.1298016673512319,1.055076946843678,0.01047236165023432,1.0255598809534785,0.014256604365376287,6.037595814313569,1.3639300475005656,7.252739785390411,2.3264647876386553,-0.004182684657160827,0.007985161362063292,-1.0924525856196245,0.014885456287771928,-0.12759612601025835,0.008554347939862114,0.13903501365774332,0.017082453277520872
2026-06-14,15:07:11,benar,0.5889,0.94971,0.03076,0.50146,2.641,-5.076,9.313,1.03687,0.10156,-0.34521,10.489,7.13,-5.924,1008.01,43.738,1.0744102537206168,1.0975353181560947,10.93035342521,13.998206920888117,-0.0871599999999999,-7.848000000000001,-0.0708,-12.206,0.84667,15.237000000000002,0.02863357225592767,-1.084213877816804,0.09266717593736133,-1.2367574533416474,-0.06403360368143365,0.15254357552484343,1.0583956231027276,0.015364623180646717,1.055037109212295,0.036806494365064384,7.287163082509166,3.291395496346992,8.674582759904844,4.696338883890567,0.007732401301084313,0.019620721889519833,-1.0844128071831758,0.005697432848574252,-0.10436061951854836,0.035560743773451135,0.14703075553832354,0.015239809784083305
2026-06-14,15:07:12,benar,0.7019,0.89307,-0.03442,0.59668,-8.282,13.137,-1.931,0.95044,0.15332,-0.34033,4.885,5.947,-3.344,1008.01,43.738,1.0746095959463604,1.021111024766651,15.649314809281588,8.391207898747355,-0.05736999999999992,-13.167,-0.18774000000000002,7.19,0.93701,1.4129999999999998,-0.03203571629170947,-0.9810191077929891,0.15072016883228417,-1.1965682187383753,-0.18275588512399366,0.2155491109453862,1.064265340294592,0.01774442085430063,1.0509382495331667,0.04087895427044678,10.99420114026494,4.6235204586003125,9.7655130134408,3.7399731785772974,-0.00456396265305736,0.03073725868690774,-1.0518133616920717,0.061382810829101034,-0.1260039253044527,0.059532919487167824,0.16596478460715383,0.044421308632867716
2026-06-14,15:07:13,benar,0.686,0.91479,0.00513,0.54443,-16.939,3.687,-5.061,0.99268,0.11108,-0.23047,9.191,13.527,-4.481,1008.02,43.637,1.0645520588021986,1.0251189051519827,18.05927493007402,16.95681488369794,-0.07789000000000001,-26.130000000000003,-0.10595,-9.84,0.7748999999999999,-0.5800000000000001,0.00481894690620408,-1.0339369917598142,0.1085713375275038,-1.3185569349919857,-0.10375239062129972,0.28461994323217144,1.0711906361563919,0.005750040547374183,1.047921749358243,0.04301331692557749,14.87964772152187,3.6262475129413834,13.115409901111137,4.350506141675231,0.0004722676234740943,0.03056731684020204,-1.0330566591232024,0.051603017152394494,-0.11684729314224235,0.06043469518212489,0.21757087656746701,0.06606139098492629
2026-06-14,15:07:14,benar,0.7188,0.93164,-0.03369,0.51221,-4.908,8.779,-2.031,0.9812,0.11865,-0.26318,0.947,2.122,0.183,1008.01,43.743,1.063695064292394,1.0227878445210423,10.260812151092134,2.3309187030010294,-0.04955999999999994,-5.855,-0.15234,6.657,0.77539,-2.214,-0.03167790878704903,-1.0671995806244943,0.11626824390076011,-1.2846500490747135,-0.14794615268780914,0.2174504684502192,1.0676189063469843,0.0060692598975145,1.0230059248132253,0.0020128202990233064,14.656467296815913,3.9929080963689154,9.226313828482107,7.348623082424336,-0.019631559390851473,0.02117551534648833,-1.027385226725766,0.04346219843912059,-0.14481814281103417,0.0395945244983596,0.2392065075425923,0.039340677370108317
2026-06-14,15:07:15,benar,0.6617,0.91675,-0.03882,0.51709,3.733,1.031,1.412,0.97632,0.10156,-0.29639,2.176,2.076,0.267,1008.01,43.68,1.0532424331558239,1.0253595506455284,4.1221346411780395,3.019278225006765,-0.05957000000000001,1.557,-0.14038,-1.0450000000000002,0.81348,1.145,-0.036865961251178865,-1.0560291904683308,0.09921085441739616,-1.2602714233564318,-0.13607681566857502,0.20424223288810106,1.0604965187501387,0.006296818899626491,1.0244221001061844,0.0014204122822501827,10.814073907448064,6.985022819316802,7.435670603901912,8.25273294160204,-0.021241641044007938,0.022717716771843352,-1.0523885876175465,0.01692750561462145,-0.1292584529925613,0.022872247453716802,0.2354375481901639,0.043102150273706376
2026-06-14,15:07:16,benar,0.7418,0.92554,-0.01807,0.5166,0.893,3.458,1.42,0.97437,0.10669,-0.30103,1.099,2.046,-1.679,1008.01,43.68,1.0601067759900415,1.0253773519539038,3.843385616874789,2.8658258844528572,-0.04882999999999993,-0.20599999999999996,-0.12476,1.4120000000000004,0.81763,3.099,-0.01704627829834184,-1.0614491140474636,0.10423816488972766,-1.2540537063960944,-0.1212844431880695,0.1926045923486308,1.0590147578127531,0.005311191221745321,1.0245082490401582,0.0014899406040814525,6.0754441363816545,3.627313650424879,2.7386742708202174,0.3613659606562706,-0.028530049445523245,0.010277972655794918,-1.061559295046763,0.005586010110059253,-0.13510247051481789,0.01335753344450668,0.20476576456231702,0.012431208866168277
2026-06-14,15:07:18,benar,0.7599,0.95483,-0.02319,0.48071,-1.519,3.313,0.55,0.96509,0.10278,-0.31079,-3.26,1.206,0.939,1008.05,43.425,1.069261525119089,1.0190941372611266,3.6858960918615167,3.600521767744225,-0.010260000000000047,1.7409999999999999,-0.12597,2.107,0.7915000000000001,-0.3889999999999999,-0.021689565904445665,-1.103924850756064,0.10102603652933166,-1.2437885144807594,-0.12271560243377733,0.1398636637246955,1.0608702447549847,0.00803678979743584,1.023277013286853,0.003622487833877697,3.8838054499714487,0.2209102536282945,3.1618752924012825,0.3875499360772212,-0.02520060181798879,0.0103658327199211,-1.073801051757286,0.026228349976504254,-0.12669228709680727,0.008158681669386757,0.17890349632047578,0.034306560103883804
2026-06-14,15:07:19,benar,0.6953,0.9541,-0.06616,0.48413,-19.45,-1.603,-9.382,0.93652,0.15967,-0.2749,-41.58,-17.282,-11.145,1008.05,43.367,1.0719448738158133,0.9890066881978099,21.653961138784744,46.38722829615927,0.01757999999999993,22.13,-0.22583,15.679,0.75903,1.763,-0.06175884384675073,-1.097486487925074,0.1621544965803953,-1.2435463634313064,-0.22391334042714603,0.14605987550623234,1.0671043916416478,0.006206855779116996,1.0111593924709468,0.019440329901487655,9.72774761584035,10.328704056355209,17.617858649452117,24.91771291495043,-0.03349822934984608,0.02458427909773322,-1.0876201509095338,0.022892258665600265,-0.15597112868299762,0.058844032464742485,0.15950937719318622,0.02882825367151627
2026-06-14,15:07:21,benar,0.5948,0.95728,-0.02441,0.45947,0.336,7.847,5.153,0.95459,0.15576,-0.34253,4.092,7.099,-4.168,1008.05,43.395,1.0621174734463226,1.0260750686962432,9.393706084395019,9.193067442371996,0.00268999999999997,-3.756,-0.18017,0.7480000000000002,0.802,9.321,-0.02298441552145007,-1.1227470818443612,0.15239090273131545,-1.1953158820705863,-0.17537531825276553,0.07256880022622503,1.067774624127075,0.0050796265045380835,1.011391964718393,0.0196979390953136,11.577854438347094,9.180997680354228,19.7269391687585,23.257201122408354,-0.03547760842421549,0.022769423804385236,-1.1080528068418332,0.013126477721510432,-0.17400142037122965,0.05061285647229655,0.11949744648571763,0.040759313535949734
2026-06-14,15:07:22,benar,0.6583,0.92456,-0.08325,0.50049,-5.076,5.634,-2.847,0.95264,0.14038,-0.33496,-1.481,3.84,0.107,1008.03,43.554,1.0546241018486162,1.0195232785964232,8.100193886568395,4.11708756282885,-0.028079999999999994,-3.5949999999999998,-0.22363,1.7940000000000005,0.83545,-2.954,-0.07902028911675532,-1.0689014798785723,0.1381306427009467,-1.206563973939289,-0.217150931817702,0.13766249406071673,1.0628954830369173,0.008686556255340863,1.0115350118301587,0.019783212899853044,13.049287036582719,7.479880062896146,19.89912776712004,23.079341306929624,-0.05458784949498537,0.028697946832344036,-1.0963783498826691,0.026939899595308712,-0.20547986349920452,0.026289641989221537,0.11876372326439137,0.04022570309717353
2026-06-14,15:07:23,benar,0.6857,0.92725,-0.052,0.51343,2.313,5.473,-2.023,0.95898,0.15015,-0.31152,-3.084,4.015,2.328,1008.04,43.506,1.0611818540664932,1.0194274732907684,6.276641378954193,5.572330302485667,-0.031730000000000036,5.397,-0.20215,1.4580000000000002,0.8249500000000001,-4.351,-0.04902160040615629,-1.0629418889451636,0.14782636667716012,-1.2247011063711475,-0.19684796708331642,0.16175921742598387,1.059307809787144,0.004083097592031027,1.0216752735278116,0.0038106354860133022,7.923513783305869,1.5660252196701256,6.294161769228837,2.6138426567349384,-0.050342101681453894,0.028041265576125553,-1.0848634835560322,0.03294320029197226,-0.19645807238459465,0.02089053578989286,0.12399683723764188,0.04613886932263619
2026-06-14,15:07:24,benar,0.7074,0.92871,-0.06226,0.51709,4.504,1.282,3.069,0.97925,0.13623,-0.29956,2.87,-0.198,-0.42,1008.04,43.429,1.0647819681981847,1.033066004183663,5.598955348991453,2.907319039940405,-0.05053999999999992,1.6339999999999995,-0.19849,1.48,0.8166500000000001,3.489,-0.05850543504428552,-1.059695807716998,0.13225481433185632,-1.246598362943227,-0.19076024937614183,0.1869025552262289,1.0601959747044314,0.005150197159461763,1.0240055853569514,0.007846699092658003,6.65859687150468,1.2936251598442738,4.1989123017516405,1.3343885203710761,-0.062182441522399046,0.015333643192957186,-1.0638463921802446,0.004669014303180046,-0.2015863827590534,0.013818699912432814,0.16210808890430983,0.02462188435878003
2026-06-14,15:07:25,benar,0.7658,0.91724,-0.04321,0.50659,-0.527,1.916,0.603,0.95728,0.10156,-0.31323,-2.115,2.626,1.374,1008.0,43.781,1.0487276814311712,1.0123302153447757,2.076630443771833,3.6410131831675647,-0.040039999999999965,1.588,-0.14477,-0.71,0.81982,-0.7710000000000001,-0.041213973693453185,-1.064654977949363,0.10049204941439074,-1.2394963559453993,-0.14170602310784391,0.17484137799603627,1.0582305012319497,0.008424244391329846,1.0216078976064022,0.01053844971235744,4.650742390572493,2.254851175753752,4.040220841864546,1.3766249755997515,-0.04958033638129833,0.008659260841969746,-1.062430891537175,0.002518765791339518,-0.1764380798557674,0.030232464358306857,0.174501050216083,0.012575123306857216
2026-06-14,15:07:26,benar,0.6665,0.92383,-0.07813,0.50903,6.542,8.718,3.74,0.96851,0.13257,-0.30005,13.29,9.221,5.626,1008.02,43.599,1.0576756150635223,1.0225538751087886,11.523406093686017,17.126085863383963,-0.04467999999999994,-6.747999999999999,-0.2107,-0.5030000000000001,0.80908,-1.8860000000000001,-0.07393687562020458,-1.0622496340490606,0.13001193874622594,-1.2442259993836235,-0.20394881436643053,0.18197636533456296,1.057061754897626,0.008044728033117864,1.0226500315457425,0.010368228838042021,6.399663962149767,4.774017517494287,7.891472695497311,8.005818949010191,-0.05788542811931443,0.0163702591325613,-1.0622001399051406,0.002479955564340949,-0.17880502895013875,0.03279842583860905,0.1812400995189427,0.0060642035386328725
2026-06-14,15:07:27,benar,0.6993,0.92627,-0.03491,0.51514,9.847,1.695,2.634,0.96802,0.104,-0.30054,-1.229,-1.099,-0.237,1008.03,43.546,1.0604546386338267,1.0189224759519244,10.333169407301904,1.66565632709752,-0.041749999999999954,11.076,-0.13890999999999998,2.794,0.81568,2.871,-0.032925791630506344,-1.0622741402671703,0.1022466702803637,-1.253373114236848,-0.13517246191087004,0.1910989739696778,1.0556193117095067,0.006127941654506018,1.017935522135163,0.005182794913932855,7.977735314919919,5.145040803299756,7.477585124549683,8.414017088030542,-0.049358880314721375,0.021684830651965085,-1.0630595840885313,0.0013817059444998466,-0.16027576646171482,0.037962786916193925,0.182638905766759,0.008149023044436805
2026-06-14,15:07:28,benar,0.7318,0.92139,-0.0293,0.53052,-4.191,2.473,1.267,0.9812,0.1189,-0.30322,-0.595,-0.321,0.641,1008.05,43.366,1.0636115327035525,1.0338438075454144,5.0284688524440515,0.9316367317790771,-0.05980999999999992,-3.596,-0.1482,2.794,0.8337399999999999,0.6259999999999999,-0.02755113701561272,-1.0477156277815909,0.11526275248134775,-1.2503011466222804,-0.14281388949696047,0.20258551884068954,1.0605805954669671,0.002969962693396367,1.0251067195353758,0.007781342758835917,8.96168145114399,3.4578587091338204,6.5744596407535205,9.145343522698022,-0.04480460142210788,0.02537200776490042,-1.0574131340326074,0.008398295705383115,-0.160645055258087,0.037696279903638365,0.19188695271497677,0.010327147957546386
2026-06-14,15:07:29,benar,0.7525,0.89624,-0.06494,0.55811,1.046,6.099,1.069,0.97729,0.10254,-0.27197,-1.802,2.099,0.489,1008.05,43.415,1.0578043832864372,1.0195969186889493,6.279703655428336,2.8092927935692287,-0.08104999999999996,2.848,-0.16748000000000002,4.0,0.8300799999999999,0.58,-0.0614299413888317,-1.010813820390124,0.1007394592904244,-1.2817152220178178,-0.1621694006792561,0.2709014016276938,1.0606235182079387,0.00290725580592582,1.0241210673954295,0.008426890011711301,7.21378063839143,2.772965353507573,1.8021952841486086,0.9462453364158656,-0.040635623344983586,0.018207813576563214,-1.0402678628129618,0.026526270614862856,-0.14671858402902885,0.013915590366835677,0.22152863147935373,0.04314206766439294
2026-06-14,15:07:30,benar,0.7161,0.91699,-0.03955,0.52295,9.786,-5.229,4.344,0.97412,0.12085,-0.29663,2.656,-4.55,-3.366,1008.05,43.366,1.056367154496958,1.0254286195537943,11.915476196946559,6.251943057962061,-0.057130000000000014,7.129999999999999,-0.1604,-0.6790000000000003,0.81958,7.710000000000001,-0.03744838651904323,-1.0512810585749073,0.11812769381238739,-1.2531197717453928,-0.1555760803314306,0.20183871317048552,1.0592610234956492,0.0038355709385129054,1.0262897819293861,0.007162378166500802,7.741216234939649,3.668750714597576,3.330957527770122,2.6982430250604437,-0.04214315497449589,0.0174205047164956,-1.036603502248874,0.022405553819692534,-0.15351979016921571,0.00984023374749853,0.22510854454628962,0.039659535416286654
2026-06-14,15:07:31,benar,0.7428,0.94214,-0.06543,0.4978,-1.527,4.305,3.481,0.9646,0.15918,-0.28369,0.878,1.656,-0.229,1008.05,43.424,1.0675737466329902,1.0179741885234614,5.743005746122843,1.8882957925070956,-0.022460000000000035,-2.405,-0.22460999999999998,2.649,0.78149,3.71,-0.06132694044224591,-1.0811638772281278,0.15701374378134916,-1.2455380654567343,-0.21834068422359507,0.1643741882286065,1.0605817614721285,0.006097729004769715,1.0209999089220683,0.003920257860417811,7.979395199499245,3.4192925255544595,3.6498438813461287,2.300054121689389,-0.053401756116706944,0.01381611933353556,-1.047752918731053,0.035307484367282954,-0.17869538841142726,0.034491739276643923,0.21237143434226194,0.05403901794171932
2026-06-14,15:07:33,benar,0.7491,0.92822,-0.04077,0.50513,2.038,2.504,0.603,0.95605,0.13037,-0.32129,0.611,1.969,-0.733,1008.03,43.583,1.057549468441075,1.0169833840825522,3.2843673667846596,2.188051873242497,-0.02782999999999991,1.4269999999999998,-0.17114000000000001,0.5349999999999999,0.8264199999999999,1.3359999999999999,-0.03856094370250202,-1.0710587635662232,0.12854658113151413,-1.2228771512979246,-0.16710752483401614,0.15181838773170142,1.0604967898570077,0.0061572684262144245,1.020128730719936,0.004616496463604575,6.980949769951354,4.446727894095187,3.442763574570551,2.4374331692202973,-0.04577875688793039,0.013476607687049148,-1.0678345664564193,0.015200075589202378,-0.18034142979634726,0.033409595266166964,0.17267709637693116,0.02602329633309556
2026-06-14,15:07:34,benar,0.743,0.93872,-0.03076,0.5,1.489,0.588,0.061,0.97021,0.14111,-0.32349,0.985,3.13,1.397,1008.05,43.363,1.0640213418912237,1.0324075049610981,1.602056802987959,3.5663334112222316,-0.03149000000000002,0.5040000000000001,-0.17187000000000002,-2.542,0.82349,-1.336,-0.028913222827669234,-1.080594684587358,0.1371097106950908,-1.221912580477129,-0.16602293352276,0.14131789588977095,1.0630481856550962,0.005082500675077431,1.022455025855704,0.008633325177329567,3.543143305298487,2.08256771250727,2.547560358990608,0.8949230838175233,-0.04293370232413906,0.016643408180769505,-1.0776057751272363,0.005677016412747649,-0.18382371419345708,0.029897491527286983,0.15250349061669297,0.011543404115586077
2026-06-14,15:07:35,benar,0.7329,0.91113,0.00732,0.54443,-0.275,1.771,1.618,0.97388,0.13696,-0.29297,5.275,3.573,-2.534,1008.02,43.598,1.0614214451385462,1.0261733366736832,2.414537222740623,6.856610678753753,-0.06274999999999997,-5.550000000000001,-0.12964,-1.802,0.8373999999999999,4.152,0.006896467045853402,-1.0321531701569542,0.13386618929696364,-1.250177089095008,-0.12696972225111025,0.21802391893805373,1.0609974184902817,0.00325670622523961,1.0251880752391112,0.007759119234155466,2.4336537975044137,0.8413181864422747,4.203665321072827,2.3986463479668125,-0.020192566494772617,0.02395060402460744,-1.0612688727701785,0.02566177218016357,-0.15336672686929545,0.02286690784053413,0.1703867341865087,0.041587751929146606
2026-06-14,15:07:36,benar,0.7269,0.9353,-0.01489,0.50049,-2.282,-0.748,0.763,0.97534,0.1355,-0.33594,3.42,0.313,0.183,1008.02,43.598,1.060894925145747,1.0404345482537574,2.5197612982185436,3.4391653057100933,-0.040039999999999965,-5.702,-0.15039000000000002,-1.061,0.83643,0.5800000000000001,-0.014035781056551908,-1.079271416277334,0.13060503155500258,-1.2151890421627305,-0.14464081261155448,0.13591762588539646,1.0621125707251722,0.0016738761450496304,1.0330051299628462,0.0071493640042276764,2.178785107982375,0.5022247304258775,4.620703131895359,1.9373964102213634,-0.012017512279455913,0.017989956332685127,-1.064006423673882,0.027593660131728398,-0.14587782279514158,0.019555970272598373,0.1650864802377404,0.045924612585650754
2026-06-14,15:07:37,benar,0.7508,0.91626,-0.02612,0.53223,2.962,2.992,0.26,0.97998,0.11084,-0.27051,2.55,-2.351,-4.26,1008.04,43.454,1.0599450056017057,1.022654372747704,4.218187762534996,5.49338702441399,-0.06372,0.41200000000000037,-0.13696,5.343,0.80274,4.52,-0.02464528272283145,-1.0440375352548519,0.10859794717143388,-1.2808911004074537,-0.13324322989426532,0.2368535651526018,1.0607537919619996,0.0007482695758564864,1.029754085891715,0.00941541204506427,3.050828761164721,1.01233063031561,5.263054336292612,1.7203264457210714,-0.010594865577843319,0.016049935174831546,-1.0518207072297134,0.024504399683686905,-0.13495125491897667,0.008958508287964378,0.19693170332535068,0.05367193986179191
2026-06-14,15:07:38,benar,0.7665,0.89868,-0.02734,0.55566,1.847,2.634,-1.183,0.97876,0.12207,-0.24658,-1.611,1.542,0.656,1008.04,43.483,1.0569443001407408,1.0166975552739368,3.4276601348441766,2.3245259731824897,-0.08007999999999993,3.458,-0.14941,1.0919999999999999,0.8022400000000001,-1.839,-0.025869906074602024,-1.0164836163349424,0.12035556175212855,-1.2967565711981293,-0.14622546782673057,0.2802729548631868,1.0592614102960645,0.0020621193925100157,1.0265954920917995,0.012349515180537068,3.3885363985325725,0.8498888831664154,3.752359434435524,1.6074787750399893,-0.02151698995132846,0.006507786911376885,-1.046597522622376,0.031472084565418716,-0.1413698367775168,0.007082308071097222,0.2176813819670617,0.07406277544857774
2026-06-14,15:07:39,benar,0.767,0.89429,-0.01392,0.56299,1.305,1.725,0.374,0.98535,0.12817,-0.25537,-0.252,0.328,-0.214,1008.02,43.593,1.0568377882153912,1.0259415228462097,2.1951141200402318,0.46570806306096957,-0.09105999999999992,1.557,-0.14209,1.397,0.81836,0.588,-0.013171749400484656,-1.0088022350804813,0.12525641892300787,-1.2885594357663155,-0.13842816832349253,0.2797572006858342,1.0579090313192792,0.0017640095398230645,1.0217644836226167,0.004685793541175241,3.2803206724731346,1.0195530533611774,2.7612070202191497,2.5421264105545034,-0.02122897939930604,0.007004580075126267,-1.0231077955567585,0.018528124766596297,-0.1392989553481628,0.006534778340964245,0.26562790690054094,0.02492064521362276
2026-06-14,15:07:39,benar,0.7565,0.9104,-0.01489,0.55933,1.466,1.389,0.985,0.98169,0.11377,-0.26807,0.702,1.305,0.534,1008.02,43.593,1.0685971743365223,1.023972848224014,2.2469316856549066,1.575114281568166,-0.07128999999999996,0.764,-0.12866,0.08400000000000007,0.8273999999999999,0.45099999999999996,-0.013934607191506887,-1.0197135760300704,0.11133633581170167,-1.282420547502285,-0.12527094300320857,0.26270697147221456,1.0607930875642182,0.006758747218220406,1.0222039754480534,0.004869231694267536,2.623235313513105,0.6971339433040846,1.4551161059372084,0.9352008754076327,-0.017658754222197856,0.007121288440988831,-1.014999809148498,0.005604962368691998,-0.1366415263844772,0.010590896784908545,0.2742457090070785,0.009996166691123303
2026-06-14,15:07:40,benar,0.7204,0.9126,-0.0332,0.53467,9.405,-2.443,-3.458,0.97559,0.10742,-0.28442,6.824,0.244,-2.122,1008.02,43.593,1.0582121757473781,1.0218657646188172,10.314069904746622,7.1504822215008685,-0.06298999999999999,2.5809999999999995,-0.14062,-2.6870000000000003,0.81909,-1.3360000000000003,-0.03137881952535253,-1.0399875785053718,0.10531601609698123,-1.2686985044069174,-0.13669483562233375,0.22871092590154563,1.0612157127664306,0.0064293636119818805,1.0239267118963469,0.0020382707628250002,4.918705236813921,4.672594695670595,3.0637681887100014,3.582404112990738,-0.019495058705781356,0.010298704598876112,-1.0228344632053077,0.01582518131657616,-0.1334646489830116,0.00714868686024376,0.2570583660198648,0.02598770093728014
2026-06-14,15:07:41,benar,0.723,0.90698,-0.00586,0.56104,-1.511,6.527,-5.695,0.98706,0.10938,-0.26685,-1.74,5.366,-0.412,1008.03,43.546,1.0664956359966975,1.0283289116328491,8.793058341669296,5.656085218594217,-0.08008000000000004,0.2290000000000001,-0.11524000000000001,1.1610000000000005,0.82789,-5.283,-0.005494658659286027,-1.0168023145047667,0.10656834401713079,-1.2865311138246471,-0.11206300267641682,0.2697287993198805,1.0644349953601993,0.0054906036825400325,1.02472250815856,0.0032961431771609613,7.1180199773569415,4.286489811363282,4.793893907221084,2.8859508501467674,-0.016936028458715148,0.013200524351424062,-1.0255011563467364,0.01262977359796417,-0.12467626043398639,0.01232667976737825,0.2537155655645469,0.021937422822381984
2026-06-14,15:07:42,benar,0.735,0.88428,0.04468,0.56494,3.832,2.069,5.893,0.97754,0.14429,-0.25635,1.344,-2.237,0.824,1008.02,43.641,1.0502878769175619,1.0208424845195267,7.327512128956185,2.736691615801824,-0.09326000000000001,2.4879999999999995,-0.09961,4.306,0.8212900000000001,5.069,0.04255355912714548,-1.000869750273076,0.14181895275196282,-1.2784892758898407,-0.09926539362481734,0.27761952561676484,1.058331896220546,0.008104542759193551,1.0236790535903977,0.004059268456460288,8.811546791790702,1.4933647257533906,5.181086351965637,2.244906416805189,0.0018933603141689747,0.0375158136199681,-1.0192198810944049,0.01967065307925372,-0.11600774397452264,0.019023972245382867,0.25868641694606365,0.02625763580166864
2026-06-14,15:07:44,benar,0.7626,0.91528,-0.03564,0.54126,-5.031,4.298,3.748,0.97778,0.12305,-0.27759,-0.702,3.137,3.534,1008.07,43.251,1.063940823354382,1.023841413012777,7.604687304551056,4.77731399428591,-0.0625,-4.329,-0.15869,1.161,0.81885,0.2140000000000004,-0.03350437163640344,-1.0358057026863983,0.12047585685713773,-1.2696974889815875,-0.15398022849354118,0.23389178629518925,1.0602414454228803,0.008714178756594687,1.024337603055051,0.0037677979177911563,7.908419258392179,0.7785539481869869,4.390030276227317,1.4977337082109268,0.0011848429438186699,0.03846640110872876,-1.0178259224880801,0.01749045518944855,-0.12176954159825844,0.02861976523416726,0.2604133704106115,0.02330475720462777
2026-06-14,15:07:46,benar,0.7088,0.92407,-0.02783,0.52539,5.534,1.496,4.153,0.97412,0.1272,-0.28784,5.115,3.252,-1.649,1008.03,43.536,1.0633506128742296,1.023690128896435,7.078882750830105,6.281554743851238,-0.05005000000000004,0.4189999999999996,-0.15503,-1.7559999999999998,0.81323,5.802,-0.026174977236642208,-1.0532125643799275,0.12457833865119913,-1.2583258282181713,-0.15075331588784135,0.2051132638382438,1.059193104382058,0.007717797240698278,1.022791342142913,0.0016894544232199796,7.337027394779116,0.26303139050535934,4.598520117979658,1.77918213986217,-0.005708596581966724,0.041956605687719264,-1.0299626724464672,0.026656111849717827,-0.1346663126687333,0.030700521870265066,0.2388748585833993,0.03650907772521788
2026-06-14,15:07:47,benar,0.7578,0.92822,-0.02515,0.51172,-0.29,2.863,-0.053,0.96729,0.11597,-0.30127,-1.863,1.237,0.611,1008.04,43.439,1.0602274516819492,1.0197365335712947,2.8781379397103257,2.3182448101958513,-0.03906999999999994,1.573,-0.14112,1.626,0.8129899999999999,-0.664,-0.02372355025324767,-1.066451748902732,0.11397203578118996,-1.2486830879685624,-0.13769558603443763,0.18223133906583033,1.062506295970187,0.0019954787822088465,1.0224226918268355,0.002327510762879965,5.853902665030495,2.5904631598467653,4.459037849444333,2.0007326622600727,-0.027800966375431103,0.005089105740883549,-1.0518233386563527,0.0153701821152743,-0.1474763768052734,0.008622710845108732,0.20707879639975446,0.025886250031090123
2026-06-14,15:07:48,benar,0.6512,0.94849,-0.03589,0.4729,6.908,-0.489,3.863,0.97876,0.12402,-0.32251,-14.313,-7.282,-0.763,1008.03,43.536,1.0604507448250484,1.0379618480946204,7.92983946874084,16.077053896780967,-0.030269999999999908,21.221,-0.15991,6.793,0.79541,4.626,-0.03385056327613851,-1.107136105801357,0.11977030437918336,-1.2314226988465424,-0.15362086765532187,0.12428659304518552,1.0613429364604092,0.0017422796543314096,1.0271295035207835,0.009587100485730556,5.9622867197604235,2.7046279054710523,8.225617816942686,7.082424923314939,-0.027916363588676125,0.005283315058913074,-1.0756001396946722,0.028101723620068107,-0.14735658985920028,0.008488637079140217,0.17054373198308656,0.041661586592001115
2026-06-14,15:07:49,benar,0.6207,0.93213,-0.08032,0.49072,6.939,2.557,-2.626,0.96313,0.11084,-0.31689,11.298,0.832,-9.107,1008.03,43.54,1.0564675847843132,1.0199628300090156,7.847537575571079,14.535283863757185,-0.031000000000000028,-4.359,-0.19116,1.725,0.8076099999999999,6.481,-0.07610037378675277,-1.0807439068550901,0.10888565876857582,-1.2353987025415056,-0.18498603255532858,0.1546547956864155,1.0590485937637704,0.0022380059139705953,1.0258870705583103,0.010457676220507498,6.218504994674082,2.8931354007063446,10.976860856911335,7.538102386676085,-0.04455816243871299,0.027781692186307834,-1.0847772538530596,0.020639891958733482,-0.15876749541502935,0.024061637849677978,0.15372424259914377,0.028983578879003734
2026-06-14,15:07:50,benar,0.6412,0.93408,-0.04126,0.50586,-2.542,2.053,-2.885,0.95972,0.12646,-0.31519,-8.534,4.443,4.008,1008.04,43.478,1.0630626386060231,1.0180370062527198,4.3588757724899665,10.422738075956817,-0.025639999999999996,5.992000000000001,-0.16771999999999998,-2.3899999999999997,0.8210500000000001,-6.893,-0.03882213945992113,-1.0730668067219127,0.12454115247161433,-1.2306810660852021,-0.16336329193153545,0.15761425936328943,1.0599936560717949,0.0033212017891233033,1.0253205614521186,0.01098994063989891,6.712084272267295,2.03835376786588,13.67835861216499,2.9229373095428914,-0.049591025507604136,0.023091953188864065,-1.0869822731261198,0.01787084763629862,-0.16732339738072866,0.016053199639875552,0.14551854936496347,0.01844685835548708
2026-06-14,15:07:51,salah,0.7943,0.23584,-0.07275,0.94067,-2.71,102.511,6.542,0.99268,0.23779,0.2583,-30.878,90.641,-20.603,1008.04,43.508,0.9725086719407698,1.0529371094704565,102.75527716375446,97.94756441076011,-0.75684,28.168,-0.31054,11.86999999999999,0.68237,27.145000000000003,-0.07487647685728917,-0.24494898685243904,0.2278000439404809,-1.230849378488718,-0.3026765207977701,0.985900391636279,1.0306796317770355,0.05048533559294356,1.0303123152440639,0.019617292999418372,38.3205635039385,55.82935548267528,40.96852878349137,49.38811733579606,-0.06326633003465436,0.021178133075507276,-0.7995865668098139,0.4803455717422029,-0.21700861509487804,0.07497418408132668,0.432723148895328,0.4790678302925113
2026-06-14,15:07:52,salah,0.848,-0.30811,-0.08521,1.22729,2.847,8.504,-3.863,0.39014,0.10767,0.73047,3.962,30.901,2.771,1008.02,43.676,1.2682402218428495,0.835097880131425,9.764537572256046,31.27695135399229,-0.69825,-1.1150000000000002,-0.19288,-22.397,0.49682000000000004,-6.634,-0.0672382391030597,0.2453985290378738,0.12929090057567674,-0.48609722822684776,-0.19652913967873645,0.7314957572647216,1.1012705107965475,0.1515228316949863,0.9686906652848671,0.11700332681143076,38.95956350283349,55.31478198459274,46.54908461356973,45.717363735872695,-0.060312285140089995,0.018998827332593317,-0.357539088178826,0.6664046132700134,-0.2208563174693473,0.07277295252170246,0.62500346942143,0.424287561397351
2026-06-14,15:07:53,benar,0.6524,0.60889,-0.10425,0.97876,-1.916,6.931,-6.824,0.97754,0.17993,0.36377,-21.679,-3.13,11.282,1008.03,43.555,1.1574049560115076,1.0584365211952957,9.913465236737354,24.638576764902634,-0.3686499999999999,19.762999999999998,-0.28418,10.061,0.6149899999999999,-18.106,-0.09019443010855066,-0.5539869917928113,0.17082563399174802,-1.1772886480291798,-0.26102006410029865,0.6233016562363685,1.132717949931709,0.14940339220968024,0.9821571702657258,0.12738676145280226,40.811093324249285,53.64528850252483,51.287697509885014,40.54472084873446,-0.0774363820229665,0.01169023148671968,-0.18451248320245886,0.40310511155096007,-0.25340857485893503,0.05348147067873965,0.7802326017124562,0.18614757783394764
2026-06-14,15:07:54,benar,0.889,0.3186,-0.12109,1.02686,2.168,19.74,10.29,1.81421,0.3252,0.53516,-2.87,19.679,-15.229,1008.03,43.555,1.08194741448002,1.9192470371736934,22.366312257500116,25.048400787275817,-1.49561,5.038,-0.44628999999999996,0.06099999999999994,0.49170000000000014,25.519,-0.11215353414378462,-0.2988998603789423,0.17026289593956906,-1.2384264543185237,-0.2824164300833537,0.9395265939395814,1.1691975307781257,0.09370459505008698,1.2709271461668046,0.5724587740217212,14.014771688831173,7.233029604868514,26.98797630205691,3.720009298297732,-0.08986206778513166,0.022459491995242536,-0.20249610771129326,0.40831919545221035,-0.24665521128746293,0.04470926537657034,0.7647746691468905,0.1607176632744394
2026-06-14,15:07:55,benar,0.8825,0.87036,-0.10962,0.53662,-39.603,-18.771,-8.985,1.02466,0.03271,-0.03418,-4.817,2.626,4.824,1007.99,43.888,1.0283501827684964,1.0257515937594246,44.73788411402578,7.305500735747002,-0.15429999999999988,-34.786,-0.14233,-21.397000000000002,0.5708,-13.809,-0.10680084927201558,-1.0091235801674048,0.031894219307539086,-1.524657882088451,-0.13869506857955466,0.5155343019210463,1.0892341844200082,0.06483522488832734,1.3344783840428045,0.5066881283232886,25.67255386942108,17.646060827632578,18.997492762641816,10.127635316304465,-0.10304960450811695,0.011450084736217664,-0.6206701441130528,0.35977689634002835,-0.22737718758773565,0.07754250313960785,0.6927875173656654,0.2203714582141767
2026-06-14,15:07:56,benar,0.782,0.86597,-0.04761,0.53955,13.878,47.176,15.336,1.12451,0.09375,-0.02197,7.183,30.092,-14.878,1007.96,44.13,1.0214132148645816,1.128625041145198,51.51084115018896,34.328979550811,-0.2585399999999999,6.695,-0.14135999999999999,17.084000000000003,0.56152,30.214,-0.04662878476639705,-1.0118522740452713,0.08316149621018505,-1.4853763800784092,-0.1297902809765821,0.4735241060331379,1.0439036040376994,0.03312897546941967,1.3578745573594386,0.48887629556347156,39.538345840571615,15.252124107383525,22.22762702461127,13.730792958972023,-0.08852772272739907,0.03638411137473388,-0.7732919048638728,0.4108378273059992,-0.18363392654649682,0.08566394261485033,0.6428616672979218,0.25777659545449627
2026-06-14,15:07:58,benar,0.9223,0.77661,-0.08203,0.90479,2.229,20.221,-6.901,1.104,0.2124,0.12378,-8.817,2.344,-0.344,1008.01,43.705,1.1951974552767421,1.1310398969090347,21.482110766868324,9.129740467286023,-0.32739000000000007,11.046,-0.29443,17.877,0.78101,-6.5569999999999995,-0.06868700792085655,-0.707289026652423,0.18891344676318467,-1.3516936932909975,-0.25760045468404125,0.6444046666385745,1.0816536176366067,0.09839300117621202,1.0951388439378857,0.0601032507239526,39.243612010361026,15.75028353936438,16.92140691794801,15.102968296855813,-0.07403888065308972,0.03044094681549172,-0.9094216269550331,0.17505728354281866,-0.175361934746726,0.07135968351719099,0.5444876915309196,0.08904361614193863
2026-06-14,15:07:59,benar,0.9681,0.44482,-0.03076,0.44995,-2.321,-51.74,-5.29,0.64673,0.07568,0.10913,-9.237,-45.71,23.351,1008.05,43.425,0.633455612099222,0.6602245922411555,52.061489999806966,52.15357581221062,-0.20191000000000003,6.916,-0.10643999999999999,-6.030000000000001,0.34082,-28.641,-0.048578149425110045,-0.7784993430580593,0.1148801806991386,-1.3682653069087924,-0.16345833012424865,0.5897659638507331,0.9500220940801819,0.2875951906573874,0.9732965100984626,0.27113092260977795,41.68481397228808,17.498220370757846,31.870765276769216,21.617000601601113,-0.05463131403745455,0.01221154795884159,-0.8325468812519179,0.15931272769063928,-0.18361635526162398,0.06624665734104637,0.5692315788408152,0.08727134251292766
2026-06-14,15:08:00,benar,0.9237,0.94165,-0.03638,0.47388,-0.321,4.519,-1.198,0.98853,0.08081,-0.29346,4.206,1.55,-1.084,1008.05,43.415,1.054794046864126,1.0343309860001295,4.686107766579851,4.611723322143253,-0.04688000000000003,-4.527,-0.11719000000000002,2.9690000000000003,0.76734,-0.11399999999999988,-0.03449698706364966,-1.1033757746420496,0.07820749616898756,-1.2720941473816723,-0.11270448323263722,0.16871837273962265,0.96114903808003,0.29234485688438144,0.94186515838344,0.24865480034579365,26.076569511085044,24.019544100592853,21.965013200546633,26.241476790564178,-0.05058738146987209,0.017183339070487275,-0.8630547147841773,0.21114778272351334,-0.1779210893469757,0.07352271206207273,0.46762966774297676,0.2603023600949887
2026-06-14,15:08:01,benar,0.9256,0.93188,-0.02246,0.51855,-0.183,3.588,-0.817,0.99585,0.09766,-0.23413,-0.45,2.252,-2.183,1008.05,43.415,1.066676562271807,1.0276534216359132,3.6843889588370007,3.168515898650344,-0.06396999999999997,0.267,-0.12012,1.3360000000000003,0.75268,1.3659999999999999,-0.021057610844081313,-1.0626119093644537,0.09517566378243988,-1.321362684940146,-0.1162332746265212,0.25875077557569237,0.9183087404117183,0.24676157941455373,0.907402999959066,0.2140888166110757,20.143995575074605,27.645898392113473,19.97793834433474,27.874261367163434,-0.03471091577761367,0.01376151645235606,-0.9814956756881875,0.17697755923860442,-0.13079869599446903,0.02833905200061722,0.339078370722016,0.22171977900406398
2026-06-14,15:08:02,benar,0.9009,0.49487,-0.01489,0.67114,10.473,41.557,14.122,0.53003,0.04712,0.05981,-2.588,66.221,-10.565,1008.07,43.242,0.8339945614930591,0.5354711303142309,45.123152172692905,67.10840342311833,-0.035160000000000025,13.061,-0.06201,-24.664,0.6113299999999999,24.686999999999998,-0.017854782078530772,-0.6352430547903325,0.08811123994385822,-1.4281173531644709,-0.105966022022389,0.7928742983741384,0.9851550568763306,0.1310435807908595,0.8658185126500912,0.28610870701286933,17.831216299369917,23.64081603768421,24.962880881303978,36.50622569725256,-0.024469793328753917,0.008830231518664097,-0.9337435795989452,0.2593112910410101,-0.11163459329384913,0.00521657141905532,0.4067811488964845,0.3373831626582595
2026-06-14,15:08:03,benar,0.8714,0.46606,0.0481,0.9082,26.069,24.748,8.153,1.7373,0.427,0.59375,2.214,49.924,-31.359,1008.05,43.41,1.0219357972005874,1.8849613663149705,36.85821040148314,58.99741056182042,-1.2712400000000001,23.855,-0.3789,-25.176,0.31445,39.512,0.047084931909752166,-0.47355848835325726,0.2285134225169754,-1.1723462395962025,-0.18142849060722324,0.6987877512429452,0.9742023069884844,0.12346697103870335,1.1493619727550382,0.6829280363456829,28.555250511004346,21.931646800472578,43.091443294529704,34.8113077920307,0.002724179662380028,0.038450900938598424,-0.7238044841693477,0.3043490237892824,-0.1345425957520445,0.04092761257742044,0.5834709417309253,0.28512358604415583
2026-06-14,15:08:04,benar,0.8759,0.98242,-0.04834,0.45752,-3.634,-7.137,2.313,1.04712,0.07959,-0.08252,8.145,-5.885,-1.031,1008.0,43.791,1.0848089059368935,1.0533776212261206,8.336227803989043,10.101346989387107,-0.06470000000000009,-11.779,-0.12793,-1.2519999999999998,0.54004,3.3440000000000003,-0.044575603937361395,-1.1328293109079903,0.07562902558123528,-1.461742019589785,-0.12020462951859667,0.3289127086817947,0.9802464215435133,0.1305008117856172,1.157936705951774,0.6807939673016592,30.105863459388363,19.300650067989864,45.40238699144195,30.839416664700607,-0.005115151368713333,0.047139549222620813,-0.7472102846838601,0.34360151308677483,-0.13586638071606963,0.0400950605331621,0.6068582527662928,0.24526182682000947
2026-06-14,15:08:05,benar,0.9831,0.64453,-0.05347,0.63013,3.893,16.023,2.847,0.70996,-0.00977,0.13013,-22.13,36.13,-9.267,1007.98,43.932,0.9029627781365077,0.7218534971862366,16.733122452190443,43.370394153154756,-0.06542999999999999,26.023,-0.043699999999999996,-20.107000000000003,0.5,12.113999999999999,-0.05925083502845519,-0.7949015368685503,-0.013535015534496672,-1.3890174718161936,-0.04571581949395852,0.5941159349476434,1.0032358270913295,0.09235404815471766,1.220064161575776,0.5992022036488175,20.642520219220874,14.65736729425124,37.48971723478743,24.972845832694432,-0.018913835685354808,0.057625676524870044,-0.8004297787099327,0.329670176784906,-0.11578297987325947,0.067964295879262,0.5406054649574611,0.19065522436149207
2026-06-14,15:08:06,benar,0.9773,0.67822,0.03931,0.82178,13.527,14.374,9.031,1.00781,0.19019,0.16064,22.168,17.366,-15.26,1008.02,43.638,1.0662316881897669,1.0381032905255625,21.70600299456351,32.02913954510798,-0.32959000000000005,-8.641,-0.15088000000000001,-2.991999999999999,0.66114,24.291,0.03687651687381395,-0.6894211533310394,0.18424984687918738,-1.3286210827069995,-0.14737333000537345,0.6391999293759602,1.0180011240877227,0.10005820323291642,0.93777813631264,0.18715211361613876,15.591784416914331,6.757566984107599,28.500293562549945,16.91292228660414,-0.022316640697334213,0.051785258803315186,-0.8723840003691933,0.23163623996266836,-0.10443125967264288,0.052632326170021615,0.5207428576684661,0.16765215830280722
2026-06-14,15:08:07,benar,0.9786,0.53833,-0.07861,0.58057,-3.13,-24.282,-2.099,0.63892,0.03979,0.13989,0.26,-48.985,21.71,1008.03,43.513,0.7956382632201646,0.655264238761738,24.572713016677667,53.58098473339212,-0.10059000000000007,-3.3899999999999997,-0.1184,24.703,0.44068000000000007,-23.809,-0.09896263518892963,-0.7431373805245246,0.060760974821809824,-1.3469778224669364,-0.15972361001073945,0.6038404419424118,0.9216109098488131,0.13625716502798876,0.805073675491179,0.2045376088808263,21.003946154477205,3.9666683639716167,42.99350614388495,10.780864584233962,-0.04044565111452362,0.06984479232418754,-0.7424866902413715,0.05274320217988799,-0.1176042531700238,0.06256270875170979,0.6123854354220052,0.02372560480952685
2026-06-14,15:08:08,benar,0.8965,0.95508,-0.04517,0.44849,4.977,-1.519,-0.756,1.00049,0.05957,-0.25757,-1.786,-1.687,-1.702,1008.05,43.396,1.0561067253833774,1.034829034140423,5.258272149670461,2.9887403701225037,-0.04541000000000006,6.763,-0.10474,0.16800000000000015,0.70606,0.946,-0.0427833492473661,-1.1298318178278528,0.05759690443027433,-1.3124614446341467,-0.10038025367764042,0.1826296268062939,0.9726588922644362,0.15338792667084306,0.9093988544759078,0.2200931220344254,17.17899605363721,10.422679616282736,29.532954882874204,25.388324104382612,-0.034956489187493923,0.06825696749840934,-0.8541301172278056,0.24027053304825807,-0.1358257312312511,0.03131163942219211,0.475223332708222,0.25400960786544824
2026-06-14,15:08:09,benar,0.7618,0.98096,-0.03589,0.45288,-1.55,47.008,2.878,1.04468,0.10181,0.05859,13.748,94.427,-17.527,1008.02,43.614,1.0810508351136872,1.0512632242212223,47.121517887266755,97.01887219505286,-0.06372,-15.298,-0.1377,-47.419000000000004,0.39429000000000003,20.405,-0.03320528043555104,-1.137087468567372,0.09699742131679048,-1.4588253449491733,-0.13020270175234153,0.3217378763818013,0.977598607905743,0.15807506897398563,0.9137854990411277,0.22403672056882987,25.650834351204963,20.952436496278082,51.196199099522495,47.06040612492713,-0.05831708829061558,0.035524360832226806,-1.0033522223065832,0.2253818626901015,-0.13010218848024047,0.02967180585012805,0.3694026483768356,0.21461264073654232
2026-06-14,15:08:10,salah,0.9462,-0.5105,0.05103,1.00171,-4.511,-18.015,-8.481,0.32788,0.29224,1.08276,-6.74,17.328,-9.069,1008.03,43.569,1.125449792305281,1.1684514237228691,20.416089414968773,20.686564359506388,-0.8383799999999999,2.229,-0.24121,-35.343,-0.08104999999999984,0.588000000000001,0.045357422254338906,0.4707966647249021,0.25279263934807794,-0.2844303389030945,-0.20743521709373902,0.7552270036279967,1.0875357842674485,0.03512344169751962,1.0848478940281714,0.07286757361105221,24.26529315063533,21.19540310941492,40.23139230822725,49.969156961192276,-0.010210402476192745,0.048360854102293106,-0.5987075405567742,0.9262249159644249,-0.146006057507907,0.055249441968750014,0.419864835605364,0.2986446284141418
2026-06-14,15:08:11,salah,0.6734,0.65576,-0.03516,0.60986,-10.519,-65.374,-1.649,0.93018,0.07642,0.28442,28.198,-85.191,29.725,1007.99,43.918,0.896206796894556,0.9756892872221156,66.23540169727967,94.53152548224323,-0.27442,-38.717,-0.11158,19.817000000000007,0.32543999999999995,-31.374000000000002,-0.039242087608589646,-0.8208216377878336,0.07840441893053184,-1.2641682312666878,-0.11764650653912148,0.4433465934788542,1.0342358081045082,0.12158051982790287,1.0651346450554022,0.09712683745522135,44.591002999838395,23.014234154162157,70.7456540122675,43.37027860257312,-0.009029981929933928,0.04719748998239955,-0.49570414721010114,0.8518209222207056,-0.15176147512840069,0.048621894943280744,0.5067704911628841,0.2235959502277328
2026-06-14,15:08:12,salah,0.6424,0.59668,-0.12988,0.75879,-5.0,70.947,10.107,1.12793,0.17041,-0.0293,8.992,59.87,-3.031,1007.99,43.918,0.9739908115069669,1.1411065432289835,71.8375128884624,60.617323637719274,-0.5312500000000001,-13.992,-0.30029,11.077000000000005,0.78809,13.138,-0.1337466711818821,-0.6593631000399166,0.14989822676969947,-1.4186815370979604,-0.28364489795158154,0.7593184370580438,0.9985491335689346,0.11657796156690566,1.0950824180579894,0.10429753300246508,52.82966800023695,28.21038762543171,58.61180449315629,36.96330817288998,-0.04254377884537761,0.08959768381587752,-0.3364626910342827,0.7037527729597053,-0.20290887386148068,0.08309171032764479,0.6526306780549649,0.18125687848885516
2026-06-14,15:08:13,salah,0.8631,-0.13818,-0.05371,1.10522,-4.359,58.313,8.023,0.50269,0.21655,0.9729,-16.443,29.0,-1.687,1007.99,43.918,1.1151187043987738,1.1162999366657689,59.0235154747665,33.37990739951206,-0.6408699999999999,12.084000000000001,-0.27026,29.313000000000002,0.1323200000000001,9.709999999999999,-0.04818391832682373,0.12423438837066494,0.19522685125918124,-0.4671215075114444,-0.24341076958600497,0.5913558958821094,0.995105437600099,0.11097286329582286,1.0776985890389559,0.08920910926113405,65.69881002016952,6.423829107355612,62.84291883982485,30.63649872352877,-0.07372422570576516,0.05217288141217104,-0.45198344981902844,0.5055071341127904,-0.21490072469223598,0.08659378431945688,0.5980069754730025,0.15809088882190922
2026-06-14,15:08:14,salah,0.8861,-0.3457,-0.01318,1.13281,-9.092,-84.008,-4.672,0.68042,0.25928,0.76538,24.557,-115.603,25.863,1008.04,43.454,1.1844579766711862,1.0564109234573447,84.62763208314409,120.97931487241941,-1.0261200000000001,-33.649,-0.27246000000000004,31.595,0.36743000000000015,-30.535,-0.011127682243974668,0.2961745455124687,0.24796818202398271,-0.6998284721733655,-0.2590958642679574,0.9960030176858342,1.0911891641923088,0.10725471585872247,1.1046058011173656,0.04354195226208654,71.82955348212433,12.802060159910248,71.65884863655025,44.8313562490136,-0.0643527572508935,0.06288821532014605,-0.07965138871892767,0.5093526338319252,-0.262050510601848,0.02027914501534034,0.7822257835419958,0.20329383460452385
2026-06-14,15:08:15,salah,0.8705,1.04126,0.00366,0.34814,32.504,-24.695,-5.611,1.06055,0.01294,-0.23364,14.359,-45.145,0.328,1008.06,43.29,1.0979240605797835,1.0860577312924025,41.20480993767596,47.37467139727726,-0.01929000000000003,18.144999999999996,-0.00928,20.450000000000003,0.58178,-5.939,0.00333357005901026,-1.2481189943937334,0.011914933979013265,-1.3536371681360089,-0.008581363920003006,0.10551817374227546,1.132500247216581,0.04581067759348181,1.0862561971385054,0.02994499987124319,61.61865249852885,21.82742364316769,67.24463122306958,47.058745467873074,-0.01865934350392938,0.02657173956287322,-0.2759033535035333,0.8463411213589612,-0.1703626659246551,0.14032604108837315,0.5642923624367396,0.44585887952939496
2026-06-14,15:08:16,salah,0.7101,0.87622,-0.10156,0.46582,-71.74,37.573,-18.168,0.97192,0.17944,-0.35107,13.924,23.969,-16.656,1008.01,43.68,0.9975290443891847,1.0488457202563206,82.99659121313356,32.33903327250213,-0.09570000000000001,-85.66399999999999,-0.28099999999999997,13.604,0.81689,-1.5120000000000005,-0.10198828691763036,-1.0724840796445005,0.17192908737414303,-1.1854193286536265,-0.2739173742917734,0.112935249009126,1.0933036938800516,0.09355007895428126,1.063771458335356,0.019667652290123117,69.60967774465121,24.612851519657674,66.89767318073292,47.43559401447155,-0.036594133034198256,0.05709271824094685,-0.6748095095085884,0.8454699475135672,-0.18053153415991127,0.14909750190394402,0.4048188134790786,0.5119939704030311
2026-06-14,15:08:16,tidak pasti,0.5668,0.95337,-0.04614,0.4624,-1.74,-1.16,0.046,0.92822,0.10254,-0.33228,-4.908,-0.534,2.863,1008.03,43.58,1.0605927665697141,0.9912198638041916,2.0917256034193397,5.707047310124563,0.025150000000000006,3.168,-0.14868,-0.6259999999999999,0.79468,-2.817,-0.043517708098503166,-1.117259283644801,0.10363369370106035,-1.2123473657104697,-0.1471514017995635,0.09508808206566877,1.052015290512894,0.05074415868458795,1.0420411051176381,0.047783703998508335,42.097708918076286,40.459822926866345,28.473583993301318,21.101042577669535,-0.047390808319041085,0.0527676422463685,-1.1459541192276783,0.09126582608834945,-0.1432167133371133,0.13271175882330272,0.1045138349390234,0.008965872199663365
2026-06-14,15:08:17,tidak pasti,0.5537,0.96826,-0.03076,0.42944,1.183,1.87,0.321,0.94409,0.11133,-0.36621,0.71,1.832,-1.916,1008.02,43.638,1.0596661355351507,1.0187296310110943,2.235940517992373,2.74433598526128,0.024170000000000025,0.4730000000000001,-0.14209,0.038000000000000034,0.79565,2.237,-0.029032088917201857,-1.1523974085091417,0.1095018686119191,-1.185621176788294,-0.13853395752912095,0.0332237682791523,1.0392626488313497,0.03614533117941899,1.019598405023869,0.028822749854486466,29.108085778181756,46.66887038481881,13.596805522629325,16.2987036407714,-0.058179361311111795,0.03862479466436721,-1.1140469239328146,0.04005339528362684,-0.18653424454015263,0.07579857261406699,0.08041569978464902,0.0418322739208799
2026-06-14,15:08:18,benar,0.7036,0.96313,-0.03735,0.42188,-0.168,2.939,0.229,0.93188,0.10962,-0.37646,-1.763,2.267,1.725,1008.03,43.562,1.052139322428356,1.0110089071813364,2.9526913147161187,3.3500870137953136,0.03125,1.595,-0.14697,0.6720000000000002,0.79834,-1.496,-0.03550656104087599,-1.1565044058973155,0.1086399244483345,-1.1725248325616495,-0.1441464854892105,0.01602042666433401,1.057466074844407,0.004636311006067498,1.006986133998874,0.014189216010853024,2.4267858120426102,0.4611203028527734,3.9338234363937183,1.5652398400626255,-0.036018786018860334,0.007256381438945612,-1.1420536993504193,0.02157056198906008,-0.14327728160596498,0.004373982508142045,0.048110759003051694,0.04158293402678742
2026-06-14,15:08:19,benar,0.7368,0.95801,-0.04004,0.44507,5.397,0.405,3.191,0.9458,0.11987,-0.37134,1.244,1.13,-0.58,1008.01,43.69,1.0571062702491174,1.023132372911736,6.282842907474291,1.777874011284264,0.012210000000000054,4.1530000000000005,-0.15991,-0.7249999999999999,0.8164100000000001,3.771,-0.03788604918985874,-1.1343439519267646,0.11742951544756357,-1.1795016469773272,-0.1553155646374223,0.04515769505056255,1.056303909404208,0.0038270179095788127,1.0176236370347223,0.006136939166707804,3.8238249133942603,2.1595161605225517,2.6240990034469527,0.7929729693773091,-0.03414156638264553,0.004582091328225013,-1.1477485887777406,0.01178898102961093,-0.1459986692185846,0.00854274678952069,0.03146729666468295,0.014647832489897806
2026-06-14,15:08:20,benar,0.7296,0.96191,-0.04297,0.43311,2.305,3.779,-0.969,0.93408,0.09644,-0.36963,-0.527,5.198,-0.153,1008.05,43.41,1.0557942702534429,1.0091741459728345,4.531316254688035,5.226886453712191,0.02783000000000002,2.8320000000000003,-0.13941,-1.4190000000000005,0.80274,-0.816,-0.04071046111362816,-1.1458894284449481,0.0957093421368176,-1.1825873848062796,-0.13641980325044575,0.03669795636133144,1.0550132876436387,0.0025739256090948188,1.0144384753553022,0.007584818930889469,4.588950158959482,1.6658237175279458,3.451615826263923,1.726746299207451,-0.03803435711478763,0.0026051181205935816,-1.145579262089676,0.011083482413988087,-0.14529395112569285,0.009499997770450757,0.03262535935874267,0.014989484214338385
2026-06-14,15:08:21,benar,0.7455,0.95898,-0.03662,0.44458,3.511,1.748,0.466,0.9458,0.10889,-0.35278,0.626,0.763,-0.901,1008.04,43.487,1.0576554454074352,1.0153070473999477,3.9496558077888255,1.336355491626386,0.01318000000000008,2.8850000000000002,-0.14551,0.985,0.79736,1.367,-0.034630673700053,-1.1354015289795076,0.10745501470646525,-1.1986274651591433,-0.14208568840651825,0.06322593617963568,1.056851995303332,0.0009562871166654511,1.015871188761506,0.006996192995217844,4.921271656650384,1.2144914253194141,2.7803719855409468,2.13021347123443,-0.03774239466784663,0.0030424383666456762,-1.1385449697837402,0.006382430734075158,-0.14460701876479543,0.009696921144366695,0.04836052919717656,0.01355090543978987
2026-06-14,15:08:22,benar,0.7352,0.95459,-0.04321,0.47095,0.321,3.053,0.435,0.95337,0.11914,-0.32788,-0.45,3.16,-0.023,1008.03,43.526,1.065318297364689,1.0151916030484098,3.1004959280734425,3.191963189010801,0.0012199999999999989,0.771,-0.16235,-0.1070000000000002,0.7988299999999999,0.458,-0.040571777265408275,-1.1108151000932822,0.11762822747852847,-1.2200120928390206,-0.15820000474393675,0.10919699274573835,1.059589337675189,0.005047942905916875,1.0132242654737307,0.003507981303859767,3.860489330183434,0.7195656309953851,3.251735044783126,1.945954084194672,-0.038637637359696476,0.0034708250646952586,-1.1307020191725794,0.0180032267010438,-0.14556849880030023,0.011300078338380828,0.06970696176223516,0.0366814713257064
2026-06-14,15:08:23,benar,0.7474,0.95215,-0.0459,0.46777,0.321,1.504,0.45,0.96411,0.10913,-0.32251,0.672,0.641,-0.16,1008.04,43.508,1.0618404802040653,1.022462786168768,1.6023598222621536,0.9423720072243232,-0.01195999999999997,-0.35100000000000003,-0.15503,0.863,0.7902800000000001,0.61,-0.043240305226660454,-1.112251970832028,0.10693618300765342,-1.2313200257274426,-0.15017648823431387,0.11906805489541461,1.0616047409920633,0.0038368613164608974,1.0176538122057084,0.004165093610306211,2.8841705193748073,1.188506256926686,1.8235635626205033,1.2013300544081245,-0.03948091873070724,0.004407257425319722,-1.119489533301606,0.01379890771837168,-0.15015406046158963,0.008057181579767222,0.09716366127359621,0.029802455526443148
2026-06-14,15:08:24,benar,0.7269,0.94702,-0.03711,0.46606,3.015,1.695,1.122,0.96045,0.09961,-0.33008,2.0,1.557,-1.229,1008.05,43.425,1.056142015119179,1.0204602691922895,3.6362252405482254,2.816858178893641,-0.013430000000000053,1.0150000000000001,-0.13672,0.13800000000000012,0.79614,2.351,-0.03514455430568782,-1.1122087657298527,0.09776849727969684,-1.2261438849928035,-0.13291305158538466,0.11393511926295075,1.061100264229311,0.004632707494465508,1.0193715528031557,0.0037558625539843623,2.7796936636279406,1.0542000306298684,2.317064458376255,1.205201412044613,-0.03965221226591885,0.00412546913511928,-1.1117586122183878,0.0008173909822594412,-0.14709651485454509,0.0129217714352857,0.1140667223013679,0.004936846818616442
2026-06-14,15:08:25,benar,0.7224,0.95508,-0.03833,0.47095,0.412,1.687,0.298,0.95459,0.10205,-0.33374,1.031,0.718,-0.42,1008.02,43.652,1.0655706911322214,1.0163850934562155,1.7619639610389313,1.3247207252851445,0.0004899999999999904,-0.619,-0.14038,0.9690000000000001,0.8046899999999999,0.718,-0.03597909664771844,-1.1113731679858267,0.1005743260232736,-1.2202961966728467,-0.13655342267099205,0.10892302868701997,1.0611843954851552,0.0047484542967707825,1.019769382939091,0.003097189054319662,2.333516341283103,1.1309978901161037,1.6946503038010363,0.9904849931930231,-0.038121318726688905,0.0044527668162984615,-1.111944634849236,0.0004953760714793814,-0.13988098749689684,0.009100059174854153,0.11397540094846177,0.00507263305916111
2026-06-14,15:08:26,benar,0.5931,1.00977,-0.05078,0.41992,-3.031,13.015,-1.046,0.98364,0.10986,-0.35376,-1.847,9.893,1.695,1008.02,43.652,1.0947816529792596,1.0510770698669056,13.40415241632234,10.20567895830552,0.026130000000000098,-1.1840000000000002,-0.16064,3.122,0.77368,-2.741,-0.04640032637359924,-1.174115080536406,0.10471260802957803,-1.2106351495297567,-0.15111293440317727,0.036520068993350696,1.07216478641022,0.020146140396885906,1.029307477505137,0.018962809075085775,6.267447205969833,6.251210665188898,4.782419287494768,4.755568066792553,-0.039174659109001836,0.006271508255130217,-1.132565671417362,0.03598526927096342,-0.14019313621985133,0.009630398210025277,0.08645940564777381,0.04332127966828992
2026-06-14,15:08:27,benar,0.9504,0.76538,-0.1521,1.3457,6.473,19.573,-1.687,1.26538,0.44995,0.46045,14.366,-5.313,-0.206,1008.01,43.734,1.5555865274551588,1.4197379157436065,20.684487593363293,15.318366786312437,-0.5,-7.893,-0.60205,24.886,0.8852499999999999,-1.481,-0.09793309380010634,-0.5144087510892406,0.3224852674576525,-1.100153938860296,-0.42041836125775883,0.5857451877710556,1.2386462905222133,0.27486661385723254,1.162400026355576,0.2235351768577704,11.950201323574854,9.54468205280012,8.949588823301033,7.080879489213742,-0.06010417227380801,0.03317259388609856,-0.933298999870491,0.3641234918137522,-0.23602823944397602,0.15985237756238144,0.24372942848380874,0.2983984447743063
2026-06-14,15:08:28,benar,0.9511,0.45972,-0.05347,1.12036,4.74,10.924,3.916,0.91699,0.24048,0.63818,12.527,-20.809,10.13,1008.0,43.825,1.21219142419834,1.142792633376677,12.535407133396186,26.31647981778718,-0.45726999999999995,-7.786999999999999,-0.29395,31.733,0.48218000000000005,-6.214,-0.04412451169045849,-0.3889824009273505,0.2120167084606051,-0.9313252938012568,-0.2561412201510636,0.5423428928739064,1.2875198682109195,0.23945994225173559,1.2045358729957296,0.19192935041213205,15.54134904769394,4.475219007670352,17.280175187468377,8.2326177632393,-0.06281931062138803,0.030430710802732342,-0.6925020775176657,0.42177749564940065,-0.27589083860399993,0.13573462640428016,0.3882027165461042,0.305338260365239
2026-06-14,15:08:29,benar,0.972,0.80884,0.00024,0.64209,3.405,27.779,1.695,1.08301,0.1167,0.12085,5.611,53.679,-9.847,1007.96,44.136,1.0327157262770816,1.0959627149679865,28.038186300115775,54.862389402941616,-0.27417,-2.206,-0.11646,-25.900000000000002,0.52124,11.542,0.00023239696638796428,-0.8998224055457348,0.10668397949457378,-1.4169007374252105,-0.10645158252818582,0.5170783318794757,1.2668312259768602,0.26568326939223713,1.21949775469609,0.1749867191726065,20.41936034229175,7.754789476024756,32.16574533568041,20.410606593147378,-0.04727506950805896,0.04915852322108754,-0.6010711858541086,0.2662182577870252,-0.2610037213123361,0.15703985950902305,0.5483888041748125,0.03473037657588187
2026-06-14,15:08:30,salah,0.9078,-0.24072,-0.02881,1.11475,15.115,59.42,3.634,0.4353,0.25586,0.99902,-14.351,27.771,-7.115,1008.02,43.594,1.140808352441373,1.119370979613104,61.41991192601956,32.05936473169735,-0.6760200000000001,29.466,-0.28467,31.649,0.11572999999999989,10.749,-0.02525670778129371,0.2126063426193058,0.23061347621743444,-0.3994146345461086,-0.25587018399872813,0.6120209771654144,1.1285718343055982,0.09036139008529066,1.119375442652589,0.023414959523351618,33.99783511984384,24.981228207313364,37.746077984142055,15.098717469460794,-0.02304960750178808,0.02226066722115041,-0.3587328212845931,0.5568309507718051,-0.2061543288926592,0.08634521752600342,0.5571474006395988,0.04917221330295424
2026-06-14,15:08:31,salah,0.8683,-0.52563,-0.06372,1.09253,-9.092,-27.679,-1.916,0.55811,0.30151,0.88159,14.168,-87.748,23.458,1008.05,43.392,1.2140712236932394,1.086092068058689,29.196961502868753,91.92780586960617,-1.0837400000000001,-23.259999999999998,-0.36523,60.069,0.21094000000000002,-25.374,-0.05250869075213395,0.44776088417915705,0.28130540805189846,-0.5396897688502509,-0.3338140988040324,0.9874506530294079,1.1291984341372314,0.09123347391740136,1.1004752542132599,0.017092213033769,39.551686576334696,18.947299278553622,59.61652000141505,30.216036791434433,-0.0258443338556799,0.0263754537730762,-0.07981839291575732,0.7198120241778434,-0.2320452884436488,0.11553851170920881,0.705516654024766,0.24873401721424224
2026-06-14,15:08:32,salah,0.7752,0.96973,-0.05713,0.45483,15.595,-29.985,0.84,1.0542,0.02075,-0.09155,-39.855,-66.977,23.008,1008.03,43.551,1.0726184963443433,1.058371203784381,33.80842868280039,81.26319965396391,-0.08447000000000005,55.449999999999996,-0.07788,36.992000000000004,0.54638,-22.168,-0.05328739558071534,-1.1292156669650213,0.019606853860420277,-1.4819847793726753,-0.07289424944113562,0.35276911240765396,1.1424993574929851,0.07074152346517366,1.0879447504853914,0.030542060947474747,41.47510070389623,17.425929771535838,68.41679008508915,31.934781041667897,-0.043684264704714336,0.015963481322285075,-0.15628281338885283,0.8507485925818247,-0.2208595107479654,0.13393693433475676,0.6507469142008254,0.31910803523407827
2026-06-14,15:08:33,salah,0.7023,0.93652,-0.06934,0.51001,-12.718,4.13,-0.336,0.97266,0.02979,-0.29321,-1.702,-2.878,1.198,1008.03,43.551,1.0686383607656988,1.0163301745987865,13.3759979066984,3.55174492327363,-0.03613999999999995,-11.016,-0.09913,7.008,0.80322,-1.534,-0.06493192754517614,-1.068267901565996,0.029315539446174006,-1.2765862574464204,-0.09424746699135014,0.20831835588042447,1.1184426936010938,0.08284064337928804,1.053597815480619,0.03512505333378953,25.46046269745585,10.716441776410162,58.9142501489479,48.240944176920785,-0.05690933795934181,0.006958667476576754,-0.5832408947839535,0.8933936191263107,-0.16698527174550604,0.14487195425005306,0.5161793737724955,0.414474328824666
2026-06-14,15:08:34,benar,0.6161,0.93701,-0.05688,0.48779,-1.908,3.023,-3.618,0.9624,0.08521,-0.33496,0.221,1.496,0.099,1008.03,43.551,1.057904607514307,1.0225813931907817,5.086149525918404,1.5154728634983867,-0.025390000000000024,-2.129,-0.14209,1.5270000000000001,0.82275,-3.717,-0.05379260147890631,-1.0880482730028735,0.08342506594545249,-1.2260096494687256,-0.1372176674243588,0.13796137646585205,1.066387154874783,0.007610885434569059,1.0324275905246498,0.022684195714177482,17.42352537180573,14.782732796308771,28.776805813578644,45.465951598436604,-0.05733730820159927,0.006581982260707315,-1.095177280511297,0.03109299901625802,-0.10145312795228152,0.03276151229223139,0.2330162815846435,0.10951292848645344
2026-06-14,15:08:35,benar,0.7005,0.93262,-0.03589,0.49243,3.985,4.046,2.74,0.96631,0.08472,-0.34644,3.603,1.206,-0.366,1008.04,43.458,1.0552513735598736,1.030025809433919,6.305389837274141,3.8170670677890897,-0.03369,0.3819999999999997,-0.12061,2.8400000000000003,0.83887,3.1060000000000003,-0.034017413946753776,-1.083900309090548,0.08234338853764768,-1.2172233127368801,-0.11636080248440145,0.1333230036463322,1.0605981139466265,0.007088306517634703,1.0229791257411625,0.0068564748063818706,8.255845756630315,4.47589156080594,2.9614282848537017,1.2592415457340547,-0.050913980990278745,0.015656999383500025,-1.0800721612198059,0.010431050313147339,-0.11594197896670348,0.021488161651650597,0.1598675786642029,0.042023647928817
2026-06-14,15:08:36,benar,0.775,0.93774,-0.07031,0.48804,-5.832,5.191,-4.977,0.96362,0.09546,-0.28125,-3.191,0.328,-4.42,1008.03,43.536,1.05947290918645,1.0083539450510421,9.259008262227656,5.461361094086345,-0.025880000000000014,-2.641,-0.16577,4.8629999999999995,0.76929,-0.5570000000000004,-0.06641199625216127,-1.086709905832168,0.0948111204979526,-1.2718137493589727,-0.16122311675011386,0.18510384352680465,1.0575429634202103,0.002133876894225606,1.020320382558581,0.011011428302751869,6.883515875140067,2.1456606896343207,3.5979670084579403,1.9820474537892194,-0.05140733722594045,0.01632848293176107,-1.0862194959751965,0.0021170209081041477,-0.13826719555295805,0.02244956441199754,0.15212940787966298,0.028650718669674426
2026-06-14,15:08:37,benar,0.7363,0.9541,-0.03027,0.4563,0.42,4.824,1.656,0.96704,0.0979,-0.2749,-1.023,5.412,4.008,1008.03,43.575,1.0580325008713105,1.0101092919085537,5.117588494593914,6.811779282977392,-0.012940000000000063,1.4429999999999998,-0.12817,-0.5880000000000001,0.7312,-2.3520000000000003,-0.028613611470440573,-1.1238430467607383,0.09707258735302325,-1.2777272352287095,-0.12568619882346382,0.15388418846797114,1.0575855945392114,0.0021459577614356736,1.016163015464505,0.012037570482716206,6.8939955313652375,2.1325294652769107,5.363402481617609,1.4997573904692405,-0.04301434055645187,0.02044230880654076,-1.0981510872278182,0.022294193121607624,-0.13442337268599305,0.02367299021346762,0.15743701188036932,0.026072605553176784
2026-06-14,15:08:37,benar,0.6294,0.94604,-0.03369,0.45459,16.183,-2.42,3.13,0.97095,0.0918,-0.32104,9.565,1.405,-4.496,1008.01,43.739,1.0501327372289657,1.026760840751146,16.659615511769772,10.661954136085935,-0.024909999999999988,6.618,-0.12549,-3.825,0.77563,7.626,-0.03208716440685474,-1.1217847448961202,0.08952692936649374,-1.2395685472199531,-0.12161409377334848,0.1177838023238329,1.0558793824289088,0.005028582535775091,1.0150746925702474,0.010158486852232786,10.345404089530447,5.847203505650376,7.6450315043832235,2.6985688698793577,-0.04237092404315219,0.020892492843593586,-1.1107792324963421,0.020870038720412362,-0.1361744697823087,0.02178810561001332,0.1522572781062029,0.03368949561638428
2026-06-14,15:08:38,benar,0.6607,0.95996,-0.04224,0.45044,2.42,0.427,0.031,0.95215,0.09375,-0.33521,2.443,-0.076,-2.061,1008.01,43.69,1.0612274086170221,1.013777307449718,2.4575780760740846,3.1971465402761883,0.007809999999999984,-0.02300000000000013,-0.13599,0.503,0.78565,2.092,-0.039813484725954106,-1.1303822264572747,0.09260824631655241,-1.2203227289112195,-0.1324217310425065,0.0899405024539448,1.0564642155724329,0.005711179596742409,1.0168824800364726,0.008749290960384024,8.078260694145923,7.549745143786348,6.890293319779839,3.733023098119805,-0.033504753534416475,0.005732927649624382,-1.1253366727047112,0.00448913812930488,-0.12657400787977294,0.00545824234765843,0.12053616441524961,0.032060573420898096
2026-06-14,15:08:39,benar,0.6681,0.95996,-0.02759,0.44409,-0.863,3.519,0.412,0.94482,0.10034,-0.35449,0.0,1.824,-0.641,1008.04,43.502,1.0580644298907322,1.0141085287581404,3.6466250149967436,1.9333538217305182,0.015140000000000042,-0.863,-0.12793,1.695,0.7985800000000001,1.053,-0.026078872707587176,-1.1367686053340618,0.09910620284628277,-1.1989977092987634,-0.12518507555386996,0.062229103964701604,1.0564748585789066,0.005715591484594812,1.0182155589863349,0.007402283919088565,7.5879395342802,7.878764937232318,5.264151499364214,4.7171493497251324,-0.03265984061346534,0.006885191380926225,-1.1296451922291524,0.007519071285471086,-0.12640696678990831,0.005506452531344843,0.08998446958082644,0.02777737527691738
2026-06-14,15:08:40,benar,0.7172,0.97144,-0.01904,0.44409,-1.099,3.45,0.015,0.94849,0.10522,-0.35571,-0.55,-0.084,0.359,1008.03,43.584,1.0683043214833496,1.018446921837363,3.6208460337330006,0.662145754347183,0.022949999999999915,-0.5489999999999999,-0.12426,3.5340000000000003,0.7998000000000001,-0.344,-0.01782358054839005,-1.1416683035414594,0.10349885267599793,-1.1979936480156528,-0.12132243322438797,0.05632534447419335,1.062532053330368,0.0052431305846970325,1.0154442526817407,0.0026056560464466074,3.241683041601276,0.6791771394062435,1.93088203878463,1.2675022005694379,-0.027905312660643777,0.011108144922137238,-1.136273045110932,0.005659334672786357,-0.12630974660692149,0.00563447129258831,0.06949831696427992,0.017947863514241488
2026-06-14,15:08:41,benar,0.6062,0.97095,-0.02808,0.44678,-0.176,35.542,-2.435,0.98047,0.1189,-0.33374,-4.649,9.046,-0.221,1008.02,43.614,1.0691794785254718,1.0425166754062019,35.62574862371316,10.173109554113728,-0.009519999999999973,4.473,-0.14698,26.496000000000002,0.78052,-2.214,-0.02626615042617139,-1.1387870248059435,0.1142996470813809,-1.224051003557096,-0.1405657975075523,0.08526397875115244,1.0651827432998513,0.006180150831891253,1.0250240420005685,0.015303580666803844,14.2977398908143,18.47060187221646,4.256203043397143,5.1634609982128605,-0.023389534560716203,0.004821167004623127,-1.1390746445604882,0.0024624793345929302,-0.1290244354286034,0.010179994126689166,0.0679394757300158,0.015291088833940864
2026-06-14,15:08:42,salah,0.808,-0.43433,-0.02222,1.07446,11.298,43.244,4.702,0.59302,0.34326,0.87622,-22.725,83.527,-16.031,1008.02,43.594,1.1591378558652978,1.1123226314338839,44.942153308447516,88.03509706361434,-1.02735,34.023,-0.36548,-40.283,0.19823999999999997,20.732999999999997,-0.019170593855564997,0.38407415216456076,0.3137182300089126,-0.5623037898033034,-0.3328888238644776,0.9463779419678642,1.098873885291373,0.05219196381592903,1.0577620762258162,0.04875939804463961,28.06291598863122,21.67394603717881,32.956784124025084,47.93568634434696,-0.021086774943375478,0.004535753411095793,-0.6321270587276141,0.8800572431415071,-0.19825901819880598,0.11698916700881336,0.36265575506440334,0.5057252759660852
2026-06-14,15:08:43,salah,0.9737,-0.49121,-0.06567,0.96167,-22.794,-10.008,-5.802,0.29272,0.25293,1.03711,-6.771,6.053,11.763,1008.03,43.567,1.081854427314507,1.1069127045074512,25.561488689041568,14.86113787702678,-0.78393,-16.023,-0.3186,-16.061,-0.07543999999999995,-17.564999999999998,-0.06073866668450771,0.47129944997440865,0.2305370556211965,-0.267630703411691,-0.2912757223057042,0.7389301533860997,1.1033905872350922,0.048692730992391395,1.087250670449179,0.03883509445998763,35.37646354040075,9.692736845805985,37.68978149825161,43.66328551450377,-0.0353918036554147,0.022235879335510224,-0.09447114088899138,0.9054550304655875,-0.25491011455924467,0.10118734944077083,0.5901906913683721,0.4494128225614957
2026-06-14,15:08:44,salah,0.8909,0.54321,-0.07056,0.7832,-30.527,-93.069,-3.916,1.05518,-0.02783,0.0376,-6.771,-84.29,23.992,1007.97,44.081,0.9557499974888831,1.0562164083652554,98.0258718196375,87.89918432499815,-0.51197,-23.756,-0.04273,-8.778999999999996,0.7456,-27.908,-0.07389406702556194,-0.6045111495118718,-0.026351816689710598,-1.5264926749227417,-0.04754225033585134,0.9219815254108699,1.065580760222896,0.10266586294476156,1.0918172481021968,0.030949663484743647,56.176504605708864,37.515725934961694,63.59847308854643,42.20782511227218,-0.05126777585521155,0.028564627754833042,0.08362081754236587,0.5975334854265114,-0.22390226550201106,0.15414296535162172,0.8690965402549446,0.11338545977361006
2026-06-14,15:08:45,salah,0.7411,0.88721,-0.00732,0.44629,-5.916,88.794,-4.962,1.04419,0.07251,-0.13232,-12.214,39.763,-12.092,1007.97,44.081,0.993161583328715,1.0550350888003677,89.12909141240024,43.31852293188216,-0.1569799999999999,6.298,-0.07983000000000001,49.031,0.5786100000000001,7.130000000000001,-0.007370468603467979,-1.1046765822210922,0.06878179277973809,-1.4272900719435009,-0.07615226138320606,0.32261348972240866,1.010255336044035,0.06476672827795776,1.0727214005576915,0.02961642835179882,70.90548397369311,39.52020504355368,48.692948377969024,36.81443186972557,-0.04733440077117921,0.035229292432043265,-0.41262942725285184,0.8053192286394784,-0.1383234113415872,0.13323077818199666,0.6611750561731261,0.3071561523202984
2026-06-14,15:08:46,benar,0.6405,0.80322,-0.06494,1.05713,-2.725,-25.0,-5.099,1.05542,0.21826,0.17114,14.244,14.496,-0.794,1008.03,43.522,1.3292491899188803,1.0912551047303285,25.659801752936442,20.338534558812245,-0.2522,-16.969,-0.2832,-39.496,0.8859899999999999,-4.305,-0.0488741020925023,-0.6488442541190961,0.20136631847511915,-1.3138148165378452,-0.25024042056762147,0.6649705624187491,1.0927202569121595,0.20569238877687274,1.0675022006319839,0.020579096647021813,70.9382549949914,39.463805206776094,50.51874727189752,34.35102286857294,-0.04337954590717741,0.0336004449004961,-0.7860106619506867,0.27686157659987254,-0.12464497742889295,0.10970549068274854,0.6365218591840093,0.30069504001241
2026-06-14,15:08:47,benar,0.8422,0.62549,-0.05542,0.85449,-1.649,-35.443,-6.466,0.98291,0.14893,0.28784,-10.015,-39.939,20.687,1008.01,43.729,1.0604066562408971,1.034960906797933,36.06569846821215,46.080103244241975,-0.35741999999999996,8.366,-0.20435,4.496000000000002,0.56665,-27.153000000000002,-0.05228679005252222,-0.6308837388044952,0.14440045950267294,-1.2523000600594747,-0.19668724955519518,0.6214163212549795,1.1276058098294974,0.17783563902700902,1.0604170334428764,0.028530390398909727,50.28486387784961,34.04006729104986,36.57905357831213,14.132318457084681,-0.036177120249497506,0.025005579258835172,-0.7948015250482278,0.2685098849595783,-0.17435997716867424,0.08916586853286977,0.5363334577987123,0.18636365403892513
2026-06-14,15:08:48,benar,0.7502,0.96118,-0.04785,0.47217,20.595,-16.618,2.908,1.03564,0.04907,-0.24121,-0.679,-19.183,-0.802,1008.01,43.681,1.0719613443590212,1.0644906474929687,26.62270484004208,19.21176030456345,-0.07445999999999986,21.273999999999997,-0.09692,2.5650000000000013,0.71338,3.71,-0.04465264062641823,-1.1121563915987962,0.046113505314304006,-1.3374464105702049,-0.09076614594072224,0.22529001897140866,1.1538723968395994,0.15199059960226616,1.06356888634041,0.02815841637822873,29.449401687063556,5.750072426584494,28.543466035872555,15.197619500714067,-0.04860451092381426,0.003824208272792804,-0.7972947948407958,0.27282597724985747,-0.17923127202117964,0.08115752849055324,0.5038923008817124,0.2422574386784836
2026-06-14,15:08:49,benar,0.5893,0.97046,-0.02319,0.43018,0.305,1.466,-0.305,0.9646,0.04321,-0.34106,-3.947,1.153,3.725,1008.04,43.449,1.0617839799601425,1.0240323177029131,1.528138082766083,5.548318934596316,0.005859999999999976,4.252,-0.0664,0.31299999999999994,0.7712399999999999,-4.03,-0.02184233748343003,-1.1530117389789578,0.042208465533704775,-1.2284287229402329,-0.06405080301713481,0.07541698396127505,1.0647173268533536,0.006311188269550597,1.041161290664605,0.020929708130329717,21.405513797006773,17.850072300392206,23.613394161133915,20.621279550173167,-0.03959392272079016,0.01584011184286486,-0.9653506231274164,0.29037624280216207,-0.11716806617101742,0.07014914669079081,0.3073744413958877,0.2821031874773154
2026-06-14,15:08:50,benar,0.5625,0.96338,-0.03369,0.45654,2.718,2.855,4.267,0.98218,0.05127,-0.31592,2.687,1.847,-0.725,1008.04,43.469,1.0666137126907753,1.033010944617723,5.809116800340651,3.3402100233368555,-0.01880000000000004,0.03100000000000014,-0.08496000000000001,1.008,0.7724599999999999,4.992,-0.03159119746084508,-1.127199046825409,0.04965201236019981,-1.2557867475729911,-0.08124320982104488,0.1285877007475822,1.0667863456699795,0.005090877933718584,1.0405113032712017,0.021246426694819315,11.319986574382938,13.424290835410453,9.366763087498875,8.597203841598896,-0.03269539185689778,0.01144516999947838,-1.1307890591343877,0.02066291348460772,-0.07868671959296732,0.013539908367338028,0.14309823456008863,0.07598288195001623
2026-06-14,15:08:50,benar,0.7276,0.95508,-0.03906,0.4519,2.603,2.901,1.427,0.96045,0.06055,-0.32227,1.702,2.672,-2.061,1008.04,43.469,1.0573159887186045,1.0148834701087608,4.1506311568242245,3.779432364787072,-0.005369999999999986,0.9010000000000002,-0.09961,0.22899999999999965,0.77417,3.488,-0.036951006510391037,-1.1274146810488013,0.05969747389541433,-1.2417929033494008,-0.09664848040580537,0.11437822230059957,1.0619045604565074,0.00465003467812308,1.0239755774764656,0.009063870454074292,3.829295346643653,2.1585034682065953,4.222653774240081,1.1688755940406979,-0.030128180484888717,0.007659848820016953,-1.1358751556177227,0.014841108162869616,-0.08064749774799503,0.016307001485234614,0.10612763566981893,0.027528810648236025
2026-06-14,15:08:52,benar,0.756,0.94458,-0.03345,0.46851,0.176,1.771,0.092,0.97705,0.06958,-0.29736,-0.962,2.557,0.206,1008.03,43.517,1.0549179584214121,1.0236654963903002,1.782100165535035,2.7397315561930515,-0.03247,1.138,-0.10303000000000001,-0.786,0.76587,-0.11399999999999999,-0.03171394282393225,-1.1093424914725991,0.06802387088500689,-1.2678517891200587,-0.09973781370893914,0.15850929764745958,1.059615886610264,0.006177767777796185,1.0238533037055946,0.009065196451761346,3.913949374233303,2.0239143865065286,3.2864579814389927,0.5219304593084285,-0.03341871559838946,0.0030596692503106564,-1.1213187397822697,0.010372295657699935,-0.09254316797859646,0.009907208781300374,0.13382507356521378,0.02252688412410177
2026-06-14,15:08:53,benar,0.77,0.95654,-0.0437,0.44019,1.802,2.718,0.557,0.95898,0.05762,-0.3457,0.42,1.29,-0.908,1008.0,43.791,1.0538717653016423,1.0210147867685364,3.3083193618512707,1.632471745544161,-0.0024400000000001087,1.3820000000000001,-0.10132,1.428,0.78589,1.465,-0.041478037804157035,-1.1376356904484288,0.05646404863324726,-1.2204154086995735,-0.09794208643740429,0.08277971825114472,1.0553685708138862,0.001765773876428316,1.0198545844225324,0.004504503137435672,3.080350228070177,1.200609099016834,2.7172118888414283,1.0736574531517007,-0.03671432904616011,0.004886348315692281,-1.124797620989943,0.014327003510337616,-0.0981094601840496,0.0015514527201182819,0.11855574606640129,0.03803723277916084
2026-06-14,15:08:54,benar,0.7319,0.75464,-0.02612,0.43555,-5.824,107.427,-4.809,0.52417,-0.09082,0.17261,-1.55,81.481,-14.893,1008.03,43.566,0.8717038410492407,0.5592822841821471,107.69218070965042,82.84538194733608,0.23046999999999995,-4.274,0.0647,25.946000000000012,0.26293999999999995,10.084,-0.029968791006783808,-1.0465608249722413,-0.16310896995551863,-1.2145685810078715,0.1331401789487348,0.16800775603563012,0.9934978549240984,0.10547800714756962,0.8679875224469945,0.26734986378244496,37.59420007901224,60.711428105660595,29.072528416357766,46.57194798073304,-0.03438692387829103,0.006202766418980503,-1.0978463356310897,0.04661307734665897,-0.02151324039920287,0.13393679944703485,0.13643225731141148,0.0467065454582978
2026-06-14,15:08:54,benar,0.7929,0.40356,0.02124,0.83228,21.756,-6.656,3.687,0.97607,0.25879,0.36719,-14.076,-6.191,21.427,1008.03,43.566,0.9252036584449934,1.0744828547259373,23.04820689337893,26.373823878990322,-0.5725100000000001,35.832,-0.23755,-0.46499999999999986,0.46509,-17.74,0.02295912462914279,-0.4513547832700156,0.24324230809592234,-1.1394629520720736,-0.22028318346677955,0.688108168802058,0.9502597549319588,0.09363302908151735,0.8849266418922069,0.2832805929711253,44.68290232162687,55.45306720258068,36.95055919062352,41.62673051358155,-0.01616256806059935,0.03436561973315306,-0.8785170995635619,0.3727256244562845,-0.06169503031848301,0.17947814653388355,0.3129652143629443,0.32766618959717014
2026-06-14,15:08:56,benar,0.9059,0.40356,-0.01978,1.0791,-16.763,-9.969,-0.71,0.86353,0.3042,0.58179,-17.191,5.672,14.649,1008.03,43.551,1.1522624405924198,1.0847586390529462,19.51622991256252,23.287233970568508,-0.45997000000000005,0.42799999999999727,-0.32398000000000005,-15.640999999999998,0.4973099999999999,-15.358999999999998,-0.017167071384563765,-0.3578195402865659,0.28424314480492474,-0.9207524907504493,-0.3014102161894885,0.5629329504638834,0.9830566466955513,0.14895807508002673,0.906174592653677,0.3004614837103318,50.08553917186396,49.920061871912004,44.168813265631634,33.530426228406995,-0.008058912587401594,0.027614488604656123,-0.6185783828429409,0.37358257253010774,-0.12951774023584442,0.2310568885412802,0.4730162917671905,0.27145877030100785
2026-06-14,15:08:57,benar,0.6138,0.95801,-0.08252,0.46069,-7.084,8.153,1.229,1.04272,0.0752,-0.29077,-0.779,2.206,2.443,1007.95,44.213,1.066221359099507,1.0851116215855399,10.870368255031657,3.382532483214315,-0.08471000000000006,-6.305,-0.15772,5.947000000000001,0.75146,-1.214,-0.07747228466426706,-1.1163620094061801,0.06935721904764033,-1.2903550660022085,-0.1468295037119074,0.17399305659602837,1.0478958193789734,0.11463329225013452,1.0814510384548077,0.006037204446310536,17.811601686991036,6.265321740818039,17.681196777591047,12.478806424019723,-0.023893410473229345,0.05055244525556489,-0.6418454443209205,0.4135960448616842,-0.2228409677893918,0.07732209168795098,0.47501139195398995,0.26809744028573096
2026-06-14,15:08:57,benar,0.8656,0.51733,-0.08813,0.98755,17.664,7.504,7.351,1.08911,0.10718,0.35229,38.908,-12.26,-2.58,1007.95,44.213,1.1183256360738583,1.1496766452355203,20.551499045081844,40.875377233733275,-0.5717800000000001,-21.244,-0.19530999999999998,19.764,0.63526,9.931000000000001,-0.0788871072644661,-0.4809181187869295,0.0933617841160275,-1.2447575943398814,-0.1722488913804936,0.7638394755529518,1.1122698119219283,0.043339031838942055,1.1065156352913355,0.03737894773423393,16.979365737558673,5.3158097431461835,22.515047895838702,18.758346285644006,-0.057842154437765636,0.035232757723263175,-0.6516998894932252,0.40708903113287587,-0.20682953709396315,0.08288947436791673,0.5002551608709546,0.2998767721419387
2026-06-14,15:08:58,benar,0.9069,0.7373,-0.04834,0.84131,4.191,14.786,-4.504,1.00513,0.25757,0.10449,-6.542,3.244,-12.397,1007.98,43.971,1.119710034651829,1.0428551106937147,16.01487723961692,14.3877346722825,-0.2678300000000001,10.733,-0.30591,11.542,0.73682,7.893000000000001,-0.04318531332424201,-0.7187893938365741,0.24956804803809474,-1.3009998617837037,-0.29275336136233676,0.5822104679471296,1.1014190099417316,0.030489918144593765,1.092547792504925,0.05379760718585232,15.81224817991014,4.84374516726393,19.548548129743363,19.271840818371793,-0.06651490175099173,0.02021639688145885,-0.7720231740098947,0.3210492346120585,-0.20394391881824592,0.07795430797015389,0.5066810000320366,0.3020897629542077
2026-06-14,15:08:59,benar,0.9566,0.67358,-0.0437,0.81812,-8.275,-11.885,8.031,0.74512,0.09473,0.18994,-3.237,-38.985,31.977,1007.99,43.883,1.0606319063652572,0.7747611186036636,16.559764823209296,50.525606606947335,-0.07154000000000005,-5.038,-0.13843,27.1,0.62818,-23.945999999999998,-0.041213519303612695,-0.6881046230190498,0.12257666836957319,-1.293290044939081,-0.16379018767318587,0.6051854219200311,1.0995558590303147,0.03371623804874163,0.9890976248442995,0.19315230646059645,17.708713702636018,2.476953168129527,35.2629061709877,18.711261864561042,-0.054428646630773604,0.02120458005578893,-0.6292707118808512,0.1293899443476927,-0.20959748013867208,0.07213919083040214,0.6504117884733708,0.09890066872717163
2026-06-14,15:09:00,benar,0.8362,0.93604,-0.02002,0.47363,2.0,2.916,6.695,1.00146,-0.00952,-0.22778,2.779,-11.336,6.344,1008.02,43.667,1.0492364170671926,1.0270815402878195,7.571398879995691,13.284354444232509,-0.06542000000000003,-0.7789999999999999,-0.010499999999999999,14.252,0.70141,0.351,-0.019081700391699857,-1.1020058936790562,-0.009269114417389026,-1.3469643463433019,-0.00981258597431083,0.24495845266424565,1.0765261193614262,0.0378299114318561,0.9482325898617326,0.15043757803875576,13.382013647607302,5.039509758188577,26.06589857448745,21.189911508942174,-0.034493511006518186,0.013383382335389571,-0.8362999701782267,0.23061898691912272,-0.15545204500327783,0.14165455891598455,0.4774514475104688,0.20167227528080972
2026-06-14,15:09:02,benar,0.7779,0.95068,-0.06079,0.45801,-0.893,3.71,4.015,0.95947,0.07031,-0.33057,3.122,2.115,-1.16,1008.01,43.687,1.057005698470921,1.0172525261212184,5.539113105904229,3.9453401627743077,-0.008790000000000076,-4.015,-0.1311,1.5949999999999998,0.78858,5.175,-0.057543267031761304,-1.1184146107298896,0.06917269807660238,-1.2321266020382409,-0.1267159651083637,0.1137119913083513,1.0556246739677901,0.005821916831616679,0.9396983950042338,0.14292438993992732,9.890092269703072,5.864805652802087,22.585100404651385,24.643624166662743,-0.039279495575691284,0.0193035841992386,-0.9695083758093318,0.24384086114134815,-0.10010624625195347,0.08036375619299566,0.321285288630876,0.2544717521962135
2026-06-14,15:09:03,benar,0.7107,0.94824,-0.04712,0.44727,3.71,0.221,-1.328,0.9585,0.06396,-0.32739,-0.374,-0.397,-1.382,1007.99,43.854,1.049490278611479,1.0148878478432974,3.94671065572332,1.4857351715564924,-0.010260000000000047,4.084,-0.11108000000000001,0.618,0.77466,0.053999999999999826,-0.04491308425811206,-1.1279236114648368,0.06306353423343944,-1.2358846096637672,-0.10797661849155149,0.10796099819893046,1.051910798049864,0.004414138550870466,1.0197406380841116,0.006466417842423943,5.68574088054108,1.816787263004646,6.238476592854436,6.224605224478975,-0.04051268389385774,0.019604735897896432,-1.1161147052912608,0.013111033428979546,-0.08150172319140868,0.0627876586130202,0.1555438140571758,0.07748871968461493
2026-06-14,15:09:03,salah,0.7721,0.32471,-0.01245,0.74976,8.298,135.672,5.489,0.8667,0.30664,0.55713,-52.061,101.0,-41.115,1007.99,43.854,0.8171484835695407,1.074984100580097,136.03630952433252,120.83787049596663,-0.54199,60.359,-0.31909000000000004,34.672,0.19262999999999997,46.604,-0.015236498581652956,-0.40864868041910896,0.2892680169402104,-0.9377761122782332,-0.30450451552186336,0.5291274318591243,0.974548153550647,0.13636389722553688,1.0357081581815377,0.034034506964413846,48.507377761986696,75.80645986974909,42.08964861009914,68.20904816677601,-0.03923094995717544,0.02171821014340687,-0.8849956342046118,0.4125559605184372,-0.17973236637392617,0.10846131881990265,0.25026680712213534,0.24151750351054055
2026-06-14,15:09:05,salah,0.9485,-0.49585,0.03711,0.96558,-11.603,8.458,-8.298,0.33716,0.33301,1.01343,-2.237,15.015,-8.992,1008.02,43.657,1.086088905661042,1.1187550628265333,16.583852899733525,17.64399212196605,-0.83301,-9.366,-0.2959,-6.557,-0.04785000000000006,0.6940000000000008,0.03417512549918141,0.4741095756383897,0.3022418910438123,-0.30612986642536183,-0.26806676554463094,0.7802394420637515,0.984242555947354,0.14586016126183896,1.0695423370833093,0.05214699588240593,52.18895769326312,72.88832655395643,46.65586592982972,64.74951480904419,-0.008658152446861201,0.03995237426055252,-0.35415423874851865,0.8024056432221625,-0.22684929985268196,0.10454646424599667,0.47244262404060205,0.3397049485942079
2026-06-14,15:09:05,salah,0.8583,0.9292,-0.13403,0.45825,9.939,-83.695,0.588,1.052,-0.00146,-0.30591,-12.214,-42.473,0.473,1007.92,44.467,1.044686433050607,1.0955761314030168,84.28512614927973,44.196846652221694,-0.12280000000000002,22.153,-0.13257000000000002,-41.221999999999994,0.76416,0.11499999999999999,-0.12865146614025158,-1.0961479895156452,-0.0013326325656033999,-1.2878082359536394,-0.12731883357464818,0.19166024643799418,0.98264127409373,0.14480828350331634,1.0964384316032156,0.021898218083240984,78.9684295244486,59.90344560760503,60.892903090051455,53.584632674848145,-0.03657094640757438,0.0834834937832407,-0.3435623647654548,0.7871495261987362,-0.23329670488038082,0.09357034418405034,0.5003423734536233,0.2953435322999675
2026-06-14,15:09:06,salah,0.8696,0.43628,-0.09277,0.85913,-29.145,111.779,12.794,1.02734,0.06519,0.09937,6.824,92.496,-21.924,1007.97,44.047,0.9680138781029949,1.034191282403792,116.2224690066426,95.30340375873256,-0.5910599999999999,-35.969,-0.15796,19.283,0.75976,34.718,-0.09598271125611516,-0.4675448820342351,0.0630765789708311,-1.4556260130426495,-0.15905929022694626,0.9880811310084143,1.0329297389382146,0.059909038763342415,1.0828408255444473,0.04369667322954797,72.36381601855196,50.8778112869426,52.3814141776401,39.47133660171374,-0.0634863506323951,0.08614020447252731,-0.3631944319704969,0.7903125758535341,-0.18481496311540846,0.07382419049952274,0.65332693983672,0.4131000408631393
2026-06-14,15:09:07,salah,0.9186,-0.28247,-0.03735,0.98096,13.336,23.26,0.412,0.44531,0.30835,0.98364,-10.718,24.542,-6.282,1007.97,44.047,1.0215022491409405,1.1229106679518188,26.815037572228015,27.507250171545685,-0.72778,24.054000000000002,-0.3457,-1.282,-0.0026799999999999047,6.694,-0.036571948106578316,0.2801752917838697,0.2781725104458682,-0.40777484822450777,-0.31474445855244654,0.6879501400083774,1.0114008534315142,0.03932173466427262,1.0842260272528759,0.045435679715055896,75.77421090938346,45.30727267879198,55.669166860833315,35.3240740647373,-0.08706870850098168,0.04668248059140908,-0.42783919325533687,0.6890202101192829,-0.20037419411801363,0.10031092755640175,0.6225638391515953,0.40221646236794295
2026-06-14,15:09:08,salah,0.8715,-0.55127,-0.02368,1.08032,9.351,-32.511,7.107,0.53906,0.30493,0.87793,14.634,-93.412,32.26,1007.99,43.86,1.2130748772025575,1.0743970743631053,34.56755373178727,99.90326971626104,-1.09033,-5.2829999999999995,-0.32860999999999996,60.901,0.20238999999999996,-25.153,-0.0195218816103735,0.4717436824290182,0.28777037799382027,-0.5256005269854689,-0.30729225960419376,0.9973442094144871,1.0675303348154976,0.1288513167300483,1.0771663415729054,0.04442447493965808,59.20168677021929,49.53334817919401,74.23797454884642,40.53529501961525,-0.05069218032435566,0.040138514371383376,0.09479136405955092,0.4963276662918675,-0.26036533612786217,0.08781269850852978,0.8911251601437596,0.17601567475838334
2026-06-14,15:09:09,salah,0.8464,0.89917,0.0083,0.49219,8.16,-53.779,-3.206,1.021,0.01196,-0.24023,-7.603,-22.099,9.893,1008.02,43.652,1.0250983245523329,1.0489492335189534,54.488942704001886,25.37799950744739,-0.12182999999999988,15.763,-0.00366,-31.680000000000003,0.7324200000000001,-13.099,0.008096872743064384,-1.069904985758649,0.011402133450229918,-1.3394344624241237,-0.0033052607071655336,0.2695294766654748,1.0865584836319435,0.10958116316765831,1.0820856586112926,0.03757538012645871,38.62384466933906,14.275902018371855,50.9295064650847,42.425882929343295,-0.015998985657962476,0.022541827475672956,-0.10599533718192033,0.8402475647320125,-0.20844732628793528,0.17769731039143422,0.6516079420294464,0.36526584540178936
2026-06-14,15:09:10,salah,0.7763,0.95776,-0.04688,0.4624,-10.176,-0.763,-4.855,0.95947,0.04883,-0.33545,8.412,-0.931,-7.191,1008.05,43.382,1.0645730186323528,1.0175921345509704,11.30062697375681,11.105808660336265,-0.0017100000000001003,-18.588,-0.09570999999999999,0.16800000000000004,0.79785,2.3359999999999994,-0.04405067951899934,-1.1190035493054744,0.04800426161556201,-1.2311804037631808,-0.09205494113456135,0.11217685445770642,1.1009154067957476,0.099117975007714,1.0469794808110098,0.02845365075105313,33.45237446984866,21.615743625735547,45.46235929468156,47.68420496917109,-0.018491896128769485,0.026089029385939277,-0.5723882842117017,0.9045779900353277,-0.1342174871486402,0.15631789433522142,0.4596835135125561,0.4722279427005847
2026-06-14,15:09:11,benar,0.5177,0.95313,-0.01733,0.45557,4.817,2.359,2.076,0.9585,0.09009,-0.34668,2.992,1.458,-2.237,1008.02,43.603,1.0565515371717558,1.0232426303179516,5.751360360818995,4.010236526690165,-0.005369999999999986,1.8250000000000002,-0.10742,0.901,0.8022499999999999,4.313000000000001,-0.01640315360224921,-1.124644056953797,0.08815778059316028,-1.2131631649343635,-0.10456093419540949,0.0885191079805665,1.0487409601188138,0.02086424462094776,1.0299279994626251,0.01671339386158254,23.846976679525895,26.681382111300422,13.49801489815794,10.882890779276408,-0.017452320126061387,0.02608960261343938,-1.1045175306726402,0.03010772377148414,-0.06664037867904546,0.05520509797105206,0.15674181303458257,0.0983906247697443
2026-06-14,15:09:13,benar,0.6273,0.94922,-0.01392,0.46167,-0.038,3.611,0.42,0.94653,0.08252,-0.34888,1.977,2.55,3.565,1008.03,43.584,1.0556285159562524,1.012149122264106,3.6355419128377546,4.8083525245139835,0.00268999999999997,-2.015,-0.09644,1.0610000000000004,0.8105500000000001,-3.145,-0.013186839134896133,-1.1179351367644923,0.08162008130613926,-1.2087345466269548,-0.09480692044103539,0.09079940986246249,1.058917690586787,0.004919353973672716,1.0176612957110092,0.005547077400282826,6.895843082471186,3.958631426756149,6.641465903846805,3.8867743016620495,-0.024546890752048228,0.016967159511468398,-1.1205275810079212,0.0036047755823576722,-0.09714093192366874,0.00657158069343242,0.09716512410024514,0.01305043985511554
2026-06-14,15:09:13,benar,0.7146,0.94897,-0.02515,0.46851,1.656,0.786,-0.267,0.95337,0.08154,-0.35303,1.649,0.954,-0.595,1008.03,43.551,1.0586208969692597,1.019898676045812,1.852409511960031,1.9958311551832233,-0.0044000000000000705,0.006999999999999895,-0.10669000000000001,-0.16799999999999993,0.8215399999999999,0.32799999999999996,-0.023759559696815074,-1.1116270735089053,0.0800345348458815,-1.2076091944284306,-0.10379409454269657,0.0959821209195253,1.0569336500324227,0.0015323490824439218,1.0184301428759566,0.005690687347624145,3.7464372618722606,1.951839584669453,3.604806735462457,1.4494306123256646,-0.017783184144653474,0.005419775663584458,-1.1180687557423983,0.006509520337520227,-0.10105398305971382,0.005423684567202469,0.0917668795875181,0.0038244135215011656
2026-06-14,15:09:14,benar,0.6811,0.96948,-0.02979,0.46802,5.573,0.725,1.855,0.9375,0.06909,-0.32764,1.977,2.794,-0.298,1008.03,43.536,1.0769501543247022,0.9955037155631314,5.918190517379447,3.435661362823758,0.03198000000000001,3.596,-0.09888,-2.069,0.79566,2.153,-0.02766497609872098,-1.120248758381874,0.0694578865718609,-1.2277497710055365,-0.09712286267058189,0.1075010126236624,1.0637331890834048,0.011543600550694758,1.0091838379576832,0.012464878960556548,3.8020473140590774,2.037998241531193,3.413281680840322,1.4063942373530274,-0.02153712497681073,0.007490562365358722,-1.1166036562184238,0.004462397656598257,-0.09857462588477128,0.004666158688466085,0.09809418113521673,0.00854877081598636
2026-06-14,15:09:15,benar,0.6301,0.94263,-0.0542,0.43896,-5.595,21.466,4.855,0.96777,0.06689,-0.33838,0.794,7.908,-1.908,1008.0,43.82,1.041237167267861,1.0274016105691095,22.708240927029113,8.173577185051842,-0.02514000000000005,-6.388999999999999,-0.12109,13.558,0.77734,6.763,-0.05207699833470531,-1.1320809108150685,0.06515207398604972,-1.2284178585001184,-0.11722907232075502,0.09633694768504997,1.058936072853941,0.017858579535036903,1.0142680007260176,0.01667774879505042,10.159613652122864,11.055934092576624,4.535023234352941,3.2322722496439686,-0.034500511376747124,0.015346424328016106,-1.1213189142352826,0.0102688261402989,-0.10604867651134449,0.010240960478109129,0.09994002707607923,0.006550408563322942
2026-06-14,15:09:16,benar,0.6995,0.9248,-0.04028,0.51099,-4.42,3.191,-2.397,0.96948,0.08252,-0.30981,-6.351,-0.038,5.344,1007.99,43.864,1.0573496576345973,1.0211186301796673,5.9552069653371404,8.300300054817296,-0.04468000000000005,1.931,-0.12279999999999999,3.2289999999999996,0.8208,-7.741,-0.03810447069365035,-1.064692107686063,0.08090155509362927,-1.251413413972407,-0.11900602578727962,0.18672130628634398,1.0585123264090537,0.017884859802074066,1.0146746521039693,0.016897117107162296,11.527212803248567,9.683072083948023,6.636512867564299,2.7727427644807294,-0.039282148375692216,0.012248546891555462,-1.1056739256276684,0.03598099511061042,-0.11111932025953884,0.012153806386690197,0.1301864221983521,0.0492778238726143
2026-06-14,15:09:17,benar,0.6426,0.93677,-0.0542,0.48364,-11.099,5.435,-0.969,0.96045,0.07593,-0.33667,1.84,-0.748,0.176,1008.02,43.603,1.055643558451431,1.0205764333453915,12.396208573592169,1.9940110330687741,-0.023680000000000034,-12.939,-0.13013,6.183,0.8203100000000001,-1.145,-0.051365672334649226,-1.0916576448829722,0.07446793874965593,-1.225826954150882,-0.12583361108430516,0.1341693092679097,1.0514101277846297,0.008851244989406959,1.023032224698056,0.003793697934653665,13.686552155319475,8.450726397747108,6.155962757645971,3.604912799183044,-0.04718238045433496,0.007869741443461704,-1.0961435544613678,0.033917624258622936,-0.12068956973077993,0.004542605198631251,0.13907585441310122,0.045391504809690765
2026-06-14,15:09:18,benar,0.6971,0.93018,-0.05811,0.48901,2.061,-1.099,1.099,0.96411,0.05615,-0.32178,-1.954,-0.405,1.733,1008.02,43.609,1.0524934130910273,1.0179407070158852,2.5813413179972926,2.6429964055972532,-0.033930000000000016,4.015,-0.11426,-0.694,0.81079,-0.6340000000000001,-0.05523983612397698,-1.0838951436405035,0.05518839448718151,-1.244132163798609,-0.1104282306111585,0.16023702015810537,1.0551622097256852,0.0024636457159201057,1.0198785901803147,0.0017000110943782053,6.977585618975534,4.986667062758323,4.312435831161108,3.468802574834248,-0.04823665971742552,0.008986001729176728,-1.0800816320698463,0.013881361675070912,-0.11842262249424777,0.007719242607428684,0.16037587857078636,0.026276273687501055
2026-06-14,15:09:19,benar,0.7243,0.93701,-0.09766,0.47144,2.969,3.588,-1.382,0.96826,0.01807,-0.30518,1.466,-1.87,-2.947,1008.03,43.517,1.0534613848167385,1.0153761790095335,4.85784201060512,3.7856128962164104,-0.03125,1.503,-0.11573,5.458,0.7766200000000001,1.5650000000000002,-0.09283721929787987,-1.0961585584984483,0.017797299481692466,-1.2649661140987847,-0.11063451877957234,0.16880755560033633,1.053866118786399,0.001613601914217343,1.01796443979027,0.0026002083998860233,6.611797300731527,5.137136768770998,2.8075401116274796,0.9070641004935326,-0.0664809092521687,0.02290728259060591,-1.090570449007308,0.006203574143069551,-0.11563212015834534,0.008835352371945182,0.15440462834211713,0.018040638097580462
2026-06-14,15:09:22,benar,0.7568,0.94238,-0.10571,0.48218,-1.489,1.344,-1.885,0.97485,0.02295,-0.2981,-0.847,-0.16,1.794,1008.04,43.44,1.0638384374048533,1.0196680023419389,2.752577337696436,1.9903379110090829,-0.03247,-0.6420000000000001,-0.12866,1.504,0.78028,-3.6790000000000003,-0.0995308424308246,-1.0882797161163835,0.022509226565943383,-1.273208228504404,-0.12204006899676799,0.18492851238802044,1.0565977451042063,0.006289273492219115,1.0176616294557859,0.0021594791252888047,3.39725355543295,1.2678010175683216,2.8063157376075822,0.9087122598952969,-0.08253596595089381,0.02387488587003921,-1.0894444727517785,0.006214123390252862,-0.11436760612916629,0.006645348263496221,0.17132436271548737,0.012536673628843711
