date,time,prediction,confidence,ax1,ay1,az1,gx1,gy1,gz1,ax2,ay2,az2,gx2,gy2,gz2,pressure_hpa,altitude_m,acc_mag1,acc_mag2,gyro_mag1,gyro_mag2,diff_ax,diff_gx,diff_ay,diff_gy,diff_az,diff_gz,roll1,pitch1,roll2,pitch2,diff_roll,diff_pitch,acc_mag1_rm3,acc_mag1_rs3,acc_mag2_rm3,acc_mag2_rs3,gyro_mag1_rm3,gyro_mag1_rs3,gyro_mag2_rm3,gyro_mag2_rs3,roll1_rm3,roll1_rs3,pitch1_rm3,pitch1_rs3,diff_roll_rm3,diff_roll_rs3,diff_pitch_rm3,diff_pitch_rs3
2026-06-14,22:31:06,salah,0.5929,0.0,0.0,0.0,0.0,0.0,0.0,0.0,0.0,0.0,0.0,0.0,0.0,0.0,0.0,0.0,0.0,0.0,0.0,0.0,0.0,0.0,0.0,0.0,0.0,0.0,-0.0,0.0,-0.0,0.0,0.0,0.0,0.0,0.0,0.0,0.0,0.0,0.0,0.0,0.0,0.0,-0.0,0.0,0.0,0.0,0.0,0.0
2026-06-14,22:31:07,tidak pasti,0.5456,0.0,0.0,0.0,0.0,0.0,0.0,0.0,0.0,0.0,0.0,0.0,0.0,1012.14,9.21,0.0,0.0,0.0,0.0,0.0,0.0,0.0,0.0,0.0,0.0,0.0,-0.0,0.0,-0.0,0.0,0.0,0.0,0.0,0.0,0.0,0.0,0.0,0.0,0.0,0.0,0.0,-0.0,0.0,0.0,0.0,0.0,0.0
2026-06-14,22:31:07,tidak pasti,0.5456,0.0,0.0,0.0,0.0,0.0,0.0,0.0,0.0,0.0,0.0,0.0,0.0,1012.14,9.21,0.0,0.0,0.0,0.0,0.0,0.0,0.0,0.0,0.0,0.0,0.0,-0.0,0.0,-0.0,0.0,0.0,0.0,0.0,0.0,0.0,0.0,0.0,0.0,0.0,0.0,0.0,-0.0,0.0,0.0,0.0,0.0,0.0
2026-06-14,22:31:07,tidak pasti,0.5456,0.0,0.0,0.0,0.0,0.0,0.0,0.0,0.0,0.0,0.0,0.0,0.0,1012.13,9.369,0.0,0.0,0.0,0.0,0.0,0.0,0.0,0.0,0.0,0.0,0.0,-0.0,0.0,-0.0,0.0,0.0,0.0,0.0,0.0,0.0,0.0,0.0,0.0,0.0,0.0,0.0,-0.0,0.0,0.0,0.0,0.0,0.0
2026-06-14,22:31:08,tidak pasti,0.5456,0.0,0.0,0.0,0.0,0.0,0.0,0.0,0.0,0.0,0.0,0.0,0.0,1012.13,9.369,0.0,0.0,0.0,0.0,0.0,0.0,0.0,0.0,0.0,0.0,0.0,-0.0,0.0,-0.0,0.0,0.0,0.0,0.0,0.0,0.0,0.0,0.0,0.0,0.0,0.0,0.0,-0.0,0.0,0.0,0.0,0.0,0.0
2026-06-14,22:31:08,tidak pasti,0.5456,0.0,0.0,0.0,0.0,0.0,0.0,0.0,0.0,0.0,0.0,0.0,0.0,1012.13,9.369,0.0,0.0,0.0,0.0,0.0,0.0,0.0,0.0,0.0,0.0,0.0,-0.0,0.0,-0.0,0.0,0.0,0.0,0.0,0.0,0.0,0.0,0.0,0.0,0.0,0.0,0.0,-0.0,0.0,0.0,0.0,0.0,0.0
2026-06-14,22:31:09,tidak pasti,0.5456,0.0,0.0,0.0,0.0,0.0,0.0,0.0,0.0,0.0,0.0,0.0,0.0,1012.14,9.221,0.0,0.0,0.0,0.0,0.0,0.0,0.0,0.0,0.0,0.0,0.0,-0.0,0.0,-0.0,0.0,0.0,0.0,0.0,0.0,0.0,0.0,0.0,0.0,0.0,0.0,0.0,-0.0,0.0,0.0,0.0,0.0,0.0
2026-06-14,22:31:09,tidak pasti,0.5456,0.0,0.0,0.0,0.0,0.0,0.0,0.0,0.0,0.0,0.0,0.0,0.0,1012.14,9.221,0.0,0.0,0.0,0.0,0.0,0.0,0.0,0.0,0.0,0.0,0.0,-0.0,0.0,-0.0,0.0,0.0,0.0,0.0,0.0,0.0,0.0,0.0,0.0,0.0,0.0,0.0,-0.0,0.0,0.0,0.0,0.0,0.0
2026-06-14,22:31:09,tidak pasti,0.5456,0.0,0.0,0.0,0.0,0.0,0.0,0.0,0.0,0.0,0.0,0.0,0.0,1012.14,9.283,0.0,0.0,0.0,0.0,0.0,0.0,0.0,0.0,0.0,0.0,0.0,-0.0,0.0,-0.0,0.0,0.0,0.0,0.0,0.0,0.0,0.0,0.0,0.0,0.0,0.0,0.0,-0.0,0.0,0.0,0.0,0.0,0.0
2026-06-14,22:31:09,tidak pasti,0.5456,0.0,0.0,0.0,0.0,0.0,0.0,0.0,0.0,0.0,0.0,0.0,0.0,1012.14,9.283,0.0,0.0,0.0,0.0,0.0,0.0,0.0,0.0,0.0,0.0,0.0,-0.0,0.0,-0.0,0.0,0.0,0.0,0.0,0.0,0.0,0.0,0.0,0.0,0.0,0.0,0.0,-0.0,0.0,0.0,0.0,0.0,0.0
2026-06-14,22:31:10,tidak pasti,0.5456,0.0,0.0,0.0,0.0,0.0,0.0,0.0,0.0,0.0,0.0,0.0,0.0,1012.14,9.283,0.0,0.0,0.0,0.0,0.0,0.0,0.0,0.0,0.0,0.0,0.0,-0.0,0.0,-0.0,0.0,0.0,0.0,0.0,0.0,0.0,0.0,0.0,0.0,0.0,0.0,0.0,-0.0,0.0,0.0,0.0,0.0,0.0
2026-06-14,22:31:10,tidak pasti,0.5456,0.0,0.0,0.0,0.0,0.0,0.0,0.0,0.0,0.0,0.0,0.0,0.0,1012.14,9.283,0.0,0.0,0.0,0.0,0.0,0.0,0.0,0.0,0.0,0.0,0.0,-0.0,0.0,-0.0,0.0,0.0,0.0,0.0,0.0,0.0,0.0,0.0,0.0,0.0,0.0,0.0,-0.0,0.0,0.0,0.0,0.0,0.0
2026-06-14,22:31:10,tidak pasti,0.5456,0.0,0.0,0.0,0.0,0.0,0.0,0.0,0.0,0.0,0.0,0.0,0.0,1012.15,9.162,0.0,0.0,0.0,0.0,0.0,0.0,0.0,0.0,0.0,0.0,0.0,-0.0,0.0,-0.0,0.0,0.0,0.0,0.0,0.0,0.0,0.0,0.0,0.0,0.0,0.0,0.0,-0.0,0.0,0.0,0.0,0.0,0.0
2026-06-14,22:31:11,tidak pasti,0.5456,0.0,0.0,0.0,0.0,0.0,0.0,0.0,0.0,0.0,0.0,0.0,0.0,1012.15,9.162,0.0,0.0,0.0,0.0,0.0,0.0,0.0,0.0,0.0,0.0,0.0,-0.0,0.0,-0.0,0.0,0.0,0.0,0.0,0.0,0.0,0.0,0.0,0.0,0.0,0.0,0.0,-0.0,0.0,0.0,0.0,0.0,0.0
2026-06-14,22:31:11,tidak pasti,0.5456,0.0,0.0,0.0,0.0,0.0,0.0,0.0,0.0,0.0,0.0,0.0,0.0,1012.11,9.46,0.0,0.0,0.0,0.0,0.0,0.0,0.0,0.0,0.0,0.0,0.0,-0.0,0.0,-0.0,0.0,0.0,0.0,0.0,0.0,0.0,0.0,0.0,0.0,0.0,0.0,0.0,-0.0,0.0,0.0,0.0,0.0,0.0
2026-06-14,22:31:11,tidak pasti,0.5456,0.0,0.0,0.0,0.0,0.0,0.0,0.0,0.0,0.0,0.0,0.0,0.0,1012.11,9.46,0.0,0.0,0.0,0.0,0.0,0.0,0.0,0.0,0.0,0.0,0.0,-0.0,0.0,-0.0,0.0,0.0,0.0,0.0,0.0,0.0,0.0,0.0,0.0,0.0,0.0,0.0,-0.0,0.0,0.0,0.0,0.0,0.0
2026-06-14,22:31:12,tidak pasti,0.5456,0.0,0.0,0.0,0.0,0.0,0.0,0.0,0.0,0.0,0.0,0.0,0.0,1012.11,9.46,0.0,0.0,0.0,0.0,0.0,0.0,0.0,0.0,0.0,0.0,0.0,-0.0,0.0,-0.0,0.0,0.0,0.0,0.0,0.0,0.0,0.0,0.0,0.0,0.0,0.0,0.0,-0.0,0.0,0.0,0.0,0.0,0.0
2026-06-14,22:31:12,tidak pasti,0.5456,0.0,0.0,0.0,0.0,0.0,0.0,0.0,0.0,0.0,0.0,0.0,0.0,1012.11,9.48,0.0,0.0,0.0,0.0,0.0,0.0,0.0,0.0,0.0,0.0,0.0,-0.0,0.0,-0.0,0.0,0.0,0.0,0.0,0.0,0.0,0.0,0.0,0.0,0.0,0.0,0.0,-0.0,0.0,0.0,0.0,0.0,0.0
2026-06-14,22:31:12,tidak pasti,0.5456,0.0,0.0,0.0,0.0,0.0,0.0,0.0,0.0,0.0,0.0,0.0,0.0,1012.11,9.48,0.0,0.0,0.0,0.0,0.0,0.0,0.0,0.0,0.0,0.0,0.0,-0.0,0.0,-0.0,0.0,0.0,0.0,0.0,0.0,0.0,0.0,0.0,0.0,0.0,0.0,0.0,-0.0,0.0,0.0,0.0,0.0,0.0
2026-06-14,22:31:13,tidak pasti,0.5456,0.0,0.0,0.0,0.0,0.0,0.0,0.0,0.0,0.0,0.0,0.0,0.0,1012.11,9.48,0.0,0.0,0.0,0.0,0.0,0.0,0.0,0.0,0.0,0.0,0.0,-0.0,0.0,-0.0,0.0,0.0,0.0,0.0,0.0,0.0,0.0,0.0,0.0,0.0,0.0,0.0,-0.0,0.0,0.0,0.0,0.0,0.0
2026-06-14,22:31:13,tidak pasti,0.5456,0.0,0.0,0.0,0.0,0.0,0.0,0.0,0.0,0.0,0.0,0.0,0.0,1012.11,9.48,0.0,0.0,0.0,0.0,0.0,0.0,0.0,0.0,0.0,0.0,0.0,-0.0,0.0,-0.0,0.0,0.0,0.0,0.0,0.0,0.0,0.0,0.0,0.0,0.0,0.0,0.0,-0.0,0.0,0.0,0.0,0.0,0.0
2026-06-14,22:31:13,tidak pasti,0.5456,0.0,0.0,0.0,0.0,0.0,0.0,0.0,0.0,0.0,0.0,0.0,0.0,1012.11,9.48,0.0,0.0,0.0,0.0,0.0,0.0,0.0,0.0,0.0,0.0,0.0,-0.0,0.0,-0.0,0.0,0.0,0.0,0.0,0.0,0.0,0.0,0.0,0.0,0.0,0.0,0.0,-0.0,0.0,0.0,0.0,0.0,0.0
2026-06-14,22:31:14,tidak pasti,0.5456,0.0,0.0,0.0,0.0,0.0,0.0,0.0,0.0,0.0,0.0,0.0,0.0,1012.11,9.48,0.0,0.0,0.0,0.0,0.0,0.0,0.0,0.0,0.0,0.0,0.0,-0.0,0.0,-0.0,0.0,0.0,0.0,0.0,0.0,0.0,0.0,0.0,0.0,0.0,0.0,0.0,-0.0,0.0,0.0,0.0,0.0,0.0
2026-06-14,22:31:14,tidak pasti,0.5456,0.0,0.0,0.0,0.0,0.0,0.0,0.0,0.0,0.0,0.0,0.0,0.0,1012.11,9.48,0.0,0.0,0.0,0.0,0.0,0.0,0.0,0.0,0.0,0.0,0.0,-0.0,0.0,-0.0,0.0,0.0,0.0,0.0,0.0,0.0,0.0,0.0,0.0,0.0,0.0,0.0,-0.0,0.0,0.0,0.0,0.0,0.0
2026-06-14,22:31:15,tidak pasti,0.5456,0.0,0.0,0.0,0.0,0.0,0.0,0.0,0.0,0.0,0.0,0.0,0.0,1012.11,9.48,0.0,0.0,0.0,0.0,0.0,0.0,0.0,0.0,0.0,0.0,0.0,-0.0,0.0,-0.0,0.0,0.0,0.0,0.0,0.0,0.0,0.0,0.0,0.0,0.0,0.0,0.0,-0.0,0.0,0.0,0.0,0.0,0.0
2026-06-14,22:31:15,tidak pasti,0.5456,0.0,0.0,0.0,0.0,0.0,0.0,0.0,0.0,0.0,0.0,0.0,0.0,1012.11,9.48,0.0,0.0,0.0,0.0,0.0,0.0,0.0,0.0,0.0,0.0,0.0,-0.0,0.0,-0.0,0.0,0.0,0.0,0.0,0.0,0.0,0.0,0.0,0.0,0.0,0.0,0.0,-0.0,0.0,0.0,0.0,0.0,0.0
2026-06-14,22:31:16,tidak pasti,0.5456,0.0,0.0,0.0,0.0,0.0,0.0,0.0,0.0,0.0,0.0,0.0,0.0,1012.11,9.48,0.0,0.0,0.0,0.0,0.0,0.0,0.0,0.0,0.0,0.0,0.0,-0.0,0.0,-0.0,0.0,0.0,0.0,0.0,0.0,0.0,0.0,0.0,0.0,0.0,0.0,0.0,-0.0,0.0,0.0,0.0,0.0,0.0
2026-06-14,22:31:16,tidak pasti,0.5456,0.0,0.0,0.0,0.0,0.0,0.0,0.0,0.0,0.0,0.0,0.0,0.0,1012.11,9.48,0.0,0.0,0.0,0.0,0.0,0.0,0.0,0.0,0.0,0.0,0.0,-0.0,0.0,-0.0,0.0,0.0,0.0,0.0,0.0,0.0,0.0,0.0,0.0,0.0,0.0,0.0,-0.0,0.0,0.0,0.0,0.0,0.0
2026-06-14,22:31:17,benar,0.5725,0.78174,-0.05786,0.71436,-48.679,4.504,-19.504,0.0,0.0,0.0,0.0,0.0,0.0,1012.11,9.48,1.0605542969598492,0.0,52.633991611885186,0.0,0.78174,-48.679,-0.05786,4.504,0.71436,-19.504,-0.054583476794768285,-0.8287765130760483,0.0,-0.0,-0.054583476794768285,-0.8287765130760483,0.3535180989866164,0.6123113088399832,0.0,0.0,17.544663870628394,30.38824922564642,0.0,0.0,-0.01819449226492276,0.03151378502076516,-0.2762588376920161,0.4784943429224959,-0.01819449226492276,0.03151378502076516,-0.2762588376920161,0.4784943429224959
2026-06-14,22:31:19,benar,0.6753,0.74854,-0.30249,0.66626,-50.573,53.878,-3.565,0.8623,0.03198,-0.38135,-19.305,-11.534,8.168,1012.11,9.48,1.0467639272061298,0.9434043846092725,73.98091941845546,23.925559659075898,-0.11375999999999997,-31.268,-0.33447,65.412,1.04761,-11.732999999999999,-0.29315737665500247,-0.7967659437488298,0.033905002358397246,-1.1531104323384223,-0.32706237901339974,0.35634448858959245,0.7024394080553263,0.6083694478409677,0.31446812820309084,0.5446747754088367,42.20497034344688,38.077125324309264,7.975186553025299,13.81342830967992,-0.11591361781659025,0.15590494386044393,-0.5418474856082928,0.469526561955961,-0.12721528526938933,0.17521125718171396,-0.15747734149548528,0.6080520388590167
2026-06-14,22:31:20,benar,0.727,0.74854,-0.30249,0.66626,-50.573,53.878,-3.565,0.8623,0.03198,-0.38135,-19.305,-11.534,8.168,1012.11,9.48,1.0467639272061298,0.9434043846092725,73.98091941845546,23.925559659075898,-0.11375999999999997,-31.268,-0.33447,65.412,1.04761,-11.732999999999999,-0.29315737665500247,-0.7967659437488298,0.033905002358397246,-1.1531104323384223,-0.32706237901339974,0.35634448858959245,1.0513607171240362,0.007961873689534363,0.6289362564061817,0.5446747754088367,66.86527681626536,12.324654515494856,15.950373106050598,13.81342830967992,-0.21363274336825774,0.137740705305925,-0.8074361335245692,0.018481310817982797,-0.23623607827385593,0.1573157675444206,-0.03869584529895446,0.6842299293339366
2026-06-14,22:31:22,benar,0.6244,0.74854,-0.30249,0.66626,-50.573,53.878,-3.565,0.8623,0.03198,-0.38135,-19.305,-11.534,8.168,1012.13,9.312,1.0467639272061298,0.9434043846092725,73.98091941845546,23.925559659075898,-0.11375999999999997,-31.268,-0.33447,65.412,1.04761,-11.732999999999999,-0.29315737665500247,-0.7967659437488298,0.033905002358397246,-1.1531104323384223,-0.32706237901339974,0.35634448858959245,1.0467639272061298,0.0,0.9434043846092725,0.0,73.98091941845546,0.0,23.925559659075898,0.0,-0.29315737665500247,0.0,-0.7967659437488298,0.0,-0.32706237901339974,0.0,0.35634448858959245,0.0
2026-06-14,22:31:23,benar,0.6244,0.74854,-0.30249,0.66626,-50.573,53.878,-3.565,0.8623,0.03198,-0.38135,-19.305,-11.534,8.168,1012.13,9.312,1.0467639272061298,0.9434043846092725,73.98091941845546,23.925559659075898,-0.11375999999999997,-31.268,-0.33447,65.412,1.04761,-11.732999999999999,-0.29315737665500247,-0.7967659437488298,0.033905002358397246,-1.1531104323384223,-0.32706237901339974,0.35634448858959245,1.0467639272061298,0.0,0.9434043846092725,0.0,73.98091941845546,0.0,23.925559659075898,0.0,-0.29315737665500247,0.0,-0.7967659437488298,0.0,-0.32706237901339974,0.0,0.35634448858959245,0.0
2026-06-14,22:31:25,benar,0.6718,0.74854,-0.30249,0.66626,-50.573,53.878,-3.565,1.20508,0.02222,0.03809,47.481,24.634,-38.893,1012.15,9.192,1.0467639272061298,1.2058865547388775,73.98091941845546,66.13580547630761,-0.45653999999999995,-98.054,-0.32471,29.244,0.62817,35.328,-0.29315737665500247,-0.7967659437488298,0.018427320107870532,-1.5342197620593698,-0.311584696762873,0.73745381831054,1.0467639272061298,0.0,1.0308984413191409,0.1515441515818046,73.98091941845546,0.0,37.995641598153135,24.370096785139,-0.29315737665500247,0.0,-0.7967659437488298,0.0,-0.3219031515965575,0.008936044013773108,0.48338093182990827,0.22003357410506694
2026-06-14,22:31:27,benar,0.6962,0.88379,0.02734,0.60938,17.023,-3.924,5.634,1.20508,0.02222,0.03809,47.481,24.634,-38.893,1012.12,9.45,1.073860430456398,1.2058865547388775,18.355442271980266,66.13580547630761,-0.32128999999999996,-30.458000000000002,0.0051199999999999996,-28.558,0.5712900000000001,44.527,0.025462298116179404,-0.9666769930725997,0.018427320107870532,-1.5342197620593698,0.007034978008308872,0.5675427689867701,1.055796094956219,0.015644173445639908,1.1183924980290092,0.1515441515818046,55.439093702963724,32.11538420431883,52.065723537230376,24.370096785139,-0.18695081839794184,0.18395515499825288,-0.8534029601900864,0.09809819006537032,-0.21053736592265462,0.18858203332945633,0.5537803586289676,0.19092703646741574
2026-06-14,22:31:28,benar,0.6743,0.88379,0.02734,0.60938,17.023,-3.924,5.634,0.99341,-0.03418,-0.27222,-17.756,-10.046,13.794,1012.13,9.345,1.073860430456398,1.0305995482727517,18.355442271980266,24.626654015517413,-0.10962000000000005,34.778999999999996,0.061520000000000005,6.122,0.8816,-8.16,0.025462298116179404,-0.9666769930725997,-0.033171243913543175,-1.3013357864556798,0.05863354202972258,0.33465879338308013,1.0648282627063086,0.015644173445639974,1.1474575525835022,0.10120200036866142,36.897267987472,32.11538420431883,52.29942165604421,23.965319769720164,-0.08074426014088122,0.18395515499825285,-0.9100399766313431,0.09809819006537032,-0.0819720589082805,0.2005170205971956,0.5465517935601301,0.20221627979368922
2026-06-14,22:31:29,benar,0.746,0.87012,-0.00146,0.60156,15.206,10.168,9.26,1.02319,-0.01196,-0.18262,-53.183,-20.107,12.634,1012.14,9.283,1.0578210527305647,1.0394281514852288,20.502640317773707,58.24380562772319,-0.15307000000000004,68.389,0.0105,30.275,0.78418,-3.3740000000000006,-0.0013801960722816821,-0.9658960013788954,-0.011506580705558272,-1.3938045579943348,0.01012638463327659,0.42790855661543936,1.0685139712144534,0.009260339047643912,1.0919714181656193,0.09875211295992044,19.071174953911413,1.2396853697422818,49.66875503984941,22.043162957868617,0.016514800053359042,0.015497521245428972,-0.9664166625080316,0.00045090576459502166,0.02526496822376935,0.02893934151138783,0.4433700396617632,0.11720934099609484
2026-06-14,22:31:31,benar,0.6229,0.90503,-0.00391,0.57764,4.992,1.42,2.061,0.97925,-0.01489,-0.31372,2.733,1.55,-0.893,1012.16,9.048,1.0736678064466683,1.0283834464828767,5.584280168472925,3.266379953404074,-0.07421999999999995,2.259,0.01098,-0.13000000000000012,0.89136,2.9539999999999997,-0.003641730352189269,-1.002711605639115,-0.014479541019676856,-1.260432896301393,0.010837810667487586,0.2577212906622781,1.0684497632112102,0.009205237143241887,1.0328037154136191,0.005842956591992217,14.814120919408966,8.065053321441495,28.712279865548226,27.71549363413271,0.006813457230569485,0.016189906859132835,-0.9784282000302035,0.021033671291089417,0.02653257911016225,0.0278025250116384,0.3400962135535992,0.08522382605079454
2026-06-14,22:31:32,benar,0.6102,0.90503,-0.00391,0.57764,4.992,1.42,2.061,0.97925,-0.01489,-0.31372,2.733,1.55,-0.893,1012.14,9.268,1.0736678064466683,1.0283834464828767,5.584280168472925,3.266379953404074,-0.07421999999999995,2.259,0.01098,-0.13000000000000012,0.89136,2.9539999999999997,-0.003641730352189269,-1.002711605639115,-0.014479541019676856,-1.260432896301393,0.010837810667487586,0.2577212906622781,1.068385555207967,0.00914912752377409,1.032065014816994,0.006376663406227995,10.557066884906519,8.613119248066592,21.592188511510447,31.741231512420786,-0.0028878855922200735,0.001305697425286212,-0.9904397375523751,0.02125549903001647,0.010600668656083922,0.0004107420123602266,0.31445037931333186,0.09825766381070407
2026-06-14,22:31:34,salah,0.7827,-0.27515,-0.02515,1.04272,-0.534,-1.328,-3.504,0.54321,0.0498,0.98657,1.359,3.634,-0.366,1012.14,9.25,1.0787052625254037,1.1273320313909296,3.785070144660466,3.8970236078320077,-0.81836,-1.893,-0.07494999999999999,-4.962,0.056150000000000144,-3.138,-0.023317100556077303,0.25792455383928664,0.044189475462995245,-0.5027698730913059,-0.06750657601907255,0.7606944269305926,1.0753469584729134,0.0029083766230888018,1.0613663081188944,0.05712799213259686,4.984543493868772,1.0387743915767962,3.4765945048800524,0.36410228364669683,-0.010200187086818614,0.011359580283620297,-0.5824995524796478,0.7278286260250312,-0.015276984894699126,0.045232152742981625,0.4253790027517163,0.2903916756196617
2026-06-14,22:31:35,salah,0.8894,-0.33179,-0.05078,0.99121,-0.641,1.221,0.084,0.5127,0.03418,0.99902,-0.664,0.603,-0.924,1012.12,9.375,1.0464991526991314,1.123419121610452,1.3815853212885552,1.287742598503288,-0.84449,0.02300000000000002,-0.08496000000000001,0.6180000000000001,-0.007809999999999984,1.008,-0.04854275160413673,0.32261481449883145,0.030429672056940027,-0.47391651335586016,-0.07897242366107676,0.7965313278546916,1.0662907405570679,0.017324093147697773,1.093044866494753,0.05603259894205993,3.583645211473982,2.1085753478164824,2.817048719913123,1.36143702184631,-0.0251671941708011,0.022507611204976654,-0.1407240791003323,0.747203506005818,-0.04521372967088724,0.048879420989469166,0.6049823484825207,0.30127023181155216
2026-06-14,22:31:37,salah,0.8383,-0.33179,-0.05078,0.99121,-0.641,1.221,0.084,0.5127,0.03418,0.99902,-0.664,0.603,-0.924,1012.14,9.245,1.0464991526991314,1.123419121610452,1.3815853212885552,1.287742598503288,-0.84449,0.02300000000000002,-0.08496000000000001,0.6180000000000001,-0.007809999999999984,1.008,-0.04854275160413673,0.32261481449883145,0.030429672056940027,-0.47391651335586016,-0.07897242366107676,0.7965313278546916,1.057234522641222,0.018594206177748856,1.1247234248706113,0.0022591195150733607,2.182746929079192,1.3876526097669528,2.1575029349461947,1.5064690931273146,-0.040134201254783584,0.014564036423080672,0.3010513942789832,0.03734893940573523,-0.07515047444707536,0.006619810222598365,0.7845856942133252,0.02069044439545044
2026-06-14,22:31:38,salah,0.6939,0.9541,0.01099,0.51001,8.908,-1.122,-16.053,0.77734,0.01221,-0.61426,-10.298,-7.824,1.847,1012.15,9.192,1.081913947687153,0.9908188064928926,18.393209535043088,13.064271468398076,0.17675999999999992,19.206,-0.0012200000000000006,6.702,1.12427,-17.900000000000002,0.010158099005706684,-1.0797991246772927,0.012323453050639472,-0.9019588408093312,-0.002165354044932788,-0.17784028386796147,1.0583040843618052,0.020446741419629766,1.0792190165712656,0.07655682762775222,7.0521267258734,9.821665819163934,5.21325222180155,6.799182113153155,-0.02897580140085559,0.0338909519012531,-0.1448564985598766,0.8096840652986187,-0.05337006712236211,0.04434458231854705,0.4717407906138072,0.5625537123188032
2026-06-14,22:31:40,salah,0.6153,1.03271,-0.00171,0.53638,43.466,-4.282,10.115,0.65894,0.073,-0.69946,0.435,-4.046,-1.328,1012.15,9.187,1.1636994339605051,0.9637298455480146,44.83237563413298,4.280528588854419,0.37377000000000005,43.031,-0.07471,-0.23599999999999977,1.23584,11.443,-0.0014694521317316948,-1.0917546646640643,0.07581999184201517,-0.7528747054890893,-0.07728944397374686,-0.33887995917497504,1.0973708447822632,0.06010959351711589,1.0259892578837864,0.08545692897954946,21.535723496821543,21.89518988733994,6.210847551918594,6.120968594123009,-0.013284701576720579,0.031082914200011413,-0.6163129916141752,0.8131573049252104,-0.052809073893252144,0.0438668197526705,0.09327036160391837,0.614341463882038
2026-06-14,22:31:41,benar,0.5906,1.03271,-0.00171,0.53638,43.466,-4.282,10.115,0.65894,0.073,-0.69946,0.435,-4.046,-1.328,1012.11,9.503,1.1636994339605051,0.9637298455480146,44.83237563413298,4.280528588854419,0.37377000000000005,43.031,-0.07471,-0.23599999999999977,1.23584,11.443,-0.0014694521317316948,-1.0917546646640643,0.07581999184201517,-0.7528747054890893,-0.07728944397374686,-0.33887995917497504,1.136437605202721,0.047218872515724326,0.9727594991963072,0.015639818893592543,36.01932026776968,15.264659664458774,7.208442882035638,5.071296315996989,0.0024063982474144315,0.006713169779216187,-1.0877694846684738,0.006902534229669965,-0.05224808066414217,0.04337291354302646,-0.28520006740597054,0.09297629988871421
2026-06-14,22:31:42,tidak pasti,0.5135,0.99292,0.06812,0.43677,-1.565,3.168,2.282,0.68555,0.01782,-0.68701,11.305,9.053,6.405,1012.13,9.322,1.086875564956725,0.9707106134167897,4.206301582150286,15.836156699148946,0.30737000000000003,-12.87,0.0503,-5.885000000000001,1.12378,-4.123,0.06271617369206305,-1.1519393942998415,0.018358716584368145,-0.7841663130189764,0.0443574571076949,-0.36777308128086506,1.1380914776259117,0.04435428144952097,0.9660567681709397,0.004030348208187613,31.29035095013875,23.455474790029882,8.13240462561926,6.6716450001337515,0.019925756476199884,0.037057588347472484,-1.1118162412093235,0.034747669856320815,-0.036740476946599605,0.07023287108545417,-0.3485109998769384,0.016681451825564318
2026-06-14,22:31:43,salah,0.5168,0.99292,0.06812,0.43677,-1.565,3.168,2.282,0.68555,0.01782,-0.68701,11.305,9.053,6.405,1012.13,9.322,1.086875564956725,0.9707106134167897,4.206301582150286,15.836156699148946,0.30737000000000003,-12.87,0.0503,-5.885000000000001,1.12378,-4.123,0.06271617369206305,-1.1519393942998415,0.018358716584368145,-0.7841663130189764,0.0443574571076949,-0.36777308128086506,1.1124835212913184,0.04435428144952102,0.9683836907938647,0.004030348208187558,17.748326266144517,23.45547479002988,11.984280662384103,6.6716450001337515,0.04132096508413147,0.03705758834747249,-1.1318778177545825,0.034747669856320766,0.003808490080547645,0.07023287108545417,-0.3581420405789017,0.01668145182556433
2026-06-14,22:31:45,benar,0.6454,0.90112,-0.01074,0.57471,3.641,2.511,2.321,0.89844,-0.00562,-0.47192,0.076,1.267,-1.786,1012.14,9.206,1.068842451486654,1.0148568886301161,4.99490170073446,2.191086716677366,0.0026800000000000157,3.565,-0.0051199999999999996,1.2440000000000002,1.04663,4.107,-0.010048422679012868,-1.0029854647123702,-0.005537754911093363,-1.0871116181691938,-0.004510667767919505,0.08412615345682362,1.080864527133368,0.010411422916272573,0.9854260384878986,0.025487863878133364,4.469168288345011,0.45529849074754375,11.287800038325086,7.8779848274912485,0.03846130823503774,0.042010659302315144,-1.102288084437351,0.08599859134417914,0.028068082149156764,0.02821402505172822,-0.21714000303496883,0.26090414482239044
2026-06-14,22:31:47,benar,0.6053,0.91162,0.01367,0.55737,-3.855,4.206,-2.885,0.88086,-0.03589,-0.46924,-5.13,2.206,5.023,1012.12,9.398,1.0685968417509009,0.9986934511150056,6.393331369481798,7.510916388830327,0.03076000000000001,1.275,0.04956,2.0000000000000004,1.02661,-7.9079999999999995,0.012792825436130181,-1.0218983767599432,-0.035944693066544,-1.080115823546061,0.04873751850267418,0.058217446786117844,1.0747716193980932,0.01048304367062899,0.9947536510539705,0.02233528424250269,5.1981782174555144,1.107594614178181,8.512719934885546,6.877477114851299,0.021820192149726785,0.03721278857594137,-1.0589410785907183,0.08109216734111953,0.029528102614149856,0.029559679485718023,-0.07514316034597453,0.2537558240516016
2026-06-14,22:31:48,benar,0.6804,0.91382,0.00684,0.55127,0.405,1.45,0.137,0.86987,-0.01367,-0.50708,0.618,0.137,-0.947,1012.14,9.25,1.0672452346579018,1.006971107927134,1.5117188892118798,1.139079452891676,0.043949999999999934,-0.21299999999999997,0.02051,1.313,1.05835,1.084,0.006409067568069942,-1.0279500149289642,-0.013575781657368384,-1.0428590741984674,0.019984849225438327,0.014909059269503144,1.0682281759651522,0.000860064675299785,1.0068404825574186,0.008082510458801179,4.299983986476046,2.5139049453140347,3.6136941861331233,3.415835987523625,0.0030511567750624185,0.011785046776942754,-1.0176112854670925,0.013022732266853253,0.021403899986731003,0.02665244105282487,0.05241755317081487,0.034971139621060715
2026-06-14,22:31:50,benar,0.68,0.91382,0.00684,0.55127,0.405,1.45,0.137,0.86987,-0.01367,-0.50708,0.618,0.137,-0.947,1012.15,9.201,1.0672452346579018,1.006971107927134,1.5117188892118798,1.139079452891676,0.043949999999999934,-0.21299999999999997,0.02051,1.313,1.05835,1.084,0.006409067568069942,-1.0279500149289642,-0.013575781657368384,-1.0428590741984674,0.019984849225438327,0.014909059269503144,1.067695770355568,0.0007803507189816135,1.0042118889897578,0.004779107388741648,3.138923049301853,2.818400279563274,3.2630250982045594,3.6787817701965806,0.008536986857423356,0.003685664323565971,-1.025932802205957,0.003493914925922466,0.029569072317850276,0.016600361347132404,0.029345188441708043,0.025004109190886123
2026-06-14,22:31:51,benar,0.6566,0.92065,-0.00684,0.53833,-3.473,1.84,-1.031,0.87915,-0.03979,-0.4873,-0.664,1.603,0.878,1012.14,9.245,1.066509445340265,1.0059568860542683,4.063285616345472,1.944579388968216,0.04149999999999998,-2.8089999999999997,0.03295,0.2370000000000001,1.02563,-1.9089999999999998,-0.006413489271135578,-1.0416466224214656,-0.0395647004267421,-1.0632588635828568,0.03315121115560652,0.021612241161391266,1.0669999715520229,0.00042480816060442114,1.0066330339695122,0.0005855612713169897,2.362241131589744,1.4731477367658716,1.407579431583856,0.4650556049260167,0.002134881955001435,0.007403106642814584,-1.032515550759798,0.007907740022780264,0.024373636535494392,0.007601602604630647,0.01714345323346585,0.0038700838697086322
2026-06-14,22:31:51,benar,0.5904,0.92603,-0.01172,0.61816,27.924,9.489,17.206,0.87915,-0.03979,-0.4873,-0.664,1.603,0.878,1012.16,9.071,1.1134588923260706,1.0059568860542683,34.14436019315635,1.944579388968216,0.04688000000000003,28.588,0.028069999999999998,7.886000000000001,1.10546,16.328,-0.010525953399781312,-0.9821079118519571,-0.0395647004267421,-1.0632588635828568,0.02903874702696079,0.0811509517308997,1.082404524108079,0.026896387964630845,1.0062949600118902,0.0005855612713171019,13.239788232904568,18.14878700689836,1.676079410276036,0.4650556049260167,-0.003510125034282316,0.008832942698459518,-1.0172348497341288,0.031182135717977746,0.027391602469335214,0.006735954684700028,0.03922408405393137,0.03646408968794426
2026-06-14,22:31:52,tidak pasti,0.5311,0.94434,-0.01294,0.48804,4.0,-2.489,2.069,0.948,-0.09106,-0.38159,9.397,10.305,-4.504,1012.13,9.298,1.0630750306539984,1.025966301444643,5.145471990012189,14.65546485103765,-0.0036599999999999966,-5.397,0.07812,-12.794,0.8696299999999999,6.5729999999999995,-0.012172536439012348,-1.0936516409331924,-0.08887229528661798,-1.1784303539157441,0.07669975884760563,0.08477871298255168,1.081014456106778,0.028150131123142602,1.012626691184393,0.01155244136195991,14.451039266504672,17.063497551115077,6.181541209658026,7.338633143164288,-0.009703993036643078,0.0029662046792804284,-1.0391353917355384,0.05581425072511019,0.04629657234339098,0.02641010038810709,0.06251396862494756,0.035468347086550604
2026-06-14,22:31:52,benar,0.5514,0.96216,-0.03979,0.46191,-7.092,-1.206,-1.916,0.89185,-0.10059,-0.37695,-4.267,-35.718,16.038,1012.13,9.298,1.068033687577316,0.9734506012633616,7.444592399856422,39.38527969940039,0.07030999999999998,-2.8249999999999993,0.0608,34.512,0.8388599999999999,-17.954,-0.037264002708157114,-1.1217706229885802,-0.10351822552706529,-1.1584271276723557,0.06625422281890817,0.03665650468377546,1.0815225368524617,0.027768600438684864,1.0017912629207577,0.026504509115439043,15.578141527674987,16.119858725050662,18.661774646468754,19.039154355344266,-0.01998749751565026,0.014984526441509858,-1.0658433919245767,0.07386739642901889,0.05733090956449153,0.025052188557474323,0.06752872313240894,0.026797585094180714
2026-06-14,22:31:53,benar,0.5889,0.93286,-0.05298,0.50293,2.29,17.901,-0.519,0.93921,-0.06421,-0.23047,-15.618,63.55,15.214,1012.14,9.235,1.0611188646424112,0.9692031619325228,18.0543419154507,67.1862353462374,-0.006349999999999967,17.908,0.011230000000000004,-45.649,0.7334,-15.733,-0.049949198242661516,-1.0740307929864288,-0.06629885887833824,-1.321368384422566,0.01634966063567672,0.24733759143613732,1.0640758609579086,0.0035643989715223863,0.9895400215468424,0.0316174886038086,10.214802101773104,6.885875182750388,40.40899329889181,26.280343497663324,-0.03312857912994366,0.019224862558292956,-1.0964843523027339,0.02399564611415845,0.053101214100730175,0.03225344659571618,0.12292426970082149,0.1103990158552109
2026-06-14,22:31:54,benar,0.7547,0.95264,-0.00391,0.49438,-8.557,10.374,-3.198,1.05322,-0.10352,0.00781,34.107,-9.305,-1.817,1012.14,9.235,1.0732892630134712,1.0583240311454711,13.822782968707857,35.400168968523296,-0.10058,-42.664,0.09961,19.679000000000002,0.48657,-1.381,-0.003643014776858359,-1.0920849346307395,-0.09797168709177774,-1.4725453160751993,0.09432867231491938,0.3804603814444598,1.0674806050777328,0.006104021159537658,1.0003259314471185,0.0502727049369967,13.10723909467166,5.340945466176031,47.32389467138703,17.31631339798398,-0.030285405242559,0.023928879491783454,-1.0959621168685827,0.024104921670432065,0.058977518589834764,0.03949549827443537,0.22148482585479087,0.17335383045976227
2026-06-14,22:31:54,benar,0.6294,0.90869,-0.13306,0.63818,30.511,62.26,46.679,1.17944,-0.34668,0.03125,11.603,22.29,-5.305,1012.12,9.45,1.118345291982758,1.229732612603244,83.5832385230436,25.68300476969157,-0.27075000000000005,18.908,0.21361999999999998,39.97,0.60693,51.984,-0.11926187064574519,-0.9484806811856111,-0.2857894237170138,-1.2838153593095931,0.16652755307126865,0.335334678123982,1.084251139879547,0.030146941053036353,1.0857532685604125,0.13241288066336626,38.48678780240072,39.111940932143334,42.75646969481742,21.70750808716281,-0.057618027888421686,0.05818967407718808,-1.0381988029342597,0.07822080308464767,0.09240196200728824,0.07510748300639693,0.32104421700152636,0.06770215849010498
2026-06-14,22:31:55,benar,0.6365,0.90918,0.12378,0.40796,-13.748,34.794,-22.519,0.98975,-0.10034,0.05249,3.954,1.634,2.191,1012.1,9.546,1.0041718589962576,0.9962069956590347,43.66618028863985,4.8067195674389,-0.08057000000000003,-17.701999999999998,0.22411999999999999,33.16,0.35547,-24.709999999999997,0.1235800655648227,-1.1323274938383265,-0.10089312422047442,-1.4568788621443296,0.22447318978529712,0.32455136830600306,1.0652688046641623,0.05750773003762599,1.09475454646925,0.12095015616922719,47.02406726013044,35.00124059904295,21.963297768551257,15.63224077651464,0.00022506004740638816,0.12146716839442238,-1.057631036551559,0.09664479267026536,0.1617764717238284,0.06520221190555471,0.34678214262481494,0.029660373735885485
2026-06-14,22:31:56,benar,0.7547,0.82642,0.05029,0.66284,-1.87,-4.84,1.183,1.07373,-0.04272,0.0415,-8.405,8.924,-12.13,1012.1,9.546,1.0605922713748202,1.0753805657998476,5.321840752972602,17.24583140935803,-0.24731000000000003,6.534999999999999,0.09301000000000001,-13.764,0.62134,13.313,0.04743468854963704,-0.8933982088865395,-0.03973592742075449,-1.5153840622825356,0.08717061597039152,0.6219858533959961,1.0610364741179452,0.057088012638718315,1.1004400580207088,0.11876252378199505,44.190419854885356,39.13333253855888,15.911851915496166,10.501878257196731,0.017250961156238188,0.12420283630072078,-0.9914021279701591,0.12511390309414916,0.1593904529423191,0.0689289695464642,0.427290633275327,0.16869718876150383
2026-06-14,22:31:56,benar,0.7461,0.79346,0.00928,0.71948,19.466,-5.298,3.931,1.07959,-0.05396,-0.00342,35.832,19.855,1.176,1012.16,9.096,1.071128545226949,1.0809430818040329,20.553508727222223,40.982145197634544,-0.28613,-16.366,0.06324,-25.153,0.7229,2.755,0.008663867778087997,-0.8342160287135667,-0.04994012812296041,-1.5207559083461106,0.05860399590104841,0.6865398796325439,1.0452975585326756,0.03600341148337975,1.0508435477543052,0.047398312361502985,23.180509922944893,19.30668135823399,21.01156539147716,18.37936122936592,0.05989287396418258,0.05846227772082934,-0.9533139104794776,0.15782911608045663,0.12341593388557902,0.08867603776123728,0.5443590337781811,0.1930760547713877
2026-06-14,22:31:57,benar,0.6867,0.85229,0.02222,0.66333,-39.084,12.137,-18.985,1.0437,-0.04883,-0.04346,-7.374,-4.916,-6.0,1012.16,9.096,1.080230837089925,1.0457451078059128,45.1142555075444,10.702473172122414,-0.19141000000000008,-31.710000000000004,0.07105,17.053,0.70679,-12.985,0.020571128353576364,-0.9091613920001272,-0.046710963555402295,-1.5082457974314234,0.06728209190897866,0.5990844054312962,1.0706505512305646,0.009828004605822014,1.0673562518032644,0.018921325395698484,23.66320166257974,20.077642058123388,22.976816593038333,15.932601101980111,0.0255565615604338,0.019860388818447698,-0.8789252098667445,0.03951332237371182,0.07101890126013953,0.014645332145149239,0.6358700461532787,0.04535077836523109
2026-06-14,22:31:57,benar,0.5637,0.89648,0.02197,0.61987,31.641,-2.832,30.42,1.09497,-0.03174,-0.17041,9.443,-18.511,-6.107,1012.15,9.134,1.090136637399184,1.1086055640307781,43.98351401377566,21.65924326932961,-0.19848999999999994,22.198,0.053709999999999994,15.678999999999998,0.7902800000000001,36.527,0.020154801448035244,-0.9655388519410901,-0.0286344745710889,-1.4137928836998654,0.04878927601912414,0.4482540317587753,1.0804986732386859,0.00950687615144865,1.0784312512135745,0.03150541554853588,36.55042608284743,13.865268397815449,24.447953879695522,15.33125287262659,0.016463265859899868,0.006757683763834868,-0.902972090884928,0.06587982666441071,0.05822512127638374,0.009252227805773327,0.5779594389408719,0.12053934826912893
2026-06-14,22:31:58,benar,0.557,0.8772,-0.01392,0.60474,-10.214,12.0,-7.588,0.94482,-0.0127,-0.38721,1.542,1.573,10.779,1012.16,9.062,1.0655440272461763,1.0211648772357969,17.49009834163319,11.001769584934962,-0.06762000000000001,-11.756,-0.0012200000000000006,10.427,0.9919500000000001,-18.367,-0.013064120858625072,-0.9670974665685546,-0.012437097755276941,-1.1816610251755508,-0.0006270231033481313,0.21456355860699627,1.078637167245095,0.012373518344238103,1.0585051830241625,0.045095266563976,35.52928928765108,15.632624589991376,14.454495342128995,6.241289058083818,0.009220602980995512,0.019300259570254094,-0.9472659035032573,0.033008675640782206,0.03848144827491822,0.0351084101041691,0.4206339985990226,0.19374266459514944
2026-06-14,22:31:59,benar,0.5947,0.86304,-0.0647,0.59082,-0.107,-3.053,3.847,0.94458,-0.04956,-0.34937,11.664,3.985,-10.74,1012.16,9.062,1.0478990428471628,1.0083387163547772,4.912399311945233,16.348599970639686,-0.08153999999999995,-11.770999999999999,-0.015139999999999994,-7.038,0.9401900000000001,14.587,-0.0617818851105195,-0.9677131266427592,-0.04916996130354702,-1.2132790917860647,-0.012611923806972479,0.24556596514330553,1.0678599024975077,0.021213817596557934,1.0460363858737842,0.0545646785216196,22.128670555784694,19.944304077864466,16.33653760830142,5.328747081522071,-0.018230401507036444,0.041211927798300386,-0.9667831483841347,0.0011206982467963234,0.011850109702934509,0.032546673675204855,0.3027945185030257,0.1269217861527734
2026-06-14,22:31:59,salah,0.5012,0.94971,0.02148,0.52002,-35.405,3.924,-23.107,0.91724,-0.08423,-0.43872,-14.046,3.74,20.122,1012.15,9.124,1.0829733491180658,1.0202446514929642,42.45992522367415,24.822824174537434,0.03247,-21.359,0.10571,0.18399999999999972,0.95874,-43.229,0.019835583779319276,-1.0694718152120652,-0.0826527036715828,-1.11757042404018,0.10248828745090208,0.048098608828114786,1.065472139737135,0.017537263639369225,1.0165827483611796,0.00715435193755388,21.620807625750857,19.11154742336189,17.39106457670403,6.969249373739294,-0.018336807396608434,0.04106341101871377,-1.0014274694744596,0.05892893601174085,0.02974978018019382,0.06327777881055159,0.16940937752613885,0.1061956414093336
2026-06-14,22:32:00,tidak pasti,0.5252,0.90308,0.01831,0.56689,4.504,-0.718,0.748,0.92554,-0.09302,-0.34229,8.221,2.305,-6.321,1012.15,9.124,1.0664206555576463,0.9911808392518492,4.621800947682623,10.623224887010535,-0.022460000000000035,-3.7170000000000005,0.11133000000000001,-3.023,0.90918,7.069,0.01717042859378244,-1.0100018136275775,-0.09398596505310886,-1.204820826120058,0.1111563936468913,0.19481901249248046,1.0657643491742916,0.017546361265171218,1.006588069033197,0.014610779241029973,17.33137516110067,21.762447772200954,17.264883010729218,7.144006994589968,-0.008258624245805927,0.04637165463119559,-1.015728918494134,0.05112051909410408,0.06701091909694029,0.06909147451264966,0.1628278621546336,0.10254713295593235
2026-06-14,22:32:00,tidak pasti,0.5077,0.91846,0.04126,0.54321,-8.618,3.962,-4.321,0.93945,-0.07129,-0.41431,-4.496,-1.427,2.748,1012.12,9.378,1.06787090198207,1.0292236601924774,10.42297505513661,5.45910697825203,-0.020989999999999953,-4.122,0.11255000000000001,5.389,0.9575199999999999,-7.069,0.038647249149709045,-1.0354367342718347,-0.06932130633503451,-1.1500279633930623,0.10796855548474356,0.11459122912122766,1.072421635552594,0.009166776862600623,1.013549716979097,0.019885438576730047,19.16823374216446,20.37867940541344,13.635052013266666,10.02704906207549,0.025217753840936923,0.011706377374192146,-1.0383034543704925,0.02983846234657177,0.10720441219417898,0.004384284717331071,0.11916961681394096,0.073467274607523
2026-06-14,22:32:01,benar,0.5894,0.89502,0.01782,0.55054,-4.435,1.878,-2.053,0.93872,-0.05786,-0.37646,16.221,1.771,-8.542,1012.14,9.269,1.0509389346674716,1.0130474567363563,5.23554371579495,18.418008741446506,-0.04369999999999996,-20.656,0.07568,0.10699999999999998,0.927,6.489,0.01695707849913481,-1.0191034283733245,-0.05714589513441829,-1.1853476559091738,0.0741029736335531,0.16624422753584933,1.0617434974023958,0.009385080478748,1.0111506520602276,0.019092209334299504,6.760106572871393,3.1869459024482127,11.50011353556969,6.523801346110268,0.024258252080875436,0.012461693586784194,-1.0215139920909122,0.012887665037636949,0.09774264092172931,0.020534507059064334,0.15855148971651914,0.040663349192287174
2026-06-14,22:32:02,benar,0.5914,0.9209,0.07422,0.55273,8.26,-7.832,-1.779,1.00586,-0.06616,-0.25903,69.031,-21.634,-3.733,1012.1,9.571,1.0766038599689303,1.0407824105450667,11.520966322318626,72.43786444947146,-0.08495999999999992,-60.77100000000001,0.14038,13.802,0.81176,1.9540000000000002,0.06899372951967604,-1.026274284019384,-0.06361045058188557,-1.3110143400019203,0.1326041801015616,0.2847400559825364,1.065137898872824,0.013048910957575153,1.027684509157967,0.013931390997423824,9.05982836441673,3.3571209407712943,32.10499338972333,35.52518331646907,0.04153268572283997,0.026138048330385532,-1.026938148888181,0.008186864956538222,0.1048919030732861,0.029371706319157476,0.1885251708798711,0.08723523455459116
2026-06-14,22:32:02,tidak pasti,0.5006,0.90405,0.09204,0.57104,20.397,4.511,16.336,0.96313,-0.12256,-0.32544,24.878,12.626,-14.397,1012.1,9.571,1.0732494797110317,1.0239880585729504,26.518891869759564,31.39433657524873,-0.05908000000000002,-4.481000000000002,0.2146,-8.114999999999998,0.8964799999999999,30.732999999999997,0.08586371981701672,-1.0016260235977545,-0.11997651952944496,-1.2242978276992567,0.20584023934646167,0.2226718041015021,1.0669307581158112,0.01395051180533501,1.0259393086181243,0.013970055413165643,14.425133969291046,10.934846567373876,40.750069922055566,28.198998431174363,0.05727150927860919,0.03591781090159679,-1.015667911996821,0.0126781806673132,0.1375157976938588,0.06600583144622973,0.22455202920662928,0.05927028576488504
2026-06-14,22:32:03,salah,0.5105,0.89575,0.04199,0.58008,-19.641,-3.023,-9.008,0.95557,-0.10938,-0.36816,-12.519,0.588,12.099,1012.12,9.393,1.0680000135767789,1.029863969124078,21.818603850842518,17.42001452353011,-0.059819999999999984,-7.121999999999998,0.15137,-3.611,0.94824,-21.107,0.03932661505707233,-0.9949233312982633,-0.10640889651001616,-1.1886339766412686,0.14573551156708847,0.1937106453430053,1.0726177844189138,0.004336568042991663,1.031544812747365,0.008522411102809468,19.95282068097357,7.671069209006658,40.4174051827501,28.597251230496067,0.06472802146458836,0.023559981510348004,-1.0076078796384673,0.01650931586708991,0.1613933103383706,0.03904811250498673,0.2337075018090146,0.04650729371038256
2026-06-14,22:32:04,benar,0.5526,0.91577,-0.01196,0.56421,10.817,0.092,10.176,0.9248,-0.12354,-0.38818,15.038,-2.763,-6.611,1012.12,9.393,1.0756907820558843,1.0105448451206902,14.851495850586904,16.657758972923098,-0.009029999999999982,-4.221,0.11158,2.855,0.9523900000000001,16.787,-0.011118665900320786,-1.0185190588648205,-0.12255746186269509,-1.1558795840824396,0.1114387959623743,0.1373605252176191,1.072313425114565,0.003929901856977527,1.021465624272573,0.009903491513822865,21.062997190396327,5.870284365857796,21.82403669056731,8.29688123894501,0.038023889657922756,0.04850431532302873,-1.005022804586946,0.012159078117406689,0.15433818229197482,0.04778506655797788,0.18458099155404217,0.043382214211940155
2026-06-14,22:32:04,tidak pasti,0.5128,0.93359,-0.00122,0.53149,0.557,5.405,1.183,0.92358,-0.13916,-0.41333,0.435,2.099,0.198,1012.11,9.494,1.0742780815971253,1.021375156786183,5.560913863745778,2.1527261785930882,0.010010000000000074,0.12200000000000005,0.13794,3.306,0.94482,0.9850000000000001,-0.0011356466095708154,-1.0532574202459597,-0.13667278241656122,-1.1296234872123485,0.1355371358069904,0.07636606696638881,1.0726562924099294,0.0040938527178660845,1.020594657010317,0.009683182482513921,14.077004521725067,8.156469735308164,12.076833225015433,8.602975292463938,0.009024100849060242,0.02671323537190792,-1.022233270136348,0.02934387512525572,0.13090381444548438,0.017611556587846012,0.13581241250900442,0.05868760523581964
2026-06-14,22:32:05,benar,0.572,0.91577,-0.00293,0.54175,1.824,5.435,1.405,0.92236,-0.13428,-0.39404,1.893,3.962,-0.221,1012.11,9.494,1.0640189567390235,1.0119518810694508,5.902560969613105,4.396559336572179,-0.006589999999999985,-0.06899999999999995,0.13135000000000002,1.4729999999999994,0.9357899999999999,1.6260000000000001,-0.002753713814678287,-1.0365855814121152,-0.13308658093758707,-1.1468344050588581,0.13033286712290879,0.11024882364674293,1.071329273464011,0.006370202399552977,1.0146239609921082,0.005888881135472892,8.771656894648595,5.2680652979861256,7.735681496029454,7.807771557107779,-0.005002675441523296,0.00535803507259308,-1.0361206868409651,0.01737384623747341,0.12576959963075782,0.01268069609565438,0.10799180527691694,0.030559803390754457
2026-06-14,22:32:05,benar,0.6816,0.91284,0.01465,0.55957,-0.206,5.42,-0.076,0.93677,-0.12769,-0.39478,-0.847,1.557,0.802,1012.08,9.738,1.0707988013627958,1.0245457614962838,5.424445778141763,1.945472179189412,-0.023930000000000007,0.641,0.14234,3.863,0.95435,-0.878,0.013681801882292722,-1.0207208671928643,-0.12495576256012123,-1.1538433213458767,0.13863756444241396,0.1331224541530125,1.0696986132329815,0.005217300178662297,1.019290933117306,0.006550530305080145,5.629306870500216,0.2462858839004051,2.831585898118226,1.3592626502508611,0.0032641471526812064,0.009058155602500378,-1.036854622950313,0.016269944949389922,0.13483585579077104,0.004196527688221605,0.10657911492204808,0.028555593904042012
2026-06-14,22:32:06,benar,0.6778,0.89038,0.00195,0.58276,1.878,4.084,0.855,0.9502,-0.13696,-0.37305,4.481,2.656,-1.519,1012.08,9.738,1.0641379443004557,1.0299535834686921,4.575692843712305,5.425961481617797,-0.059820000000000095,-2.6029999999999998,0.13891,1.4279999999999995,0.9558099999999999,2.3739999999999997,0.0018324702168031985,-0.9912566517124369,-0.13337191949715918,-1.1746785198646432,0.13520438971396237,0.1834218681522063,1.066318567467425,0.0038804524643224333,1.022150408678142,0.009236807276339961,5.300899863822391,0.6720062876131688,3.922664332459796,1.7879831661040921,0.004253519428139211,0.008481017245538895,-1.0161877001058055,0.023001960129714803,0.13472494042642838,0.00417305680606396,0.14226438198398725,0.037433337333180605
2026-06-14,22:32:06,benar,0.6635,0.896,0.00049,0.59399,1.496,3.115,1.977,0.94922,-0.14258,-0.35449,4.496,1.763,-1.214,1012.11,9.523,1.0750071442553302,1.0232354689415335,3.9811769616534254,4.979556305535666,-0.053219999999999934,-3.0000000000000004,0.14307,1.3520000000000003,0.94848,3.191,0.00045581093961099195,-0.9853812926469813,-0.13979722003417522,-1.1881110440661546,0.14025303097378622,0.20272975141917338,1.0699812966395272,0.005480521179065512,1.0259116046355032,0.0035612373286148065,4.660438527835831,0.7253568724394116,4.116996655447625,1.8937946848984473,0.005323361012902304,0.007271275542619182,-0.9991196038507608,0.018936496363324066,0.13803166171005418,0.002578281061756015,0.1730913579081307,0.03593512960324667
2026-06-14,22:32:07,benar,0.7045,0.89014,-0.0105,0.59448,0.977,3.061,1.748,0.94971,-0.12988,-0.35229,0.802,1.824,-0.275,1012.12,9.418,1.0704512786670863,1.0212375544406893,3.6578346053368787,2.0114186535875618,-0.05957000000000001,0.17499999999999993,0.11938,1.2369999999999999,0.94677,2.023,-0.009809104425175796,-0.9819029067179259,-0.12752439099721682,-1.194303829879031,0.11771528657204103,0.21240092316110504,1.0698654557409573,0.005458229409831028,1.024808868950305,0.004566068461482877,4.071568136900869,0.4655575795327263,4.138978813580342,1.8559912637454972,-0.002506941089587202,0.006361209769067563,-0.9861802836924479,0.004727782394911707,0.13105756908659652,0.011827280823006584,0.19951751424416156,0.014754160703123404
2026-06-14,22:32:08,benar,0.7093,0.88306,-0.01514,0.60938,1.466,3.565,0.603,0.95581,-0.13257,-0.35864,0.313,1.779,-0.954,1012.12,9.418,1.0730182512893245,1.0294514124522827,3.9015368766679623,2.042774094216,-0.07275000000000009,1.153,0.11742999999999999,1.786,0.9680200000000001,1.557,-0.014110200240638625,-0.966616481509845,-0.12913594037661344,-1.1902595026771163,0.11502574013597482,0.2236430211672713,1.0728255580705803,0.002284037176131075,1.0246414786115017,0.004283633183722335,3.8468494812194223,0.16846543640400816,3.0112496844464096,1.7046756309873459,-0.007821164575401144,0.007483722273075796,-0.9779668936249174,0.009982418722651761,0.12433135256060068,0.013853999336928416,0.21292456524918324,0.010466463761294079
2026-06-14,22:32:08,benar,0.7429,0.88159,-0.00952,0.59985,0.534,2.282,0.214,0.95068,-0.12183,-0.3501,0.099,1.237,-1.015,1012.13,9.322,1.0663543412018353,1.0203945419787388,2.35339669414232,1.6031827718635203,-0.06908999999999998,0.43500000000000005,0.11231,1.045,0.9499500000000001,1.2289999999999999,-0.008927732638898988,-0.97327509570458,-0.11968049480881675,-1.1990070860522963,0.11075276216991777,0.2257319903477163,1.069941290386082,0.003361099589212835,1.0236945029572369,0.005003416103359947,3.3042560587157204,0.8324348909438384,1.8857918398890272,0.24524825159812078,-0.01094901243490447,0.0027729109819381033,-0.973931494644117,0.007664322774155036,0.11449792962597787,0.003511142899881443,0.22059197822536422,0.007170145421015297
2026-06-14,22:32:09,benar,0.7141,0.88403,-0.00122,0.60278,1.244,2.206,0.771,0.95508,-0.12524,-0.35352,1.206,1.74,-1.153,1012.15,9.163,1.0699786248799552,1.0260795555901112,2.6473407411967202,2.4106938835115503,-0.07105000000000006,0.038000000000000034,0.12401999999999999,0.46599999999999997,0.9562999999999999,1.924,-0.0011402099395640207,-0.9723515584949262,-0.12236192673892572,-1.1966091202664355,0.1212217167993617,0.22425756177150935,1.0697837391237048,0.0033362268743338565,1.0253085033403775,0.004577402852328221,2.9674247706690005,0.8222073008858781,2.0188835831970233,0.40428531539782675,-0.008059380939700544,0.00652845219846312,-0.9707477119031171,0.0036074268760607105,0.11566673970175141,0.005263830648000867,0.22454419109549897,0.0010735759573687904
2026-06-14,22:32:10,benar,0.7272,0.87671,0.00269,0.6001,0.817,1.901,0.435,0.95557,-0.12427,-0.34521,0.55,1.603,-1.328,1012.14,9.278,1.0624253715908707,1.023585366200592,2.1143592409995047,2.153065953471932,-0.07886000000000004,0.2669999999999999,0.12696000000000002,0.29800000000000004,0.94531,1.7630000000000001,0.002531945248628306,-0.9705504963769194,-0.12170682350139013,-1.2041974171967176,0.12423876875001844,0.2336469208197982,1.0662527792242205,0.0037776507168794087,1.023353154589814,0.0028496116602982633,2.3716988921128483,0.2669616971140859,2.055647536282334,0.41247582943071254,-0.002511999109944901,0.005851701331019143,-0.9720590501921418,0.001385651905952791,0.11873774923976597,0.007077829080832097,0.22787882431300796,0.005049424510805004
2026-06-14,22:32:11,benar,0.6071,0.8667,0.01196,0.60596,8.931,-4.763,-1.183,0.95654,-0.11768,-0.33008,8.397,2.061,-10.153,1012.14,9.278,1.057591345085615,1.0187100472656583,10.190604447234717,13.335694170158522,-0.08983999999999992,0.5339999999999989,0.12964,-6.824,0.93604,8.97,0.011308956886293733,-0.9605444158912597,-0.11577712003661747,-1.2196289823460056,0.1270860769229112,0.25908456645474587,1.0633317805188136,0.00624318492712724,1.0227916563521207,0.0037483189203582406,4.98410147647698,4.51683209874686,5.966484669047335,6.3832225044278905,0.00423356406511934,0.006396645105990058,-0.9678154902543684,0.0063610021210200795,0.12418218749076378,0.002932589469026234,0.2389963496820178,0.018019221838511946
2026-06-14,22:32:11,benar,0.6449,0.87646,0.02368,0.59253,1.244,1.275,-1.237,0.92798,-0.1394,-0.41089,0.985,-1.641,3.916,1012.15,9.139,1.0582224127753108,1.0244070638667033,2.168716210111411,4.358688105382169,-0.05152000000000001,0.259,0.16308,2.916,1.00342,-5.1530000000000005,0.022379016337484476,-0.975955998478128,-0.13650222759432865,-1.1334301281912638,0.15888124393181313,0.1574741297131358,1.0594130431505988,0.00262776589164598,1.0222341591109847,0.003079499957363207,4.824559966115211,4.647210313729904,6.615816076337541,5.923154857515597,0.012073306157468837,0.00994558847217132,-0.9690169702487691,0.007819398713920097,0.13673536320158095,0.01923166180926931,0.21673520566255997,0.05287414108876718
2026-06-14,22:32:12,benar,0.5823,0.90454,0.02441,0.57837,-3.382,2.511,0.954,0.91724,-0.13599,-0.42798,0.183,1.802,2.664,1012.13,9.302,1.073918207593111,1.0212685142018234,4.3189305389181705,3.221426547354448,-0.012700000000000045,-3.565,0.1604,0.7090000000000001,1.00635,-1.7100000000000002,0.022731807862086128,-1.0014993850756118,-0.13355460650079326,-1.1155163189511552,0.15628641436287938,0.11401693387554346,1.063243988484679,0.009249528463027607,1.021461875111395,0.0028534261632568118,5.5594170654214325,4.1523219816208154,6.971936274298379,5.540433365783189,0.01880659369528811,0.006495539527602635,-0.9793332664816665,0.020685304677441868,0.14741791173920124,0.017655619937306962,0.17685854334780837,0.07445113245951117
2026-06-14,22:32:13,benar,0.621,0.89575,0.01123,0.56909,1.664,4.313,1.405,0.92651,-0.15332,-0.40942,4.244,2.809,-1.901,1012.13,9.302,1.0612999592480912,1.0244767146694942,4.831654995961529,5.432846215382872,-0.0307599999999999,-2.58,0.16455,1.5039999999999996,0.97851,3.306,0.01058156034373436,-1.0047204917471926,-0.1502212463807423,-1.1299102611200775,0.16080280672447667,0.12518976937288495,1.0644801932055044,0.008317145529479065,1.0233840975793402,0.0018324798986623743,3.7731005816637033,1.412890123460963,4.337653622706497,1.1058598799720563,0.018564128181101657,0.006915356637483403,-0.9940586251003108,0.01575984454282608,0.1586568216730564,0.0022665445073156384,0.1322269443205214,0.022567085344577503
2026-06-14,22:32:13,benar,0.6748,0.89307,0.01074,0.58325,0.382,1.878,-2.16,0.91577,-0.15259,-0.40674,1.626,1.168,-1.374,1012.15,9.144,1.0667098644898716,1.0135856296337276,2.8876301702260974,2.428163091721806,-0.022699999999999942,-1.2439999999999998,0.16333,0.71,0.98999,-0.786,0.010068512358193097,-0.992178324849497,-0.15111928429367247,-1.1278562154453649,0.16118779665186556,0.13567789059586788,1.0673093437770247,0.006330448592788944,1.019776952835015,0.005596650766064623,4.012738568368599,1.0075332614314483,3.6941452848197085,1.5571215180474731,0.014460626854671194,0.007167644731844144,-0.9994660672241005,0.006513622167148554,0.15942567257974052,0.002725483613075934,0.1249615312814321,0.010832281891629963
2026-06-14,22:32:14,benar,0.6158,0.91797,0.01245,0.57275,1.183,3.649,3.443,0.9248,-0.14941,-0.41772,4.107,3.397,-1.313,1012.14,9.283,1.0820658417582545,1.0257038493151909,5.154506668925747,5.489173617221448,-0.006830000000000003,-2.9240000000000004,0.16185999999999998,0.2520000000000002,0.99047,4.756,0.011506023218319674,-1.0128599700158814,-0.14618594497310416,-1.1235114624963372,0.15769196819142384,0.1106514924804558,1.0700252218320723,0.010772611792705595,1.0212553978728043,0.006670492747206096,4.291263945037791,1.2262541054072122,4.450060974775376,1.7512414114484187,0.010718698640082376,0.0007285015802929938,-1.003252928870857,0.010418633177824084,0.1598941905225887,0.0019168702898106024,0.12383971748306954,0.012567701887643216
2026-06-14,22:32:14,benar,0.63,0.88892,0.00146,0.58545,0.58,4.122,0.893,0.92334,-0.13452,-0.38306,4.588,6.534,-4.298,1012.14,9.283,1.0643930667286405,1.0086562098158123,4.257315233806395,9.067287576778405,-0.034420000000000006,-4.008,0.13598,-2.412,0.96851,5.191,0.001371674151302859,-0.9883920020752739,-0.1337641060820549,-1.1565401440725132,0.13513578023335776,0.16814814199723926,1.0710562576589222,0.009604691275455629,1.0159818962549103,0.008772803053473811,4.099817357652746,1.141615719423081,5.661541428573886,3.322916863060575,0.007648736575938543,0.005483406229737623,-0.9978100989802176,0.013170346376623407,0.15133851502554904,0.014140426627785072,0.138159175024521,0.028828523301165913
2026-06-14,22:32:15,benar,0.7114,0.86255,0.01025,0.62085,3.313,3.794,2.015,0.95239,-0.08838,-0.33276,0.481,2.015,0.107,1012.14,9.273,1.0628039741645683,1.0127126710474201,5.425000460829474,2.074375809731689,-0.08983999999999992,2.8320000000000003,0.09863,1.779,0.9536100000000001,1.9080000000000001,0.009644449157658854,-0.9468506952963379,-0.08738171702593996,-1.223906279619097,0.09702616618359881,0.277055584322759,1.0697542942171545,0.010691676946899997,1.0156909100594744,0.008905500201273646,4.945607454520538,0.611229383035796,5.543612334577181,3.496773716711679,0.007507382175760462,0.005394585175606774,-0.9827008891291644,0.033370610755184944,0.12995130486946013,0.030663397918565753,0.1852850729334847,0.08451530185061551
2026-06-14,22:32:16,benar,0.7121,0.87817,-0.00635,0.60913,-1.328,3.45,-1.374,0.95264,-0.11255,-0.34106,0.45,1.656,0.687,1012.14,9.273,1.0687666856241356,1.0180925280641244,3.943850909960974,1.8484601699793264,-0.07447000000000004,-1.778,0.1062,1.7940000000000003,0.9501899999999999,-2.061,-0.005941462659557462,-0.9643290894446362,-0.11077629739062768,-1.2102681465705103,0.10483483473107022,0.24593905712587405,1.065321242172448,0.003087817065238744,1.0131538029757856,0.0047336004853097595,4.542055534865614,0.7805503041412265,4.330041185496474,4.104130480120782,0.001691553549801417,0.007797878167533695,-0.9665239289387494,0.020857445493854362,0.11233226038267559,0.020130678436317266,0.23038092781529076,0.05609589369290078
2026-06-14,22:32:16,benar,0.6725,0.89014,0.00293,0.60498,2.397,3.985,3.344,0.95386,-0.10059,-0.35352,3.908,2.802,-1.565,1012.13,9.322,1.0762706931343993,1.022224847134915,5.727841652839226,5.056964801143073,-0.06372,-1.5110000000000001,0.10352,1.1829999999999998,0.9584999999999999,4.909,0.0027223668126866614,-0.9738563928288572,-0.09856251264738435,-1.2029987572955396,0.101284879460071,0.22914236446668246,1.0692804509743679,0.006748043870591453,1.0176766820821532,0.004769703281171464,5.032231007876558,0.9546500013347949,2.9932669269513625,1.7907808788427233,0.002141784436929351,0.007809159283481853,-0.9616787258566104,0.013696541357803769,0.10104862679158001,0.003909691498519309,0.25071233530510517,0.024310641654971286
2026-06-14,22:32:17,benar,0.7337,0.86963,-0.04272,0.60815,-3.748,1.901,-1.145,0.95874,-0.13721,-0.34473,-4.145,2.076,-0.702,1012.12,9.384,1.0620394332603662,1.0280310037153548,4.35572382044592,4.688667721218896,-0.08911000000000002,0.39699999999999935,0.09448999999999999,-0.17500000000000004,0.95288,-0.44300000000000006,-0.040235350259893284,-0.9593702571293042,-0.13386821441136654,-1.201546430439498,0.09363286415147326,0.2421761733101938,1.0690256040063002,0.0071191620607367395,1.0227827929714648,0.004992674857720766,4.67580546108204,0.9340743734698308,3.864697564113765,1.7557962885539122,-0.014484815368921362,0.022717460700073924,-0.9658519131342659,0.007362151578766791,0.09991752611420483,0.005724794982868605,0.23908586496758344,0.008814461146952808
2026-06-14,22:32:17,benar,0.7137,0.87915,0.01147,0.62402,7.023,4.916,5.618,0.96606,-0.09106,-0.34497,5.702,3.038,-5.244,1012.12,9.384,1.0781638297587246,1.0298388942451144,10.24946383963571,8.321164822307031,-0.08691000000000004,1.3209999999999997,0.10253,1.8780000000000006,0.96899,10.862,0.010638658096347852,-0.9534442012234204,-0.08853722341569527,-1.2170140324943413,0.09917588151204312,0.2635698312709208,1.0721579853844967,0.008813898932149702,1.0266982483651281,0.003978141018962606,6.777676437640285,3.0839354176090548,6.0222657815563325,1.9994032320778934,-0.008958108450286257,0.027374555856386325,-0.9622236170605273,0.010500982749585738,0.09803120837452912,0.003952346393544366,0.24496278968259902,0.017382075271510342
2026-06-14,22:32:18,benar,0.559,0.90234,0.02295,0.58154,5.382,3.511,1.58,0.98828,-0.10596,-0.36841,10.328,1.702,-6.603,1012.16,9.119,1.0737471535235843,1.060023965813981,6.61735936760276,12.375944287204916,-0.08594000000000002,-4.946,0.12891,1.8090000000000002,0.94995,8.183,0.021375374700075805,-0.9979570895107625,-0.10012722378601305,-1.2007719859162798,0.12150259848608885,0.2028148964055173,1.071316805514225,0.008332405666673733,1.0392979545914833,0.017971999692249618,7.074182342561464,2.9733076322989866,8.461925610243613,3.845570887404736,-0.002740439154489875,0.032912315931255424,-0.9702571826211623,0.024171122562249795,0.10477044804986842,0.014753132007479923,0.23618696699554398,0.030817097070204986
2026-06-14,22:32:19,benar,0.6599,0.87817,0.01489,0.59863,-2.374,0.885,-0.29,0.95728,-0.07861,-0.354,-4.031,-0.26,1.344,1012.16,9.119,1.0629026944645497,1.0236603589570128,2.5501374472761267,4.2570995994925935,-0.07911000000000001,1.6569999999999996,0.0935,1.145,0.95263,-1.6340000000000001,0.0140092664412893,-0.972328552748176,-0.07686872679812166,-1.2086933274451102,0.09087799323941097,0.23636477469693418,1.071604559248953,0.007852935456632832,1.0378410730053693,0.019457752300698614,6.472320218171532,3.8517118259511594,8.31806956966818,4.059423228888598,0.01534109974590432,0.005490865671335732,-0.9745766144941196,0.02234143330519617,0.10385215774584765,0.01583879039541361,0.23424983412445743,0.03043263475027568
2026-06-14,22:32:19,benar,0.6682,0.86523,-0.01123,0.61255,-1.473,4.649,3.252,0.95874,-0.09277,-0.33936,1.046,6.107,3.771,1012.14,9.215,1.060172895475073,1.0212511297912967,5.861606776302894,7.253275535921685,-0.09350999999999998,-2.519,0.08154,-1.4580000000000002,0.95191,-0.5190000000000001,-0.01059280996086229,-0.9546674297349713,-0.09096495492593609,-1.2190998953150132,0.0803721449650738,0.26443246558004185,1.0656075811544024,0.007180002047047088,1.0349784848540968,0.02172344778521991,5.009701197060593,2.1633032321555126,7.962106474206398,4.105574349600898,0.008263943726834271,0.016740602063512654,-0.9749843573313033,0.021766686343211706,0.09758424556352453,0.021369579239823702,0.23453737889416446,0.030849404196990813
2026-06-14,22:32:20,benar,0.7089,0.86914,-0.00757,0.61963,1.336,2.55,-1.183,0.96484,-0.10083,-0.33911,-2.275,4.878,-6.412,1012.13,9.322,1.0674282090145455,1.027656803899045,3.1123761019516905,8.37163383097947,-0.09570000000000001,3.6109999999999998,0.09326000000000001,-2.3280000000000003,0.95874,5.229,-0.007091871270048014,-0.9514144079149705,-0.09827452442076606,-1.2193440864418246,0.09118265315071805,0.2679296785268541,1.063501266318056,0.003664506765837733,1.0241894308824515,0.003235444794828807,3.8413734418435705,1.7720144244470262,6.627336322131249,2.127486289036845,-0.0012251382632070017,0.013308999134213451,-0.959470130132706,0.011253879858025595,0.08747759711840093,0.006155387245560213,0.25624230626794336,0.01730302923236821
2026-06-14,22:32:20,benar,0.7737,0.8667,-0.01343,0.62036,-0.305,2.931,1.542,0.96265,-0.09668,-0.34229,1.29,1.496,-0.756,1012.13,9.322,1.0659248493679092,1.026257515928629,3.325890858101029,2.1151009432176044,-0.09594999999999998,-1.595,0.08325,1.435,0.96265,2.298,-0.012599720650090924,-0.9494521723967249,-0.09434627841354962,-1.2168722498293612,0.0817465577634587,0.2674200774326363,1.0645086512858426,0.003829374151836006,1.0250551498729903,0.003367852177944161,4.099957912118538,1.5293633244866645,5.913336770039586,3.3365592855734914,-0.01009480062700041,0.002787491914027722,-0.9518446700155555,0.002634116812602137,0.08443378529308353,0.005884952476864231,0.26659407384651074,0.0018892686526952786
2026-06-14,22:32:21,benar,0.7674,0.86475,-0.02124,0.61963,0.267,3.26,0.809,0.95874,-0.10034,-0.33789,1.511,2.191,-0.313,1012.12,9.393,1.0640418398728502,1.021479395435855,3.369476220423584,2.6798453313577633,-0.09399000000000002,-1.2439999999999998,0.0791,1.069,0.95752,1.122,-0.019962946951712225,-0.9487761516126515,-0.0983887398917018,-1.2184914219136922,0.07842579293998958,0.2697152703010407,1.065798299418435,0.0016967277796513828,1.0251312384211764,0.003239053812167748,3.269247726825435,0.13759160937387718,4.388860035184946,3.4607223794078874,-0.013218179623950388,0.006457787231516878,-0.9498809106414489,0.0013703873324897094,0.0837850012847221,0.006618218007972564,0.26835500875351037,0.0012052621818816865
2026-06-14,22:32:22,benar,0.7658,0.86719,-0.01953,0.61719,0.252,2.183,0.519,0.96631,-0.09741,-0.3374,1.664,2.206,-0.786,1012.12,9.393,1.0645766356162434,1.028145166890357,2.2579534981925558,2.872825786573213,-0.09911999999999999,-1.412,0.07788,-0.02300000000000013,0.95459,1.3050000000000002,-0.018346350057869977,-0.9520163534267897,-0.09488574705507817,-1.2222130229713906,0.07653939699720819,0.27019666954460086,1.0648477749523344,0.0009703445750362806,1.025294026084947,0.0034357476304396855,2.984440192239056,0.6295332464788158,2.5559240203828604,0.3937690986414173,-0.016969672553224374,0.003869845747064067,-0.9500815591453886,0.0017093339956344045,0.07890391590021882,0.0026363008146299254,0.2691106724260926,0.0014837519610264326
2026-06-14,22:32:22,benar,0.7474,0.86743,-0.02246,0.62476,-0.099,2.649,-0.771,0.96826,-0.10425,-0.32861,0.489,1.115,0.076,1012.1,9.537,1.0692353876018135,1.0278034939617593,2.7606961078684487,1.2198860602531696,-0.10082999999999998,-0.588,0.08179,1.534,0.95337,-0.847,-0.02100720970163112,-0.9463072665010845,-0.10160462343960801,-1.2287409675390886,0.08059741373797688,0.282433701038004,1.065951287696969,0.0028566563952525364,1.0258093520959903,0.003753741947247124,2.7960419421615295,0.5566037068780394,2.257519059394715,0.9037820781053361,-0.019772168903737775,0.0013406493608102287,-0.9490332571801753,0.002863214249048303,0.07852086789172488,0.0020306783107930577,0.2741152136278819,0.007208041405416291
2026-06-14,22:32:23,benar,0.7431,0.87256,-0.01099,0.61719,1.969,1.611,0.656,0.96045,-0.09863,-0.33008,-0.557,0.389,-1.13,1012.13,9.345,1.068833583772516,1.0203650747649098,2.6272833878361888,1.318510523279962,-0.08789000000000002,2.5260000000000002,0.08764,1.222,0.9472700000000001,1.786,-0.010282417971924382,-0.9550914568414638,-0.09681264319508173,-1.2264038667103627,0.08653022522315736,0.27131240986889893,1.0675485356635244,0.0025815700644338906,1.025437911872342,0.004396526166923136,2.5486443312990645,0.2604335016961502,1.803740790035448,0.9271670526628119,-0.01654532591047516,0.005584626701581847,-0.9511383589231127,0.004457427031973519,0.08122234531944748,0.0050246459349137405,0.2746475934838346,0.006766004895921725
2026-06-14,22:32:23,benar,0.7527,0.87891,-0.01489,0.61108,1.336,2.916,1.122,0.95532,-0.09985,-0.33301,0.725,2.435,-0.855,1012.13,9.345,1.0705714673014595,1.016612996670808,3.398063566209437,2.6806482424965794,-0.07640999999999998,0.6110000000000001,0.08496,0.48099999999999987,0.9440899999999999,1.977,-0.01390890804520024,-0.9631126221241912,-0.09837690505006803,-1.2217772680512193,0.08446799700486779,0.2586646459270281,1.0695468128919297,0.0009098346407651166,1.0215938551324923,0.005695545039635266,2.928681020638025,0.4119341197715062,1.7396816086765703,0.8163916649799593,-0.01506617857291858,0.005455249372589729,-0.9548371151555798,0.00840556432814918,0.08386521198866735,0.003011988605803339,0.27080358561131035,0.011892694051853253
2026-06-14,22:32:24,benar,0.7461,0.88306,-0.01489,0.60645,0.015,2.122,0.183,0.95996,-0.0957,-0.33887,0.824,2.519,-0.031,1012.11,9.47,1.0713534795761854,1.0225040677180703,2.1299291068014448,2.6505278719530567,-0.07690000000000008,-0.8089999999999999,0.08080999999999999,-0.39700000000000024,0.94532,0.214,-0.013898754871936614,-0.968871240661326,-0.09373094470644136,-1.2192241339722258,0.07983218983450474,0.2503528933108998,1.0702528435500536,0.0012898098838812744,1.0198273797179294,0.0029821161100188147,2.71842535361569,0.6389611844463747,2.2165622125765325,0.7778813769892798,-0.01269669362968708,0.002090830214407894,-0.9623584398756604,0.006920780568587111,0.08361013735417662,0.003430431736986413,0.26010998303560895,0.010554244790810014
2026-06-14,22:32:25,benar,0.7616,0.86572,-0.01831,0.62183,-1.115,3.687,-1.015,0.9646,-0.0957,-0.33618,-1.298,1.626,-0.443,1012.11,9.47,1.0660576548198506,1.0259769209879919,3.983392900530903,2.127188049985238,-0.09887999999999997,0.18300000000000005,0.07738999999999999,2.061,0.95801,-0.5719999999999998,-0.01717627583021684,-0.9477011480103062,-0.09341274498709966,-1.2231497477954383,0.07623646915688281,0.27544859978513203,1.0693275338991652,0.002858665369444306,1.0216979951256233,0.004733717822463429,3.1704618578472616,0.9474618260930276,2.486121388144958,0.3112100016263613,-0.014994646249117899,0.0018893534591431771,-0.9598950035986079,0.010945684421054862,0.08017888533208511,0.004126700983118346,0.26148871300768667,0.012783979701847518
2026-06-14,22:32:25,benar,0.7447,0.86914,-0.02466,0.60669,-1.061,-0.221,-0.435,0.9519,-0.10034,-0.34985,-1.366,-1.145,2.122,1012.12,9.384,1.060228848551104,1.0191058571610703,1.1678129130986692,2.771256935038684,-0.08275999999999994,0.30500000000000016,0.07568,0.924,0.95654,-2.557,-0.023261227053849837,-0.9610030274760528,-0.09861863610532315,-1.2056012070735203,0.07535740905147331,0.24459817959746744,1.0658799943157133,0.005564443036108665,1.0225289486223774,0.003435599485236507,2.4270449734770057,1.43111182130538,2.516324285658993,0.34236549782964176,-0.018112085918667763,0.004750871154905132,-0.9591918053825617,0.01070063548660324,0.07714202268095362,0.0023708513561091576,0.2567998908978331,0.016404570700061266
2026-06-14,22:32:26,benar,0.7597,0.86987,-0.02393,0.61157,-1.107,0.618,0.191,0.96216,-0.08228,-0.3457,-0.038,1.893,-0.008,1012.13,9.292,1.0636091042765665,1.0256853094394986,1.28212869868824,1.893398267665839,-0.09228999999999998,-1.069,0.058350000000000006,-1.275,0.95727,0.199,-0.02250076577169512,-0.9576602875674941,-0.08030582419522671,-1.2170037592383087,0.05780505842353159,0.2593434716708146,1.0632985358825071,0.0029267875179429088,1.0235893625295203,0.0038855661898227704,2.144444837439271,1.5936011134440415,2.263947750896587,0.4546277288237355,-0.020979422885253934,0.0033154970942668714,-0.955454821017951,0.006919758764305162,0.06979964554396258,0.010396911888125112,0.25979675035113803,0.015430204231000723
2026-06-14,22:32:27,benar,0.701,0.87793,-0.02856,0.5957,6.786,1.969,8.71,0.95728,-0.10352,-0.33887,0.344,1.74,1.313,1012.13,9.292,1.0613365387566753,1.0207518139587115,11.21565232164407,2.2067861246618348,-0.07935000000000003,6.441999999999999,0.07496,0.2290000000000001,0.93457,7.397000000000001,-0.02691271511152025,-0.9740935066335908,-0.10159009954737241,-1.2162917074972421,0.07467738443585216,0.2421982008636513,1.0617248305281153,0.0017232556592701278,1.0218476601864268,0.0034238804428787352,4.555197977810327,5.768405852090253,2.290480442455453,0.4448735933876175,-0.0242249026456884,0.0023585646544084637,-0.9642522738923792,0.00868509492890489,0.06927995063695236,0.009943363206263814,0.24871328404397777,0.009283891491018657
2026-06-14,22:32:27,benar,0.7088,0.8667,-0.00757,0.62378,0.679,2.412,-0.679,0.95947,-0.08691,-0.3418,1.992,2.55,-0.847,1012.15,9.196,1.067861265942351,1.0222344491358135,2.5961174857852636,3.344842746677338,-0.09277000000000002,-1.313,0.07934,-0.1379999999999999,0.96558,0.16799999999999993,-0.007088995207831487,-0.9469237973611311,-0.08512239488089197,-1.2185518740644132,0.07803339967306049,0.27162807670328215,1.0642689696585308,0.0033120360737180594,1.022890524178008,0.002531337642527991,5.031299502039191,5.395952787151709,2.4816757130016707,0.763770897093149,-0.01883415869701562,0.010408072505754552,-0.9595591971874052,0.013684029698737872,0.07017194751081475,0.010840695034958131,0.25772324974591604,0.014781685874705342
2026-06-14,22:32:28,benar,0.7099,0.88086,-0.01929,0.6001,0.893,2.412,1.985,0.95752,-0.10181,-0.37134,1.168,1.053,-1.832,1012.13,9.327,1.0660236646998038,1.0320383820866355,3.2489102788473554,2.414385429048146,-0.07666000000000006,-0.2749999999999999,0.08252,1.359,0.97144,3.817,-0.018096270742485758,-0.9725141589749536,-0.09881014112168249,-1.1884584993379694,0.08071387037919672,0.2159443403630158,1.0650738231329433,0.0033644710525543393,1.0250082150603868,0.00613326895544383,5.68689336209223,4.799157877407975,2.6553381001291063,0.6060832129370699,-0.017365993687279164,0.009932016217163433,-0.9645104876565584,0.015250978375736158,0.07780821816270313,0.003024536438944691,0.2432568726433164,0.0278569598602552
2026-06-14,22:32:29,benar,0.7286,0.88208,-0.01367,0.59814,-4.412,1.695,-1.13,0.95264,-0.10034,-0.36597,-1.534,1.405,2.824,1012.13,9.327,1.0658440105850386,1.0254389918956661,4.859595559303264,3.507443085782006,-0.07056000000000007,-2.878,0.08667,0.29000000000000004,0.96411,-3.9539999999999997,-0.012825868186183446,-0.9747975608148277,-0.09800760133366596,-1.1917204039530285,0.08518173314748251,0.21692284313820076,1.0665763137423978,0.0011164208513644136,1.0265706077060384,0.004998969001980896,3.5682077746452943,1.1650306500008125,3.0888904205024965,0.5897689845963955,-0.012670378045500232,0.005505284875629677,-0.9647451723836374,0.015475934115916707,0.08130966773324656,0.0036112184551346732,0.23483175340149956,0.03187030629468819
2026-06-14,22:32:29,benar,0.7305,0.88086,-0.03345,0.60254,-2.321,2.168,-2.107,0.95068,-0.12354,-0.36377,0.031,2.076,-0.458,1012.17,9.014,1.0677488907510042,1.0253697903195704,3.811392658858439,2.126146984570916,-0.06982,-2.3520000000000003,0.09009,0.09200000000000008,0.96631,-1.6490000000000002,-0.03133271697231455,-0.970147786683832,-0.12077677723603063,-1.186755388473874,0.08944406026371607,0.21660760179004201,1.0665388553452821,0.001051764309417119,1.0276157214339572,0.0038302927631049424,3.9732994990030193,0.8174577278572476,2.682658499800356,0.7286786398497999,-0.02075161863366125,0.009534884231890715,-0.9724865021578711,0.002325010439109419,0.0851132212634651,0.004365498169010003,0.21649159509708618,0.0004994597930455263
2026-06-14,22:32:30,benar,0.6705,0.84985,-0.01392,0.61938,7.359,-2.595,-1.802,0.96411,-0.06641,-0.37451,3.611,-10.809,12.107,1012.17,9.014,1.0516988035079247,1.0364246814409621,8.008502356870478,16.626883382041264,-0.11426000000000003,3.7479999999999998,0.052489999999999995,8.213999999999999,0.99389,-13.908999999999999,-0.013236115131487347,-0.9408745033695797,-0.0641199780302809,-1.1950303299092595,0.05088386289879355,0.25415582653967983,1.0617639016146558,0.008768511392207053,1.0290778212187328,0.006362661672465738,5.559830191677395,2.184417281466336,7.420157817464729,8.003114484116516,-0.019131566763328448,0.010568496839934903,-0.9619399502894131,0.018390755566766708,0.07516988543666404,0.02114001007908724,0.2292287571559742,0.021588050753181792
2026-06-14,22:32:30,benar,0.5943,0.8938,0.00952,0.57861,1.374,2.031,2.878,0.92529,-0.14722,-0.40332,2.298,1.855,-2.786,1012.13,9.345,1.0647810115230267,1.0200501629331766,3.7809682622312506,4.060003078816567,-0.03148999999999991,-0.9239999999999999,0.15674,0.17600000000000016,0.98193,5.664,0.00894092468551015,-0.9962177825790086,-0.14483204511572795,-1.1363481487953164,0.15377296980123809,0.1401303662163078,1.0614095685939853,0.008539689437880863,1.0272815448979031,0.0083529825970299,5.200287759320056,2.4320327568515583,7.604344481809583,7.873347826875058,-0.011875969139430584,0.020171243167824322,-0.9690800242108067,0.02768708590547772,0.0980336309879159,0.05197958852968334,0.20363126484867655,0.05810972716164744
2026-06-14,22:32:31,benar,0.6007,0.89673,0.01611,0.57788,0.634,3.29,0.214,0.93481,-0.14355,-0.41211,3.863,3.756,-2.122,1012.13,9.369,1.0669252642055111,1.0316544919206236,3.3573578897698706,5.790784834545314,-0.03808,-3.229,0.15966000000000002,-0.46599999999999975,0.9899899999999999,2.336,0.015100038167274385,-0.9981696112414473,-0.13959838945833003,-1.1340364537413294,0.15469842762560443,0.13586684249988212,1.0611350264121542,0.008242037485677664,1.0293764454315875,0.00842159936978184,5.048942836290533,2.571790398497856,8.825890431801048,6.811058627611718,0.003601615907099063,0.014903541848035473,-0.9784206323966785,0.03253054353175717,0.119785086775212,0.05967200438059228,0.17671767841862326,0.0670972763749331
2026-06-14,22:32:32,benar,0.6853,0.87476,-0.02954,0.60425,11.595,4.168,7.466,0.95898,-0.11646,-0.34351,2.466,1.099,-2.16,1012.15,9.178,1.0635768574484874,1.0252827376387452,14.406852709735045,3.4575362615596674,-0.08422000000000007,9.129000000000001,0.08692,3.069,0.9477599999999999,9.626000000000001,-0.027777775508207557,-0.9657397983424303,-0.11383386654081037,-1.2091970414993802,0.08605609103260281,0.24345724315694994,1.0650943777256752,0.0016960559352044709,1.0256624641641818,0.005811476317409823,7.181726287245389,6.260726819038893,4.436108058307183,1.2112404561164216,-0.0012456042184743402,0.02318298416363002,-0.9867090640542955,0.018186120728538573,0.1315091628198151,0.03936623450644315,0.1731514839577133,0.0609238807123768
2026-06-14,22:32:32,benar,0.6725,0.87549,-0.01587,0.59937,-3.16,1.45,-3.359,0.95605,-0.09985,-0.36792,-4.252,1.573,6.168,1012.15,9.178,1.0611215735720387,1.0292554354483634,4.834354248501034,7.654936773089638,-0.08055999999999996,1.0919999999999996,0.08398,-0.123,0.96729,-9.527000000000001,-0.014956431071218678,-0.9703101025161713,-0.09716469136827921,-1.1913648082242865,0.08220826029706053,0.22105470570811514,1.0638745650753458,0.002913276268324303,1.0287308883359108,0.0032181012122128464,7.5328549493353165,5.998688479027032,5.6344192897315395,2.1030645261740535,-0.009211389470717283,0.022008654062458142,-0.9780731707000164,0.017553407415273607,0.10765425965175592,0.040786845374533455,0.20012626378831574,0.05676639269215464
2026-06-14,22:32:33,benar,0.7085,0.86523,-0.01514,0.60669,0.023,1.405,-1.466,0.95703,-0.09912,-0.354,-2.55,-0.229,1.214,1012.13,9.35,1.0568466911525058,1.0252059282407608,2.0306920002797075,2.8335026027868757,-0.09179999999999999,2.573,0.08398,1.6340000000000001,0.9606899999999999,-2.6799999999999997,-0.014326125074108504,-0.9591263015255342,-0.09683427769254178,-1.2040535477188867,0.08250815261843328,0.2449272461933525,1.060515040724344,0.0034058326682899994,1.0265813671092898,0.002316129537057776,7.090632986171929,6.489255256430881,4.648658545812061,2.6221434145890554,-0.019020110551178245,0.0075909052844296936,-0.9650587341280453,0.005622920726600266,0.08359083464936555,0.002140233778684852,0.2364797316861392,0.013378669479765008
2026-06-14,22:32:34,benar,0.7065,0.88599,-0.01514,0.60352,-0.046,2.809,0.13,0.95972,-0.0979,-0.36133,0.725,3.412,0.71,1012.13,9.35,1.072121210544778,1.0301486578644852,2.812382797557971,3.5597006896647923,-0.07372999999999996,-0.771,0.08276,-0.6029999999999998,0.96485,-0.58,-0.014122006989294018,-0.9726658230636994,-0.09517846500345646,-1.1988796381097917,0.08105645801416245,0.22621381504609228,1.0633631584231076,0.007880118187541927,1.0282033405178697,0.0026339745329802162,3.2258096821129043,1.4468316564756123,4.682713355180435,2.5995047508750937,-0.014468187711540398,0.0004349738289133412,-0.967367409035135,0.007233549928154927,0.08192429030988542,0.0007663768793677425,0.2307319223158533,0.012561230723166603
2026-06-14,22:32:34,benar,0.7325,0.8562,-0.01636,0.62793,0.985,4.496,1.298,0.96411,-0.08838,-0.31226,0.595,5.092,-1.756,1012.16,9.048,1.0619049743267992,1.017263694476511,4.78215903123265,5.419042812157881,-0.10791000000000006,0.39,0.07202,-0.5959999999999992,0.94019,3.0540000000000003,-0.015406884450703979,-0.9378477061240815,-0.08698979832182932,-1.2461022359184448,0.07158291387112534,0.3082545297943633,1.0636242920080277,0.007781052347398946,1.0242060935272523,0.006500409407730504,3.208411276356776,1.417840478551809,3.937415368203183,1.3335125898753581,-0.014618338838035502,0.000690484746812783,-0.9565466102377718,0.017551821049690133,0.07838250816790703,0.005933187697741981,0.2597985303446027,0.04299460475841372
2026-06-14,22:32:35,tidak pasti,0.5396,0.8667,-0.00903,0.65308,4.382,36.969,1.412,1.00317,-0.01782,-0.17529,-29.275,49.015,-6.328,1012.14,9.264,1.0852483205699974,1.018525495704452,37.25456521018599,57.44161761301643,-0.13646999999999987,33.657,0.00879,-12.046,0.82837,7.74,-0.008320772325022121,-0.9249971789951817,-0.017496772851743028,-1.3969329506623178,0.009176000526720907,0.4719357716671361,1.073091501813858,0.011701882426242307,1.021979282681816,0.0071029609136693435,14.949702346325537,19.341669657359034,22.140120371613037,30.58612543124297,-0.012616554588340038,0.0037753193855735493,-0.9451702360609876,0.024663525505094,0.05393845747066956,0.03905374723892269,0.3354680388358639,0.12510096441347848
2026-06-14,22:32:35,benar,0.9601,0.34912,-0.05542,0.85498,-1.29,20.145,-14.244,0.51099,-0.19434,0.26929,15.962,0.298,-3.718,1012.14,9.264,0.925174011308143,0.6094226118220426,24.70580217276905,16.392003294289566,-0.16187000000000007,-17.252,0.13892000000000002,19.847,0.58569,-10.526,-0.059938126915809235,-0.3869395901527414,-0.32456023021793257,-0.9944918689671634,0.2646221033021233,0.607552278814422,1.0241091020683133,0.08647162593157248,0.8817372673343352,0.23583225339352676,22.247508804729232,16.375185356973617,26.41755457315463,27.422086555577703,-0.027888594563845112,0.027980933494955635,-0.7499281584240016,0.31442297869842006,0.11512700589998985,0.13317373546893183,0.4625808600919738,0.1498680133319076
2026-06-14,22:32:36,benar,0.9823,0.37573,0.08057,1.02173,-4.42,-0.939,-1.137,1.19141,0.06763,0.29883,-7.122,-11.901,1.496,1012.16,9.057,1.0916028356045984,1.2301751801674428,4.6594946077874155,13.949720463149072,-0.8156800000000001,2.702,0.012940000000000007,10.962,0.7229000000000001,-2.633,0.07387607604250541,-0.35138688392465206,0.05500364044230072,-1.3190868753937823,0.01887243560020469,0.9676999914691302,1.034008389160913,0.09430687311792742,0.9527077625646458,0.31556682061585584,22.206620663580818,16.44062310424207,29.261113790151693,24.435563900587432,0.0018723922672246828,0.06748692970972774,-0.5544412176908584,0.3214028454660344,0.09755684647634964,0.14476396389288276,0.6823960139835629,0.25621617616677006
2026-06-14,22:32:37,benar,0.9725,0.46191,-0.03247,0.95947,-12.542,-10.672,5.443,1.10498,-0.08154,0.10107,21.763,-5.16,-2.092,1012.16,9.057,1.0653627691542444,1.112584701000333,17.34415166561916,22.463976339909195,-0.64307,-34.305,0.04907,-5.5120000000000005,0.8584,7.535,-0.030482601716649554,-0.4484514469803979,-0.07335456987761377,-1.4538094317802048,0.04287196816096421,1.0053579847998069,1.0273798720223286,0.08947996281333255,0.9840608309966061,0.32973053641936745,15.56981614872521,10.140256981080089,17.601900032449276,4.384179041906616,-0.0055148841966511245,0.07031429738652789,-0.3955926403525971,0.04910742111556698,0.10878883568776408,0.13548800634118918,0.8602034183611197,0.2196109738858853
2026-06-14,22:32:37,benar,0.8462,0.16309,-0.11548,1.06714,-7.176,38.45,-20.878,0.9502,-0.06104,0.50049,4.511,18.893,-5.298,1012.13,9.345,1.0856895311736223,1.0756840436206163,44.337211910538535,20.133637872972685,-0.78711,-11.687000000000001,-0.05444,19.557000000000002,0.56665,-15.58,-0.10656717458745919,-0.1507886685305999,-0.0567757849326688,-1.082951068274666,-0.049791389654790394,0.932162399744066,1.0808850453108219,0.013763995972614013,1.1394813082627973,0.08068115287696365,22.11361939464837,20.264283342939795,18.849111558676984,4.400073200848442,-0.021057900087201112,0.09059006802668906,-0.31687566647855,0.15180266965973455,0.003984338035459503,0.04809226608557421,0.9684067920043343,0.03660291099298622
2026-06-14,22:32:38,benar,0.7541,0.19678,0.00293,0.71582,8.206,-77.191,-1.641,0.65747,-0.13843,0.21313,6.252,-116.359,15.947,1012.09,9.686,0.7423807821461975,0.7048787574469811,77.64329847449811,117.61297204815462,-0.46069,1.9539999999999997,0.14135999999999999,39.16799999999999,0.5026900000000001,-17.588,0.003946771890254141,-0.26827250325031277,-0.19767320760389764,-1.2019446115594403,0.20161997949415178,0.9336721083091275,0.9644776941580214,0.19260989864863895,0.9643825006893101,0.2254929249363475,46.44155401688528,30.204601772661924,53.403528753678835,55.619214984414306,-0.04436766813795154,0.056550237786084485,-0.28917087292043686,0.14992777864613768,0.06490018600010854,0.12714499958792327,0.9570641642843335,0.04183048684839116
2026-06-14,22:32:39,benar,0.7379,0.79004,0.02148,0.67236,-3.137,35.519,5.58,1.0,-0.05444,-0.04077,8.008,63.771,-2.076,1012.09,9.686,1.037637972319826,1.002310284542666,36.091225110821604,64.30535188458266,-0.20996000000000004,-11.145,0.07592,-28.252000000000002,0.7131299999999999,7.656000000000001,0.020702340286446626,-0.8654438445940627,-0.05434125871213041,-1.5028868942279894,0.07504359899857703,0.6374430496339267,0.9552360952132153,0.1858972197283046,0.9276243618700878,0.1963609695119389,52.69057849861942,21.999494317398256,67.35065393523665,48.81096747908185,-0.027306020803586142,0.06915153752761359,-0.42816833879165844,0.3832205811750897,0.07562406294597947,0.12570668971113708,0.8344258525623734,0.17059378151664353
2026-06-14,22:32:40,benar,0.885,0.81396,0.03125,0.99707,7.115,-35.878,5.313,1.28198,-0.12646,-0.05396,10.672,-28.137,1.565,1012.1,9.59,1.2874999141747545,1.289331816717481,36.9605475879349,30.133562318451496,-0.4680199999999999,-3.5570000000000004,0.15771,-7.741,1.05103,3.7479999999999998,0.024274230073209415,-0.6843919169898004,-0.09823975448090592,-1.4639556657537982,0.12251398455411534,0.7795637487639978,1.0225062228802593,0.27287441141799684,0.9988402862357093,0.2922419807092221,50.23169039108487,23.743127925386922,70.68396208372958,44.08714985932767,0.016307780749970063,0.010852903030280732,-0.6060360882780587,0.3061994932236192,0.1330591876822814,0.06394369403311669,0.7835596355690173,0.1481549497466007
2026-06-14,22:32:40,benar,0.97,0.55737,-0.0686,0.94482,4.786,3.527,0.008,0.97119,-0.11353,0.00391,-7.672,0.611,-0.473,1012.15,9.163,1.099114238512085,0.9778110068413016,5.945215639486931,7.710812797623866,-0.41381999999999997,12.457999999999998,0.04493000000000001,2.9160000000000004,0.94091,0.481,-0.06245448768873245,-0.5318264166690171,-0.11636874171909048,-1.4543582767667727,0.05391425403035803,0.9225318600977556,1.1414173750022218,0.1301918354373894,1.089817702700483,0.17321796939394865,26.332329446081143,17.661108046059056,34.049909000219344,28.499803369763313,-0.005825972443025469,0.049074241240819466,-0.69388739275096,0.16701128733944542,0.08382394586101681,0.03513262906831194,0.7798462194985601,0.14254461513928596
2026-06-14,22:32:41,benar,0.9973,0.66992,0.03662,0.86694,0.122,-1.611,-5.336,1.04248,-0.09717,0.11963,-5.573,8.786,-0.244,1012.13,9.322,1.0962293530096703,1.0538111292826624,5.575222058357856,10.407288840038984,-0.3725600000000001,5.695,0.13379000000000002,-10.397,0.74731,-5.0920000000000005,0.03341163428274481,-0.6574659322407626,-0.09233934073371558,-1.4240186113499158,0.12575097501646038,0.7665526791091533,1.1609478352321698,0.10960680706328477,1.1069846509471484,0.16242497129792066,16.16032842859323,18.014468119264645,16.083887985371447,12.241844526501547,-0.0015895411109260738,0.05290821609505963,-0.6245614219665266,0.08143149310508314,0.10072640453364458,0.04057280619910449,0.8228827626569689,0.08654350899381973
2026-06-14,22:32:42,benar,0.9601,0.47729,-0.03711,1.10669,-3.756,-12.244,-4.832,1.07739,-0.08081,0.34424,4.099,-26.847,-2.244,1012.13,9.364,1.205796687796081,1.1339314996065681,13.688363525272113,27.250665056104594,-0.6001000000000001,-7.855,0.04370000000000001,14.603000000000002,0.76245,-2.5879999999999996,-0.030781193187871425,-0.4069710413056245,-0.071325789094641,-1.2536741683028736,0.04054459590676958,0.8467031269972491,1.1337134264392787,0.062442598175967264,1.0551845452435107,0.07806930747014822,8.402933741038966,4.581053352184769,15.122922231255814,10.589114943236897,-0.01994134886461969,0.04884367926535416,-0.5320877967384681,0.12524765002109703,0.07340327498452932,0.045824646354993115,0.8452625554013861,0.07799956833445228
2026-06-14,22:32:43,salah,0.5788,0.86328,0.09863,0.56763,-48.053,-44.542,-31.359,1.01904,-0.20142,-0.42554,-28.496,-14.611,5.977,1012.13,9.364,1.0378747767433218,1.122540346535482,72.6392968991303,32.57649253679714,-0.1557599999999999,-19.557,0.30005,-29.931,0.9931699999999999,-37.336,0.09517435111773426,-0.9823005769302781,-0.18040935851639492,-1.138003850232375,0.27558370963412915,0.155703273302097,1.1133002725163577,0.08525259100171409,1.103427658474904,0.04334500627391424,30.634294160920092,36.60288181814823,23.41148214431357,11.572505874257743,0.03260159740420255,0.06298167912289096,-0.6822458501588885,0.28846412582770437,0.1472930935191197,0.11899114840030174,0.5896530264694998,0.37794221089963337
2026-06-14,22:32:43,benar,0.5734,0.88354,0.00146,0.58936,27.664,-9.916,22.565,0.87646,-0.10376,-0.44971,0.511,-6.725,-6.817,1012.13,9.359,1.0620688644339404,0.9905490161016769,37.05135863905668,9.58948564835466,0.007079999999999975,27.153000000000002,0.10522000000000001,-3.1910000000000007,1.03907,29.382,0.0013746758871787455,-0.9825311643663133,-0.10494250506270053,-1.0861127892362292,0.10631718094987927,0.10358162486991596,1.1019134429911144,0.09077518869824398,1.0823402874145758,0.07969735070252251,41.126339687819694,29.6859771495415,23.1388810804188,12.0324850724759,0.02192261127234719,0.0654435865595334,-0.7906009275340719,0.33223324712975383,0.14081516216359266,0.12125769780225071,0.36866267505642075,0.4148146234496388
2026-06-14,22:32:44,salah,0.5425,0.88013,-0.01636,0.59473,5.489,1.588,3.779,0.86255,-0.13306,-0.50806,2.817,2.557,-2.794,1012.14,9.226,1.062355985251648,1.0098625796117013,6.8506719378466805,4.720187919987932,0.01757999999999993,2.6719999999999997,0.11670000000000001,-0.9689999999999999,1.10279,6.573,-0.015400343119169012,-0.9763700513580229,-0.13214475628361338,-1.0238681744702582,0.11674441316444437,0.047498123112235335,1.0540998754763036,0.014052081029592833,1.0409839807496202,0.07128698362262162,38.84710915867789,32.931054242472214,15.628722035046579,14.87775886438795,0.027049561295247996,0.059591027486814475,-0.9804005975515381,0.003492458962530435,0.16621510124948427,0.09485937575121123,0.10226100709474943,0.05411466211096299
2026-06-14,22:32:45,tidak pasti,0.5359,0.88965,-0.00537,0.58667,-0.305,3.252,-0.763,0.86328,-0.13232,-0.49292,0.611,1.435,-0.038,1012.15,9.173,1.0656864681040106,1.0028614396814746,3.35420601633233,1.5601249949923883,0.026370000000000005,-0.9159999999999999,0.12695,1.8169999999999997,1.07959,-0.725,-0.005039026844580029,-0.9877948715767495,-0.13232831187908012,-1.0368725311800044,0.1272892850345001,0.04907765960325494,1.0633704392631997,0.0020108709020200868,1.0010910117982843,0.009777742327915968,15.752078864411898,18.528378441569625,5.289932854444994,4.044887525407247,-0.006354898025523432,0.008464570478734296,-0.9822320291003619,0.005718281270456871,0.11678362638294125,0.010486107032231793,0.06671913586180207,0.031933619522168215
2026-06-14,22:32:45,benar,0.6423,0.88452,-0.00708,0.61792,1.527,2.305,1.26,0.87451,-0.1333,-0.49048,0.626,1.275,-1.641,1012.15,9.173,1.079004579786388,1.0114876472305532,3.038478895763471,2.1703414477911074,0.010009999999999963,0.9009999999999999,0.12622,1.0300000000000002,1.1084,2.901,-0.006561650368802793,-0.9609840715828079,-0.13217056771108343,-1.0443100246234487,0.12560891734228063,0.08332595304064083,1.0690156777140156,0.008809463801279624,1.0080705555079097,0.004583816855129892,4.41445228331416,2.115725775594179,2.816884787590476,1.6763093808011813,-0.00900034011085061,0.005594606731396995,-0.9750496648391934,0.013454081704007723,0.12321420518040838,0.005665647839624114,0.0599672452520437,0.0202446451202884
2026-06-14,22:32:46,benar,0.6243,0.88452,-0.00635,0.6062,-0.183,1.58,-0.191,0.87183,-0.12549,-0.49292,0.282,1.702,-1.031,1012.13,9.322,1.0723312887815966,1.0093589130730456,1.6019893882295226,2.0097982485811854,0.012689999999999979,-0.46499999999999997,0.11914,-0.12199999999999989,1.09912,0.8399999999999999,-0.005921712042623252,-0.9699492576720353,-0.12464897501130283,-1.042657128045371,0.11872726296867958,0.07270787037333559,1.0723407788906651,0.006659060912973966,1.007902666661691,0.0044937016342745315,2.6648914334417744,0.9339386874698823,1.913421563788227,0.3163184769268525,-0.005840796418668691,0.0007645299881489961,-0.9729094002771976,0.013648317927897153,0.12387515511515344,0.004536684258250641,0.06837049433907712,0.01753128700324771
2026-06-14,22:32:47,benar,0.5657,0.86987,-0.00391,0.58569,2.053,-6.351,-0.168,0.84814,-0.14429,-0.50586,1.389,-10.687,-0.802,1012.13,9.322,1.0486762518051032,0.9980257528240442,6.676693343265063,10.806687466564394,0.021730000000000027,0.6639999999999999,0.14038,4.335999999999999,1.09155,0.634,-0.003728518738675909,-0.9781999754343307,-0.1450838785132512,-1.0156394219373093,0.14135535977457528,0.03743944650297859,1.0666707067910293,0.015936860132693915,1.0062907710425477,0.007236419825609986,3.7723872090860184,2.6157448493854094,4.995609054312229,5.033181674121301,-0.005403960383367317,0.00148583605889178,-0.9697111015630581,0.00861042246962378,0.1285638466951785,0.011599844691835736,0.06449108997231834,0.024021437939403957
2026-06-14,22:32:47,tidak pasti,0.5048,0.92505,-0.03809,0.52148,-0.061,4.511,-1.45,0.7981,-0.16943,-0.5813,13.366,6.405,-0.947,1012.11,9.499,1.0625957561556512,1.0017883134175602,4.738706785611449,14.851625836924386,0.12695,-13.427,0.13134,-1.8940000000000001,1.10278,-0.503,-0.03585386234277666,-1.0563328149152487,-0.16994439642820017,-0.9217743340106135,0.1340905340854235,-0.13455848090463518,1.061201098914117,0.011889028354152375,1.0030576597715501,0.00577222317934573,4.339129839035345,2.5608399715698074,9.222703850689989,6.565811985101466,-0.015168031041358608,0.01794798698155771,-1.0014940160072048,0.047670630215635966,0.13139105227622613,0.01155305556088463,-0.008137054676107,0.11089521264606597
2026-06-14,22:32:48,tidak pasti,0.5188,0.90234,0.00464,0.56299,6.382,2.008,0.397,0.81152,-0.16089,-0.56006,0.573,2.031,-4.786,1012.14,9.245,1.0635773339536716,0.9990583096596515,6.702208367396525,5.230591362360474,0.09082000000000001,5.808999999999999,0.16553,-0.02300000000000013,1.12305,5.183,0.004362649114614515,-1.012957147505913,-0.16174598933596246,-0.9480589897660678,0.16610863845057697,-0.06489815773984509,1.0582831139714752,0.008334250071610908,0.9996241253004187,0.0019440488829946172,6.039202832091012,1.1263348655243868,10.296301555283085,4.830781140148316,-0.011739910655612687,0.021271547869999703,-1.0158299792851642,0.03914556198551292,0.14718484410352525,0.016786212123066052,-0.05400573071383389,0.08651477031707608
2026-06-14,22:32:49,tidak pasti,0.5379,0.89819,0.00708,0.56567,0.099,4.237,0.702,0.82251,-0.15527,-0.54688,1.061,2.13,0.168,1012.14,9.245,1.061497975221809,0.9998545931284208,4.29590200074443,2.3855492030138468,0.07568000000000008,-0.962,0.16235,2.107,1.1125500000000001,0.5339999999999999,0.006669869047054908,-1.0087254722516075,-0.15592361993142306,-0.9660205656886561,0.16259348897847797,-0.04270490656295134,1.062557021777044,0.0010402203843454898,1.0002337387352107,0.0014039386286124303,5.245605717917468,1.2807370839588186,7.489255467432902,6.532758935954209,-0.008273781393702414,0.02391289327585181,-1.026005144890923,0.026349619460112984,0.15426422050482616,0.017559108370418252,-0.08072051506914386,0.04792734108447725
2026-06-14,22:32:49,tidak pasti,0.5416,0.90527,-0.01563,0.56934,1.298,4.458,0.817,0.83325,-0.15894,-0.52905,0.046,4.74,-2.176,1012.14,9.287,1.069535462432172,0.999730658027451,4.714451929970227,5.215811729731049,0.07201999999999997,1.252,0.14331,-0.28200000000000003,1.09839,2.9930000000000003,-0.014614341386057507,-1.009215232626914,-0.159660284066704,-0.985366193087957,0.1450459426806465,-0.023849039538956895,1.0648702572025508,0.004171814720215522,0.9995478536051744,0.00042846228919444563,5.237520766037061,1.2856042695930334,4.27731743170179,1.6383360103135143,-0.001193941074796028,0.011679519439602083,-1.0102992841281448,0.002314766642118706,0.1579160233699005,0.011283541184563045,-0.04381736794725111,0.020547158052058957
2026-06-14,22:32:50,benar,0.598,0.89331,0.00439,0.5835,-0.267,2.321,0.191,0.84155,-0.15552,-0.51465,-0.137,2.198,0.115,1012.13,9.298,1.067002473380451,0.9986278062421454,2.3441013203357914,2.2052659703536897,0.05176000000000003,-0.13,0.15991,0.12300000000000022,1.09815,0.076,0.004114341335603664,-0.9921697941238068,-0.15637016892675934,-1.0022905318215891,0.16048451026236302,0.010120737697782323,1.0660119703448105,0.004109272729072238,0.9994043524660058,0.0006753576871976239,3.7848184170168166,1.2651266044611824,3.268875634366195,1.6885039622608256,-0.0012767103344663118,0.011621186773401244,-1.0033701663341095,0.009702897481850067,0.15604131397382917,0.009580479644175731,-0.01881106946804197,0.026770749517280455
2026-06-14,22:32:51,benar,0.6099,0.89233,0.00122,0.59033,0.504,6.473,-0.237,0.85791,-0.15942,-0.50415,0.756,5.603,-1.374,1012.13,9.298,1.069927019099901,1.0077656111417972,6.496915729790559,5.818334899264565,0.034420000000000006,-0.252,0.16064,0.8700000000000001,1.09448,1.137,0.0011402649353233134,-0.9863363331112982,-0.15885886732079224,-1.018456403862772,0.15999913225611556,0.03212007075147372,1.068821651637508,0.001587572456369312,1.0020413584704644,0.00498792261357691,4.518489660032192,2.083330935850864,4.413137533116434,1.9356603965309833,-0.0031199117050435096,0.0100649251302485,-0.9959071199540063,0.01188851185103575,0.15517652839970836,0.00877670058795914,0.0061305896367663815,0.028197097152671914
2026-06-14,22:32:51,salah,0.5484,0.8894,-0.00757,0.44019,5.206,18.397,3.107,1.03101,-0.13599,-0.27222,-2.489,91.611,-12.969,1012.12,9.446,0.9923995672107078,1.0749784316906084,19.370221836623347,92.55790297430036,-0.14161,7.695,0.12842,-73.214,0.71241,16.076,-0.007628049886124756,-1.1111548273869134,-0.12684473663986692,-1.2837994836248894,0.11921668675374217,0.17264465623797598,1.0431096865636866,0.043940589385115296,1.027123949691517,0.041694285641404684,9.403746295583232,8.877468271554505,33.52716794797287,51.15402550222837,-0.0007911478717325925,0.006104809945811241,-1.029886984874006,0.07044042863919223,0.1465667764240736,0.0236871157316296,0.07162848822907734,0.088171380351582
2026-06-14,22:32:52,salah,0.8928,-0.30078,0.02637,1.03296,-8.122,86.122,-3.405,0.60498,0.13208,0.95361,11.214,88.74,-4.076,1012.12,9.446,1.0761832310996118,1.1370215296554416,86.57112563089382,89.53856806985468,-0.9057599999999999,-19.336,-0.10571,-2.617999999999995,0.07935000000000014,0.6709999999999998,0.0245057149451385,0.28326052780289457,0.11642599545807011,-0.5610486233847332,-0.09192028051293161,0.8443091511876277,1.04616993913674,0.04667145508706821,1.0732551908292824,0.06464518765539375,37.47942106576924,42.99915226329654,62.638268647806534,49.23065863065235,0.00600597666477902,0.01661027012222724,-0.6047435442317723,0.7715622710390395,0.06243184616564204,0.1352192154352973,0.3496912927256925,0.4340759256324193
2026-06-14,22:32:52,salah,0.9443,-0.49365,-0.01221,0.91626,-8.237,-15.336,-5.832,0.48242,0.0686,1.03174,-1.366,-6.809,-8.183,1012.14,9.273,1.040851475571803,1.1410181611175172,18.359011111712963,10.732656986972051,-0.97607,-6.871,-0.08080999999999999,-8.527000000000001,-0.11548000000000014,2.351,-0.01173104936774002,0.49414051896319194,0.060158021007964885,-0.43653045100669635,-0.07188907037570491,0.9306709699698883,1.0364780912940408,0.042062696670481646,1.1176727074878556,0.037028288579807195,41.433452859743376,39.093640968565914,64.2763760103757,46.39478937293712,0.0017155385637579086,0.019843204272681415,-0.1112512602069423,0.872337635558827,-0.014864221378298117,0.11654861556030988,0.6492082591318307,0.4149689646687132
2026-06-14,22:32:53,salah,0.7303,-0.19604,-0.03979,1.07007,15.008,-57.389,4.137,0.83032,-0.00854,0.66089,-22.031,-97.901,13.809,1012.13,9.307,1.0886067841971223,1.0612633161002032,59.46303182650545,101.29491222662665,-1.02636,37.039,-0.03125,40.51199999999999,0.4091800000000001,-9.672,-0.036559449899945924,0.1810712263260658,-0.008047100123227886,-0.8984914643819737,-0.028512349776718036,1.0795626907080396,1.0685471636228456,0.02477649128422275,1.113101002291054,0.04493720672201099,54.79772285637074,34.34453337337072,67.18871242781779,49.24446724189432,-0.007928261440849148,0.030709680662651215,0.3194907576973841,0.15964826233546453,-0.06410723355511819,0.032412330343386205,0.9515142706218519,0.11900373670927984
2026-06-14,22:32:54,salah,0.8645,0.7937,0.10254,0.60449,-10.298,-71.298,-20.427,1.0332,-0.1272,-0.3728,-4.748,-57.565,11.573,1012.13,9.307,1.0029368383402815,1.105740439705449,74.87800703143748,58.90846338175865,-0.23949999999999994,-5.55,0.22974,-13.733000000000004,0.97729,-32.0,0.10241869945524285,-0.9130563262013084,-0.11529127902284572,-1.20656118253252,0.21770997847808857,0.2935048563312116,1.0441316993697356,0.042929067156204356,1.1026739723077232,0.03996575087071348,50.90001665655196,29.21631644379728,56.978677531785785,45.31195839503247,0.0180427333958523,0.0741187567663441,-0.07928152697068354,0.7388426133975552,0.03910285277522187,0.1561914337803465,0.7679128390030465,0.41753968271669933
2026-06-14,22:32:54,salah,0.8375,0.61353,0.08081,0.62573,-7.824,82.779,20.962,0.99536,-0.13354,-0.20898,-14.061,65.794,1.695,1012.06,9.873,0.8800496292255341,1.025790963890792,85.74953796376981,67.3010786094844,-0.38183,6.237,0.21434999999999998,16.985,0.8347100000000001,19.267,0.0919538982995902,-0.7714198526729956,-0.13055301213187148,-1.3266090959743577,0.2225069104314617,0.5551892433013621,0.9905310839209793,0.10483057177891751,1.0642649065654814,0.04005916661328023,73.36352560723758,13.208532913018546,75.83481807262324,22.44485004044809,0.05260438261829572,0.07739521811980776,-0.501134984182746,0.5950371483369581,0.13723484637761074,0.14356131935102673,0.6427522634468711,0.4002776431666516
2026-06-14,22:32:55,salah,0.8018,-0.26758,-0.06445,1.06909,-7.168,47.679,3.176,0.74731,0.08105,0.85938,-2.344,76.046,-13.168,1012.06,9.873,1.1039503100230554,1.1417422314165313,48.31929470718711,77.21324158458833,-1.01489,-4.824,-0.1455,-28.367000000000004,0.20971000000000006,16.344,-0.05841446594400546,0.24482247533897836,0.07104775931438431,-0.7135671111595918,-0.12946222525838977,0.9583895864985702,0.9956455925296237,0.11212827660542171,1.0910912116709242,0.05934748538659429,69.6489465674648,19.255209231884507,67.80759452527712,9.162895014317838,0.04531937727027586,0.08998839195591096,-0.4798845678451085,0.6315975352143567,0.10358488788372017,0.2018389713284946,0.6023612287103813,0.33494301494135065
2026-06-14,22:32:56,salah,0.9901,-0.41724,-0.08154,0.88354,-7.901,14.573,0.649,0.38916,0.11279,1.01782,0.496,24.084,-0.702,1012.1,9.546,0.9805003420703126,1.0955020046079331,16.58973571218059,24.099333517755216,-0.8064,-8.397,-0.19433,-9.511,-0.13427999999999995,1.351,-0.08325777829930994,0.4395561421228295,0.10314013341341832,-0.36316481255778704,-0.18639791171272826,0.8027209546806165,0.988166760439634,0.11214704273122182,1.087678399971752,0.05837020389148768,50.21952279437917,34.619036843292534,56.204551237275986,28.242193564321955,-0.016572781981241732,0.09480415492888085,-0.02901374507039593,0.650273343832425,-0.031117742179885444,0.22148254199186124,0.7720999281601829,0.20333682558125185
2026-06-14,22:32:56,salah,0.8088,0.03125,-0.08203,0.99438,5.069,-90.786,-0.565,0.99487,-0.06274,0.29883,-27.443,-129.534,5.817,1012.14,9.287,0.9982469973909263,1.040673817005117,90.9291580407517,132.536835989094,-0.96362,32.512,-0.01929,38.74799999999999,0.6955500000000001,-6.382,-0.08226681446734825,-0.0313099928625893,-0.0603244429590972,-1.273003358884212,-0.021942371508251048,1.2416933660216227,1.0275658831614314,0.06674332508948937,1.0926393510098604,0.050594981837394276,51.9460628200398,37.30217839811394,77.94980369714584,54.22250343136733,-0.07464635290355455,0.014065955994163673,0.21768954153307285,0.23660278177086885,-0.1126008361597897,0.08351428624934418,1.0009346357336033,0.2225573081038745
2026-06-14,22:32:57,salah,0.7459,0.93359,0.00098,0.55542,9.099,-21.168,0.74,1.00317,-0.2334,-0.5376,-75.298,-3.366,-37.198,1012.12,9.398,1.0863160796471716,1.1618258771864223,23.052627290614836,84.05242390318081,-0.06957999999999986,84.397,0.23438,-17.802,1.09302,37.938,0.00090213166350592,-1.034112975520307,-0.20226705990581167,-1.042054899312556,0.2031691915693176,0.007941923792249117,1.02168780636947,0.056668741153391704,1.0993338995998243,0.060666860689880045,43.523840347849045,41.181189286644226,80.22953113667667,54.319737364824796,-0.054874153701050754,0.048306221225949866,-0.2086222754200222,0.7526651986328784,-0.0017236972172205711,0.19556898548199336,0.6841187481648294,0.6253683057555562
2026-06-14,22:32:57,salah,0.7118,0.91724,-0.00073,0.56763,0.015,1.992,-1.847,0.90796,-0.1355,-0.41626,-1.504,3.954,-4.557,1012.12,9.398,1.078672131558056,1.0079801581380459,2.7165599570044465,6.217908088738527,0.009280000000000066,1.519,0.13477,-1.9620000000000002,0.9838899999999999,2.7100000000000004,-0.0006767580562152187,-1.0166344740384987,-0.13483544272247192,-1.1215431625205172,0.1341586846662567,0.10490868848201851,1.054411736198718,0.048790018442380935,1.0701599507765283,0.08105060382851671,38.899448429456996,46.192065555959104,74.2690559936711,63.725219514831174,-0.027347146953352514,0.047568378499509935,-0.6940191474737983,0.5739894966004516,0.10512850157577441,0.11532938743228775,0.45151465943196345,0.686030195854658
2026-06-14,22:32:58,benar,0.567,0.91675,0.01611,0.54517,-2.641,-1.489,-2.466,0.87988,-0.14575,-0.45874,-4.405,-5.466,5.534,1012.12,9.446,1.0667241552997662,1.002932831499697,3.9080887912124007,8.939034455689272,0.03686999999999996,1.7640000000000002,0.16186,3.9770000000000003,1.00391,-8.0,0.015102885185433096,-1.0341083540583222,-0.14584022849712636,-1.0702218660643033,0.16094311368255945,0.03611351200598101,1.0772374555016646,0.009874441576550118,1.0575796222747218,0.09031517106159401,9.892425346277228,11.412629918318467,33.069788815869536,44.17321521590528,0.005109419597574599,0.008690525820026327,-1.028285267872376,0.010089883698988389,0.16609032997271125,0.03479199465980007,0.04965470809341621,0.04988147308579664
2026-06-14,22:32:59,benar,0.5888,0.93018,-0.0083,0.51025,3.122,2.267,2.763,0.86353,-0.18555,-0.48608,-0.947,-2.0,-3.008,1012.12,9.446,1.060970680509127,1.0081600219211235,4.745560240898855,3.7342834654053783,0.06664999999999999,4.069,0.17725,4.2669999999999995,0.9963299999999999,5.771,-0.007823104640493246,-1.0690114566736242,-0.18510339453001878,-1.0285287015910687,0.17728028988952554,-0.0404827550825555,1.0687889891223163,0.009029562356253382,1.0063576705196222,0.0029673606925038573,3.7900696630385675,1.01963568198258,6.2970753366110594,2.603278472919691,0.0022010074962415436,0.011730788690697639,-1.0399180949234816,0.02666743133825019,0.15746069607944724,0.02177070585740646,0.03351314846848134,0.07273059454825764
2026-06-14,22:32:59,benar,0.5899,0.93433,0.0127,0.50586,-0.153,1.305,-0.412,0.87378,-0.17017,-0.49243,-0.351,1.802,-0.023,1012.11,9.499,1.0625573765684373,1.0173183485025719,1.3770177921871596,1.8360103485547132,0.06054999999999999,0.19799999999999998,0.18286999999999998,-0.4970000000000001,0.9982899999999999,-0.38899999999999996,0.01195258032083354,-1.074436481119777,-0.16806315286194062,-1.033128067316189,0.18001573318277417,-0.041308413803588184,1.063417404125777,0.0029715910874761418,1.0094704006411308,0.0072817301620140655,3.3435556080994715,1.7537938428788769,4.836442756549788,3.6775405088082493,0.0064107869552577955,0.01242714197451184,-1.059185430617241,0.02188612686422038,0.17274637891828637,0.010313024055597588,-0.015225885626720892,0.04446313911598474
2026-06-14,22:33:00,benar,0.5616,0.93237,0.00269,0.52026,3.473,2.954,2.107,0.88818,-0.18091,-0.4624,3.847,4.061,-3.916,1012.12,9.398,1.0677038543528818,1.0175489671263984,5.022677970963299,6.828336986411845,0.04419000000000006,-0.3740000000000001,0.18359999999999999,-1.1069999999999998,0.9826599999999999,6.023,0.002519427865994178,-1.061828159872728,-0.17874018383650406,-1.0610374026809561,0.18125961170249824,-0.0007907571917717959,1.0637439704768152,0.003519930585978338,1.0143424458500314,0.005355377714499916,3.7150853346831045,2.029561143211455,4.132876933457312,2.5199184271211488,0.0022163011821114908,0.00989132666846429,-1.0684253658887097,0.006324560694097172,0.17951854492493266,0.002035717968089329,-0.027527308692638492,0.023158212748391818
2026-06-14,22:33:01,benar,0.6332,0.91699,0.00024,0.53564,1.489,3.313,0.351,0.89478,-0.17114,-0.43677,2.412,3.206,-0.031,1012.12,9.398,1.0619703043400037,1.0102911367026834,3.6491493529314476,4.012124250319274,0.022209999999999952,-0.9229999999999998,0.17137999999999998,0.1070000000000002,0.97241,0.382,0.0002259950215520488,-1.0421287486709034,-0.17021750540891814,-1.0879253136748663,0.17044350043047019,0.0457965650039629,1.064077178420441,0.0031544804944014047,1.0150528174438846,0.00412534833053628,3.349615038693969,1.8411953016540115,4.225490528428611,2.5029932463432947,0.004899334402793255,0.0062149953369455896,-1.059464463221136,0.016283049173682406,0.17723961510524755,0.0059183772647154465,0.0012324646695343056,0.043587720785687234
2026-06-14,22:33:01,benar,0.6667,0.91675,0.00244,0.54395,-1.038,1.29,-0.427,0.91235,-0.17651,-0.41846,-1.466,0.229,-0.832,1012.1,9.576,1.0659822318406624,1.0191403604018439,1.7099336244427736,1.7011234523102667,0.0043999999999999595,0.42799999999999994,0.17895,1.061,0.96241,0.40499999999999997,0.0022889707309503315,-1.0352793794055264,-0.17407276035293248,-1.1089140039713568,0.1763617310838828,0.07363462456583036,1.0652187968445161,0.002942027138309492,1.015660154743642,0.00471729786873652,3.4605869827791733,1.6644024759441474,4.180528229680462,2.5677518535222816,0.0016781312061655196,0.0012628548003515607,-1.0464120959830525,0.013782950853184166,0.17602161440561706,0.005416071018584325,0.039546810792673824,0.03760424089404477
2026-06-14,22:33:02,benar,0.6743,0.9126,-0.00928,0.53174,0.466,1.641,0.58,0.90698,-0.17212,-0.43506,0.893,1.206,-1.389,1012.12,9.437,1.0562539022413124,1.020546529267529,1.8017871683414775,2.044799745696385,0.005619999999999958,-0.427,0.16283999999999998,0.43500000000000005,0.9668,1.9689999999999999,-0.008785879382211767,-1.0431545040696355,-0.16946468899302133,-1.0945453155650866,0.16067880961080958,0.051390811495451105,1.0614021461406595,0.004888987830114617,1.0166593421240189,0.0055596634732644114,2.3869567152385662,1.0940552816774263,2.5860158161086417,1.2469431816461929,-0.002090304543236462,0.005889567812041154,-1.0401875440486885,0.004281425423593954,0.16916134704172084,0.007919687144506183,0.056940667021748124,0.014725490223235264
2026-06-14,22:33:03,benar,0.6615,0.91309,-0.00659,0.55322,0.45,2.901,-0.809,0.90649,-0.17017,-0.42358,0.344,2.466,-0.603,1012.12,9.437,1.0676278118333187,1.0149393900130195,3.045124299597637,2.5618549919931066,0.006599999999999939,0.10600000000000004,0.16357999999999998,0.4349999999999996,0.9768000000000001,-0.20600000000000007,-0.006172602257631321,-1.0260354464458523,-0.16846084774665324,-1.10429411046618,0.1622882454890219,0.07825866402032777,1.0632879819717644,0.006147006720252179,1.018208759894131,0.0029173467884953106,2.185615030793963,0.7457723551803578,2.102592729999919,0.4332663356726779,-0.004223170302964253,0.005789066415810017,-1.0348231099736713,0.00856864457352712,0.16644292872790475,0.00862754606445169,0.06776136669386974,0.014364600354605794
2026-06-14,22:33:03,benar,0.681,0.91504,0.00244,0.5498,-0.443,1.626,-1.015,0.90527,-0.17188,-0.42432,-0.679,0.58,0.122,1012.13,9.341,1.0675130890064064,1.01444761801682,1.9673205127787388,0.9012907411041123,0.009769999999999945,0.23600000000000004,0.17432,1.0459999999999998,0.9741199999999999,-1.137,0.0022856882481545053,-1.0297491450959868,-0.1702534188967862,-1.1025857678292694,0.1725391071449407,0.07283662273328262,1.0637982676936792,0.006533863932689537,1.0166445124324561,0.003388179667602584,2.2714106602392845,0.6751480717790774,1.8359818262645347,0.8497482570970751,-0.004224264463896194,0.005787220193436228,-1.0329796985371582,0.009005159084313869,0.1651687207482574,0.006433468558159743,0.0674953660830205,0.014207995698817177
2026-06-14,22:33:04,benar,0.6703,0.91602,0.00635,0.55591,0.305,4.023,0.153,0.90576,-0.17407,-0.42554,0.58,1.649,-0.954,1012.13,9.341,1.0715264303786445,1.0157685927907005,4.03744510798599,1.9914108064384906,0.010259999999999936,-0.27499999999999997,0.18042,2.3739999999999997,0.9814499999999999,1.107,0.005926160085464057,-1.025307784655365,-0.17221781028325514,-1.1010853788769948,0.1781439703687192,0.07577759422162966,1.068889110406123,0.002284706285247196,1.01505186694018,0.000667631547086227,3.0166299734541213,1.0353564144232053,1.8181855131785698,0.843726057142584,0.000679748691995747,0.006207196948075856,-1.0270307920657347,0.002382111525127259,0.17099044100089392,0.00804050856503808,0.07562429365841335,0.002714269464629
2026-06-14,22:33:04,salah,0.548,0.90967,-0.00024,0.54565,0.794,20.282,3.595,1.02124,-0.16772,-0.3396,-1.16,42.763,-9.069,1012.16,9.039,1.0607702338395435,1.0892149907157906,20.613441852344796,43.72946981155843,-0.11156999999999995,1.954,0.16748000000000002,-22.480999999999998,0.88525,12.664000000000001,-0.00022625069422680253,-1.030499655016211,-0.1545975448062012,-1.2156415470581965,0.1543712941119744,0.1851418920419854,1.0666032510748649,0.005435512376326287,1.0398104005077704,0.04279072789524752,8.872735824369842,10.220297817892396,15.54072378636701,24.418254284321186,0.002661865879797253,0.0030934077985977425,-1.0285188615891876,0.002806078685868308,0.16835145720854475,0.012427282208686956,0.11125203633229923,0.06400738559668329
2026-06-14,22:33:05,salah,0.8894,0.02563,0.00635,0.89746,7.74,115.076,22.198,0.85693,0.02246,0.6355,31.924,134.344,-8.214,1012.12,9.384,0.8978483563497792,1.0670959312545427,117.45273338666921,138.32903494205402,-0.8312999999999999,-24.183999999999997,-0.01611,-19.268,0.2619600000000001,30.412,0.007072522755956308,-0.028549901487771413,0.021049333974767714,-0.9323937353149786,-0.013976811218811405,0.9038438338272072,1.0100483401893223,0.09731675714486315,1.057359838253678,0.037678733686707024,47.367873449,61.258522765238816,61.34997185335032,69.85591247625133,0.004257477382397855,0.003925098717473067,-0.6947857803864492,0.5769830358237418,0.1061794844206274,0.10473507803236776,0.3882544400302741,0.44984936885178756
2026-06-14,22:33:06,salah,0.9545,-0.34155,-0.15161,1.07373,9.397,-39.023,-9.344,0.46558,0.08105,1.04956,-19.344,-41.305,-0.008,1012.13,9.331,1.1368984596260125,1.151047363273988,41.211751649256556,45.61023377488872,-0.80713,28.741,-0.23265999999999998,2.2819999999999965,0.024170000000000025,-9.336,-0.13375248017740418,0.3051356979379783,0.07047244860360592,-0.4164143152869275,-0.20422492878101012,0.7215500132249058,1.0318390166051117,0.12212288674566234,1.102452761748107,0.043513097694336964,59.75930896275685,51.01441960799567,75.8895795095004,54.08233088825619,-0.042302069371891564,0.07928241451193348,-0.2513046195220014,0.6951224333310985,-0.021276815295949048,0.17940953239146304,0.6035119130313661,0.37360790289344414
2026-06-14,22:33:06,salah,0.9412,0.49683,-0.02295,0.76855,-17.916,-85.321,-27.718,1.03687,-0.05176,0.08545,-41.985,-107.824,5.664,1012.13,9.331,0.9154429823315049,1.041671827880547,91.48193057101496,115.84833230133268,-0.54004,24.069,0.02881,22.503,0.6830999999999999,-33.382,-0.025072456828809115,-0.5736731816939965,-0.04970982393818444,-1.4747413635526951,0.024637367109375325,0.9010681818586986,0.9833965994357655,0.13322728146764384,1.086605040803026,0.05723815119464899,83.3821385356469,38.76050563825608,99.92920033942512,48.36587737532064,-0.050584138083419,0.07379739001565609,-0.09902912841459655,0.4436234358114479,-0.06452145763014873,0.12251758478149136,0.8421540096369372,0.10445534464007834
2026-06-14,22:33:07,salah,0.6799,0.30908,0.09741,0.59692,-43.809,68.58,-4.351,1.05225,0.15356,-0.323,36.313,74.282,-12.763,1012.07,9.854,0.679214723706723,1.1113684070100247,81.49463836351444,83.6620801916854,-0.7431699999999999,-80.122,-0.056150000000000005,-5.701999999999998,0.9199200000000001,8.411999999999999,0.14391185526803082,-0.4724338853323917,0.1386154763747224,-1.2431603714002277,0.005296378893308418,0.770726486067836,0.9105187218880801,0.228881599930937,1.10136253272152,0.05537002867850519,71.39610686126198,26.613116617241385,81.70688208930227,35.15984529071884,-0.004971027246060827,0.1399193388993866,-0.24699045636280328,0.4808272210255739,-0.058097060926108786,0.1269193987503807,0.7977815603838135,0.09276678285943746
2026-06-14,22:33:08,salah,0.5772,0.48926,-0.0813,0.97144,-10.786,-6.58,-20.817,1.1355,-0.20752,0.00269,-29.931,-14.229,-3.939,1012.07,9.854,1.090724855864209,1.15431019942648,24.3512152674153,33.37431531881965,-0.6462399999999999,19.145000000000003,0.12622,7.648999999999999,0.96875,-16.878,-0.07460678109823352,-0.4651580758228063,-0.18076114025998236,-1.3900198319837669,0.10615435916174884,0.9248617561609606,0.8951275206341457,0.20650589750670698,1.1024501447723505,0.05684630363651496,65.7759280673149,36.22073472922829,77.6282426039459,41.56676877427899,0.0147442057803294,0.11457147802066793,-0.5037550476163982,0.060660064751652705,0.04536270172147753,0.053527914839315203,0.8655521413624984,0.08297868534187508
2026-06-14,22:33:08,benar,0.6587,0.70923,0.01733,0.76831,-1.229,14.84,-9.008,1.03223,-0.13086,-0.04199,-2.977,13.107,1.527,1012.1,9.609,1.0457570357879502,1.041338692549163,17.40345095088902,13.527294888483802,-0.32299999999999995,1.7479999999999998,0.14819000000000002,1.7330000000000005,0.8103,-10.534999999999998,0.0165724854709381,-0.7453073174982473,-0.12599828405270289,-1.4384340902806703,0.14257076952364098,0.693126772782423,0.9385655384529606,0.2257269590517617,1.1023390996618891,0.057024438926860516,41.08310152727292,35.169405587096264,43.52123013299629,36.15165193412556,0.028625853213578467,0.10975682833107656,-0.5609664262178151,0.15968533902507467,0.08467383585956607,0.07111346034144307,0.7962383383370731,0.11795514649653194
2026-06-14,22:33:09,benar,0.8327,0.64453,-0.02661,0.8252,3.534,-7.794,1.405,1.04639,-0.11157,-0.03198,-2.519,-0.397,-4.076,1012.11,9.513,1.0474168477736072,1.0528070181187053,8.672347836658767,4.807987728769698,-0.4018599999999999,6.053,0.08496000000000001,-7.396999999999999,0.85718,5.481,-0.02540809168265063,-0.662832382450913,-0.10617320244185698,-1.460330464641911,0.08076511075920634,0.797498082190998,1.061299579808589,0.025496546769494522,1.082818636698116,0.06217847922593431,16.809004684987695,7.856318842186367,17.236532645357716,14.639931746708264,-0.02781412910331535,0.04563722630786454,-0.6244325919239889,0.14396807749364057,0.10983007981486538,0.03106634924747748,0.8051622037114606,0.11605744137871163
2026-06-14,22:33:10,benar,0.7595,0.67261,-0.02344,0.84229,4.916,4.099,2.824,1.0603,-0.1062,-0.04102,6.29,10.153,-2.832,1012.11,9.513,1.0781493819503862,1.066394472228734,6.995986921085545,12.274678529395382,-0.38769,-1.3739999999999997,0.08276,-6.054,0.88331,5.656,-0.021742670658385692,-0.6736669442109718,-0.09975326672918289,-1.4638339213795382,0.07801059607079719,0.7901669771685663,1.0571077551706478,0.018241471626770832,1.0535133942988673,0.012542816642155176,11.023928569544445,5.588047587518619,10.203320382216294,4.7142839081640275,-0.010192758956699409,0.023251721651840456,-0.6939355480533774,0.04481786422907478,0.10044882545121485,0.0365046636352482,0.760263944047329,0.05825792735158443
2026-06-14,22:33:10,benar,0.9773,0.59644,-0.09717,1.12109,-13.992,25.573,-17.267,1.42603,-0.13354,0.12671,-15.389,39.817,-2.992,1012.13,9.364,1.2735876375813326,1.4378629686447872,33.88072729443688,42.7921356559824,-0.8295899999999999,1.3969999999999985,0.036369999999999986,-14.244,0.9943799999999999,-14.274999999999999,-0.07637049696443572,-0.48738258444332944,-0.09300797658757982,-1.4424151372505312,0.016637479623144102,0.9550325528072017,1.1330512891017754,0.12267424789745962,1.1856881529974088,0.21849544151398215,16.51635401739373,15.061329322413181,19.95826730471583,20.124040990573118,-0.041173753101824015,0.03053632118836521,-0.6079606370350714,0.10456408086549515,0.05847106215104921,0.03625511423415255,0.8475658707222554,0.09314103335250623
2026-06-14,22:33:11,benar,0.9355,0.5874,0.00732,0.76074,6.45,-52.824,2.046,1.06104,-0.13623,0.11548,2.344,-68.916,8.786,1012.13,9.312,0.9611543528486982,1.0759647414762252,53.25564375725825,69.51333100923878,-0.47363999999999995,4.106,0.14354999999999998,16.092,0.64526,-6.74,0.007615915938810372,-0.6575002224061922,-0.12695269654165312,-1.404043701644935,0.13456861248046348,0.7465434792387428,1.1042971241268058,0.15784935117984877,1.1934073941165821,0.211758809620293,31.37745265759356,23.23120209073806,41.526715064872185,28.640300301871402,-0.030165750561337013,0.0426220669885596,-0.6061832503534978,0.10320145051792085,0.07640556272480159,0.058981947435499255,0.8305810030715035,0.10996314640196975
2026-06-14,22:33:12,benar,0.8116,0.89502,0.02222,0.5249,0.756,-4.298,-3.977,0.88965,-0.24976,-0.5332,-14.084,-21.252,2.13,1012.13,9.312,1.0378220169181227,1.0668455465061473,5.904309358426267,25.584046982445916,0.005369999999999986,14.84,0.27198,16.954,1.0581,-6.106999999999999,0.02141185826257702,-1.0399960124108867,-0.2363037876607446,-0.986149450302394,0.25771564592332163,-0.0538465621084927,1.0908546691160512,0.16282808726250425,1.1935577522090532,0.21162364946411052,31.01356013670713,23.805518330216533,45.96317121588904,22.135652207881837,-0.015780907587682778,0.0529235841736255,-0.7282929397534694,0.2830266892266033,0.1363072460089764,0.12054848693191411,0.5492431566458172,0.5325925554302492
2026-06-14,22:33:12,salah,0.5595,0.9209,0.01416,0.54932,-9.511,5.053,-6.145,0.78442,-0.15796,-0.57959,-14.634,2.664,7.42,1012.13,9.364,1.0723850884826776,0.9880236161651198,12.39971592416536,16.62249235223166,0.13648000000000005,5.123000000000001,0.17212,2.389,1.12891,-13.565,0.013204595662534799,-1.0328056736932352,-0.16056374008827431,-0.9172430631276886,0.1737683357508091,-0.11556261056554662,1.0237871527498328,0.05692804402564529,1.0436113013824975,0.04835579582733877,23.853223013283294,25.669521534649963,37.23995678130545,28.306454712481255,0.014077456621307397,0.006939266592384677,-0.9101006361701046,0.21878791561234248,0.1886841980515314,0.06291391080337232,0.19237810218823448,0.4809123272494035
2026-06-14,22:33:13,salah,0.5552,0.92749,0.00464,0.53296,8.244,1.656,7.618,0.81567,-0.18677,-0.53857,-2.023,3.534,-4.336,1012.13,9.35,1.0697222028639024,0.9951171924451914,11.346356067037558,5.94832589893997,0.11182000000000003,10.267,0.19141,-1.878,1.07153,11.954,0.004337588332078543,-1.0492266851586316,-0.18880619240898314,-0.9608387179761823,0.19314378074106167,-0.08838796718244935,1.0599764360882342,0.019232432413203115,1.016662118372153,0.04360461042791396,9.883460449876395,3.4860614314142016,16.05162174453918,9.830300379711463,0.012984680752396787,0.008539259062744078,-1.040676123754251,0.008231604823252843,0.20820925413839744,0.043954682205817164,-0.0859323799521629,0.03093121547518811
2026-06-14,22:33:14,tidak pasti,0.5019,0.91772,-0.00293,0.54785,3.519,1.718,1.206,0.81689,-0.16504,-0.56592,-1.435,-0.824,0.26,1012.1,9.552,1.0688115857343612,1.0073792335064289,4.097477394690543,1.6750525364895277,0.10082999999999998,4.954000000000001,0.16211,2.542,1.11377,0.946,-0.0027413659303817087,-1.0326025021967749,-0.16457293599182016,-0.945698938121507,0.16183157006143845,-0.08690356407526789,1.0703062923603137,0.0018569735802966229,0.9968400140389133,0.009792143092737219,9.281183128631154,4.520010575122436,8.081956929220386,7.698751541083782,0.0049336060214105444,0.00798967149482315,-1.0382116203495473,0.009539866834788148,0.17624789551776976,0.015802683218040063,-0.09695138060775461,0.01613487754996961
2026-06-14,22:33:15,benar,0.5619,0.9165,-0.00391,0.53613,2.405,1.336,0.847,0.8103,-0.16943,-0.56958,-0.992,0.015,0.878,1012.1,9.552,1.0618017305504828,1.0048452573904103,2.878598617383118,1.3248294229824458,0.10619999999999996,3.397,0.16552,1.3210000000000002,1.10571,-0.031000000000000028,-0.0036824283862168516,-1.0414859565823225,-0.16942237890402317,-0.9380269005270586,0.16573995051780632,-0.10345905605526384,1.0667785063829154,0.004333996902844865,1.0024472277806769,0.006473200310027235,6.10747735970374,4.5777509708435815,2.9827359528039814,2.574239082481616,-0.0006954019948400056,0.0043840213685140015,-1.041105047979243,0.00831863470229628,0.1735717671067688,0.017062140772002746,-0.09291686243766036,0.009159926192357242
2026-06-14,22:33:15,benar,0.5784,0.93188,-0.00342,0.51147,1.649,2.359,1.122,0.79297,-0.15845,-0.59058,2.328,1.069,-4.405,1012.12,9.422,1.0630209742521546,1.0013453748832117,3.0891691439608806,5.095720753730526,0.1389100000000001,-0.6789999999999998,0.15503,1.29,1.10205,5.527,-0.0032172515684361345,-1.0688207133636116,-0.15890501434723567,-0.9139217031335795,0.15568776277879953,-0.15489901023003216,1.0645447635123328,0.0037451258599428628,1.0045232885933502,0.003029787187403378,3.3550817186781807,0.6514971154864759,2.6985342377341666,2.0833966141051308,-0.0032136819616782318,0.0004705413828930695,-1.0476363907142363,0.018876190956855006,0.16108642778601476,0.005067351117006523,-0.11508721012018797,0.03545780097051381
2026-06-14,22:33:16,benar,0.6051,0.92261,-0.00269,0.53052,0.908,3.107,1.947,0.79712,-0.16479,-0.58057,1.26,0.786,-1.282,1012.15,9.134,1.064268724805911,0.9998087634142843,3.7773961931468087,1.9618664582483694,0.12549,-0.352,0.1621,2.321,1.11109,3.229,-0.002527559815467598,-1.0489408108789573,-0.16557705346559493,-0.922763008383673,0.16304949365012733,-0.12617780249528432,1.0630304765361827,0.0012335245778378942,1.0019997985626354,0.002581234328190938,3.2483879848302695,0.4700768554348487,2.7941388783204473,2.0185176226595676,-0.003142413256706861,0.0005810601807067592,-1.0530824936082972,0.014130194051956368,0.16149240231557774,0.00520384662083316,-0.1281786229268601,0.025778279290424422
2026-06-14,22:33:17,benar,0.5671,0.92749,-0.00244,0.51758,-0.252,3.389,0.031,0.79199,-0.17163,-0.5874,1.809,3.344,-0.634,1012.13,9.316,1.0621359188446646,1.0008715087362612,3.3984976092385293,3.8544484689771115,0.13550000000000006,-2.061,0.16919,0.04499999999999993,1.10498,0.665,-0.0022972597956219046,-1.06179374366886,-0.1723322866421778,-0.9129328638936691,0.17003502684655591,-0.1488608797751909,1.0631418726342434,0.0010715305087471096,1.000675215677919,0.0007868874920690794,3.4216876487820733,0.3446990734805011,3.6373452269853352,1.5781669904007294,-0.0026806903931752123,0.00047873055666342024,-1.0598517559704763,0.01008122601003209,0.16292409442516093,0.0071744540058251115,-0.1433125641668358,0.015143143597122514
2026-06-14,22:33:18,tidak pasti,0.5148,0.91357,0.01587,0.55005,-3.298,7.351,-3.046,0.8125,-0.1709,-0.56494,-0.748,8.191,0.328,1012.1,9.556,1.0664975406910229,1.0042510958918591,8.613484834838916,8.231620071407573,0.10107,-2.55,0.18677,-0.8400000000000007,1.1149900000000001,-3.3739999999999997,0.014881033586275221,-1.028658705489924,-0.17100884284494197,-0.9425519952184606,0.18588987643121718,-0.08610671027146355,1.0643007281138661,0.0021809870337641973,1.0016437893474681,0.0023196750779286546,5.263126212408085,2.9076740203114904,4.682644999544351,3.215880083641713,0.003352071325061906,0.009985038189218198,-1.0464644200125806,0.01670574968602703,0.17299146564263346,0.011703681863537251,-0.1203817975139796,0.03177603976006321
2026-06-14,22:33:18,tidak pasti,0.549,0.9043,-0.00122,0.5459,8.282,5.84,5.489,0.90137,-0.15918,-0.44043,0.328,6.321,-0.153,1012.1,9.556,1.0562986265256622,1.0157680513778724,11.525026898016334,6.331353251872778,0.002929999999999988,7.954,0.15796,-0.48099999999999987,0.98633,5.6419999999999995,-0.0011549766699012357,-1.0276805721438103,-0.15735760014243308,-1.0916260821768717,0.15620262347253183,0.06394551003306148,1.0616440286871167,0.005117218920802377,1.0069635520019975,0.007809917367066509,7.845669780697926,4.117313995600168,6.1391405974191535,2.1949070795092886,0.0038095990402506937,0.009605139242353832,-1.0393776737675315,0.019419045511472176,0.17070917558343499,0.014855103649851114,-0.057007360004530994,0.10934678333299837
2026-06-14,22:33:20,benar,0.5961,0.90137,-0.01465,0.57886,0.794,2.695,0.405,0.92358,-0.15942,-0.41846,2.389,6.374,-1.565,1012.12,9.422,1.0713362679383165,1.0264129404874043,2.8385711194190644,6.984584597526183,-0.022209999999999952,-1.5949999999999998,0.14477,-3.679,0.99732,1.97,-0.013674937585856884,-0.999778243517443,-0.15594895202633038,-1.1193413503466112,0.1422740144404735,0.11956310682916815,1.064710811718334,0.00767639011061047,1.015477362585712,0.01108378157262628,7.659027617424772,4.42118422295282,7.182519306935511,0.965472479280449,1.7039776839034015e-05,0.014314017231702714,-1.0187058403837257,0.016399074015324158,0.1614555047814075,0.02227735230750619,0.03246730219692203,0.10638691927574187
2026-06-14,22:33:21,benar,0.8568,0.54175,0.05151,0.94678,31.115,3.336,10.58,1.3103,-0.03491,0.21094,18.053,-10.908,-13.595,1012.11,9.513,1.0920342077975396,1.3276296477933895,33.03344549089604,25.094208455338855,-0.7685500000000001,13.061999999999998,0.08642,14.244,0.7358399999999999,24.175,0.04718636056063881,-0.5190926500292119,-0.02629801483560457,-1.409046085242303,0.07348437539624338,0.8899534352130911,1.0732230340871727,0.017942348148586532,1.1232702132195553,0.17706047636483266,15.799014502777148,15.544543644364607,12.803382101579272,10.649177768327439,0.010785482101626895,0.0321396222718171,-0.8488504885634884,0.2859192351727878,0.12398700443641623,0.04428756250200464,0.35782068402510686,0.46167876053974305
2026-06-14,22:33:21,benar,0.9196,0.42358,-0.20313,1.11426,-17.252,44.031,-7.038,1.19727,-0.0542,0.20898,1.244,49.351,7.664,1012.11,9.513,1.2092382564656148,1.216579521979554,47.811022881758134,49.958038722511915,-0.77369,-18.496,-0.14893,-5.32,0.9052800000000001,-14.702,-0.16878200260438864,-0.3578771099456988,-0.04456588690050247,-1.3923914939042796,-0.12421611570388616,1.0345143839585809,1.1242029107338236,0.07436638149323889,1.1902073700867826,0.15233021363687663,27.89434649735775,22.922436786433035,27.34561059179232,21.575009815596463,-0.0450901932098689,0.1113587544223031,-0.6255826678307846,0.3339376577127938,0.03051409137761024,0.13834406871120616,0.6813436420002801,0.49185617231910866
2026-06-14,22:33:22,benar,0.961,0.32446,-0.03296,0.98804,6.55,-21.351,5.71,1.00659,-0.07471,0.44629,20.718,-34.962,-3.824,1012.12,9.441,1.040472822710906,1.103621210515637,23.051503226470935,40.81911248422729,-0.6821300000000001,-14.168,0.041749999999999995,13.611000000000004,0.54175,9.533999999999999,-0.03168320617609893,-0.31712792887340946,-0.06774713908847972,-1.1483269525389652,0.03606393291238079,0.8311990236655558,1.11391509565802,0.08648423467763326,1.2159434600961936,0.11200557318251975,34.63199053304171,12.456924302530084,38.62378655402602,12.576450446909028,-0.05109294940661626,0.10928466073173881,-0.39803256294944006,0.10680253954067295,-0.004889269131753998,0.10502021050045032,0.918555614279076,0.10463196174335378
2026-06-14,22:33:23,benar,0.6186,0.90088,0.02393,0.58887,7.832,-51.267,-6.718,0.87427,-0.38428,-0.29517,-23.786,-51.443,38.786,1012.12,9.441,1.0765339271012317,0.9995721485715776,52.295095726081236,68.6768508378187,0.026610000000000023,31.618000000000002,0.40821,0.17599999999999483,0.8840399999999999,-45.504000000000005,0.022230577706505963,-0.9914739670146335,-0.3946059853369188,-1.0647014023919315,0.41683656304342476,0.07322743537729792,1.1087483354259176,0.08887501890512292,1.1065909603555897,0.1085341632341687,41.05254061143677,15.749753570119825,53.15133401485264,14.200748137417042,-0.0594115436913272,0.09847891645055454,-0.5554930019445806,0.3781199219388957,0.10956146008397312,0.27791350303676216,0.6463136143338115,0.5066113997098797
2026-06-14,22:33:23,salah,0.7889,0.3999,-0.02173,0.802,29.802,103.885,48.947,0.78052,-0.03198,0.07764,68.168,119.824,-1.779,1012.05,9.998,0.8964352753545568,0.7850236686877663,118.64257767766175,137.86889439246258,-0.38062,-38.36600000000001,0.010250000000000002,-15.938999999999993,0.72436,50.726,-0.024242830716776964,-0.4624032366327741,-0.040748901301817006,-1.4636284339436778,0.016506070585040042,1.0012251973109036,1.0044806750555648,0.09529143251035442,0.962739009258327,0.16246109850805043,64.66305887673798,48.98099900017636,82.45495257150286,49.97041232216141,-0.011231819728789977,0.029217098218888807,-0.5903350441736057,0.35490922124493973,0.1564688555136152,0.22569699784877542,0.6352172187845858,0.49406640487058745
2026-06-14,22:33:24,salah,0.9524,-0.5,-0.33154,1.00635,-22.519,43.969,4.099,0.43213,0.02197,1.03931,7.824,33.511,-4.344,1012.1,9.614,1.1716053491257201,1.1257816368639169,49.56995181559086,34.68533455222827,-0.93213,-30.342999999999996,-0.35351,10.457999999999998,-0.03295999999999988,8.443000000000001,-0.28689890250661193,0.4409124914932427,0.019516568789960685,-0.39396086320856244,-0.3064154712965726,0.8348733547018051,1.0481915171938363,0.13975733084287917,0.9701258180410869,0.1722768498817174,73.50254173977795,39.11615696471602,80.41035992750318,52.58296475089708,-0.09630371850562765,0.16668784462550384,-0.3376549040513883,0.7242957624413946,0.04230905411063074,0.3623157763103238,0.6364419957966688,0.4947991660119786
2026-06-14,22:33:24,salah,0.9662,-0.52563,-0.27051,0.79614,0.183,-15.351,1.695,0.23535,0.0896,1.18311,-7.924,19.275,7.672,1012.1,9.614,0.9916155790426046,1.2096144239384714,15.445378434988248,22.20754342560203,-0.76098,8.107000000000001,-0.36011,-34.626,-0.38697000000000015,-5.976999999999999,-0.2762993626110928,0.5586882639516686,0.07414109644960747,-0.195815109835877,-0.35044045906070026,0.7545033737875456,1.019885401174294,0.13974630409182515,1.0401399098300514,0.22487820351936819,61.21930264274695,52.57562185940966,64.92059079009762,63.48239966082755,-0.1958136986114939,0.1486792170887007,0.17906583960404573,0.5586409535387054,-0.21344995325741092,0.2003606237836674,0.8635339752667516,0.12583317499391256
2026-06-14,22:33:25,salah,0.9049,-0.24854,-0.28638,0.96289,35.389,-47.511,2.878,0.52051,-0.05103,0.99927,-12.191,-47.084,-1.206,1012.11,9.455,1.0348636567683687,1.1278631361561562,59.31238762686932,48.6515978463195,-0.76905,47.580000000000005,-0.23535000000000003,-0.4269999999999996,-0.03637999999999997,4.084,-0.28039173515820115,0.24253778294375855,-0.045260302365401205,-0.4796864442558063,-0.23513143279279994,0.7222242271995649,1.066028194978898,0.09395477989463791,1.154419732319515,0.04781133387607678,41.44257262581615,23.035176214453667,35.181491941383264,13.229007244218161,-0.28119666675863525,0.005345418380277525,0.41404617946288996,0.15977837995788866,-0.29732912105002424,0.058189038532313324,0.7705336518963053,0.058010204653467
2026-06-14,22:33:26,salah,0.7232,0.39819,-0.10913,0.87085,-13.42,-70.634,-7.87,1.03491,-0.15063,0.28369,30.473,-105.893,15.55,1012.11,9.455,0.963765716084568,1.0836088413721991,72.32700226056656,111.28222534618905,-0.63672,-43.893,0.04149999999999998,35.259,0.58716,-23.42,-0.11347629323240974,-0.42592199253413765,-0.1394593409452563,-1.2698575893610633,0.02598304771284657,0.8439355968269256,0.9967483172985138,0.03582580137096816,1.1403621338222756,0.06392589785415337,49.028256107474704,29.802723081789082,60.713788872703525,45.746006154430276,-0.2233891303339012,0.09520929943046706,0.12510135145376317,0.5027005329966238,-0.1865296147135512,0.19286074420000537,0.7735543992713453,0.06305252217897629
2026-06-14,22:33:26,salah,0.8463,0.82373,-0.0166,0.61719,-19.046,-25.023,-14.87,0.96265,-0.19824,-0.34863,-20.756,-32.702,5.947,1012.12,9.384,1.0294319642404737,1.0428504192836094,34.78530645258138,39.18672159035506,-0.13892000000000004,1.7100000000000009,0.18164,7.6789999999999985,0.96582,-20.817,-0.01612609677646724,-0.9275938695298263,-0.19125827456288344,-1.1760521894406086,0.1751321777864162,0.24845831991078238,1.0093537790311367,0.03957372149981143,1.084774132270655,0.042518336452305766,55.47489878000575,19.0627771198788,66.3735149276212,39.17895065247751,-0.13666470838902603,0.13365013600978126,-0.3703260263734018,0.5870436138994698,-0.011338735764512387,0.2076625728984928,0.6048727146457576,0.314605832677759
2026-06-14,22:33:27,benar,0.5503,1.10303,0.00537,-0.63696,-113.847,13.229,8.878,0.76099,-0.21704,-0.51025,-25.267,5.473,17.847,1012.13,9.331,1.273743325556605,0.9415769773098747,114.95636012852877,31.41481222289893,0.3420399999999999,-88.58,0.22241,7.755999999999999,-0.12671,-8.969000000000001,0.00421593251629274,-1.0470969458668862,-0.2325985894911442,-0.9411026701613857,0.23681452200743694,-0.10599427570550046,1.0889803352938823,0.16334330707083014,1.0226787459885611,0.07313299463919336,74.02288961389223,40.112423104498276,60.62791971981435,44.03969405742529,-0.04179548583086141,0.06290511228223247,-0.8002042693102833,0.3295992465784119,0.14597658250223325,0.10839748239968,0.3287998803440692,0.48003412944499
2026-06-14,22:33:27,tidak pasti,0.5128,0.96362,0.1394,0.42505,7.534,-2.733,-6.206,0.67529,-0.13647,-0.7019,6.252,5.672,-9.496,1012.13,9.331,1.0623856959221543,0.983516270836431,10.136314961562709,12.705632766611823,0.2883300000000001,1.282,0.27587,-8.405,1.12695,3.29,0.1315935854288361,-1.1361856756893025,-0.13920640121146693,-0.75681294427164,0.270799986640303,-0.3793727314176625,1.121853661906411,0.13256824488075514,0.9893145558099716,0.05088509205826048,53.29266051422429,54.806040570118356,27.76905552662194,13.611784333403214,0.0398944737228872,0.08006244347184231,-1.036958830362005,0.10466480515775523,0.22758222881138537,0.04849751376070069,-0.07896956240412685,0.31478676687531065
2026-06-14,22:33:28,tidak pasti,0.5145,1.01514,0.12646,0.31006,6.45,-12.282,7.847,0.55176,-0.15015,-0.80493,16.252,-3.145,-20.275,1012.12,9.45,1.0689427275584038,0.9873684342736505,15.93817533471131,26.17430331451059,0.4633799999999999,-9.802,0.27661,-9.137,1.1149900000000001,28.122,0.11858152427492152,-1.2521722626693834,-0.1526631987788755,-0.5929607101828193,0.271244723053797,-0.6592115524865642,1.1350239163457212,0.1201792600028483,0.970820560806652,0.025398822267705772,47.01028347493426,58.91449223586233,23.431582768007114,9.651436990368229,0.08479701407335012,0.07008788384982924,-1.1451516280751906,0.10283123366492618,0.2596197439005123,0.019751153303381445,-0.3815261865365757,0.2766149252281516
2026-06-14,22:33:29,benar,0.6156,1.04004,0.021,0.28931,16.74,10.763,1.26,0.5708,-0.14478,-0.771,29.176,13.344,-30.557,1012.14,9.254,1.0797335216154031,0.9701623000302578,19.941348224229973,44.30611200500445,0.4692400000000001,-12.436,0.16577999999999998,-2.5809999999999995,1.06031,31.817,0.01945046971430592,-1.2988043742605857,-0.1497923007472506,-0.6290231612420362,0.16924277046155653,-0.6697812130185495,1.0703539816986538,0.008759594326058455,0.9803490017134465,0.009029754103710177,15.338612840167997,4.929936684091399,27.72868269537562,15.857479101949487,0.0898751931393545,0.061335631455046134,-1.2290541042064238,0.08373796760904428,0.2370958267185522,0.05876289118296201,-0.5694551656409254,0.1647010269583076
2026-06-14,22:33:29,tidak pasti,0.5457,0.98901,0.09351,0.37915,11.733,10.26,18.885,0.63599,-0.11328,-0.72314,17.099,6.412,-12.473,1012.14,9.254,1.0633153919228293,0.969663394225027,24.486202523053674,22.114820234403897,0.3530199999999999,-5.366,0.20679,3.848,1.10229,31.358000000000004,0.08805567287518938,-1.194737120034084,-0.1170914232549677,-0.715357601036414,0.20514709613015708,-0.47937951899766995,1.0706638803655455,0.00834329196958207,0.9757313761763117,0.010081074725506744,20.121908693998318,4.276873129471141,30.86507851797298,11.815916664357623,0.07536255562147227,0.0507698524105339,-1.248571252321351,0.05212699691336356,0.21521152988183687,0.05174040203954625,-0.6027907615009279,0.1070078525767563
2026-06-14,22:33:30,tidak pasti,0.5233,0.99756,0.10815,0.37036,-2.565,2.084,0.443,0.66992,-0.17871,-0.7312,5.794,9.053,-4.336,1012.14,9.225,1.0695741702659054,1.0076623990702442,3.334445980968953,11.590001768766044,0.32764000000000004,-8.359,0.28686,-6.969000000000001,1.10156,4.779,0.10128810888355387,-1.2017457224057024,-0.17829419185673312,-0.727260645534376,0.279582300740287,-0.47448507687132646,1.0708743612680458,0.008285928923909447,0.9824960311085097,0.021796141494303256,15.920665576084199,11.134344072361486,26.003644669391463,16.701143190274223,0.06959808382434972,0.043930191683809704,-1.2317624055667906,0.05816570554506929,0.2179907224440002,0.05627985463911535,-0.541215269629182,0.1113682640640078
2026-06-14,22:33:30,salah,0.6403,0.88672,0.2019,0.51929,78.305,34.908,35.847,0.7981,0.00342,-0.59985,59.489,11.71,-58.504,1012.14,9.225,1.0472335329333184,0.9983963786492818,92.92603993499347,84.25427726234437,0.08861999999999992,18.81600000000001,0.19848,23.198,1.11914,94.351,0.19400844126890796,-1.0098012731049126,0.0034254998897519776,-0.9262657666840748,0.190582941379156,-0.08353550642083785,1.0600410317073512,0.011524629938617288,0.9919073906481843,0.019813160178666616,40.2488961463387,46.82958797066085,39.319699755171435,39.26869163525514,0.1277840743425504,0.05773235160442103,-1.1354280385148996,0.10885239210661743,0.22510411274986666,0.04773817524730558,-0.3458000340966114,0.22714092706661096
2026-06-14,22:33:31,salah,0.6221,0.94922,0.09424,0.43994,-20.931,-1.198,-4.649,0.73071,-0.14014,-0.63672,-14.466,-10.947,38.29,1012.13,9.322,1.0504508506350976,0.9792796751184005,21.474523650130173,42.37010815421645,0.21850999999999998,-6.465000000000002,0.23437999999999998,9.748999999999999,1.07666,-42.939,0.08983464217338254,-1.1281727007629574,-0.14359818684596207,-0.8422918730846831,0.2334328290193446,-0.2858808276782743,1.0557528512781071,0.012077227629733567,0.9951128176126423,0.014473461387748389,39.24500318869753,47.36566144453893,46.07146239510896,36.47326761703826,0.1283770641086148,0.057126208747717004,-1.1132398987578576,0.09683960623700667,0.23453269037959587,0.044509872645647555,-0.28130047032347955,0.19551502861411602
2026-06-14,22:33:32,salah,0.6277,0.9043,0.14844,0.53882,-17.359,4.183,3.321,0.72778,-0.14233,-0.6355,-10.519,15.969,17.26,1012.14,9.23,1.0630709835189747,0.9766175337868965,18.16208718732514,25.75977332974807,0.17652,-6.840000000000002,0.29077,-11.786,1.1743199999999998,-13.939000000000002,0.14009097281893163,-1.0172180460021776,-0.1462585997887243,-0.8408417962577914,0.2863495726076559,-0.17637624974438615,1.0535851223624635,0.008371018737823862,0.9847645291848597,0.011880329918934292,44.18755025748293,42.24125164887555,50.79471958210297,30.14352842424536,0.14131135208707404,0.05209762085419359,-1.0517306732900158,0.06630452324828871,0.23678844766871884,0.047971419059726544,-0.1819308612811661,0.10128695641930992
2026-06-14,22:33:32,tidak pasti,0.5156,1.00562,0.01709,0.4104,-22.779,-16.008,-25.023,0.59766,-0.22754,-0.72266,-26.527,-25.389,29.832,1012.15,9.187,1.0862742805111423,0.9649919185153832,37.43380068868242,47.30994899595645,0.40796,3.748000000000001,0.24463,9.381,1.13306,-54.855000000000004,0.015733323876401868,-1.1830180731080806,-0.2380362666543948,-0.6679043054735582,0.2537695905307967,-0.5151137676345224,1.0665987048884047,0.018170392003647604,0.9736297091402267,0.007598047069885871,25.690137175379245,10.304284709056532,38.47994349330699,11.289488634471073,0.08188631295623867,0.06255867778043624,-1.1094696066244052,0.08446754728797447,0.25785066405259904,0.026693385113460966,-0.3257902816857276,0.17285933557656752
2026-06-14,22:33:33,benar,0.5654,1.00439,0.10962,0.33423,42.359,4.099,16.137,0.54053,-0.12598,-0.79272,13.023,-9.611,-23.389,1012.15,9.187,1.0642018179837882,0.9677027641274979,45.513618302657505,28.443191997383135,0.46385999999999994,29.336000000000002,0.2356,13.71,1.12695,39.525999999999996,0.10318980991137273,-1.2339344508814871,-0.13055516461473282,-0.5926611106720668,0.23374497452610554,-0.6412733402094203,1.0711823606713018,0.013082210439594366,0.9697707388099258,0.006082443758530216,33.70316872622169,14.052216007368688,33.83763810769589,11.74425623183142,0.08633803553556874,0.0638685598501964,-1.1447235233305817,0.1133197001538092,0.2579547125548527,0.026550844988390512,-0.44425445252944296,0.24041237090379572
2026-06-14,22:33:34,tidak pasti,0.5169,0.98853,0.07642,0.34985,8.015,6.023,3.0,0.57739,-0.14087,-0.76685,3.588,1.107,-3.405,1012.14,9.245,1.0513926953331947,0.9701971405338196,10.465025274694753,5.06884779807009,0.41114000000000006,4.4270000000000005,0.21728999999999998,4.9159999999999995,1.1167,6.404999999999999,0.07274869713310841,-1.2232465548035545,-0.1457123771826132,-0.6374230126388639,0.21846107431572162,-0.5858235421646906,1.0672895979427084,0.017644603564195973,0.9676306077255669,0.0026033610919460447,31.137481422011557,18.353029601153807,26.940662930469887,21.160596702366608,0.06389061030696101,0.04439604164856297,-1.2133996929310407,0.026848461742590375,0.23532521312420795,0.01770722154511413,-0.5807368833362111,0.06323341689010835
2026-06-14,22:33:35,salah,0.5396,1.00366,0.09253,0.3457,-2.206,-8.916,4.137,0.56714,-0.12866,-0.80518,-4.756,-7.153,3.26,1012.14,9.245,1.0655532302517785,0.9932351220129099,10.073542624121863,9.187629999080285,0.43652,2.5500000000000003,0.22119,-1.7630000000000008,1.15088,0.8769999999999998,0.08694702872316123,-1.2282857904512563,-0.12990132247630098,-0.6077268071307382,0.21684835119946222,-0.6205589833205181,1.060382581189587,0.007814737011745355,0.9770450088914092,0.014076409363873546,22.01739540049137,20.34926737422338,14.233223264844503,12.477319433261048,0.08762851192254746,0.015231994331276394,-1.2284889320454326,0.005346843042734219,0.22301813334709644,0.009324647994546112,-0.6158852885648763,0.02801878999532301
2026-06-14,22:33:37,benar,0.5506,1.00366,0.09253,0.3457,-2.206,-8.916,4.137,0.56714,-0.12866,-0.80518,-4.756,-7.153,3.26,1012.13,9.355,1.0655532302517785,0.9932351220129099,10.073542624121863,9.187629999080285,0.43652,2.5500000000000003,0.22119,-1.7630000000000008,1.15088,0.8769999999999998,0.08694702872316123,-1.2282857904512563,-0.12990132247630098,-0.6077268071307382,0.21684835119946222,-0.6205589833205181,1.0608330519455837,0.008175588647113385,0.9855557948532131,0.013300984808538434,10.204036840979493,0.22602261369132592,7.814702598743554,2.3779800124866752,0.08221425152647696,0.008197410565560564,-1.2266060452353555,0.0029094040577105833,0.21738592557154868,0.0009311061253006875,-0.6089805029352422,0.020054516301737362
2026-06-14,22:33:38,benar,0.5724,1.00366,0.09253,0.3457,-2.206,-8.916,4.137,0.56714,-0.12866,-0.80518,-4.756,-7.153,3.26,1012.16,9.115,1.0655532302517785,0.9932351220129099,10.073542624121863,9.187629999080285,0.43652,2.5500000000000003,0.22119,-1.7630000000000008,1.15088,0.8769999999999998,0.08694702872316123,-1.2282857904512563,-0.12990132247630098,-0.6077268071307382,0.21684835119946222,-0.6205589833205181,1.0655532302517785,0.0,0.9932351220129099,0.0,10.073542624121863,0.0,9.187629999080285,0.0,0.08694702872316123,0.0,-1.2282857904512563,0.0,0.21684835119946222,0.0,-0.6205589833205181,0.0
2026-06-14,22:33:40,benar,0.5724,1.00366,0.09253,0.3457,-2.206,-8.916,4.137,0.56714,-0.12866,-0.80518,-4.756,-7.153,3.26,1012.14,9.283,1.0655532302517785,0.9932351220129099,10.073542624121863,9.187629999080285,0.43652,2.5500000000000003,0.22119,-1.7630000000000008,1.15088,0.8769999999999998,0.08694702872316123,-1.2282857904512563,-0.12990132247630098,-0.6077268071307382,0.21684835119946222,-0.6205589833205181,1.0655532302517785,0.0,0.9932351220129099,0.0,10.073542624121863,0.0,9.187629999080285,0.0,0.08694702872316123,0.0,-1.2282857904512563,0.0,0.21684835119946222,0.0,-0.6205589833205181,0.0
2026-06-14,22:33:41,benar,0.5724,1.00366,0.09253,0.3457,-2.206,-8.916,4.137,0.56714,-0.12866,-0.80518,-4.756,-7.153,3.26,1012.12,9.436,1.0655532302517785,0.9932351220129099,10.073542624121863,9.187629999080285,0.43652,2.5500000000000003,0.22119,-1.7630000000000008,1.15088,0.8769999999999998,0.08694702872316123,-1.2282857904512563,-0.12990132247630098,-0.6077268071307382,0.21684835119946222,-0.6205589833205181,1.0655532302517785,0.0,0.9932351220129099,0.0,10.073542624121863,0.0,9.187629999080285,0.0,0.08694702872316123,0.0,-1.2282857904512563,0.0,0.21684835119946222,0.0,-0.6205589833205181,0.0
2026-06-14,22:33:43,benar,0.5724,1.00366,0.09253,0.3457,-2.206,-8.916,4.137,0.56714,-0.12866,-0.80518,-4.756,-7.153,3.26,1012.13,9.359,1.0655532302517785,0.9932351220129099,10.073542624121863,9.187629999080285,0.43652,2.5500000000000003,0.22119,-1.7630000000000008,1.15088,0.8769999999999998,0.08694702872316123,-1.2282857904512563,-0.12990132247630098,-0.6077268071307382,0.21684835119946222,-0.6205589833205181,1.0655532302517785,0.0,0.9932351220129099,0.0,10.073542624121863,0.0,9.187629999080285,0.0,0.08694702872316123,0.0,-1.2282857904512563,0.0,0.21684835119946222,0.0,-0.6205589833205181,0.0
2026-06-14,22:33:44,benar,0.5724,1.00366,0.09253,0.3457,-2.206,-8.916,4.137,0.56714,-0.12866,-0.80518,-4.756,-7.153,3.26,1012.14,9.283,1.0655532302517785,0.9932351220129099,10.073542624121863,9.187629999080285,0.43652,2.5500000000000003,0.22119,-1.7630000000000008,1.15088,0.8769999999999998,0.08694702872316123,-1.2282857904512563,-0.12990132247630098,-0.6077268071307382,0.21684835119946222,-0.6205589833205181,1.0655532302517785,0.0,0.9932351220129099,0.0,10.073542624121863,0.0,9.187629999080285,0.0,0.08694702872316123,0.0,-1.2282857904512563,0.0,0.21684835119946222,0.0,-0.6205589833205181,0.0
2026-06-14,22:33:46,benar,0.5724,1.00366,0.09253,0.3457,-2.206,-8.916,4.137,0.56714,-0.12866,-0.80518,-4.756,-7.153,3.26,1012.12,9.374,1.0655532302517785,0.9932351220129099,10.073542624121863,9.187629999080285,0.43652,2.5500000000000003,0.22119,-1.7630000000000008,1.15088,0.8769999999999998,0.08694702872316123,-1.2282857904512563,-0.12990132247630098,-0.6077268071307382,0.21684835119946222,-0.6205589833205181,1.0655532302517785,0.0,0.9932351220129099,0.0,10.073542624121863,0.0,9.187629999080285,0.0,0.08694702872316123,0.0,-1.2282857904512563,0.0,0.21684835119946222,0.0,-0.6205589833205181,0.0
2026-06-14,22:33:47,benar,0.5724,1.00366,0.09253,0.3457,-2.206,-8.916,4.137,0.56714,-0.12866,-0.80518,-4.756,-7.153,3.26,1012.15,9.148,1.0655532302517785,0.9932351220129099,10.073542624121863,9.187629999080285,0.43652,2.5500000000000003,0.22119,-1.7630000000000008,1.15088,0.8769999999999998,0.08694702872316123,-1.2282857904512563,-0.12990132247630098,-0.6077268071307382,0.21684835119946222,-0.6205589833205181,1.0655532302517785,0.0,0.9932351220129099,0.0,10.073542624121863,0.0,9.187629999080285,0.0,0.08694702872316123,0.0,-1.2282857904512563,0.0,0.21684835119946222,0.0,-0.6205589833205181,0.0
2026-06-14,22:33:50,benar,0.5724,1.00366,0.09253,0.3457,-2.206,-8.916,4.137,0.56714,-0.12866,-0.80518,-4.756,-7.153,3.26,1012.13,9.292,1.0655532302517785,0.9932351220129099,10.073542624121863,9.187629999080285,0.43652,2.5500000000000003,0.22119,-1.7630000000000008,1.15088,0.8769999999999998,0.08694702872316123,-1.2282857904512563,-0.12990132247630098,-0.6077268071307382,0.21684835119946222,-0.6205589833205181,1.0655532302517785,0.0,0.9932351220129099,0.0,10.073542624121863,0.0,9.187629999080285,0.0,0.08694702872316123,0.0,-1.2282857904512563,0.0,0.21684835119946222,0.0,-0.6205589833205181,0.0
2026-06-14,22:33:52,benar,0.5724,1.00366,0.09253,0.3457,-2.206,-8.916,4.137,0.56714,-0.12866,-0.80518,-4.756,-7.153,3.26,1012.13,9.301,1.0655532302517785,0.9932351220129099,10.073542624121863,9.187629999080285,0.43652,2.5500000000000003,0.22119,-1.7630000000000008,1.15088,0.8769999999999998,0.08694702872316123,-1.2282857904512563,-0.12990132247630098,-0.6077268071307382,0.21684835119946222,-0.6205589833205181,1.0655532302517785,0.0,0.9932351220129099,0.0,10.073542624121863,0.0,9.187629999080285,0.0,0.08694702872316123,0.0,-1.2282857904512563,0.0,0.21684835119946222,0.0,-0.6205589833205181,0.0
2026-06-14,22:33:54,benar,0.5724,1.00366,0.09253,0.3457,-2.206,-8.916,4.137,0.56714,-0.12866,-0.80518,-4.756,-7.153,3.26,1012.15,9.182,1.0655532302517785,0.9932351220129099,10.073542624121863,9.187629999080285,0.43652,2.5500000000000003,0.22119,-1.7630000000000008,1.15088,0.8769999999999998,0.08694702872316123,-1.2282857904512563,-0.12990132247630098,-0.6077268071307382,0.21684835119946222,-0.6205589833205181,1.0655532302517785,0.0,0.9932351220129099,0.0,10.073542624121863,0.0,9.187629999080285,0.0,0.08694702872316123,0.0,-1.2282857904512563,0.0,0.21684835119946222,0.0,-0.6205589833205181,0.0
2026-06-14,22:33:56,benar,0.5724,1.00366,0.09253,0.3457,-2.206,-8.916,4.137,0.56714,-0.12866,-0.80518,-4.756,-7.153,3.26,1012.14,9.206,1.0655532302517785,0.9932351220129099,10.073542624121863,9.187629999080285,0.43652,2.5500000000000003,0.22119,-1.7630000000000008,1.15088,0.8769999999999998,0.08694702872316123,-1.2282857904512563,-0.12990132247630098,-0.6077268071307382,0.21684835119946222,-0.6205589833205181,1.0655532302517785,0.0,0.9932351220129099,0.0,10.073542624121863,0.0,9.187629999080285,0.0,0.08694702872316123,0.0,-1.2282857904512563,0.0,0.21684835119946222,0.0,-0.6205589833205181,0.0
2026-06-14,22:33:58,benar,0.5724,1.00366,0.09253,0.3457,-2.206,-8.916,4.137,0.56714,-0.12866,-0.80518,-4.756,-7.153,3.26,1012.12,9.436,1.0655532302517785,0.9932351220129099,10.073542624121863,9.187629999080285,0.43652,2.5500000000000003,0.22119,-1.7630000000000008,1.15088,0.8769999999999998,0.08694702872316123,-1.2282857904512563,-0.12990132247630098,-0.6077268071307382,0.21684835119946222,-0.6205589833205181,1.0655532302517785,0.0,0.9932351220129099,0.0,10.073542624121863,0.0,9.187629999080285,0.0,0.08694702872316123,0.0,-1.2282857904512563,0.0,0.21684835119946222,0.0,-0.6205589833205181,0.0
2026-06-14,22:34:00,benar,0.5724,1.00366,0.09253,0.3457,-2.206,-8.916,4.137,0.56714,-0.12866,-0.80518,-4.756,-7.153,3.26,1012.14,9.206,1.0655532302517785,0.9932351220129099,10.073542624121863,9.187629999080285,0.43652,2.5500000000000003,0.22119,-1.7630000000000008,1.15088,0.8769999999999998,0.08694702872316123,-1.2282857904512563,-0.12990132247630098,-0.6077268071307382,0.21684835119946222,-0.6205589833205181,1.0655532302517785,0.0,0.9932351220129099,0.0,10.073542624121863,0.0,9.187629999080285,0.0,0.08694702872316123,0.0,-1.2282857904512563,0.0,0.21684835119946222,0.0,-0.6205589833205181,0.0
2026-06-14,22:34:02,benar,0.5724,1.00366,0.09253,0.3457,-2.206,-8.916,4.137,0.56714,-0.12866,-0.80518,-4.756,-7.153,3.26,1012.14,9.283,1.0655532302517785,0.9932351220129099,10.073542624121863,9.187629999080285,0.43652,2.5500000000000003,0.22119,-1.7630000000000008,1.15088,0.8769999999999998,0.08694702872316123,-1.2282857904512563,-0.12990132247630098,-0.6077268071307382,0.21684835119946222,-0.6205589833205181,1.0655532302517785,0.0,0.9932351220129099,0.0,10.073542624121863,0.0,9.187629999080285,0.0,0.08694702872316123,0.0,-1.2282857904512563,0.0,0.21684835119946222,0.0,-0.6205589833205181,0.0
2026-06-14,22:34:04,benar,0.5724,1.00366,0.09253,0.3457,-2.206,-8.916,4.137,0.56714,-0.12866,-0.80518,-4.756,-7.153,3.26,1012.13,9.345,1.0655532302517785,0.9932351220129099,10.073542624121863,9.187629999080285,0.43652,2.5500000000000003,0.22119,-1.7630000000000008,1.15088,0.8769999999999998,0.08694702872316123,-1.2282857904512563,-0.12990132247630098,-0.6077268071307382,0.21684835119946222,-0.6205589833205181,1.0655532302517785,0.0,0.9932351220129099,0.0,10.073542624121863,0.0,9.187629999080285,0.0,0.08694702872316123,0.0,-1.2282857904512563,0.0,0.21684835119946222,0.0,-0.6205589833205181,0.0
2026-06-14,22:34:06,benar,0.5724,1.00366,0.09253,0.3457,-2.206,-8.916,4.137,0.56714,-0.12866,-0.80518,-4.756,-7.153,3.26,1012.13,9.355,1.0655532302517785,0.9932351220129099,10.073542624121863,9.187629999080285,0.43652,2.5500000000000003,0.22119,-1.7630000000000008,1.15088,0.8769999999999998,0.08694702872316123,-1.2282857904512563,-0.12990132247630098,-0.6077268071307382,0.21684835119946222,-0.6205589833205181,1.0655532302517785,0.0,0.9932351220129099,0.0,10.073542624121863,0.0,9.187629999080285,0.0,0.08694702872316123,0.0,-1.2282857904512563,0.0,0.21684835119946222,0.0,-0.6205589833205181,0.0
2026-06-14,22:34:08,benar,0.5724,1.00366,0.09253,0.3457,-2.206,-8.916,4.137,0.56714,-0.12866,-0.80518,-4.756,-7.153,3.26,1012.16,9.067,1.0655532302517785,0.9932351220129099,10.073542624121863,9.187629999080285,0.43652,2.5500000000000003,0.22119,-1.7630000000000008,1.15088,0.8769999999999998,0.08694702872316123,-1.2282857904512563,-0.12990132247630098,-0.6077268071307382,0.21684835119946222,-0.6205589833205181,1.0655532302517785,0.0,0.9932351220129099,0.0,10.073542624121863,0.0,9.187629999080285,0.0,0.08694702872316123,0.0,-1.2282857904512563,0.0,0.21684835119946222,0.0,-0.6205589833205181,0.0
2026-06-14,22:34:10,benar,0.5724,1.00366,0.09253,0.3457,-2.206,-8.916,4.137,0.56714,-0.12866,-0.80518,-4.756,-7.153,3.26,1012.15,9.182,1.0655532302517785,0.9932351220129099,10.073542624121863,9.187629999080285,0.43652,2.5500000000000003,0.22119,-1.7630000000000008,1.15088,0.8769999999999998,0.08694702872316123,-1.2282857904512563,-0.12990132247630098,-0.6077268071307382,0.21684835119946222,-0.6205589833205181,1.0655532302517785,0.0,0.9932351220129099,0.0,10.073542624121863,0.0,9.187629999080285,0.0,0.08694702872316123,0.0,-1.2282857904512563,0.0,0.21684835119946222,0.0,-0.6205589833205181,0.0
2026-06-14,22:34:11,tidak pasti,0.541,0.0,0.0,0.0,0.0,0.0,0.0,0.0,0.0,0.0,0.0,0.0,0.0,1012.15,9.153,0.0,0.0,0.0,0.0,0.0,0.0,0.0,0.0,0.0,0.0,0.0,-0.0,0.0,-0.0,0.0,0.0,0.7103688201678523,0.6151974443217396,0.6621567480086066,0.5734445650627443,6.715695082747909,5.815962545729926,6.125086666053523,5.304480653183683,0.05796468581544082,0.050198890438555265,-0.8188571936341709,0.709151131758825,0.14456556746630814,0.12519745393833603,-0.4137059888803454,0.3582798960681416
2026-06-14,22:34:13,benar,0.5624,0.0,0.0,0.0,0.0,0.0,0.0,0.0,0.0,0.0,0.0,0.0,0.0,1012.15,9.196,0.0,0.0,0.0,0.0,0.0,0.0,0.0,0.0,0.0,0.0,0.0,-0.0,0.0,-0.0,0.0,0.0,0.35518441008392615,0.6151974443217396,0.3310783740043033,0.5734445650627443,3.3578475413739546,5.815962545729926,3.0625433330267615,5.304480653183683,0.02898234290772041,0.050198890438555265,-0.40942859681708543,0.709151131758825,0.07228278373315407,0.12519745393833603,-0.2068529944401727,0.3582798960681416
2026-06-14,22:34:15,salah,0.5456,0.0,0.0,0.0,0.0,0.0,0.0,0.0,0.0,0.0,0.0,0.0,0.0,1012.17,8.957,0.0,0.0,0.0,0.0,0.0,0.0,0.0,0.0,0.0,0.0,0.0,-0.0,0.0,-0.0,0.0,0.0,0.0,0.0,0.0,0.0,0.0,0.0,0.0,0.0,0.0,0.0,-0.0,0.0,0.0,0.0,0.0,0.0
