date,time,prediction,confidence,ax1,ay1,az1,gx1,gy1,gz1,ax2,ay2,az2,gx2,gy2,gz2,pressure_hpa,altitude_m,acc_mag1,acc_mag2,gyro_mag1,gyro_mag2,diff_ax,diff_gx,diff_ay,diff_gy,diff_az,diff_gz,roll1,pitch1,roll2,pitch2,diff_roll,diff_pitch,acc_mag1_rm3,acc_mag1_rs3,acc_mag2_rm3,acc_mag2_rs3,gyro_mag1_rm3,gyro_mag1_rs3,gyro_mag2_rm3,gyro_mag2_rs3,roll1_rm3,roll1_rs3,pitch1_rm3,pitch1_rs3,diff_roll_rm3,diff_roll_rs3,diff_pitch_rm3,diff_pitch_rs3
2026-06-14,22:18:44,tidak pasti,0.6289,0.88721,-0.17554,0.56226,0.0,0.0,0.0,0.8457,-0.25757,-0.46484,0.0,0.0,0.0,0.0,0.0,1.0649376429162414,0.9988128055346507,0.0,0.0,0.04151000000000005,0.0,0.08203000000000002,0.0,1.0271,0.0,-0.16559167600560604,-0.9847065412940794,-0.26082335728118117,-1.0097619351524516,0.09523168127557513,0.025055393858372188,1.0649376429162414,0.0,0.9988128055346507,0.0,0.0,0.0,0.0,0.0,-0.16559167600560604,0.0,-0.9847065412940794,0.0,0.09523168127557513,0.0,0.025055393858372188,0.0
2026-06-14,22:18:44,tidak pasti,0.6289,0.88721,-0.17554,0.56226,0.0,0.0,0.0,0.8457,-0.25757,-0.46484,0.0,0.0,0.0,0.0,0.0,1.0649376429162414,0.9988128055346507,0.0,0.0,0.04151000000000005,0.0,0.08203000000000002,0.0,1.0271,0.0,-0.16559167600560604,-0.9847065412940794,-0.26082335728118117,-1.0097619351524516,0.09523168127557513,0.025055393858372188,1.0649376429162414,0.0,0.9988128055346507,0.0,0.0,0.0,0.0,0.0,-0.16559167600560604,0.0,-0.9847065412940794,0.0,0.09523168127557513,0.0,0.025055393858372188,0.0
2026-06-14,22:18:44,tidak pasti,0.6289,0.88721,-0.17554,0.56226,0.0,0.0,0.0,0.8457,-0.25757,-0.46484,0.0,0.0,0.0,0.0,0.0,1.0649376429162414,0.9988128055346507,0.0,0.0,0.04151000000000005,0.0,0.08203000000000002,0.0,1.0271,0.0,-0.16559167600560604,-0.9847065412940794,-0.26082335728118117,-1.0097619351524516,0.09523168127557513,0.025055393858372188,1.0649376429162414,0.0,0.9988128055346507,0.0,0.0,0.0,0.0,0.0,-0.16559167600560604,0.0,-0.9847065412940794,0.0,0.09523168127557513,0.0,0.025055393858372188,0.0
2026-06-14,22:18:44,tidak pasti,0.6289,0.88721,-0.17554,0.56226,0.0,0.0,0.0,0.8457,-0.25757,-0.46484,0.0,0.0,0.0,0.0,0.0,1.0649376429162414,0.9988128055346507,0.0,0.0,0.04151000000000005,0.0,0.08203000000000002,0.0,1.0271,0.0,-0.16559167600560604,-0.9847065412940794,-0.26082335728118117,-1.0097619351524516,0.09523168127557513,0.025055393858372188,1.0649376429162414,0.0,0.9988128055346507,0.0,0.0,0.0,0.0,0.0,-0.16559167600560604,0.0,-0.9847065412940794,0.0,0.09523168127557513,0.0,0.025055393858372188,0.0
2026-06-14,22:18:44,tidak pasti,0.6289,0.88721,-0.17554,0.56226,0.0,0.0,0.0,0.8457,-0.25757,-0.46484,0.0,0.0,0.0,0.0,0.0,1.0649376429162414,0.9988128055346507,0.0,0.0,0.04151000000000005,0.0,0.08203000000000002,0.0,1.0271,0.0,-0.16559167600560604,-0.9847065412940794,-0.26082335728118117,-1.0097619351524516,0.09523168127557513,0.025055393858372188,1.0649376429162414,0.0,0.9988128055346507,0.0,0.0,0.0,0.0,0.0,-0.16559167600560604,0.0,-0.9847065412940794,0.0,0.09523168127557513,0.0,0.025055393858372188,0.0
2026-06-14,22:18:44,tidak pasti,0.6289,0.88721,-0.17554,0.56226,0.0,0.0,0.0,0.8457,-0.25757,-0.46484,0.0,0.0,0.0,0.0,0.0,1.0649376429162414,0.9988128055346507,0.0,0.0,0.04151000000000005,0.0,0.08203000000000002,0.0,1.0271,0.0,-0.16559167600560604,-0.9847065412940794,-0.26082335728118117,-1.0097619351524516,0.09523168127557513,0.025055393858372188,1.0649376429162414,0.0,0.9988128055346507,0.0,0.0,0.0,0.0,0.0,-0.16559167600560604,0.0,-0.9847065412940794,0.0,0.09523168127557513,0.0,0.025055393858372188,0.0
2026-06-14,22:18:44,tidak pasti,0.6289,0.88721,-0.17554,0.56226,0.0,0.0,0.0,0.8457,-0.25757,-0.46484,0.0,0.0,0.0,0.0,0.0,1.0649376429162414,0.9988128055346507,0.0,0.0,0.04151000000000005,0.0,0.08203000000000002,0.0,1.0271,0.0,-0.16559167600560604,-0.9847065412940794,-0.26082335728118117,-1.0097619351524516,0.09523168127557513,0.025055393858372188,1.0649376429162414,0.0,0.9988128055346507,0.0,0.0,0.0,0.0,0.0,-0.16559167600560604,0.0,-0.9847065412940794,0.0,0.09523168127557513,0.0,0.025055393858372188,0.0
2026-06-14,22:18:44,tidak pasti,0.6289,0.88721,-0.17554,0.56226,0.0,0.0,0.0,0.8457,-0.25757,-0.46484,0.0,0.0,0.0,0.0,0.0,1.0649376429162414,0.9988128055346507,0.0,0.0,0.04151000000000005,0.0,0.08203000000000002,0.0,1.0271,0.0,-0.16559167600560604,-0.9847065412940794,-0.26082335728118117,-1.0097619351524516,0.09523168127557513,0.025055393858372188,1.0649376429162414,0.0,0.9988128055346507,0.0,0.0,0.0,0.0,0.0,-0.16559167600560604,0.0,-0.9847065412940794,0.0,0.09523168127557513,0.0,0.025055393858372188,0.0
2026-06-14,22:18:44,tidak pasti,0.6289,0.88721,-0.17554,0.56226,0.0,0.0,0.0,0.8457,-0.25757,-0.46484,0.0,0.0,0.0,0.0,0.0,1.0649376429162414,0.9988128055346507,0.0,0.0,0.04151000000000005,0.0,0.08203000000000002,0.0,1.0271,0.0,-0.16559167600560604,-0.9847065412940794,-0.26082335728118117,-1.0097619351524516,0.09523168127557513,0.025055393858372188,1.0649376429162414,0.0,0.9988128055346507,0.0,0.0,0.0,0.0,0.0,-0.16559167600560604,0.0,-0.9847065412940794,0.0,0.09523168127557513,0.0,0.025055393858372188,0.0
2026-06-14,22:18:44,salah,0.5504,0.73877,-0.05762,0.77686,-18.153,-6.656,15.374,1.01733,-0.33252,-0.15845,-3.107,-14.481,11.603,0.0,0.0,1.0735979866318677,1.0819594640281125,24.70209750203411,18.814420506622042,-0.27856000000000003,-15.046,0.2749,7.825,0.93531,3.771000000000001,-0.05369579552203955,-0.7589022735874442,-0.31238732189539226,-1.22341162524853,0.2586915263733527,0.46450935166108587,1.0735979866318677,0.0,1.0819594640281125,0.0,24.70209750203411,0.0,18.814420506622042,0.0,-0.05369579552203955,0.0,-0.7589022735874442,0.0,0.2586915263733527,0.0,0.46450935166108587,0.0
2026-06-14,22:18:45,salah,0.6069,0.70483,-0.06714,0.80103,-1.527,1.275,-0.855,0.98926,-0.31348,-0.15283,-0.389,0.122,-1.931,0.0,0.0,1.069084734434086,1.0489337762223123,2.1652664963001667,1.9735668217721942,-0.28443000000000007,-1.138,0.24633999999999998,1.153,0.95386,1.076,-0.06284273809140956,-0.7198655280248849,-0.3034934891719307,-1.231863637743548,0.24065075108052114,0.511998109718663,1.0713413605329767,0.003191351234256492,1.0654466201252124,0.023352687800831173,13.433681999167138,15.935946030609712,10.393993664197119,11.908281841527783,-0.05826926680672455,0.006467865117925437,-0.7393839008061646,0.02760314750273956,0.24967113872693691,0.012756754547423909,0.48825373068987443,0.03357962285264009
2026-06-14,22:18:46,salah,0.5675,0.78247,-0.13428,0.71021,2.435,7.466,-3.58,0.94116,-0.33154,-0.22729,-17.29,2.038,7.634,0.0,0.0,1.0652176601052012,1.023406889413981,8.630572460735152,19.0098790106618,-0.15869,19.724999999999998,0.19726,5.428000000000001,0.9375,-11.214,-0.12639501634100084,-0.8250231455721614,-0.32990924611187955,-1.1671482064354919,0.2035142297708787,0.3421250608633305,1.0693001270570515,0.004194313252477376,1.0514333765548018,0.02935620888078867,11.832645486356476,11.60461725742437,13.265955446352011,9.779983724071585,-0.08097784998481665,0.03959742276286198,-0.7679303157281635,0.05315694019341003,0.23428550240825086,0.028133979599129336,0.4395441740810265,0.08764506974470654
2026-06-14,22:18:46,salah,0.6062,0.76758,-0.08325,0.73706,12.939,10.969,14.725,0.96094,-0.31299,-0.20435,8.588,9.618,-8.29,0.0,0.0,1.0674113839096901,1.031080669104023,22.462464401752538,15.329180278149252,-0.19335999999999998,4.351000000000001,0.22974,1.350999999999999,0.9414100000000001,23.015,-0.0780717089410485,-0.8025123422320308,-0.3084218142948767,-1.1998194180034547,0.2303501053538282,0.3973070757714239,1.067237926149659,0.0019393637261138346,1.0344737782467721,0.013097342469840815,11.086101119595952,10.369005567031973,12.104208703527748,8.964335697203929,-0.08910315445781963,0.03318120869288046,-0.782467005276359,0.05537050462389367,0.22483836206840935,0.019171979273894794,0.4171434154511391,0.08665635268558405
2026-06-14,22:18:47,salah,0.6078,0.73364,-0.0874,0.77393,4.092,1.168,1.412,0.97144,-0.32983,-0.19629,2.603,1.359,-1.435,0.0,0.0,1.069969183902041,1.044515804858883,4.483573574728087,3.2682893078795825,-0.2378,1.4889999999999994,0.24243,-0.19100000000000006,0.97022,2.847,-0.08177570762489705,-0.7555163311145049,-0.3212713386464148,-1.194517830702694,0.23949563102151772,0.4390014995881891,1.0675327426389776,0.0023780854807732197,1.033001121125629,0.010684693715332743,11.858870145738592,9.414167955786901,12.535782865563545,8.234179583975878,-0.09541414430231547,0.02689406488001648,-0.7943506063062324,0.03546490891014131,0.22445332204874155,0.01870145312536523,0.3928112120743145,0.048594451203713175
2026-06-14,22:18:48,salah,0.5755,0.73193,-0.08765,0.78003,1.588,2.595,0.069,0.96948,-0.32593,-0.19971,-0.427,1.588,-0.588,0.0,0.0,1.0732431450048958,1.0421160776996006,3.0431118940978825,1.7463725261237937,-0.23755000000000004,2.015,0.23828,1.0070000000000001,0.97974,0.657,-0.08175941064108061,-0.7504660151251094,-0.3180951765567126,-1.1952283466696751,0.236335765915632,0.4447623315445658,1.070207904272209,0.0029232002889364997,1.0392375172208357,0.007165214652074869,9.996383290192837,10.819940673281447,6.781280704050876,7.441706660390537,-0.08053560906900872,0.002133815661752945,-0.7694982294905484,0.028702354484931556,0.23539383409699263,0.004644952808997742,0.4270236356347263,0.025895988951753282
2026-06-14,22:18:48,salah,0.5241,0.72363,-0.09009,0.78516,1.595,1.924,0.458,0.97266,-0.33301,-0.18945,-0.13,1.458,-0.122,0.0,0.0,1.0715562563860097,1.0453967850534074,2.5407803919268583,1.4688594214559811,-0.24902999999999997,1.725,0.24291999999999997,0.46599999999999997,0.97461,0.5800000000000001,-0.08417334221273809,-0.7413815802668171,-0.3241982492092918,-1.1955621923865032,0.2400249069965537,0.4541806121196861,1.0715895284309822,0.001637234130319762,1.0440095558706304,0.001697932923854952,3.3558219535842757,1.008440391774705,2.1611737518197858,0.9687786236637277,-0.08256948682623859,0.0013890034101912711,-0.7491213088354772,0.007162679082269775,0.23861876797790113,0.0019947699307643167,0.445981481084147,0.0076626437024605205
2026-06-14,22:18:49,salah,0.5598,0.72241,-0.0874,0.78711,-1.237,1.298,-0.336,0.96143,-0.33716,-0.19263,-1.366,0.435,0.725,0.0,0.0,1.0719408193552478,1.0368851563215669,1.824244775242621,1.6064887176696887,-0.23902,0.129,0.24976,0.863,0.9797399999999999,-1.061,-0.08162496119576584,-0.7395115545669526,-0.3311874670762409,-1.1869444571733792,0.24956250588047507,0.44743290260642654,1.072246740248718,0.000884075221871902,1.0414660063581918,0.0042928895255834355,2.469379020422454,0.612562552108896,1.6072402217498212,0.13875807862744033,-0.08251923801652818,0.0014340727604538687,-0.7437863833196263,0.005859808855428047,0.24197439293088693,0.006825469513558501,0.4487919487568928,0.004853993930491149
2026-06-14,22:18:49,salah,0.6109,0.80884,-0.05103,0.74536,51.985,1.046,26.191,0.94629,-0.49634,-0.18848,-13.168,-5.74,4.832,0.0,0.0,1.1010847996862005,1.0850543166588482,58.21943680593277,15.155594610572031,-0.13744999999999996,65.15299999999999,0.44531,6.7860000000000005,0.93384,21.358999999999998,-0.04636181096082345,-0.8250543439581483,-0.4751066875683114,-1.0595042614073895,0.42874487660748795,0.23444991744924126,1.0815272918091525,0.01693839006340087,1.0557787526779407,0.02570809095824349,20.861487324367417,32.354916904898495,6.0769809165659,7.8626112335241904,-0.07072003812310913,0.021133290901301907,-0.768649159597306,0.048857270350634543,0.3061107631615056,0.10631126837560165,0.3786878107251179,0.12495923450636304
2026-06-14,22:18:50,salah,0.635,0.63013,0.04346,0.82764,29.618,-0.84,39.229,1.00708,-0.36035,-0.19263,33.145,5.725,-42.916,0.0,0.0,1.0411246602112545,1.0868157920273334,49.16142761352644,54.52659631776038,-0.37695,-3.5270000000000046,0.40381,-6.5649999999999995,1.02027,82.145,0.04175545260789328,-0.6500669744084959,-0.33796185262670875,-1.1853575907930998,0.379717305234602,0.5352906163846038,1.0713834264175677,0.029983955653465396,1.0695850883359161,0.028332664261868208,36.40170306490061,30.285513846758615,23.76289321533403,27.489973427687186,-0.02874377318289867,0.06354902099126963,-0.7382109576445323,0.08750093450782458,0.35267489590752166,0.09260156273788357,0.40572447881342394,0.15469639942626945
2026-06-14,22:18:51,salah,0.5355,0.68579,-0.21924,0.80225,-39.061,-7.55,-22.756,0.99658,-0.19653,-0.14526,-4.115,1.466,14.992,0.0,0.0,1.0779513737641415,1.026107306717967,45.832300367753746,15.615455324773595,-0.31079,-34.946,-0.02270999999999998,-9.016,0.9475100000000001,-37.748000000000005,-0.20481476237616292,-0.6895596835247131,-0.19272043937801797,-1.3303171342385904,-0.012094322998144946,0.6407574507138774,1.0733869445538655,0.03023954516813144,1.0659924718013827,0.03455279285625046,51.07105492907099,6.4105611804054305,28.432548751035338,22.599277793327786,-0.06980704024303103,0.12494589553639762,-0.7215603339637857,0.09177786278220607,0.2654559529479817,0.24161238057477336,0.47016599484924076,0.2108372954306034
2026-06-14,22:18:51,salah,0.6853,0.84814,-0.03467,0.67261,-9.489,-6.779,-6.595,1.00366,-0.29565,-0.20483,-2.84,-9.878,7.779,0.0,0.0,1.0830270913509044,1.066160235142917,13.397387319921748,12.890047517367808,-0.15552,-6.649000000000001,0.26098000000000005,3.099,0.87744,-14.373999999999999,-0.032017596305680206,-0.8996669472020038,-0.28098643512544996,-1.2266926166651455,0.24896883881976975,0.3270256694631417,1.0673677084421003,0.022868404242316773,1.0596944446294057,0.030866403780856127,36.13037176706731,19.757586099021765,27.677366386633924,23.292011996606035,-0.06502563535798328,0.1265557810251262,-0.7464312017117377,0.1341671114331033,0.20553060701874226,0.199484956804013,0.5010245788538743,0.1596481401010763
2026-06-14,22:18:52,salah,0.569,0.66724,-0.26611,0.78369,-5.656,13.061,-3.855,0.95361,-0.43115,-0.11353,11.664,8.145,-3.366,0.0,0.0,1.0631057171325908,1.052687710339586,14.745883561184117,14.61916129605252,-0.2863699999999999,-17.32,0.16503999999999996,4.916,0.89722,-0.4889999999999999,-0.25300432876832435,-0.6785087663095494,-0.42198338786013573,-1.1334556979142594,0.16897905909181138,0.45494693160471,1.074694727415879,0.01035227495600659,1.0483184174001565,0.020380807379651398,24.65852374961987,18.349420228828738,14.37488804606464,1.3790264662659073,-0.1632788958167225,0.11620114086901985,-0.7559117990120887,0.12461816748031736,0.1352845249711454,0.13375344794358843,0.4742433505939097,0.15775351495622822
2026-06-14,22:18:52,salah,0.5524,0.60571,-0.26099,0.8606,0.565,2.313,1.145,0.97656,-0.39941,-0.1001,-2.947,-1.389,1.519,0.0,0.0,1.084265993287625,1.0598196977316472,2.6420104087607226,3.5946475487869463,-0.37085,3.512,0.13842,3.702,0.9607,-0.3739999999999999,-0.24309380832907107,-0.5927403308879697,-0.3864104763862063,-1.1717700737174401,0.14331666805713522,0.5790297428294704,1.0767996005903735,0.011875417997641238,1.0595558810713834,0.006740135797353473,10.26176042995553,6.633253599652162,10.367952120735758,5.929224210062927,-0.1760385778010252,0.12482422415943989,-0.7236386814665076,0.15836198685938263,0.18708818865623877,0.05510490655921791,0.4536674479657741,0.1260069087673062
2026-06-14,22:18:53,salah,0.5699,0.63892,-0.18799,0.80859,9.824,-3.137,-2.763,0.97778,-0.37939,-0.08569,2.214,6.145,-1.153,0.0,0.0,1.0475575376083168,1.0522990433332151,10.676418594266524,6.632663869064977,-0.33885999999999994,7.609999999999999,0.19140000000000001,-9.282,0.8942800000000001,-1.6099999999999999,-0.18043297504848615,-0.6559520543964313,-0.3688407574292185,-1.1922004480872725,0.18840778238073236,0.5362483936908412,1.064976416009511,0.018425588601345015,1.0549354838014828,0.004234315150903355,9.35477085473712,6.1592208016145475,8.28215757130148,5.694347894728624,-0.22551037071529387,0.03935140790264898,-0.6424003838646501,0.04446112863297419,0.16690116984322634,0.022617258134729017,0.5234083560416739,0.06303003994512381
2026-06-14,22:18:54,benar,0.6908,0.53687,-0.22046,0.90552,1.786,10.405,0.435,0.99292,-0.35596,-0.01904,4.176,7.603,-2.229,0.0,0.0,1.0755456656506965,1.0549692742445158,10.56612729433069,8.95617250838772,-0.45605000000000007,-2.39,0.1355,2.8019999999999996,0.92456,2.664,-0.2064381904892256,-0.5226297691583407,-0.3441670275515506,-1.2261168637192401,0.137728837062325,0.7034870945608994,1.0691230655155461,0.019178504215969543,1.0556960051031261,0.0038126321551923575,7.9615187657859785,4.607159419105935,6.394494642079882,2.68868572142925,-0.20998832462226094,0.03148090843870649,-0.5904407181475806,0.06669088467956862,0.15648442916673086,0.027787251107766406,0.6062550770270704,0.08687985890759989
2026-06-14,22:18:54,salah,0.6793,0.52466,-0.22925,0.89575,2.908,2.74,0.084,1.00146,-0.36694,0.02808,-2.649,2.458,1.954,0.0,0.0,1.063104764639873,1.066937477830824,3.9963883695156555,4.108172464734167,-0.4768,5.557,0.13768999999999998,0.28200000000000003,0.86767,-1.8699999999999999,-0.2173492142860822,-0.5161285933586033,-0.35108724586152446,-1.218638014919333,0.13373803157544226,0.7025094215607297,1.062069322632962,0.01402276481088574,1.0580685984695182,0.00779585140468724,8.412978086037624,3.8252764064543205,6.565669614062288,2.424694264947384,-0.20140679327459798,0.018965452757853652,-0.5649034723044585,0.07891735897389003,0.15329155033949987,0.030476941229211244,0.6474149699374901,0.09627432013224148
2026-06-14,22:18:55,salah,0.5813,0.63623,-0.09741,0.75781,-6.031,-18.863,-22.412,0.97705,-0.25415,-0.08081,-22.481,-15.824,-8.137,0.0,0.0,0.9942601858165698,1.0127927631554245,29.907916577388,28.670631419625206,-0.34082,16.450000000000003,0.15674,-3.0389999999999997,0.83862,-14.274999999999999,-0.09812975638563304,-0.69437193210367,-0.25365098427263544,-1.304334901975594,0.1555212278870024,0.6099629698719241,1.0443035387023798,0.04378295193943135,1.0448998384102548,0.028442181444736796,14.823477413744783,13.47017431387944,13.911658797582364,13.009466966385434,-0.17397238705364693,0.0659078226013989,-0.5777100982068714,0.10108439017879045,0.14232936550825656,0.011597437513233723,0.6719864953311845,0.05371617302005463
2026-06-14,22:18:55,salah,0.541,0.86548,0.0354,0.68628,-1.298,-3.687,-20.992,0.94336,-0.15503,-0.34155,-8.672,-1.55,-24.58,0.0,0.0,1.1051194635875345,1.0151939681656899,21.352818010745093,26.11096482323087,-0.07787999999999995,7.3740000000000006,0.19043,-2.1369999999999996,1.02783,3.5879999999999974,0.032038216590217244,-0.899723734288125,-0.15330958805873252,-1.1923536150689817,0.18534780464894976,0.2926298807808567,1.0541614713479925,0.05596813145133061,1.031641403050646,0.030590866570616427,18.419040985882916,13.202541771967546,19.62992290253008,13.503019135033743,-0.09448025136049933,0.12473376381303748,-0.7034080865834661,0.19195714912975229,0.15820235470379815,0.025909139312808915,0.5350340907378368,0.2149675840300065
2026-06-14,22:18:56,salah,0.6018,0.85522,0.00562,0.67651,1.031,-6.466,8.092,0.96851,-0.08032,-0.33423,1.885,-3.649,-2.824,0.0,0.0,1.0904579830970105,1.0277025909279396,10.409254584262987,4.984315599959537,-0.11329,-0.8540000000000001,0.08594,-2.817,1.01074,10.916,0.005153820653022904,-0.9015282605506435,-0.07823469017520357,-1.2297433686704657,0.08338851082822647,0.32821510811982224,1.063279210833705,0.06022008895111695,1.0185631074163515,0.008005564659615034,20.55666305746536,9.773681594606932,19.92197061427187,12.999543309906393,-0.020312573047464297,0.06871919821448431,-0.8318746423141462,0.11908425825934209,0.14141918112139287,0.05242208686555433,0.4102693195908677,0.17385264614932128
2026-06-14,22:18:57,salah,0.5256,0.8855,-0.08569,0.62793,0.473,11.26,-6.489,0.94897,-0.22803,-0.36304,-39.611,10.565,15.58,0.0,0.0,1.0889210765707493,1.0413163704657677,13.004554971239884,43.85643562808085,-0.06347000000000003,40.083999999999996,0.14234000000000002,0.6950000000000003,0.9909699999999999,-22.069,-0.07877401645214005,-0.9496128535294578,-0.22077147665456717,-1.1464733175300952,0.14199746020242712,0.1968604640006374,1.094832841085098,0.008941558717491003,1.028070976519799,0.01306509687832417,14.92220918874932,5.718255275064938,24.983905350423754,19.46055307954018,-0.013860659736299968,0.057801389224787524,-0.9169549494560755,0.028296962780618617,0.13691125855986777,0.051169585541283466,0.2725684843004388,0.06793640669389146
2026-06-14,22:18:57,benar,0.7484,0.27417,0.09058,1.22168,-17.458,40.702,-18.237,1.43262,0.06055,-0.08008,-5.573,71.053,-16.947,0.0,0.0,1.2553389772089452,1.436133410689968,47.89595741813707,73.25836434838004,-1.15845,-11.884999999999998,0.030029999999999994,-30.351,1.30176,-1.2899999999999991,0.07221856924960426,-0.2201778266807083,0.042174322393918696,-1.5008329685217559,0.030044246855685568,1.2806551418410477,1.144906012292235,0.09564084026000151,1.1683841240278918,0.23197757247062506,23.769922324546645,20.93401712590128,40.699705192140144,34.2463157640252,-0.00046720884983762756,0.0756530714097496,-0.6904396469202698,0.40796772752480537,0.08514340596211305,0.05599723419387302,0.6019102379871691,0.5914680836812986
2026-06-14,22:18:58,benar,0.8466,0.73413,0.00269,0.75586,10.611,-14.985,-0.42,0.87622,-0.1416,-0.01367,4.015,-25.527,-1.237,0.0,0.0,1.0536975052642006,0.8876930310079042,18.366271967930782,25.870410182291273,-0.14209000000000005,6.596000000000001,0.14429,10.542000000000002,0.7695299999999999,0.8170000000000002,0.0025529176124767113,-0.7708120410732096,-0.16019893874283903,-1.4098461171894359,0.16275185635531575,0.6390340761162263,1.1326525196812984,0.10769935069167869,1.1217142707212133,0.2829215072958664,26.422261452435915,18.789005192097815,47.66173671958405,23.92205650251623,-0.0013341765300196914,0.07557130645872892,-0.6468675737611252,0.3801848732280339,0.11159785447114283,0.0713857788795481,0.7055165606526371,0.5449473979123125
2026-06-14,22:18:58,benar,0.8102,0.77979,-0.00537,0.72363,-24.977,14.427,-8.069,1.01587,-0.2561,-0.11938,-37.267,28.55,26.053,0.0,0.0,1.063833472823637,1.054433806030516,29.95158792117707,53.690693774619824,-0.23608000000000007,12.290000000000003,0.25073,-14.123000000000001,0.84301,-34.122,-0.005047803944030315,-0.8227219046762755,-0.24533278916521264,-1.2995100220581401,0.24028498522118233,0.47678811738186466,1.1242899850989276,0.11360485557131826,1.126086749242796,0.2811535536316199,32.071272435748305,14.878520676734503,50.93982276843038,23.81344197047862,0.02324122763935022,0.042585534345015906,-0.6045705908100644,0.3339041873368427,0.14436036281072787,0.10632016409514132,0.7988257784463796,0.4250889193491068
2026-06-14,22:18:59,salah,0.6454,0.61963,-0.10669,0.86646,-15.42,-17.611,-23.16,0.97925,-0.2793,-0.11865,-47.122,-9.695,-0.847,0.0,0.0,1.0705498702068952,1.025191140714745,32.92885240939927,48.11645579217156,-0.35961999999999994,31.701999999999998,0.17260999999999999,-7.916,0.98511,-22.313,-0.09982477523837627,-0.6172514901496678,-0.27592493446732613,-1.2702933590878724,0.17610015922894987,0.6530418689382046,1.062693616098244,0.00848380846414252,0.9891059925843884,0.08903496476372437,27.082237432835708,7.693638050185928,42.559186583027554,14.71918732765404,-0.03410655385664329,0.05704039102450768,-0.7369284786330509,0.10684378626836982,0.19304566693514932,0.04145128697035132,0.5896213541454318,0.09796713251822407
2026-06-14,22:19:00,salah,0.6355,0.85718,0.06836,0.56323,-127.496,9.748,-72.153,0.9541,-0.22607,-0.3938,-88.458,35.534,27.45,0.0,0.0,1.0279390424047528,1.0566422738561996,146.8206692839942,99.20174101294795,-0.0969199999999999,-39.038,0.29442999999999997,-25.786,0.95703,-99.60300000000001,0.06655111329478301,-0.9861043404973481,-0.21561815571212337,-1.1265959897610893,0.28216926900690636,0.14049164926374125,1.0541074618117616,0.022909978811607362,1.0454224068671536,0.017555552686585096,69.90036987152351,66.6315643838287,67.00296352657978,28.023900263591603,-0.01277382196254119,0.0834565910345991,-0.8086925784410971,0.18482619619080473,0.23285147115234617,0.05342384168918157,0.4234405451946035,0.26040622979451056
2026-06-14,22:19:00,salah,0.5116,1.0752,-0.01196,0.70557,36.0,-20.137,40.634,0.88745,-0.19775,-0.37915,68.115,-30.214,-49.634,0.0,0.0,1.2860898516433443,0.9851026786584228,57.90181970370188,89.53252468795907,0.18774999999999997,-32.114999999999995,0.18579,10.076999999999998,1.08472,90.268,-0.00929963980914977,-0.9899935844510142,-0.2021137441921525,-1.1217708478779207,0.19281410438300273,0.13177726342690654,1.1281929214183306,0.13839256154995486,1.0223120310764557,0.03585659457474184,79.21711379903178,59.863117272047155,78.95024049769286,27.136970087588764,-0.014191100584247676,0.08329573135932779,-0.8644498050326767,0.21408885238466335,0.2170278442062863,0.05702975459744061,0.30843692720961746,0.2984684397519284
2026-06-14,22:19:01,salah,0.566,0.88281,0.01611,0.56006,79.198,-7.565,47.588,0.84521,-0.20288,-0.45483,46.511,-43.038,-27.237,0.0,0.0,1.0456004168897408,0.9810252633851995,92.70474730562614,68.97388443461772,0.03759999999999997,32.68699999999999,0.21899000000000002,35.473,1.01489,74.825,0.015408025073864384,-1.0052746104491574,-0.20830726234103933,-1.038330384678157,0.2237152874149037,0.033055774228999635,1.1198764369792793,0.14421565604292433,1.0075900719666073,0.04252934529816522,99.14241209777407,44.807623220303796,85.90271671184159,15.437372114049731,0.02421983285316588,0.03868552899810161,-0.9937908451325065,0.010133568178026854,0.23289955360160428,0.045380055313786895,0.10177489563988247,0.059671797071489716
2026-06-14,22:19:01,salah,0.5147,1.0022,-0.15747,0.63184,44.969,-35.344,-2.733,0.72656,-0.50342,-0.53564,-84.634,-0.321,54.679,0.0,0.0,1.1951666940222188,1.0335527754304568,57.26149304724773,100.7611534173761,0.27564,129.603,0.34595,-35.023,1.1674799999999999,-57.412,-0.13213989192689887,-0.9946055404004195,-0.5087400066841465,-0.779569484050585,0.37660011475724764,-0.21503605634983447,1.1756189875184346,0.1214305426126207,0.9998935724913597,0.029220930609737072,69.28935335219192,20.28085328709407,86.42252084665097,16.120226743606047,-0.04201050222072809,0.07902592829317436,-0.9966245784335305,0.007838037051669505,0.2643765021850513,0.09840896906409785,-0.016734339564642764,0.17868732822259362
2026-06-14,22:19:02,salah,0.6863,0.90112,0.00049,0.54541,1.076,-8.977,-9.618,0.82349,-0.21802,-0.46899,0.931,-3.313,5.908,0.0,0.0,1.0533231045600395,0.9724300080725605,13.200387456434754,6.837191967467347,0.07762999999999998,0.14500000000000002,0.21850999999999998,-5.664,1.0144,-15.526,0.0004651944071924792,-1.0265195094885027,-0.2261233188828721,-1.0100102515899059,0.22658851329006457,-0.016509257898596807,1.0980300718239997,0.08421135615386385,0.995669348962739,0.033088292554521476,54.388875936436214,39.82994797330803,58.85740993982038,47.77221918399751,-0.03875555748194734,0.0812175934565789,-1.00879988677936,0.01624641608607866,0.2756346384874053,0.08745046829794277,-0.06616318000647721,0.13128793960418003
2026-06-14,22:19:03,salah,0.6052,0.93091,-0.00903,0.51978,8.779,7.214,5.153,0.8186,-0.271,-0.54541,8.267,2.634,-9.397,0.0,0.0,1.0662299083218403,1.020303400023738,12.476619974977197,12.79002947611928,0.11231000000000002,0.5120000000000005,0.26197000000000004,4.58,1.0651899999999999,14.55,-0.008469193999776145,-1.0614955088515212,-0.26883376179375595,-0.9311557820708158,0.2603645677939798,-0.13033972678070538,1.1049065689680329,0.07843350066734474,1.0087620611755852,0.03215431618271165,27.646166826219893,25.650177781552085,40.12945828698758,52.59287888478237,-0.04671463050649418,0.07411519608427145,-1.0275401862468145,0.033456663097671174,0.2878510652804307,0.078692444375186,-0.12062834700971221,0.09961905238766793
2026-06-14,22:19:03,salah,0.5497,0.9353,-0.02759,0.50659,5.641,1.901,4.26,0.79248,-0.28271,-0.53442,9.55,-1.26,-6.794,0.0,0.0,1.0640398141986982,0.9967719051518257,7.319991939886273,11.787643360740093,0.14282000000000006,-3.9090000000000007,0.25512,3.161,1.04101,11.053999999999998,-0.025932387280770904,-1.0737786543900893,-0.28757283590449617,-0.9190842141735068,0.26164044862372526,-0.15469444021658252,1.0611976090268593,0.006906880157895402,0.9965017710827081,0.02393783915768593,10.998999790432741,3.2066000553687335,10.471621601442239,3.187162304356714,-0.011312128957784856,0.013426458547389775,-1.0539312242433712,0.02452081759305978,0.24953117656925658,0.019879167908383788,-0.1005144749652949,0.07376276423408508
2026-06-14,22:19:04,salah,0.5747,0.92261,0.02661,0.52734,6.237,2.931,19.115,0.82104,-0.24316,-0.521,27.153,-0.061,-27.939,0.0,0.0,1.063016829499891,1.0023345086347173,20.319304983192705,38.959939052827075,0.10157000000000005,-20.915999999999997,0.26977,2.992,1.04834,47.054,0.025035144424303362,-1.05099251373601,-0.24503848749483834,-0.9598887144668626,0.2700736319191417,-0.09110379926914747,1.0644288506734765,0.001641487408738168,1.0064699379367603,0.012298745641765932,13.371972299352057,6.545744933775055,21.179203963228815,15.406722549780968,-0.003122145618747895,0.025901071731083452,-1.0620888923258736,0.011404653849968294,0.2640262161122822,0.005275926120475744,-0.12537932208881178,0.03208421130489139
2026-06-14,22:19:04,salah,0.5663,0.94336,-0.07446,0.53369,5.321,5.252,-5.603,0.69873,-0.32104,-0.51196,-12.183,16.511,8.947,0.0,0.0,1.0864149286989755,0.9237929075826464,9.342919993235519,22.384981996865665,0.24463000000000001,17.503999999999998,0.24658,-11.259,1.04565,-14.549999999999999,-0.06859112100997071,-1.051812918738638,-0.35492898373156245,-0.85774718560288,0.28633786272159173,-0.19406573313575803,1.0711571907991881,0.013223484744478403,0.9742997737897299,0.04382856705303219,12.3274056387715,6.994705199347355,24.377521470144277,13.695293843469816,-0.02316278795547942,0.046874538985565255,-1.058861362288246,0.0129252647489666,0.2726839810881529,0.012553924002816469,-0.14662132420716267,0.051953550003481334
2026-06-14,22:19:05,salah,0.5484,0.82471,0.15967,0.52222,31.695,-12.794,16.611,0.84448,-0.09448,-0.47729,28.947,-15.611,-47.397,0.0,0.0,0.9891182039574442,0.9746171991607783,38.00243126432834,57.689754194310794,-0.019769999999999954,2.748000000000001,0.25415,2.817,0.99951,64.008,0.16213605295134514,-0.9859248631697125,-0.09709310316955413,-1.0480944894068889,0.25922915612089925,0.06216962623717637,1.04618332071877,0.05078571083257937,0.966914871792714,0.0398332795426047,22.55488541358552,14.459953716040745,39.67822508133451,17.663343004438186,0.0395266921218926,0.11604421966236601,-1.029576765214787,0.03780588155574026,0.27188021692054426,0.01364435067770089,-0.07433330205590971,0.12893826829467125
2026-06-14,22:19:06,salah,0.5161,0.92798,-0.02637,0.47778,26.069,5.985,14.748,0.80127,-0.31128,-0.55249,2.473,-9.58,12.542,0.0,0.0,1.0440861964895427,1.0218483504904239,30.54368167068273,15.974789294385076,0.12671,23.596,0.28491,15.565000000000001,1.03027,2.2059999999999995,-0.02525922132327337,-1.0947121189573041,-0.3095441229997149,-0.9013057039772895,0.28428490167644155,-0.19340641498001465,1.0398731097153207,0.04878499499316023,0.9734194857446162,0.04903869246860627,25.9630109760822,14.868718996058577,32.016508495187175,22.463510437293873,0.022761903539367023,0.12263065899622655,-1.0441499669552183,0.0547969650434674,0.2766173068396442,0.015093525145789119,-0.1084341739595321,0.14774759272582563
2026-06-14,22:19:06,salah,0.5498,0.95752,0.05322,0.4834,93.458,3.977,55.053,0.78931,-0.22461,-0.54004,69.58,-18.206,-56.115,0.0,0.0,1.0739424932462631,0.982396625503162,108.54053206982172,91.22350607710712,0.16821000000000008,23.878,0.27783,22.183,1.02344,111.168,0.04957603137248748,-1.1008516972502744,-0.2306750476745303,-0.9330733281901974,0.28025107904701774,-0.16777836906007704,1.0357156312310833,0.043027198205296845,0.9929540583847881,0.025323703437066653,59.0288816682776,43.040223982789875,54.962683188601,37.698408873110495,0.06215095433351975,0.09432838237095872,-1.0604962264590971,0.06465361376235589,0.27458837894811955,0.013453520938533763,-0.09967171926763845,0.14074325923654474
2026-06-14,22:19:07,salah,0.6148,0.96509,0.08276,0.55054,-45.084,-12.519,-43.244,0.8252,-0.00439,-0.42896,2.672,4.916,14.229,0.0,0.0,1.114155382924662,0.9300435439806031,63.71291825838775,15.28957425829771,0.13988999999999996,-47.756,0.08715,-17.435000000000002,0.9795,-57.473,0.07434896132363208,-1.0475623089082735,-0.004720226623434027,-1.0913929741460728,0.0790691879470661,0.04383066523779933,1.0773946908868226,0.03516192505156658,0.9780961733247296,0.04605324137648345,67.59904399963074,39.14337297683965,40.82928987659663,43.64401619648752,0.03288859045761539,0.0518584662882574,-1.081042041705284,0.029156354136333634,0.21453505622350846,0.11733421935722435,-0.10578470626743079,0.13020279846226282
2026-06-14,22:19:07,salah,0.6349,0.92114,0.01709,0.54565,-26.565,-0.336,-7.672,0.84473,-0.23877,-0.51318,-4.061,0.855,13.099,0.0,0.0,1.070759025271326,1.016825254505414,27.65269796963761,13.740689465962033,0.07640999999999998,-22.504,0.25586000000000003,-1.191,1.05883,-20.771,0.015961318330395283,-1.035795595196195,-0.23703246903590053,-0.9804579633861877,0.2529937873662958,-0.05533763181000728,1.0862856338140838,0.024188340242807006,0.976421807996393,0.043698285476462484,66.63538276594903,40.523030802905076,40.084589933788955,44.29437119160828,0.04662877034217161,0.029305186814999704,-1.061403200451581,0.03466629216765046,0.20410468478679322,0.1091381994991215,-0.059761778544095,0.10587386672292415
2026-06-14,22:19:08,salah,0.5978,0.89917,-0.03979,0.54248,8.756,4.099,8.046,0.83008,-0.2251,-0.51416,13.015,0.427,-34.252,0.0,0.0,1.0508922320580736,1.0020296013591614,12.578054420298871,36.64385430055086,0.06908999999999998,-4.259,0.18531,3.672,1.0566399999999998,42.298,-0.03787211677949988,-1.0267577551732174,-0.22657774659332436,-0.9762428214548483,0.1887056298138245,-0.050514933718369126,1.0786022134180204,0.0323526392218707,0.9829661332817262,0.046425512186270584,34.647890216108074,26.275332744967912,21.89137267493687,12.799474466185755,0.017479387624842496,0.05612593868653217,-1.0367052197592288,0.01043206243572976,0.17358953504239547,0.08794210488519703,-0.020673966763525693,0.05591466951025058
2026-06-14,22:19:09,salah,0.5891,0.91162,0.11328,0.57861,10.389,-3.863,1.74,0.83643,-0.1958,-0.52124,-2.908,-3.282,-1.023,0.0,0.0,1.0856670368487753,1.0048103913176853,11.219700976407527,4.502723287078609,0.07518999999999998,13.296999999999999,0.30908,-0.581,1.09985,2.763,0.10453164602917112,-0.9967057690329368,-0.19611739780928222,-0.9834708504426981,0.30064904383845337,-0.013234918590238731,1.0691060980593916,0.017446228484512563,1.0078884157274202,0.00786342887716585,17.150151122114668,9.120794852036934,18.2957556845305,16.547644753799702,0.02754028252668884,0.07190453549263318,-1.019753039800783,0.020464680682948565,0.2474494870061912,0.056177276862933306,-0.03969582803953838,0.023042339310143822
2026-06-14,22:19:09,salah,0.5424,0.96436,-0.01636,0.48413,-3.962,13.176,6.916,0.81592,-0.20874,-0.53223,-7.901,11.069,2.71,0.0,0.0,1.0791847460467554,0.9962763707425766,15.399203745648668,13.86696296959071,0.14844000000000002,3.9389999999999996,0.19238,2.1069999999999993,1.01636,4.206,-0.015160172281551308,-1.1053035239999736,-0.21108421740105401,-0.9596129716596016,0.1959240451195027,-0.14569055234037198,1.0719146716512016,0.018492221292898275,1.0010387878064744,0.00435243155215976,13.06565304745169,2.131988547207647,18.337846852406727,16.530416743885045,0.01716645232270664,0.07650794670650571,-1.0429223494020425,0.05607440303656432,0.22842623959059352,0.06265082976266016,-0.06981346821632661,0.06830409067811387
2026-06-14,22:19:10,salah,0.5192,0.91064,-0.0625,0.65112,-40.206,26.695,-4.924,0.90063,-0.07153,-0.44897,13.847,27.389,-42.313,0.0,0.0,1.1212175141336314,1.0088731331044554,48.511763903201874,52.27127986762903,0.010009999999999963,-54.053000000000004,0.009029999999999996,-0.6939999999999991,1.10009,37.389,-0.055771883680925165,-0.9478937397946664,-0.07096042406859107,-1.1033210876365953,0.015188540387665907,0.1554273478419289,1.095356432343054,0.022629663873877708,1.0033199650549058,0.00642927937905941,25.043556208419357,20.431217294953587,23.54698870809945,25.312762061279596,0.01119986335556488,0.08333933056169492,-1.016634344275859,0.0805749410443467,0.170587209781874,0.1444070329876244,-0.0011660410295606012,0.1509213066691728
2026-06-14,22:19:11,salah,0.6007,0.93457,-0.02173,0.58032,70.481,-36.656,0.282,1.0376,-0.12524,-0.41968,-17.573,-28.275,-21.763,0.0,0.0,1.1003020404416235,1.1262460299597066,79.44377395995232,39.77328403589525,-0.10303000000000007,88.054,0.10350999999999999,-8.381,1.0,22.045,-0.019750406688658115,-1.0148016222339171,-0.11143174528383257,-1.1713866228227634,0.09168133859517445,0.15658500058884628,1.1002347668740036,0.02101646479693831,1.043798511268913,0.07167889933029108,47.784913869600956,32.02847134523012,35.30384229103833,19.58838485516966,-0.030227487550378195,0.022240833914981113,-1.0226662953428522,0.07899904969822828,0.10093130803411436,0.09072211482672758,0.05544059869680107,0.1741856480256746
2026-06-14,22:19:11,salah,0.5256,0.90039,0.0498,0.49927,136.435,32.985,79.702,0.88477,-0.1543,-0.47681,72.389,3.374,-10.427,0.0,0.0,1.0307534744059803,1.0168452286360987,161.41539038765788,73.21388888728694,0.015620000000000078,64.046,0.2041,29.611,0.9760800000000001,90.12899999999999,0.04833298739142679,-1.0623995420126195,-0.1523323055074845,-1.055431047250749,0.20066529289891127,-0.006968494761870447,1.0840910096604117,0.04736067736216991,1.0506547972334201,0.06558516925038087,96.45697608360403,58.34290019540132,55.086150930270406,16.897074821731785,-0.00906310099271883,0.05286889371385217,-1.0083649680137343,0.05752362622050958,0.10251172396058388,0.09321147657827279,0.10168128455630158,0.09409524934547026
2026-06-14,22:19:12,salah,0.6454,0.96802,0.06372,0.49902,48.595,-5.878,23.298,0.8772,-0.09937,-0.53442,9.382,-15.397,-42.695,0.0,0.0,1.090937174726391,1.0319684943349772,54.210900315342485,46.34600908384669,0.09082000000000001,39.213,0.16309,9.519,1.0334400000000001,65.993,0.05844175800415147,-1.09151990379763,-0.09644112782575724,-1.0160345566774382,0.15488288582990872,-0.07548534712019173,1.0739975631913314,0.03774206656534048,1.0583532509769276,0.059281113095598054,98.35668822098422,56.04885741297632,53.111060669009625,17.717024451616222,0.029008112902306715,0.04252754090412526,-1.0562403560147222,0.03872822434142569,0.14907650577466483,0.054723496881405514,0.0247103862355947,0.11923432893838552
2026-06-14,22:19:12,salah,0.6831,0.92407,0.1106,0.53882,-16.198,12.008,6.489,0.8479,-0.146,-0.46899,-2.58,12.672,5.695,0.0,0.0,1.0753904952620699,0.9798989897433307,21.181935440369937,14.13042847899525,0.07616999999999996,-13.618,0.2566,-0.6640000000000015,1.00781,0.7939999999999996,0.10302853762028918,-1.033875764973385,-0.14955179854996334,-1.0457351321083062,0.25258033617025255,0.011859367134921195,1.0656937147981471,0.031241640635350613,1.0095709042381356,0.026786100382287393,78.93607538112343,73.3134106636596,44.56344215004296,29.582038166929287,0.0699344276719558,0.02910260977609147,-1.0625984035945448,0.028822583934196157,0.2027095049663575,0.048880794316208766,-0.023531491582380326,0.04596764541320337
2026-06-14,22:19:13,salah,0.5642,0.85986,-0.06812,0.60205,-7.603,3.45,-0.45,0.90112,-0.2207,-0.38867,-5.504,0.687,-1.359,0.0,0.0,1.0518858096295434,1.0058777824865206,8.361256424724695,5.710767549112815,-0.041260000000000074,-2.099,0.15258,2.763,0.99072,0.909,-0.06480523216811246,-0.9569632284057721,-0.22121005586283696,-1.1103502254387942,0.1564048236947245,0.15338699703302217,1.0727378265393348,0.01966036030942103,1.0059150888549429,0.02603477234255595,27.918030726812372,23.655415785928184,22.062401703984918,21.44744420852995,0.03222168781877607,0.08693481828784748,-1.0274529657255957,0.06750788091593818,0.1879560152316286,0.05597147681006633,0.029920339015917213,0.11550015804539573
2026-06-14,22:19:14,salah,0.5788,0.92554,-0.1145,0.57104,30.527,5.252,20.046,0.88916,-0.30078,-0.43994,33.198,2.298,-19.565,0.0,0.0,1.0935361096918566,1.0366394347119927,36.896115635660074,38.60281379640609,0.03638000000000008,-2.6709999999999994,0.18628,2.9539999999999997,1.01098,39.611000000000004,-0.1048984627045037,-1.0091388404445616,-0.29438263718445307,-1.0308439050741431,0.18948417447994936,0.02170506462958155,1.0736041381944899,0.020882532832485836,1.0074720689806147,0.02840379967327224,22.146435833584903,14.291859336816877,19.481336608171386,17.086422678216827,-0.022225052417442326,0.11030962399861646,-0.999992611274573,0.03926352889563751,0.19948977811497548,0.048862218308817595,0.062317142932508306,0.07902229548808204
2026-06-14,22:19:14,salah,0.5674,0.85718,-0.03369,0.66699,45.366,8.244,32.336,0.87524,-0.20581,-0.40576,12.13,3.076,-10.328,0.0,0.0,1.0866315974607033,0.9864299221434841,56.31744301723934,16.225481811027986,-0.018059999999999965,33.236,0.17212,5.167999999999999,1.07275,42.664,-0.031009037299404008,-0.9089215851196473,-0.21018545622852985,-1.0914150458849308,0.17917641892912584,0.1824934607652835,1.077351172260701,0.02232222194898627,1.0096490464473324,0.025316311184459657,33.85827169254137,24.121988516519064,20.179687718848964,16.798764384757725,-0.06690424405734006,0.036989406386927694,-0.9583412179899936,0.05012283618955968,0.17502180570126658,0.016926502013050907,0.11919517414262908,0.08567401967573869
2026-06-14,22:19:15,salah,0.5789,0.84595,0.06079,0.49438,-23.786,115.977,-32.351,1.09399,-0.13892,-0.24976,-24.305,58.687,15.87,0.0,0.0,0.9817017933160762,1.1307046228348057,122.73151806280244,65.47330672877305,-0.24804000000000004,0.5189999999999984,0.19971,57.290000000000006,0.74414,-48.221,0.061962723397874335,-1.0386457574881756,-0.12317265773409969,-1.3152661714884353,0.18513538113197403,0.2766204140002597,1.0539565001562121,0.06266957050836555,1.051257993230094,0.07323983891812556,71.98169223856728,45.0106165832937,40.10053411206904,24.65805019441278,-0.024648258868677792,0.08361225079829333,-0.9855687276841282,0.06799818295976422,0.18459865818034973,0.0051747956258178475,0.16027297979837493,0.1289021767348957
2026-06-14,22:19:15,salah,0.7742,0.1543,-0.14404,0.97876,-33.786,-143.84,-35.122,0.99121,-0.13062,0.50781,-64.603,-56.893,10.183,0.0,0.0,1.0012627772967495,1.121351793417213,151.8716375101026,86.68364636423642,-0.83691,30.816999999999993,-0.013419999999999987,-86.947,0.47095,-45.305,-0.14435921425838497,-0.15472197259760245,-0.11674945165504019,-1.0842266153962326,-0.027609762603344773,0.9295046427986301,1.0231987226911763,0.05579834428294356,1.0794954461318342,0.0807326617358073,110.3068661967148,48.97376850713136,56.127478301345825,36.14687565748844,-0.03780184271997155,0.10332856402597303,-0.7007631050684751,0.47731308277348705,0.11223401248591836,0.12114490654190153,0.4628728391880578,0.40684628662059413
2026-06-14,22:19:16,salah,0.5876,0.97388,-0.15332,0.41382,-11.198,9.321,-10.992,0.85132,-0.44653,-0.62866,-7.939,-11.611,2.435,0.0,0.0,1.0692035677082263,1.1486288255568027,18.251035833617774,14.274882381301781,0.12256,-3.2590000000000003,0.29320999999999997,20.932000000000002,1.04248,-13.427000000000001,-0.14389249003483334,-1.1453296020116783,-0.39927500276798294,-0.8347995612561714,0.2553825127331496,-0.31053004075550694,1.0173893794403506,0.04592592517268629,1.1335617472696071,0.013861150407271627,97.61806380217426,70.26115916188654,55.47727849143709,37.224960856598585,-0.07542966029844798,0.118985523410175,-0.7795657773658188,0.5437533410826036,0.13763604375392627,0.14735432556781888,0.29853167201446096,0.6203076507065874
2026-06-14,22:19:16,salah,0.6262,0.92163,-0.09814,0.47852,9.435,5.542,-7.702,0.77466,-0.31519,-0.52539,3.237,-4.115,-15.122,0.0,0.0,1.0430794346069718,0.9876626467574847,13.381098348043034,16.002695960368676,0.14696999999999993,6.198,0.21705000000000002,9.657,1.00391,7.42,-0.09422616439823056,-1.083423987395234,-0.3248083729708171,-0.9016260422228636,0.23058220857258654,-0.18179794517237047,1.0378485932039825,0.034271110673152624,1.0858810885771668,0.08614613082257819,61.16792389725447,78.5894510742347,38.98707490196896,41.31547569473686,-0.1274926228971496,0.028810543272740297,-0.7944918540015049,0.5549208971952061,0.15278498623413048,0.15671778082820065,0.1457255522902509,0.6818175966832427
2026-06-14,22:19:18,salah,0.5597,0.96973,-0.03369,0.45776,-13.725,-1.137,-5.069,0.76807,-0.29932,-0.54419,-5.504,1.626,6.779,0.0,0.0,1.0728725490942528,0.9877584438515319,14.67525655653079,8.882158127392238,0.20165999999999995,-8.221,0.26563,-2.763,1.00195,-11.847999999999999,-0.031406842511701547,-1.1287150006722513,-0.3078700813609856,-0.8908220573104816,0.27646323884928403,-0.2378929433617697,1.0617185171364836,0.016245827287621157,1.041349972055273,0.09290622476843399,15.435796912730533,2.5224767597359206,13.053245489687564,3.7141368147830565,-0.08984183231492182,0.05637084353224732,-1.1191561966930546,0.03204066682193834,0.2541426533850067,0.022965630259481024,-0.24340697642988238,0.0645429432921495
2026-06-14,22:19:19,salah,0.5336,0.95874,-0.07837,0.44409,-2.382,0.26,2.885,0.76782,-0.30908,-0.57471,-1.244,0.58,0.534,0.0,0.0,1.0594999634733357,1.0076554882002082,3.7502998546782895,1.4727837587371746,0.1909200000000001,-1.1380000000000001,0.23071000000000003,-0.31999999999999995,1.0188000000000001,2.351,-0.07403647442776615,-1.1311413488576598,-0.3117574235109545,-0.8663753024929993,0.23772094908318833,-0.2647660463646605,1.0584839823915202,0.014922519253866444,0.994358859603075,0.011515317768450174,10.602218253084038,5.969112217989997,8.78587928216603,7.265434560906083,-0.06655649377923274,0.0320706935292591,-1.1144267789750484,0.026876599593052455,0.2482554655016863,0.02468803884356775,-0.22815231163293356,0.04233304127653867
2026-06-14,22:19:21,salah,0.547,0.95874,-0.07837,0.44409,-2.382,0.26,2.885,0.76782,-0.30908,-0.57471,-1.244,0.58,0.534,0.0,0.0,1.0594999634733357,1.0076554882002082,3.7502998546782895,1.4727837587371746,0.1909200000000001,-1.1380000000000001,0.23071000000000003,-0.31999999999999995,1.0188000000000001,2.351,-0.07403647442776615,-1.1311413488576598,-0.3117574235109545,-0.8663753024929993,0.23772094908318833,-0.2647660463646605,1.0639574920136414,0.007720665907997767,1.0010231400839829,0.01148756391078619,7.391952088629123,6.307526692699548,3.9425752149555287,4.277804286269714,-0.059826597122411285,0.02461222946219456,-1.1303325661291903,0.0014008527779934474,0.2506350456718869,0.022367871425477824,-0.2558083453636969,0.01551519325267955
2026-06-14,22:19:22,salah,0.5785,0.95874,-0.07837,0.44409,-2.382,0.26,2.885,0.76782,-0.30908,-0.57471,-1.244,0.58,0.534,0.0,0.0,1.0594999634733357,1.0076554882002082,3.7502998546782895,1.4727837587371746,0.1909200000000001,-1.1380000000000001,0.23071000000000003,-0.31999999999999995,1.0188000000000001,2.351,-0.07403647442776615,-1.1311413488576598,-0.3117574235109545,-0.8663753024929993,0.23772094908318833,-0.2647660463646605,1.0594999634733357,0.0,1.0076554882002082,0.0,3.7502998546782895,0.0,1.4727837587371746,0.0,-0.07403647442776615,0.0,-1.1311413488576598,0.0,0.23772094908318833,0.0,-0.2647660463646605,0.0
2026-06-14,22:19:24,salah,0.5785,0.95874,-0.07837,0.44409,-2.382,0.26,2.885,0.76782,-0.30908,-0.57471,-1.244,0.58,0.534,0.0,0.0,1.0594999634733357,1.0076554882002082,3.7502998546782895,1.4727837587371746,0.1909200000000001,-1.1380000000000001,0.23071000000000003,-0.31999999999999995,1.0188000000000001,2.351,-0.07403647442776615,-1.1311413488576598,-0.3117574235109545,-0.8663753024929993,0.23772094908318833,-0.2647660463646605,1.0594999634733357,0.0,1.0076554882002082,0.0,3.7502998546782895,0.0,1.4727837587371746,0.0,-0.07403647442776615,0.0,-1.1311413488576598,0.0,0.23772094908318833,0.0,-0.2647660463646605,0.0
2026-06-14,22:19:25,salah,0.5785,0.95874,-0.07837,0.44409,-2.382,0.26,2.885,0.76782,-0.30908,-0.57471,-1.244,0.58,0.534,0.0,0.0,1.0594999634733357,1.0076554882002082,3.7502998546782895,1.4727837587371746,0.1909200000000001,-1.1380000000000001,0.23071000000000003,-0.31999999999999995,1.0188000000000001,2.351,-0.07403647442776615,-1.1311413488576598,-0.3117574235109545,-0.8663753024929993,0.23772094908318833,-0.2647660463646605,1.0594999634733357,0.0,1.0076554882002082,0.0,3.7502998546782895,0.0,1.4727837587371746,0.0,-0.07403647442776615,0.0,-1.1311413488576598,0.0,0.23772094908318833,0.0,-0.2647660463646605,0.0
2026-06-14,22:19:27,salah,0.5785,0.95874,-0.07837,0.44409,-2.382,0.26,2.885,0.76782,-0.30908,-0.57471,-1.244,0.58,0.534,0.0,0.0,1.0594999634733357,1.0076554882002082,3.7502998546782895,1.4727837587371746,0.1909200000000001,-1.1380000000000001,0.23071000000000003,-0.31999999999999995,1.0188000000000001,2.351,-0.07403647442776615,-1.1311413488576598,-0.3117574235109545,-0.8663753024929993,0.23772094908318833,-0.2647660463646605,1.0594999634733357,0.0,1.0076554882002082,0.0,3.7502998546782895,0.0,1.4727837587371746,0.0,-0.07403647442776615,0.0,-1.1311413488576598,0.0,0.23772094908318833,0.0,-0.2647660463646605,0.0
2026-06-14,22:19:28,salah,0.5785,0.95874,-0.07837,0.44409,-2.382,0.26,2.885,0.76782,-0.30908,-0.57471,-1.244,0.58,0.534,0.0,0.0,1.0594999634733357,1.0076554882002082,3.7502998546782895,1.4727837587371746,0.1909200000000001,-1.1380000000000001,0.23071000000000003,-0.31999999999999995,1.0188000000000001,2.351,-0.07403647442776615,-1.1311413488576598,-0.3117574235109545,-0.8663753024929993,0.23772094908318833,-0.2647660463646605,1.0594999634733357,0.0,1.0076554882002082,0.0,3.7502998546782895,0.0,1.4727837587371746,0.0,-0.07403647442776615,0.0,-1.1311413488576598,0.0,0.23772094908318833,0.0,-0.2647660463646605,0.0
2026-06-14,22:19:30,salah,0.5785,0.95874,-0.07837,0.44409,-2.382,0.26,2.885,0.76782,-0.30908,-0.57471,-1.244,0.58,0.534,0.0,0.0,1.0594999634733357,1.0076554882002082,3.7502998546782895,1.4727837587371746,0.1909200000000001,-1.1380000000000001,0.23071000000000003,-0.31999999999999995,1.0188000000000001,2.351,-0.07403647442776615,-1.1311413488576598,-0.3117574235109545,-0.8663753024929993,0.23772094908318833,-0.2647660463646605,1.0594999634733357,0.0,1.0076554882002082,0.0,3.7502998546782895,0.0,1.4727837587371746,0.0,-0.07403647442776615,0.0,-1.1311413488576598,0.0,0.23772094908318833,0.0,-0.2647660463646605,0.0
2026-06-14,22:19:31,salah,0.5785,0.95874,-0.07837,0.44409,-2.382,0.26,2.885,0.76782,-0.30908,-0.57471,-1.244,0.58,0.534,0.0,0.0,1.0594999634733357,1.0076554882002082,3.7502998546782895,1.4727837587371746,0.1909200000000001,-1.1380000000000001,0.23071000000000003,-0.31999999999999995,1.0188000000000001,2.351,-0.07403647442776615,-1.1311413488576598,-0.3117574235109545,-0.8663753024929993,0.23772094908318833,-0.2647660463646605,1.0594999634733357,0.0,1.0076554882002082,0.0,3.7502998546782895,0.0,1.4727837587371746,0.0,-0.07403647442776615,0.0,-1.1311413488576598,0.0,0.23772094908318833,0.0,-0.2647660463646605,0.0
2026-06-14,22:19:33,salah,0.5785,0.95874,-0.07837,0.44409,-2.382,0.26,2.885,0.76782,-0.30908,-0.57471,-1.244,0.58,0.534,0.0,0.0,1.0594999634733357,1.0076554882002082,3.7502998546782895,1.4727837587371746,0.1909200000000001,-1.1380000000000001,0.23071000000000003,-0.31999999999999995,1.0188000000000001,2.351,-0.07403647442776615,-1.1311413488576598,-0.3117574235109545,-0.8663753024929993,0.23772094908318833,-0.2647660463646605,1.0594999634733357,0.0,1.0076554882002082,0.0,3.7502998546782895,0.0,1.4727837587371746,0.0,-0.07403647442776615,0.0,-1.1311413488576598,0.0,0.23772094908318833,0.0,-0.2647660463646605,0.0
2026-06-14,22:19:34,salah,0.5785,0.95874,-0.07837,0.44409,-2.382,0.26,2.885,0.76782,-0.30908,-0.57471,-1.244,0.58,0.534,0.0,0.0,1.0594999634733357,1.0076554882002082,3.7502998546782895,1.4727837587371746,0.1909200000000001,-1.1380000000000001,0.23071000000000003,-0.31999999999999995,1.0188000000000001,2.351,-0.07403647442776615,-1.1311413488576598,-0.3117574235109545,-0.8663753024929993,0.23772094908318833,-0.2647660463646605,1.0594999634733357,0.0,1.0076554882002082,0.0,3.7502998546782895,0.0,1.4727837587371746,0.0,-0.07403647442776615,0.0,-1.1311413488576598,0.0,0.23772094908318833,0.0,-0.2647660463646605,0.0
2026-06-14,22:19:36,salah,0.5785,0.95874,-0.07837,0.44409,-2.382,0.26,2.885,0.76782,-0.30908,-0.57471,-1.244,0.58,0.534,0.0,0.0,1.0594999634733357,1.0076554882002082,3.7502998546782895,1.4727837587371746,0.1909200000000001,-1.1380000000000001,0.23071000000000003,-0.31999999999999995,1.0188000000000001,2.351,-0.07403647442776615,-1.1311413488576598,-0.3117574235109545,-0.8663753024929993,0.23772094908318833,-0.2647660463646605,1.0594999634733357,0.0,1.0076554882002082,0.0,3.7502998546782895,0.0,1.4727837587371746,0.0,-0.07403647442776615,0.0,-1.1311413488576598,0.0,0.23772094908318833,0.0,-0.2647660463646605,0.0
2026-06-14,22:19:37,salah,0.5785,0.95874,-0.07837,0.44409,-2.382,0.26,2.885,0.76782,-0.30908,-0.57471,-1.244,0.58,0.534,0.0,0.0,1.0594999634733357,1.0076554882002082,3.7502998546782895,1.4727837587371746,0.1909200000000001,-1.1380000000000001,0.23071000000000003,-0.31999999999999995,1.0188000000000001,2.351,-0.07403647442776615,-1.1311413488576598,-0.3117574235109545,-0.8663753024929993,0.23772094908318833,-0.2647660463646605,1.0594999634733357,0.0,1.0076554882002082,0.0,3.7502998546782895,0.0,1.4727837587371746,0.0,-0.07403647442776615,0.0,-1.1311413488576598,0.0,0.23772094908318833,0.0,-0.2647660463646605,0.0
2026-06-14,22:19:39,salah,0.5785,0.95874,-0.07837,0.44409,-2.382,0.26,2.885,0.76782,-0.30908,-0.57471,-1.244,0.58,0.534,0.0,0.0,1.0594999634733357,1.0076554882002082,3.7502998546782895,1.4727837587371746,0.1909200000000001,-1.1380000000000001,0.23071000000000003,-0.31999999999999995,1.0188000000000001,2.351,-0.07403647442776615,-1.1311413488576598,-0.3117574235109545,-0.8663753024929993,0.23772094908318833,-0.2647660463646605,1.0594999634733357,0.0,1.0076554882002082,0.0,3.7502998546782895,0.0,1.4727837587371746,0.0,-0.07403647442776615,0.0,-1.1311413488576598,0.0,0.23772094908318833,0.0,-0.2647660463646605,0.0
2026-06-14,22:19:40,salah,0.5785,0.95874,-0.07837,0.44409,-2.382,0.26,2.885,0.76782,-0.30908,-0.57471,-1.244,0.58,0.534,0.0,0.0,1.0594999634733357,1.0076554882002082,3.7502998546782895,1.4727837587371746,0.1909200000000001,-1.1380000000000001,0.23071000000000003,-0.31999999999999995,1.0188000000000001,2.351,-0.07403647442776615,-1.1311413488576598,-0.3117574235109545,-0.8663753024929993,0.23772094908318833,-0.2647660463646605,1.0594999634733357,0.0,1.0076554882002082,0.0,3.7502998546782895,0.0,1.4727837587371746,0.0,-0.07403647442776615,0.0,-1.1311413488576598,0.0,0.23772094908318833,0.0,-0.2647660463646605,0.0
2026-06-14,22:19:42,salah,0.5785,0.95874,-0.07837,0.44409,-2.382,0.26,2.885,0.76782,-0.30908,-0.57471,-1.244,0.58,0.534,0.0,0.0,1.0594999634733357,1.0076554882002082,3.7502998546782895,1.4727837587371746,0.1909200000000001,-1.1380000000000001,0.23071000000000003,-0.31999999999999995,1.0188000000000001,2.351,-0.07403647442776615,-1.1311413488576598,-0.3117574235109545,-0.8663753024929993,0.23772094908318833,-0.2647660463646605,1.0594999634733357,0.0,1.0076554882002082,0.0,3.7502998546782895,0.0,1.4727837587371746,0.0,-0.07403647442776615,0.0,-1.1311413488576598,0.0,0.23772094908318833,0.0,-0.2647660463646605,0.0
2026-06-14,22:19:43,salah,0.5785,0.95874,-0.07837,0.44409,-2.382,0.26,2.885,0.76782,-0.30908,-0.57471,-1.244,0.58,0.534,0.0,0.0,1.0594999634733357,1.0076554882002082,3.7502998546782895,1.4727837587371746,0.1909200000000001,-1.1380000000000001,0.23071000000000003,-0.31999999999999995,1.0188000000000001,2.351,-0.07403647442776615,-1.1311413488576598,-0.3117574235109545,-0.8663753024929993,0.23772094908318833,-0.2647660463646605,1.0594999634733357,0.0,1.0076554882002082,0.0,3.7502998546782895,0.0,1.4727837587371746,0.0,-0.07403647442776615,0.0,-1.1311413488576598,0.0,0.23772094908318833,0.0,-0.2647660463646605,0.0
2026-06-14,22:19:45,salah,0.5785,0.95874,-0.07837,0.44409,-2.382,0.26,2.885,0.76782,-0.30908,-0.57471,-1.244,0.58,0.534,0.0,0.0,1.0594999634733357,1.0076554882002082,3.7502998546782895,1.4727837587371746,0.1909200000000001,-1.1380000000000001,0.23071000000000003,-0.31999999999999995,1.0188000000000001,2.351,-0.07403647442776615,-1.1311413488576598,-0.3117574235109545,-0.8663753024929993,0.23772094908318833,-0.2647660463646605,1.0594999634733357,0.0,1.0076554882002082,0.0,3.7502998546782895,0.0,1.4727837587371746,0.0,-0.07403647442776615,0.0,-1.1311413488576598,0.0,0.23772094908318833,0.0,-0.2647660463646605,0.0
2026-06-14,22:19:46,salah,0.5785,0.95874,-0.07837,0.44409,-2.382,0.26,2.885,0.76782,-0.30908,-0.57471,-1.244,0.58,0.534,0.0,0.0,1.0594999634733357,1.0076554882002082,3.7502998546782895,1.4727837587371746,0.1909200000000001,-1.1380000000000001,0.23071000000000003,-0.31999999999999995,1.0188000000000001,2.351,-0.07403647442776615,-1.1311413488576598,-0.3117574235109545,-0.8663753024929993,0.23772094908318833,-0.2647660463646605,1.0594999634733357,0.0,1.0076554882002082,0.0,3.7502998546782895,0.0,1.4727837587371746,0.0,-0.07403647442776615,0.0,-1.1311413488576598,0.0,0.23772094908318833,0.0,-0.2647660463646605,0.0
2026-06-14,22:19:48,salah,0.5785,0.95874,-0.07837,0.44409,-2.382,0.26,2.885,0.76782,-0.30908,-0.57471,-1.244,0.58,0.534,0.0,0.0,1.0594999634733357,1.0076554882002082,3.7502998546782895,1.4727837587371746,0.1909200000000001,-1.1380000000000001,0.23071000000000003,-0.31999999999999995,1.0188000000000001,2.351,-0.07403647442776615,-1.1311413488576598,-0.3117574235109545,-0.8663753024929993,0.23772094908318833,-0.2647660463646605,1.0594999634733357,0.0,1.0076554882002082,0.0,3.7502998546782895,0.0,1.4727837587371746,0.0,-0.07403647442776615,0.0,-1.1311413488576598,0.0,0.23772094908318833,0.0,-0.2647660463646605,0.0
2026-06-14,22:19:49,salah,0.5785,0.95874,-0.07837,0.44409,-2.382,0.26,2.885,0.76782,-0.30908,-0.57471,-1.244,0.58,0.534,0.0,0.0,1.0594999634733357,1.0076554882002082,3.7502998546782895,1.4727837587371746,0.1909200000000001,-1.1380000000000001,0.23071000000000003,-0.31999999999999995,1.0188000000000001,2.351,-0.07403647442776615,-1.1311413488576598,-0.3117574235109545,-0.8663753024929993,0.23772094908318833,-0.2647660463646605,1.0594999634733357,0.0,1.0076554882002082,0.0,3.7502998546782895,0.0,1.4727837587371746,0.0,-0.07403647442776615,0.0,-1.1311413488576598,0.0,0.23772094908318833,0.0,-0.2647660463646605,0.0
2026-06-14,22:19:51,salah,0.5785,0.95874,-0.07837,0.44409,-2.382,0.26,2.885,0.76782,-0.30908,-0.57471,-1.244,0.58,0.534,0.0,0.0,1.0594999634733357,1.0076554882002082,3.7502998546782895,1.4727837587371746,0.1909200000000001,-1.1380000000000001,0.23071000000000003,-0.31999999999999995,1.0188000000000001,2.351,-0.07403647442776615,-1.1311413488576598,-0.3117574235109545,-0.8663753024929993,0.23772094908318833,-0.2647660463646605,1.0594999634733357,0.0,1.0076554882002082,0.0,3.7502998546782895,0.0,1.4727837587371746,0.0,-0.07403647442776615,0.0,-1.1311413488576598,0.0,0.23772094908318833,0.0,-0.2647660463646605,0.0
2026-06-14,22:19:52,salah,0.5785,0.95874,-0.07837,0.44409,-2.382,0.26,2.885,0.76782,-0.30908,-0.57471,-1.244,0.58,0.534,0.0,0.0,1.0594999634733357,1.0076554882002082,3.7502998546782895,1.4727837587371746,0.1909200000000001,-1.1380000000000001,0.23071000000000003,-0.31999999999999995,1.0188000000000001,2.351,-0.07403647442776615,-1.1311413488576598,-0.3117574235109545,-0.8663753024929993,0.23772094908318833,-0.2647660463646605,1.0594999634733357,0.0,1.0076554882002082,0.0,3.7502998546782895,0.0,1.4727837587371746,0.0,-0.07403647442776615,0.0,-1.1311413488576598,0.0,0.23772094908318833,0.0,-0.2647660463646605,0.0
2026-06-14,22:19:54,salah,0.5785,0.95874,-0.07837,0.44409,-2.382,0.26,2.885,0.76782,-0.30908,-0.57471,-1.244,0.58,0.534,0.0,0.0,1.0594999634733357,1.0076554882002082,3.7502998546782895,1.4727837587371746,0.1909200000000001,-1.1380000000000001,0.23071000000000003,-0.31999999999999995,1.0188000000000001,2.351,-0.07403647442776615,-1.1311413488576598,-0.3117574235109545,-0.8663753024929993,0.23772094908318833,-0.2647660463646605,1.0594999634733357,0.0,1.0076554882002082,0.0,3.7502998546782895,0.0,1.4727837587371746,0.0,-0.07403647442776615,0.0,-1.1311413488576598,0.0,0.23772094908318833,0.0,-0.2647660463646605,0.0
2026-06-14,22:19:55,salah,0.5785,0.95874,-0.07837,0.44409,-2.382,0.26,2.885,0.76782,-0.30908,-0.57471,-1.244,0.58,0.534,0.0,0.0,1.0594999634733357,1.0076554882002082,3.7502998546782895,1.4727837587371746,0.1909200000000001,-1.1380000000000001,0.23071000000000003,-0.31999999999999995,1.0188000000000001,2.351,-0.07403647442776615,-1.1311413488576598,-0.3117574235109545,-0.8663753024929993,0.23772094908318833,-0.2647660463646605,1.0594999634733357,0.0,1.0076554882002082,0.0,3.7502998546782895,0.0,1.4727837587371746,0.0,-0.07403647442776615,0.0,-1.1311413488576598,0.0,0.23772094908318833,0.0,-0.2647660463646605,0.0
2026-06-14,22:19:57,salah,0.5831,0.95874,-0.07837,0.44409,-2.382,0.26,2.885,0.76782,-0.30908,-0.57471,-1.244,0.58,0.534,1012.18,8.928,1.0594999634733357,1.0076554882002082,3.7502998546782895,1.4727837587371746,0.1909200000000001,-1.1380000000000001,0.23071000000000003,-0.31999999999999995,1.0188000000000001,2.351,-0.07403647442776615,-1.1311413488576598,-0.3117574235109545,-0.8663753024929993,0.23772094908318833,-0.2647660463646605,1.0594999634733357,0.0,1.0076554882002082,0.0,3.7502998546782895,0.0,1.4727837587371746,0.0,-0.07403647442776615,0.0,-1.1311413488576598,0.0,0.23772094908318833,0.0,-0.2647660463646605,0.0
2026-06-14,22:19:58,salah,0.5831,0.95874,-0.07837,0.44409,-2.382,0.26,2.885,0.76782,-0.30908,-0.57471,-1.244,0.58,0.534,1012.2,8.774,1.0594999634733357,1.0076554882002082,3.7502998546782895,1.4727837587371746,0.1909200000000001,-1.1380000000000001,0.23071000000000003,-0.31999999999999995,1.0188000000000001,2.351,-0.07403647442776615,-1.1311413488576598,-0.3117574235109545,-0.8663753024929993,0.23772094908318833,-0.2647660463646605,1.0594999634733357,0.0,1.0076554882002082,0.0,3.7502998546782895,0.0,1.4727837587371746,0.0,-0.07403647442776615,0.0,-1.1311413488576598,0.0,0.23772094908318833,0.0,-0.2647660463646605,0.0
2026-06-14,22:20:00,salah,0.5831,0.95874,-0.07837,0.44409,-2.382,0.26,2.885,0.76782,-0.30908,-0.57471,-1.244,0.58,0.534,1012.17,9.029,1.0594999634733357,1.0076554882002082,3.7502998546782895,1.4727837587371746,0.1909200000000001,-1.1380000000000001,0.23071000000000003,-0.31999999999999995,1.0188000000000001,2.351,-0.07403647442776615,-1.1311413488576598,-0.3117574235109545,-0.8663753024929993,0.23772094908318833,-0.2647660463646605,1.0594999634733357,0.0,1.0076554882002082,0.0,3.7502998546782895,0.0,1.4727837587371746,0.0,-0.07403647442776615,0.0,-1.1311413488576598,0.0,0.23772094908318833,0.0,-0.2647660463646605,0.0
2026-06-14,22:20:01,salah,0.5686,0.95874,-0.07837,0.44409,-2.382,0.26,2.885,0.76782,-0.30908,-0.57471,-1.244,0.58,0.534,713.04,2867.328,1.0594999634733357,1.0076554882002082,3.7502998546782895,1.4727837587371746,0.1909200000000001,-1.1380000000000001,0.23071000000000003,-0.31999999999999995,1.0188000000000001,2.351,-0.07403647442776615,-1.1311413488576598,-0.3117574235109545,-0.8663753024929993,0.23772094908318833,-0.2647660463646605,1.0594999634733357,0.0,1.0076554882002082,0.0,3.7502998546782895,0.0,1.4727837587371746,0.0,-0.07403647442776615,0.0,-1.1311413488576598,0.0,0.23772094908318833,0.0,-0.2647660463646605,0.0
2026-06-14,22:20:01,salah,0.5645,0.91943,-0.09692,0.49023,-55.87,-1.328,-25.282,0.79663,-0.27734,-0.55933,-29.519,3.153,27.786,713.04,2867.328,1.0464561453782952,1.0121199935778364,61.33840565257626,40.66170884259539,0.12280000000000002,-26.351,0.18041999999999997,-4.481,1.04956,-53.068,-0.09275027991162547,-1.0729499442398454,-0.2775693993053477,-0.9060778462530555,0.1848191193937222,-0.1668720979867898,1.0551520241083223,0.007530851888432185,1.0091436566594176,0.002577583381572181,22.94633512064428,33.24850838453704,14.535758786689913,22.62573644641762,-0.08027440958905259,0.010804420633668477,-1.111744213985055,0.033596823120617646,0.2200870058533663,0.030542885611837014,-0.2321347302387036,0.05651909744799897
2026-06-14,22:20:02,salah,0.6488,0.93652,-0.03906,0.48364,24.71,8.824,6.26,0.82935,-0.22168,-0.6106,-23.229,2.992,7.412,713.04,2867.328,1.0547525982902342,1.0534684641222063,26.974704372800826,24.565753580950858,0.10716999999999999,47.939,0.18262,5.832,1.09424,-1.1520000000000001,-0.03704085046712583,-1.0927706598289835,-0.212013458247782,-0.9063472182893111,0.17497260778065618,-0.18642344153967239,1.0535695690472884,0.006601891112883836,1.0244146486334171,0.02526016820825189,30.68780329335179,28.973053170883112,22.233415394094475,19.698294681785637,-0.06794253493550582,0.028350259366704534,-1.0989539843088296,0.02958437119605302,0.19917089208585556,0.03374638674895083,-0.20602052863037423,0.05180579744664411
2026-06-14,22:20:03,salah,0.6398,0.92554,-0.04858,0.52319,1.427,-0.924,-0.282,0.84204,-0.1543,-0.50806,4.847,-1.374,-5.328,713.04,2867.328,1.0642894738274922,0.9954721569185147,1.72326115258251,7.33272589150856,0.08350000000000002,-3.4200000000000004,0.10572,0.45000000000000007,1.03125,5.046,-0.0456613416439329,-1.0544560888788108,-0.15562929943777085,-1.0081940794413982,0.10996795779383794,-0.046262009437412654,1.0551660724986738,0.00892385127537541,1.0203535382061857,0.029861954979145476,30.01212372598653,29.923415591875777,24.186729438351602,16.667723918218826,-0.05848415734089474,0.02998672346316965,-1.0733922309825465,0.019161114266817325,0.1565865616560721,0.04067196967549636,-0.13318584965462496,0.07591033695921329
2026-06-14,22:20:03,salah,0.576,0.92529,-0.04077,0.53564,3.046,4.855,1.427,0.8418,-0.16602,-0.51855,0.336,5.321,-0.176,713.04,2867.328,1.0699224208324638,1.0025387687765497,5.90639229987308,5.334502132345623,0.08348999999999995,2.71,0.12525,-0.4659999999999993,1.05419,1.603,-0.03811479429986279,-1.044791179605536,-0.16636595537437018,-0.9966721358427647,0.1282511610745074,-0.04811904376277132,1.06298816431673,0.007668176694807226,1.0171597966057568,0.03164211992586912,11.534785941752139,13.533955719483341,12.410993868268347,10.573639974138905,-0.040272328803640504,0.004697811552584423,-1.0640059761044434,0.025375340197616482,0.13773057554966717,0.033523060780171726,-0.09360149824661879,0.08039152325740279
2026-06-14,22:20:04,salah,0.5029,0.91455,-0.04858,0.53906,4.344,3.496,3.679,0.85767,-0.15967,-0.50439,1.718,1.603,-1.908,713.04,2867.328,1.0627075808989037,1.0077209980445976,6.680373717090983,3.026813010412107,0.05687999999999993,2.6260000000000003,0.11109000000000001,1.893,1.04345,5.587,-0.045729358197826635,-1.0364168033888612,-0.15911721346421834,-1.018074436347235,0.1133878552663917,-0.018342367041626284,1.0656398251862866,0.003792237520366031,1.001910641246554,0.006148531156175338,4.770009056515524,2.66678953071663,5.231347011422097,2.154809079507428,-0.04316849804720744,0.004376767955620327,-1.0452213572910694,0.00902733320963753,0.11720232471157903,0.009720160153607106,-0.03757447341393675,0.016681354284298646
2026-06-14,22:20:04,salah,0.5205,0.91797,-0.05762,0.53516,0.26,1.649,-0.183,0.85522,-0.16553,-0.51099,-0.198,1.198,0.0,713.04,2867.328,1.0641358986990337,1.0099070300775215,1.6793719063983414,1.2142520331463316,0.06274999999999997,0.458,0.10791,0.45100000000000007,1.04615,-0.183,-0.05417371357158618,-1.0404730107984752,-0.1646490895934688,-1.0099973309610026,0.11047537602188262,-0.03047567983747257,1.0655886334768006,0.003820511427495495,1.0067222656328896,0.003784298940688516,4.755379307787468,2.691863287501833,3.191855725301354,2.065077369807595,-0.0460059553564252,0.008033031901781595,-1.0405603312642908,0.004187870927143574,0.11737146412092725,0.009533964977318204,-0.03231236354729006,0.01497306496433936
2026-06-14,22:20:05,salah,0.5533,0.91724,-0.04785,0.54688,1.374,2.924,1.496,0.85913,-0.17407,-0.50317,-0.298,1.023,-1.107,713.04,2867.328,1.068969866039263,1.010734767730882,3.560290437590731,1.5364836478140598,0.058110000000000106,1.6720000000000002,0.12622,1.901,1.0500500000000001,2.6029999999999998,-0.044777683093223795,-1.0314795184931533,-0.1730841641022179,-1.0159955241707928,0.1283064810089941,-0.015483994322360584,1.0652711152124001,0.003281857887532028,1.0094542652843337,0.001557064192303742,3.973345353693352,2.525958342971075,1.9258495637908328,0.9669791551372704,-0.04822691828754553,0.005172011406493244,-1.0361231108934967,0.004503933550003441,0.11738990409908949,0.009565530430134092,-0.021434013733819812,0.007959671356156484
2026-06-14,22:20:06,salah,0.5325,0.91406,-0.13013,0.53247,5.473,-0.305,6.053,0.86035,-0.21924,-0.49072,24.916,-3.74,-9.481,713.04,2867.328,1.0658160260570302,1.014433052744241,8.166122886658025,26.919955739190954,0.053710000000000035,-19.443,0.08911,3.435,1.02319,15.533999999999999,-0.12239963840000145,-1.030614486881457,-0.21783952981025312,-1.0124062748363427,0.09543989141025166,-0.018208212045114358,1.0663072635984423,0.002454138505294769,1.0116916168508814,0.0024099565294309335,4.468595076882366,3.3374013181357167,9.890230473383783,14.749054724795966,-0.07378367835493714,0.04236395903967246,-1.0341890053910285,0.005459268530941063,0.11140724948037613,0.016453099071908145,-0.02138929540164917,0.00798605829786646
2026-06-14,22:20:06,salah,0.5829,0.9187,-0.07153,0.53906,18.802,-4.153,10.924,0.83472,-0.20801,-0.51465,24.29,-7.282,-10.275,713.04,2867.328,1.067572908283083,1.0024421484554609,22.138120719699764,27.36068802131993,0.08397999999999994,-5.4879999999999995,0.13648,3.1290000000000004,1.0537100000000001,21.198999999999998,-0.06705268376890415,-1.0363487085406737,-0.20902195910532226,-0.9839415676799561,0.14196927533641812,-0.05240714086071763,1.0674529334597922,0.001580339244292307,1.0092033229768613,0.006140394017620904,11.288178014649509,9.674418104691117,18.605709136108313,14.784025342030612,-0.0780766684207098,0.03996796422904576,-1.0328142379717613,0.003091347857195874,0.12190521591855463,0.023916062347420587,-0.028699782409397523,0.020576308563607214
2026-06-14,22:20:07,salah,0.5579,0.94434,-0.01685,0.52246,19.366,3.321,10.176,0.83081,-0.14233,-0.5293,-0.313,4.679,0.977,713.04,2867.328,1.0793638912340915,0.9953198355302681,22.12740321411439,4.7901502064131565,0.11352999999999991,19.679,0.12548,-1.358,1.05176,9.199,-0.015611680732098317,-1.0652379640597507,-0.14349116020559224,-0.9876179668548508,0.12787947947349393,-0.07761999720489987,1.070917608524735,0.00736725372807527,1.0040650122433232,0.009659401286963626,17.47721560682406,8.063644613255113,19.690264655641347,12.90575914800062,-0.06835466763366797,0.05340588307675988,-1.044067053160627,0.01855736850238279,0.12176288207338791,0.023860122903149247,-0.049411783370243954,0.029818939934879142
2026-06-14,22:20:07,salah,0.5923,0.95239,0.01221,0.54614,-33.725,-1.092,-23.855,0.82446,-0.23608,-0.50366,-34.42,1.053,33.023,713.04,2867.328,1.0979365627393962,0.9945559077296762,41.32346928804502,47.71125378775955,0.12793,0.6950000000000003,0.24829,-2.145,1.0497999999999998,-56.878,0.011121090318823796,-1.0500262220554681,-0.2396599161653105,-0.9772689254955185,0.25078100648413426,-0.07275729655994967,1.0816244540855235,0.015307530378527895,0.9974392972384685,0.004349400722588291,28.52966440728639,11.079761333685125,26.620697338497546,21.47011813703326,-0.023847758060726226,0.0397323478553953,-1.0505376315519641,0.01445141605056263,0.17354325376468208,0.06725982025494975,-0.06759481154185572,0.01337574184595479
2026-06-14,22:20:08,salah,0.5269,0.96606,-0.0271,0.45313,-13.534,2.412,-16.748,0.77344,-0.38037,-0.19604,21.962,103.473,2.0,713.04,2867.328,1.067395489263469,0.8839244606299794,21.667542638702713,105.79693366539504,0.19262,-35.496,0.35327,-101.06099999999999,0.64917,-18.748,-0.025391630861291276,-1.1315274750906865,-0.44484677924671995,-1.0654500633054962,0.4194551483854287,-0.06607741178519033,1.081565314412319,0.015389086726402096,0.9579334012966413,0.06409476086523948,28.372805046954042,11.217960873140399,52.76611255318925,50.69276352731468,-0.009960740424855266,0.018900913913385886,-1.082263887068635,0.0433361869839285,0.26603854478101896,0.14638540580099244,-0.07215156851667996,0.005795084070971304
2026-06-14,22:20:09,salah,0.6571,0.94702,-0.13525,0.53687,2.786,16.718,13.527,1.61572,-0.60229,0.37476,-62.794,14.366,0.229,713.04,2867.328,1.0969816952893972,1.7645819391855964,21.68485759695,64.41677446907754,-0.6687000000000001,65.58,0.46704,2.3520000000000003,0.16210999999999998,13.298,-0.12360737155948884,-1.0417644447238164,-0.34832261810868315,-1.1570945404429382,0.2247152465491943,0.1153300957191219,1.0874379157640874,0.017363815478928846,1.214354102515084,0.4797111979693379,28.225289841232577,11.343359448047995,72.64165397407737,29.90356222702593,-0.04595930403398544,0.06967934769232602,-1.0744393806233237,0.04961201607076009,0.2983171338062524,0.10571504099410368,-0.00783487087533937,0.10671626849881927
2026-06-14,22:20:10,salah,0.5662,1.02979,0.03296,0.39893,12.87,-2.641,-3.519,0.80981,-0.52637,-0.25098,83.832,23.198,30.237,713.04,2867.328,1.1048524564845752,0.9979221279238175,13.601291923931344,92.0881512302207,0.21997999999999995,-70.96199999999999,0.55933,-25.839,0.64991,-33.756,0.029836464163284775,-1.2000607662802418,-0.5556151378902059,-0.9467079741011851,0.5854516020534907,-0.2533527921790567,1.089743213679147,0.01974975469131705,1.2154761759131312,0.4789433384873274,18.984564053194685,4.662058457937048,87.43395312156444,21.07903137727419,-0.03972084608583178,0.07771902911798877,-1.1244508953649148,0.07938507315632592,0.4098739989960379,0.18055893321391464,-0.06803336941504172,0.1843492264288694
2026-06-14,22:20:10,salah,0.648,0.90479,-0.02808,0.52686,10.496,6.221,4.924,0.99268,-0.30054,-0.09351,-5.962,-3.885,-0.786,713.04,2867.328,1.0473847860743442,1.041384652325931,13.157227405498471,7.159362052585411,-0.08789000000000002,16.458,0.27246,10.106,0.62037,5.710000000000001,-0.026812843965908686,-1.0428756091264844,-0.2927606755979229,-1.263751368353934,0.26594783163201424,0.22087575922744973,1.083072979282772,0.031156421028568856,1.2679629064784483,0.43063336551188025,16.14779230879327,4.800376790223385,54.554762583961214,43.31476961281726,-0.04019458378737092,0.07759224124109551,-1.0949002733768476,0.0910733529763019,0.3587048934115664,0.19744767389896561,0.02761768758917164,0.24898449680099483
2026-06-14,22:20:12,salah,0.5106,0.98584,-0.06519,0.51318,1.885,-2.282,-0.137,0.95459,-0.30664,-0.18823,-15.656,-3.679,-0.031,713.04,2867.328,1.113321137004054,1.02014738670449,2.963025143329027,16.082485442244305,0.03125,17.541,0.24145000000000003,1.3969999999999998,0.70141,-0.10600000000000001,-0.058588045684904375,-1.0875576713836372,-0.30530492945998994,-1.2103438661956727,0.24671688377508555,0.12278619481203545,1.0885194598543244,0.03587444323852708,1.019818055651413,0.021733133714629576,9.907181490919614,6.017913164791408,38.443332908350136,46.67151628506025,-0.01852147516250943,0.04479155704983487,-1.1101646822634545,0.08099445112508018,0.36603877248686345,0.1902602156855035,0.03010305395347616,0.2503313867493128
2026-06-14,22:20:12,tidak pasti,0.548,0.98584,-0.06519,0.51318,1.885,-2.282,-0.137,0.95459,-0.30664,-0.18823,-15.656,-3.679,-0.031,713.04,2867.328,1.113321137004054,1.02014738670449,2.963025143329027,16.082485442244305,0.03125,17.541,0.24145000000000003,1.3969999999999998,0.70141,-0.10600000000000001,-0.058588045684904375,-1.0875576713836372,-0.30530492945998994,-1.2103438661956727,0.24671688377508555,0.12278619481203545,1.0913423533608173,0.03806836995864966,1.0272264752449702,0.012261341023390555,6.361092564052175,5.88562542023702,13.108110979024673,5.151767691031808,-0.04799631177857248,0.018345421266016824,-1.072663650631253,0.02579720067211475,0.2531271997273951,0.011102992921969437,0.15548271628384022,0.05663203641993257
2026-06-14,22:20:14,benar,0.6493,0.98584,-0.06519,0.51318,1.885,-2.282,-0.137,0.95459,-0.30664,-0.18823,-15.656,-3.679,-0.031,713.04,2867.328,1.113321137004054,1.02014738670449,2.963025143329027,16.082485442244305,0.03125,17.541,0.24145000000000003,1.3969999999999998,0.70141,-0.10600000000000001,-0.058588045684904375,-1.0875576713836372,-0.30530492945998994,-1.2103438661956727,0.24671688377508555,0.12278619481203545,1.113321137004054,0.0,1.02014738670449,0.0,2.963025143329027,0.0,16.082485442244305,0.0,-0.058588045684904375,0.0,-1.0875576713836372,0.0,0.24671688377508555,0.0,0.12278619481203545,0.0
2026-06-14,22:20:15,benar,0.6493,0.98584,-0.06519,0.51318,1.885,-2.282,-0.137,0.95459,-0.30664,-0.18823,-15.656,-3.679,-0.031,713.04,2867.328,1.113321137004054,1.02014738670449,2.963025143329027,16.082485442244305,0.03125,17.541,0.24145000000000003,1.3969999999999998,0.70141,-0.10600000000000001,-0.058588045684904375,-1.0875576713836372,-0.30530492945998994,-1.2103438661956727,0.24671688377508555,0.12278619481203545,1.113321137004054,0.0,1.02014738670449,0.0,2.963025143329027,0.0,16.082485442244305,0.0,-0.058588045684904375,0.0,-1.0875576713836372,0.0,0.24671688377508555,0.0,0.12278619481203545,0.0
2026-06-14,22:20:17,benar,0.6493,0.98584,-0.06519,0.51318,1.885,-2.282,-0.137,0.95459,-0.30664,-0.18823,-15.656,-3.679,-0.031,713.04,2867.328,1.113321137004054,1.02014738670449,2.963025143329027,16.082485442244305,0.03125,17.541,0.24145000000000003,1.3969999999999998,0.70141,-0.10600000000000001,-0.058588045684904375,-1.0875576713836372,-0.30530492945998994,-1.2103438661956727,0.24671688377508555,0.12278619481203545,1.113321137004054,0.0,1.02014738670449,0.0,2.963025143329027,0.0,16.082485442244305,0.0,-0.058588045684904375,0.0,-1.0875576713836372,0.0,0.24671688377508555,0.0,0.12278619481203545,0.0
2026-06-14,22:20:18,benar,0.5702,1.20386,0.5835,0.3999,11.55,-6.359,11.863,1.0127,-0.23682,0.14941,58.176,-28.405,-6.817,713.04,2867.328,1.3963062556617012,1.0506989818687367,17.736125563380522,65.09809897377957,0.19116,-46.626000000000005,0.82032,22.046,0.25049,18.68,0.4311196514526541,-1.039546863643397,-0.22734620585443188,-1.3010351421082205,0.658465857307086,0.26148827846482336,1.2076495098899365,0.16338153443365072,1.030331251759239,0.01763897169225031,7.887391950012859,8.529253504282105,32.421023286089394,28.29917766692655,0.10464785336094844,0.2827328707666011,-1.0715540688035572,0.02771905277283901,0.38396654161908567,0.23772338070725252,0.1690202226962981,0.0800796853340991
2026-06-14,22:20:19,tidak pasti,0.5165,0.96191,-0.05225,0.43896,-1.26,1.481,-0.122,0.97559,-0.34644,-0.18091,-1.878,1.74,0.534,713.04,2867.328,1.0586249535128105,1.0509638194533626,1.9482928424649104,2.6152705404986305,-0.013679999999999914,0.6179999999999999,0.29419,-0.2589999999999999,0.61987,-0.656,-0.04937653992213593,-1.1400178864929447,-0.3359225254153742,-1.1897640332552513,0.2865459854932383,0.0497461467623066,1.1894174487261886,0.18124610878175235,1.040603396008863,0.017715918611012214,7.549147849724819,8.836758829711984,27.931951652174167,32.88363345725207,0.10771835528187125,0.2801116058525801,-1.0890408071733264,0.05025192908671832,0.3972429088584699,0.2271005524719391,0.14467354001305513,0.10755451870769046
2026-06-14,22:20:19,tidak pasti,0.5007,0.96191,-0.05225,0.43896,-1.26,1.481,-0.122,0.97559,-0.34644,-0.18091,-1.878,1.74,0.534,713.04,2867.328,1.0586249535128105,1.0509638194533626,1.9482928424649104,2.6152705404986305,-0.013679999999999914,0.6179999999999999,0.29419,-0.2589999999999999,0.61987,-0.656,-0.04937653992213593,-1.1400178864929447,-0.3359225254153742,-1.1897640332552513,0.2865459854932383,0.0497461467623066,1.1711853875624407,0.1949603906959654,1.0508755402584873,0.0001529040507752417,7.210903749436781,9.11510947134141,23.442880018258943,36.074477815683956,0.11078885720279408,0.27741460543482493,-1.1065275455430956,0.058006972087943406,0.4105192760978542,0.21472803810869606,0.12032685732981219,0.12224937673723324
2026-06-14,22:20:21,benar,0.6105,0.96191,-0.05225,0.43896,-1.26,1.481,-0.122,0.97559,-0.34644,-0.18091,-1.878,1.74,0.534,713.04,2867.328,1.0586249535128105,1.0509638194533626,1.9482928424649104,2.6152705404986305,-0.013679999999999914,0.6179999999999999,0.29419,-0.2589999999999999,0.61987,-0.656,-0.04937653992213593,-1.1400178864929447,-0.3359225254153742,-1.1897640332552513,0.2865459854932383,0.0497461467623066,1.0586249535128105,0.0,1.0509638194533626,0.0,1.9482928424649104,0.0,2.6152705404986305,0.0,-0.04937653992213593,0.0,-1.1400178864929447,0.0,0.2865459854932383,0.0,0.0497461467623066,0.0
2026-06-14,22:20:22,benar,0.6071,0.96948,-0.06421,0.42896,-0.695,1.817,1.466,0.96191,-0.35864,-0.18213,-0.466,-2.298,-2.168,713.04,2867.328,1.062083365889891,1.0426240140146399,2.4359125600070293,3.1934595660505867,0.007569999999999966,-0.22899999999999993,0.29443,4.115,0.61109,3.6340000000000003,-0.06049353669961733,-1.150112038798844,-0.3511504325780595,-1.1747299628792902,0.2906568958784422,0.024617924080446274,1.0597777576385041,0.00199671531687616,1.0481838843071216,0.0048149889150356255,2.1108327483122835,0.28152737518511156,2.808000215682616,0.33381758954490925,-0.05308220551462973,0.00641840108205909,-1.1433826039282444,0.005827861551052027,0.2879162889549729,0.002373435217511903,0.04137007253501982,0.014507786129628917
2026-06-14,22:20:23,tidak pasti,0.5257,0.96899,-0.05176,0.42578,-6.771,0.893,0.221,0.95728,-0.39331,-0.18799,-5.565,5.695,3.221,713.04,2867.328,1.0596741603436408,1.0518640570910294,6.833207958199428,8.589359172837053,0.011709999999999998,-1.2059999999999995,0.34155,-4.8020000000000005,0.6137699999999999,-3.0,-0.048864647251235044,-1.1540790897217723,-0.38322894732621243,-1.143476043275219,0.3343643000749774,-0.01060304644655341,1.0601274932487808,0.0017732137729692746,1.0484839635196772,0.005094787836824921,3.7391377868904563,2.6906125540426498,4.799363093128757,3.2949398098402907,-0.05291157462432944,0.006571158209171231,-1.148069671671187,0.007249676315098475,0.303855727148886,0.026501031348586678,0.021253674798733153,0.030314928833203768
2026-06-14,22:20:23,tidak pasti,0.5486,0.96899,-0.05176,0.42578,-6.771,0.893,0.221,0.95728,-0.39331,-0.18799,-5.565,5.695,3.221,713.04,2867.328,1.0596741603436408,1.0518640570910294,6.833207958199428,8.589359172837053,0.011709999999999998,-1.2059999999999995,0.34155,-4.8020000000000005,0.6137699999999999,-3.0,-0.048864647251235044,-1.1540790897217723,-0.38322894732621243,-1.143476043275219,0.3343643000749774,-0.01060304644655341,1.0604772288590576,0.0013909554706607297,1.048784042732233,0.005334741357477285,5.367442825468629,2.5387796818526844,6.790725970574897,3.1153240904983623,-0.052740943734029135,0.006713942453399908,-1.1527567394141294,0.002290377918241633,0.319795165342799,0.025234481578449413,0.0011372770624464845,0.020334836814883142
2026-06-14,22:20:24,tidak pasti,0.534,0.96899,-0.05176,0.42578,-6.771,0.893,0.221,0.95728,-0.39331,-0.18799,-5.565,5.695,3.221,713.04,2867.328,1.0596741603436408,1.0518640570910294,6.833207958199428,8.589359172837053,0.011709999999999998,-1.2059999999999995,0.34155,-4.8020000000000005,0.6137699999999999,-3.0,-0.048864647251235044,-1.1540790897217723,-0.38322894732621243,-1.143476043275219,0.3343643000749774,-0.01060304644655341,1.0596741603436408,0.0,1.0518640570910294,0.0,6.833207958199428,0.0,8.589359172837053,0.0,-0.048864647251235044,0.0,-1.1540790897217723,0.0,0.3343643000749774,0.0,-0.01060304644655341,0.0
2026-06-14,22:20:24,tidak pasti,0.534,0.96899,-0.05176,0.42578,-6.771,0.893,0.221,0.95728,-0.39331,-0.18799,-5.565,5.695,3.221,713.04,2867.328,1.0596741603436408,1.0518640570910294,6.833207958199428,8.589359172837053,0.011709999999999998,-1.2059999999999995,0.34155,-4.8020000000000005,0.6137699999999999,-3.0,-0.048864647251235044,-1.1540790897217723,-0.38322894732621243,-1.143476043275219,0.3343643000749774,-0.01060304644655341,1.0596741603436408,0.0,1.0518640570910294,0.0,6.833207958199428,0.0,8.589359172837053,0.0,-0.048864647251235044,0.0,-1.1540790897217723,0.0,0.3343643000749774,0.0,-0.01060304644655341,0.0
2026-06-14,22:20:25,tidak pasti,0.534,0.96899,-0.05176,0.42578,-6.771,0.893,0.221,0.95728,-0.39331,-0.18799,-5.565,5.695,3.221,713.04,2867.328,1.0596741603436408,1.0518640570910294,6.833207958199428,8.589359172837053,0.011709999999999998,-1.2059999999999995,0.34155,-4.8020000000000005,0.6137699999999999,-3.0,-0.048864647251235044,-1.1540790897217723,-0.38322894732621243,-1.143476043275219,0.3343643000749774,-0.01060304644655341,1.0596741603436408,0.0,1.0518640570910294,0.0,6.833207958199428,0.0,8.589359172837053,0.0,-0.048864647251235044,0.0,-1.1540790897217723,0.0,0.3343643000749774,0.0,-0.01060304644655341,0.0
2026-06-14,22:20:27,salah,0.6836,1.03662,0.01172,0.32251,-48.55,12.756,-5.45,0.92383,-0.35645,-0.28198,-46.382,36.977,28.099,713.04,2867.328,1.0856938255788324,1.0295781620644446,50.49277706761631,65.63643998572743,0.11279000000000006,-2.1679999999999993,0.36817,-24.220999999999997,0.60449,-33.549,0.010795149929367552,-1.2689847752257128,-0.353527976560271,-1.1135912931060152,0.36432312648963855,-0.1553934821196976,1.0683473820887046,0.015022460727761857,1.044435425415501,0.012866767492730406,21.38639766133839,25.206863978024906,27.605052777133846,32.9361474638046,-0.028978048191034177,0.03444459996201938,-1.1923809848897526,0.06634082845711858,0.3443505755465311,0.017296736495109866,-0.058866525004268144,0.083594797011973
2026-06-14,22:20:28,salah,0.6425,0.97754,-0.11084,0.37939,12.305,-2.336,6.962,0.91016,-0.33105,-0.30225,6.252,-4.397,-25.092,713.04,2867.328,1.0544224624409326,1.014564138238682,14.329667302488218,26.23031789742549,0.06738,6.053,0.22021000000000002,2.0610000000000004,0.68164,32.054,-0.10531372067726469,-1.186561988669667,-0.33238430015877746,-1.1131492454748944,0.22707057948151277,-0.07341274319477264,1.0665968161211354,0.016745653477420856,1.0320021191313853,0.018767729284458103,23.885217442767985,23.345682632288515,33.48537235199666,29.207348710079906,-0.04779440599971072,0.05806183359694443,-1.2032086178723842,0.059233958487865605,0.3085860020153763,0.07216616868860139,-0.0798030905870079,0.07260643890489199
2026-06-14,22:20:30,salah,0.6365,0.97754,-0.11084,0.37939,12.305,-2.336,6.962,0.91016,-0.33105,-0.30225,6.252,-4.397,-25.092,713.04,2867.328,1.0544224624409326,1.014564138238682,14.329667302488218,26.23031789742549,0.06738,6.053,0.22021000000000002,2.0610000000000004,0.68164,32.054,-0.10531372067726469,-1.186561988669667,-0.33238430015877746,-1.1131492454748944,0.22707057948151277,-0.07341274319477264,1.0648462501535658,0.018054529925593085,1.0195688128472697,0.008668350697423452,26.384037224197584,20.87878115763069,39.365691926859476,22.751135195400384,-0.06661076380838728,0.06703548770004254,-1.2140362508550158,0.047586818005492124,0.27282142848422136,0.0792427949621032,-0.10073965616974763,0.04733160168666986
2026-06-14,22:20:31,salah,0.6212,0.94238,-0.10254,0.44531,-19.611,17.321,6.985,0.97363,-0.38525,-0.11377,-3.573,26.511,-2.206,713.04,2867.328,1.0473277959168275,1.0532409754182563,27.081332814320646,26.84149559916511,-0.03125,-16.038,0.28270999999999996,-9.189999999999998,0.55908,9.191,-0.09806340448721551,-1.1192987525671387,-0.37446616819031087,-1.1794944878571636,0.27640276370309536,0.060195735290024865,1.052057573599564,0.004096107627502781,1.0274564172985403,0.02233008235703056,18.580222473099028,7.36217751587252,26.434043798005362,0.35286361062206734,-0.10289694861391496,0.004185972004034795,-1.1641409099688242,0.03883444747036005,0.24351464088870697,0.028481949840042913,-0.02887658369984014,0.07713889101921416
2026-06-14,22:20:33,salah,0.5511,0.14795,-0.28369,0.97681,32.504,-3.702,16.359,0.80151,-0.13281,0.76904,25.885,-6.389,-3.42,713.04,2867.328,1.0278749898212332,1.118695355224111,36.576381737399885,26.880270571554895,-0.6535599999999999,6.618999999999996,-0.15088,2.6870000000000003,0.20777,19.779000000000003,-0.27962641916172915,-0.14443944737597986,-0.11899930392357488,-0.7987268744261697,-0.16062711523815426,0.6542874270501899,1.0432084160596644,0.013744782407485532,1.0621668229603498,0.05263630546946796,25.995793951402916,11.163013560607427,26.650694689381833,0.364572845989092,-0.1610011814420698,0.10279641063406927,-0.8167667295375952,0.5832229989351109,0.11428207598215129,0.23935269721285768,0.2136901397151474,0.38737228035315613
2026-06-14,22:20:34,salah,0.5693,0.14795,-0.28369,0.97681,32.504,-3.702,16.359,0.80151,-0.13281,0.76904,25.885,-6.389,-3.42,713.04,2867.328,1.0278749898212332,1.118695355224111,36.576381737399885,26.880270571554895,-0.6535599999999999,6.618999999999996,-0.15088,2.6870000000000003,0.20777,19.779000000000003,-0.27962641916172915,-0.14443944737597986,-0.11899930392357488,-0.7987268744261697,-0.16062711523815426,0.6542874270501899,1.0343592585197647,0.011231082835784882,1.0968772286221595,0.03779010380055018,33.411365429706805,5.4819690517084645,26.8673455807583,0.022386740747063573,-0.2191054142702246,0.10482545539721043,-0.4693925491063662,0.5628352822741272,-0.01495048892440439,0.25231931825064,0.4562568631301349,0.3429989981610515
2026-06-14,22:20:36,salah,0.684,0.98096,-0.06006,0.4519,17.817,2.542,7.519,0.88794,-0.29004,-0.43262,9.916,-8.206,2.42,713.04,2867.328,1.0817131482976436,1.0294273697546612,19.504938195236612,13.096636667480702,0.0930200000000001,7.901,0.22998000000000002,10.748,0.88452,5.099,-0.05555160518527386,-1.135767263154169,-0.2856163356135827,-1.0403022830070623,0.23006473042830883,-0.0954649801471068,1.0458210426467034,0.031083475289029296,1.0889393600676278,0.05153889544080248,30.88590055667879,9.856202524523464,22.285725936863496,7.9579847449284875,-0.20493481450291073,0.1293696541679218,-0.47488205263537625,0.5723433812947013,-0.0303965000159999,0.2255660422657242,0.4043699579844244,0.43286975412092915
2026-06-14,22:20:37,salah,0.7045,0.96313,-0.0166,0.47144,9.672,3.863,-0.344,0.85278,-0.32593,-0.43579,7.351,1.817,-6.176,713.04,2867.328,1.0724507590094754,1.0116209850531968,10.420589666616761,9.771472048775456,0.11035000000000006,2.3210000000000006,0.30933,2.0460000000000003,0.90723,5.832,-0.015479184261994005,-1.1153494248115716,-0.3280375896764923,-1.0028058888581974,0.3125584054144983,-0.11254353595337419,1.0606796323761174,0.028784655525065525,1.0532479033439897,0.05737415404373933,22.167303199751085,13.27958980072268,16.582793095937017,9.071533040562407,-0.11688573620299901,0.14235465270607972,-0.7985187117805735,0.5665412475042632,0.12733200686821763,0.2527679639637628,0.14875963698323633,0.4378831798146515
2026-06-14,22:20:39,salah,0.6211,0.96313,-0.0166,0.47144,9.672,3.863,-0.344,0.85278,-0.32593,-0.43579,7.351,1.817,-6.176,713.04,2867.328,1.0724507590094754,1.0116209850531968,10.420589666616761,9.771472048775456,0.11035000000000006,2.3210000000000006,0.30933,2.0460000000000003,0.90723,5.832,-0.015479184261994005,-1.1153494248115716,-0.3280375896764923,-1.0028058888581974,0.3125584054144983,-0.11254353595337419,1.0755382221055314,0.0053476429488629644,1.0175564466203515,0.010280521000684455,13.448705842823378,5.2448510684110525,10.879860255010536,1.9197846877092937,-0.02883665790308729,0.023135823007135622,-1.1221553709257708,0.011788244463368977,0.28506051375243513,0.04762774545971801,-0.10685068401795172,0.009860308792118518
2026-06-14,22:20:40,salah,0.6046,0.98389,0.00513,0.41602,-4.985,3.359,0.496,0.79419,-0.31982,-0.52148,-0.29,5.191,3.412,713.04,2867.328,1.0682408386688838,1.0024789169354136,6.031510756021247,6.21870766317247,0.1897000000000001,-4.695,0.32495,-1.8319999999999999,0.9375,-2.916,0.0048023063036776595,-1.1707363082108309,-0.3247049345021203,-0.9144484506247148,0.32950724080579796,-0.25628785758611605,1.071047452229278,0.0024305986419074347,1.0085736290139355,0.005278175488752044,8.957563363084924,2.534035890526829,8.58721725357446,2.051189474395199,-0.008718687406770117,0.01170952403765739,-1.1338117192779913,0.03197763204013677,0.3182080172115982,0.009785414675617513,-0.1604583098309548,0.08299082278914367
2026-06-14,22:20:42,salah,0.5594,0.97046,-0.01929,0.43335,-0.198,2.176,0.435,0.8064,-0.33887,-0.50366,-0.466,1.786,0.176,713.04,2867.328,1.062994326513552,1.0093499058800175,2.2278700590474303,1.8541650411977895,0.16405999999999998,0.268,0.31958,0.3900000000000001,0.93701,0.259,-0.018147847437672785,-1.1504541703186901,-0.34238110971403957,-0.9255141293788107,0.3242332622763668,-0.2249400409398794,1.0678953080639704,0.004737675847574209,1.0078166026228759,0.004760001735957421,6.226656827228479,4.099844525575751,5.948114917715238,3.965583549552344,-0.009608241798663044,0.01255103036581907,-1.1455133011136975,0.028022060141010587,0.32209963616555437,0.008673524402796038,-0.19792381149312321,0.07558448908707473
2026-06-14,22:20:42,tidak pasti,0.5233,0.97046,-0.01929,0.43335,-0.198,2.176,0.435,0.8064,-0.33887,-0.50366,-0.466,1.786,0.176,713.04,2867.328,1.062994326513552,1.0093499058800175,2.2278700590474303,1.8541650411977895,0.16405999999999998,0.268,0.31958,0.3900000000000001,0.93701,0.259,-0.018147847437672785,-1.1504541703186901,-0.34238110971403957,-0.9255141293788107,0.3242332622763668,-0.2249400409398794,1.0647431638986626,0.0030290752051875293,1.0070595762318162,0.00396696731676595,3.4957502913720355,2.196032980298449,3.3090125818560163,2.5198698576866767,-0.01049779619055597,0.013250277440511977,-1.1572148829494038,0.011709897771768573,0.3259912551195105,0.0030449329236674214,-0.23538931315529163,0.018098670379211763
2026-06-14,22:20:42,tidak pasti,0.541,0.9646,-0.01489,0.45557,2.26,2.16,-4.374,0.83203,-0.35449,-0.46558,1.321,-0.458,-1.466,713.04,2867.328,1.0668734212642097,1.0172029381593428,5.376344111010752,2.0258235362439643,0.13256999999999997,0.9389999999999998,0.3396,2.6180000000000003,0.9211499999999999,-2.9079999999999995,-0.013957122871452681,-1.1293560364614188,-0.3559648207244522,-0.9578536479027367,0.3420076978529995,-0.17150238855868205,1.0642873580971044,0.0022395963985042725,1.0119675833064592,0.004533950300423328,3.277361409701871,1.8177723414375757,1.9113845395465143,0.0991070783235951,-0.016750939248932752,0.002419515956406754,-1.143421459032933,0.012181013261894358,0.33015807413524434,0.010262075164862569,-0.20712749014614695,0.03085224298714594
2026-06-14,22:20:43,tidak pasti,0.5478,0.9646,-0.01489,0.45557,2.26,2.16,-4.374,0.83203,-0.35449,-0.46558,1.321,-0.458,-1.466,713.04,2867.328,1.0668734212642097,1.0172029381593428,5.376344111010752,2.0258235362439643,0.13256999999999997,0.9389999999999998,0.3396,2.6180000000000003,0.9211499999999999,-2.9079999999999995,-0.013957122871452681,-1.1293560364614188,-0.3559648207244522,-0.9578536479027367,0.3420076978529995,-0.17150238855868205,1.065580389680657,0.002239596398504385,1.0145852607329011,0.004533950300423279,4.326852760356311,1.8177723414375755,1.9686040378952392,0.09910707832359499,-0.015354031060192716,0.002419515956406754,-1.136388747747176,0.012181013261894358,0.3360828859941219,0.010262075164862557,-0.1893149393524145,0.03085224298714594
2026-06-14,22:20:43,tidak pasti,0.5144,0.9646,-0.01489,0.45557,2.26,2.16,-4.374,0.83203,-0.35449,-0.46558,1.321,-0.458,-1.466,713.04,2867.328,1.0668734212642097,1.0172029381593428,5.376344111010752,2.0258235362439643,0.13256999999999997,0.9389999999999998,0.3396,2.6180000000000003,0.9211499999999999,-2.9079999999999995,-0.013957122871452681,-1.1293560364614188,-0.3559648207244522,-0.9578536479027367,0.3420076978529995,-0.17150238855868205,1.0668734212642097,0.0,1.0172029381593428,0.0,5.376344111010752,0.0,2.0258235362439643,0.0,-0.013957122871452681,0.0,-1.1293560364614188,0.0,0.3420076978529995,0.0,-0.17150238855868205,0.0
2026-06-14,22:20:43,tidak pasti,0.5144,0.9646,-0.01489,0.45557,2.26,2.16,-4.374,0.83203,-0.35449,-0.46558,1.321,-0.458,-1.466,713.04,2867.328,1.0668734212642097,1.0172029381593428,5.376344111010752,2.0258235362439643,0.13256999999999997,0.9389999999999998,0.3396,2.6180000000000003,0.9211499999999999,-2.9079999999999995,-0.013957122871452681,-1.1293560364614188,-0.3559648207244522,-0.9578536479027367,0.3420076978529995,-0.17150238855868205,1.0668734212642097,0.0,1.0172029381593428,0.0,5.376344111010752,0.0,2.0258235362439643,0.0,-0.013957122871452681,0.0,-1.1293560364614188,0.0,0.3420076978529995,0.0,-0.17150238855868205,0.0
2026-06-14,22:20:44,tidak pasti,0.5144,0.9646,-0.01489,0.45557,2.26,2.16,-4.374,0.83203,-0.35449,-0.46558,1.321,-0.458,-1.466,713.04,2867.328,1.0668734212642097,1.0172029381593428,5.376344111010752,2.0258235362439643,0.13256999999999997,0.9389999999999998,0.3396,2.6180000000000003,0.9211499999999999,-2.9079999999999995,-0.013957122871452681,-1.1293560364614188,-0.3559648207244522,-0.9578536479027367,0.3420076978529995,-0.17150238855868205,1.0668734212642097,0.0,1.0172029381593428,0.0,5.376344111010752,0.0,2.0258235362439643,0.0,-0.013957122871452681,0.0,-1.1293560364614188,0.0,0.3420076978529995,0.0,-0.17150238855868205,0.0
2026-06-14,22:20:44,tidak pasti,0.5144,0.9646,-0.01489,0.45557,2.26,2.16,-4.374,0.83203,-0.35449,-0.46558,1.321,-0.458,-1.466,713.04,2867.328,1.0668734212642097,1.0172029381593428,5.376344111010752,2.0258235362439643,0.13256999999999997,0.9389999999999998,0.3396,2.6180000000000003,0.9211499999999999,-2.9079999999999995,-0.013957122871452681,-1.1293560364614188,-0.3559648207244522,-0.9578536479027367,0.3420076978529995,-0.17150238855868205,1.0668734212642097,0.0,1.0172029381593428,0.0,5.376344111010752,0.0,2.0258235362439643,0.0,-0.013957122871452681,0.0,-1.1293560364614188,0.0,0.3420076978529995,0.0,-0.17150238855868205,0.0
2026-06-14,22:20:45,salah,0.6673,0.9812,-0.06885,0.4939,23.611,3.29,14.855,0.88086,-0.39233,-0.42578,17.748,-8.939,-19.183,713.04,2867.328,1.1006502498523316,1.0540995099609904,28.088688933447926,27.620367738319487,0.10033999999999998,5.8629999999999995,0.32348,12.229,0.91968,34.038,-0.06259479867097252,-1.1005860072387874,-0.38137223043803264,-0.9893181398535766,0.31877743176706014,-0.11126786738521077,1.078132364126917,0.01950106107772407,1.0295017954265588,0.021302245661855644,12.94712571848981,13.112978397161704,10.557338270269138,14.777016984854079,-0.03016968147129263,0.028080975215610527,-1.1197660267205416,0.0166103841162796,0.33426427582435303,0.01341200037806372,-0.15142421483419163,0.03477641701401186
2026-06-14,22:20:47,salah,0.677,0.9812,-0.06885,0.4939,23.611,3.29,14.855,0.88086,-0.39233,-0.42578,17.748,-8.939,-19.183,713.04,2867.328,1.1006502498523316,1.0540995099609904,28.088688933447926,27.620367738319487,0.10033999999999998,5.8629999999999995,0.32348,12.229,0.91968,34.038,-0.06259479867097252,-1.1005860072387874,-0.38137223043803264,-0.9893181398535766,0.31877743176706014,-0.11126786738521077,1.0893913069896242,0.019501061077724133,1.0418006526937746,0.021302245661855707,20.517907325968867,13.112978397161706,19.08885300429431,14.777016984854079,-0.04638224007113257,0.028080975215610527,-1.1101760169796646,0.01661038411627971,0.32652085379570656,0.013412000378063732,-0.1313460411097012,0.03477641701401185
2026-06-14,22:20:48,tidak pasti,0.5725,0.95361,-0.00195,0.47754,29.702,-1.969,15.702,0.87549,-0.23145,-0.45923,25.733,-13.565,-13.947,713.04,2867.328,1.066499079324497,1.015354142897935,33.65469609133323,32.26011969909597,0.07811999999999997,3.969000000000001,0.22949999999999998,11.596,0.9367700000000001,29.649,-0.001828413284625648,-1.1065289648657965,-0.2299717553298638,-1.0396971450670311,0.22814334204523815,-0.0668318197987654,1.0892665263430534,0.019717187497386098,1.0411843876066387,0.022369648103706005,29.944024652743025,3.2135357309164627,29.166951725244985,2.678762043527399,-0.04233933687552357,0.03508348896048791,-1.102566993114457,0.003431168185736297,0.2885660685264528,0.05232761609865063,-0.09645585152306231,0.025655164035757252
2026-06-14,22:20:48,tidak pasti,0.577,0.95361,-0.00195,0.47754,29.702,-1.969,15.702,0.87549,-0.23145,-0.45923,25.733,-13.565,-13.947,713.04,2867.328,1.066499079324497,1.015354142897935,33.65469609133323,32.26011969909597,0.07811999999999997,3.969000000000001,0.22949999999999998,11.596,0.9367700000000001,29.649,-0.001828413284625648,-1.1065289648657965,-0.2299717553298638,-1.0396971450670311,0.22814334204523815,-0.0668318197987654,1.0778828028337752,0.019717187497386098,1.0282692652522867,0.02236964810370596,31.799360372038127,3.213535730916463,30.71353571217048,2.678762043527398,-0.022083875080074606,0.03508348896048791,-1.1045479789901267,0.003431168185736185,0.2583547052858455,0.05232761609865063,-0.08164383566091386,0.025655164035757256
2026-06-14,22:20:49,tidak pasti,0.5973,0.98511,-0.07617,0.36426,-22.557,7.649,-7.817,0.87549,-0.23145,-0.45923,25.733,-13.565,-13.947,713.04,2867.328,1.0530569446141078,1.015354142897935,25.068524866852457,32.26011969909597,0.10962000000000005,-48.29,0.15527999999999997,21.214,0.82349,6.129999999999999,-0.07239549283884417,-1.2096049722287074,-0.2299717553298638,-1.0396971450670311,0.15757626249101964,-0.1699078271616763,1.0620183677543673,0.007760820093526441,1.015354142897935,0.0,30.792639016506303,4.957228267762192,32.26011969909597,0.0,-0.02535077313603182,0.0407419223765538,-1.1408876339867668,0.059510960597968454,0.20462098219383199,0.040741922376553795,-0.1011904889197357,0.059510960597968454
2026-06-14,22:20:49,tidak pasti,0.6152,0.98511,-0.07617,0.36426,-22.557,7.649,-7.817,0.75269,-0.45361,-0.49756,-18.145,7.718,7.863,713.04,2867.328,1.0530569446141078,1.0098862420094652,25.068524866852457,21.228172742843412,0.23242000000000007,-4.411999999999999,0.37744,-0.06899999999999995,0.86182,-15.68,-0.07239549283884417,-1.2096049722287074,-0.4658354657748785,-0.8410170384377962,0.39343997293603433,-0.36858793379091126,1.0575376561842376,0.007760820093526505,1.013531509268445,0.0031568940498601502,27.930581941679378,4.957228267762193,28.582804047011788,6.36929754487809,-0.048873132987437985,0.040741922376553795,-1.1752463031077371,0.05951096059796845,0.25971985915743073,0.12106085164463729,-0.201775860250451,0.1533814419433481
2026-06-14,22:20:50,tidak pasti,0.5638,0.98511,-0.07617,0.36426,-22.557,7.649,-7.817,0.75269,-0.45361,-0.49756,-18.145,7.718,7.863,713.04,2867.328,1.0530569446141078,1.0098862420094652,25.068524866852457,21.228172742843412,0.23242000000000007,-4.411999999999999,0.37744,-0.06899999999999995,0.86182,-15.68,-0.07239549283884417,-1.2096049722287074,-0.4658354657748785,-0.8410170384377962,0.39343997293603433,-0.36858793379091126,1.0530569446141078,0.0,1.011708875638955,0.0031568940498602626,25.068524866852457,0.0,24.905488394927602,6.369297544878089,-0.07239549283884417,0.0,-1.2096049722287074,0.0,0.31481873612102945,0.13617597671749315,-0.3023612315811663,0.11470801304501235
2026-06-14,22:20:50,tidak pasti,0.5328,0.98511,-0.07617,0.36426,-22.557,7.649,-7.817,0.75269,-0.45361,-0.49756,-18.145,7.718,7.863,713.04,2867.328,1.0530569446141078,1.0098862420094652,25.068524866852457,21.228172742843412,0.23242000000000007,-4.411999999999999,0.37744,-0.06899999999999995,0.86182,-15.68,-0.07239549283884417,-1.2096049722287074,-0.4658354657748785,-0.8410170384377962,0.39343997293603433,-0.36858793379091126,1.0530569446141078,0.0,1.0098862420094652,0.0,25.068524866852457,0.0,21.228172742843412,0.0,-0.07239549283884417,0.0,-1.2096049722287074,0.0,0.39343997293603433,0.0,-0.36858793379091126,0.0
2026-06-14,22:20:51,tidak pasti,0.5328,0.98511,-0.07617,0.36426,-22.557,7.649,-7.817,0.75269,-0.45361,-0.49756,-18.145,7.718,7.863,713.04,2867.328,1.0530569446141078,1.0098862420094652,25.068524866852457,21.228172742843412,0.23242000000000007,-4.411999999999999,0.37744,-0.06899999999999995,0.86182,-15.68,-0.07239549283884417,-1.2096049722287074,-0.4658354657748785,-0.8410170384377962,0.39343997293603433,-0.36858793379091126,1.0530569446141078,0.0,1.0098862420094652,0.0,25.068524866852457,0.0,21.228172742843412,0.0,-0.07239549283884417,0.0,-1.2096049722287074,0.0,0.39343997293603433,0.0,-0.36858793379091126,0.0
2026-06-14,22:20:51,tidak pasti,0.5328,0.98511,-0.07617,0.36426,-22.557,7.649,-7.817,0.75269,-0.45361,-0.49756,-18.145,7.718,7.863,713.04,2867.328,1.0530569446141078,1.0098862420094652,25.068524866852457,21.228172742843412,0.23242000000000007,-4.411999999999999,0.37744,-0.06899999999999995,0.86182,-15.68,-0.07239549283884417,-1.2096049722287074,-0.4658354657748785,-0.8410170384377962,0.39343997293603433,-0.36858793379091126,1.0530569446141078,0.0,1.0098862420094652,0.0,25.068524866852457,0.0,21.228172742843412,0.0,-0.07239549283884417,0.0,-1.2096049722287074,0.0,0.39343997293603433,0.0,-0.36858793379091126,0.0
2026-06-14,22:20:51,tidak pasti,0.5328,0.98511,-0.07617,0.36426,-22.557,7.649,-7.817,0.75269,-0.45361,-0.49756,-18.145,7.718,7.863,713.04,2867.328,1.0530569446141078,1.0098862420094652,25.068524866852457,21.228172742843412,0.23242000000000007,-4.411999999999999,0.37744,-0.06899999999999995,0.86182,-15.68,-0.07239549283884417,-1.2096049722287074,-0.4658354657748785,-0.8410170384377962,0.39343997293603433,-0.36858793379091126,1.0530569446141078,0.0,1.0098862420094652,0.0,25.068524866852457,0.0,21.228172742843412,0.0,-0.07239549283884417,0.0,-1.2096049722287074,0.0,0.39343997293603433,0.0,-0.36858793379091126,0.0
2026-06-14,22:20:52,tidak pasti,0.5328,0.98511,-0.07617,0.36426,-22.557,7.649,-7.817,0.75269,-0.45361,-0.49756,-18.145,7.718,7.863,713.04,2867.328,1.0530569446141078,1.0098862420094652,25.068524866852457,21.228172742843412,0.23242000000000007,-4.411999999999999,0.37744,-0.06899999999999995,0.86182,-15.68,-0.07239549283884417,-1.2096049722287074,-0.4658354657748785,-0.8410170384377962,0.39343997293603433,-0.36858793379091126,1.0530569446141078,0.0,1.0098862420094652,0.0,25.068524866852457,0.0,21.228172742843412,0.0,-0.07239549283884417,0.0,-1.2096049722287074,0.0,0.39343997293603433,0.0,-0.36858793379091126,0.0
2026-06-14,22:20:52,tidak pasti,0.5328,0.98511,-0.07617,0.36426,-22.557,7.649,-7.817,0.75269,-0.45361,-0.49756,-18.145,7.718,7.863,713.04,2867.328,1.0530569446141078,1.0098862420094652,25.068524866852457,21.228172742843412,0.23242000000000007,-4.411999999999999,0.37744,-0.06899999999999995,0.86182,-15.68,-0.07239549283884417,-1.2096049722287074,-0.4658354657748785,-0.8410170384377962,0.39343997293603433,-0.36858793379091126,1.0530569446141078,0.0,1.0098862420094652,0.0,25.068524866852457,0.0,21.228172742843412,0.0,-0.07239549283884417,0.0,-1.2096049722287074,0.0,0.39343997293603433,0.0,-0.36858793379091126,0.0
2026-06-14,22:20:53,tidak pasti,0.5328,0.98511,-0.07617,0.36426,-22.557,7.649,-7.817,0.75269,-0.45361,-0.49756,-18.145,7.718,7.863,713.04,2867.328,1.0530569446141078,1.0098862420094652,25.068524866852457,21.228172742843412,0.23242000000000007,-4.411999999999999,0.37744,-0.06899999999999995,0.86182,-15.68,-0.07239549283884417,-1.2096049722287074,-0.4658354657748785,-0.8410170384377962,0.39343997293603433,-0.36858793379091126,1.0530569446141078,0.0,1.0098862420094652,0.0,25.068524866852457,0.0,21.228172742843412,0.0,-0.07239549283884417,0.0,-1.2096049722287074,0.0,0.39343997293603433,0.0,-0.36858793379091126,0.0
2026-06-14,22:20:53,tidak pasti,0.5328,0.98511,-0.07617,0.36426,-22.557,7.649,-7.817,0.75269,-0.45361,-0.49756,-18.145,7.718,7.863,713.04,2867.328,1.0530569446141078,1.0098862420094652,25.068524866852457,21.228172742843412,0.23242000000000007,-4.411999999999999,0.37744,-0.06899999999999995,0.86182,-15.68,-0.07239549283884417,-1.2096049722287074,-0.4658354657748785,-0.8410170384377962,0.39343997293603433,-0.36858793379091126,1.0530569446141078,0.0,1.0098862420094652,0.0,25.068524866852457,0.0,21.228172742843412,0.0,-0.07239549283884417,0.0,-1.2096049722287074,0.0,0.39343997293603433,0.0,-0.36858793379091126,0.0
2026-06-14,22:20:54,tidak pasti,0.5328,0.98511,-0.07617,0.36426,-22.557,7.649,-7.817,0.75269,-0.45361,-0.49756,-18.145,7.718,7.863,713.04,2867.328,1.0530569446141078,1.0098862420094652,25.068524866852457,21.228172742843412,0.23242000000000007,-4.411999999999999,0.37744,-0.06899999999999995,0.86182,-15.68,-0.07239549283884417,-1.2096049722287074,-0.4658354657748785,-0.8410170384377962,0.39343997293603433,-0.36858793379091126,1.0530569446141078,0.0,1.0098862420094652,0.0,25.068524866852457,0.0,21.228172742843412,0.0,-0.07239549283884417,0.0,-1.2096049722287074,0.0,0.39343997293603433,0.0,-0.36858793379091126,0.0
2026-06-14,22:20:54,tidak pasti,0.5328,0.98511,-0.07617,0.36426,-22.557,7.649,-7.817,0.75269,-0.45361,-0.49756,-18.145,7.718,7.863,713.04,2867.328,1.0530569446141078,1.0098862420094652,25.068524866852457,21.228172742843412,0.23242000000000007,-4.411999999999999,0.37744,-0.06899999999999995,0.86182,-15.68,-0.07239549283884417,-1.2096049722287074,-0.4658354657748785,-0.8410170384377962,0.39343997293603433,-0.36858793379091126,1.0530569446141078,0.0,1.0098862420094652,0.0,25.068524866852457,0.0,21.228172742843412,0.0,-0.07239549283884417,0.0,-1.2096049722287074,0.0,0.39343997293603433,0.0,-0.36858793379091126,0.0
2026-06-14,22:20:55,tidak pasti,0.5328,0.98511,-0.07617,0.36426,-22.557,7.649,-7.817,0.75269,-0.45361,-0.49756,-18.145,7.718,7.863,713.04,2867.328,1.0530569446141078,1.0098862420094652,25.068524866852457,21.228172742843412,0.23242000000000007,-4.411999999999999,0.37744,-0.06899999999999995,0.86182,-15.68,-0.07239549283884417,-1.2096049722287074,-0.4658354657748785,-0.8410170384377962,0.39343997293603433,-0.36858793379091126,1.0530569446141078,0.0,1.0098862420094652,0.0,25.068524866852457,0.0,21.228172742843412,0.0,-0.07239549283884417,0.0,-1.2096049722287074,0.0,0.39343997293603433,0.0,-0.36858793379091126,0.0
2026-06-14,22:20:55,tidak pasti,0.5328,0.98511,-0.07617,0.36426,-22.557,7.649,-7.817,0.75269,-0.45361,-0.49756,-18.145,7.718,7.863,713.04,2867.328,1.0530569446141078,1.0098862420094652,25.068524866852457,21.228172742843412,0.23242000000000007,-4.411999999999999,0.37744,-0.06899999999999995,0.86182,-15.68,-0.07239549283884417,-1.2096049722287074,-0.4658354657748785,-0.8410170384377962,0.39343997293603433,-0.36858793379091126,1.0530569446141078,0.0,1.0098862420094652,0.0,25.068524866852457,0.0,21.228172742843412,0.0,-0.07239549283884417,0.0,-1.2096049722287074,0.0,0.39343997293603433,0.0,-0.36858793379091126,0.0
2026-06-14,22:20:56,tidak pasti,0.5328,0.98511,-0.07617,0.36426,-22.557,7.649,-7.817,0.75269,-0.45361,-0.49756,-18.145,7.718,7.863,713.04,2867.328,1.0530569446141078,1.0098862420094652,25.068524866852457,21.228172742843412,0.23242000000000007,-4.411999999999999,0.37744,-0.06899999999999995,0.86182,-15.68,-0.07239549283884417,-1.2096049722287074,-0.4658354657748785,-0.8410170384377962,0.39343997293603433,-0.36858793379091126,1.0530569446141078,0.0,1.0098862420094652,0.0,25.068524866852457,0.0,21.228172742843412,0.0,-0.07239549283884417,0.0,-1.2096049722287074,0.0,0.39343997293603433,0.0,-0.36858793379091126,0.0
2026-06-14,22:20:56,tidak pasti,0.5328,0.98511,-0.07617,0.36426,-22.557,7.649,-7.817,0.75269,-0.45361,-0.49756,-18.145,7.718,7.863,713.04,2867.328,1.0530569446141078,1.0098862420094652,25.068524866852457,21.228172742843412,0.23242000000000007,-4.411999999999999,0.37744,-0.06899999999999995,0.86182,-15.68,-0.07239549283884417,-1.2096049722287074,-0.4658354657748785,-0.8410170384377962,0.39343997293603433,-0.36858793379091126,1.0530569446141078,0.0,1.0098862420094652,0.0,25.068524866852457,0.0,21.228172742843412,0.0,-0.07239549283884417,0.0,-1.2096049722287074,0.0,0.39343997293603433,0.0,-0.36858793379091126,0.0
2026-06-14,22:20:57,tidak pasti,0.5328,0.98511,-0.07617,0.36426,-22.557,7.649,-7.817,0.75269,-0.45361,-0.49756,-18.145,7.718,7.863,713.04,2867.328,1.0530569446141078,1.0098862420094652,25.068524866852457,21.228172742843412,0.23242000000000007,-4.411999999999999,0.37744,-0.06899999999999995,0.86182,-15.68,-0.07239549283884417,-1.2096049722287074,-0.4658354657748785,-0.8410170384377962,0.39343997293603433,-0.36858793379091126,1.0530569446141078,0.0,1.0098862420094652,0.0,25.068524866852457,0.0,21.228172742843412,0.0,-0.07239549283884417,0.0,-1.2096049722287074,0.0,0.39343997293603433,0.0,-0.36858793379091126,0.0
2026-06-14,22:20:57,tidak pasti,0.5328,0.98511,-0.07617,0.36426,-22.557,7.649,-7.817,0.75269,-0.45361,-0.49756,-18.145,7.718,7.863,713.04,2867.328,1.0530569446141078,1.0098862420094652,25.068524866852457,21.228172742843412,0.23242000000000007,-4.411999999999999,0.37744,-0.06899999999999995,0.86182,-15.68,-0.07239549283884417,-1.2096049722287074,-0.4658354657748785,-0.8410170384377962,0.39343997293603433,-0.36858793379091126,1.0530569446141078,0.0,1.0098862420094652,0.0,25.068524866852457,0.0,21.228172742843412,0.0,-0.07239549283884417,0.0,-1.2096049722287074,0.0,0.39343997293603433,0.0,-0.36858793379091126,0.0
2026-06-14,22:20:57,tidak pasti,0.5328,0.98511,-0.07617,0.36426,-22.557,7.649,-7.817,0.75269,-0.45361,-0.49756,-18.145,7.718,7.863,713.04,2867.328,1.0530569446141078,1.0098862420094652,25.068524866852457,21.228172742843412,0.23242000000000007,-4.411999999999999,0.37744,-0.06899999999999995,0.86182,-15.68,-0.07239549283884417,-1.2096049722287074,-0.4658354657748785,-0.8410170384377962,0.39343997293603433,-0.36858793379091126,1.0530569446141078,0.0,1.0098862420094652,0.0,25.068524866852457,0.0,21.228172742843412,0.0,-0.07239549283884417,0.0,-1.2096049722287074,0.0,0.39343997293603433,0.0,-0.36858793379091126,0.0
2026-06-14,22:20:58,tidak pasti,0.5328,0.98511,-0.07617,0.36426,-22.557,7.649,-7.817,0.75269,-0.45361,-0.49756,-18.145,7.718,7.863,713.04,2867.328,1.0530569446141078,1.0098862420094652,25.068524866852457,21.228172742843412,0.23242000000000007,-4.411999999999999,0.37744,-0.06899999999999995,0.86182,-15.68,-0.07239549283884417,-1.2096049722287074,-0.4658354657748785,-0.8410170384377962,0.39343997293603433,-0.36858793379091126,1.0530569446141078,0.0,1.0098862420094652,0.0,25.068524866852457,0.0,21.228172742843412,0.0,-0.07239549283884417,0.0,-1.2096049722287074,0.0,0.39343997293603433,0.0,-0.36858793379091126,0.0
2026-06-14,22:20:58,tidak pasti,0.5328,0.98511,-0.07617,0.36426,-22.557,7.649,-7.817,0.75269,-0.45361,-0.49756,-18.145,7.718,7.863,713.04,2867.328,1.0530569446141078,1.0098862420094652,25.068524866852457,21.228172742843412,0.23242000000000007,-4.411999999999999,0.37744,-0.06899999999999995,0.86182,-15.68,-0.07239549283884417,-1.2096049722287074,-0.4658354657748785,-0.8410170384377962,0.39343997293603433,-0.36858793379091126,1.0530569446141078,0.0,1.0098862420094652,0.0,25.068524866852457,0.0,21.228172742843412,0.0,-0.07239549283884417,0.0,-1.2096049722287074,0.0,0.39343997293603433,0.0,-0.36858793379091126,0.0
2026-06-14,22:20:59,tidak pasti,0.5328,0.98511,-0.07617,0.36426,-22.557,7.649,-7.817,0.75269,-0.45361,-0.49756,-18.145,7.718,7.863,713.04,2867.328,1.0530569446141078,1.0098862420094652,25.068524866852457,21.228172742843412,0.23242000000000007,-4.411999999999999,0.37744,-0.06899999999999995,0.86182,-15.68,-0.07239549283884417,-1.2096049722287074,-0.4658354657748785,-0.8410170384377962,0.39343997293603433,-0.36858793379091126,1.0530569446141078,0.0,1.0098862420094652,0.0,25.068524866852457,0.0,21.228172742843412,0.0,-0.07239549283884417,0.0,-1.2096049722287074,0.0,0.39343997293603433,0.0,-0.36858793379091126,0.0
2026-06-14,22:20:59,tidak pasti,0.5328,0.98511,-0.07617,0.36426,-22.557,7.649,-7.817,0.75269,-0.45361,-0.49756,-18.145,7.718,7.863,713.04,2867.328,1.0530569446141078,1.0098862420094652,25.068524866852457,21.228172742843412,0.23242000000000007,-4.411999999999999,0.37744,-0.06899999999999995,0.86182,-15.68,-0.07239549283884417,-1.2096049722287074,-0.4658354657748785,-0.8410170384377962,0.39343997293603433,-0.36858793379091126,1.0530569446141078,0.0,1.0098862420094652,0.0,25.068524866852457,0.0,21.228172742843412,0.0,-0.07239549283884417,0.0,-1.2096049722287074,0.0,0.39343997293603433,0.0,-0.36858793379091126,0.0
2026-06-14,22:21:00,tidak pasti,0.5328,0.98511,-0.07617,0.36426,-22.557,7.649,-7.817,0.75269,-0.45361,-0.49756,-18.145,7.718,7.863,713.04,2867.328,1.0530569446141078,1.0098862420094652,25.068524866852457,21.228172742843412,0.23242000000000007,-4.411999999999999,0.37744,-0.06899999999999995,0.86182,-15.68,-0.07239549283884417,-1.2096049722287074,-0.4658354657748785,-0.8410170384377962,0.39343997293603433,-0.36858793379091126,1.0530569446141078,0.0,1.0098862420094652,0.0,25.068524866852457,0.0,21.228172742843412,0.0,-0.07239549283884417,0.0,-1.2096049722287074,0.0,0.39343997293603433,0.0,-0.36858793379091126,0.0
2026-06-14,22:21:00,tidak pasti,0.5328,0.98511,-0.07617,0.36426,-22.557,7.649,-7.817,0.75269,-0.45361,-0.49756,-18.145,7.718,7.863,713.04,2867.328,1.0530569446141078,1.0098862420094652,25.068524866852457,21.228172742843412,0.23242000000000007,-4.411999999999999,0.37744,-0.06899999999999995,0.86182,-15.68,-0.07239549283884417,-1.2096049722287074,-0.4658354657748785,-0.8410170384377962,0.39343997293603433,-0.36858793379091126,1.0530569446141078,0.0,1.0098862420094652,0.0,25.068524866852457,0.0,21.228172742843412,0.0,-0.07239549283884417,0.0,-1.2096049722287074,0.0,0.39343997293603433,0.0,-0.36858793379091126,0.0
2026-06-14,22:21:00,tidak pasti,0.5328,0.98511,-0.07617,0.36426,-22.557,7.649,-7.817,0.75269,-0.45361,-0.49756,-18.145,7.718,7.863,713.04,2867.328,1.0530569446141078,1.0098862420094652,25.068524866852457,21.228172742843412,0.23242000000000007,-4.411999999999999,0.37744,-0.06899999999999995,0.86182,-15.68,-0.07239549283884417,-1.2096049722287074,-0.4658354657748785,-0.8410170384377962,0.39343997293603433,-0.36858793379091126,1.0530569446141078,0.0,1.0098862420094652,0.0,25.068524866852457,0.0,21.228172742843412,0.0,-0.07239549283884417,0.0,-1.2096049722287074,0.0,0.39343997293603433,0.0,-0.36858793379091126,0.0
2026-06-14,22:21:00,tidak pasti,0.5328,0.98511,-0.07617,0.36426,-22.557,7.649,-7.817,0.75269,-0.45361,-0.49756,-18.145,7.718,7.863,713.04,2867.328,1.0530569446141078,1.0098862420094652,25.068524866852457,21.228172742843412,0.23242000000000007,-4.411999999999999,0.37744,-0.06899999999999995,0.86182,-15.68,-0.07239549283884417,-1.2096049722287074,-0.4658354657748785,-0.8410170384377962,0.39343997293603433,-0.36858793379091126,1.0530569446141078,0.0,1.0098862420094652,0.0,25.068524866852457,0.0,21.228172742843412,0.0,-0.07239549283884417,0.0,-1.2096049722287074,0.0,0.39343997293603433,0.0,-0.36858793379091126,0.0
2026-06-14,22:21:01,tidak pasti,0.5328,0.98511,-0.07617,0.36426,-22.557,7.649,-7.817,0.75269,-0.45361,-0.49756,-18.145,7.718,7.863,713.04,2867.328,1.0530569446141078,1.0098862420094652,25.068524866852457,21.228172742843412,0.23242000000000007,-4.411999999999999,0.37744,-0.06899999999999995,0.86182,-15.68,-0.07239549283884417,-1.2096049722287074,-0.4658354657748785,-0.8410170384377962,0.39343997293603433,-0.36858793379091126,1.0530569446141078,0.0,1.0098862420094652,0.0,25.068524866852457,0.0,21.228172742843412,0.0,-0.07239549283884417,0.0,-1.2096049722287074,0.0,0.39343997293603433,0.0,-0.36858793379091126,0.0
2026-06-14,22:21:01,tidak pasti,0.5328,0.98511,-0.07617,0.36426,-22.557,7.649,-7.817,0.75269,-0.45361,-0.49756,-18.145,7.718,7.863,713.04,2867.328,1.0530569446141078,1.0098862420094652,25.068524866852457,21.228172742843412,0.23242000000000007,-4.411999999999999,0.37744,-0.06899999999999995,0.86182,-15.68,-0.07239549283884417,-1.2096049722287074,-0.4658354657748785,-0.8410170384377962,0.39343997293603433,-0.36858793379091126,1.0530569446141078,0.0,1.0098862420094652,0.0,25.068524866852457,0.0,21.228172742843412,0.0,-0.07239549283884417,0.0,-1.2096049722287074,0.0,0.39343997293603433,0.0,-0.36858793379091126,0.0
2026-06-14,22:21:01,tidak pasti,0.5328,0.98511,-0.07617,0.36426,-22.557,7.649,-7.817,0.75269,-0.45361,-0.49756,-18.145,7.718,7.863,713.04,2867.328,1.0530569446141078,1.0098862420094652,25.068524866852457,21.228172742843412,0.23242000000000007,-4.411999999999999,0.37744,-0.06899999999999995,0.86182,-15.68,-0.07239549283884417,-1.2096049722287074,-0.4658354657748785,-0.8410170384377962,0.39343997293603433,-0.36858793379091126,1.0530569446141078,0.0,1.0098862420094652,0.0,25.068524866852457,0.0,21.228172742843412,0.0,-0.07239549283884417,0.0,-1.2096049722287074,0.0,0.39343997293603433,0.0,-0.36858793379091126,0.0
2026-06-14,22:21:02,tidak pasti,0.5328,0.98511,-0.07617,0.36426,-22.557,7.649,-7.817,0.75269,-0.45361,-0.49756,-18.145,7.718,7.863,713.04,2867.328,1.0530569446141078,1.0098862420094652,25.068524866852457,21.228172742843412,0.23242000000000007,-4.411999999999999,0.37744,-0.06899999999999995,0.86182,-15.68,-0.07239549283884417,-1.2096049722287074,-0.4658354657748785,-0.8410170384377962,0.39343997293603433,-0.36858793379091126,1.0530569446141078,0.0,1.0098862420094652,0.0,25.068524866852457,0.0,21.228172742843412,0.0,-0.07239549283884417,0.0,-1.2096049722287074,0.0,0.39343997293603433,0.0,-0.36858793379091126,0.0
2026-06-14,22:21:02,tidak pasti,0.5328,0.98511,-0.07617,0.36426,-22.557,7.649,-7.817,0.75269,-0.45361,-0.49756,-18.145,7.718,7.863,713.04,2867.328,1.0530569446141078,1.0098862420094652,25.068524866852457,21.228172742843412,0.23242000000000007,-4.411999999999999,0.37744,-0.06899999999999995,0.86182,-15.68,-0.07239549283884417,-1.2096049722287074,-0.4658354657748785,-0.8410170384377962,0.39343997293603433,-0.36858793379091126,1.0530569446141078,0.0,1.0098862420094652,0.0,25.068524866852457,0.0,21.228172742843412,0.0,-0.07239549283884417,0.0,-1.2096049722287074,0.0,0.39343997293603433,0.0,-0.36858793379091126,0.0
2026-06-14,22:21:02,tidak pasti,0.5328,0.98511,-0.07617,0.36426,-22.557,7.649,-7.817,0.75269,-0.45361,-0.49756,-18.145,7.718,7.863,713.04,2867.328,1.0530569446141078,1.0098862420094652,25.068524866852457,21.228172742843412,0.23242000000000007,-4.411999999999999,0.37744,-0.06899999999999995,0.86182,-15.68,-0.07239549283884417,-1.2096049722287074,-0.4658354657748785,-0.8410170384377962,0.39343997293603433,-0.36858793379091126,1.0530569446141078,0.0,1.0098862420094652,0.0,25.068524866852457,0.0,21.228172742843412,0.0,-0.07239549283884417,0.0,-1.2096049722287074,0.0,0.39343997293603433,0.0,-0.36858793379091126,0.0
2026-06-14,22:21:03,tidak pasti,0.5328,0.98511,-0.07617,0.36426,-22.557,7.649,-7.817,0.75269,-0.45361,-0.49756,-18.145,7.718,7.863,713.04,2867.328,1.0530569446141078,1.0098862420094652,25.068524866852457,21.228172742843412,0.23242000000000007,-4.411999999999999,0.37744,-0.06899999999999995,0.86182,-15.68,-0.07239549283884417,-1.2096049722287074,-0.4658354657748785,-0.8410170384377962,0.39343997293603433,-0.36858793379091126,1.0530569446141078,0.0,1.0098862420094652,0.0,25.068524866852457,0.0,21.228172742843412,0.0,-0.07239549283884417,0.0,-1.2096049722287074,0.0,0.39343997293603433,0.0,-0.36858793379091126,0.0
2026-06-14,22:21:03,tidak pasti,0.6133,0.9707,-0.01123,0.4209,0.748,-0.832,5.214,0.78418,-0.35767,-0.52441,13.031,-6.87,-2.168,713.04,2867.328,1.0580838402036012,1.0088964017182338,5.332684502199619,14.889730857204908,0.18652000000000002,-12.283000000000001,0.34643999999999997,6.038,0.9453100000000001,7.382000000000001,-0.010613724934512271,-1.161530244987914,-0.36239648493344984,-0.8903073118651648,0.35178275999893754,-0.27122293312274914,1.0547325764772724,0.002902279521782142,1.0095562952457213,0.0005714845585971497,18.489911411968176,11.394492747215798,19.115358780963913,3.659501128916189,-0.051801570204066866,0.035669720330577,-1.193580063148443,0.027755956713690015,0.3795542352903354,0.02405080310292238,-0.3361329335681906,0.0562137093454115
2026-06-14,22:21:03,tidak pasti,0.6014,1.00342,-0.04883,0.39453,27.664,2.389,15.298,0.78149,-0.36401,-0.51563,20.626,-2.992,-11.962,713.04,2867.328,1.0793006931342164,1.0045417846461142,31.702255771474686,24.03067589561309,0.22192999999999996,7.038,0.31518,5.381,0.9101600000000001,27.259999999999998,-0.04525770591267692,-1.1935827633751495,-0.37080326314163087,-0.8914072020948653,0.32554555722895395,-0.3021755612802841,1.0634804926506418,0.013929338725233366,1.0077748094579377,0.002843287362532351,20.701155046842256,13.716559757821793,20.049526498553803,4.683067827363094,-0.04275564122867779,0.03096678796886061,-1.1882393268639235,0.024478747621790222,0.3569227633879753,0.0342378101983896,-0.31399547606464817,0.049747046423984045
2026-06-14,22:21:04,tidak pasti,0.6277,0.97363,-0.02515,0.39746,39.092,9.183,17.42,0.78809,-0.33179,-0.521,29.656,1.321,-28.977,713.04,2867.328,1.0519326741764419,1.001304874750942,43.771775757901345,41.48361008880495,0.18554000000000004,9.436,0.30663999999999997,7.862,0.91846,46.397000000000006,-0.023910652468687118,-1.1825200790445185,-0.33774212266329035,-0.9060332860440995,0.3138314701946032,-0.276486793000419,1.0631057358380864,0.014358505919524598,1.0049143537050966,0.0038094522180442147,26.935572010525217,19.65787093504064,26.80133894720765,13.511699872900355,-0.02659402777195877,0.01747717745425487,-1.1792110291358606,0.016280458906754128,0.33038659580749824,0.019433266332306506,-0.28329509580115075,0.016561432236811387
2026-06-14,22:21:04,tidak pasti,0.6449,0.94946,-0.02173,0.46558,3.534,7.046,-0.305,0.83521,-0.32593,-0.4812,11.656,3.595,-8.542,713.04,2867.328,1.0576914582712673,1.0175261908177107,7.88849142738965,14.891343962181521,0.11424999999999996,-8.122,0.3042,3.451,0.94678,8.237,-0.020546189303631016,-1.1144578038085304,-0.32606312771891904,-0.9628522916808835,0.30551693841528804,-0.15160551212764695,1.0629749418606418,0.01442873918773462,1.0077909500715891,0.00858490423394912,27.787507652255226,18.259147384633977,26.80187664886652,13.510988847912474,-0.029904849228331684,0.013401961027207473,-1.1635202154093995,0.04284782281773024,0.3149646552796151,0.010062279772668475,-0.24342262213611668,0.08054666021421823
2026-06-14,22:21:05,salah,0.6695,0.97705,-0.04175,0.43555,-11.611,-0.878,-4.168,0.82227,-0.38477,-0.46997,-10.473,2.992,14.611,713.04,2867.328,1.0705482555681458,1.0222757488564422,12.367636354615218,18.224080607811192,0.15478000000000003,-1.138,0.34302,-3.87,0.90552,-18.779,-0.039008601357052426,-1.1497534568768986,-0.3858920370451072,-0.9345847849831332,0.3468834356880548,-0.21516867189376532,1.0600574626719517,0.00953065843768586,1.0137022714750317,0.01099596105584546,21.342634513302073,19.5528889821277,24.86634488626589,14.487129132299382,-0.027821814376456852,0.009833008456681596,-1.148910446576649,0.03403896777738117,0.3220772814326487,0.02188131226376888,-0.21442032567394376,0.06244400367252717
2026-06-14,22:21:05,tidak pasti,0.6034,0.97266,-0.01318,0.44043,7.504,-0.466,0.13,0.8103,-0.35425,-0.47803,3.756,-4.496,-6.649,713.04,2867.328,1.0678107383333433,1.0052819671117155,7.519579243548138,8.861757895587083,0.16235999999999995,3.7479999999999998,0.34107,4.03,0.91846,6.779,-0.012343324710503147,-1.1454400069305768,-0.3601223035852032,-0.9374347808072874,0.34777897887470005,-0.20800522612328942,1.0653501507242522,0.006772383459297404,1.0150279689286228,0.008768009406483921,9.258569008517668,2.6988421353932917,13.992394155193267,4.74545621711654,-0.0239660384570622,0.013657626837537316,-1.1365504225386687,0.019253942826763862,0.33339311765934765,0.024145631620129355,-0.19159313671490055,0.03481503021577009
2026-06-14,22:21:06,tidak pasti,0.5864,0.97705,-0.00024,0.42627,1.328,0.969,0.634,0.81079,-0.32715,-0.49658,-3.817,3.214,3.71,713.04,2867.328,1.0659891523838316,1.0054845811846147,1.7619594206450955,6.21798882276255,0.16625999999999996,5.1450000000000005,0.32691,-2.245,0.92285,-3.076,-0.00022514300569168914,-1.1594080269357858,-0.3313982407540858,-0.9379839399681009,0.3311730977483941,-0.2214240869676849,1.0681160487617736,0.002294834700928897,1.0110140990509242,0.009753400964393227,7.216391672936151,5.309334970988992,11.101275775386943,6.3085767204822485,-0.01719235635774909,0.019841219502841245,-1.1515338302477538,0.007152180976542546,0.34194517077038294,0.009339628862705548,-0.2148659949949132,0.006714548873091666
2026-06-14,22:21:06,tidak pasti,0.5753,0.97876,-0.01538,0.42017,-1.893,3.71,0.29,0.80615,-0.34644,-0.50391,0.038,3.725,0.573,713.04,2867.328,1.0652466901614857,1.01184177824401,4.17512263292948,3.7690049084605874,0.17260999999999993,-1.931,0.33106,-0.015000000000000124,0.92408,-0.283,-0.014438471874500864,-1.1650565153819252,-0.3494547313010031,-0.9218408105815268,0.3350162594265022,-0.24321570480039845,1.066348860292887,0.0013193286519208197,1.00753610884678,0.0037301950129068778,4.4855537657075715,2.891335698672836,6.28291720893674,2.546997255292956,-0.009002313196898567,0.007673098971977349,-1.1566348497494292,0.01009800647334167,0.33798944534986547,0.008693025819380426,-0.22421500596379093,0.017770379112441757
2026-06-14,22:21:06,tidak pasti,0.502,0.98145,-0.01074,0.41406,3.008,3.099,1.42,0.8064,-0.33911,-0.50757,1.26,0.351,-1.588,713.04,2867.328,1.0652723284212353,1.0113870955277213,4.54623635549231,2.057314997758,0.17505000000000004,1.748,0.32837000000000005,2.748,0.92163,3.008,-0.010082099813136094,-1.1714457798500897,-0.341915151723583,-0.9228431357124113,0.33183305191044693,-0.2486026441376784,1.0655027236555175,0.00042145463680885796,1.0095711516521153,0.0035463682454744357,3.494439469688962,1.5118024636240968,4.014769576327046,2.0911962780901585,-0.008248571564442883,0.0072818987058526205,-1.1653034407226002,0.006022674065509336,0.33267413636178106,0.0020550037011467306,-0.23774747863525392,0.014390782310407238
2026-06-14,22:21:07,tidak pasti,0.5027,0.98462,-0.01099,0.41553,-0.214,3.351,1.366,0.80957,-0.34253,-0.50024,1.656,3.634,-0.038,713.04,2867.328,1.0687668152595309,1.0114200133475708,3.625045241096999,3.9937120577227394,0.17505000000000004,-1.8699999999999999,0.33154,-0.2829999999999999,0.91577,1.4040000000000001,-0.010283060362711888,-1.1713266348907165,-0.3454950017131558,-0.9280107070858992,0.3352119413504439,-0.24331592780481737,1.0664286112807506,0.0020249846208993207,1.0115496290397674,0.00025354341614510563,4.1154680765062635,0.4634838367049675,3.2733439879804425,1.0590883837189604,-0.011601210683449615,0.0024591938893274794,-1.1692763100409105,0.0036549348972773643,0.33402041756246437,0.0018968392724631558,-0.24504475891429808,0.0030816264552529396
2026-06-14,22:21:07,tidak pasti,0.5404,0.96973,-0.02197,0.43652,-0.023,1.618,0.534,0.81958,-0.34424,-0.49341,-0.275,1.435,0.45,713.04,2867.328,1.0636769548128793,1.0166936520407708,1.7039979460081518,1.5288394291095453,0.15015,0.252,0.32227,0.18300000000000005,0.92993,0.08400000000000002,-0.02065623619839282,-1.1473473925404465,-0.34541557330267797,-0.9375705615105434,0.3247593371042852,-0.20977683102990308,1.0659053661645486,0.0026033098989443134,1.0131669203053544,0.0030542836223754638,3.291759847532487,1.4501341866390667,2.5266221615300952,1.297723460255491,-0.013673798791413602,0.006047802939283693,-1.1633732690937508,0.013878944064900948,0.33060144345505865,0.0053340302232216235,-0.23389846765746627,0.021056527671726503
2026-06-14,22:21:08,tidak pasti,0.5204,0.97241,-0.01782,0.427,1.687,2.107,1.168,0.81885,-0.34839,-0.48682,1.626,2.344,-1.366,713.04,2867.328,1.0621806628347175,1.014339502829304,2.941027371514927,3.1629366101773204,0.15356000000000003,0.061000000000000165,0.33057,-0.23699999999999966,0.91382,2.534,-0.01677759410671531,-1.1567105974776568,-0.35060374233434394,-0.9395186127644748,0.3338261482276286,-0.21719198471318202,1.0648748109690425,0.003452607053932208,1.0141510560725486,0.0026418649476653245,2.756690186206692,0.9736995562839523,2.8951626990032016,1.2540639614671745,-0.015905630222606673,0.005241272268341063,-1.1584615416362734,0.012085130119621774,0.3312658088941192,0.005677212080655472,-0.22342824784930082,0.017617774733105548
2026-06-14,22:21:08,tidak pasti,0.5011,0.96777,-0.02368,0.4375,2.229,2.756,1.282,0.81274,-0.34644,-0.49146,1.58,1.489,-1.16,713.04,2867.328,1.0623303465965754,1.0109895710639156,3.769283884241143,2.4615281838727747,0.15503,0.649,0.32276000000000005,1.2669999999999997,0.92896,2.442,-0.022292464372275674,-1.1456728488003516,-0.34976192615950874,-0.9338327973300151,0.3274694617872331,-0.21184005147033647,1.062729321414724,0.0008240801539386443,1.0140075753113302,0.0028664903375943233,2.8047697339214075,1.039363319305457,2.3844347410532136,0.8197718880809111,-0.019908764892461267,0.002832398899587366,-1.1499102796061516,0.005948467579932424,0.32868498237304894,0.004654018017530968,-0.2129362890711405,0.003827195931060203
2026-06-14,22:21:08,tidak pasti,0.5583,0.98584,-0.00635,0.45264,0.191,10.626,6.71,0.80493,-0.34595,-0.46069,2.504,2.221,-0.023,713.04,2867.328,1.0848058801923965,0.9898631135162074,12.568709440511384,3.3471459484163524,0.18091000000000002,-2.313,0.33959999999999996,8.405,0.91333,6.733,-0.005853615263181984,-1.1403291181639632,-0.3570296777614544,-0.9495832922957503,0.3511760624982724,-0.19074582586821287,1.06977229654123,0.013019680462845821,1.005064062469809,0.013270536821308038,6.42634023208915,5.335543724134263,2.9905369141554825,0.46730177360042996,-0.014974557914057655,0.008366429623316785,-1.1475708548139905,0.00835404310780706,0.33749055750437806,0.012270764068663686,-0.20659262068391046,0.013982184264523327
2026-06-14,22:21:09,tidak pasti,0.6265,0.93896,-0.00513,0.45215,-18.45,10.389,-10.427,0.83179,-0.35034,-0.50342,-18.26,6.137,9.015,713.04,2867.328,1.0421668873074024,1.0334623438229378,23.602036988361828,21.268770392291135,0.10716999999999999,-0.18999999999999773,0.34520999999999996,4.252,0.95557,-19.442,-0.00492245606222518,-1.1219975509613749,-0.34584991171598833,-0.9354354473834485,0.34092745565376315,-0.18656210357792635,1.0631010380321249,0.021329941456278517,1.0114383428010203,0.02180307932125293,13.313343437704786,9.937322766448936,9.025814841526755,10.611953174119884,-0.011022845232560946,0.009770875141462508,-1.1359998393085633,0.012417202724322464,0.3398576599797562,0.011889452317338072,-0.1963826603054919,0.013548951592939628
2026-06-14,22:21:09,tidak pasti,0.5877,0.92236,-0.03735,0.45386,-27.695,-2.763,-15.618,0.80127,-0.30225,-0.47095,-35.252,6.962,-1.557,713.04,2867.328,1.028655380436033,0.9773344248004365,31.915029656887363,35.96661225358874,0.12108999999999992,7.557000000000002,0.2649,-9.725,0.9248099999999999,-14.061,-0.036317519431318585,-1.1121795123331477,-0.31441430894189476,-0.9611532343351614,0.27809678951057615,-0.1510262779979863,1.051876049311944,0.02930734593655962,1.0002199607131939,0.029462417354070083,22.695258695253525,9.704983855384755,20.19417619809874,16.336262118985886,-0.01569786358557525,0.017863214149812307,-1.1248353938194953,0.014287760187415979,0.32340010255420387,0.039567045822376336,-0.17611140248137516,0.021824836444081248
2026-06-14,22:21:09,tidak pasti,0.6361,1.01709,-0.01416,0.4104,-27.023,-7.443,-19.924,0.83984,-0.27393,-0.56274,-37.397,-0.947,20.687,713.04,2867.328,1.0968594867620922,1.0473992448441043,34.389047006278034,42.74791675625843,0.17725000000000002,10.373999999999999,0.25977,-6.4959999999999996,0.97314,-40.611000000000004,-0.01290994288591729,-1.1870663467538167,-0.26461067008014405,-0.9303576220109478,0.25170072719422676,-0.2567087247428689,1.0558939181685092,0.036114727773173566,1.019398671155826,0.03708921566444391,29.968704550509074,5.650755024458679,33.32776646737943,10.980030165884257,-0.018049972793153686,0.01631647730280072,-1.1404144700161132,0.04069885346037117,0.29024165745285535,0.045836400719291986,-0.19809903543959384,0.05377750910075517
2026-06-14,22:21:10,tidak pasti,0.6246,0.98071,-0.05908,0.39868,-16.122,5.359,2.832,0.7793,-0.31543,-0.54614,-8.023,13.099,22.382,713.04,2867.328,1.0602963231568805,1.0025335278682703,17.22376233579644,27.146017276941382,0.20140999999999998,-8.099,0.25634999999999997,-7.74,0.94482,-19.55,-0.055749145659579176,-1.1808765212578072,-0.32006985486502376,-0.8904113823209269,0.2643207092054446,-0.2904651389368803,1.0619370634516685,0.03413164296470804,1.0090890658376037,0.03548944998853057,27.842612999653948,9.279018403217647,35.28684876226285,7.823130808300666,-0.03499220265893835,0.02145033034666586,-1.160040793448257,0.04156446989199336,0.26470607530341583,0.013202250062934321,-0.23273338055924517,0.07274552791427435
2026-06-14,22:21:10,tidak pasti,0.6318,0.98608,-0.07446,0.40845,-5.58,5.305,4.55,0.79858,-0.30591,-0.52319,4.26,7.74,0.687,713.04,2867.328,1.0699203056770163,1.0025161946821608,8.943261429702254,8.86155567606501,0.1875,-9.84,0.23145000000000002,-2.4350000000000005,0.93164,3.8629999999999995,-0.06965026882886147,-1.1722825455672794,-0.31008774998163785,-0.9216095056572179,0.24043748115277638,-0.2506730399100615,1.0756920385319964,0.018952596347659376,1.0174829891315118,0.025908238882752184,20.18535692392558,12.978839808726928,26.251829903088275,16.96086805293233,-0.04610311912478598,0.029574491000866555,-1.1800751378596344,0.007424409464322033,0.2521529725174826,0.011948034981880686,-0.2659489678632702,0.021445031031293273
2026-06-14,22:21:11,tidak pasti,0.5524,0.97241,-0.06323,0.4314,-0.527,0.626,-1.229,0.80884,-0.30029,-0.50732,-2.084,-0.565,2.122,713.04,2867.328,1.0656853198763696,1.0008845148667254,1.4764978835067797,3.027402351852162,0.16357,1.557,0.23706,1.1909999999999998,0.93872,-3.351,-0.059367579241912494,-1.1492904350031874,-0.304718466534539,-0.9409621664603363,0.2453508872926265,-0.20832826854285114,1.0653006495700887,0.004823508921974827,1.0019780791390522,0.0009470940941202575,9.214507216335159,7.877135592343258,13.011658434952851,12.583497572542399,-0.06158899791011771,0.007211888242095632,-1.1674831672760912,0.01633082163295879,0.25003635921694917,0.012612191757151156,-0.24982214912993098,0.04107504571964795
2026-06-14,22:21:11,tidak pasti,0.5209,0.9812,-0.04663,0.41895,0.183,0.588,-0.504,0.80493,-0.30176,-0.52393,-3.107,-0.305,0.756,713.04,2867.328,1.06791708451546,1.0067144815686322,0.7957694389708617,3.212165935937931,0.17626999999999993,3.29,0.25512999999999997,0.893,0.9428799999999999,-1.26,-0.04367832548888154,-1.1650242826935595,-0.30442781760269083,-0.9265645064101676,0.26074949211380927,-0.23845977628339188,1.067840903356282,0.002118520441175907,1.003371730372506,0.0030076708470885096,3.7385095840599654,4.5202797628949565,5.033707987951701,3.3163003238619475,-0.05756539118655183,0.01307942550550082,-1.1621990877546755,0.011753534867429449,0.24884595351973737,0.010597455509187031,-0.23248702824543485,0.021795072949614545
2026-06-14,22:21:12,tidak pasti,0.5038,0.97681,-0.05127,0.41724,1.977,2.023,1.183,0.80371,-0.29565,-0.52979,2.389,0.992,-2.046,713.04,2867.328,1.0634263522219112,1.00699361005917,3.066031147917451,3.298105668410277,0.17309999999999992,-0.4119999999999997,0.24438000000000001,1.0310000000000001,0.94703,3.229,-0.048230780335066475,-1.1643959977213734,-0.2979871904260108,-0.9241820111661143,0.24975641009094432,-0.24021398655525905,1.0656762522045804,0.0022453798787920357,1.0048642021648426,0.0034493349245403584,1.7794328234650305,1.1650533207381129,3.17922465206679,0.13832540452209097,-0.05042556168862017,0.00807161506293376,-1.1595702384727067,0.008908111754492404,0.2519522631657934,0.007930673720087163,-0.22900067712716735,0.01792430391750721
2026-06-14,22:21:12,tidak pasti,0.5473,0.97046,-0.04761,0.42017,-0.145,2.321,-0.824,0.80371,-0.29834,-0.52856,-0.244,2.275,-0.183,713.04,2867.328,1.0585849765606916,1.0071406025476284,2.467193142013815,2.295354003198635,0.16674999999999995,0.099,0.25073,0.04600000000000026,0.9487300000000001,-0.641,-0.044990309005145945,-1.1598722843311167,-0.30073759363658803,-0.9239886924335574,0.2557472846314421,-0.23588359189755925,1.0633094710993543,0.004667151767134834,1.0069495647251436,0.00021644806714836613,2.1096645763007094,1.1766019136704329,2.9352085358489473,0.5557938256397037,-0.04563313827636465,0.002343316748881776,-1.1630975215820165,0.0028107475864994967,0.25541772894539855,0.005503945703130779,-0.23818578491207007,0.00217816044554295
2026-06-14,22:21:12,tidak pasti,0.5412,0.97534,-0.04224,0.42383,1.221,1.71,0.221,0.80347,-0.29785,-0.53198,0.29,1.427,-1.168,713.04,2867.328,1.0642857708811106,1.008603680243137,2.1127664329026055,1.8667225289260319,0.17186999999999997,0.931,0.25561,0.2829999999999999,0.95581,1.389,-0.03969901532078691,-1.159058680501626,-0.29977919180116197,-0.921676516133558,0.26008017648037507,-0.23738216436806803,1.0620990332212379,0.0030734501408176407,1.007579297616645,0.0008901806120163046,2.548663574277957,0.48182619036646723,2.4867274001783146,0.7346306934804726,-0.04430670155366644,0.0043067671083435585,-1.1611089875180387,0.0028755547039588207,0.2551946237342538,0.005184024852018515,-0.23782658094029543,0.002199138249431243
2026-06-14,22:21:13,benar,0.56,0.97876,-0.04272,0.42358,-0.45,3.244,0.26,0.802,-0.30029,-0.52441,0.038,3.809,-0.145,713.04,2867.328,1.0673406918130686,1.004183216450066,3.2853669505855816,3.811948320740983,0.17675999999999992,-0.488,0.25757,-0.565,0.9479900000000001,0.405,-0.04003540256301781,-1.1605134870698426,-0.303685468887029,-0.9250635960762151,0.2636500663240112,-0.23544989099362745,1.063403813084957,0.004443987461821091,1.0066424997469439,0.0022519335772843772,2.6217755085006673,0.6013898690027148,2.65800828428855,1.0220638145341798,-0.041574908962983555,0.0029626014210801395,-1.1598148173008618,0.0007291038214179114,0.25982584247860946,0.003957524978877828,-0.23623854908641825,0.001013861949594226
2026-06-14,22:21:14,tidak pasti,0.516,0.99438,-0.0896,0.40552,-5.137,-0.504,-5.313,0.79541,-0.30151,-0.53076,-13.58,1.427,4.321,713.04,2867.328,1.0776206265657686,1.002642272099077,7.407479598351925,14.322142646964524,0.1989700000000001,8.443000000000001,0.21191,-1.931,0.93628,-9.634,-0.08324224549843998,-1.1751694755104736,-0.3054427145888667,-0.9162329876276611,0.2222004690904267,-0.2589364878828124,1.0697490297533159,0.006986033406625713,1.0051430562640933,0.003094441163838831,4.2685376606133705,2.7809108867218306,6.666937832210514,6.700566872448947,-0.054325554460748236,0.02504315384533616,-1.164913881027314,0.008911342726547443,0.24864357063160433,0.022969855086867594,-0.2439228477481693,0.013038039065281946
2026-06-14,22:21:14,tidak pasti,0.5646,1.00146,-0.05908,0.39087,1.282,3.939,0.366,0.76392,-0.33228,-0.53833,0.977,13.176,6.489,713.04,2867.328,1.07665776126864,0.9918583334831643,4.158509468547595,14.719667998973348,0.23753999999999997,0.30500000000000005,0.2732,-9.237,0.9292,-6.123,-0.054901094522965634,-1.194838310931619,-0.3416132104161789,-0.8791399856517781,0.28671211589321327,-0.3156983252798409,1.0738730265491592,0.005677616156746944,0.9995612740107691,0.0067152882999967555,4.950452005828367,2.1721723934772865,10.951252988892952,6.186013252482959,-0.05939291419480781,0.021950857661713844,-1.1768404245039783,0.01722331083705062,0.25752088376921706,0.03268965130426394,-0.27002823471876025,0.04125800452338609
2026-06-14,22:21:15,tidak pasti,0.6063,0.97119,-0.05786,0.4519,36.229,-2.221,12.588,0.82471,-0.31177,-0.49609,24.885,-6.779,-21.565,713.04,2867.328,1.0727401389432578,1.0116582452093197,38.41784775335547,33.61944810671347,0.14647999999999994,11.343999999999998,0.25390999999999997,4.558,0.94799,34.153,-0.05396282719947793,-1.132169623812048,-0.3132763739385481,-0.9530850052832464,0.2593135467390702,-0.17908461852880164,1.075672842259222,0.0025850220404678805,1.0020529502638535,0.00991310250426116,16.661278940084994,18.911641034585553,20.88708625088378,11.028340102763089,-0.06403538907362784,0.016640239982797466,-1.1673924700847136,0.03204999916329013,0.2560753772409034,0.032377499124793645,-0.25123981056381833,0.06863130007058933
2026-06-14,22:21:15,tidak pasti,0.621,0.98804,-0.04102,0.41162,17.695,-2.42,7.511,0.79907,-0.31982,-0.53613,14.733,-6.374,-13.366,713.04,2867.328,1.0711380426443642,1.0140182809989176,19.37484312194553,20.888731914599315,0.18897000000000008,2.9619999999999997,0.2788,3.9539999999999997,0.94775,20.877,-0.03830508426214998,-1.1743027387111644,-0.3208767194396803,-0.9075915379019979,0.28257163517753037,-0.26671120080916655,1.0735119809520874,0.002839652881557931,1.0058449532304672,0.012170110566415473,20.650400114616197,17.165251211659818,23.075949340095377,9.637860866397041,-0.04905633532819784,0.009322667858852305,-1.1671035578182771,0.031948587456553615,0.27619909926993796,0.014769133635516879,-0.2538313815392697,0.06921158520351661
2026-06-14,22:21:16,tidak pasti,0.6003,0.96313,-0.04614,0.48145,-6.427,7.405,-8.305,0.83838,-0.35376,-0.48462,-17.313,9.58,4.214,713.04,2867.328,1.0777487643231145,1.0309625145464796,12.84964509237512,20.230525573993372,0.12475000000000003,10.886,0.30762,-2.175,0.96607,-12.519,-0.042824550134344046,-1.1054134950081103,-0.3502532120059905,-0.9496317488506265,0.30742866187164647,-0.15578174615748375,1.073875648636912,0.0034485427323380467,1.0188796802515723,0.010530365885413803,23.547445322558705,13.284999197277433,24.912901865102054,7.547269008700556,-0.04503082053199065,0.008058656852944518,-1.1372952858437742,0.03472947282845379,0.2831046145960823,0.024061985087492598,-0.20052585516515065,0.05849043467697837
2026-06-14,22:21:16,tidak pasti,0.5583,0.93457,-0.12354,0.44824,-4.916,1.031,0.489,0.86548,-0.34375,-0.48804,-10.313,7.664,13.519,713.04,2867.328,1.043840176511711,1.051381345896911,5.04669575068678,18.650957777015098,0.06908999999999998,5.397,0.22021000000000002,-6.633,0.93628,-13.03,-0.11862950031295037,-1.1091469789783261,-0.3330752689782671,-0.9669957855717073,0.21444576866531673,-0.14215119340661886,1.0642423278263966,0.017975295379463792,1.0321207138141026,0.018708439908248782,12.423727988335811,7.173562978587571,19.92340508853593,1.1500654403775945,-0.06658637823648146,0.04512727899554953,-1.1296210708992003,0.038740460819187465,0.2681486885714979,0.04814011475739625,-0.1882147134577564,0.06832072809152505
2026-06-14,22:21:17,tidak pasti,0.624,0.93945,-0.10034,0.45264,26.595,-6.015,18.916,0.80444,-0.34937,-0.49585,9.122,-21.718,-19.366,713.04,2867.328,1.047624640651412,1.007497063519294,33.185679230656106,30.49466123766585,0.13500999999999996,17.473,0.24903000000000003,15.703,0.94849,38.282,-0.09592562535203168,-1.1123540070258398,-0.3541254792892175,-0.9247228592100348,0.2581998539371858,-0.18763114781580492,1.0564045271620792,0.018581250958857955,1.0299469746542282,0.02195975980980155,17.02734002457267,14.527231292692303,23.12538152955811,6.430666463793555,-0.08579322526644202,0.038904970974363795,-1.1089714936707586,0.003473582169308954,0.26002476149138304,0.04651830094641198,-0.1618546957933025,0.023340246383121245
2026-06-14,22:21:17,tidak pasti,0.622,0.94336,-0.12671,0.42749,16.863,-0.076,10.702,0.81323,-0.31885,-0.47681,28.107,-0.885,-10.122,713.04,2867.328,1.0434228355753001,0.9951663838273478,19.972464770278105,29.88714703681166,0.13012999999999997,-11.244,0.19214000000000003,0.809,0.9043,20.823999999999998,-0.12173733483223383,-1.1292720321130523,-0.3261503284633607,-0.956501212331727,0.20441299363112686,-0.17277081978132525,1.0449625509128078,0.002314861701395553,1.0180149310811843,0.029546567375207982,19.401613250540333,14.078174647825863,26.344255350497534,6.669511904305512,-0.1120974868324053,0.0140911847143917,-1.116924339372406,0.01081297342258076,0.2256862054112098,0.028600999092246622,-0.167517720334583,0.023190576827958234
2026-06-14,22:21:18,tidak pasti,0.6272,0.95386,-0.07739,0.45825,17.992,1.206,6.527,0.83521,-0.30908,-0.46875,16.053,-2.031,-10.527,713.04,2867.328,1.0610519187108611,1.0063959225871297,19.177284192502338,19.303924445562878,0.11865000000000003,1.939,0.23169,3.237,0.927,17.054,-0.07300187679433567,-1.1174255137319822,-0.3121607856465262,-0.9789320244488486,0.23915890885219054,-0.13849348928313354,1.0506997983125244,0.009208071949689301,1.0030197899779238,0.00682349756082249,24.11180939781218,7.868253513033514,26.56191090668013,6.292936038001726,-0.09688827899286706,0.02438198605661756,-1.1196838509569582,0.008682163237302747,0.2339239188068344,0.02727288811213635,-0.16629848562675456,0.02520011316590998
2026-06-14,22:21:18,tidak pasti,0.6127,0.95386,-0.07739,0.45825,17.992,1.206,6.527,0.83521,-0.30908,-0.46875,16.053,-2.031,-10.527,713.04,2867.328,1.0610519187108611,1.0063959225871297,19.177284192502338,19.303924445562878,0.11865000000000003,1.939,0.23169,3.237,0.927,17.054,-0.07300187679433567,-1.1174255137319822,-0.3121607856465262,-0.9789320244488486,0.23915890885219054,-0.13849348928313354,1.055175557665674,0.010178155893882448,1.0026527430005359,0.006483377225835385,19.44234438509426,0.459097720633201,22.83166530931247,6.1102264119512135,-0.08924702947363505,0.028137429817260206,-1.1213743531923388,0.006839590576270588,0.227576937111836,0.02006056350612103,-0.14991926611586412,0.019790025990232753
2026-06-14,22:21:18,tidak pasti,0.55,0.95386,-0.07739,0.45825,17.992,1.206,6.527,0.83521,-0.30908,-0.46875,16.053,-2.031,-10.527,713.04,2867.328,1.0610519187108611,1.0063959225871297,19.177284192502338,19.303924445562878,0.11865000000000003,1.939,0.23169,3.237,0.927,17.054,-0.07300187679433567,-1.1174255137319822,-0.3121607856465262,-0.9789320244488486,0.23915890885219054,-0.13849348928313354,1.0610519187108611,0.0,1.0063959225871297,0.0,19.177284192502338,0.0,19.303924445562878,0.0,-0.07300187679433567,0.0,-1.1174255137319822,0.0,0.23915890885219054,0.0,-0.13849348928313354,0.0
2026-06-14,22:21:19,tidak pasti,0.55,0.95386,-0.07739,0.45825,17.992,1.206,6.527,0.83521,-0.30908,-0.46875,16.053,-2.031,-10.527,713.04,2867.328,1.0610519187108611,1.0063959225871297,19.177284192502338,19.303924445562878,0.11865000000000003,1.939,0.23169,3.237,0.927,17.054,-0.07300187679433567,-1.1174255137319822,-0.3121607856465262,-0.9789320244488486,0.23915890885219054,-0.13849348928313354,1.0610519187108611,0.0,1.0063959225871297,0.0,19.177284192502338,0.0,19.303924445562878,0.0,-0.07300187679433567,0.0,-1.1174255137319822,0.0,0.23915890885219054,0.0,-0.13849348928313354,0.0
2026-06-14,22:21:19,tidak pasti,0.55,0.95386,-0.07739,0.45825,17.992,1.206,6.527,0.83521,-0.30908,-0.46875,16.053,-2.031,-10.527,713.04,2867.328,1.0610519187108611,1.0063959225871297,19.177284192502338,19.303924445562878,0.11865000000000003,1.939,0.23169,3.237,0.927,17.054,-0.07300187679433567,-1.1174255137319822,-0.3121607856465262,-0.9789320244488486,0.23915890885219054,-0.13849348928313354,1.0610519187108611,0.0,1.0063959225871297,0.0,19.177284192502338,0.0,19.303924445562878,0.0,-0.07300187679433567,0.0,-1.1174255137319822,0.0,0.23915890885219054,0.0,-0.13849348928313354,0.0
2026-06-14,22:21:19,tidak pasti,0.55,0.95386,-0.07739,0.45825,17.992,1.206,6.527,0.83521,-0.30908,-0.46875,16.053,-2.031,-10.527,713.04,2867.328,1.0610519187108611,1.0063959225871297,19.177284192502338,19.303924445562878,0.11865000000000003,1.939,0.23169,3.237,0.927,17.054,-0.07300187679433567,-1.1174255137319822,-0.3121607856465262,-0.9789320244488486,0.23915890885219054,-0.13849348928313354,1.0610519187108611,0.0,1.0063959225871297,0.0,19.177284192502338,0.0,19.303924445562878,0.0,-0.07300187679433567,0.0,-1.1174255137319822,0.0,0.23915890885219054,0.0,-0.13849348928313354,0.0
2026-06-14,22:21:20,tidak pasti,0.55,0.95386,-0.07739,0.45825,17.992,1.206,6.527,0.83521,-0.30908,-0.46875,16.053,-2.031,-10.527,713.04,2867.328,1.0610519187108611,1.0063959225871297,19.177284192502338,19.303924445562878,0.11865000000000003,1.939,0.23169,3.237,0.927,17.054,-0.07300187679433567,-1.1174255137319822,-0.3121607856465262,-0.9789320244488486,0.23915890885219054,-0.13849348928313354,1.0610519187108611,0.0,1.0063959225871297,0.0,19.177284192502338,0.0,19.303924445562878,0.0,-0.07300187679433567,0.0,-1.1174255137319822,0.0,0.23915890885219054,0.0,-0.13849348928313354,0.0
2026-06-14,22:21:20,tidak pasti,0.55,0.95386,-0.07739,0.45825,17.992,1.206,6.527,0.83521,-0.30908,-0.46875,16.053,-2.031,-10.527,713.04,2867.328,1.0610519187108611,1.0063959225871297,19.177284192502338,19.303924445562878,0.11865000000000003,1.939,0.23169,3.237,0.927,17.054,-0.07300187679433567,-1.1174255137319822,-0.3121607856465262,-0.9789320244488486,0.23915890885219054,-0.13849348928313354,1.0610519187108611,0.0,1.0063959225871297,0.0,19.177284192502338,0.0,19.303924445562878,0.0,-0.07300187679433567,0.0,-1.1174255137319822,0.0,0.23915890885219054,0.0,-0.13849348928313354,0.0
2026-06-14,22:21:21,tidak pasti,0.55,0.95386,-0.07739,0.45825,17.992,1.206,6.527,0.83521,-0.30908,-0.46875,16.053,-2.031,-10.527,713.04,2867.328,1.0610519187108611,1.0063959225871297,19.177284192502338,19.303924445562878,0.11865000000000003,1.939,0.23169,3.237,0.927,17.054,-0.07300187679433567,-1.1174255137319822,-0.3121607856465262,-0.9789320244488486,0.23915890885219054,-0.13849348928313354,1.0610519187108611,0.0,1.0063959225871297,0.0,19.177284192502338,0.0,19.303924445562878,0.0,-0.07300187679433567,0.0,-1.1174255137319822,0.0,0.23915890885219054,0.0,-0.13849348928313354,0.0
2026-06-14,22:21:21,tidak pasti,0.5872,0.948,-0.06641,0.46143,13.351,0.824,2.076,0.83521,-0.30908,-0.46875,16.053,-2.031,-10.527,713.04,2867.328,1.056424125529136,1.0063959225871297,13.536541397269836,19.303924445562878,0.11278999999999995,-2.702,0.24267000000000002,2.855,0.93018,12.603,-0.06290448662676006,-1.113765850496918,-0.3121607856465262,-0.9789320244488486,0.24925629901976615,-0.13483382604806926,1.0595093209836195,0.002671857639222948,1.0063959225871297,0.0,17.297036594091505,3.2566843712569273,19.303924445562878,0.0,-0.06963608007181048,0.005829730931362461,-1.1162056259869608,0.0021129075539077715,0.24252470557471573,0.0058297309313624516,-0.1372736015381121,0.0021129075539077355
2026-06-14,22:21:22,tidak pasti,0.5822,0.948,-0.06641,0.46143,13.351,0.824,2.076,0.83521,-0.30908,-0.46875,16.053,-2.031,-10.527,713.04,2867.328,1.056424125529136,1.0063959225871297,13.536541397269836,19.303924445562878,0.11278999999999995,-2.702,0.24267000000000002,2.855,0.93018,12.603,-0.06290448662676006,-1.113765850496918,-0.3121607856465262,-0.9789320244488486,0.24925629901976615,-0.13483382604806926,1.0579667232563776,0.0026718576392230123,1.0063959225871297,0.0,15.41678899568067,3.2566843712569256,19.303924445562878,0.0,-0.06627028334928527,0.005829730931362468,-1.1149857382419393,0.002112907553907835,0.24589050229724094,0.005829730931362458,-0.1360537137930907,0.0021129075539077415
2026-06-14,22:21:23,tidak pasti,0.5322,0.948,-0.06641,0.46143,13.351,0.824,2.076,0.83521,-0.30908,-0.46875,16.053,-2.031,-10.527,713.04,2867.328,1.056424125529136,1.0063959225871297,13.536541397269836,19.303924445562878,0.11278999999999995,-2.702,0.24267000000000002,2.855,0.93018,12.603,-0.06290448662676006,-1.113765850496918,-0.3121607856465262,-0.9789320244488486,0.24925629901976615,-0.13483382604806926,1.056424125529136,0.0,1.0063959225871297,0.0,13.536541397269836,0.0,19.303924445562878,0.0,-0.06290448662676006,0.0,-1.113765850496918,0.0,0.24925629901976615,0.0,-0.13483382604806926,0.0
2026-06-14,22:21:23,tidak pasti,0.5322,0.948,-0.06641,0.46143,13.351,0.824,2.076,0.83521,-0.30908,-0.46875,16.053,-2.031,-10.527,713.04,2867.328,1.056424125529136,1.0063959225871297,13.536541397269836,19.303924445562878,0.11278999999999995,-2.702,0.24267000000000002,2.855,0.93018,12.603,-0.06290448662676006,-1.113765850496918,-0.3121607856465262,-0.9789320244488486,0.24925629901976615,-0.13483382604806926,1.056424125529136,0.0,1.0063959225871297,0.0,13.536541397269836,0.0,19.303924445562878,0.0,-0.06290448662676006,0.0,-1.113765850496918,0.0,0.24925629901976615,0.0,-0.13483382604806926,0.0
2026-06-14,22:21:24,tidak pasti,0.5322,0.948,-0.06641,0.46143,13.351,0.824,2.076,0.83521,-0.30908,-0.46875,16.053,-2.031,-10.527,713.04,2867.328,1.056424125529136,1.0063959225871297,13.536541397269836,19.303924445562878,0.11278999999999995,-2.702,0.24267000000000002,2.855,0.93018,12.603,-0.06290448662676006,-1.113765850496918,-0.3121607856465262,-0.9789320244488486,0.24925629901976615,-0.13483382604806926,1.056424125529136,0.0,1.0063959225871297,0.0,13.536541397269836,0.0,19.303924445562878,0.0,-0.06290448662676006,0.0,-1.113765850496918,0.0,0.24925629901976615,0.0,-0.13483382604806926,0.0
2026-06-14,22:21:24,tidak pasti,0.5729,0.97729,-0.04565,0.41772,0.198,2.489,0.458,0.80273,-0.32007,-0.52734,-0.107,3.115,0.351,713.04,2867.328,1.0637996357397383,1.0123772683145351,2.538521026109494,3.1365386973541396,0.17455999999999994,0.305,0.27442,-0.6260000000000003,0.94506,0.10700000000000004,-0.042925397296726495,-1.1647221906026946,-0.32167579447227335,-0.9155795650958026,0.27875039717554684,-0.24914262550689192,1.05888262893267,0.004258252805502128,1.0083897044962649,0.0034533315658337167,9.870534606883055,6.349710021842411,13.914795862826631,9.334244513820833,-0.05624479018341553,0.011534932602858457,-1.1307512971988434,0.029419656676988308,0.25908766507169306,0.017028425509745218,-0.17293675920101015,0.0659962161382942
2026-06-14,22:21:25,tidak pasti,0.5577,0.96973,-0.04419,0.42163,0.542,2.679,0.908,0.80518,-0.31934,-0.5188,1.55,1.901,-1.725,713.04,2867.328,1.0583481874600627,1.009676338239141,2.8801508641041704,2.9986540313947523,0.16454999999999997,-1.008,0.27515,0.7779999999999998,0.9404300000000001,2.633,-0.04176588624041815,-1.1586607079485443,-0.32180516275957005,-0.9230795089963042,0.2800392765191519,-0.23558119895224006,1.0595239829096457,0.003825755993410969,1.0094831763802687,0.002995347693587554,6.318404429161167,6.25342335879595,8.47970572477059,9.374301906378914,-0.0491985900546349,0.011883804824498313,-1.145716249682719,0.027835344421987422,0.2693486575714883,0.017412422479908273,-0.20651921683573374,0.062450576553258766
2026-06-14,22:21:25,tidak pasti,0.5131,0.97852,-0.03467,0.44189,1.84,2.855,0.763,0.80566,-0.31372,-0.51074,1.031,1.244,-1.817,713.04,2867.328,1.0742300365377986,1.0041731034039898,3.481205825572513,2.4314575875387994,0.1728599999999999,0.8090000000000002,0.27905,1.611,0.95263,2.58,-0.03227988465354965,-1.1454686901448043,-0.3177355442780438,-0.9311582917048036,0.28545565962449415,-0.21431039844000077,1.0654592865791999,0.008069951252249892,1.0087422366525554,0.004181087155322501,2.966625905262059,0.4772547614661399,2.8555501054292307,0.3736895677894518,-0.0389903893968981,0.005840314366992744,-1.156283862898681,0.00984435697563785,0.2814151111063976,0.0035580650269369856,-0.23301140763304426,0.017557729955151574
2026-06-14,22:21:26,tidak pasti,0.5282,0.97754,-0.05493,0.43726,0.374,4.87,0.87,0.81104,-0.33105,-0.50635,3.229,2.947,-1.221,713.04,2867.328,1.0722863722439075,1.0118153520282245,4.9612171893598855,4.538952632491332,0.16649999999999998,-2.855,0.27612000000000003,1.923,0.94361,2.091,-0.05124941841608136,-1.1472588664046848,-0.3333222284639359,-0.9299150926806483,0.2820728100478545,-0.21734377372403646,1.0682881987472561,0.008662985975631542,1.0085549312237851,0.003942607801851647,3.7741912930121893,1.0710227007988513,3.323021417141628,1.0905477943799926,-0.041765063103349716,0.009484766908054389,-1.1504627548326778,0.007155837423238343,0.2825225820638335,0.002736059691550527,-0.22241179037209244,0.0115054479776582
2026-06-14,22:21:26,benar,0.6583,0.44556,0.01147,0.43042,25.405,60.992,21.435,0.76294,-0.18311,-0.23047,5.824,92.458,-16.885,713.04,2867.328,0.6196100797275654,0.8177549367628422,69.4614807933145,94.16742517983594,-0.31737999999999994,19.581000000000003,0.19458,-31.466,0.66089,38.32,0.018512699437053085,-0.8025025749442978,-0.22583264144776613,-1.2025747960604924,0.2443453408848192,0.40007222111619467,0.9220421628364238,0.2619156698784829,0.9445811307316855,0.10990115376316872,25.9679679360823,37.67375550573505,33.71261179995536,52.36600738492736,-0.021672201210859308,0.0360704932438399,-1.0317433771645956,0.1985303761007737,0.270624603519056,0.022821276284729027,-0.01052731701594752,0.35559286533499207
2026-06-14,22:21:27,benar,0.806,1.17822,-0.07324,1.2373,-17.977,-4.298,-12.107,1.49023,-0.16382,0.26514,-34.557,-50.794,-19.718,713.04,2867.328,1.7101104514036514,1.5224722213886202,22.09580915015334,64.5214399172864,-0.3120099999999999,16.580000000000002,0.09058,46.495999999999995,0.9721600000000001,7.611000000000001,-0.04284074631026953,-0.7600711863433885,-0.10781003105485004,-1.3646278689228644,0.06496928474458051,0.6045566825794758,1.1340023011250413,0.54786349309355,1.117347503393229,0.36401839107574924,32.17283571094257,33.41004114746114,54.40927257653789,45.66188475126714,-0.025192488429765934,0.038082594797377224,-0.9032775425641236,0.21235647028497837,0.19712914522575142,0.11599789663680916,0.26242837665721136,0.42788954293843995
2026-06-14,22:21:28,benar,0.7234,0.22168,-0.15698,1.0769,-14.267,24.015,20.443,0.90332,-0.24316,0.31567,23.359,61.931,-4.748,713.04,2867.328,1.110629710029405,0.987300033880279,34.61479110149301,66.35989109394318,-0.68164,-37.626000000000005,0.08617999999999998,-37.916,0.76123,25.191000000000003,-0.14181814409968665,-0.20094813629828218,-0.24884824643977102,-1.1553584936165275,0.10703010234008437,0.9544103573182454,1.1467834137202073,0.5461484073714232,1.1091757306772472,0.3678272378643163,42.05736034832028,24.54425778664542,75.01625206368851,16.610856373941832,-0.055382063657634366,0.08089782647207597,-0.5878406325286561,0.33572974013956197,0.13878157598982802,0.09380863200315998,0.6530130870046387,0.2803278610116234
2026-06-14,22:21:29,tidak pasti,0.5357,0.96924,-0.07739,0.43604,15.382,15.336,-4.061,1.15503,-0.35864,-0.39136,-5.725,61.733,-13.649,713.04,2867.328,1.0656201346164589,1.271172529635533,22.097297142410877,63.482549688871195,-0.18579,21.107,0.28125,-46.397,0.8273999999999999,9.588,-0.07268837090066237,-1.1422117452469052,-0.28601693639105,-1.1400001127495354,0.21332856549038764,-0.0022116324973697754,1.2954534320165052,0.35980800194685436,1.2603149283014774,0.2677512524726313,26.269299131352412,7.227408091514633,64.78796023336692,1.457068357867315,-0.08578242043687284,0.05077127059896845,-0.7010770226295252,0.47339679857068123,0.12844265085835085,0.07646235656444705,0.5189184691334505,0.4840266888833373
2026-06-14,22:21:29,benar,0.6731,0.89233,-0.10791,1.20313,18.038,-49.969,15.313,0.94946,-0.27319,0.16724,7.565,32.855,-7.702,713.04,2867.328,1.5018053115833623,1.002036069859763,55.287958670943894,34.58324817017626,-0.057130000000000014,10.472999999999999,0.16527999999999998,-82.824,1.03589,23.015,-0.07191549448009939,-0.6362352874437954,-0.27613061553207835,-1.2454208321587825,0.20421512105197898,0.6091855447149871,1.226018385409742,0.23989640880166138,1.0868362111251917,0.1598098758855555,37.333348971615926,16.76150115130849,54.808562984330216,17.57462070398852,-0.09547400316014946,0.04013706371993509,-0.6597983896629942,0.47107399654660503,0.17485792962748367,0.05891709712197252,0.520461423178621,0.48444337662568643
2026-06-14,22:21:30,benar,0.7998,0.5979,-0.27905,1.23071,6.611,60.542,4.603,0.95264,-0.27759,0.38843,35.229,34.015,-15.733,713.04,2867.328,1.3964241535436144,1.0655782667641078,61.07558181466633,51.435687562236396,-0.35474000000000006,-28.618,-0.0014600000000000168,26.527,0.8422799999999999,20.336,-0.20118629020760875,-0.4424612991783624,-0.26354671644078315,-1.1062216899318529,0.06236042623317439,0.6637603907534905,1.3212831999144785,0.2275939351908002,1.1129289554198012,0.14067755429451057,46.1536125426737,21.033399116432168,49.83382847376129,14.516090088987754,-0.1152633851961235,0.07441242193814084,-0.7403027772896876,0.3612965589725424,0.159968037591847,0.08465339959943868,0.42357810099036924,0.36975299364941117
2026-06-14,22:21:31,benar,0.5527,1.06836,-0.01318,0.52686,-56.321,-38.214,-41.015,0.9082,-0.39966,-0.34204,12.87,-49.206,14.176,713.04,2867.328,1.191280093680743,1.0495459576407313,79.46442639319811,52.799870378628775,0.16015999999999997,-69.191,0.38648,10.992000000000004,0.8689,-55.191,-0.011063954614080856,-1.1125209287854076,-0.3906540107041062,-1.0458015632156767,0.3795900560900254,-0.0667193655697309,1.3631698529359066,0.1579109373034311,1.039053431421534,0.033045007591208674,65.27598895960277,12.62370638991278,46.27293537034714,10.146518556505688,-0.09472191310059634,0.0970913238688428,-0.7304058384691885,0.3448130599580043,0.21538853445839293,0.15890970200129897,0.40207552329958224,0.40690427538614693
2026-06-14,22:21:31,tidak pasti,0.5313,0.93359,-0.01318,0.47754,-5.267,5.191,-0.443,0.82104,-0.3186,-0.49951,-3.939,6.412,1.435,713.04,2867.328,1.0487175273161025,1.0124835216930694,7.408374923017868,7.660854390993213,0.11255000000000004,-1.3280000000000003,0.30541999999999997,-1.221,0.97705,-1.8780000000000001,-0.01256806206399819,-1.0978293233745724,-0.32011085651610277,-0.945717337925055,0.3075427944521046,-0.15211198544951743,1.2121405915134866,0.17478942976622497,1.0425359153659695,0.02723267353860259,49.3161277102941,37.43971432840993,37.298804110619464,25.67627886545196,-0.0749394356285626,0.1093355697068998,-0.8842705171127808,0.3826885151219641,0.2498310922584348,0.16630285608595782,0.14830967991141406,0.4484306539066936
2026-06-14,22:21:32,tidak pasti,0.6368,0.95288,-0.0481,0.48486,0.695,-1.046,-1.115,0.80957,-0.34131,-0.49463,2.931,-7.389,1.985,713.04,2867.328,1.0702257350671398,1.0082434913749754,1.679394533753162,8.193186620601292,0.14330999999999994,-2.236,0.29321,6.343,0.97949,-3.1,-0.04495893374152454,-1.0981226250578122,-0.3453429697683812,-0.9322296048759254,0.30038403602685665,-0.16589302018188679,1.1034077853546618,0.07685575891291996,1.0234243235695921,0.02272111989283256,29.51739861665638,43.35013831417517,22.884637130074427,25.90871918172005,-0.022863650139867863,0.019149849944149776,-1.1028242924059308,0.008398813861266017,0.32917229552299554,0.04380952968240501,-0.12824145706704504,0.053723412365807625
2026-06-14,22:21:33,tidak pasti,0.5582,0.95679,0.02393,0.49097,1.527,-1.618,-2.26,0.78687,-0.28613,-0.54785,-7.237,1.023,7.298,713.04,2867.328,1.0756724826358626,1.0005870258503253,3.1713172342104157,10.328673777402402,0.16992000000000007,8.764,0.31006,-2.641,1.0388199999999999,-9.558,0.02224838383944737,-1.0962076945504295,-0.2900103391972056,-0.9049728062578055,0.312258723036653,-0.19123488829262403,1.0648719150063684,0.014252717144632762,1.0071046796394567,0.00602945457407411,4.086362230327148,2.9720842154679263,8.727571596332302,1.4119102472680232,-0.01175953732202512,0.03361095310016053,-1.0973865476609381,0.001031395880089009,0.3067285178385381,0.005979074568669259,-0.1697466313080094,0.01984409536238228
2026-06-14,22:21:33,tidak pasti,0.5995,0.97559,-0.02979,0.44824,6.206,14.511,8.443,0.82837,-0.34692,-0.51025,15.74,21.458,-11.679,713.04,2867.328,1.0740495285600193,1.032911131608136,17.898821357843648,29.061872014720592,0.1472199999999999,-9.533999999999999,0.31713,-6.946999999999999,0.9584900000000001,20.122,-0.027739708503169747,-1.1392706656481344,-0.34252476528344755,-0.9305959201917097,0.3147850567802778,-0.20867474545642473,1.0733159154210072,0.0027964988731708036,1.013913882944479,0.016891623920575454,7.583177708602409,8.964699451718014,15.861244137574763,11.481833852324085,-0.016816752801748974,0.034909727942921645,-1.1112003284187921,0.024328473315002222,0.3091426052812625,0.007689602856078563,-0.1886008846436452,0.021512147400564986
2026-06-14,22:21:34,salah,0.7499,0.74341,-0.01147,0.57495,15.374,99.817,31.557,0.8269,-0.20728,-0.05542,32.443,136.588,-28.603,713.04,2867.328,0.9398709972650502,0.8542833164705957,105.80944009869819,143.27233369356415,-0.08348999999999995,-17.068999999999996,0.19580999999999998,-36.771,0.63037,60.16,-0.012204105403950168,-0.9123931317600448,-0.24508226494589092,-1.3169189418450284,0.23287815954194074,0.4045258100849837,1.0298643361536441,0.07794074209436974,0.9625938246430191,0.09518186060740229,42.29319289691742,55.49738812211077,60.88762649522905,71.95945500187047,-0.005898476689224182,0.025583648276379323,-1.0492904973195363,0.12049593932073903,0.28664064645295717,0.04657681117990963,0.0015387254453116395,0.349105972369795
2026-06-14,22:21:35,salah,0.7885,-0.46729,-0.18555,1.06787,-7.313,21.969,-2.084,0.51636,-0.00854,1.08447,-0.336,-0.977,-4.191,713.04,2867.328,1.1803114349611294,1.2011560107246686,23.2477952933176,4.316469158930711,-0.98365,-6.976999999999999,-0.17701,22.946,-0.016599999999999948,2.1069999999999998,-0.15785908355297984,0.40705206155950874,-0.007109877374021902,-0.4443663696815335,-0.15074920617895793,0.8514184312410422,1.064743986928733,0.12049002385533521,1.0294501529344668,0.1734622445513852,48.985352249953145,49.283725512810165,58.88355828907182,74.12275494965242,-0.06593429915336659,0.0799872691814182,-0.5482039119495569,0.8350172663121104,0.13230467004775354,0.2485292891975265,0.3490898319565337,0.5322163531623444
2026-06-14,22:21:35,salah,0.7711,0.3064,-0.15796,0.6748,-11.183,-138.725,-44.74,0.9917,-0.26563,-0.05273,-52.107,-112.519,-15.519,713.04,2867.328,0.7577515170555582,1.0280119842686661,146.1894411850596,124.96601206328064,-0.6853,40.924,0.10766999999999999,-26.20599999999999,0.72753,-29.221000000000004,-0.20999891303113646,-0.4162726084280198,-0.26135723095071695,-1.3042162883044108,0.05135831791958048,0.8879436798763911,0.9593113164272459,0.21194967695643413,1.0278171038213102,0.17343642924299796,91.74889219235847,62.665272114724566,90.85160497192517,75.49852747264606,-0.12668736732935548,0.10251562515203978,-0.3072045595428519,0.666450136176167,0.044495757094187766,0.19190573203607206,0.7146293070674723,0.26917774346618034
2026-06-14,22:21:36,salah,0.6531,1.03931,-0.05493,0.39893,19.779,39.427,19.634,0.98218,-0.2417,0.20459,49.779,163.374,-17.695,713.04,2867.328,1.114597562306683,1.0319658475453535,48.28241010968694,171.7035985120871,0.0571299999999999,-30.000000000000004,0.18677,-123.947,0.19434,37.329,-0.049302332395853805,-1.201144357908168,-0.236409154728355,-1.258909567202782,0.1871068223325012,0.05776520929461393,1.017553504774457,0.22738157990881605,1.0870446141795627,0.0988431402516557,72.57321552935471,64.9707202868703,100.32869324476616,86.37048614657915,-0.13905344299332337,0.08198223493301597,-0.40345496825889304,0.8041748254091227,0.02923864469104125,0.1700106877763483,0.5990424401373491,0.46911544839042896
2026-06-14,22:21:37,salah,0.8647,-0.57813,-0.06885,1.14282,3.214,79.321,18.863,0.47559,0.0813,1.02393,13.664,34.305,-4.153,713.04,2867.328,1.282580278890955,1.1319135050877343,81.59634554316756,37.15891992510008,-1.05372,-10.45,-0.15015,45.016,0.11888999999999994,23.016,-0.05370666521164481,0.46761141642238285,0.0718871760371847,-0.4336267144117307,-0.1255938412488295,0.9012381308341135,1.051643119417732,0.2680181966248049,1.0639637789672511,0.05887938704325291,92.0227322793047,49.77930130864754,111.27617683348927,68.30905009940513,-0.10433597021287837,0.09153328711812402,-0.383268516637935,0.834867301519562,0.03762376633441739,0.15680211950571735,0.6156490066683729,0.48318726611500307
2026-06-14,22:21:37,salah,0.8066,-0.62817,-0.13867,0.99878,2.969,-21.962,1.115,0.46143,0.0481,1.03687,-18.16,-56.046,17.023,713.04,2867.328,1.1880186893311064,1.1359272211722016,22.189809147444237,61.32472784285308,-1.0896,21.129,-0.18677,34.084,-0.03808999999999996,-15.908,-0.11699044036245505,0.5571322576295799,0.042356926436409724,-0.4183074318152705,-0.15934736679886477,0.9754396894448504,1.1950655101762482,0.08421277534184238,1.099935524601763,0.058897667428907084,50.689521600099575,29.776329205084316,90.06241542668009,71.72836712046458,-0.07333314598998456,0.03787240487256482,-0.05880022795206844,0.990311101970729,-0.03261146190506436,0.19102858017320068,0.6448143431911926,0.5097513923782926
2026-06-14,22:21:38,salah,0.7836,0.60254,-0.08911,0.63574,-11.221,-115.626,-44.573,0.95825,-0.33325,-0.2395,-42.427,-105.786,15.26,713.04,2867.328,0.8804319345071485,1.0424293141503649,124.42682607058657,114.99389429443634,-0.3557100000000001,31.206,0.24414,-9.840000000000003,0.87524,-59.833,-0.10138528556073725,-0.7537374356796259,-0.32539801982975874,-1.166163429823961,0.2240127342690215,0.412425994144335,1.1170103009097367,0.21026760602220512,1.1034233468034336,0.05286049085720246,76.07099358706613,51.341981292260414,71.15918068746316,39.83852602486007,-0.09069413037827904,0.03296869194684753,0.0903354127907789,0.7323576485545285,-0.020309491259557593,0.21226124831723905,0.7630346048077663,0.30589420757603736
2026-06-14,22:21:38,tidak pasti,0.6363,1.02466,0.00903,0.39478,-6.397,2.122,-6.664,0.78589,-0.31396,-0.59595,-6.0,-7.664,6.794,713.04,2867.328,1.098116981427753,1.0350605664404378,9.47804774201945,11.86993395095356,0.23876999999999993,-0.39700000000000024,0.32299,9.786,0.99073,-13.457999999999998,0.008223260286862884,-1.2029567591794899,-0.3081803775337135,-0.8621899931693039,0.3164036378205764,-0.34076676601018596,1.0555225350886692,0.15815536057934684,1.0711390339210014,0.056229054021702855,52.03156098668342,63.01748189537223,62.729518696080994,51.57633059104764,-0.07005082187877647,0.06823491898032372,-0.4665206457431787,0.9145208855400884,0.1270230017635777,0.2522697182733394,0.3490329725263332,0.6603891767267034
2026-06-14,22:21:39,tidak pasti,0.602,0.94775,-0.0271,0.47729,-0.496,3.061,-6.649,0.77808,-0.30322,-0.53906,-6.771,12.504,0.573,713.04,2867.328,1.0614943318737033,0.9939499677549167,7.336548098390687,14.231120335377675,0.16967,6.275,0.27612,-9.443,1.01635,-7.2219999999999995,-0.02553282096031376,-1.103623446988591,-0.3100073717181338,-0.8991786111322703,0.28447455075782,-0.20444483585632078,1.0133477492695349,0.11655584487940297,1.0238132827819064,0.02612351046479135,47.080473970332235,66.99246332680494,47.03164952692253,58.868869835126716,-0.03956494874472938,0.05613540583557753,-1.0201058806159022,0.23596798102927274,0.27496364094913933,0.046924011111688056,-0.044261869240723915,0.4013337396514608
2026-06-14,22:21:40,tidak pasti,0.5458,0.95703,-0.02588,0.45239,0.107,-5.496,-0.458,0.7749,-0.29834,-0.54028,-0.473,0.557,2.328,713.04,2867.328,1.0588828582048158,0.9906458721460459,5.516088197264435,2.439992213102329,0.18213000000000001,0.58,0.27246,-6.053000000000001,0.9926699999999999,-2.786,-0.024443286677386107,-1.128593091760498,-0.3059058156249449,-0.898216393952349,0.2814625289475588,-0.23037669780814907,1.0728313905020908,0.021936858937089743,1.0065521354471334,0.02474423650515686,7.443561345891524,1.9831464229663804,9.513682166477855,6.238719215741468,-0.013917615783612327,0.019182298249024413,-1.145057765976193,0.05167292183025242,0.2941135725086517,0.019362420498320286,-0.25852943322488525,0.07239025862505526
2026-06-14,22:21:41,tidak pasti,0.524,0.97974,-0.01318,0.427,0.0,0.496,0.573,0.74634,-0.34009,-0.59229,0.969,2.13,-0.351,713.04,2867.328,1.0688279468651631,1.0116778379504021,0.7578555271290168,2.3662337162672666,0.23340000000000005,-0.969,0.32691,-1.634,1.01929,0.9239999999999999,-0.012331576915159173,-1.1596141000661158,-0.3428412319345891,-0.8296942107898859,0.3305096550194299,-0.32991988927622984,1.0630683789812274,0.00515600769375601,0.9987578926171216,0.0113103051466067,4.536830607594713,3.3969115468301037,6.3457820882490905,6.829002821253299,-0.020769228184286347,0.007327498921389975,-1.1306102129384017,0.028049775246812417,0.29881557824160293,0.027489160517292378,-0.2549138076468999,0.06623858072989977
2026-06-14,22:21:41,tidak pasti,0.5796,0.979,-0.01001,0.44995,6.939,4.679,2.542,0.75659,-0.31396,-0.56128,-2.481,2.252,-6.298,713.04,2867.328,1.0774953376233236,0.9929927230851191,8.746686572639952,7.133839709441193,0.22241,9.42,0.30395,2.4270000000000005,1.01123,8.84,-0.009290197027074057,-1.139892544190201,-0.32169549244832457,-0.8662864046694946,0.3124052954212505,-0.27360613952070645,1.0684020475644342,0.00931354605866445,0.9984388110605223,0.011525224599797454,5.006876765677801,4.0186848072439965,3.980021879603596,2.731535329593046,-0.015355020206539777,0.008016229692925743,-1.142699912005605,0.0156998956879504,0.3081258264627464,0.024802026830535544,-0.27796757553502843,0.04991471060712479
2026-06-14,22:21:42,tidak pasti,0.5293,0.97656,-0.01392,0.43018,4.183,3.389,1.366,0.75464,-0.31396,-0.57251,1.542,1.481,-1.336,713.04,2867.328,1.0672010271734187,0.9979078671400482,5.554166544136033,2.5211150310923935,0.22192,2.641,0.30004000000000003,1.9079999999999997,1.0026899999999999,2.702,-0.013043835574523434,-1.1556729894903586,-0.32005442556449826,-0.857519889240295,0.3070105899899748,-0.2981531002500636,1.0711747705539685,0.005533885884214532,1.0008594760585232,0.009685937011354128,5.0195695479683335,4.021156653211048,4.007062818933618,2.708975331685332,-0.011555203172252221,0.001993619253451115,-1.1517265445822251,0.010436271465490251,0.3166418468102184,0.012309053175129422,-0.3005597096823333,0.02823390567387985
2026-06-14,22:21:42,tidak pasti,0.5615,0.97705,-0.01172,0.43384,1.305,3.664,3.206,0.76172,-0.31763,-0.5769,4.855,3.954,-1.405,713.04,2867.328,1.0691029915307504,1.0069358397137325,5.040471902510716,6.41709950055319,0.21533000000000002,-3.5500000000000007,0.30591,-0.29000000000000004,1.01074,4.611,-0.010962680712237056,-1.1527824074430368,-0.32092254977946166,-0.8579037434430938,0.3099598690672246,-0.294878663999943,1.0712664521091642,0.005477556769721182,0.9992788099796334,0.007071933153801424,6.4471083397622335,2.0079879439509587,5.357351413695592,2.4822583961507236,-0.011098904437944849,0.0018805234015583938,-1.1494493137078654,0.008401651555104816,0.3097919181594833,0.0027012714234443576,-0.28887930125690436,0.01332788750155367
2026-06-14,22:21:43,tidak pasti,0.5108,0.97192,-0.01514,0.43506,-1.176,3.74,0.122,0.7605,-0.32983,-0.57129,1.115,1.115,-0.992,713.04,2867.328,1.0649577031976434,1.0067374747172173,3.9224303690441724,1.8629315607396855,0.21142000000000005,-2.291,0.31469,2.625,1.0063499999999999,1.1139999999999999,-0.014217005968130749,-1.1496898018094968,-0.33378625041736926,-0.8562802797488552,0.3195692444492385,-0.2934095220606415,1.0670872406339376,0.0020749853911710696,1.0038603938569992,0.005155993396521554,4.83902293856364,0.8343122917003953,3.6003820307950902,2.461447612380109,-0.012741174084963747,0.0016481387079775034,-1.1527150662476309,0.0029921622338290772,0.31217990116881267,0.006567066114777382,-0.295480428770216,0.0024283686167562075
2026-06-14,22:21:43,benar,0.6567,0.45703,-0.00073,0.38184,12.954,80.885,24.374,0.71289,-0.30054,-0.25244,-8.42,87.71,-27.092,713.04,2867.328,0.5955491074630203,0.8137950585374675,85.46508770837364,92.18414703190564,-0.25586000000000003,21.374000000000002,0.29980999999999997,-6.824999999999989,0.63428,51.465999999999994,-0.0012257598448709125,-0.8747908599481388,-0.37826291313120686,-1.067519364274227,0.37703715328633597,0.19272850432608812,0.9098699340638047,0.2722177113637014,0.942489457656139,0.11145266309314866,31.475996659976175,46.759266123323115,33.488059364399504,50.88327959172523,-0.008801815508412905,0.006759816771229965,-1.0590876897335575,0.15961322675178835,0.3355220889342663,0.03627272322180227,-0.13185322724483214,0.28109698494770835
2026-06-14,22:21:44,benar,0.7195,0.54565,-0.21777,1.20654,11.084,-41.863,1.504,1.30469,-0.29102,-0.03589,-8.74,-14.176,-4.122,713.04,2867.328,1.3419748384377406,1.3372347320496876,43.33160325905332,17.156265910739435,-0.7590399999999999,19.823999999999998,0.07325000000000001,-27.686999999999998,1.24243,5.6259999999999994,-0.1629965569836295,-0.4187319226303772,-0.21938377474435697,-1.3497230342109767,0.05638721776072747,0.9309911115805996,1.0008272163661347,0.37732265035539697,1.0525890884347908,0.2647150369964352,44.23970711215705,40.7789128220192,37.06778150112825,48.34078848009122,-0.05947977426554372,0.08988318167035651,-0.8144041947960042,0.3692015266485989,0.25099787183210065,0.17096964685315635,0.2767700312820154,0.6165115259304411
2026-06-14,22:21:45,benar,0.6948,0.14868,-0.03101,1.19556,31.634,39.137,8.412,0.87793,-0.29053,0.55273,-5.26,-6.298,11.74,713.04,2867.328,1.2051684845282007,1.077348234648389,51.02133346944198,14.323407555466682,-0.72925,36.894,0.25952000000000003,45.435,0.6428299999999999,-3.3279999999999994,-0.025733682238606684,-0.12368374685828164,-0.2730517662187018,-0.9525549171136375,0.24731808398009514,0.8288711702553558,1.0475641434763205,0.39738795805117744,1.076126008411848,0.26172197716159573,59.939341478956315,22.437820261861464,41.22127349937059,44.157866010883396,-0.06331866635570237,0.0871889957221615,-0.4724021764789325,0.37841887630596754,0.22691415167571952,0.1612958016448518,0.6508635953873478,0.400028676285025
2026-06-14,22:21:46,benar,0.6904,0.25342,-0.09546,0.36035,32.695,-74.954,-4.863,1.60742,-0.62354,-0.37329,21.313,-19.321,-0.519,713.04,2867.328,0.4507620553019076,1.7640710337455237,81.91894719782475,28.771763432226397,-1.354,11.382000000000001,0.52808,-55.632999999999996,0.7336400000000001,-4.344,-0.2133904923772754,-0.5970478325980374,-0.36127422687152555,-1.1461855160511405,0.14788373449425016,0.5491376834531031,0.9993017927559497,0.4799488277849187,1.3928846668145336,0.34672717968086897,58.75729464210668,20.423750867825238,20.083812299477504,7.656150650231109,-0.13404024386650384,0.09712167960789113,-0.3798211673622321,0.23906886993858448,0.15052967874502424,0.09549293002391943,0.7696666550963528,0.19769140371950866
2026-06-14,22:21:46,tidak pasti,0.6454,-0.18115,-0.11401,0.93604,-3.908,159.527,26.008,0.93164,-0.1665,0.87427,77.153,128.137,-30.076,713.04,2867.328,0.9602002313059501,1.2884189429296669,161.68040158596835,152.56553330946016,-1.11279,-81.061,0.05249000000000001,31.389999999999986,0.06176999999999999,56.084,-0.1190164285801655,0.18979600505607022,-0.1295905660669318,-0.8082620754770505,0.010574137486766305,0.9980580805331207,0.8720435903786861,0.3848518677610587,1.3766127371078598,0.3517536918052318,98.2068940844117,57.099301654571164,65.22023476571775,75.98743073796477,-0.11938020106534919,0.09382893394721493,-0.17697852480008294,0.39612000231048716,0.1352586519870372,0.11887585365222195,0.7920223114138599,0.2267173560340287
2026-06-14,22:21:47,salah,0.766,-0.62524,-0.08423,0.86035,-8.595,-11.389,0.634,0.40649,0.10132,1.07422,2.298,17.359,-2.595,713.04,2867.328,1.0668748159929542,1.153017116481798,14.282342314900593,17.701686642803278,-1.03173,-10.893,-0.18555,-28.748,-0.21387,3.229,-0.0790324674129043,0.6261730101072006,0.08798728935565239,-0.36028893940013496,-0.16701975676855668,0.9864619495073356,0.8259457008669373,0.3292672815193389,1.4018356977189963,0.32092716097432944,85.96056369956456,73.7820978773283,66.34632779482995,74.87289362453853,-0.13714646279011508,0.06898944356509985,0.07297372752174447,0.6199216812657535,-0.00285396159584674,0.15788061181191795,0.8445525711645198,0.2559024901693094
2026-06-14,22:21:47,salah,0.8559,0.1543,-0.17041,0.91479,-11.458,-89.466,-28.145,0.86743,-0.1814,0.56152,-42.366,-103.939,17.221,713.04,2867.328,0.9432331642812396,1.049116521316865,94.48593517026754,113.5550814274729,-0.71313,30.908,0.01099,14.472999999999999,0.35327,-45.366,-0.1816633761687411,-0.16432481126473564,-0.17378075980903743,-0.9734294084331567,-0.007882616359703665,0.8091045971684211,0.9901027371933813,0.0670256249747895,1.163517526909443,0.11999627582470852,90.14955969037884,73.79464806777139,94.60743379324545,69.39974277751337,-0.1265707573872703,0.05173081065290408,0.21721473463284505,0.3959615403636414,-0.05477607854716468,0.09764294862476162,0.9312082090696258,0.10590366657100123
2026-06-14,22:21:48,salah,0.7365,0.65723,-0.06885,0.62476,-5.298,-88.687,-28.763,0.93164,-0.33667,-0.40698,-14.908,-70.153,7.305,713.04,2867.328,0.9094045595883056,1.0709493446937628,93.38502525565863,72.09060200886104,-0.27441000000000004,9.61,0.26782000000000006,-18.533999999999992,1.03174,-36.068,-0.07578139149176047,-0.8077061372447721,-0.3197886599316871,-1.0550396074020953,0.24400726843992662,0.2473334701573232,0.9731708466208331,0.08289402289029205,1.0910276608308085,0.054783095048392266,67.38443424694225,45.991054851234644,67.78245669304575,48.071700718645985,-0.11215907835780196,0.0602144329401602,-0.11528597946743573,0.7181963224430615,0.02303496510388876,0.20725039564643102,0.6809666722776933,0.38586555053935784
2026-06-14,22:21:48,tidak pasti,0.5268,0.98706,-0.021,0.41895,-3.145,-5.786,-5.679,0.73462,-0.29297,-0.62036,-2.985,-3.267,-1.366,713.04,2867.328,1.0724959422300862,1.0051589401184273,8.695968146215808,4.631357252469302,0.25244,-0.16000000000000014,0.27197,-2.5189999999999997,1.03931,-4.313000000000001,-0.01958174503987258,-1.1689467148042325,-0.2957593796641445,-0.8195658730551012,0.2761776346242719,-0.3493808417491313,0.9750445553665438,0.08607365000444996,1.0417416020430184,0.03350949729954773,65.52230952404733,49.21613359918073,63.425680229601085,54.9764047034597,-0.09234217090012471,0.08230011147202673,-0.7136592211045801,0.5088712107148927,0.1707674289014983,0.15554938803795035,0.235685741858871,0.5793305448764845
2026-06-14,22:21:49,tidak pasti,0.5788,0.95801,-0.02466,0.45264,-4.74,9.466,0.87,0.74902,-0.31323,-0.55762,11.565,8.885,1.305,713.04,2867.328,1.0598463309838837,0.984928453086822,10.622130483099895,14.642249656388188,0.20899,-16.305,0.28857,0.5809999999999995,1.01026,-0.43499999999999994,-0.0232696239636259,-1.1288339304776032,-0.3236436007337957,-0.8640544997481725,0.3003739767701698,-0.26477943072943066,1.0139156109340919,0.09072994575233244,1.0203455792996707,0.044976371078925756,37.56770796165811,48.34880771809533,30.454736305906177,36.40348165088856,-0.03954425349841965,0.03143640787686126,-1.0351622608422026,0.1980011994612301,0.2735196266114561,0.028277202954744687,-0.12227560077374626,0.32287381230525236
2026-06-14,22:21:50,tidak pasti,0.5899,0.95947,-0.01196,0.46973,6.534,-0.031,1.084,0.77417,-0.32104,-0.5625,4.29,-2.366,-6.29,713.04,2867.328,1.068350127720309,1.0093622345322812,6.623380783255632,7.972838641287055,0.18530000000000002,2.2439999999999998,0.30907999999999997,2.335,1.03223,7.3740000000000006,-0.011195065648973752,-1.1153975867674224,-0.3236848703736422,-0.87413579986176,0.3124898047246684,-0.24126178690566236,1.0668974669780928,0.006448707901122129,0.9998165425791768,0.013063626124918733,8.647159804190444,1.999821612341859,9.082148516714847,5.096804683377757,-0.018015478217490746,0.0061877809788852736,-1.1377260773497528,0.027860006916233436,0.29634713870637003,0.018487968870162057,-0.2851406864614081,0.056862712354393545
2026-06-14,22:21:50,tidak pasti,0.5763,0.96045,-0.0105,0.46484,3.366,2.641,5.038,0.76514,-0.31494,-0.55957,-3.603,2.672,2.092,713.04,2867.328,1.0670757602438545,0.9988718677087668,6.609559818928943,4.94951078390582,0.19530999999999998,6.969,0.30444,-0.03100000000000014,1.02441,2.946,-0.009840134911434394,-1.119945445779202,-0.3207682259019244,-0.8726019488619425,0.31092809099049,-0.24734349691725943,1.0650907396493492,0.004586269704680088,0.9977208517759566,0.012257489432559334,7.95169036176149,2.3126793089410684,9.188199693860355,4.959347091968533,-0.014768274841344681,0.007393487810233135,-1.1213923210080758,0.006834026559830974,0.3079306241617761,0.006590669715414573,-0.2511282381841175,0.012207091897671643
2026-06-14,22:21:51,tidak pasti,0.5616,0.9563,-0.02588,0.46021,3.84,2.031,1.985,0.76196,-0.31299,-0.56494,1.824,0.679,-1.427,713.04,2867.328,1.0615897081735486,0.998850832356864,4.776063860544581,2.4133681857520206,0.19434000000000007,2.016,0.28711,1.352,1.02515,3.412,-0.024380948620481475,-1.1216516998848816,-0.31871874643604314,-0.8676888816976531,0.2943377978155617,-0.25396281818722843,1.0656718653792374,0.003592215013780202,1.0023616448659707,0.0060626976156285175,6.003001487576385,1.0625816252098266,5.111905870314965,2.7832906890152715,-0.015138716393629873,0.008032627324056118,-1.1189982441438353,0.003232858785196878,0.30591856451024,0.010059590219005373,-0.24752270067005008,0.006352411698921178
2026-06-14,22:21:52,tidak pasti,0.5566,0.95508,-0.02075,0.45801,-0.015,-5.908,-2.122,0.7583,-0.28687,-0.58521,1.702,3.107,-6.16,713.04,2867.328,1.0594250936238956,0.9998920096690442,6.277545141215634,7.1060434138837065,0.19678000000000007,-1.7169999999999999,0.26612,-9.015,1.04322,4.038,-0.019587346951904026,-1.123241125341421,-0.29099024635826604,-0.8608270428852648,0.27140289940636203,-0.26241408245615616,1.0626968540137662,0.003943666297504447,0.9992049032448916,0.000595144562347018,5.887722940229719,0.976932888503133,4.822974127847183,2.3488952388676405,-0.01793614349460663,0.007409701105533612,-1.1216127570018348,0.001648184866849584,0.2922229294041379,0.019847284291276072,-0.254573465853548,0.0075538271790256736
2026-06-14,22:21:52,tidak pasti,0.5602,0.95361,-0.0061,0.46704,-1.382,1.939,0.84,0.76611,-0.31714,-0.56836,0.435,2.954,2.542,713.04,2867.328,1.0618547940749714,1.005253898923053,2.5249247513539883,3.921365195948982,0.1875,-1.817,0.31104,-1.0150000000000001,1.0354,-1.702,-0.005744696525349674,-1.1153405619958263,-0.32096506366922845,-0.866559623232995,0.3152203671438788,-0.24878093876283136,1.0609565319574719,0.001332871021871,1.001332246982987,0.0034359173452103414,4.526177917704735,1.8887488414087938,4.480258931861569,2.395740356385044,-0.016570997365911725,0.009677357421166847,-1.1200777957407098,0.004178828302971939,0.2936536881219342,0.021916743012746383,-0.25505261313540534,0.006881598034796455
2026-06-14,22:21:53,tidak pasti,0.6298,0.96777,-0.01318,0.4563,0.374,6.13,1.527,0.81592,-0.33643,-0.53711,8.412,18.168,-2.962,713.04,2867.328,1.070029053484063,1.0331494293663428,6.3283888154885055,20.23885895993151,0.15185000000000004,-8.038,0.32325,-12.038,0.9934099999999999,4.489,-0.012317734031024393,-1.1300496822359796,-0.33168365036338887,-0.9103859416058556,0.3193659163323645,-0.21966374063012395,1.0637696470609768,0.005555266658543226,1.0127651126528134,0.01785574809413398,5.0436195693527095,2.18140183356107,10.4220891899214,8.649408672041414,-0.012549925836092699,0.006924245625604424,-1.1228771231910757,0.007361312908300609,0.3019963942942018,0.026575700209171257,-0.24361958728303715,0.021837527181073638
2026-06-14,22:21:53,salah,0.6635,-0.09033,-0.01074,0.9375,-0.794,166.832,24.794,0.98389,-0.25415,-0.073,62.336,196.702,-44.87,713.04,2867.328,0.9419029177680681,1.0188035898052186,168.6662061469339,211.1652684510405,-1.07422,-63.129999999999995,0.24341,-29.870000000000005,1.0105,69.664,-0.011402696103782101,0.09604921803968858,-0.2521218318002353,-1.3082444487850509,0.24071913569645317,1.4042936668247394,1.0245955884423676,0.07173048840387117,1.0190689726982047,0.013949658624426745,59.17317323792546,94.84281615616278,78.44183086897367,115.23106488002702,-0.009821708886718723,0.0035603154281804842,-0.7164470087307059,0.7036808072142198,0.2917684730575655,0.04425858705692073,0.31194966247726136,0.9461096768779966
2026-06-14,22:21:54,salah,0.7215,-0.40918,-0.12329,0.90894,14.977,-25.603,-3.527,0.57935,0.03418,1.04004,-11.145,-42.916,0.046,713.04,2867.328,1.0043906710538484,1.1910070933877768,29.870786179811205,44.33955566985307,-0.98853,26.122,-0.15747,17.312999999999995,-0.1311000000000001,-3.573,-0.12306141463075933,0.4195957226099213,0.028702342467610817,-0.5080071948285874,-0.15176375709837014,0.9276029174385086,1.00544088076866,0.0640695237122316,1.080986704186446,0.09555006702345947,68.28846038074452,87.72303005620147,91.91456102694171,103.97480132867251,-0.04892728158852194,0.06420367267567478,-0.2048015805287899,0.817455578266778,0.1361070983101492,0.25238571883393635,0.7040776145443747,0.8347347399517502
2026-06-14,22:21:55,salah,0.7385,0.64526,-0.16895,0.72412,-20.458,-106.053,-28.779,0.93726,-0.3374,-0.09692,-21.618,-82.496,1.389,713.04,2867.328,0.9845071581761099,1.0008439208987583,111.77656021724769,85.29277379121868,-0.29200000000000004,1.1600000000000001,0.16845,-23.557000000000002,0.82104,-30.168,-0.17246236827024444,-0.7147309411849104,-0.3438513636033654,-1.2124260593502911,0.17138899533312094,0.4976951181653807,0.9769335823326754,0.031924898057289514,1.0702182013639179,0.1049909746314939,103.4378508479976,69.77243514756458,113.59919930403741,86.94046759261407,-0.10230882633492862,0.08251095042674195,-0.06636200017843352,0.5843434759636656,0.08678145797706799,0.20947441804965136,0.9431972341428763,0.453500406993115
2026-06-14,22:21:55,tidak pasti,0.5262,0.41772,-0.15991,0.47632,-1.702,44.74,7.397,0.66309,-0.21045,-0.07275,22.412,57.389,-8.71,713.04,2867.328,0.6534079498292013,0.699478457924188,45.37929057400523,62.22265797119246,-0.24536999999999998,-24.113999999999997,0.05054,-12.649000000000001,0.5490700000000001,16.107,-0.24724353866417656,-0.6935802276638842,-0.3056016687747501,-1.2468219816956738,0.05835813011057353,0.5532417540317897,0.8807685930197199,0.19715091953905392,0.9637764907369076,0.24785196318423058,62.342212323688045,43.50798192150835,63.9516624774214,20.531283716829716,-0.18092244052172676,0.06252183298047155,-0.32957181541295777,0.6488843026234019,0.025994456115108106,0.1639892706760894,0.6595132632118931,0.2338277233702809
2026-06-14,22:21:56,benar,0.7329,1.05347,-0.30469,0.97412,-28.55,61.084,-1.802,1.57202,-0.41602,-0.03125,-19.763,-26.45,4.527,713.04,2867.328,1.466814511586247,1.6264366213597135,67.4507580387352,33.32675198695486,-0.5185500000000001,-8.786999999999999,0.11132999999999998,87.534,1.00537,-6.329000000000001,-0.20924583360144258,-0.8012157797462712,-0.25866084258779093,-1.3113899905451587,0.04941500898634835,0.5101742107988875,1.0349098731971862,0.40903897606276657,1.1089196667275532,0.4728352084154461,74.86886960999604,33.81450337476683,60.280727916455334,26.03738033661267,-0.20965058017862118,0.03739222815259049,-0.736508982865022,0.05702688263078711,0.09305404481001427,0.06798726504981516,0.5203703609986859,0.02914323760654425
2026-06-14,22:21:56,benar,0.7305,0.41089,-0.23975,0.97925,-3.863,0.244,8.649,0.95264,-0.3335,0.25635,1.87,4.763,11.641,713.04,2867.328,1.088687841899596,1.0413743525265062,9.475626944957256,12.715972239667716,-0.5417500000000001,-5.7330000000000005,0.09375000000000003,-4.519,0.7228999999999999,-2.992000000000001,-0.22203921369885424,-0.3870061142932706,-0.3259932356979965,-1.1549904693135877,0.10395402199914225,0.7679843550203171,1.0696367677716814,0.4070377946166979,1.1224298106034691,0.46876470606583676,40.76855851923256,29.261290024465186,36.088460732605014,24.868619974313805,-0.22617619532149114,0.019333710461733836,-0.627267373901142,0.21491965398560178,0.07057572036535471,0.02925026698728951,0.6104667732836647,0.1381033842349698
2026-06-14,22:21:57,benar,0.7594,0.55005,-0.17432,0.88867,33.206,1.0,1.588,1.00537,-0.35376,0.16455,-8.634,-4.405,1.0,713.04,2867.328,1.0595644547643148,1.0784209182874749,33.25898645479143,9.744228086410951,-0.45532000000000006,41.84,0.17944000000000002,5.405,0.72412,0.5880000000000001,-0.1652717966452453,-0.5458308564243105,-0.33422291084293126,-1.2006135048824613,0.16895111419768596,0.6547826484581508,1.2050222694167194,0.22718588526726155,1.2487439640578983,0.32761550565174774,36.7284571461613,29.14287007989931,18.595650771011176,12.843746459031612,-0.1988522813151807,0.029776741873147192,-0.5780175834879507,0.20897224884652424,0.10744004839439218,0.05984425116329286,0.6443137380924518,0.12922351248535371
2026-06-14,22:21:58,benar,0.7143,0.52563,0.00146,1.22778,-17.252,80.695,8.344,1.73901,-0.49902,0.25098,33.603,53.038,-7.305,713.04,2867.328,1.3355645835750514,1.8265179169392234,82.93935655043387,63.210395331780674,-1.21338,-50.855000000000004,0.50048,27.656999999999996,0.9768000000000001,15.649,0.0010931708639559353,-0.4045051508174701,-0.2767267294473614,-1.2599998787084972,0.2778199003113173,0.855494727891027,1.1612722934129873,0.15164232498550895,1.3154377292510682,0.44299585855196255,41.89132331672752,37.48490124917099,28.556865219286447,30.047598535844124,-0.12873927982671454,0.11596544247746234,-0.4457807071783504,0.08708661402835102,0.18357501216938185,0.08785061015286658,0.7594205771231649,0.10062970946232087
2026-06-14,22:21:58,benar,0.7823,0.39722,-0.16968,1.03711,-7.702,-26.046,-3.595,0.86353,-0.28223,0.16235,-10.878,-58.328,0.84,713.04,2867.328,1.1234643665466209,0.9228734237694788,27.39779087809818,59.33963319738335,-0.46631,3.176,0.11254999999999998,32.282000000000004,0.87476,-4.4350000000000005,-0.1516130023765899,-0.36138174341372253,-0.31079598812783615,-1.210229839095321,0.15918298575124626,0.8488480956815985,1.172864468295329,0.1444793940860524,1.2759374196653923,0.48311791391587916,47.86537796110783,30.51600209661217,44.09808553852499,29.814196974854102,-0.10526387605262642,0.09236074240081897,-0.437239250218501,0.09648320978437434,0.2019846667534165,0.06585659473372853,0.7863751573435921,0.11401090178577464
2026-06-14,22:21:59,benar,0.7107,0.90308,-0.02466,0.47363,39.466,-25.176,13.023,0.89087,-0.1897,-0.39966,5.71,-9.809,-7.168,713.04,2867.328,1.020042635824601,0.9946675638121513,48.59006751384484,13.423889339531968,0.012209999999999943,33.756,0.16504000000000002,-15.366999999999999,0.87329,20.191,-0.02417781555685737,-1.0872151845597549,-0.19189248705497425,-1.1098814721349406,0.16771467149811686,0.02266628757518574,1.1596905286487578,0.16085016628386548,1.2480196348402846,0.5022786043917105,52.975738314125635,28.029305389358495,45.32463928956533,27.69456779598097,-0.05823254902316377,0.08185100787430034,-0.6177006929303158,0.4071827605069563,0.20157251918689348,0.06616981760342623,0.5756697037159371,0.4789265372971491
2026-06-14,22:21:59,tidak pasti,0.507,1.00415,-0.00366,0.41553,-27.382,6.084,-9.244,0.74512,-0.30322,-0.52881,-1.298,25.176,18.519,713.04,2867.328,1.0867363061018989,0.9626973558185355,29.533718289439953,31.280491380411526,0.2590300000000001,-26.084000000000003,0.29956,-19.092,0.94434,-27.762999999999998,-0.003367888691232688,-1.178425764631946,-0.32042418430001335,-0.8851215309006577,0.3170562956087807,-0.29330423373128833,1.0767477694910401,0.05242939770876963,0.9600794478000552,0.035968593493652695,35.173858893794325,11.667756287271716,34.681337972442286,23.1460191320635,-0.05971956887489332,0.08025936459121895,-0.8756742308684745,0.4477191245285079,0.21465131761938128,0.08878784856712021,0.19273671650849863,0.5897634686838373
2026-06-14,22:22:00,tidak pasti,0.5466,1.00146,0.06226,0.41919,19.565,4.221,10.802,0.76904,-0.31689,-0.55103,2.008,-9.771,-10.107,713.04,2867.328,1.0874367546206998,0.9977353630096509,22.743994152303152,14.200561749452026,0.23242000000000007,17.557000000000002,0.37915,13.992,0.9702200000000001,20.909,0.05728523039542738,-1.1704762854915842,-0.3232071409464381,-0.8800732512906325,0.3804923713418655,-0.2904030342009517,1.0647385655157333,0.038709394922264696,0.9850334275467792,0.01940432743400246,33.62259331852932,13.399404886232134,19.63498082313184,10.092781683602754,0.009913175382445773,0.0423243069778216,-1.145372411561095,0.05052223118603163,0.2884211128162543,0.10924086990623126,-0.1870136601190181,0.18159395526410493
2026-06-14,22:22:01,tidak pasti,0.566,0.94214,-0.04297,0.49463,4.496,5.489,-0.214,0.78076,-0.30151,-0.54639,-0.748,2.206,1.321,713.04,2867.328,1.0649568241952345,0.9995181288000733,7.098516253415217,2.67786874211564,0.16137999999999997,5.244000000000001,0.25854,3.283,1.04102,-1.535,-0.040360009962012285,-1.0857950686483775,-0.3064284161074348,-0.8964838638712654,0.26606840614542254,-0.18931120477711205,1.0797099616392778,0.012781390979232093,0.9866502825427532,0.02076298599570116,19.79207623171944,11.50521347723325,16.052973957326397,14.391006868461309,0.0045191105807274685,0.04929809133478157,-1.144899039590636,0.05133963469395013,0.3212056910320229,0.057324724723307775,-0.2576728242364507,0.05922066785343001
2026-06-14,22:22:02,tidak pasti,0.5638,0.98364,0.00952,0.43994,-8.099,-1.679,3.061,0.72754,-0.31055,-0.60986,7.481,5.779,12.374,713.04,2867.328,1.0775831678343903,0.9988418161550906,8.819442329308583,15.57170761348928,0.2561,-15.58,0.32006999999999997,-7.458,1.0497999999999998,-9.313,0.008834699834637793,-1.1501384682127365,-0.316150430109061,-0.8159598610577768,0.3249851299436988,-0.3341786071549596,1.076658915550108,0.011268429335856445,0.9986984359882717,0.0008999899277507773,12.887317578342318,8.579391088674281,10.81671270168565,7.081708550469197,0.008586640089350962,0.04882309280805001,-1.1354699407842326,0.04420521908329517,0.32384863581032897,0.05722044797977017,-0.27129761537767444,0.0742994201810211
2026-06-14,22:22:02,tidak pasti,0.5406,0.86914,-0.05908,0.52954,37.389,13.626,37.527,0.80225,-0.16602,-0.4917,35.122,1.153,-22.313,713.04,2867.328,1.0194642698986562,0.9554771545672874,54.69808886972195,41.62636498662837,0.06689,2.267000000000003,0.10694000000000001,12.472999999999999,1.0212400000000001,59.84,-0.057984493577424426,-1.0208370706766725,-0.1746425302720807,-0.9966068967419335,0.11665803669465628,-0.02423017393473903,1.0540014206427604,0.030569056651526587,0.9846123665074837,0.025234099563855247,23.53868248414858,26.998552764280817,19.958647114077763,19.84137768814386,-0.02983660123493297,0.03463030104529156,-1.0855902025125956,0.06465094221119287,0.23590385759459254,0.1073893357710874,-0.18257332862227024,0.15508403220585243
2026-06-14,22:22:03,tidak pasti,0.5483,0.8501,-0.01563,0.57227,-18.992,-5.481,-12.344,0.82104,-0.18091,-0.4917,-17.427,-19.626,15.168,713.04,2867.328,1.024893779764518,0.9739630381590464,23.304758333868214,30.314162185354885,0.029059999999999975,-1.5650000000000013,0.16527999999999998,14.145000000000001,1.0639699999999999,-27.512,-0.015250952060361343,-0.9781255637714206,-0.18683129296460083,-1.0028154996170595,0.1715803409042395,0.024689935845638944,1.040647072499188,0.03210258943300726,0.9760940029604748,0.02176072670879509,28.940763177632917,23.45284556390227,29.170744928490844,13.064908915694309,-0.02146691526771599,0.03384050533024048,-1.0497003675536098,0.08956521229550557,0.20440783584753153,0.10797350491480637,-0.11123961508135323,0.19461407946324877
2026-06-14,22:22:03,tidak pasti,0.5609,0.93628,-0.0686,0.52222,-29.443,0.649,-39.466,0.75488,-0.30566,-0.52856,-21.366,-0.733,27.947,713.04,2867.328,1.0742625036740323,0.9709003674940081,49.24303611679524,35.186333341227815,0.1814,-8.077000000000002,0.23706,1.3820000000000001,1.05078,-67.413,-0.06390124245110226,-1.0583671483107595,-0.320268248586573,-0.8906888165384323,0.2563670061354707,-0.16767833177232716,1.0395401844457355,0.030192705804377457,0.966780186740114,0.009907769180072036,42.41529444012847,16.773456496375783,35.70895350440369,5.674181168283524,-0.045712229362962674,0.026545603034928845,-1.0191099275862843,0.040148664234155716,0.1815351279114555,0.07038446116738326,-0.05573952328714241,0.09998008261170427
2026-06-14,22:22:04,tidak pasti,0.5743,0.92383,0.00293,0.50879,4.458,-7.756,8.771,0.73633,-0.35522,-0.58789,21.031,-33.489,18.328,713.04,2867.328,1.0546742235875493,1.0069646316529692,12.528357474146402,43.58591132464709,0.1875,-16.573,0.35814999999999997,25.732999999999997,1.09668,-9.556999999999999,0.0027781126158286573,-1.067378259026966,-0.3605224392137582,-0.8201339427317078,0.36330055182958687,-0.24724431629525823,1.0512768356753666,0.024859091065098277,0.9839426791020079,0.019996317469590668,28.35871730826995,18.871904592394632,36.362135617076596,6.713547091366401,-0.025458027298544985,0.03449162777724354,-1.034623657036382,0.0491357907844898,0.263749299623099,0.09607306340576444,-0.13007757074064882,0.13981209638110106
2026-06-14,22:22:05,tidak pasti,0.5792,0.96948,-0.06274,0.42041,-23.061,21.87,-3.053,0.71753,-0.41675,-0.54932,-19.008,23.328,25.527,713.04,2867.328,1.05857089800353,0.995129301045849,31.928473655970468,39.460453329884594,0.25195,-4.053000000000001,0.35401,-1.4579999999999984,0.96973,-28.580000000000002,-0.0593033400594686,-1.1575911863223762,-0.43211221112998566,-0.8053049560006417,0.3728088710705171,-0.35228623032173456,1.0625025417550373,0.010369115011812778,0.9909981000642754,0.018383631401179868,31.233289082304037,18.36720904633694,39.410899331919836,4.200008246887283,-0.04014215663158074,0.03724107021560115,-1.0944455312200339,0.05487103377751246,0.33082547634519155,0.06465794516666747,-0.25573629279644,0.09259645943760236
2026-06-14,22:22:05,tidak pasti,0.5549,0.93091,-0.02466,0.50146,22.855,1.748,-0.733,0.7915,-0.34497,-0.54565,14.687,-2.206,-7.191,713.04,2867.328,1.057668981912583,1.0213767538964258,22.933465023846704,16.501057117651584,0.13941000000000003,8.168000000000001,0.32031,3.9539999999999997,1.04711,6.458,-0.023317536183814328,-1.0761833683826683,-0.34452539603219473,-0.886611324964476,0.3212078598483804,-0.18957204341819223,1.056971367834554,0.0020398570850521684,1.0078235621984146,0.01314479047178913,22.463432051321192,9.70859542948999,33.18247392406109,14.593049747003148,-0.026614254542484755,0.031171749317628762,-1.1003842712440035,0.04973787125802213,0.3524390942494948,0.027461692143053988,-0.263034196678395,0.08249828420522183
2026-06-14,22:22:06,tidak pasti,0.5629,0.94678,-0.01758,0.48877,-0.206,0.298,0.893,0.76758,-0.37329,-0.52173,-5.84,4.756,0.137,713.04,2867.328,1.0656441890706296,1.000363270717193,0.9636851145472779,7.532855036438708,0.17919999999999991,5.6339999999999995,0.35571,-4.458,1.0105,0.756,-0.01649781199962933,-1.0939741651233512,-0.38240673595808594,-0.8746221728303392,0.3659089239584566,-0.21935199229301205,1.060628022995581,0.004367471205186086,1.005623108553156,0.013891782312982139,18.608541264788148,15.929006764234082,21.164788494658296,16.466805274993987,-0.03303956274763742,0.022999275173387162,-1.1092495732761318,0.04279967028029174,0.35330855162578473,0.028013266981525762,-0.25373675534431295,0.08663550428369889
2026-06-14,22:22:06,tidak pasti,0.5643,0.94678,-0.01758,0.48877,-0.206,0.298,0.893,0.76758,-0.37329,-0.52173,-5.84,4.756,0.137,713.04,2867.328,1.0656441890706296,1.000363270717193,0.9636851145472779,7.532855036438708,0.17919999999999991,5.6339999999999995,0.35571,-4.458,1.0105,0.756,-0.01649781199962933,-1.0939741651233512,-0.38240673595808594,-0.8746221728303392,0.3659089239584566,-0.21935199229301205,1.062985786684614,0.004604487999541131,1.0073677651102706,0.012132140170141791,8.286945084313754,12.684258344670855,10.522255730176333,5.177793885735216,-0.018771053394357664,0.00393736959353821,-1.0880438995431236,0.010271521287331206,0.3510085692550979,0.025808171397015182,-0.2094253426680721,0.01719346149933052
2026-06-14,22:22:07,tidak pasti,0.5089,0.94678,-0.01758,0.48877,-0.206,0.298,0.893,0.76758,-0.37329,-0.52173,-5.84,4.756,0.137,713.04,2867.328,1.0656441890706296,1.000363270717193,0.9636851145472779,7.532855036438708,0.17919999999999991,5.6339999999999995,0.35571,-4.458,1.0105,0.756,-0.01649781199962933,-1.0939741651233512,-0.38240673595808594,-0.8746221728303392,0.3659089239584566,-0.21935199229301205,1.0656441890706296,0.0,1.000363270717193,0.0,0.9636851145472779,0.0,7.532855036438708,0.0,-0.01649781199962933,0.0,-1.0939741651233512,0.0,0.3659089239584566,0.0,-0.21935199229301205,0.0
2026-06-14,22:22:08,tidak pasti,0.5089,0.94678,-0.01758,0.48877,-0.206,0.298,0.893,0.76758,-0.37329,-0.52173,-5.84,4.756,0.137,713.04,2867.328,1.0656441890706296,1.000363270717193,0.9636851145472779,7.532855036438708,0.17919999999999991,5.6339999999999995,0.35571,-4.458,1.0105,0.756,-0.01649781199962933,-1.0939741651233512,-0.38240673595808594,-0.8746221728303392,0.3659089239584566,-0.21935199229301205,1.0656441890706296,0.0,1.000363270717193,0.0,0.9636851145472779,0.0,7.532855036438708,0.0,-0.01649781199962933,0.0,-1.0939741651233512,0.0,0.3659089239584566,0.0,-0.21935199229301205,0.0
2026-06-14,22:22:09,tidak pasti,0.5089,0.94678,-0.01758,0.48877,-0.206,0.298,0.893,0.76758,-0.37329,-0.52173,-5.84,4.756,0.137,713.04,2867.328,1.0656441890706296,1.000363270717193,0.9636851145472779,7.532855036438708,0.17919999999999991,5.6339999999999995,0.35571,-4.458,1.0105,0.756,-0.01649781199962933,-1.0939741651233512,-0.38240673595808594,-0.8746221728303392,0.3659089239584566,-0.21935199229301205,1.0656441890706296,0.0,1.000363270717193,0.0,0.9636851145472779,0.0,7.532855036438708,0.0,-0.01649781199962933,0.0,-1.0939741651233512,0.0,0.3659089239584566,0.0,-0.21935199229301205,0.0
2026-06-14,22:22:12,tidak pasti,0.5089,0.94678,-0.01758,0.48877,-0.206,0.298,0.893,0.76758,-0.37329,-0.52173,-5.84,4.756,0.137,713.04,2867.328,1.0656441890706296,1.000363270717193,0.9636851145472779,7.532855036438708,0.17919999999999991,5.6339999999999995,0.35571,-4.458,1.0105,0.756,-0.01649781199962933,-1.0939741651233512,-0.38240673595808594,-0.8746221728303392,0.3659089239584566,-0.21935199229301205,1.0656441890706296,0.0,1.000363270717193,0.0,0.9636851145472779,0.0,7.532855036438708,0.0,-0.01649781199962933,0.0,-1.0939741651233512,0.0,0.3659089239584566,0.0,-0.21935199229301205,0.0
