subject_id,nama,date,time,epoch_ms,ts_millis,ax1,ay1,az1,gx1,gy1,gz1,ax2,ay2,az2,gx2,gy2,gz2,pressure_hpa,altitude_m,label
7,alam,5/22/2026,4:31:48 PM,1351046997,30541,1.0144,-0.04907,0.1814,4.733,-6.359,-5.42,0.84155,0.5542,0.39966,13.71,1.679,-3.771,1005.53,64.491,berdiri
7,alam,5/22/2026,4:31:48 PM,1351047197,29741,0.92578,-0.07544,0.3584,-3.16,-2.221,-1.191,0.82251,0.52344,0.56396,-3.832,-2.634,2.527,1005.54,64.357,berdiri
7,alam,5/22/2026,4:31:48 PM,1351047397,29941,0.93628,-0.09229,0.35059,-2.168,-9.618,0.267,0.83813,0.49438,0.50586,1.573,-1.603,3.153,1005.54,64.357,berdiri
7,alam,5/22/2026,4:31:48 PM,1351047597,31141,1.01245,-0.021,0.19141,-12.061,-5.198,-5.756,0.80176,0.53467,0.46265,-8.885,-4.687,-0.519,1005.53,64.491,berdiri
7,alam,5/22/2026,4:31:48 PM,1351047797,31341,1.03027,-0.01758,0.15283,-0.267,-0.374,-4.534,0.82251,0.56421,0.41431,-0.588,,-0.687,1005.54,64.415,berdiri
7,alam,5/22/2026,4:31:49 PM,1351047997,31541,1.02393,-0.01489,0.15283,2.496,-0.565,-2.748,0.80933,0.5498,0.41479,0.397,3.931,1.031,1005.54,64.415,berdiri
7,alam,5/22/2026,4:31:49 PM,1351048197,30741,1.0166,-0.00952,0.15161,20.962,2.229,9.115,0.80591,0.56836,0.38843,24.954,23.84,-0.29,1005.53,64.491,berdiri
7,alam,5/22/2026,4:31:49 PM,1351048397,30941,1.01074,0.02002,0.18237,8.435,0.74,4.153,0.78125,0.57983,0.45996,-2.771,3.809,-0.061,1005.53,64.491,berdiri
7,alam,5/22/2026,4:31:49 PM,1351048597,32141,1.04102,-0.0188,0.12939,-4.336,-3.641,3.534,0.8147,0.56104,0.396,3.084,-0.74,1.794,1005.54,64.415,berdiri
7,alam,5/22/2026,4:31:49 PM,1351048797,32341,1.03979,-0.01587,0.13428,7.618,3.099,7.206,0.79858,0.57715,0.4104,7.496,7.847,3.901,1005.53,64.491,berdiri
7,alam,5/22/2026,4:31:50 PM,1351048997,32541,1.01221,-0.0249,0.14307,-2.863,2.649,0.763,0.80591,0.57446,0.396,-6.008,-0.847,1.16,1005.53,64.491,berdiri
7,alam,5/22/2026,4:31:50 PM,1351049197,31741,1.02124,-0.0022,0.15356,-6.527,0.45,-4.313,0.81152,0.54736,0.41479,-2.702,-3.809,2.031,1005.54,64.415,berdiri
7,alam,5/22/2026,4:31:50 PM,1351049397,31941,1.02295,-0.00366,0.16846,-10.466,-3.733,-1.076,0.82959,0.54834,0.40308,-4.672,-5.87,0.321,1005.54,64.415,berdiri
7,alam,5/22/2026,4:31:50 PM,1351049597,33141,1.01514,-0.03271,0.15698,-4.84,-3.595,0.687,0.80566,0.55078,0.39648,-0.13,-4.458,-1.237,1005.53,64.491,berdiri
7,alam,5/22/2026,4:31:50 PM,1351049797,33341,1.03613,-0.04443,0.11938,0.756,-3.053,2.695,0.80273,0.57129,0.36694,3.267,3.046,-0.191,1005.51,64.68,berdiri
7,alam,5/22/2026,4:31:51 PM,1351049997,33541,1.02441,-0.06665,0.12939,1.939,-2.031,3.695,0.83057,0.54077,0.36816,3.87,0.794,-1.519,1005.51,64.68,berdiri
7,alam,5/22/2026,4:31:51 PM,1351050197,32741,1.02563,-0.01978,0.15259,-9.679,1.42,-2.672,0.80054,0.56396,0.41211,-9.267,-3.947,2.092,1005.53,64.491,berdiri
7,alam,5/22/2026,4:31:51 PM,1351050397,32941,1.02051,-0.03076,0.14648,-8.771,-0.427,-1.168,0.80713,0.5498,0.41895,-5.679,-4.473,3.267,1005.53,64.491,berdiri
7,alam,5/22/2026,4:31:51 PM,1351050597,34141,1.03857,-0.05273,0.104,-0.015,0.786,-1.122,0.79053,0.59082,0.37622,-1.29,3.885,1.87,1005.51,64.68,berdiri
7,alam,5/22/2026,4:31:51 PM,1351050797,34341,1.03223,-0.05249,0.11206,-0.718,0.221,-0.496,0.79883,0.58594,0.37524,-0.458,-0.542,0.473,1005.53,64.477,berdiri
7,alam,5/22/2026,4:31:52 PM,1351050997,34541,1.03442,-0.04663,0.11133,-0.786,-3.557,-0.664,0.79614,0.58447,0.38135,-2.046,-0.702,,1005.53,64.477,berdiri
7,alam,5/22/2026,4:31:52 PM,1351051197,33741,1.02832,-0.08008,0.11572,9.679,-0.137,5.107,0.79541,0.57227,0.36011,5.061,7.069,-1.847,1005.51,64.68,berdiri
7,alam,5/22/2026,4:31:52 PM,1351051397,33941,1.03711,-0.05688,0.11694,6.038,-0.13,1.107,0.79346,0.59277,0.37891,0.038,4.221,-0.84,1005.51,64.68,berdiri
7,alam,5/22/2026,4:31:52 PM,1351051597,35141,1.03198,-0.04834,0.11328,2.42,-3.107,-2.267,0.80127,0.57544,0.38232,4.382,1.153,-2.511,1005.53,64.477,berdiri
7,alam,5/22/2026,4:31:52 PM,1351051797,35341,1.03125,-0.02148,0.11157,6.947,0.099,-2.107,0.77832,0.59546,0.39429,7.267,6.55,-2.916,1005.55,64.271,berdiri
7,alam,5/22/2026,4:31:53 PM,1351051997,35541,1.0625,0.0144,0.05688,11.855,4.466,2.046,0.73926,0.62573,0.36108,11.084,17.252,-2.038,1005.55,64.271,berdiri
7,alam,5/22/2026,4:31:53 PM,1351052197,34741,1.05005,-0.04932,0.09424,-1.137,0.145,-0.954,0.78882,0.59155,0.36206,-0.771,3.252,0.763,1005.53,64.477,berdiri
7,alam,5/22/2026,4:31:53 PM,1351052397,34941,1.03418,-0.0415,0.1062,2.313,3.748,-1.244,0.78979,0.59033,0.37939,0.053,4.863,1.252,1005.53,64.477,berdiri
7,alam,5/22/2026,4:31:53 PM,1351052597,36141,1.09839,-0.02637,0.03931,1.168,14.908,5.832,0.83276,0.54712,0.33398,-7.55,20.427,12.344,1005.55,64.271,berdiri
7,alam,5/22/2026,4:31:53 PM,1351052797,36341,1.02539,-0.12109,0.14673,16.328,27,6.992,0.85205,0.48462,0.35059,1.481,26.885,17.924,1005.54,64.4,berdiri
7,alam,5/22/2026,4:31:54 PM,1351052997,36541,1.05908,-0.16528,0.20093,25.45,24.58,0.771,0.28125,0.22314,0.67822,110.389,83.13,57.924,1005.54,64.4,benar
7,alam,5/22/2026,4:31:54 PM,1351053197,35741,1.03174,0.02271,0.11011,0.603,-0.458,-0.145,0.7793,0.59253,0.40137,1.962,-0.382,0.275,1005.55,64.271,benar
7,alam,5/22/2026,4:31:54 PM,1351053397,35941,1.05713,0.00244,0.07813,-1.099,-0.237,0.504,0.80713,0.58008,0.39868,0.084,2.321,3.504,1005.55,64.271,benar
7,alam,5/22/2026,4:31:54 PM,1351053597,37141,0.90332,0.07861,0.84619,20.45,-16.313,17.969,1.0376,0.90454,0.68408,104.908,-43.931,-20.931,1005.54,64.4,benar
7,alam,5/22/2026,4:31:54 PM,1351053797,37341,1.06763,0.11768,0.61255,19,-48.069,-3.29,1.01807,0.60986,0.92896,53.733,-37.496,-42.023,1005.54,64.425,benar
7,alam,5/22/2026,4:31:55 PM,1351053997,37541,1.07739,0.15308,0.15039,4.115,-36.489,-6.931,0.78564,0.52954,0.6167,16.076,-20.221,-13.55,1005.54,64.425,benar
7,alam,5/22/2026,4:31:55 PM,1351054197,36741,0.42017,0.14844,0.04858,-12.099,61.901,6.168,0.30029,-0.10474,0.63135,-82.076,8.458,44.031,1005.54,64.4,benar
7,alam,5/22/2026,4:31:55 PM,1351054397,36941,0.9585,0.09497,0.63184,10.901,20.664,7.84,1.04272,0.34448,0.69824,-9.588,17.679,30.786,1005.54,64.4,benar
7,alam,5/22/2026,4:31:55 PM,1351054597,38141,1.01294,-0.06226,0.552,7.481,8.389,4.771,0.89771,0.48242,0.59497,-8.542,2.733,-21.26,1005.54,64.425,benar
7,alam,5/22/2026,4:31:55 PM,1351054797,38341,0.92285,0.16089,0.33228,-10.092,-35.687,-18.954,0.82788,0.57007,0.73901,1.069,-30.427,-24.695,1005.54,64.391,benar
7,alam,5/22/2026,4:31:56 PM,1351054997,38541,1.06494,0.08838,0.11792,-8.382,-23.336,-6.939,0.75586,0.41211,0.61523,1.84,-30.817,2.924,1005.54,64.391,benar
7,alam,5/22/2026,4:31:56 PM,1351055197,37741,0.97485,0.0415,0.22681,-10.504,-1.779,2.634,0.96143,0.53662,0.64233,-0.466,12.977,3.405,1005.54,64.425,benar
7,alam,5/22/2026,4:31:56 PM,1351055397,37941,1.27856,0.02637,0.32178,-21.878,36.573,13.985,1.15088,0.40063,0.60742,0.985,-4.473,5.84,1005.54,64.425,benar
7,alam,5/22/2026,4:31:56 PM,1351055597,39141,0.96582,0.06104,0.18945,-1.779,-0.511,3.344,0.7749,0.51733,0.54102,16.107,-0.191,-0.626,1005.54,64.391,benar
7,alam,5/22/2026,4:31:56 PM,1351055797,39341,0.98828,0.10327,0.18188,-5.458,-7.824,-5.824,0.83301,0.5249,0.49365,-5.252,2.916,9.023,1005.47,64.94,benar
7,alam,5/22/2026,4:31:57 PM,1351056025,39569,0.98828,0.10327,0.18188,-5.458,-7.824,-5.824,0.83301,0.5249,0.49365,-5.252,2.916,9.023,1005.47,64.94,salah
7,alam,5/22/2026,4:31:57 PM,1351056197,38741,0.76733,0.06909,0.12549,-8.573,-4.519,-1.237,0.5647,0.44141,0.66064,22.824,-13.969,1.16,1005.54,64.391,salah
7,alam,5/22/2026,4:31:57 PM,1351056397,38941,0.91675,0.05371,0.12573,-11.122,-6.16,3.267,0.82935,0.59937,0.46216,-3.206,13.374,-0.756,1005.54,64.391,salah
7,alam,5/22/2026,4:31:57 PM,1351056491,40035,0.69702,-0.01685,0.30933,-8.588,100.626,7.641,0.83203,0.13965,0.89746,-37.023,69.305,43,1005.47,64.94,salah
7,alam,5/22/2026,4:31:57 PM,1351056691,40235,0.6709,0.07373,0.58765,-12.046,112.45,5.832,0.96436,0.19312,0.96973,-126.237,87.298,71.061,1005.51,64.675,salah
7,alam,5/22/2026,4:31:57 PM,1351056891,40435,0.05371,0.04028,0.7981,6.069,108.298,8.809,0.49561,-0.0603,1.23413,-52.702,66.282,26.084,1005.51,64.675,salah
7,alam,5/22/2026,4:31:58 PM,1351057091,40635,-0.08545,-0.08081,0.94824,-16.924,56.527,0.382,0.31323,-0.37378,1.28345,-20.275,36.802,20.527,1005.51,64.675,salah
7,alam,5/22/2026,4:31:58 PM,1351057291,39835,1.00781,0.06445,0.11792,-1.977,48.618,2.458,0.85864,0.50781,0.70728,-25.374,47.328,28.229,1005.47,64.94,salah
7,alam,5/22/2026,4:31:58 PM,1351057491,41035,-0.2312,-0.05029,0.79834,-3.931,-0.534,1.687,0.20044,-0.40332,1.15552,37.977,-6.977,-7.313,1005.51,64.675,salah
7,alam,5/22/2026,4:31:58 PM,1351057691,41235,-0.3313,0.01831,0.79712,-6.252,-4.481,-5.45,0.41064,-0.35327,1.18018,42.702,-13.321,30.672,1005.57,64.115,salah
7,alam,5/22/2026,4:31:58 PM,1351057891,41435,-0.23901,-0.01978,0.91528,-19.374,-12.122,3.588,0.32202,-0.50269,1.23999,-34.13,-31.618,5.305,1005.57,64.115,salah
7,alam,5/22/2026,4:31:59 PM,1351058091,41635,-0.26514,-0.04175,0.78149,0.969,-1.84,-2.855,0.35571,-0.3667,1.24219,-11.153,-12.221,-1.427,1005.57,64.115,salah
7,alam,5/22/2026,4:31:59 PM,1351058291,40835,-0.25684,-0.09399,0.948,-0.29,23.176,-2.374,0.31372,-0.49878,1.22729,-25.565,16.74,8,1005.51,64.675,salah
7,alam,5/22/2026,4:31:59 PM,1351058491,42035,-0.11548,-0.09888,0.81104,0.809,3.069,3.618,0.40894,-0.37915,1.23901,2.389,5.16,1.527,1005.57,64.115,salah
7,alam,5/22/2026,4:31:59 PM,1351058691,42235,-0.11572,-0.06787,0.81372,5.13,12.214,3.641,0.41284,-0.4165,1.21533,-0.061,1.771,2.519,1005.55,64.334,salah
7,alam,5/22/2026,4:31:59 PM,1351058891,42435,-0.22485,-0.0498,0.79761,6.725,15.466,-2.061,0.35718,-0.45728,1.18945,-12.13,8.885,10.519,1005.55,64.334,salah
7,alam,5/22/2026,4:32:00 PM,1351059091,42635,-0.27661,-0.02075,0.87012,2.557,-8.924,-1.389,0.4104,-0.50098,1.18457,9.695,-5.893,-6.191,1005.55,64.334,salah
7,alam,5/22/2026,4:32:00 PM,1351059291,41835,-0.11523,-0.09717,0.74976,0.16,-3.618,0.817,0.41772,-0.4021,1.19971,-9.496,-1.916,9.954,1005.57,64.115,salah
7,alam,5/22/2026,4:32:00 PM,1351059491,43035,-0.04053,-0.04883,0.77515,-5.26,-78.489,12.893,0.573,-0.21704,1.09351,50.527,-41.786,-42.656,1005.55,64.334,salah
7,alam,5/22/2026,4:32:00 PM,1351059691,43235,0.28809,-0.09937,0.61377,-9.55,-39.649,-12.71,0.66919,0.04492,1.0376,23.168,-21.061,-18.389,1005.53,64.502,salah
7,alam,5/22/2026,4:32:00 PM,1351059891,43435,0.47168,-0.11914,0.7168,-8.916,-25.527,-4.885,0.74976,0.052,0.95898,1.221,-5.275,-4.908,1005.53,64.502,salah
7,alam,5/22/2026,4:32:01 PM,1351060091,43635,0.48438,-0.09692,0.81567,-1.55,-38.786,-15.191,0.83569,0.16138,0.96313,31.802,-21.466,-28.855,1005.53,64.502,salah
7,alam,5/22/2026,4:32:01 PM,1351060291,42835,-0.34644,-0.02783,1.0625,-9.206,-32.252,9.29,0.35742,-0.56543,1.24438,15.878,-38.511,-30.099,1005.55,64.334,salah
7,alam,5/22/2026,4:32:01 PM,1351060491,44035,0.78516,0.01099,0.47461,0.183,-40.137,-19.16,0.8064,0.38135,0.83252,12.924,-11.725,-19.802,1005.53,64.502,salah
7,alam,5/22/2026,4:32:01 PM,1351060691,44235,0.86816,0.08228,0.43237,-10.336,-14.397,-19.183,0.7937,0.4646,0.79443,-8.366,-6.542,-10.046,1005.5,64.695,salah
7,alam,5/22/2026,4:32:01 PM,1351060891,44435,0.87622,0.09424,0.43286,-13.634,-5.305,-15.328,0.79565,0.42969,0.7998,-7.702,-6.573,-6.542,1005.5,64.695,salah
7,alam,5/22/2026,4:32:02 PM,1351061091,44635,0.85913,0.10132,0.41675,-5.84,1.214,-5.466,0.76855,0.44702,0.78052,-13.359,-3.908,-0.389,1005.5,64.695,salah
7,alam,5/22/2026,4:32:02 PM,1351061291,43835,0.61743,-0.05591,0.63794,2.779,-50.405,-21.969,0.80225,0.31104,0.86475,30.962,-15.534,-26.977,1005.53,64.502,salah
7,alam,5/22/2026,4:32:02 PM,1351061491,45035,0.81714,0.11475,0.52612,-13.748,-1.969,-2.611,0.79468,0.40698,0.84155,-6.16,-6.298,8.137,1005.5,64.695,salah
7,alam,5/22/2026,4:32:02 PM,1351061691,45235,0.81079,-0.01733,0.52124,-15.794,2.985,-14.275,0.81714,0.36108,0.75879,-13.588,-1.092,1.672,1005.5,64.699,salah
7,alam,5/22/2026,4:32:02 PM,1351061891,45435,0.81104,0.052,0.50171,-6.649,-2.756,-5.58,0.81323,0.37354,0.78613,-7.168,0.519,3.069,1005.5,64.699,salah
7,alam,5/22/2026,4:32:03 PM,1351062091,45635,0.81494,0.05078,0.52637,-3,5.275,0.626,0.80737,0.3894,0.80542,-3.473,3.397,5.466,1005.5,64.699,salah
7,alam,5/22/2026,4:32:03 PM,1351062291,44835,0.8335,0.0166,0.49414,-13.611,21.924,-11.099,0.79565,0.4353,0.80518,-9.107,13.359,9.992,1005.5,64.695,salah
7,alam,5/22/2026,4:32:03 PM,1351062491,46035,0.80127,0.06592,0.49097,-0.008,6.107,0.336,0.81372,0.38452,0.82275,-8.779,3.29,4.176,1005.5,64.699,salah
7,alam,5/22/2026,4:32:03 PM,1351062691,46235,0.78369,0.05273,0.5603,0.954,3.45,3.893,0.80933,0.36963,0.79834,2.55,-0.672,2.733,1005.49,64.79,salah
7,alam,5/22/2026,4:32:03 PM,1351062891,46435,0.78613,0.04517,0.52856,0.099,-4.618,2.763,0.83105,0.37598,0.82251,-0.969,-2.595,0.817,1005.49,64.79,salah
7,alam,5/22/2026,4:32:04 PM,1351063091,46635,0.80396,0.05737,0.51147,-0.45,3.595,0.908,0.82251,0.38843,0.79199,-7,2.779,4.908,1005.49,64.79,salah
7,alam,5/22/2026,4:32:04 PM,1351063291,45835,0.80322,0.04956,0.5271,-4.649,-0.695,-2.878,0.80908,0.38672,0.8186,-5.504,-1.45,0.13,1005.5,64.699,salah
7,alam,5/22/2026,4:32:04 PM,1351063491,47035,0.77124,0.02612,0.54395,-1.794,-2.427,0.649,0.81934,0.35742,0.81982,2.863,1.771,3.702,1005.49,64.79,salah
7,alam,5/22/2026,4:32:04 PM,1351063691,47235,0.78394,0.02539,0.53809,-1.855,-1.183,1.145,0.82275,0.35376,0.81396,2.26,2.473,2.855,1005.47,64.954,salah
7,alam,5/22/2026,4:32:04 PM,1351063891,47435,0.78857,0.01416,0.54077,-1.237,-0.015,-0.176,0.82031,0.35547,0.81934,1.565,0.824,0.42,1005.47,64.954,salah
7,alam,5/22/2026,4:32:05 PM,1351064091,47635,0.78394,0.05127,0.52734,0.015,-1.198,-0.374,0.82642,0.37573,0.80225,1.763,1.885,1.443,1005.47,64.954,benar
7,alam,5/22/2026,4:32:05 PM,1351064291,46835,0.77515,0.0415,0.55835,-3.603,4.137,-0.427,0.82788,0.37158,0.81836,-0.55,2.031,4.435,1005.49,64.79,benar
7,alam,5/22/2026,4:32:05 PM,1351064491,48035,0.79468,0.04346,0.51855,3.206,2.74,3.389,0.81421,0.36768,0.79688,-1.046,1.13,2.939,1005.47,64.954,benar
7,alam,5/22/2026,4:32:05 PM,1351064691,48235,0.65796,0.04028,0.47192,-0.542,-6,2.847,0.6814,0.23877,0.68115,-10.359,-1.412,2.588,1005.5,64.747,benar
7,alam,5/22/2026,4:32:05 PM,1351064891,48435,0.7312,0.14966,0.36206,16.588,-7.542,12.992,0.68457,0.30469,0.80493,-4.718,-11.008,0.458,1005.5,64.747,benar
7,alam,5/22/2026,4:32:06 PM,1351065091,48635,0.64282,0.03345,0.38403,17.855,8.779,7.275,0.92725,0.39429,0.77295,-27.847,7.053,30.214,1005.5,64.747,benar
7,alam,5/22/2026,4:32:06 PM,1351065291,47835,0.79468,0.04614,0.52051,-0.656,0.733,1.985,0.82617,0.35327,0.80762,-4.863,-0.885,2.763,1005.47,64.954,benar
7,alam,5/22/2026,4:32:06 PM,1351065491,49035,1.05762,0.14526,0.45337,8.55,-45.221,-8.809,1.11816,0.55444,0.68579,24.481,-15.718,-0.076,1005.5,64.747,benar
7,alam,5/22/2026,4:32:06 PM,1351065691,49235,1.22729,0.08008,0.09473,24.87,-26.214,13.069,0.91724,0.65747,0.80176,42.901,8.328,-9.344,1005.54,64.42,benar
7,alam,5/22/2026,4:32:06 PM,1351065891,49435,1.03052,0.12939,0.25366,-17.786,9.229,-2.374,0.89478,0.58008,0.72119,-14.969,14.664,1.863,1005.54,64.42,benar
7,alam,5/22/2026,4:32:07 PM,1351066091,49635,1.22729,0.10571,0.15747,-9.672,74.786,1.733,1.07202,0.56567,0.75269,-41.473,58.191,57.718,1005.54,64.42,benar
7,alam,5/22/2026,4:32:07 PM,1351066291,48835,0.88647,0.01733,0.67456,20.313,5.389,15.168,0.84741,0.46875,0.65283,49.649,-4.29,-8.687,1005.5,64.747,benar
7,alam,5/22/2026,4:32:07 PM,1351066491,50035,0.79272,-0.01099,0.65723,-19.038,-20.992,-3.412,0.7251,0.32056,0.83911,-10.076,-24.847,-12.779,1005.54,64.42,benar
7,alam,5/22/2026,4:32:07 PM,1351066691,50235,0.7124,0.00342,0.42603,-4.534,-57.26,-7,0.59937,0.38184,0.71631,37.489,-30.664,-29.076,1005.54,64.405,benar
7,alam,5/22/2026,4:32:07 PM,1351066891,50435,0.65674,-0.01855,0.14722,6.687,-58.588,-7.702,0.6709,0.46582,0.53027,51.756,-39.504,-35.382,1005.54,64.405,benar
7,alam,5/22/2026,4:32:08 PM,1351067091,50635,1.06689,0.13086,0.0625,-9.611,-43.924,-10.023,0.7522,0.62207,0.43628,19.267,-22.267,-14.58,1005.54,64.405,berdiri
7,alam,5/22/2026,4:32:08 PM,1351067291,49835,0.875,0.06738,0.89136,-9.634,42.252,2.672,0.88892,0.36475,0.90308,-38.511,5.107,3.313,1005.54,64.42,berdiri
7,alam,5/22/2026,4:32:08 PM,1351067491,51035,0.9519,0.19067,0.26367,-1.679,37.13,-6.42,0.66309,0.61035,0.5708,-12.718,24.359,-5.344,1005.54,64.405,berdiri
7,alam,5/22/2026,4:32:08 PM,1351067691,51235,0.81177,0.43335,0.30054,-19.214,-17.038,1.382,0.50684,0.7688,0.61084,-23.061,-48.26,-10.687,1005.57,64.173,berdiri
7,alam,5/22/2026,4:32:08 PM,1351067891,51435,1.08936,0.20361,0.03296,-68.122,-31.061,-0.687,1.06592,0.61938,0.55493,-35.427,-10.344,41.969,1005.57,64.173,berdiri
7,alam,5/22/2026,4:32:09 PM,1351068091,51635,1.17285,-0.06201,0.03003,-70.16,0.038,-1.687,0.91577,0.4585,0.54858,-46.221,-34.641,19.901,1005.57,64.173,berdiri
7,alam,5/22/2026,4:32:09 PM,1351068291,50835,1.09033,0.13086,0.07056,-8.069,12.947,-14.71,0.80469,0.58228,0.52393,-49.786,5.237,10.046,1005.54,64.405,berdiri
7,alam,5/22/2026,4:32:09 PM,1351068491,52035,1.0332,-0.07739,0.12329,-9.176,-16.527,-7.038,0.82056,0.54956,0.46069,28.458,-1.122,-1.137,1005.57,64.173,berdiri
7,alam,5/22/2026,4:32:09 PM,1351068691,52235,0.98853,-0.01123,0.1272,11.321,-19.397,2.427,0.79858,0.62158,0.32349,18.595,2.275,-11.107,1005.55,64.285,berdiri
7,alam,5/22/2026,4:32:09 PM,1351068891,52435,1.04468,-0.00415,0.05688,12.168,2.107,10.458,0.79639,0.62354,0.28979,34.267,15.153,19.076,1005.55,64.285,berdiri
7,alam,5/22/2026,4:32:10 PM,1351069091,52635,1.05054,-0.06372,0.07739,25.076,-3.252,20.702,0.75879,0.59888,0.48022,42.802,20.885,-2.153,1005.55,64.285,berdiri
7,alam,5/22/2026,4:32:10 PM,1351069291,51835,1.00415,-0.0835,0.07642,-74.756,-5.382,-25.382,0.79492,0.50146,0.33789,-56.198,-44.145,1.061,1005.57,64.173,berdiri
7,alam,5/22/2026,4:32:10 PM,1351069491,53035,1.0625,-0.04419,0.06714,-0.748,-1.763,-5.618,0.82251,0.58643,0.45679,10.366,-5.198,-10.359,1005.55,64.285,berdiri
7,alam,5/22/2026,4:32:10 PM,1351069691,53235,1.04102,-0.0293,0.06323,-15.458,5.168,-5.824,0.80347,0.56641,0.40869,-29.466,-6.137,4.58,1005.54,64.429,berdiri
7,alam,5/22/2026,4:32:10 PM,1351069891,53435,1.02661,-0.04175,0.12842,-23.298,10.786,-3.336,0.7749,0.56738,0.47998,-25.427,4.939,11.282,1005.54,64.429,berdiri
7,alam,5/22/2026,4:32:11 PM,1351070091,53635,0.95483,-0.05396,0.13794,-13.901,4.695,-7.183,0.67285,0.53198,0.50195,30.45,-14.595,-3.267,1005.54,64.429,berdiri
7,alam,5/22/2026,4:32:11 PM,1351070291,52835,1.05176,-0.03198,0.0979,-0.901,-1.588,0.611,0.79761,0.56519,0.42944,2.58,3.908,6.977,1005.55,64.285,berdiri
7,alam,5/22/2026,4:32:11 PM,1351070491,54035,1.06128,-0.09448,0.10645,75.427,-3.405,20.015,0.76099,0.64526,0.43604,84.145,39.229,-11.794,1005.54,64.429,berdiri
7,alam,5/22/2026,4:32:11 PM,1351070691,54235,1.05664,0.00488,0.04712,52.809,-8.916,12.221,0.76538,0.62427,0.35229,43.328,18.122,-8.756,1005.56,64.251,berdiri
7,alam,5/22/2026,4:32:11 PM,1351070891,54435,1.06006,0.02393,0.01782,9.344,-3.733,3.603,0.74023,0.65869,0.41211,2.099,-0.565,0.656,1005.56,64.251,berdiri
7,alam,5/22/2026,4:32:12 PM,1351071091,54635,1.06006,0.02393,0.01782,9.344,-3.733,3.603,0.74023,0.65869,0.41211,2.099,-0.565,0.656,1005.56,64.251,berdiri
7,alam,5/22/2026,4:32:12 PM,1351071291,53835,1.00391,-0.08569,0.15918,15.046,-7.168,7.237,0.91821,0.81714,0.41821,61.435,-6.786,-0.405,1005.54,64.429,berdiri
7,alam,5/22/2026,4:32:12 PM,1351071491,55035,1.07275,-0.00659,0.0022,-51.916,1.947,-14.092,0.74121,0.69043,0.38086,-47.618,-25.687,4.626,1005.56,64.251,berdiri
7,alam,5/22/2026,4:32:12 PM,1351071691,55235,1.01685,0.01001,0.02856,-84.771,3.565,-23.74,0.75513,0.59424,0.36816,-84.13,-51.115,2.382,1005.57,64.143,berdiri
7,alam,5/22/2026,4:32:12 PM,1351071891,55435,1.11646,-0.04004,0.00781,-54.382,-1.573,-26.885,0.8418,0.55054,0.39038,-24.458,-20.794,12.695,1005.57,64.143,berdiri
7,alam,5/22/2026,4:32:13 PM,1351072091,55635,1.06104,0.00439,0.02954,-24.977,5.389,-7.198,0.72632,0.66064,0.35254,-26.359,-16.13,2.565,1005.57,64.143,berdiri
7,alam,5/22/2026,4:32:13 PM,1351072291,54835,1.06079,0.0083,0.02271,-37.168,-3.611,-7.237,0.75342,0.64258,0.39209,-19.168,-20.168,5.679,1005.56,64.251,berdiri
7,alam,5/22/2026,4:32:13 PM,1351072491,56035,1.05811,-0.00952,0.02246,52.427,-3.718,20.71,0.76855,0.60522,0.36401,29.573,26.832,-3.626,1005.57,64.143,berdiri
7,alam,5/22/2026,4:32:13 PM,1351072691,56235,1.06982,-0.04004,0.02026,30.557,-3.824,12.031,0.78516,0.63818,0.3772,18.74,19.58,0.305,1005.56,64.236,berdiri
7,alam,5/22/2026,4:32:13 PM,1351072891,56435,1.052,-0.0415,0.00977,28.366,3.916,3.603,0.78345,0.61963,0.38989,3.87,17.252,3.237,1005.56,64.236,berdiri
7,alam,5/22/2026,4:32:14 PM,1351073091,56635,1.0542,-0.01416,0.06201,19.214,5.55,9.725,0.78906,0.6145,0.42188,40.969,22.802,0.58,1005.56,64.236,berdiri
7,alam,5/22/2026,4:32:14 PM,1351073291,55835,1.03931,0.01587,0.06396,58.519,1.168,24.756,0.72852,0.6062,0.41284,67.794,13.611,-2.359,1005.57,64.143,berdiri
7,alam,5/22/2026,4:32:14 PM,1351073491,57035,1.03931,0.01587,0.06396,58.519,1.168,24.756,0.72852,0.6062,0.41284,67.794,13.611,-2.359,1005.56,64.236,berdiri
7,alam,5/22/2026,4:32:14 PM,1351073691,57235,1.04736,-0.02124,0.03271,-69.557,1.275,-21.473,0.81836,0.57349,0.4209,-64.191,-30.916,6.061,1005.54,64.386,berdiri
7,alam,5/22/2026,4:32:14 PM,1351073891,57435,1.05054,-0.0271,0.07788,-34.771,6.595,-14.809,0.81714,0.55151,0.3562,-19.832,-7.824,1,1005.54,64.386,berdiri
7,alam,5/22/2026,4:32:15 PM,1351074091,57635,1.01709,-0.02075,0.11572,9.359,-5.595,3.191,0.81885,0.5293,0.36841,25.908,1.656,-0.916,1005.54,64.386,berdiri
7,alam,5/22/2026,4:32:15 PM,1351074291,56835,1.05762,0.00269,0.05396,-8.962,2.878,-5.206,0.76953,0.62183,0.37573,-23.29,-7.275,5.198,1005.56,64.236,berdiri
7,alam,5/22/2026,4:32:15 PM,1351074491,58035,1.04199,0.00952,0.05566,-53.588,3.87,-17.031,0.76221,0.60132,0.3999,-56.336,-28.305,7.824,1005.54,64.386,berdiri
7,alam,5/22/2026,4:32:15 PM,1351074691,58235,1.03271,0.01733,0.13354,58.687,12.26,24.817,0.75977,0.64087,0.38306,23.527,32.969,7.466,1005.54,64.372,berdiri
7,alam,5/22/2026,4:32:15 PM,1351074891,58435,1.04272,0.04932,0.11768,-5.931,-17.565,5.939,0.7959,0.57935,0.45947,10.359,-5.824,10.389,1005.54,64.372,berdiri
7,alam,5/22/2026,4:32:16 PM,1351075091,58635,1.00879,-0.06299,0.10938,-48.328,0.374,-18.221,0.75317,0.56909,0.40015,-39.275,-40.527,3.725,1005.54,64.372,berdiri
7,alam,5/22/2026,4:32:16 PM,1351075291,57835,1.06323,-0.08032,0.06372,54.115,-18.038,16.198,0.83643,0.59644,0.34351,44.275,11.916,-20.595,1005.54,64.386,berdiri
7,alam,5/22/2026,4:32:16 PM,1351075491,59035,1.05371,0.01099,-0.03809,78.985,28.55,28.206,0.771,0.60864,0.32397,96.443,64.87,-16.595,1005.54,64.372,berdiri
7,alam,5/22/2026,4:32:16 PM,1351075691,59235,1.05078,-0.03564,0.13037,-22.885,-13.16,-6.847,0.85742,0.55078,0.36328,4.275,-9.412,3.137,1005.54,64.405,berdiri
7,alam,5/22/2026,4:32:16 PM,1351075891,59435,1.04517,-0.00317,0.08008,-18.916,14.344,-7.038,0.7959,0.55591,0.40112,-30.321,0.023,11.214,1005.54,64.405,berdiri
7,alam,5/22/2026,4:32:17 PM,1351076091,59635,1.03247,-0.01685,0.08618,-5.191,6.725,4.725,0.90186,0.51343,0.4021,-11.275,-6.649,0.947,1005.54,64.405,berdiri
7,alam,5/22/2026,4:32:17 PM,1351076291,58835,1.06226,-0.00952,0.07104,-67.046,-15.214,-16.153,0.83594,0.56567,0.40186,-32.267,-32.038,10.573,1005.54,64.372,berdiri
7,alam,5/22/2026,4:32:17 PM,1351076491,60035,1.04663,-0.10059,0.04053,-39.573,7.084,-21.336,0.80103,0.55078,0.37036,-43.55,-7.779,4.962,1005.54,64.405,berdiri
7,alam,5/22/2026,4:32:17 PM,1351076691,60235,1.04321,-0.06982,0.08862,17.519,0.595,9.588,0.81714,0.65991,0.58765,11.595,4.786,3.748,1005.54,64.4,berdiri
7,alam,5/22/2026,4:32:17 PM,1351076891,60435,1.05151,-0.09888,0.11694,14.321,1.473,4.122,0.63672,0.28931,0.50073,42.885,-19.427,1.763,1005.54,64.4,berdiri
7,alam,5/22/2026,4:32:18 PM,1351077091,60635,1.05688,-0.05127,0.11108,2.015,-12.366,-0.031,0.81836,0.50073,0.49585,1.183,-5.481,-6.313,1005.54,64.4,berdiri
7,alam,5/22/2026,4:32:18 PM,1351077291,59835,1.02661,-0.03638,0.12891,-1.221,8.611,4.664,0.76807,0.44556,0.50098,-7.008,6.099,12.389,1005.54,64.405,berdiri
7,alam,5/22/2026,4:32:18 PM,1351077491,61035,0.99341,-0.09448,0.08765,-25,10.145,6.412,1.05151,0.84863,0.49854,79.084,-28.824,37.542,1005.54,64.4,berdiri
7,alam,5/22/2026,4:32:18 PM,1351077691,61235,1.05737,-0.02441,0.08398,22.122,6.038,6.374,0.80151,0.58911,0.44214,15.878,7.702,-0.076,1005.55,64.285,berdiri
7,alam,5/22/2026,4:32:18 PM,1351077891,61435,1.03027,-0.05127,0.11328,14.107,-1.969,3.015,0.81714,0.54736,0.41382,8.588,5.779,2.832,1005.55,64.285,berdiri
7,alam,5/22/2026,4:32:19 PM,1351078091,61635,1.01709,0.00684,0.14502,-17.176,0.74,-9.679,0.8291,0.54028,0.50977,-20.321,-13.634,3.924,1005.55,64.285,berdiri
7,alam,5/22/2026,4:32:19 PM,1351078291,60835,1.05249,-0.10547,0.0791,-1.038,0.817,-8.031,0.83594,0.50659,0.44434,-8.679,0.473,-2.817,1005.54,64.4,berdiri
7,alam,5/22/2026,4:32:19 PM,1351078491,62035,1.03735,-0.03613,0.13062,11.344,-1.198,-6.084,0.82495,0.49927,0.46924,23.878,14.046,1.786,1005.55,64.285,berdiri
7,alam,5/22/2026,4:32:19 PM,1351078691,62235,1.05908,-0.03198,0.08667,-14.275,-14.855,-0.206,0.89209,0.4751,0.38892,-2.756,4.519,-0.985,1005.55,64.29,berdiri
7,alam,5/22/2026,4:32:19 PM,1351078891,62435,1.17603,-0.07129,0.02637,28.603,-5.863,4.794,0.85034,0.45923,0.32104,-10.198,24.954,17.885,1005.55,64.29,berdiri
7,alam,5/22/2026,4:32:20 PM,1351079091,62635,1.07251,-0.07715,0.06836,9.588,-2.756,8.366,0.85376,0.48608,0.29639,-21.496,20.916,15.458,1005.55,64.29,berdiri
7,alam,5/22/2026,4:32:20 PM,1351079291,61835,1.0332,-0.02588,0.125,-23.855,1.969,-6.924,0.83447,0.51196,0.41553,-16.573,-5.611,3.366,1005.55,64.285,berdiri
7,alam,5/22/2026,4:32:20 PM,1351079491,63035,1.04443,-0.01392,0.12646,-20.015,-2.656,-11.496,0.81738,0.50342,0.42725,-16.496,-6,3.511,1005.55,64.29,berdiri
7,alam,5/22/2026,4:32:20 PM,1351079691,63235,1.03711,-0.05396,0.10547,-33.305,-6.649,5.557,0.85303,0.46631,0.47021,3.992,-9.649,5.481,1005.53,64.443,berdiri
7,alam,5/22/2026,4:32:20 PM,1351079891,63435,1.12793,-0.12012,0.0022,-10.748,11.382,9.137,0.91113,0.54517,0.46997,-22.237,12.053,25.817,1005.53,64.443,berdiri
7,alam,5/22/2026,4:32:21 PM,1351080091,63635,0.99951,-0.1853,0.15186,-23.695,19.405,2.015,0.83594,0.33081,0.36987,-8.809,6.336,17.847,1005.53,64.443,berdiri
7,alam,5/22/2026,4:32:21 PM,1351080291,62835,1.07642,-0.03833,0.06543,23.107,6.305,8.168,0.84448,0.52246,0.43774,21.176,19.519,18.137,1005.55,64.29,berdiri
7,alam,5/22/2026,4:32:21 PM,1351080491,64035,1.03296,0.01123,0.09863,-23.496,-5.137,1.137,0.84229,0.54395,0.50684,-24.084,-10.626,3.71,1005.53,64.443,berdiri
7,alam,5/22/2026,4:32:21 PM,1351080691,64235,1.00171,-0.13647,0.177,47.672,7.435,-1.626,0.85303,0.37793,0.52563,39.985,43.107,2.267,1005.55,64.285,berdiri
7,alam,5/22/2026,4:32:21 PM,1351080891,64435,0.95776,-0.00854,0.35327,77.137,5.603,-1.275,0.86157,0.46484,0.68213,57.534,46.573,-10.374,1005.55,64.285,berdiri
7,alam,5/22/2026,4:32:22 PM,1351081091,64635,0.93359,0.2063,0.28418,65.496,21.748,-2.924,0.65747,0.6106,0.64526,51.145,32.16,-18.74,1005.55,64.285,berdiri
7,alam,5/22/2026,4:32:22 PM,1351081291,63835,0.97876,-0.2959,0.15601,5.527,-6.351,9.618,0.95825,0.42285,0.39868,25.611,7.496,-11.26,1005.53,64.443,berdiri
7,alam,5/22/2026,4:32:22 PM,1351081491,65035,0.90015,-0.24463,0.22046,14.405,6.336,-8.985,0.96338,0.40186,0.45215,5.878,-1.183,-16.794,1005.55,64.285,berdiri
7,alam,5/22/2026,4:32:22 PM,1351081691,65235,1.01831,0.06567,0.00171,-82.74,-20.29,18.58,0.45703,0.66895,0.3916,-8.153,-44.779,-7.069,1005.56,64.198,berdiri
7,alam,5/22/2026,4:32:22 PM,1351081891,65435,1.01611,-0.03564,0.14111,-68.038,-13.481,-8.695,0.82886,0.57422,0.3313,-48.672,-39.908,9.427,1005.56,64.198,berdiri
7,alam,5/22/2026,4:32:23 PM,1351082091,65635,1.06982,-0.03687,0.10376,-74.42,-1.649,-11.412,0.94507,0.48486,0.44702,-71.473,-28.137,11.061,1005.56,64.198,berdiri
7,alam,5/22/2026,4:32:23 PM,1351082291,64835,0.96021,0.32446,0.27222,36.382,7.198,2.046,0.67896,0.65625,0.74292,31.534,19.321,-2.893,1005.55,64.285,berdiri
7,alam,5/22/2026,4:32:23 PM,1351082491,66035,0.85034,0.36963,0.29297,-9.794,-17.519,12.366,0.65259,0.65308,0.64697,24.725,-19.443,-6.641,1005.56,64.198,berdiri
7,alam,5/22/2026,4:32:23 PM,1351082691,66235,0.94214,-0.25488,0.14697,43.244,-6.275,-1.168,0.82764,0.41138,0.29272,51.992,29.092,-29.756,1005.59,63.999,berdiri
7,alam,5/22/2026,4:32:23 PM,1351082891,66435,0.96338,0.10278,0.09033,77.336,16.359,-17.473,0.68994,0.26294,0.55664,13.519,22.031,-10.344,1005.59,63.999,berdiri
7,alam,5/22/2026,4:32:24 PM,1351083091,66635,0.97705,0.15649,0.17651,67.626,26.962,11.298,0.83984,0.60059,0.57373,54.603,59.206,2.649,1005.59,63.999,berdiri
7,alam,5/22/2026,4:32:24 PM,1351083291,65835,1.02734,-0.19971,0.11572,-45.42,8.603,-6.298,0.9021,0.39014,0.23999,-9.931,-6.985,10.542,1005.56,64.198,berdiri
7,alam,5/22/2026,4:32:24 PM,1351083491,67035,1.03516,-0.18604,0.12134,-14.008,6.42,-0.733,0.91382,0.3186,0.40601,8.565,12.565,-3.092,1005.59,63.999,berdiri
7,alam,5/22/2026,4:32:24 PM,1351083691,67235,0.90283,0.41748,0.271,-21.573,-4.313,-1.534,0.62402,0.67383,0.67578,-26.008,-21.58,0.672,1005.58,64.035,berdiri
7,alam,5/22/2026,4:32:24 PM,1351083891,67435,0.8147,0.34619,0.25464,-49.252,-19.595,-6.45,1.10522,0.50098,0.69702,-40.244,-12.099,37.802,1005.58,64.035,berdiri
7,alam,5/22/2026,4:32:25 PM,1351084091,67635,1.00854,0.07104,0.19263,-36.214,-13.947,-1.313,0.78735,0.50684,0.58472,-40.786,-31,-3.969,1005.58,64.035,berdiri
7,alam,5/22/2026,4:32:25 PM,1351084291,66835,0.97168,0.32275,0.20068,76.832,30.496,4.84,0.66479,0.63403,0.65918,32.641,45.359,-9.359,1005.59,63.999,berdiri
7,alam,5/22/2026,4:32:25 PM,1351084491,68035,0.88232,0.41309,0.26025,27.252,15.046,7.267,0.6709,0.68164,0.6875,2.26,11.168,3.023,1005.58,64.035,berdiri
7,alam,5/22/2026,4:32:26 PM,1351084995,68539,0.97021,0.10864,0.25977,-4.344,-3.71,-2.397,0.80713,0.5459,0.54224,-8.305,-1.809,-0.153,1005.56,64.203,berdiri
7,alam,5/22/2026,4:32:26 PM,1351085291,67835,1.00854,-0.02515,0.22437,-30.252,-6.229,-2.282,0.87329,0.41943,0.53149,-2.038,-5.901,4.137,1005.58,64.035,berdiri
7,alam,5/22/2026,4:32:26 PM,1351085595,69139,0.99658,0.10962,0.19458,-13.328,-3.29,-10.87,0.83179,0.50879,0.51465,-13.756,-5.015,6.267,1005.54,64.425,berdiri
7,alam,5/22/2026,4:32:26 PM,1351085795,69339,1.01172,0.09717,0.19189,-5.137,-2.771,-2.511,0.83936,0.50439,0.53149,-6.382,1.42,2.076,1005.54,64.425,berdiri
7,alam,5/22/2026,4:32:27 PM,1351085995,69539,0.99048,0.15259,0.19116,-0.809,-2.664,-4.351,0.80957,0.54639,0.51099,-8.374,-7.275,1.092,1005.54,64.425,berdiri
7,alam,5/22/2026,4:32:27 PM,1351086195,68739,0.99878,0.1123,0.21631,-6.351,-4.145,-7.992,0.85254,0.49854,0.56689,-13.374,-8.573,0.168,1005.56,64.203,berdiri
7,alam,5/22/2026,4:32:27 PM,1351086395,68939,0.96997,0.18042,0.24072,-12.74,-6.664,-5.031,0.79224,0.55444,0.54932,-29.901,-5.229,1.244,1005.56,64.203,berdiri
7,alam,5/22/2026,4:32:27 PM,1351086595,70139,1.02393,0.09229,0.15112,6.206,0.366,6.366,0.97192,0.50415,0.44067,-26.733,6.702,16.466,1005.56,64.217,berdiri
7,alam,5/22/2026,4:32:27 PM,1351086795,70339,1.02173,0.12036,0.12134,-8.397,-9.122,4.511,0.83594,0.53638,0.37671,-14.427,-5.191,4.748,1005.56,64.217,berdiri
7,alam,5/22/2026,4:32:28 PM,1351086995,70539,1.0415,0.07544,0.09058,-4.351,-3.313,4.29,0.84668,0.51563,0.39648,-4.084,-0.107,1.779,1005.56,64.217,berdiri
7,alam,5/22/2026,4:32:28 PM,1351087195,69739,0.99585,0.14209,0.17114,-20.786,-6.985,-10.252,0.8147,0.54004,0.43384,-22.504,-13.16,-0.046,1005.54,64.425,berdiri
7,alam,5/22/2026,4:32:28 PM,1351087395,69939,1.02881,0.11475,0.14038,-19.313,-8.443,-3.878,0.8208,0.53223,0.37158,5.435,-6.351,-1.344,1005.54,64.425,berdiri
7,alam,5/22/2026,4:32:28 PM,1351087595,71139,1.01025,0.08789,0.11011,6.244,8.595,-2.069,0.82617,0.53564,0.39478,-7.267,7.412,-2.809,1005.54,64.351,berdiri
7,alam,5/22/2026,4:32:28 PM,1351087795,71339,1.02124,0.11865,0.16553,-17.038,5.16,-5.519,0.82129,0.53613,0.41724,-21.084,0.855,7.458,1005.54,64.351,berdiri
7,alam,5/22/2026,4:32:29 PM,1351087995,71539,0.98779,0.1145,0.16724,-15.366,-1.878,-2.55,0.8147,0.51416,0.43677,-15.008,-9.824,-0.328,1005.54,64.351,berdiri
7,alam,5/22/2026,4:32:29 PM,1351088195,70739,1.0481,0.06494,0.1001,8.313,0.832,1.74,0.82446,0.52612,0.38721,0.71,5.992,-1.374,1005.56,64.217,berdiri
7,alam,5/22/2026,4:32:29 PM,1351088395,70939,1.03638,0.09351,0.09399,5.656,2.344,-0.557,0.8335,0.5271,0.40161,-0.718,5.275,1.435,1005.56,64.217,berdiri
7,alam,5/22/2026,4:32:29 PM,1351088595,72139,1.05151,0.05615,0.06445,-39.183,-12.573,-8.817,0.87964,0.4707,0.34961,-14.656,-12.573,11.603,1005.57,64.101,berdiri
7,alam,5/22/2026,4:32:29 PM,1351088795,72339,1.05151,0.05249,0.04663,-9.74,-8.595,-0.092,0.84595,0.42676,0.32202,11.298,-4.015,3.191,1005.57,64.101,berdiri
7,alam,5/22/2026,4:32:30 PM,1351088995,72539,1.10278,-0.01074,0.021,28.252,1.29,6.13,0.86108,0.46094,0.29785,42.45,18.908,-7.183,1005.57,64.101,berdiri
7,alam,5/22/2026,4:32:30 PM,1351089195,71739,1.00049,0.09473,0.12842,-42.786,-11.382,-4.924,0.8252,0.51953,0.42554,-31.481,-23.626,-2.947,1005.54,64.351,berdiri
7,alam,5/22/2026,4:32:30 PM,1351089395,71939,1.02808,0.07471,0.09961,-48.305,-11.519,-18.588,0.87598,0.52563,0.30566,-44.13,-31.267,6.687,1005.54,64.351,berdiri
7,alam,5/22/2026,4:32:30 PM,1351089595,73139,1.01831,0.09595,0.12109,42.962,11.061,-3.466,0.82227,0.54248,0.46924,23.573,27.397,-13.756,1005.57,64.136,berdiri
7,alam,5/22/2026,4:32:30 PM,1351089795,73339,1.02393,0.24438,0.07886,30.794,16.13,-3.595,0.86255,0.55469,0.53125,8.435,19.061,-2.389,1005.57,64.136,berdiri
7,alam,5/22/2026,4:32:31 PM,1351089995,73539,0.96021,0.21606,0.19922,-27.008,22.901,-22.267,0.77783,0.52905,0.5293,-35.756,-4.786,-0.061,1005.57,64.136,berdiri
7,alam,5/22/2026,4:32:31 PM,1351090195,72739,1.06641,0.07446,0.00537,53.45,4.16,12.947,0.86157,0.46411,0.36011,38.366,31.725,-4.863,1005.57,64.101,berdiri
7,alam,5/22/2026,4:32:31 PM,1351090395,72939,1.06543,0.08252,0.04565,43.71,11.458,3.962,0.85889,0.49609,0.41089,22.626,29.74,-7.443,1005.57,64.101,berdiri
7,alam,5/22/2026,4:32:31 PM,1351090595,74139,0.98218,0.15381,0.21021,-8.695,-5.656,-2.985,0.83276,0.52539,0.55176,0.26,-3.008,1.55,1005.56,64.251,berdiri
7,alam,5/22/2026,4:32:31 PM,1351090795,74339,0.96655,0.15991,0.21606,-10.985,-0.649,-6.695,0.86304,0.49438,0.55469,1.763,-3.374,2.26,1005.56,64.251,berdiri
7,alam,5/22/2026,4:32:32 PM,1351090995,74539,0.95654,0.1814,0.27588,-0.031,-10.603,11.206,0.79736,0.46826,0.55151,7.878,-13.252,5.053,1005.56,64.251,berdiri
7,alam,5/22/2026,4:32:32 PM,1351091195,73739,0.95801,0.17896,0.23364,-32.496,3.534,-11.137,0.81445,0.50928,0.53125,-24.664,-9.985,-1.038,1005.57,64.136,berdiri
7,alam,5/22/2026,4:32:32 PM,1351091395,73939,0.94604,0.14819,0.24951,-16.489,-7.916,-1.901,0.84497,0.49854,0.56152,-9.87,-13.122,-3.389,1005.57,64.136,berdiri
7,alam,5/22/2026,4:32:32 PM,1351091595,75139,1.02417,0.07715,0.13354,-11.336,-4.962,-4.137,0.86963,0.45117,0.44678,-6.298,-6.267,1,1005.58,64.078,berdiri
7,alam,5/22/2026,4:32:32 PM,1351091795,75339,1.04468,0.08862,0.11938,-10.634,-0.824,-2.305,0.86182,0.45776,0.44409,-0.71,-2.031,2.901,1005.58,64.078,berdiri
7,alam,5/22/2026,4:32:33 PM,1351091995,75539,1.03784,0.08105,0.13208,2.473,3.29,-2.84,0.87231,0.44897,0.46216,-3.817,4.099,-2.534,1005.58,64.078,berdiri
7,alam,5/22/2026,4:32:33 PM,1351092195,74739,0.99902,0.0752,0.18652,-15.832,-12.412,8.473,0.86792,0.47803,0.4939,-7.481,-16.244,-2.176,1005.56,64.251,berdiri
7,alam,5/22/2026,4:32:33 PM,1351092395,74939,1.03174,0.06201,0.14136,-18.916,-13.84,-3.107,0.86743,0.46777,0.46899,-2.924,-12.504,1.344,1005.56,64.251,berdiri
7,alam,5/22/2026,4:32:33 PM,1351092595,76139,1.08716,-0.03003,0.05835,51.374,10.58,-6.076,0.9165,0.39478,0.41089,34.748,41.382,-1.809,1005.55,64.318,berdiri
7,alam,5/22/2026,4:32:33 PM,1351092795,76339,1.04199,0.17822,0.03247,105.26,45.771,27.893,0.84106,0.43945,0.51294,65.084,86.748,3.71,1005.55,64.318,berdiri
7,alam,5/22/2026,4:32:34 PM,1351092995,76539,0.91992,0.42603,0.25439,95.298,51.695,31.29,0.57739,0.59351,0.67065,36.527,69.214,25.71,1005.55,64.318,berdiri
7,alam,5/22/2026,4:32:34 PM,1351093195,75739,1.02515,0.10229,0.14526,13.427,6.908,5.099,0.86157,0.4873,0.46118,9.481,12.908,-1.176,1005.58,64.078,berdiri
7,alam,5/22/2026,4:32:34 PM,1351093395,75939,1.0144,0.06738,0.13184,20.649,5.382,4.29,0.87402,0.46484,0.46753,10.954,15.42,-1.863,1005.58,64.078,berdiri
7,alam,5/22/2026,4:32:34 PM,1351093595,77139,0.88208,0.05615,0.19824,59.397,-2.832,26.183,0.84937,0.3811,0.60181,53.641,10.435,7.046,1005.58,64.087,berdiri
7,alam,5/22/2026,4:32:34 PM,1351093795,77339,0.92651,0.34326,0.18359,18.084,-0.351,-1.901,0.67651,0.46509,0.63013,-36.855,-9.122,15.321,1005.58,64.087,berdiri
7,alam,5/22/2026,4:32:35 PM,1351093995,77539,1.04443,0.30444,0.13843,30.748,8.13,21.473,0.84692,0.56152,0.39941,-9.107,25.183,12.817,1005.58,64.087,berdiri
7,alam,5/22/2026,4:32:35 PM,1351094195,76739,0.92236,0.46265,0.24146,32.702,-3.962,19.038,0.65039,0.55371,0.72778,4.015,1.573,28.824,1005.55,64.318,berdiri
7,alam,5/22/2026,4:32:35 PM,1351094395,76939,0.90283,0.1001,0.31201,30.198,13.092,15.588,0.90698,0.39282,0.7207,-1.511,28.618,14.885,1005.55,64.318,berdiri
7,alam,5/22/2026,4:32:35 PM,1351094595,78139,0.99512,0.2063,0.08569,-10.405,-0.443,-6.092,0.83496,0.5188,0.55273,3.916,11.58,12.244,1005.58,64.063,berdiri
7,alam,5/22/2026,4:32:35 PM,1351094795,78339,0.98975,0.23438,0.15454,0.779,8.237,-1.198,0.80762,0.59961,0.45947,-16.305,-0.252,2.679,1005.58,64.063,berdiri
7,alam,5/22/2026,4:32:36 PM,1351094995,78539,0.99585,0.23975,0.13135,-9.84,-1.756,-1.145,0.81396,0.552,0.4895,-8.023,-2.13,3.87,1005.58,64.063,berdiri
7,alam,5/22/2026,4:32:36 PM,1351095195,77739,1.01465,0.26196,0.12793,22.786,-1.13,15.237,0.79053,0.61475,0.57886,6.061,6.351,7.626,1005.58,64.087,berdiri
7,alam,5/22/2026,4:32:36 PM,1351095395,77939,0.89038,0.20166,0.15771,4.305,-8.366,-1.672,1.0249,0.64185,0.49243,35.321,1.481,-1.489,1005.58,64.087,berdiri
7,alam,5/22/2026,4:32:36 PM,1351095595,79139,1.00513,0.22192,0.11597,-3.672,-1.137,-4.145,0.81763,0.55908,0.47314,-2.496,-0.13,1.107,1005.59,64.005,berdiri
7,alam,5/22/2026,4:32:36 PM,1351095795,79339,1.0022,0.23999,0.11719,-2.817,1.122,-3.229,0.8064,0.56836,0.44922,-3.282,0.107,0.489,1005.59,64.005,berdiri
7,alam,5/22/2026,4:32:37 PM,1351095995,79539,0.98804,0.24194,0.12549,-2.015,-0.122,0.71,0.80664,0.56348,0.46289,1.137,1.542,1.351,1005.59,64.005,berdiri
7,alam,5/22/2026,4:32:37 PM,1351096195,78739,0.98682,0.19604,0.15649,-7.389,-3.481,0.191,0.81372,0.55396,0.47314,1.191,-0.985,2.206,1005.58,64.063,berdiri
7,alam,5/22/2026,4:32:37 PM,1351096395,78939,1.00122,0.21387,0.1272,-1.885,-3.992,-0.908,0.80518,0.56128,0.48486,-1.466,-0.885,0.053,1005.58,64.063,berdiri
7,alam,5/22/2026,4:32:37 PM,1351096595,80139,0.99707,0.25586,0.11328,25.985,7.275,12.29,0.80396,0.55444,0.46924,21.176,17.977,2.511,1005.58,64.039,berdiri
7,alam,5/22/2026,4:32:37 PM,1351096795,80339,1.00537,0.23022,0.1311,11.275,-2.336,14.695,0.80615,0.60034,0.4812,2.679,-2.435,1.832,1005.58,64.039,berdiri
7,alam,5/22/2026,4:32:38 PM,1351096995,80539,1.00659,0.2002,0.10962,-1.626,0.382,-1.809,0.80762,0.56665,0.46509,-1.573,-0.008,0.893,1005.58,64.039,berdiri
7,alam,5/22/2026,4:32:38 PM,1351097195,79739,1.0022,0.22339,0.11523,-1.145,0.046,1.748,0.80591,0.56494,0.4436,-0.443,1.053,2.885,1005.59,64.005,berdiri
7,alam,5/22/2026,4:32:38 PM,1351097395,79939,1.01831,0.19019,0.10327,2.176,3.45,-0.527,0.80371,0.55151,0.44141,1.16,6.183,-0.565,1005.59,64.005,berdiri
7,alam,5/22/2026,4:32:38 PM,1351097595,81139,0.99097,0.20947,0.15503,-5.351,-1.748,-1.863,0.80811,0.55469,0.49268,3.366,0.45,1.374,1005.54,64.357,berdiri
7,alam,5/22/2026,4:32:38 PM,1351097795,81339,1.00488,0.21143,0.13794,-4.16,-1.855,-0.443,0.81421,0.54858,0.47388,-0.382,-1.137,1.099,1005.54,64.357,berdiri
7,alam,5/22/2026,4:32:39 PM,1351097995,81539,1.01416,0.19702,0.12183,-0.863,0.504,2.824,0.83105,0.54517,0.45435,-2.168,1.962,2.374,1005.54,64.357,berdiri
7,alam,5/22/2026,4:32:39 PM,1351098195,80739,1.01807,0.21362,0.08984,-5.847,1.672,-3.389,0.81152,0.57666,0.45898,-6.031,0.42,3.878,1005.58,64.039,berdiri
7,alam,5/22/2026,4:32:39 PM,1351098395,80939,0.99243,0.21069,0.13184,-8.336,4.374,-3.061,0.80103,0.55566,0.49146,-7.58,1.809,3.382,1005.58,64.039,berdiri
7,alam,5/22/2026,4:32:39 PM,1351098595,82139,1.00342,0.19775,0.14331,4.855,2.466,-1.42,0.83618,0.54492,0.49341,2.748,8.71,0.137,1005.56,64.221,berdiri
7,alam,5/22/2026,4:32:39 PM,1351098795,82339,1.00171,0.1936,0.14771,2.176,-2.679,9.542,0.80908,0.57764,0.50024,3.443,-4.305,3.412,1005.56,64.221,berdiri
7,alam,5/22/2026,4:32:40 PM,1351098995,82539,1,0.16528,0.13965,-1.924,-3.076,-2.45,0.82129,0.54468,0.49023,-1.305,-0.924,-3.969,1005.56,64.221,berdiri
7,alam,5/22/2026,4:32:40 PM,1351099195,81739,1.01147,0.18799,0.12378,3.015,1.893,3.718,0.82153,0.55078,0.47168,0.969,3.908,1.779,1005.54,64.357,berdiri
7,alam,5/22/2026,4:32:40 PM,1351099395,81939,1.01245,0.19922,0.11426,-1.427,2.695,0.534,0.81299,0.56006,0.50903,-3.382,0.863,2.26,1005.54,64.357,berdiri
7,alam,5/22/2026,4:32:40 PM,1351099595,83139,0.97559,0.33838,0.06812,-33.824,-11.427,-11.412,0.81177,0.62524,0.55518,-13.458,-37.366,-5.786,1005.59,63.981,berdiri
7,alam,5/22/2026,4:32:40 PM,1351099795,83339,0.97705,0.29395,0.04712,-36.908,-21.74,3.42,0.98999,0.44629,0.54248,-39.382,-17.985,37.893,1005.59,63.981,berdiri
7,alam,5/22/2026,4:32:41 PM,1351099995,83539,1.05127,0.13867,0.10327,-8.809,33.107,21.351,0.94604,0.59399,0.41699,-62.031,-11.267,-17.206,1005.59,63.981,berdiri
7,alam,5/22/2026,4:32:41 PM,1351100195,82739,0.99365,0.2124,0.11572,-7.611,1.13,-6.733,0.79077,0.57886,0.47241,-9.137,-3.534,-0.611,1005.56,64.221,berdiri
7,alam,5/22/2026,4:32:41 PM,1351100395,82939,1.11206,0.22559,0.10889,-13.733,-1.244,-3.267,0.65381,0.68774,0.49097,-25.992,-5.427,-3.954,1005.56,64.221,berdiri
7,alam,5/22/2026,4:32:41 PM,1351100595,84139,1.0481,-0.17871,0.17114,-52.466,-13.412,-33.244,0.91577,0.37134,0.44824,-19.962,-15.656,1.137,1005.57,64.164,berdiri
7,alam,5/22/2026,4:32:41 PM,1351100795,84339,0.98901,-0.06812,0.18604,-15.313,-19.206,-32.466,0.92529,0.61938,0.56299,-36.115,8.809,-53.626,1005.57,64.164,berdiri
7,alam,5/22/2026,4:32:42 PM,1351100995,84539,1.06299,0.41309,0.12378,-48.298,-15.42,-41.908,0.875,0.91406,0.75122,-4.954,-20.26,-17.939,1005.57,64.164,berdiri
7,alam,5/22/2026,4:32:42 PM,1351101195,83739,1.10571,-0.03271,0.01685,-65.809,-2.191,-5.466,0.75439,0.43091,0.57837,-67.122,-24.42,1.84,1005.59,63.981,berdiri
7,alam,5/22/2026,4:32:42 PM,1351101395,83939,1.07275,-0.07813,0.2207,-75.305,19.336,-23.046,0.85864,0.30933,0.45898,-74.519,-27.771,33.58,1005.59,63.981,berdiri
7,alam,5/22/2026,4:32:42 PM,1351101595,85139,0.88354,0.48071,0.16748,-26.71,-13.427,0.84,0.78076,0.64966,0.46533,-6.695,-24.023,7.603,1005.59,63.976,berdiri
7,alam,5/22/2026,4:32:42 PM,1351101795,85339,1.0813,0.3313,0.02002,-24.74,-6.168,20.214,0.89917,0.45898,0.56372,-22.977,3.588,29.038,1005.59,63.976,berdiri
7,alam,5/22/2026,4:32:43 PM,1351101995,85539,1.03687,0.21582,0.04443,-27.115,-22.878,37.473,0.83862,0.60181,0.34692,-15.74,-27.802,20.328,1005.59,63.976,berdiri
7,alam,5/22/2026,4:32:43 PM,1351102195,84739,1.01392,0.32886,0.05298,-16.947,-17.183,-17.473,0.81128,0.73193,0.53052,6.168,-4.634,-14.435,1005.57,64.164,berdiri
7,alam,5/22/2026,4:32:43 PM,1351102395,84939,0.927,0.39746,0.10425,-9.183,9.405,-18.481,0.65088,0.6936,0.49365,-2.809,-13.725,11.466,1005.57,64.164,berdiri
7,alam,5/22/2026,4:32:43 PM,1351102595,86139,1.01123,-0.09766,0.11816,-13.893,20.313,11.122,0.88013,0.43066,0.37012,-23.282,6.328,14.687,1005.59,63.967,berdiri
7,alam,5/22/2026,4:32:43 PM,1351102795,86339,1.03394,-0.14819,0.11182,-8.939,11.321,-1.26,0.90039,0.40771,0.32666,-11.015,13.573,7.321,1005.59,63.967,berdiri
7,alam,5/22/2026,4:32:44 PM,1351102995,86539,1.00488,-0.13965,0.11792,9.153,3.504,-4.443,0.896,0.36255,0.35303,14.641,12.435,-5.878,1005.59,63.967,berdiri
7,alam,5/22/2026,4:32:44 PM,1351103195,85739,1.12549,0.05444,-0.05591,-39.389,-0.611,19,0.83667,0.46973,0.34668,-45.817,-17.702,18.084,1005.59,63.976,berdiri
7,alam,5/22/2026,4:32:44 PM,1351103395,85939,1.09131,-0.05566,0.01733,-29.817,9.71,3.931,0.9126,0.37598,0.35913,-25.13,-1.16,21.786,1005.59,63.976,berdiri
7,alam,5/22/2026,4:32:44 PM,1351103595,87139,0.85132,0.27271,0.39355,8.504,1.313,7.046,0.698,0.58447,0.64453,10.969,-0.695,4.511,1005.58,64.035,berdiri
7,alam,5/22/2026,4:32:44 PM,1351103795,87339,1.05859,0.27588,0.36255,-27.939,-28.725,-10.214,1.02124,0.34106,0.58301,-40.534,-38.298,20.397,1005.58,64.035,berdiri
7,alam,5/22/2026,4:32:45 PM,1351103995,87539,1.05493,-0.00391,0.1853,-16.863,-26.214,-3.061,0.93335,0.35107,0.59399,-59.435,-9.206,3.198,1005.58,64.035,berdiri
7,alam,5/22/2026,4:32:45 PM,1351104195,86739,1.15894,-0.03906,0.1499,40.16,-9.718,-1.397,0.95728,0.29932,0.8208,37.969,33.473,12.076,1005.59,63.967,berdiri
7,alam,5/22/2026,4:32:45 PM,1351104395,86939,1.02563,0.10376,0.25879,38.809,37.802,-4.351,0.78296,0.42456,0.66113,49.573,62,20.885,1005.59,63.967,berdiri
7,alam,5/22/2026,4:32:45 PM,1351104595,88139,1.00488,0.07642,0.20703,0.405,-6.977,-3.901,0.91504,0.35815,0.55884,-1.588,5.573,-0.053,1005.59,64.001,berdiri
7,alam,5/22/2026,4:32:45 PM,1351104795,88339,1.0144,0.04663,0.22754,19.84,24.504,0.649,0.94189,0.35278,0.66138,1.366,33.084,5.122,1005.59,64.001,berdiri
7,alam,5/22/2026,4:32:46 PM,1351104995,88539,0.82813,0.33057,0.34229,34.824,40.359,11.863,0.69189,0.64819,0.69873,22.74,18.015,0.779,1005.59,64.001,berdiri
7,alam,5/22/2026,4:32:46 PM,1351105195,87739,1.03442,-0.00269,0.18799,11.382,27.046,7.588,0.88818,0.32837,0.49927,-7.038,33.374,24.466,1005.58,64.035,berdiri
7,alam,5/22/2026,4:32:46 PM,1351105395,87939,0.93018,0.11084,0.30664,17.626,1.122,-3.092,0.85889,0.38428,0.56299,-7.748,4.985,-1.802,1005.58,64.035,berdiri
7,alam,5/22/2026,4:32:46 PM,1351105595,89139,0.99243,-0.01538,0.25366,-28.115,-17.435,5.382,0.85327,0.42676,0.51782,0.015,-25.115,-6.084,1005.55,64.269,berdiri
7,alam,5/22/2026,4:32:46 PM,1351105795,89339,1.01782,-0.03394,0.2085,-14.977,-15.29,-13.527,0.88525,0.42773,0.47949,-3.527,-16.344,-7.481,1005.55,64.269,berdiri
7,alam,5/22/2026,4:32:47 PM,1351105995,89539,1.06055,-0.01001,0.12964,-2.962,-12.16,-8.519,0.88843,0.46948,0.44092,17.542,-1.618,-0.832,1005.55,64.269,berdiri
7,alam,5/22/2026,4:32:47 PM,1351106195,88739,0.79565,0.42065,0.37573,-19.588,-16.618,-0.198,0.7207,0.56396,0.70703,-13.305,-39.489,4.786,1005.59,64.001,berdiri
7,alam,5/22/2026,4:32:47 PM,1351106395,88939,0.9104,0.03613,0.29517,-25.992,-19.443,15.985,0.93115,0.43506,0.75879,-35.618,-31.603,-14.336,1005.59,64.001,berdiri
7,alam,5/22/2026,4:32:47 PM,1351106595,90139,0.98438,0.10596,0.20215,-1.618,3.244,2.771,0.84229,0.48169,0.49683,-0.038,0.679,3.878,1005.6,63.876,berdiri
7,alam,5/22/2026,4:32:47 PM,1351106795,90339,1.00171,0.0874,0.18384,-7.725,-5.473,-1.176,0.86304,0.46631,0.46411,-1.855,-4.954,0.038,1005.6,63.876,berdiri
7,alam,5/22/2026,4:32:48 PM,1351106995,90539,1.02515,0.08105,0.15332,-2.351,1.183,-0.863,0.87158,0.48169,0.44727,-2.809,0.26,0.099,1005.6,63.876,berdiri
7,alam,5/22/2026,4:32:48 PM,1351107195,89739,1.01465,0.09619,0.16577,6.466,3.832,-3.74,0.86572,0.46094,0.47119,6.626,5.359,-0.069,1005.55,64.269,berdiri
7,alam,5/22/2026,4:32:48 PM,1351107395,89939,1.01904,0.12134,0.16162,5.802,5.809,-1.702,0.86304,0.47803,0.48267,3.443,8.656,3.641,1005.55,64.269,berdiri
7,alam,5/22/2026,4:32:48 PM,1351107595,91139,1.01514,0.11182,0.15088,3.786,2.496,2.374,0.84473,0.49658,0.46802,-4.733,2.466,-0.107,1005.56,64.227,berdiri
7,alam,5/22/2026,4:32:48 PM,1351107795,91339,1.0061,0.10864,0.16284,-3.771,-0.626,1.122,0.85571,0.48242,0.47095,-2.947,-0.794,1.718,1005.56,64.227,berdiri
7,alam,5/22/2026,4:32:49 PM,1351107995,91539,1.00317,0.09351,0.16113,-5.618,-0.412,-0.466,0.85571,0.48853,0.46167,-4.435,-1.412,2.321,1005.56,64.227,berdiri
7,alam,5/22/2026,4:32:49 PM,1351108195,90739,1.02002,0.08057,0.14624,0.542,0.649,-3.359,0.8877,0.4646,0.45093,1.901,2.718,2.092,1005.6,63.876,berdiri
7,alam,5/22/2026,4:32:49 PM,1351108395,90939,1.02222,0.11133,0.15479,7.618,0.534,0.511,0.86182,0.48438,0.44263,2.435,7.809,0.679,1005.6,63.876,berdiri
7,alam,5/22/2026,4:32:49 PM,1351108595,92139,1.02295,0.08765,0.15869,-3.504,0.832,-2.015,0.86865,0.45923,0.46899,-2.641,3.137,2.229,1005.58,64.063,berdiri
7,alam,5/22/2026,4:32:49 PM,1351108795,92339,1.021,0.09375,0.16382,2.855,7.779,2.382,0.85938,0.46387,0.49902,1.573,10.405,5.237,1005.58,64.063,berdiri
7,alam,5/22/2026,4:32:50 PM,1351108995,92539,0.97974,0.08911,0.20825,5.687,4.534,1.969,0.84497,0.47485,0.50439,0.985,5.443,-2.122,1005.58,64.063,berdiri
7,alam,5/22/2026,4:32:50 PM,1351109195,91739,1.01709,0.09351,0.16113,-8.13,-1.107,-2.26,0.86011,0.48926,0.46924,-6.137,-3.427,1.427,1005.56,64.227,berdiri
7,alam,5/22/2026,4:32:50 PM,1351109395,91939,1.01025,0.07642,0.15967,-6.557,-1.321,-1.336,0.86084,0.47559,0.45313,-3.725,-1.87,1.328,1005.56,64.227,berdiri
7,alam,5/22/2026,4:32:50 PM,1351109595,93139,1.00854,0.11206,0.16162,-6.626,0.687,-2.565,0.84814,0.49951,0.48438,-7.634,-1.282,1.275,1005.56,64.197,berdiri
7,alam,5/22/2026,4:32:50 PM,1351109795,93339,1.01465,0.14551,0.16992,-7.389,0.916,1,0.8418,0.50244,0.47217,-3.206,-4.405,3.863,1005.56,64.197,berdiri
7,alam,5/22/2026,4:32:51 PM,1351109995,93539,0.9978,0.11206,0.18652,-30.641,-9.008,-6.603,0.85596,0.49634,0.44434,-20.939,-23.214,7.176,1005.56,64.197,berdiri
7,alam,5/22/2026,4:32:51 PM,1351110195,92739,0.99878,0.11499,0.18433,7.397,-4.87,1.305,0.85352,0.48511,0.50977,8.649,-0.397,-1.198,1005.58,64.063,berdiri
7,alam,5/22/2026,4:32:51 PM,1351110395,92939,1.01831,0.11914,0.15845,0.656,-2.656,-0.008,0.85327,0.49536,0.49341,-2.046,-0.42,-0.893,1005.58,64.063,berdiri
7,alam,5/22/2026,4:32:51 PM,1351110595,94139,1.05664,0.01807,0.03052,-0.802,-11.954,-12.046,0.88501,0.44922,0.35742,-18.374,-13.687,-17.137,1005.55,64.333,berdiri
7,alam,5/22/2026,4:32:51 PM,1351110795,94339,1.08618,0.09692,-0.01392,-3.672,-2.954,-3.725,0.85864,0.50269,0.29175,-11.824,-5.573,2.878,1005.55,64.333,berdiri
7,alam,5/22/2026,4:32:52 PM,1351110995,94539,1.0542,0.11523,-0.06885,-40.779,4.893,14.466,0.87134,0.40259,0.2998,-49.802,-20.153,35.939,1005.55,64.333,berdiri
7,alam,5/22/2026,4:32:52 PM,1351111195,93739,1.00928,0.11548,0.12476,-55.397,-16.924,-7.771,0.86328,0.46143,0.43677,-35.252,-37.802,8.145,1005.56,64.197,benar
7,alam,5/22/2026,4:32:52 PM,1351111395,93939,1.04663,0.02319,0.10205,-36.435,-18,-2.924,0.89868,0.42529,0.39404,-13.626,-18.992,3.191,1005.56,64.197,benar
7,alam,5/22/2026,4:32:52 PM,1351111595,95139,1.03467,-0.19971,-0.00488,57.466,14.924,-12.756,1.07056,0.5647,0.49585,23.061,59.55,-46.313,1005.57,64.159,benar
7,alam,5/22/2026,4:32:52 PM,1351111795,95339,0.77441,0.19604,0.31885,88.687,51.214,21.939,0.59619,0.86743,0.6145,199.511,69.779,17.061,1005.57,64.159,benar
7,alam,5/22/2026,4:32:53 PM,1351111995,95539,0.76367,0.37378,0.27759,39.282,14.382,33.198,0.99438,0.42822,0.94629,57.267,14.939,3.893,1005.57,64.159,benar
7,alam,5/22/2026,4:32:53 PM,1351112195,94739,1.052,-0.17627,-0.02148,-27.641,12.153,21.55,0.91431,0.33594,0.24341,-23.748,8.458,23.939,1005.55,64.333,benar
7,alam,5/22/2026,4:32:53 PM,1351112395,94939,1.01294,-0.26782,-0.01123,36.115,7.885,11.779,0.89648,0.31567,0.25513,42.496,33.137,-15.969,1005.55,64.333,benar
7,alam,5/22/2026,4:32:53 PM,1351112595,96139,0.89941,0.09497,0.65674,10.13,-26.878,10.756,0.98755,0.52783,0.73975,23.26,-22.031,-15.542,1005.56,64.246,benar
7,alam,5/22/2026,4:32:53 PM,1351112795,96339,1.03687,0.15527,0.54028,52.74,-28.313,4.099,0.95776,0.71362,0.89795,31.412,6.908,-21.771,1005.56,64.246,benar
7,alam,5/22/2026,4:32:54 PM,1351112995,96539,1.14746,0.11963,0.37427,-8.397,-26.885,6.893,0.99976,0.69165,0.97119,3.595,-11.878,-26.16,1005.56,64.246,benar
7,alam,5/22/2026,4:32:54 PM,1351113195,95739,0.37744,0.00562,0.23535,17.336,28.969,4.13,0.47144,0.07788,0.60059,47.344,23.13,3.718,1005.57,64.159,benar
7,alam,5/22/2026,4:32:54 PM,1351113395,95939,0.69507,0.11328,0.54907,3.305,21.046,9.725,1.03198,-0.05176,0.98828,57.382,19.176,-26.145,1005.56,64.246,benar
7,alam,5/22/2026,4:32:54 PM,1351113595,97139,1.12524,0.08716,0.23828,-14.374,6.496,5.855,0.83594,0.38672,0.90454,-24.298,-23.267,-9.466,1005.58,64.082,benar
7,alam,5/22/2026,4:32:54 PM,1351113795,97339,0.99585,0.07153,0.20264,-15.962,33.855,-1.863,0.729,0.53979,0.56885,-23.55,-4.847,3.702,1005.58,64.082,benar
7,alam,5/22/2026,4:32:55 PM,1351113995,97539,1.02271,0.07227,0.39844,-7.908,32.168,-8.824,0.90601,0.59814,0.68286,-6.45,6.611,0.878,1005.58,64.082,benar
7,alam,5/22/2026,4:32:55 PM,1351114195,96739,1.0686,0.18481,0.18262,-15.771,-4.824,-8.809,0.7561,0.56152,0.76489,-10.588,-13.817,2.115,1005.56,64.246,benar
7,alam,5/22/2026,4:32:55 PM,1351114395,96939,1.02661,0.07373,0.16968,-16.359,10.107,7.588,0.70142,0.63989,0.61279,-15.626,6.405,11.107,1005.58,64.082,benar
7,alam,5/22/2026,4:32:55 PM,1351114595,98139,0.9209,0.09253,0.29883,8.092,-40.29,-1.817,0.79712,0.58423,0.66772,32.603,-2.924,7.863,1005.57,64.178,benar
7,alam,5/22/2026,4:32:55 PM,1351114795,98339,0.66724,0.0708,0.05493,15.481,-13.718,0.58,0.49927,0.39014,0.53442,18.824,-0.595,-0.763,1005.57,64.178,benar
7,alam,5/22/2026,4:32:56 PM,1351114995,98539,1.50439,0.10205,0.06226,-11.45,-25,-5.107,0.74731,0.9104,0.77026,-24.58,54.802,40.237,1005.57,64.178,benar
7,alam,5/22/2026,4:32:56 PM,1351115195,97739,1.04688,0.14941,0.62695,-2.328,24.191,3.275,0.84302,0.62085,0.8396,-14.611,-1.84,-6.252,1005.58,64.082,benar
7,alam,5/22/2026,4:32:56 PM,1351115395,97939,0.92432,0.01953,0.5,-2.275,-9.534,4.092,0.69214,0.59082,0.7771,7.038,-4.641,-14.229,1005.57,64.178,benar
7,alam,5/22/2026,4:32:56 PM,1351115595,99139,0.96704,0.0625,0.19458,-8.176,4.366,-1.137,0.83398,0.48193,0.62451,-3.733,1.664,6.786,1005.51,64.621,benar
7,alam,5/22/2026,4:32:56 PM,1351115795,99339,1.02466,0.05078,0.1814,-5.824,3.779,-0.107,0.84717,0.44922,0.59863,-1.733,-2.252,4.511,1005.51,64.621,benar
7,alam,5/22/2026,4:32:57 PM,1351115995,99539,1.021,0.05811,0.20801,2.542,6.099,-3.305,0.85376,0.44971,0.60962,-3.427,1.893,0.58,1005.51,64.621,benar
7,alam,5/22/2026,4:32:57 PM,1351116195,98739,1.07544,0.05591,0.07617,-7.397,-6.557,-2.916,0.97119,0.51367,0.54712,-10.733,-0.275,-26.084,1005.57,64.178,benar
7,alam,5/22/2026,4:32:57 PM,1351116395,98939,1.05103,0.11279,0.2085,-9.076,11.489,5.969,0.72949,0.46826,0.60938,19.885,1,8.053,1005.51,64.621,benar
7,alam,5/22/2026,4:32:57 PM,1351116595,100139,0.94824,0.08032,0.27173,0.115,10.031,2.962,0.80103,0.41675,0.6731,-6.122,4.466,4.55,1005.49,64.814,benar
7,alam,5/22/2026,4:32:57 PM,1351116795,100339,0.97461,0.0813,0.27246,-2.863,0.313,-1.221,0.8396,0.42163,0.69092,-1.992,7.466,3.962,1005.49,64.814,benar
7,alam,5/22/2026,4:32:58 PM,1351116995,100539,0.74731,0.09302,0.34033,10.74,-18.641,3.626,0.74097,0.35693,0.57397,30.992,2.893,3.198,1005.49,64.814,benar
7,alam,5/22/2026,4:32:58 PM,1351117195,99739,1.01563,0.10449,0.17358,-0.107,8.939,-2.412,0.82959,0.44482,0.66016,-13.885,5.71,3.42,1005.51,64.621,benar
7,alam,5/22/2026,4:32:58 PM,1351117395,99939,0.99731,0.05713,0.25171,5.42,19.168,2.901,0.84131,0.46167,0.66504,-4.344,12.336,9.511,1005.49,64.814,benar
7,alam,5/22/2026,4:32:58 PM,1351117595,101139,0.92407,-0.0083,0.45898,-8.252,15.389,2.168,1.02417,0.35596,0.76611,22.779,38.634,12.359,1005.51,64.641,benar
7,alam,5/22/2026,4:32:58 PM,1351117795,101339,1.06152,0.00391,0.51978,1.695,-4.328,5.198,1.0603,0.44678,0.5603,12.763,2.634,36.87,1005.51,64.641,benar
7,alam,5/22/2026,4:32:59 PM,1351117995,101539,1.03711,0.00098,0.33081,6.672,-1.748,20.397,1.08325,0.49878,0.88428,24.527,5.595,2.282,1005.51,64.641,benar
7,alam,5/22/2026,4:32:59 PM,1351118195,100739,0.89087,0.12427,0.02148,-10.229,-12.115,-1.015,0.5603,0.32617,0.59058,-40.916,10.634,8.603,1005.49,64.814,benar
7,alam,5/22/2026,4:32:59 PM,1351118395,100939,0.98926,0.03174,0.13403,-13.511,25.634,3.55,0.82446,0.44189,0.57666,-22.71,37.74,23.122,1005.51,64.641,benar
7,alam,5/22/2026,4:32:59 PM,1351118595,102139,0.88184,0.00513,0.37573,-6.397,8.656,-2.42,0.88281,0.4375,0.94165,-24.282,14.336,-7.389,1005.57,64.122,benar
7,alam,5/22/2026,4:32:59 PM,1351118795,102339,1.06226,-0.00635,0.65649,-13.458,3.16,-20.099,1.04688,0.32642,0.99365,-79.267,6.756,-40.374,1005.57,64.122,benar
7,alam,5/22/2026,4:33:00 PM,1351118995,102539,0.97144,0.06665,0.69434,-14.763,-6.198,-33.702,0.79468,0.41724,0.86768,-70.092,-27.42,-30.695,1005.57,64.122,benar
7,alam,5/22/2026,4:33:00 PM,1351119195,101739,0.927,0.03271,0.34766,-5.069,2.672,-3.847,0.89746,0.30542,0.70239,-3.748,8.336,6.137,1005.51,64.641,benar
7,alam,5/22/2026,4:33:00 PM,1351119395,101939,0.92163,0.02441,0.33276,-0.435,7.931,8.031,0.87964,0.43433,0.75342,4.931,6.282,4.527,1005.57,64.122,benar
7,alam,5/22/2026,4:33:00 PM,1351119595,103139,0.71606,0.08276,0.09253,-14.794,-28.832,2.298,0.74902,0.48853,0.65356,32.603,-20.267,-5.16,1005.58,64.096,benar
7,alam,5/22/2026,4:33:00 PM,1351119795,103339,1.05322,0.02539,0.15234,-64.55,-11.42,-27.069,0.91089,0.49463,0.66943,-31.725,-14.977,-3.565,1005.58,64.096,benar
7,alam,5/22/2026,4:33:01 PM,1351119995,103539,1.04004,0.07642,0.18091,-15.229,-4.092,-19.366,0.85889,0.48096,0.59888,-0.053,3.427,-1.275,1005.58,64.096,berdiri
7,alam,5/22/2026,4:33:01 PM,1351120195,102739,0.85205,0.10034,0.4082,-24.74,6.122,-16.366,0.74731,0.31079,0.73315,-0.26,-30.412,-22.008,1005.57,64.122,berdiri
7,alam,5/22/2026,4:33:01 PM,1351120395,102939,0.84668,0.07983,0.29517,-12.168,-40.916,-3.718,0.59546,0.32666,0.55054,15.42,-9,-6.588,1005.58,64.096,berdiri
7,alam,5/22/2026,4:33:01 PM,1351120595,104139,0.97144,-0.0271,0.17188,-40.55,-10.145,15.763,0.94775,0.42969,0.64404,4.458,-0.924,7.504,1005.55,64.269,berdiri
7,alam,5/22/2026,4:33:01 PM,1351120795,104339,1.01685,-0.01367,0.19946,0.542,3.252,19.733,0.86523,0.49292,0.49243,-14.443,-12.489,-3.13,1005.55,64.269,berdiri
7,alam,5/22/2026,4:33:02 PM,1351120995,104539,1.04028,-0.14771,0.16382,-14.855,-3.229,-0.336,0.90942,0.31934,0.48804,-5.046,-12.214,2.893,1005.55,64.269,berdiri
7,alam,5/22/2026,4:33:02 PM,1351121195,103739,0.98486,0.25073,0.22754,9.87,14.023,-1.916,0.77051,0.56519,0.64722,-4.702,16.794,3.031,1005.58,64.096,berdiri
7,alam,5/22/2026,4:33:02 PM,1351121395,103939,0.84668,0.29077,0.30688,-26.305,2.481,-5.611,0.68188,0.61035,0.62744,-30.817,-22.084,-6.641,1005.55,64.269,berdiri
7,alam,5/22/2026,4:33:02 PM,1351121595,105139,1.03223,0.0166,0.1521,22.168,18.893,-7.557,0.89429,0.44434,0.6123,0.473,28.359,-1.328,1005.58,64.015,berdiri
7,alam,5/22/2026,4:33:02 PM,1351121795,105339,0.95068,0.17456,0.29102,39.359,25.412,0.71,0.75293,0.5105,0.6731,40.023,37.893,4.573,1005.58,64.015,berdiri
7,alam,5/22/2026,4:33:03 PM,1351121995,105539,0.88696,0.30933,0.33472,20.939,-17.824,5.092,0.69092,0.61108,0.62378,14.802,-23.595,-5.695,1005.58,64.015,berdiri
7,alam,5/22/2026,4:33:03 PM,1351122195,104739,1.03296,-0.15625,0.13818,15.748,-20.321,-1.366,0.9397,0.6167,0.51514,29.481,2.504,-10.527,1005.55,64.269,berdiri
7,alam,5/22/2026,4:33:03 PM,1351122395,104939,1.0625,-0.00879,0.11475,6.534,-2.718,-7.519,0.85059,0.49487,0.50391,30.366,15.74,8.802,1005.58,64.015,berdiri
7,alam,5/22/2026,4:33:03 PM,1351122595,106139,1.08472,0.09814,0.00781,-28.557,0.405,-0.366,0.83545,0.53882,0.46582,-29.542,-10.756,12.656,1005.59,63.942,berdiri
7,alam,5/22/2026,4:33:03 PM,1351122795,106339,1.03149,0.05029,0.06885,-42.779,-1.519,-10.756,0.83545,0.49951,0.42139,-19.962,-15.832,8.382,1005.59,63.942,berdiri
7,alam,5/22/2026,4:33:04 PM,1351122995,106539,1.05029,0.03687,0.06982,-27.71,-2.405,-3.122,0.87573,0.45313,0.45239,6.45,-0.87,9.023,1005.59,63.942,berdiri
7,alam,5/22/2026,4:33:04 PM,1351123195,105739,1.04248,0.08081,0.09741,2.176,-26.214,5.824,0.5874,0.71826,0.31909,22.824,-17.992,-20.534,1005.58,64.015,salah
7,alam,5/22/2026,4:33:04 PM,1351123395,105939,1.04004,0.13892,0.03101,-2.817,-11.603,2.74,0.7998,0.56274,0.44434,16.359,-11.855,-8.893,1005.59,63.942,salah
7,alam,5/22/2026,4:33:04 PM,1351123595,107139,1.04932,0.0293,0.09058,35.069,4.924,7.267,0.86597,0.45923,0.46582,26.679,25.756,-1.695,1005.59,63.956,salah
7,alam,5/22/2026,4:33:04 PM,1351123795,107339,1.03564,0.12061,0.09766,42.679,26.099,11.557,0.86499,0.54419,0.51196,11.809,36.382,0.237,1005.59,63.956,salah
7,alam,5/22/2026,4:33:05 PM,1351123995,107539,0.97241,0.14893,0.19092,29.389,45.076,4.26,0.83813,0.46851,0.71216,5.229,49.893,18.061,1005.59,63.956,salah
7,alam,5/22/2026,4:33:05 PM,1351124195,106739,1.05933,0.03491,0.05518,3.221,2.649,3.153,0.85376,0.47192,0.44238,-2.588,4.305,2.336,1005.59,63.942,salah
7,alam,5/22/2026,4:33:05 PM,1351124395,106939,1.08008,0.02051,0.03345,9.733,7.198,-2.496,0.88696,0.42578,0.42529,-5.145,13.16,0.084,1005.59,63.956,salah
7,alam,5/22/2026,4:33:05 PM,1351124595,108139,0.33716,-0.1582,0.54932,28.878,136.947,12.725,1.03589,-0.37207,0.81152,-21.947,79.947,84.573,1005.57,64.14,salah
7,alam,5/22/2026,4:33:05 PM,1351124795,108339,0.03662,-0.01709,1.18066,-7.198,86.321,10.427,0.20068,-0.10962,1.42456,-16.366,84.382,30.26,1005.57,64.14,salah
7,alam,5/22/2026,4:33:06 PM,1351124995,108539,-0.13647,-0.06958,0.97485,-16.466,37.031,4.031,0.17114,-0.32349,1.27808,-15.847,2.573,-1.817,1005.57,64.14,salah
7,alam,5/22/2026,4:33:06 PM,1351125195,107739,0.84497,0.33398,0.36914,16.115,53.206,17.389,0.65381,0.63281,0.74707,-12.626,25.359,20.229,1005.59,63.956,salah
7,alam,5/22/2026,4:33:06 PM,1351125395,107939,0.78198,0.17773,0.17261,-50.489,70.931,1.313,0.93042,0.09741,1.14893,-103.58,38.405,55.779,1005.57,64.14,salah
7,alam,5/22/2026,4:33:06 PM,1351125595,109139,-0.0791,-0.02173,0.96313,1.618,-16.985,2.87,0.177,-0.43726,1.33179,-13.397,-23.26,-4.221,1005.58,64.091,salah
7,alam,5/22/2026,4:33:06 PM,1351125795,109339,-0.01636,-0.05542,0.90234,-1.718,-30.435,-5.542,0.33276,-0.32593,1.30225,14.397,-32.641,-36.687,1005.58,64.091,salah
7,alam,5/22/2026,4:33:07 PM,1351125995,109539,0.10791,-0.05933,0.92798,-6.603,-54.321,-13.901,0.51001,-0.21997,1.21997,37.618,-47.702,-36.939,1005.58,64.091,salah
7,alam,5/22/2026,4:33:07 PM,1351126195,108739,-0.15601,-0.06616,0.96484,-18.397,14.115,0.74,0.09937,-0.37793,1.35596,-36.16,17.58,18.008,1005.57,64.14,salah
7,alam,5/22/2026,4:33:07 PM,1351126395,108939,-0.12134,-0.10034,0.83643,-4.908,-5.771,-0.099,0.15991,-0.42017,1.33301,-19.405,-17.069,8.74,1005.58,64.091,salah
7,alam,5/22/2026,4:33:07 PM,1351126595,110139,0.95337,-0.03247,0.14819,-15.985,-89.198,-11.58,0.85156,0.33545,0.79688,14.298,-64.504,-17.229,1005.53,64.491,salah
7,alam,5/22/2026,4:33:07 PM,1351126795,110339,1.07495,-0.22876,0.10645,0.336,-22.557,-17.985,1.05322,0.17871,0.35205,30.26,-10.046,-31,1005.53,64.491,salah
7,alam,5/22/2026,4:33:08 PM,1351126995,110539,1.18384,-0.01221,0.09497,22.58,15.023,-5.885,0.89111,0.36646,0.59888,40.389,46.824,13.611,1005.53,64.491,salah
7,alam,5/22/2026,4:33:08 PM,1351127195,109739,0.31006,0.00342,0.79443,3.855,-85.092,-5.489,0.6582,0.05469,1.03882,46.321,-53.382,-35.55,1005.58,64.091,salah
7,alam,5/22/2026,4:33:08 PM,1351127395,109939,0.52222,0.0769,0.57788,4.145,-101.344,8.595,0.66943,0.32056,0.89966,43.137,-84.191,-42.435,1005.53,64.491,salah
7,alam,5/22/2026,4:33:08 PM,1351127595,111139,0.69849,0.03882,0.39258,-2.977,110.672,14.107,0.69922,0.18994,1.07471,-86.466,60.74,20.557,1005.52,64.554,salah
7,alam,5/22/2026,4:33:08 PM,1351127795,111339,0.30444,-0.14233,0.60815,4.145,126.069,31.992,0.7373,0.22095,1.59863,-68.176,74.87,61.397,1005.52,64.554,salah
7,alam,5/22/2026,4:33:09 PM,1351127995,111539,-0.10425,-0.08081,1.06177,-8.122,81.802,-5.176,0.42896,-0.24097,1.39502,-0.023,60.443,37.84,1005.52,64.554,salah
7,alam,5/22/2026,4:33:09 PM,1351128195,110739,0.87085,0.40674,0.21436,46.198,34.832,19.397,0.55713,0.72534,0.70557,40.344,27.176,2.611,1005.53,64.491,salah
7,alam,5/22/2026,4:33:09 PM,1351128395,110939,0.90942,0.27808,0.16235,-25.992,35.321,-2.626,1.35376,0.38257,0.95483,-46.565,31.511,40.626,1005.52,64.554,salah
7,alam,5/22/2026,4:33:09 PM,1351128595,112139,-0.25928,-0.02783,0.78027,3.221,-6.214,-2.008,0.1543,-0.46143,1.28003,8.542,-2.412,-5.977,1005.58,64.078,salah
7,alam,5/22/2026,4:33:09 PM,1351128795,112339,-0.29614,-0.07007,0.8938,-0.336,-9.038,-2.023,0.15381,-0.48901,1.36157,2.176,-10.45,-7.718,1005.58,64.078,salah
7,alam,5/22/2026,4:33:10 PM,1351128995,112539,-0.28491,-0.06396,1.05396,-2.076,-45.427,1.412,0.27124,-0.38379,1.33325,32.74,-46.802,-38.885,1005.58,64.078,salah
7,alam,5/22/2026,4:33:10 PM,1351129195,111739,-0.26758,-0.08569,1.07031,3.076,48.725,-8.466,0.26953,-0.41992,1.29492,-24.473,21.359,9.13,1005.52,64.554,salah
7,alam,5/22/2026,4:33:10 PM,1351129395,111939,-0.33179,-0.00439,0.92212,0.328,0.183,-1.809,0.06274,-0.44922,1.29297,-22.122,-9.893,-5.893,1005.58,64.078,salah
7,alam,5/22/2026,4:33:10 PM,1351129595,113139,0.64819,-0.15967,0.38452,-40.588,-76.137,-41.473,0.84912,0.29736,0.78345,14.641,-58.069,-39.649,1005.57,64.117,salah
7,alam,5/22/2026,4:33:10 PM,1351129795,113339,0.88086,-0.02148,0.38208,-14.046,-42.16,-48.687,0.72095,0.50171,0.78613,4.573,-20.962,-45.756,1005.57,64.117,salah
7,alam,5/22/2026,4:33:11 PM,1351129995,113539,0.84546,0.15698,0.36426,-15.771,-29.58,-22.168,0.63232,0.54663,0.73535,5.237,-35.382,-28.504,1005.57,64.117,berdiri
7,alam,5/22/2026,4:33:11 PM,1351130195,112739,-0.01953,-0.08057,0.79346,-18.931,-86.473,-5.427,0.52295,-0.07495,1.16992,41.237,-68.336,-52.481,1005.58,64.078,berdiri
7,alam,5/22/2026,4:33:11 PM,1351130395,112939,0.34473,-0.16553,0.66162,-28.687,-108.183,-24.832,0.71069,0.0874,0.92822,43.664,-71.893,-49.229,1005.57,64.117,berdiri
7,alam,5/22/2026,4:33:11 PM,1351130595,114139,0.96167,-0.26001,0.21704,-27.74,16.397,-6.901,0.85156,0.36035,0.38477,-27.863,-8.282,-9.198,1005.55,64.285,berdiri
7,alam,5/22/2026,4:33:11 PM,1351130795,114339,0.9519,-0.2771,0.17798,9.26,-23,-1.008,0.88818,0.42676,0.45532,26.053,2.107,-23.634,1005.55,64.285,berdiri
7,alam,5/22/2026,4:33:12 PM,1351130995,114539,0.96021,-0.04492,0.12549,24.702,-14.015,-23.504,0.85376,0.54175,0.46606,28.183,3.985,-9.221,1005.55,64.285,berdiri
7,alam,5/22/2026,4:33:12 PM,1351131195,113739,1.00098,0.01221,0.198,-10.847,-34,10.641,0.89819,0.51855,0.62549,17.649,-12.855,-12.023,1005.57,64.117,berdiri
7,alam,5/22/2026,4:33:12 PM,1351131395,113939,1.12305,-0.0498,0.08276,-36.672,9.939,9.527,0.87671,0.53491,0.54565,-39.015,2.412,25.679,1005.55,64.285,berdiri
7,alam,5/22/2026,4:33:12 PM,1351131595,115139,1.01978,0.13184,0.19019,9.168,17.015,4.13,0.76025,0.56982,0.63672,-12.351,6.321,10.366,1005.56,64.255,berdiri
7,alam,5/22/2026,4:33:12 PM,1351131795,115339,1.0022,0.12842,0.22827,-2.779,18.763,0.84,0.82837,0.50659,0.66064,-4.427,14.756,19.282,1005.56,64.255,berdiri
7,alam,5/22/2026,4:33:13 PM,1351131995,115539,0.93945,0.03149,0.33081,-10.809,9.206,6.931,0.79346,0.44702,0.69165,2.901,9.534,13.779,1005.56,64.255,berdiri
7,alam,5/22/2026,4:33:13 PM,1351132195,114739,1.04272,0.05249,0.08374,44.611,-0.763,-1.603,0.83301,0.54297,0.53198,22.588,19.122,-0.481,1005.55,64.285,berdiri
7,alam,5/22/2026,4:33:13 PM,1351132395,114939,1.01782,0.13379,0.13745,1.366,5.496,2.725,0.76294,0.55518,0.58911,2.374,9.939,9.779,1005.56,64.255,berdiri
7,alam,5/22/2026,4:33:13 PM,1351132595,116139,0.97534,-0.01245,0.28003,-14.252,-8.763,-3.481,1.24756,0.67822,0.41284,-68.611,7.832,45,1005.56,64.217,berdiri
7,alam,5/22/2026,4:33:13 PM,1351132795,116339,0.97144,-0.04077,0.24292,6.466,1.321,1.603,0.83276,0.36035,0.71606,31.389,-4.649,2.504,1005.56,64.217,berdiri
7,alam,5/22/2026,4:33:14 PM,1351132995,116539,0.93945,-0.01074,0.23462,5.71,-10,-4.198,0.80298,0.05005,1.95215,-63.046,57.893,-9.046,1005.56,64.217,berdiri
7,alam,5/22/2026,4:33:14 PM,1351133195,115739,0.96313,-0.03467,0.29126,-15.481,-0.481,-0.527,0.88892,0.5022,0.48608,-11.298,-5.099,6.252,1005.56,64.255,berdiri
7,alam,5/22/2026,4:33:14 PM,1351133395,115939,0.99121,-0.02466,0.27808,-20.16,-4.443,-3.763,0.81519,0.46069,0.6394,-15.542,-1.015,3.557,1005.56,64.217,berdiri
7,alam,5/22/2026,4:33:14 PM,1351133595,117139,0.94849,-0.01074,0.27026,9.473,1.351,-1.321,0.80762,0.4812,0.71655,13.527,3.931,6.779,1005.58,64.039,berdiri
7,alam,5/22/2026,4:33:14 PM,1351133795,117339,0.97168,0.02686,0.27563,-0.84,-1.824,-5.885,0.78467,0.4585,0.76587,5.267,-1.412,-4.031,1005.58,64.039,berdiri
7,alam,5/22/2026,4:33:15 PM,1351133995,117539,0.97876,0.03662,0.25781,-2.282,-1.511,-3.855,0.802,0.48389,0.76074,5.481,-1.092,0.511,1005.58,64.039,berdiri
7,alam,5/22/2026,4:33:15 PM,1351134195,116739,1.06421,-0.06128,0.2439,15.359,12.863,13.504,0.82739,0.41748,0.92773,103.321,-1.985,26.29,1005.56,64.217,berdiri
7,alam,5/22/2026,4:33:15 PM,1351134395,116939,0.98584,-0.04736,0.25439,28.076,11.214,8.916,0.66553,0.23096,1.07349,27.74,-22.351,-19.053,1005.58,64.039,berdiri
7,alam,5/22/2026,4:33:15 PM,1351134595,118139,0.97485,0.05298,0.27539,5,1.29,0.634,0.80103,0.46191,0.76123,2.656,4.84,1.748,1005.57,64.131,berdiri
7,alam,5/22/2026,4:33:15 PM,1351134795,118339,0.99365,0.03418,0.24927,4.29,7.557,-5.382,0.80908,0.50464,0.73999,-11.771,14.374,-4.053,1005.57,64.131,berdiri
7,alam,5/22/2026,4:33:16 PM,1351134995,118539,0.96558,0.10669,0.24829,20.962,38.908,1.069,0.75269,0.46729,0.85571,10.863,40.878,18.718,1005.57,64.131,berdiri
7,alam,5/22/2026,4:33:16 PM,1351135195,117739,0.98022,0.02759,0.27271,-1.183,0.916,1.618,0.80884,0.4646,0.78589,6.588,2.779,4.893,1005.58,64.039,benar
7,alam,5/22/2026,4:33:16 PM,1351135395,117939,0.99243,0.03345,0.26465,4.87,-0.985,-7.153,0.81006,0.47314,0.74658,6.748,4.588,3.664,1005.57,64.131,benar
7,alam,5/22/2026,4:33:16 PM,1351135595,119139,0.37231,-0.44775,0.59448,6.756,139.954,45.702,0.22534,-0.82666,1.07617,-13.908,128.145,135.588,1005.58,64.024,benar
7,alam,5/22/2026,4:33:16 PM,1351135795,119339,-0.33252,-0.22192,1.21045,10.29,94.061,32.45,-0.10083,-0.55469,1.31934,2.519,62.183,93.427,1005.58,64.024,benar
7,alam,5/22/2026,4:33:17 PM,1351135995,119539,-0.49854,-0.20093,0.98926,-10.962,12.931,5.389,0.12036,-0.57642,1.35205,-8.573,14.221,0.137,1005.58,64.024,benar
7,alam,5/22/2026,4:33:17 PM,1351136195,118739,0.84009,0.35156,0.38184,22.832,47.527,15.405,0.60352,0.56763,0.99756,-6.092,40.015,35.969,1005.57,64.131,benar
7,alam,5/22/2026,4:33:17 PM,1351136395,118939,0.7019,0.34521,0.229,-66.13,79.405,0.282,0.65137,0.21069,1.13062,-166.603,-1.58,29.107,1005.58,64.024,benar
7,alam,5/22/2026,4:33:17 PM,1351136595,120139,-0.2063,-0.17163,0.98242,6.405,-66.74,-7.374,0.41821,-0.3269,1.23047,58.443,-45.053,-42.802,1005.58,64.062,benar
7,alam,5/22/2026,4:33:17 PM,1351136795,120339,0.09033,-0.16162,0.85083,6.603,-126.733,-19.534,0.48584,0.06909,1.04956,82.221,-76.832,-87.237,1005.58,64.062,benar
7,alam,5/22/2026,4:33:18 PM,1351136995,120539,0.51563,-0.23926,0.39844,23.878,-130.458,-52.206,0.8772,0.17188,0.80615,108.855,-32.16,-63.427,1005.58,64.062,benar
7,alam,5/22/2026,4:33:18 PM,1351137195,119739,-0.35352,-0.13794,0.80029,-11.107,-15.504,-10.473,0.13574,-0.61621,1.23901,-11.183,-15.084,4.221,1005.58,64.024,benar
7,alam,5/22/2026,4:33:18 PM,1351137395,119939,-0.31836,-0.07837,0.89038,-9.191,-30.992,1.954,0.20508,-0.55884,1.27417,-5.794,-34.802,0.908,1005.58,64.062,salah
7,alam,5/22/2026,4:33:18 PM,1351137595,121139,-0.31836,-0.07837,0.89038,-9.191,-30.992,1.954,0.20508,-0.55884,1.27417,-5.794,-34.802,0.908,1005.51,64.68,salah
7,alam,5/22/2026,4:33:18 PM,1351137936,121480,0.9126,-0.04932,0.55078,15.496,25.336,1.511,0.73242,0.43604,1.06665,-36.191,-15.321,-2.679,1005.51,64.68,salah
7,alam,5/22/2026,4:33:19 PM,1351138195,120739,0.90894,0.37646,0.14429,66.702,-51.031,21.015,0.59546,0.79785,0.9165,69.565,35.511,-9.702,1005.58,64.062,salah
7,alam,5/22/2026,4:33:19 PM,1351138395,120939,0.96191,0.34131,0.1311,-18.679,-2.466,19.42,0.62817,0.09082,0.32617,-111.832,31.954,10.092,1005.51,64.68,salah
7,alam,5/22/2026,4:33:19 PM,1351138536,122080,0.88794,-0.00342,0.38916,-0.58,19.435,6.191,0.78247,0.35645,0.85059,-28.13,13.924,24.542,1005.57,64.121,salah
7,alam,5/22/2026,4:33:19 PM,1351138736,122280,0.83374,-0.05884,0.53809,-2.542,7.534,5.992,0.85986,0.39111,1.03149,-7.16,1.824,8.26,1005.57,64.121,salah
7,alam,5/22/2026,4:33:19 PM,1351138936,122480,1.01367,-0.1145,0.60547,20.092,26.962,8.351,0.82007,0.44189,1.20068,-48.176,24.069,-5.458,1005.57,64.121,salah
7,alam,5/22/2026,4:33:20 PM,1351139136,121680,0.82617,-0.04639,0.80225,-5.496,4.695,-17.908,0.86694,0.27417,1.06616,-8.71,-12.878,-27.756,1005.51,64.68,salah
7,alam,5/22/2026,4:33:20 PM,1351139336,121880,1.10352,0.11987,0.41309,14,-1.313,6.962,0.88184,0.5769,1.04932,1.733,11.427,11.969,1005.57,64.121,salah
7,alam,5/22/2026,4:33:20 PM,1351139536,123080,0.64966,-0.02734,0.30615,-0.649,-42.641,-7.733,0.48853,0.28394,0.64526,53.511,-7.038,-17.092,1005.55,64.318,salah
7,alam,5/22/2026,4:33:20 PM,1351139736,123280,0.74097,-0.04297,0.20459,-2.977,-28.145,-19.695,0.69287,0.5166,0.83447,31.779,13.473,-3.153,1005.55,64.318,salah
7,alam,5/22/2026,4:33:20 PM,1351139936,123480,0.99219,0.23315,0.24146,10.779,3.206,-17.687,0.72974,0.61206,0.94092,0.244,25.908,-2.649,1005.55,64.318,salah
7,alam,5/22/2026,4:33:21 PM,1351140136,122680,0.81055,0.39526,0.37476,1.748,-1.962,-7.427,0.50708,0.72827,0.82178,-13.802,-6.511,-10.962,1005.57,64.121,berdiri
7,alam,5/22/2026,4:33:21 PM,1351140336,122880,0.78101,-0.02148,0.67114,-2.641,-25.366,-14.939,0.71313,0.29272,0.9043,34.191,-19.237,-24.641,1005.55,64.318,berdiri
7,alam,5/22/2026,4:33:21 PM,1351140536,124080,1.0271,0.09546,0.0791,-17.71,-24.725,19.099,0.74976,0.69507,0.59814,-46.298,-43.87,-2,1005.58,64.034,berdiri
7,alam,5/22/2026,4:33:21 PM,1351140736,124280,1.06592,-0.11646,0.0813,-37.947,10.321,1.695,0.87134,0.61499,0.45996,-42.389,-20.206,18.656,1005.58,64.034,berdiri
7,alam,5/22/2026,4:33:21 PM,1351140936,124480,0.94482,-0.17969,0.14331,-25.802,-6.153,-7.664,0.74487,0.54834,0.44482,-14.756,-24.954,-9.573,1005.58,64.034,berdiri
7,alam,5/22/2026,4:33:22 PM,1351141136,123680,0.98145,0.01611,0.16064,-6.183,-10.916,-5.55,0.7478,0.63086,0.50537,-1.321,-8.687,3.626,1005.55,64.318,berdiri
7,alam,5/22/2026,4:33:22 PM,1351141336,123880,0.83496,0.3938,0.33228,-47.931,-44.718,-5.267,0.68262,0.65405,0.72534,-2.351,-69.908,-0.099,1005.58,64.034,berdiri
7,alam,5/22/2026,4:33:22 PM,1351141536,125080,1.01221,0.00879,0.146,27.931,12.443,7.099,0.76343,0.62793,0.5105,12.221,21.031,15.298,1005.56,64.193,berdiri
7,alam,5/22/2026,4:33:22 PM,1351141736,125280,1.01221,-0.03931,0.14453,28.954,19.046,-6.924,0.86279,0.53223,0.6582,8.649,43.145,5.985,1005.56,64.193,berdiri
7,alam,5/22/2026,4:33:22 PM,1351141936,125480,0.93359,0.34595,0.22681,64.015,43.74,20.924,0.62305,0.70801,0.7915,23.344,59.473,24.611,1005.56,64.193,benar
7,alam,5/22/2026,4:33:23 PM,1351142136,124680,0.82422,0.2854,0.32129,-17.718,61.053,3.321,0.77832,0.33447,0.76611,-116.29,45.023,66.023,1005.58,64.034,benar
7,alam,5/22/2026,4:33:23 PM,1351142336,124880,1.06079,-0.00806,0.08301,13.458,-1.427,3.366,0.81055,0.6394,0.46533,4.282,11.824,8.267,1005.56,64.193,benar
7,alam,5/22/2026,4:33:23 PM,1351142536,126080,0.625,0.21655,0.60107,9.359,10.634,-3.649,0.70874,-0.02734,1.06372,78.725,11.802,-14.603,1005.56,64.203,benar
7,alam,5/22/2026,4:33:23 PM,1351142736,126280,0.79028,0.15308,0.76611,26.527,-30.29,38.588,0.79443,0.56177,1.0271,69.542,8.977,43.412,1005.56,64.203,benar
7,alam,5/22/2026,4:33:23 PM,1351142936,126480,1.07983,0.05396,0.64917,1.817,-36.702,25.122,0.85034,0.59766,1.31421,-6.038,21.58,-8.954,1005.56,64.203,benar
7,alam,5/22/2026,4:33:24 PM,1351143136,125680,1.0542,0.05029,0.56055,-38.069,0.229,8.557,0.7124,0.57837,1.03198,-9.229,-5.328,-8.786,1005.56,64.193,benar
7,alam,5/22/2026,4:33:24 PM,1351143336,125880,0.47681,-0.02979,0.5105,17.656,54.099,-5.924,0.44458,0.05444,0.62842,-24.061,6.87,-5.214,1005.56,64.203,benar
7,alam,5/22/2026,4:33:24 PM,1351143536,127080,0.94531,0.01807,0.62622,13.496,16.45,15.595,0.66016,0.40454,1.02271,-27.573,-23.359,-5.863,1005.54,64.372,benar
7,alam,5/22/2026,4:33:24 PM,1351143736,127280,0.75098,-0.01978,0.52783,8.489,-1.916,3.076,0.65723,0.45361,1.12183,7.74,11.481,-8.71,1005.54,64.372,benar
7,alam,5/22/2026,4:33:24 PM,1351143936,127480,0.75049,-0.00977,0.62451,-8.573,-8.389,-21.557,0.76758,0.79736,1.07349,12.565,-28.237,39.916,1005.54,64.372,benar
7,alam,5/22/2026,4:33:25 PM,1351144136,126680,0.52661,0.15381,0.05225,9.542,-54.588,-3.221,0.3313,0.22852,0.78418,36.053,-8.015,10,1005.56,64.203,salah
7,alam,5/22/2026,4:33:25 PM,1351144336,126880,1.10571,-0.00562,0.41455,-19.71,13.427,-5.534,0.93018,0.56177,1.06445,-21.87,22.977,-20.611,1005.54,64.372,salah
7,alam,5/22/2026,4:33:25 PM,1351144536,128080,0.90015,-0.38525,0.25269,-16.863,47.87,-3.084,1.21069,0.10986,0.95703,-15.84,50.878,42.962,1005.52,64.521,salah
7,alam,5/22/2026,4:33:25 PM,1351144736,128280,0.67676,-0.07593,0.39136,8.176,104.252,30.443,0.69067,0.23779,0.73047,-73.565,84.328,76.511,1005.52,64.521,salah
7,alam,5/22/2026,4:33:25 PM,1351144936,128480,0.25952,-0.02661,0.83325,-12.321,122.29,1.595,0.74829,0.07251,1.12549,-108.672,40.061,59.954,1005.52,64.521,salah
7,alam,5/22/2026,4:33:26 PM,1351145136,127680,-0.07544,-0.05933,0.91211,4.603,80.42,13.252,0.33911,-0.26758,1.40112,-28.115,36,34.878,1005.54,64.372,salah
7,alam,5/22/2026,4:33:26 PM,1351145336,127880,0.84131,0.40137,0.15259,-18.748,-5.321,-3.229,0.55151,0.72217,0.854,-76.969,-27.695,9.885,1005.52,64.521,salah
7,alam,5/22/2026,4:33:26 PM,1351145536,129080,-0.21875,-0.11572,0.83887,-2.786,12.679,1.252,0.17212,-0.44995,1.33008,12.191,-1.611,-4.55,1005.54,64.372,salah
7,alam,5/22/2026,4:33:26 PM,1351145736,129280,-0.25708,-0.07593,0.79956,-5.496,-1.122,-2.252,0.16333,-0.52417,1.26294,-3.237,3.656,-0.336,1005.54,64.372,salah
7,alam,5/22/2026,4:33:26 PM,1351145936,129480,-0.38623,-0.02075,1.0979,-11.939,-16.786,-2.305,0.15674,-0.50171,1.32251,25.473,-44.985,-26.069,1005.54,64.372,salah
7,alam,5/22/2026,4:33:27 PM,1351146136,128680,-0.198,-0.01416,0.95776,6.855,-85.626,6.618,0.27319,-0.19165,1.20728,81.74,-57.13,-34.565,1005.52,64.521,salah
7,alam,5/22/2026,4:33:27 PM,1351146336,128880,-0.28613,-0.10205,0.9751,-9.389,23.687,-3.229,0.25024,-0.44263,1.29785,9.275,4.931,3.901,1005.54,64.372,salah
7,alam,5/22/2026,4:33:27 PM,1351146536,130080,0.68896,-0.07739,0.29663,-49.237,-101.481,-14.893,0.80396,0.46558,0.97388,10.511,-95.321,-58.053,1005.58,64.048,salah
7,alam,5/22/2026,4:33:27 PM,1351146736,130280,0.90576,-0.3501,0.20142,-68.389,-21.687,-49.939,0.92578,0.34302,0.43774,-66.389,-54.954,-33.13,1005.58,64.048,salah
7,alam,5/22/2026,4:33:27 PM,1351146936,130480,0.97876,-0.37158,0.17383,-29.321,-18.687,-38,0.87256,0.45581,0.49805,-11.359,-5.435,-16.504,1005.58,64.048,salah
7,alam,5/22/2026,4:33:28 PM,1351147136,129680,1.00854,-0.06323,0.22046,4.076,1.061,-35.901,0.94189,0.39087,0.72217,-41.954,10.466,-0.71,1005.54,64.372,berdiri
7,alam,5/22/2026,4:33:28 PM,1351147336,129880,0.20435,0.02002,0.70752,-19.191,-128.267,-0.931,0.59326,0.16968,1.07788,46.206,-95.397,-54,1005.58,64.048,berdiri
7,alam,5/22/2026,4:33:28 PM,1351147536,131080,0.84595,0.23657,0.37915,18.176,8.458,2.16,0.58447,0.66602,0.80054,9.244,6.931,1.443,1005.56,64.241,berdiri
7,alam,5/22/2026,4:33:28 PM,1351147736,131280,1.00562,0.15381,0.31421,-12.802,-21.504,-5.916,0.73511,0.55591,0.77515,3.511,-27.733,1.786,1005.56,64.241,berdiri
7,alam,5/22/2026,4:33:28 PM,1351147936,131480,0.9707,0.1084,0.23462,-5.901,-20.336,-1.779,0.78931,0.57446,0.68311,-6.901,-23.26,-9.351,1005.56,64.241,berdiri
7,alam,5/22/2026,4:33:29 PM,1351148136,130680,1.04419,0.05591,0.12329,-9.267,-11.397,0.382,0.79541,0.57959,0.58276,-0.771,-7.359,-0.748,1005.58,64.048,berdiri
7,alam,5/22/2026,4:33:29 PM,1351148336,130880,0.99097,0.06787,0.25488,29.847,22.435,-11.42,0.7334,0.52783,0.82007,4.305,31.427,10.687,1005.56,64.241,berdiri
7,alam,5/22/2026,4:33:29 PM,1351148536,132080,1.03809,0.00806,0.11572,-11.321,-2.122,1.931,0.77539,0.55908,0.60767,-2.412,-0.336,4.42,1005.58,64.015,berdiri
7,alam,5/22/2026,4:33:29 PM,1351148736,132280,1.06714,-0.02075,0.10181,8.74,9.405,4.107,0.81909,0.55273,0.53955,6.176,20.282,7.542,1005.58,64.015,berdiri
7,alam,5/22/2026,4:33:29 PM,1351148936,132480,1.01489,-0.02148,0.1189,17.954,20.947,2.832,0.84033,0.56567,0.61548,-1.282,30.832,8.916,1005.58,64.015,berdiri
7,alam,5/22/2026,4:33:30 PM,1351149136,131680,0.96997,0.07349,0.29053,29.466,34.496,-1.023,0.73438,0.46191,0.78174,18.893,49.198,15.206,1005.56,64.241,benar
7,alam,5/22/2026,4:33:30 PM,1351149336,131880,1.03931,0.03101,0.11597,-11.191,-3.145,1.214,0.79028,0.57373,0.58228,-6.183,-6.664,0.351,1005.58,64.015,benar
7,alam,5/22/2026,4:33:30 PM,1351149536,133080,1.02197,0.15381,0.1875,-12.794,-17.824,-2.351,0.74097,0.62695,0.67529,-7,-11.756,-3.069,1005.58,64.096,benar
7,alam,5/22/2026,4:33:30 PM,1351149736,133280,0.97021,0.10669,0.15186,30,33.595,21.008,0.74023,0.5686,0.77466,34.985,47.672,27.076,1005.58,64.096,benar
7,alam,5/22/2026,4:33:30 PM,1351149936,133480,0.76416,0.29419,0.03735,-0.366,71.351,9.374,0.11035,-0.11108,0.59497,-79.725,32.458,29.992,1005.58,64.096,benar
7,alam,5/22/2026,4:33:31 PM,1351150136,132680,0.49854,-0.03931,0.15698,35.954,64.84,24.916,0.30029,0.02026,1.08813,30.649,3.168,-14.092,1005.58,64.015,benar
7,alam,5/22/2026,4:33:31 PM,1351150336,132880,0.81567,0.27075,0.40503,22.305,-9.084,5.718,0.66455,0.54102,0.84229,16.13,-11.038,0.733,1005.58,64.096,benar
7,alam,5/22/2026,4:33:31 PM,1351150536,134080,0.95044,-0.0481,0.70508,-28.771,-57.786,-11.366,1.0957,0.37256,0.90918,7.786,-40.321,-5.55,1005.59,63.996,benar
7,alam,5/22/2026,4:33:31 PM,1351150736,134280,1.10693,-0.03027,0.50757,-18.725,-8.412,8.908,1.03589,0.50366,0.97925,-19.397,-13.473,3.58,1005.59,63.996,benar
7,alam,5/22/2026,4:33:31 PM,1351150936,134480,1.04932,-0.09375,0.27759,-14.198,49.374,-8.847,0.97534,0.51001,0.93848,-84.275,-9.588,0.13,1005.59,63.996,benar
7,alam,5/22/2026,4:33:32 PM,1351151136,133680,0.8894,-0.06738,0.81616,8.588,42.672,-13.977,0.90454,0.39478,1.03735,-27.618,10.366,4.565,1005.58,64.096,benar
7,alam,5/22/2026,4:33:32 PM,1351151336,133880,0.76196,0.04639,1.00928,3.954,12.634,8.924,0.7417,0.32715,0.92456,22.908,8.847,-4.069,1005.59,63.996,benar
7,alam,5/22/2026,4:33:32 PM,1351151536,135080,0.70508,0.05103,0.60449,22.626,-29.695,3.565,0.5708,0.33813,0.86963,46.603,-25.298,1.519,1005.59,63.952,benar
7,alam,5/22/2026,4:33:32 PM,1351151736,135280,0.34619,-0.12158,0.05908,25.42,-59.145,-0.099,0.42334,0.09204,0.66016,59.679,-45.275,-30.756,1005.59,63.952,benar
7,alam,5/22/2026,4:33:32 PM,1351151936,135480,0.94434,-0.06372,0.17065,27.55,11.511,-3.344,0.94604,0.33472,0.53491,38.191,17.924,-12.618,1005.59,63.952,benar
7,alam,5/22/2026,4:33:33 PM,1351152136,134680,0.86108,0.56348,0.37549,27.817,29.252,32.794,0.62598,0.82837,0.83057,-29.718,10.229,9.496,1005.59,63.996,benar
7,alam,5/22/2026,4:33:33 PM,1351152336,134880,0.67163,-0.05322,0.74634,-6.092,-3.481,-20.977,0.71191,0.12573,0.91162,-0.282,-1.084,4.763,1005.59,63.952,benar
7,alam,5/22/2026,4:33:33 PM,1351152536,136080,0.74146,-0.17236,0.1333,0.519,23.153,-9.519,0.48657,0.21851,0.72632,13.137,-0.702,-27.649,1005.52,64.535,benar
7,alam,5/22/2026,4:33:33 PM,1351152736,136280,0.68921,0.11572,0.46094,-8.916,35.198,-1.519,0.90332,0.40601,0.79688,20,16.748,16.84,1005.52,64.535,benar
7,alam,5/22/2026,4:33:33 PM,1351152936,136480,0.90088,0.05054,0.74927,4.748,-0.847,-1.885,0.94995,0.31738,1.13257,22.87,6.382,-9.168,1005.52,64.535,benar
7,alam,5/22/2026,4:33:34 PM,1351153136,135680,0.90234,0.04419,1.17651,-24.412,-45.405,-0.389,0.91675,0.29541,1.05078,11.954,20.618,10.389,1005.59,63.952,benar
7,alam,5/22/2026,4:33:34 PM,1351153336,135880,0.80127,0.35132,0.34448,-38.237,2.275,1.626,0.90674,0.30103,0.62817,-116.771,30.901,60.534,1005.52,64.535,benar
7,alam,5/22/2026,4:33:34 PM,1351153536,137080,0.90332,0.0564,0.6792,5.389,22.954,6.198,0.80713,0.42773,1.28027,-64.847,3.382,-15.191,1005.55,64.285,benar
7,alam,5/22/2026,4:33:34 PM,1351153736,137280,0.82495,-0.02222,0.7229,-107.786,-9.405,-52.473,0.82422,0.26758,0.96533,-84.733,-68.023,-26.595,1005.55,64.285,benar
7,alam,5/22/2026,4:33:34 PM,1351153936,137480,0.73145,-0.16626,0.47144,-55.519,-19.634,-61.962,0.78467,0.13965,0.6604,-22.481,-34.176,-38.855,1005.55,64.285,benar
7,alam,5/22/2026,4:33:35 PM,1351154136,136680,0.69165,-0.12183,0.36011,4.802,-27.336,-16.656,0.71167,0.16162,0.70068,54.611,5.771,-5.779,1005.52,64.535,benar
7,alam,5/22/2026,4:33:35 PM,1351154336,136880,0.84424,0.03564,0.48657,-1.992,18.321,14.183,0.76172,0.34326,0.95605,-14.282,13.008,19.573,1005.55,64.285,benar
7,alam,5/22/2026,4:33:35 PM,1351154536,138080,1.06763,-0.10791,0.14185,-59.695,-17.992,13.855,0.84937,0.73901,0.66333,4.664,0.366,-42.244,1005.56,64.217,benar
7,alam,5/22/2026,4:33:35 PM,1351154736,138280,1.03882,-0.15161,0.05444,-27.687,1.511,-26.817,0.82471,0.34741,0.46045,21.389,-0.977,-6.504,1005.56,64.217,benar
7,alam,5/22/2026,4:33:35 PM,1351154936,138480,1.24805,-0.06177,0.20264,39.939,-26.092,17.267,0.69067,0.53174,0.68579,117.26,46.557,27.55,1005.56,64.217,benar
7,alam,5/22/2026,4:33:36 PM,1351155136,137680,1.02734,-0.01904,0.21045,-1.664,-5.053,1.573,0.81226,0.48901,0.51001,51.008,15.878,4.053,1005.55,64.285,berdiri
7,alam,5/22/2026,4:33:36 PM,1351155336,137880,0.69287,0.12402,0.34888,33.977,-46.679,13.832,0.54272,0.62354,0.9021,44.099,-24.565,-12.992,1005.56,64.217,berdiri
7,alam,5/22/2026,4:33:36 PM,1351155536,139080,1.04541,-0.03687,0.15967,37.473,19.244,13.115,0.80029,0.53052,0.61304,20.725,38.588,15.298,1005.58,64.058,berdiri
7,alam,5/22/2026,4:33:36 PM,1351155736,139280,0.95703,0.07544,0.2666,22.397,28.42,4.802,0.76636,0.53931,0.61157,-12.534,21.832,10.092,1005.58,64.058,berdiri
7,alam,5/22/2026,4:33:36 PM,1351155936,139480,0.92358,0.01953,0.35083,9.496,15.534,-1.779,0.77515,0.52002,0.67554,20.771,22.405,2.046,1005.58,64.058,berdiri
7,alam,5/22/2026,4:33:37 PM,1351156136,138680,0.91113,0.15503,0.3501,29.656,21.924,-2.802,0.39453,0.89673,0.84497,67.099,-0.282,-9.092,1005.56,64.217,salah
7,alam,5/22/2026,4:33:37 PM,1351156336,138880,1.02417,0.00122,0.20386,10.687,1.977,6.511,0.85669,0.4978,0.57642,20.489,9.794,6.244,1005.58,64.058,salah
7,alam,5/22/2026,4:33:37 PM,1351156536,140080,0.70435,0.2854,0.2981,-6.84,93.649,22.885,0.68872,0.44189,0.95044,-62.252,39.13,60.748,1005.58,64.039,salah
7,alam,5/22/2026,4:33:37 PM,1351156736,140280,0.25049,-0.10254,0.32031,-16.107,157.863,33.863,0.84399,-0.021,0.68945,26.809,145.519,184.244,1005.58,64.039,salah
7,alam,5/22/2026,4:33:37 PM,1351156936,140480,-0.30225,-0.08813,1.25073,9.023,89.183,22.214,0.12109,-0.41235,1.32886,-18.298,42.046,49.053,1005.58,64.039,salah
7,alam,5/22/2026,4:33:38 PM,1351157136,139680,-0.36182,-0.19312,1.05518,-16.321,24.626,3.71,0.21094,-0.54346,1.26978,15.588,-12.298,-46.015,1005.58,64.058,salah
7,alam,5/22/2026,4:33:38 PM,1351157336,139880,0.89404,0.3479,0.34497,22.893,46.649,19.534,0.57275,0.38574,0.93433,3.985,23.664,35.137,1005.58,64.039,salah
7,alam,5/22/2026,4:33:38 PM,1351157536,141080,-0.26758,-0.03345,0.92651,-4.641,-17.771,0.42,0.24658,-0.60571,1.26831,2.771,-23.031,-4.298,1005.57,64.115,salah
7,alam,5/22/2026,4:33:38 PM,1351157736,141280,-0.21875,-0.104,1.00195,1.328,-41.656,-6.939,0.41357,-0.44458,1.17676,26.817,-46.137,-49.641,1005.57,64.115,salah
7,alam,5/22/2026,4:33:38 PM,1351157936,141480,-0.03052,-0.05371,0.87231,7.664,-79.511,-2.924,0.56812,-0.08789,1.16162,65.008,-40.55,-60.473,1005.57,64.115,salah
7,alam,5/22/2026,4:33:39 PM,1351158136,140680,0.28491,-0.08179,0.78979,-6.481,-117.412,-2.443,0.63745,0.21631,0.98584,60.198,-70.504,-82.008,1005.58,64.039,salah
7,alam,5/22/2026,4:33:39 PM,1351158336,140880,-0.21777,-0.08276,0.86499,2.954,-11.481,-3.565,0.1748,-0.70947,1.23779,-9.725,13.618,4.855,1005.57,64.115,salah
7,alam,5/22/2026,4:33:39 PM,1351158536,142080,1.08008,-0.21143,0.03882,2.046,-38.13,-16.542,0.9082,0.19434,0.48682,13.229,-7.786,-19.924,1005.52,64.55,salah
7,alam,5/22/2026,4:33:39 PM,1351158736,142280,1.12305,-0.18774,0.0957,36.977,13.137,0.145,0.99365,0.41504,0.61475,23.618,51,-3.45,1005.52,64.55,salah
7,alam,5/22/2026,4:33:39 PM,1351158936,142480,0.97705,0.54834,0.33521,16.359,46,5.26,0.81665,0.82764,1.06079,9.489,75.718,56.908,1005.52,64.55,salah
7,alam,5/22/2026,4:33:40 PM,1351159136,141680,0.62427,0.31299,0.31226,-35.664,86.595,1.061,1.06323,0.18701,0.67432,-176.779,67.771,88.634,1005.57,64.115,salah
7,alam,5/22/2026,4:33:40 PM,1351159336,141880,0.64917,-0.02319,0.26855,-13.153,-111.023,-21.168,0.91333,0.36035,1.00488,8.954,-84.275,-24.779,1005.52,64.55,salah
7,alam,5/22/2026,4:33:40 PM,1351159536,143080,-0.18628,-0.15332,0.86328,-1.466,113.893,-5.351,0.40405,-0.34839,1.17383,-46.985,73.618,56.962,1005.54,64.385,salah
7,alam,5/22/2026,4:33:40 PM,1351159736,143280,-0.37769,-0.11255,0.99414,1.496,46.71,-2.275,0.14355,-0.57666,1.23242,-9.74,52.176,15.466,1005.54,64.385,salah
7,alam,5/22/2026,4:33:40 PM,1351159936,143480,-0.36548,-0.07397,0.76733,1.817,11.366,-0.817,0.13989,-0.58057,1.19507,0.191,2.427,1.489,1005.54,64.385,salah
7,alam,5/22/2026,4:33:41 PM,1351160136,142680,-0.448,-0.13989,0.83179,5.824,-4.985,-2.023,0.13818,-0.60107,1.26392,9.282,-19.069,-10.931,1005.52,64.55,salah
7,alam,5/22/2026,4:33:41 PM,1351160336,142880,0.30933,-0.1936,0.51904,-5.84,143.458,20.214,0.66357,-0.12988,1.01245,-118.466,45.153,65.405,1005.54,64.385,salah
7,alam,5/22/2026,4:33:41 PM,1351160536,144080,-0.06714,-0.01709,0.84058,-3.534,-117.855,-1.267,0.52026,-0.05737,1.11963,58.252,-70.679,-65.885,1005.56,64.193,salah
7,alam,5/22/2026,4:33:41 PM,1351160736,144280,0.33716,-0.11182,0.73413,2.473,-114.611,-12.427,0.78662,0.27026,0.97095,100.389,-98.832,-85.885,1005.56,64.193,salah
7,alam,5/22/2026,4:33:41 PM,1351160936,144480,0.89551,-0.04346,0.15723,-42.405,-102.252,-1.588,0.81201,0.51563,0.61597,4.237,-74.267,50.733,1005.56,64.193,berdiri
7,alam,5/22/2026,4:33:42 PM,1351161136,143680,-0.4126,-0.09692,1.05469,4.221,-46.641,-4.672,0.30127,-0.44263,1.32764,62.26,-71.855,-52.168,1005.54,64.385,berdiri
7,alam,5/22/2026,4:33:42 PM,1351161336,143880,-0.4126,-0.09692,1.05469,4.221,-46.641,-4.672,0.30127,-0.44263,1.32764,62.26,-71.855,-52.168,1005.56,64.193,berdiri
7,alam,5/22/2026,4:33:42 PM,1351161536,145080,1.07178,-0.06348,0.00146,-9.924,-2.275,-13.641,0.83594,0.55762,0.37842,-0.87,2.344,-1.725,1005.59,64.001,berdiri
7,alam,5/22/2026,4:33:42 PM,1351161736,145280,1.06543,0.0127,0.03784,19.099,10.42,-1.74,0.83521,0.54565,0.45728,7.237,23.107,12.305,1005.59,64.001,berdiri
7,alam,5/22/2026,4:33:42 PM,1351161936,145480,1.05884,0.02881,0.09766,23.237,24.855,6.634,0.87939,0.50098,0.49561,2.496,25.115,19.504,1005.59,64.001,berdiri
7,alam,5/22/2026,4:33:43 PM,1351162136,144680,1.1023,-0.12402,0.02319,-50.603,-37.229,-27.809,0.85376,0.61011,0.48633,-71.313,-36.366,-23.779,1005.56,64.193,berdiri
7,alam,5/22/2026,4:33:43 PM,1351162336,144880,1.05396,-0.13916,0.03198,-42.908,-3.55,-25.847,0.84131,0.48267,0.36108,-23.305,-22.145,-4.137,1005.59,64.001,berdiri
7,alam,5/22/2026,4:33:43 PM,1351162536,146080,0.46948,0.28613,0.14917,6.473,149.076,26.687,0.56104,0.3623,1.00049,-140.198,94.366,74.359,1005.55,64.28,salah
7,alam,5/22/2026,4:33:43 PM,1351162736,146280,-0.12891,0.10303,0.73022,-37.641,142.229,8.863,0.80762,-0.35229,1.02612,-185.641,56.527,110.084,1005.55,64.28,salah
7,alam,5/22/2026,4:33:43 PM,1351162936,146480,-0.47534,-0.06934,1.16187,-7.45,42.275,18.672,0.17139,-0.60425,1.26978,-25.183,16.237,40.916,1005.55,64.28,salah
7,alam,5/22/2026,4:33:44 PM,1351163136,145680,0.95483,0.03662,0.22607,24.504,38.099,11.969,0.82959,0.53027,0.55835,15.779,40.069,27.275,1005.59,64.001,salah
7,alam,5/22/2026,4:33:44 PM,1351163336,145880,0.99121,0.0918,0.14478,38.511,76.649,9.893,0.87866,0.48804,0.79883,34.16,100.58,50.786,1005.55,64.28,salah
7,alam,5/22/2026,4:33:44 PM,1351163536,147080,-0.26294,-0.12305,0.89941,-2.725,-12.962,3.763,0.28638,-0.46924,1.23779,17.947,-11.008,-18.55,1005.56,64.25,salah
7,alam,5/22/2026,4:33:44 PM,1351163736,147280,-0.24731,-0.06274,1.00049,5.053,-28.061,-1.305,0.37354,-0.48706,1.22534,41.282,-25.656,-32.779,1005.56,64.25,salah
7,alam,5/22/2026,4:33:44 PM,1351163936,147480,-0.15698,-0.03418,0.9751,1.634,-63.473,-0.084,0.4707,-0.26904,1.20264,53.55,-44.374,-50.718,1005.56,64.25,salah
7,alam,5/22/2026,4:33:45 PM,1351164136,146680,-0.29712,-0.1897,0.7666,-0.214,9.687,5.824,0.19458,-0.54517,1.21777,-7.87,12.427,20.038,1005.55,64.28,salah
7,alam,5/22/2026,4:33:45 PM,1351164336,146880,-0.29126,-0.20996,0.81714,-0.87,-3.336,4.87,0.18921,-0.59424,1.27832,0.328,6.588,4.885,1005.56,64.25,salah
7,alam,5/22/2026,4:33:45 PM,1351164536,148080,0.86694,-0.22314,0.28564,-24.771,-80.924,-31.649,0.96387,0.18726,0.63477,4.916,-61.397,-18.076,1005.54,64.366,salah
7,alam,5/22/2026,4:33:45 PM,1351164736,148280,0.96436,-0.31396,0.20435,40.053,-19.87,-4.214,0.95532,0.42358,0.50537,39.076,26.527,-17.275,1005.54,64.366,salah
7,alam,5/22/2026,4:33:45 PM,1351164936,148480,0.89233,0.10352,0.26172,50.405,16.473,-5.221,0.73901,0.64795,0.57739,21.519,41.901,8.802,1005.54,64.366,salah
7,alam,5/22/2026,4:33:46 PM,1351165136,147680,0.17798,0.04077,0.66138,-0.176,-99.756,2.55,0.50879,0.07715,1.10889,63.794,-55.756,-62.656,1005.56,64.25,salah
7,alam,5/22/2026,4:33:46 PM,1351165336,147880,0.58765,-0.06421,0.55566,-31.473,-107.511,-18.015,0.70996,0.29443,0.79492,-1.076,-85.397,-45.992,1005.54,64.366,salah
7,alam,5/22/2026,4:33:46 PM,1351165536,149080,0.41992,-0.04175,0.38013,-38.374,134.771,3.977,0.83081,0.23169,0.94971,-128.618,77.359,66.687,1005.52,64.54,salah
7,alam,5/22/2026,4:33:46 PM,1351165736,149280,0.02246,-0.06323,0.98291,-3.718,110.969,-8.618,0.40356,-0.19507,1.13281,-27.885,61.45,64.824,1005.52,64.54,salah
7,alam,5/22/2026,4:33:46 PM,1351165936,149480,-0.25342,-0.11426,1.00317,-3.115,52.527,-6.679,0.33569,-0.45679,1.22607,7.672,25.382,8.817,1005.52,64.54,salah
7,alam,5/22/2026,4:33:47 PM,1351166136,148680,0.94629,0.41138,0.2522,17.802,26.099,18.107,0.63721,0.77124,0.73804,-14.168,17.221,23.229,1005.54,64.366,salah
7,alam,5/22/2026,4:33:47 PM,1351166336,148880,1.02051,0.32202,0.15356,-16.221,56.053,4.771,0.64917,0.30542,1.09229,-122.565,37.725,46.115,1005.52,64.54,salah
7,alam,5/22/2026,4:33:47 PM,1351166536,150080,-0.35571,-0.10107,0.90991,-4.931,-1.573,-0.015,0.17358,-0.54785,1.30615,7.191,-6.374,-1.901,1005.55,64.269,salah
7,alam,5/22/2026,4:33:47 PM,1351166736,150280,-0.30298,-0.08936,0.97363,-0.954,-39.168,-0.786,0.28589,-0.41821,1.29663,42.824,-44.908,-32.557,1005.55,64.269,salah
7,alam,5/22/2026,4:33:47 PM,1351166936,150480,-0.08154,-0.08203,0.92871,-3.672,-85.466,-6.618,0.52466,-0.19409,1.19214,50.527,-53.679,-53.115,1005.55,64.269,salah
7,alam,5/22/2026,4:33:48 PM,1351167136,149680,-0.3042,-0.08008,0.87598,-6.863,16.618,-3.244,0.16748,-0.50439,1.21729,-2.557,16.786,7.282,1005.52,64.54,salah
7,alam,5/22/2026,4:33:48 PM,1351167336,149880,-0.36938,-0.04883,0.70508,-3.466,16.977,-1.336,0.19727,-0.53882,1.2229,-14.725,18.023,13.489,1005.55,64.269,salah
7,alam,5/22/2026,4:33:48 PM,1351167536,151080,0.91016,-0.10107,0.2666,-75.985,-47.763,-29.779,0.91235,0.37915,0.60693,-57.916,-75.702,-8.695,1005.59,63.943,salah
7,alam,5/22/2026,4:33:48 PM,1351167736,151280,0.99585,-0.31763,0.18872,-38.908,-21.824,-31.947,0.88916,0.37622,0.44043,-9.26,-19.924,-27.328,1005.59,63.943,salah
7,alam,5/22/2026,4:33:48 PM,1351167936,151480,1.32837,-0.15063,0.22632,9.198,-28.336,-18.802,0.74365,0.40991,0.63794,0.359,-3.481,6.481,1005.59,63.943,salah
7,alam,5/22/2026,4:33:49 PM,1351168136,150680,0.15698,-0.06445,0.77979,1.45,-129.26,-6.466,0.64893,0.11694,1.03174,58.725,-65.649,-57.557,1005.55,64.269,berdiri
7,alam,5/22/2026,4:33:49 PM,1351168336,150880,0.55957,0.05835,0.354,-19.427,-91.565,-11.603,0.7627,0.36914,0.85767,2.26,-70.763,-34.809,1005.59,63.943,berdiri
7,alam,5/22/2026,4:33:49 PM,1351168536,152080,0.95264,0.08887,0.32349,-8.244,17.649,-1.069,0.78345,0.50024,0.63623,-10.221,-0.046,7.435,1005.57,64.178,berdiri
7,alam,5/22/2026,4:33:49 PM,1351168736,152280,0.97241,0.01929,0.27148,-6.977,6.168,-1.519,0.85425,0.48486,0.54785,-10.725,1.534,2.298,1005.57,64.178,berdiri
7,alam,5/22/2026,4:33:49 PM,1351168936,152480,0.93481,0.04907,0.30981,-2.008,7.206,3.908,0.83081,0.43384,0.65942,-1.069,6.244,11.229,1005.57,64.178,berdiri
7,alam,5/22/2026,4:33:50 PM,1351169136,151680,0.99976,0.04785,0.23682,7.038,12.916,-16.504,0.71069,0.48242,0.54688,30.954,10.229,4.527,1005.59,63.943,benar
7,alam,5/22/2026,4:33:50 PM,1351169336,151880,1.0437,0.08008,0.20532,26.969,10.603,12.924,0.78394,0.5437,0.61255,9.069,9.122,-2.244,1005.57,64.178,benar
7,alam,5/22/2026,4:33:50 PM,1351169536,153080,1.00098,0.07275,0.24463,61.534,26.901,11.557,0.80933,0.57642,1.06372,62.809,-2.412,27.336,1005.58,64.091,benar
7,alam,5/22/2026,4:33:50 PM,1351169736,153280,0.83838,0.28931,0.44824,56.374,35.053,26.786,0.71094,0.5957,0.78833,31.45,25.977,20.519,1005.58,64.091,benar
7,alam,5/22/2026,4:33:50 PM,1351169936,153480,0.75366,0.28296,0.29346,-13.511,28.076,15.939,0.73633,0.21484,0.92188,-72.901,10.153,37.763,1005.58,64.091,benar
7,alam,5/22/2026,4:33:51 PM,1351170136,152680,0.94946,-0.02026,0.323,4.641,0.435,-0.16,0.89185,0.45898,0.6167,4.634,2.908,5.168,1005.57,64.178,benar
7,alam,5/22/2026,4:33:51 PM,1351170336,152880,1.14307,-0.01147,0.23242,38.679,-14.489,15.229,0.68677,0.28271,1.4541,-25.321,-25.053,-56.427,1005.58,64.091,benar
7,alam,5/22/2026,4:33:51 PM,1351170536,154080,0.9519,0.09302,0.79883,15.344,-34.237,4.565,0.91431,0.35693,1.2832,14.336,-1.344,-2.901,1005.57,64.169,benar
7,alam,5/22/2026,4:33:51 PM,1351170736,154280,1.03394,0.06885,0.60107,-10.992,-4.931,4.702,0.80322,0.33521,1.28198,1.038,-0.038,-8.313,1005.57,64.169,benar
7,alam,5/22/2026,4:33:51 PM,1351170936,154480,0.95801,-0.04834,0.89331,-6.389,-8.908,-11.748,0.87671,0.51929,1.04419,-17.527,-41.756,-11.443,1005.57,64.169,benar
7,alam,5/22/2026,4:33:52 PM,1351171136,153680,0.38525,-0.10669,0.24463,32.626,89.679,7.824,0.26245,0.15576,0.49072,-29.504,44.489,-22.069,1005.58,64.091,benar
7,alam,5/22/2026,4:33:52 PM,1351171336,153880,0.82153,0.09424,0.84229,21.733,5.779,-1.855,1.12842,1.17114,1.06714,163.115,100.191,42.321,1005.57,64.169,benar
7,alam,5/22/2026,4:33:52 PM,1351171536,155080,0.67773,0.14966,0.15942,3.527,-39.863,3.542,0.45703,0.31152,0.67896,68.695,-94.969,17.023,1005.56,64.222,benar
7,alam,5/22/2026,4:33:52 PM,1351171736,155280,1.12524,-0.13159,-0.0481,-13.809,-32.656,-10.695,0.99121,0.30298,0.44946,-29.634,2.756,2.733,1005.56,64.222,benar
7,alam,5/22/2026,4:33:52 PM,1351171936,155480,0.93335,0.07153,0.01587,16.16,17.954,-3.405,0.62622,0.58228,0.49365,5.504,23,16.336,1005.56,64.222,benar
7,alam,5/22/2026,4:33:53 PM,1351172136,154680,0.91479,0.03296,0.65039,-18.649,-16.985,-10.489,1.00342,0.52808,0.99512,-17.924,-20.183,-34.664,1005.57,64.169,benar
7,alam,5/22/2026,4:33:53 PM,1351172336,154880,0.85742,0.0896,0.54004,-1.634,-26.809,8.305,0.67651,0.44849,0.89087,27.382,-17,-8.527,1005.56,64.222,benar
7,alam,5/22/2026,4:33:53 PM,1351172536,156080,0.88867,0.07837,0.65625,8.58,9.053,-1.794,0.88062,0.44434,0.7959,8.328,-16.107,6.649,1005.52,64.525,benar
7,alam,5/22/2026,4:33:53 PM,1351172736,156280,1.00439,-0.02881,0.47266,14.885,-15.878,4.595,0.76758,0.51538,0.79712,33.252,-28.084,0.427,1005.52,64.525,benar
7,alam,5/22/2026,4:33:53 PM,1351172936,156480,1.11743,0.07471,0.37231,9.893,-9.344,8.832,0.90479,0.61548,0.83496,23.099,9.435,1.061,1005.52,64.525,benar
7,alam,5/22/2026,4:33:54 PM,1351173136,155680,0.72803,0.29761,0.08643,-9.893,28.588,11.198,0.46411,0.37256,0.73486,-27.359,-2.313,19.366,1005.56,64.222,benar
7,alam,5/22/2026,4:33:54 PM,1351173336,155880,0.87354,0.01001,0.0769,15.122,35.649,6.58,0.80786,0.36694,0.59668,-62.908,34.176,38.855,1005.52,64.525,benar
7,alam,5/22/2026,4:33:54 PM,1351173536,157080,0.8833,0.11035,0.61157,-2.947,-21.725,8.534,0.75317,0.56714,0.8291,-14.191,-36.275,-41.87,1005.56,64.236,benar
7,alam,5/22/2026,4:33:54 PM,1351173736,157280,0.93066,0.08423,0.31274,-23.397,-23.328,-3.603,0.81689,0.55151,0.66797,1.282,-24.42,-15.115,1005.56,64.236,benar
7,alam,5/22/2026,4:33:54 PM,1351173936,157480,0.95776,-0.02759,0.07129,-50.847,10.71,-19.618,0.63501,0.35229,0.45337,-25.046,-32.076,41.382,1005.56,64.236,benar
7,alam,5/22/2026,4:33:55 PM,1351174136,156680,1.13892,0.07642,0.45044,-3.344,6.634,-4.206,0.94043,0.54932,0.94189,-27.321,27.954,-1.901,1005.52,64.525,berdiri
7,alam,5/22/2026,4:33:55 PM,1351174336,156880,1.04419,0.23633,0.43237,-16.405,22.679,-3.015,0.90088,0.57129,1.04761,5.397,29.267,48.817,1005.56,64.236,berdiri
7,alam,5/22/2026,4:33:55 PM,1351174536,158080,0.92212,0.31128,0.27856,0.763,0.153,2.153,0.54224,0.71289,0.74585,-12.092,-18.153,-19.153,1005.59,63.986,berdiri
7,alam,5/22/2026,4:33:55 PM,1351174736,158280,1.05176,0.29346,0.323,-42.939,-25.26,-4.542,0.76831,0.55542,0.68701,-9.496,-15.695,37.183,1005.59,63.986,berdiri
7,alam,5/22/2026,4:33:55 PM,1351174936,158480,1.04785,0.17358,0.1145,-46.557,-10.779,14.641,0.89087,0.53809,0.62769,-28.008,-44.244,8.672,1005.59,63.986,berdiri
7,alam,5/22/2026,4:33:56 PM,1351175136,157680,0.77979,-0.1582,0.11157,13.893,-2.55,-3.565,0.74756,0.22803,0.60229,45.076,24.832,6.809,1005.56,64.236,berdiri
7,alam,5/22/2026,4:33:56 PM,1351175336,157880,0.88647,0.19971,0.25879,17.031,17.198,-8.061,0.80298,0.59839,0.71045,6.565,15.863,-16.695,1005.59,63.986,berdiri
7,alam,5/22/2026,4:33:56 PM,1351175536,159080,0.99585,-0.08057,0.15796,22.641,-5.336,-10.069,0.89136,0.53369,0.5166,27.176,19.26,-5.565,1005.57,64.14,berdiri
7,alam,5/22/2026,4:33:56 PM,1351175736,159280,1.04614,-0.03052,0.08301,45.733,5.489,4.122,0.90771,0.46484,0.56226,27.718,30.534,7.16,1005.57,64.14,berdiri
7,alam,5/22/2026,4:33:56 PM,1351175936,159480,1.04565,0.0083,0.12842,72.763,35.359,22.87,0.99365,0.43237,0.6936,111.015,88.672,60.641,1005.57,64.14,berdiri
7,alam,5/22/2026,4:33:57 PM,1351176136,158680,0.96875,-0.25562,0.20386,-92.992,16.046,-12.809,0.8396,0.37402,0.46118,-78.214,-41.168,11.336,1005.59,63.986,berdiri
7,alam,5/22/2026,4:33:57 PM,1351176336,158880,0.96094,-0.31152,0.19043,-31.916,-9.992,-20.221,0.92261,0.35864,0.34277,-9.519,-3.611,-11.908,1005.57,64.14,berdiri
7,alam,5/22/2026,4:33:57 PM,1351176536,160080,0.83472,-0.03418,0.63623,-17.725,23.794,1.74,0.77466,0.30737,0.95483,29.473,16.214,21.87,1005.57,64.164,berdiri
7,alam,5/22/2026,4:33:57 PM,1351176736,160280,0.677,0.12549,0.62109,-3.603,8.511,-1.061,0.72974,0.23364,0.91968,2.389,-6.344,-16.061,1005.57,64.164,berdiri
7,alam,5/22/2026,4:33:57 PM,1351176936,160480,0.72729,0.13696,0.57275,-5.359,-4.84,-4.573,0.76025,0.34009,0.94727,1.687,-0.542,-3.176,1005.57,64.164,berdiri
7,alam,5/22/2026,4:33:58 PM,1351177136,159680,0.90576,0.28345,0.43628,85.748,56.786,28.038,0.63135,0.56665,0.9209,59.359,60.672,29.313,1005.57,64.14,berdiri
7,alam,5/22/2026,4:33:58 PM,1351177336,159880,0.76563,0.25781,0.47388,19.412,39.519,10.595,0.63184,0.52002,0.79639,10.313,22.122,22.763,1005.57,64.164,berdiri
7,alam,5/22/2026,4:33:58 PM,1351177536,161080,0.72388,0.09546,0.604,-1.908,-0.55,-0.267,0.90137,0.02686,0.94995,-47.137,18.008,10.916,1005.58,64.039,berdiri
7,alam,5/22/2026,4:33:58 PM,1351177736,161280,0.69556,0.09546,0.61743,-5.229,2.779,-1.87,0.86572,0.27734,0.83643,-24.947,-96.267,24.313,1005.58,64.039,berdiri
7,alam,5/22/2026,4:33:58 PM,1351177936,161480,0.71704,0.10693,0.59937,-2.168,-1.206,-3.176,0.93848,0.14355,0.81421,10.733,18.634,10.443,1005.58,64.039,berdiri
7,alam,5/22/2026,4:33:59 PM,1351178136,160680,0.72974,0.11108,0.58716,-3.191,2.901,-1.786,0.78467,0.29614,0.92554,-6.534,4.137,6.466,1005.57,64.164,berdiri
7,alam,5/22/2026,4:33:59 PM,1351178336,160880,0.71265,0.10156,0.59839,-2.382,2.573,1.282,0.78784,0.27271,0.88916,-5.573,-1.901,-0.084,1005.58,64.039,berdiri
7,alam,5/22/2026,4:33:59 PM,1351178536,162080,0.68921,0.1228,0.61523,-1.046,3,-1.855,0.67725,0.03516,0.72778,125.855,59.336,-87.008,1005.58,64.039,berdiri
7,alam,5/22/2026,4:33:59 PM,1351178736,162280,0.68042,0.11255,0.61768,-2.382,0.641,-0.237,0.80396,0.78613,0.86377,14.595,17.771,-54.695,1005.58,64.039,berdiri
7,alam,5/22/2026,4:33:59 PM,1351178936,162480,0.6853,0.12671,0.6167,-7.618,-0.992,-2.221,0.87427,0.40771,0.68555,-13.557,-79.473,30.405,1005.58,64.039,berdiri
7,alam,5/22/2026,4:34:00 PM,1351179136,161680,0.70508,0.07593,0.61597,-6.099,0.13,-4.969,1.11621,0.01587,0.60571,-9.321,-56.107,-56.26,1005.58,64.039,berdiri
7,alam,5/22/2026,4:34:00 PM,1351179336,161880,0.69434,0.10034,0.6189,-1.344,2.145,-3.115,0.93359,0.16162,0.84766,-17.588,77.443,41.321,1005.58,64.039,berdiri
7,alam,5/22/2026,4:34:00 PM,1351179536,163080,0.67188,0.06519,0.59937,-11.366,-10.351,-4.008,1.06836,0.2666,0.50928,36.885,1.511,-23.71,1005.57,64.126,berdiri
7,alam,5/22/2026,4:34:00 PM,1351179736,163280,0.68164,0.06177,0.63086,-12.718,-5.214,-6,1.01514,0.27759,0.52368,-0.55,18.779,1.542,1005.57,64.126,berdiri
7,alam,5/22/2026,4:34:00 PM,1351179936,163480,0.69824,0.07739,0.63599,2.427,-3.954,-1.443,1.01099,0.23022,0.52954,-47.534,10.992,37.084,1005.57,64.126,berdiri
7,alam,5/22/2026,4:34:01 PM,1351180136,162680,0.68945,0.10864,0.62915,-4.786,4.718,-0.282,0.88306,0.27222,0.56738,13.198,-24.031,20,1005.58,64.039,berdiri
7,alam,5/22/2026,4:34:01 PM,1351180336,162880,0.698,0.13647,0.62573,-6.977,-2.893,-0.198,0.89014,0.26318,0.49927,-22.046,72.313,-27.29,1005.57,64.126,berdiri
7,alam,5/22/2026,4:34:01 PM,1351180536,164080,0.72559,0.12256,0.58911,-2.969,-9.145,-2.29,0.90967,0.05688,0.67871,-74.168,65.519,74.992,1005.55,64.289,berdiri
7,alam,5/22/2026,4:34:01 PM,1351180736,164280,0.73389,0.12769,0.56421,0.687,-2.878,-0.908,0.85864,0.18823,1.02026,7.924,57.237,-23.275,1005.55,64.289,berdiri
7,alam,5/22/2026,4:34:01 PM,1351180936,164480,0.73633,0.1189,0.57983,0.214,-5.053,-0.71,0.84717,0.14111,0.86475,-23.947,25.809,29.473,1005.55,64.289,berdiri
7,alam,5/22/2026,4:34:02 PM,1351181136,163680,0.71216,0.1106,0.57617,-1,-11.145,-6.076,0.93457,0.11523,0.60425,9.756,15.565,3.504,1005.55,64.289,berdiri
7,alam,5/22/2026,4:34:02 PM,1351181336,163880,0.69751,0.12158,0.61792,-0.076,-3.573,-0.679,0.93872,0.25757,0.52979,-32.122,-51.557,44.626,1005.55,64.289,berdiri
7,alam,5/22/2026,4:34:02 PM,1351181536,165080,0.84399,0.13208,0.47559,5.504,7.489,6.244,0.85767,0.05273,0.77563,6.786,-8.198,-9.779,1005.6,63.884,berdiri
7,alam,5/22/2026,4:34:02 PM,1351181736,165280,0.82715,0.1333,0.48096,13.328,25.771,14.672,0.85693,0.1665,0.87939,-8.435,-61.137,-4.031,1005.6,63.884,berdiri
7,alam,5/22/2026,4:34:02 PM,1351181936,165480,0.83447,0.11572,0.46509,-1.832,-17.389,-7.756,0.73828,0.29053,0.83862,50.168,-11.061,-36.42,1005.6,63.884,berdiri
7,alam,5/22/2026,4:34:03 PM,1351182136,164680,0.74316,0.125,0.56348,0.305,-14.534,-1.947,0.92188,0.10938,0.78784,-30.092,-94.473,-50.809,1005.6,63.884,berdiri
7,alam,5/22/2026,4:34:03 PM,1351182336,164880,0.81982,0.14063,0.47339,-3.954,-13.13,0.794,0.89063,0.02979,0.6438,20.305,115.16,62.802,1005.6,63.884,berdiri
7,alam,5/22/2026,4:34:03 PM,1351182536,166080,0.88843,0.13818,0.3855,1.099,2.679,4.504,0.72998,0.48755,0.49048,-14.031,-82.305,18.802,1005.56,64.206,berdiri
7,alam,5/22/2026,4:34:03 PM,1351182736,166280,0.89624,0.1228,0.36426,-2.45,-0.977,-1.489,0.89697,0.25464,0.31226,-10.87,-27.687,15.443,1005.56,64.206,berdiri
7,alam,5/22/2026,4:34:03 PM,1351182936,166480,0.93896,0.09985,0.31763,10.046,-7.702,2.405,0.95557,0.2522,0.37646,-7.061,9.229,-6.725,1005.56,64.206,berdiri
7,alam,5/22/2026,4:34:04 PM,1351183136,165680,0.86865,0.16089,0.45068,-8.618,-22.023,-10.885,0.81372,0.27344,1.05737,21.321,31.992,24.534,1005.56,64.206,berdiri
7,alam,5/22/2026,4:34:04 PM,1351183336,165880,0.86938,0.14746,0.41455,-6.84,-14.489,5.168,0.9729,0.02319,0.91943,9.641,-49.84,-11.122,1005.56,64.206,berdiri
7,alam,5/22/2026,4:34:04 PM,1351183536,167080,0.95361,0.09497,0.31372,-11.588,-6.924,-3.519,0.84668,0.58716,0.54858,-41.061,19.679,-31.221,1005.58,64.039,berdiri
7,alam,5/22/2026,4:34:04 PM,1351183736,167280,0.96997,0.13257,0.28271,-17.992,-6.206,-13.977,0.74756,0.60352,0.53882,15.115,-14.069,-47.649,1005.58,64.039,berdiri
7,alam,5/22/2026,4:34:04 PM,1351183936,167480,0.93213,0.07275,0.32813,-11.924,9.947,-13.954,0.79956,0.72485,0.47583,36.641,-24.336,-70.015,1005.58,64.039,berdiri
7,alam,5/22/2026,4:34:05 PM,1351184136,166680,0.94531,0.08594,0.33716,-1.756,-0.893,-1.687,0.99658,0.21338,0.427,-24.191,6.053,-20.901,1005.58,64.039,berdiri
7,alam,5/22/2026,4:34:05 PM,1351184336,166880,0.93726,0.12134,0.34717,5.756,-6.321,3.038,0.91406,0.3772,0.34302,-19.397,40.015,-8.695,1005.58,64.039,berdiri
7,alam,5/22/2026,4:34:05 PM,1351184536,168080,0.91968,0.11597,0.33496,-9.458,-1.947,-2.588,0.31299,0.87891,-0.03247,-26.992,-7.26,83.313,1005.58,64.019,berdiri
7,alam,5/22/2026,4:34:05 PM,1351184736,168280,0.92017,0.09229,0.33252,4.473,0.687,1.786,0.53052,0.74512,0.19214,-80.237,16.336,14.176,1005.58,64.019,berdiri
7,alam,5/22/2026,4:34:05 PM,1351184936,168480,0.94165,0.10278,0.3313,19.168,7.298,7.611,0.45215,0.91821,0.48926,-18.221,16.435,-10.855,1005.58,64.019,berdiri
7,alam,5/22/2026,4:34:06 PM,1351185136,167680,0.96973,0.13892,0.29565,22.496,26.053,13.718,0.54224,0.70166,0.34961,36.435,4.069,-52.13,1005.58,64.019,berdiri
7,alam,5/22/2026,4:34:06 PM,1351185336,167880,0.95776,0.14404,0.34473,9.435,-6.42,13.481,0.35693,0.85986,0.21875,72.695,-10.153,-48.122,1005.58,64.019,berdiri
7,alam,5/22/2026,4:34:06 PM,1351185536,169080,0.927,0.39771,0.26294,45.137,12.084,4.908,0.43921,1.02759,0.17871,-81.809,35.847,-22.313,1005.57,64.173,berdiri
7,alam,5/22/2026,4:34:06 PM,1351185736,169280,0.9043,0.38208,0.23438,31.496,3.305,12.626,0.51587,0.82275,0.49878,-79.847,61.359,5.573,1005.57,64.173,berdiri
7,alam,5/22/2026,4:34:06 PM,1351185936,169480,0.90503,0.34131,0.21704,10.397,5.908,8.603,0.39014,0.92065,0.71411,-11.992,0.84,-23.985,1005.57,64.173,berdiri
7,alam,5/22/2026,4:34:07 PM,1351186136,168680,1.02686,0.18237,0.29224,0.939,-9.008,-0.55,0.49854,0.93555,0.63818,29.924,-30.298,-18.679,1005.57,64.173,berdiri
7,alam,5/22/2026,4:34:07 PM,1351186336,168880,0.91968,0.2395,0.27661,60.389,19.298,4.031,0.53516,0.84692,0.64331,41.733,-158.321,45.305,1005.57,64.173,berdiri
7,alam,5/22/2026,4:34:07 PM,1351186536,170080,0.90771,0.323,0.25708,6.489,23.198,12.626,0.52466,0.86182,0.7522,25.344,-11.977,34.298,1005.58,64.029,berdiri
7,alam,5/22/2026,4:34:07 PM,1351186736,170280,0.91528,0.31519,0.26367,3.214,26.336,14.947,0.52612,0.94922,0.75171,61.954,8.015,19,1005.58,64.029,berdiri
7,alam,5/22/2026,4:34:07 PM,1351186936,170480,0.8728,0.29785,0.30811,16.969,-6.939,-6.145,0.47559,0.83081,0.46045,101.557,-48.26,20.191,1005.58,64.029,berdiri
7,alam,5/22/2026,4:34:08 PM,1351187136,169680,0.97974,0.31689,0.26367,10.389,-2.328,-0.038,0.45508,0.90771,0.28345,-30.183,7.176,21.771,1005.58,64.029,berdiri
7,alam,5/22/2026,4:34:08 PM,1351187336,169880,0.88159,0.31934,0.2583,8.611,9.046,3.275,0.64038,0.89307,0.31299,-64.809,16.687,12.939,1005.58,64.029,berdiri
7,alam,5/22/2026,4:34:08 PM,1351187536,171080,0.92871,0.25659,0.25854,-8.282,-8.542,-4.985,0.73535,0.78589,-0.0166,-54.435,-127.069,2.42,1005.58,64.043,berdiri
7,alam,5/22/2026,4:34:08 PM,1351187736,171280,0.91309,0.31201,0.3147,0.733,3.198,-9.229,0.5686,0.58545,-0.1709,3.412,15.962,-9.496,1005.58,64.043,berdiri
7,alam,5/22/2026,4:34:08 PM,1351187936,171480,0.87646,0.27661,0.36914,6.802,2.496,6.672,0.74683,0.66235,-0.13843,-36.198,121.733,39,1005.58,64.043,berdiri
7,alam,5/22/2026,4:34:09 PM,1351188136,170680,0.91235,0.25928,0.33984,-3.42,8.771,7.489,0.76685,0.87695,0.06445,92,11.74,48.931,1005.58,64.043,berdiri
7,alam,5/22/2026,4:34:09 PM,1351188336,170880,0.90063,0.17676,0.36206,10.832,3.794,9.855,0.59985,0.55566,-0.08325,-48.985,27.092,0.13,1005.58,64.043,berdiri
7,alam,5/22/2026,4:34:09 PM,1351188536,172080,0.87793,0.2998,0.37964,-2.107,30.893,1.725,1.00269,0.45532,0.38062,-29.695,124.588,80.656,1005.58,64.039,berdiri
7,alam,5/22/2026,4:34:09 PM,1351188736,172280,0.86353,0.271,0.38989,10.321,-2.008,10.183,0.93579,0.39917,0.36499,0.672,55.878,-20.366,1005.58,64.039,berdiri
7,alam,5/22/2026,4:34:09 PM,1351188936,172480,0.85913,0.26587,0.37939,-0.733,-1.282,-0.351,0.98389,0.15112,0.45801,-2.359,-11.87,-16.29,1005.58,64.039,berdiri
7,alam,5/22/2026,4:34:10 PM,1351189136,171680,0.90479,0.30225,0.32178,6.931,8.672,4.511,0.91577,0.32861,-0.16602,-96.565,-33.786,-14.878,1005.58,64.039,berdiri
7,alam,5/22/2026,4:34:10 PM,1351189336,171880,0.85913,0.25488,0.37866,1.924,-3.733,3.115,0.75586,0.59473,0.17773,-40.542,43.382,64.443,1005.58,64.039,berdiri
7,alam,5/22/2026,4:34:10 PM,1351189536,173080,0.84863,0.27759,0.39551,12.985,1.344,4.672,0.95996,0.56152,0.44458,66.763,51.954,-0.74,1005.58,64.024,berdiri
7,alam,5/22/2026,4:34:10 PM,1351189736,173280,0.90723,0.30835,0.34961,-2.267,-6.87,1.435,0.80542,0.38843,0.56104,-40.328,-2.863,3.824,1005.58,64.024,berdiri
7,alam,5/22/2026,4:34:10 PM,1351189936,173480,0.85913,0.23657,0.41187,4.023,6.84,-2.969,0.74927,0.29614,0.48706,101.855,-78.977,-17.771,1005.58,64.024,berdiri
7,alam,5/22/2026,4:34:11 PM,1351190136,172680,0.86279,0.2478,0.37598,-4.305,-6.771,-3.74,0.95239,0.21094,0.42334,4.412,-10.603,8.641,1005.58,64.024,berdiri
7,alam,5/22/2026,4:34:11 PM,1351190336,172880,0.86133,0.24121,0.40137,0.634,1.374,-1.878,0.96045,0.21313,0.47095,36.382,11.649,-13.069,1005.58,64.024,berdiri
7,alam,5/22/2026,4:34:11 PM,1351190536,174080,0.93384,0.23633,0.34546,0.985,-2.702,-0.435,0.84399,0.42334,0.16699,6.603,-6.74,5.893,1005.58,64.024,berdiri
7,alam,5/22/2026,4:34:11 PM,1351190736,174280,0.97461,0.21265,0.31909,-24.527,-15.115,2.16,0.83984,0.32129,0.17676,-9.389,-0.191,20.588,1005.58,64.024,berdiri
7,alam,5/22/2026,4:34:11 PM,1351190936,174480,1.00415,0.2334,0.26343,2.672,-8.42,15.237,0.88672,0.34619,0.15479,0.87,3.298,5.069,1005.58,64.024,berdiri
7,alam,5/22/2026,4:34:12 PM,1351191136,173680,0.85522,0.2876,0.38745,4.481,-3.817,3.687,0.85034,0.43579,0.27588,-1.473,-2.26,-0.748,1005.58,64.024,berdiri
7,alam,5/22/2026,4:34:12 PM,1351191336,173880,0.90308,0.26514,0.32593,-7.115,-14.023,6,0.85425,0.48901,0.20776,-3.557,-5.626,-1.565,1005.58,64.024,berdiri
7,alam,5/22/2026,4:34:12 PM,1351191536,175080,0.96436,0.22656,0.2124,8.382,-8.229,-8.389,0.85571,0.42041,0.10522,6.756,-7.458,-11.733,1005.6,63.895,berdiri
7,alam,5/22/2026,4:34:12 PM,1351191736,175280,0.95117,0.33765,0.17798,8.817,7.458,-15.771,0.81299,0.45557,0.073,4.427,6.298,-15.153,1005.6,63.895,berdiri
7,alam,5/22/2026,4:34:12 PM,1351191936,175480,0.91162,0.41016,0.177,-9.427,9.191,-18.55,0.82397,0.41553,0.14917,-6.626,14.931,-2.076,1005.6,63.895,berdiri
7,alam,5/22/2026,4:34:13 PM,1351192136,174680,0.91455,0.21216,0.26929,-8.374,0.947,5.405,0.85205,0.37329,0.13745,-2.649,3.878,4.031,1005.6,63.895,berdiri
7,alam,5/22/2026,4:34:13 PM,1351192336,174880,0.92407,0.2522,0.25732,-11.55,-14.901,-11.779,0.88257,0.32983,0.10156,-23.725,-8.107,1.664,1005.6,63.895,berdiri
7,alam,5/22/2026,4:34:13 PM,1351192536,176080,1.02002,0.33789,0.08594,-125.733,-24.397,-18.962,0.8313,0.40112,0.06763,-114.061,-13.519,67.137,1005.6,63.899,berdiri
7,alam,5/22/2026,4:34:13 PM,1351192736,176280,0.95728,-0.02075,0.28052,-127.313,3.588,-32.191,0.78271,0.24438,0.04712,-150.29,-28.847,36.763,1005.6,63.899,berdiri
7,alam,5/22/2026,4:34:13 PM,1351192936,176480,0.98291,-0.0752,0.23145,-99.176,3.351,-34.366,0.90649,0.05469,0.19336,-85.58,-16.565,36.031,1005.6,63.899,berdiri
7,alam,5/22/2026,4:34:14 PM,1351193136,175680,0.89697,0.39917,0.25806,-11.023,2.313,3.031,0.79102,0.46704,0.12378,-13.55,-7.748,11.725,1005.6,63.899,berdiri
7,alam,5/22/2026,4:34:14 PM,1351193336,175880,0.89404,0.43872,0.22876,-55.595,-19.794,-4.779,0.82202,0.46387,0.07715,-34.443,-26.977,36.229,1005.6,63.899,berdiri
7,alam,5/22/2026,4:34:14 PM,1351193536,177080,1.08374,-0.12671,0.12891,-35.107,-14.786,-20.16,0.99463,-0.04297,0.10156,-0.191,-4.878,2.412,1005.58,64.034,berdiri
7,alam,5/22/2026,4:34:14 PM,1351193736,177280,1.02881,-0.06909,0.11572,-20.359,-2.427,-11.115,0.88721,0.03979,0.08691,-3.427,-3.206,0.351,1005.58,64.034,berdiri
7,alam,5/22/2026,4:34:14 PM,1351193936,177480,1.07739,-0.00513,0.08423,44.267,1.489,7.092,0.93457,0.01074,0.07764,27.534,2.053,-19.473,1005.58,64.034,berdiri
7,alam,5/22/2026,4:34:15 PM,1351194136,176680,0.98047,-0.05249,0.2356,-101.305,-18.252,-28.954,0.91919,0.06274,0.11572,-100.863,-14.053,39.733,1005.58,64.034,berdiri
7,alam,5/22/2026,4:34:15 PM,1351194336,176880,1.03149,-0.18652,0.12476,-112.565,-12.229,-51.992,0.94702,-0.00854,0.0752,-76.038,-1.817,31.695,1005.58,64.034,berdiri
7,alam,5/22/2026,4:34:15 PM,1351194536,178080,0.97388,0.04517,0.2002,37.504,17.824,3.557,0.90576,0.20898,0.15308,29.26,20.847,-16.466,1005.59,63.981,berdiri
7,alam,5/22/2026,4:34:15 PM,1351194736,178280,0.90845,0.13306,0.302,10.924,5.672,-1.366,0.89917,0.25732,0.18652,-7.901,-10.023,2.305,1005.59,63.981,berdiri
7,alam,5/22/2026,4:34:15 PM,1351194936,178480,0.99561,0.12158,0.24927,-6.954,-3.29,-2.321,0.93945,0.2373,0.21338,0.55,2.214,2.374,1005.59,63.981,berdiri
7,alam,5/22/2026,4:34:16 PM,1351195136,177680,1.05786,-0.01538,0.13135,38.16,11.42,17.16,0.91919,0.08643,0.08325,34.74,12.71,-20.687,1005.59,63.981,benar
7,alam,5/22/2026,4:34:16 PM,1351195336,177880,1.01416,0.01196,0.15234,46.061,12.802,14.763,0.91333,0.15381,0.12036,22.931,18.351,-21.046,1005.59,63.981,benar
7,alam,5/22/2026,4:34:16 PM,1351195536,179080,0.88916,0.33105,0.27344,42.42,31.305,35.74,0.8418,0.39966,0.22217,59.748,15.649,-3.695,1005.57,64.106,benar
7,alam,5/22/2026,4:34:16 PM,1351195736,179280,0.64209,0.11987,0.30566,-7.481,0.344,13.534,0.69702,-0.25171,0.2146,-29.489,86.557,17.55,1005.57,64.106,benar
7,alam,5/22/2026,4:34:16 PM,1351195936,179480,0.63428,0.02588,0.11426,-24.527,119.588,27.626,0.68701,0.10645,0.39673,-10.405,103.176,31.076,1005.57,64.106,benar
7,alam,5/22/2026,4:34:17 PM,1351196136,178680,0.9939,0.10083,0.23071,31.397,5.504,8.214,0.91675,0.30542,0.17749,26.237,7.931,-23.786,1005.57,64.106,benar
7,alam,5/22/2026,4:34:17 PM,1351196336,178880,0.94116,0.18774,0.17896,51.29,29.763,-2.206,0.8894,0.32178,0.15161,38.901,28.565,-25.084,1005.57,64.106,benar
7,alam,5/22/2026,4:34:17 PM,1351196536,180080,0.9165,0.09595,0.58398,14.412,-14.443,6.321,1.1355,0.1582,0.6062,-4.046,4.481,-1.954,1005.6,63.856,benar
7,alam,5/22/2026,4:34:17 PM,1351196736,180280,1.08447,-0.02295,0.47534,-17.985,23.634,-10.817,1.19336,0.16309,0.55957,-40.55,-6.542,-27.244,1005.6,63.856,benar
7,alam,5/22/2026,4:34:17 PM,1351196936,180480,0.87207,0.06836,0.71069,-3.122,33.618,-7.015,1.10547,0.1958,0.62988,-29.023,26.565,-4.489,1005.6,63.856,benar
7,alam,5/22/2026,4:34:18 PM,1351197136,179680,0.59937,0.17676,0.66284,35.893,77.397,33.702,0.93994,0.07202,0.54443,116.771,27.321,-1.16,1005.6,63.856,benar
7,alam,5/22/2026,4:34:18 PM,1351197336,179880,0.74438,0.05518,0.92871,-18.802,-6.611,-4.443,1.10059,0.27759,0.75366,3.947,-43.015,3.29,1005.6,63.856,benar
7,alam,5/22/2026,4:34:18 PM,1351197536,181080,0.64038,-0.04761,0.58301,-1.985,-26.473,-23.389,0.80298,0.13159,0.55103,-11.13,-25.557,-3.076,1005.58,64.057,benar
7,alam,5/22/2026,4:34:18 PM,1351197736,181280,0.58984,0.34082,0.45947,44.794,-29.427,19.191,0.68872,0.42871,0.45996,80.786,-52.985,-7.351,1005.58,64.057,benar
7,alam,5/22/2026,4:34:18 PM,1351197936,181480,0.73828,0.38794,0.13428,-9.954,-56.893,32.427,1.52319,0.34302,0.3811,-50.656,-89.397,5.649,1005.58,64.057,benar
7,alam,5/22/2026,4:34:19 PM,1351198136,180680,0.72949,0.01221,0.67993,-7.534,7.908,9.038,0.91797,0.16943,0.71997,-8.748,12.252,11.321,1005.58,64.057,benar
7,alam,5/22/2026,4:34:19 PM,1351198336,180880,0.62549,-0.07935,0.70654,11.84,-11.26,-8.435,0.92383,0.08472,0.62964,-9.725,-22.328,-11.214,1005.58,64.057,benar
7,alam,5/22/2026,4:34:19 PM,1351198536,182080,0.88965,0.28979,0.20728,21.557,21.443,18.618,0.87646,0.46313,0.13623,60.603,33.16,15.656,1005.54,64.419,benar
7,alam,5/22/2026,4:34:19 PM,1351198736,182280,0.88037,0.43213,0.16382,-43.542,16.702,7.053,1.04492,0.0105,0.36108,-91.687,81.221,36.756,1005.54,64.419,benar
7,alam,5/22/2026,4:34:19 PM,1351198936,182480,0.80933,-0.41821,0.24365,-20.885,39.183,-17.802,0.48706,-0.10498,0.34741,-34.542,45.015,5.076,1005.54,64.419,benar
7,alam,5/22/2026,4:34:20 PM,1351199136,181680,1.24731,-0.21924,0.16382,-32.145,-25.099,-14.275,0.78394,0.06543,-0.00415,-30.237,29.84,39.458,1005.54,64.419,benar
7,alam,5/22/2026,4:34:20 PM,1351199336,181880,1.00073,-0.20288,0.20825,0.298,-23.878,-22.901,1.14868,0.49292,0.10278,13.504,13.71,-27.679,1005.54,64.419,benar
7,alam,5/22/2026,4:34:20 PM,1351199536,183080,0.78369,0.18213,0.70947,-1.061,-2.344,-0.053,0.97534,0.23315,0.62573,36.29,-4.344,0.26,1005.57,64.145,benar
7,alam,5/22/2026,4:34:20 PM,1351199736,183280,0.82446,0.03955,0.54858,1.366,-22.557,7.901,1.07422,0.31128,0.56348,33.55,-20.641,4.473,1005.57,64.145,benar
7,alam,5/22/2026,4:34:20 PM,1351199936,183480,0.84839,0.07471,0.59033,6.847,-14.908,7.237,0.97827,0.19019,0.55566,2.466,15.725,4.122,1005.57,64.145,benar
7,alam,5/22/2026,4:34:21 PM,1351200136,182680,0.61792,0.13086,0.3335,-11.985,55.008,-27.382,0.97119,0.14819,0.41968,-36.847,77.084,15.786,1005.57,64.145,benar
7,alam,5/22/2026,4:34:21 PM,1351200336,182880,0.78906,0.14282,0.63501,-1.122,37.389,5.595,0.93677,0.35181,0.60547,13.542,0.313,1.511,1005.57,64.145,benar
7,alam,5/22/2026,4:34:21 PM,1351200536,184080,0.64087,-0.01563,0.74756,-11.145,-16.42,-10.924,0.96265,0.2063,0.63477,-16.084,-28.649,0.061,1005.58,64.072,benar
7,alam,5/22/2026,4:34:21 PM,1351200736,184280,0.66602,0.14063,0.55322,-6.74,-23.756,-14.794,0.86523,0.26099,0.51904,-18.137,-43.344,3.328,1005.58,64.072,benar
7,alam,5/22/2026,4:34:21 PM,1351200936,184480,0.67725,0.08984,0.38916,-12.214,-41.573,0.008,0.92529,0.33276,0.39087,9.573,-33.244,1.901,1005.58,64.072,benar
7,alam,5/22/2026,4:34:22 PM,1351201136,183680,0.8772,0.05054,0.54126,7.855,19.061,11.771,1.07471,0.35059,0.68604,-10.031,37.855,-2.298,1005.58,64.072,benar
7,alam,5/22/2026,4:34:22 PM,1351201336,183880,0.76025,0.07666,0.77783,10.542,37.45,-5.313,1.00488,0.29297,0.65137,-20.122,5.298,-4.771,1005.58,64.072,benar
7,alam,5/22/2026,4:34:22 PM,1351201536,185080,1.0105,0.17749,0.24707,-2.038,10.153,-9.55,0.98242,0.25781,0.24268,35.374,18.412,-7.489,1005.62,63.736,benar
7,alam,5/22/2026,4:34:22 PM,1351201736,185280,0.91016,0.31177,0.30444,15.176,30.901,2.511,0.8479,0.41406,0.22632,-8.038,23.061,-16.87,1005.62,63.736,benar
7,alam,5/22/2026,4:34:22 PM,1351201936,185480,0.84668,0.39795,0.29736,-14.382,49.595,6.58,0.86279,0.49512,0.43066,-64.519,53.718,25.588,1005.62,63.736,benar
7,alam,5/22/2026,4:34:23 PM,1351202136,184680,0.59692,-0.22754,0.23145,-56.802,-38.359,-54.153,0.74121,-0.16187,0.37085,-32.977,-13.359,-0.771,1005.62,63.736,salah
7,alam,5/22/2026,4:34:23 PM,1351202336,184880,1.03857,0.17285,0.30176,36.504,-12.542,15.237,0.90356,0.2959,0.03589,61.275,-58.962,-42.504,1005.62,63.736,salah
7,alam,5/22/2026,4:34:23 PM,1351202536,186080,-0.40552,-0.11108,1.15063,-16.84,31.328,4.962,0.12329,-0.13208,1.50464,21.878,36.832,30.015,1005.6,63.86,salah
7,alam,5/22/2026,4:34:23 PM,1351202736,186280,-0.40405,-0.17139,0.85889,-14.267,6.863,7.695,0.05493,-0.10815,1.51563,-5.626,14.504,12.901,1005.6,63.86,salah
7,alam,5/22/2026,4:34:23 PM,1351202936,186480,-0.22412,-0.09399,0.88257,3.847,-17.664,0.977,0.24707,0.04224,1.49219,11.359,-35.985,8.031,1005.6,63.86,salah
7,alam,5/22/2026,4:34:24 PM,1351203136,185680,0.13281,-0.48535,0.16382,-54.954,147.763,-6.382,0.87256,0.05859,0.77783,-23.542,183.542,14.229,1005.6,63.86,salah
7,alam,5/22/2026,4:34:24 PM,1351203336,185880,-0.13599,-0.24121,0.8584,-6.176,146.702,51.153,0.55444,-0.05713,1.30591,-16.947,143.977,31.382,1005.6,63.86,salah
7,alam,5/22/2026,4:34:24 PM,1351203536,187080,0.30566,0.06763,0.51367,23.244,-114.679,6.611,0.87891,0.2251,0.61938,32.618,-118.863,-23.466,1005.58,64.091,salah
7,alam,5/22/2026,4:34:24 PM,1351203736,187280,0.83496,0.00903,0.29272,-9.611,-62.099,-0.107,1.00513,0.2124,0.4978,-39.863,-49.099,7.137,1005.58,64.091,salah
7,alam,5/22/2026,4:34:24 PM,1351203936,187480,0.9917,-0.29883,0.39966,1.802,-5.687,-21.405,0.99536,-0.07715,0.22046,10.595,10.87,-16.389,1005.58,64.091,salah
7,alam,5/22/2026,4:34:25 PM,1351204136,186680,-0.21606,-0.12549,1.00073,-0.061,-40.603,-4.756,0.32031,-0.0603,1.37085,2.237,-81.305,-6.511,1005.58,64.091,salah
7,alam,5/22/2026,4:34:25 PM,1351204336,186880,-0.08838,-0.06299,0.91187,18.664,-89.748,-13.809,0.70215,0.00732,1.03833,12.748,-124.901,-19.656,1005.58,64.091,salah
7,alam,5/22/2026,4:34:25 PM,1351204536,188080,0.05444,-0.07642,0.81885,-41.374,141.756,-2.176,0.65649,0.03003,1.12012,-20.122,119.069,28.573,1005.55,64.346,salah
7,alam,5/22/2026,4:34:25 PM,1351204736,188280,-0.34204,-0.10498,1.07153,-9.779,59.702,0.435,0.34058,-0.06152,1.45654,10.389,57.137,19.794,1005.55,64.346,salah
7,alam,5/22/2026,4:34:25 PM,1351204936,188480,-0.32495,-0.08789,0.84326,-9.824,23.351,2.695,-0.06323,-0.08765,1.61475,-16.794,14.351,3.573,1005.55,64.346,salah
7,alam,5/22/2026,4:34:26 PM,1351205136,187680,0.54053,0.30884,0.36987,13.382,83.756,-30.252,0.69092,0.51074,0.54736,63.145,45.137,-5.267,1005.55,64.346,salah
7,alam,5/22/2026,4:34:26 PM,1351205336,187880,0.52417,0.23291,0.55054,-39.84,67.244,-5.053,1.13989,-0.00244,0.57666,-166.748,171.786,24.038,1005.55,64.346,salah
7,alam,5/22/2026,4:34:26 PM,1351205727,189270,0.01563,-0.05029,0.79248,0.366,-103.87,0.046,0.65259,0.06763,1.00122,10.985,-119.221,-13.405,1005.57,64.169,salah
7,alam,5/22/2026,4:34:26 PM,1351205926,189470,0.37305,-0.05005,0.59546,-15.939,-113.313,-12.672,0.8999,0.13794,0.49756,3.595,-98.359,-10.115,1005.57,64.169,salah
7,alam,5/22/2026,4:34:27 PM,1351206136,188680,-0.40454,-0.13281,0.81714,7.809,-5.229,-1.336,0.10034,0.0083,1.50513,-2.832,-19.168,1.527,1005.57,64.169,salah
7,alam,5/22/2026,4:34:27 PM,1351206336,188880,-0.40454,-0.13281,0.81714,7.809,-5.229,-1.336,0.10034,0.0083,1.50513,-2.832,-19.168,1.527,1005.57,64.169,berdiri
7,alam,5/22/2026,4:34:27 PM,1351206526,190070,0.99268,-0.01025,0.26001,-33.473,3.641,-4.16,0.94849,0.24976,0.18701,-29.389,1.061,8.588,1005.59,63.97,berdiri
7,alam,5/22/2026,4:34:27 PM,1351206726,190270,0.99268,-0.01025,0.26001,-33.473,3.641,-4.16,0.94849,0.24976,0.18701,-29.389,1.061,8.588,1005.59,63.97,berdiri
7,alam,5/22/2026,4:34:27 PM,1351206926,190470,0.97583,-0.0249,0.31152,-13.878,2.947,-9.878,1.24023,0.05444,0.39478,-73.481,-18.527,-2.099,1005.59,63.97,berdiri
7,alam,5/22/2026,4:34:28 PM,1351207126,189670,0.95825,-0.08228,0.30713,3.344,-3.443,6.099,0.94336,0.18408,0.22583,-13.061,-21.084,6.221,1005.59,63.97,salah
7,alam,5/22/2026,4:34:28 PM,1351207326,189870,0.88794,-0.12524,0.18872,-14.809,-53.458,-14.557,1.06689,0.23022,0.20459,1.382,-52.947,-18.573,1005.59,63.97,salah
7,alam,5/22/2026,4:34:28 PM,1351207526,191070,1.0293,0.10547,0.16699,-39.74,-9.718,-18.618,0.94727,0.23511,0.19678,-25.725,13.038,17.145,1005.56,64.197,salah
7,alam,5/22/2026,4:34:28 PM,1351207726,191270,0.92578,0.38013,0.35596,61.702,67.466,18.29,0.87183,0.51074,0.34717,40.672,77.931,-6.191,1005.56,64.197,salah
7,alam,5/22/2026,4:34:28 PM,1351207926,191470,0.67358,0.13843,0.17017,-44.42,103.824,0.336,0.88574,-0.44336,0.5791,-110.267,188.87,43.252,1005.56,64.197,salah
7,alam,5/22/2026,4:34:29 PM,1351208126,190670,-0.03638,-0.01636,0.54663,17.908,205.16,54.298,0.43823,0.14136,1.01538,-12.542,148.733,16.885,1005.56,64.197,salah
7,alam,5/22/2026,4:34:29 PM,1351208326,190870,1.00171,-0.10107,0.27515,37.214,-4.13,0.908,0.94604,0.15942,0.19189,19.824,-10.198,-6.725,1005.56,64.197,salah
7,alam,5/22/2026,4:34:29 PM,1351208526,192070,0.95435,0.02905,0.18921,23.87,34.282,-0.206,0.98169,0.26416,0.17627,21.237,34.863,-22.42,1005.6,63.851,salah
7,alam,5/22/2026,4:34:29 PM,1351208726,192270,-0.27783,-0.05811,0.79858,0.344,-24.374,3.595,0.25488,0.10303,1.552,-6.008,-38.511,2.992,1005.6,63.851,salah
7,alam,5/22/2026,4:34:29 PM,1351208926,192470,-0.19385,-0.14868,1.12158,7.359,-57.939,-18.183,0.4856,-0.0498,1.33154,6.443,-103.779,-18.046,1005.6,63.851,salah
7,alam,5/22/2026,4:34:30 PM,1351209126,191670,0.16235,-0.16089,0.72485,33.74,-122.389,-22.206,0.69434,-0.02734,0.74023,36.901,-126.008,-26.74,1005.6,63.851,benar
7,alam,5/22/2026,4:34:30 PM,1351209326,191870,-0.55884,-0.05322,1.21753,-19.977,30.779,9.672,0.22876,0.0481,1.57031,14.985,64.137,37.756,1005.6,63.851,benar
7,alam,5/22/2026,4:34:30 PM,1351209526,193070,-0.27661,-0.0127,0.84497,-5.076,-3.802,12.252,0.15894,-0.09888,1.43286,-18.275,17.351,16.618,1005.59,63.962,benar
7,alam,5/22/2026,4:34:30 PM,1351209726,193270,0.46582,-0.37866,0.23657,-84.168,38.504,-33.878,1.08936,-0.23926,0.45288,-152.183,71.038,9.069,1005.59,63.962,benar
7,alam,5/22/2026,4:34:30 PM,1351209926,193470,0.52588,-0.22388,0.17358,1.328,82.023,5.939,0.72852,0.0354,0.28442,-26.672,21.298,-12.061,1005.59,63.962,benar
7,alam,5/22/2026,4:34:31 PM,1351210126,192670,0.87378,0.02588,0.46313,1.878,-2.282,1.641,1.08667,0.2688,0.48804,-1.695,-1.939,-9.718,1005.59,63.962,benar
7,alam,5/22/2026,4:34:31 PM,1351210326,192870,0.58423,0.10352,0.46216,41.214,-116.344,7.42,0.79858,0.44238,0.52026,95.328,-103.832,-29.458,1005.59,63.962,benar
7,alam,5/22/2026,4:34:31 PM,1351210526,194070,0.95898,0.41504,0.05591,4.756,-50.519,33.008,0.92065,0.58765,0.19165,0.55,-26.939,21.313,1005.56,64.203,benar
7,alam,5/22/2026,4:34:31 PM,1351210726,194270,0.95386,0.04297,0.44824,1.42,26.183,12.962,1.02417,0.24878,0.56738,-3.412,21.87,-1.809,1005.56,64.203,benar
7,alam,5/22/2026,4:34:31 PM,1351210926,194470,0.8186,0.07324,0.57666,1.947,9.198,4.962,1.06128,0.12109,0.59692,-45.84,45.45,5.649,1005.56,64.203,benar
7,alam,5/22/2026,4:34:32 PM,1351211126,193670,0.8772,0.03931,0.86206,22.55,-16.542,3.962,1.02783,0.29126,0.70703,-34.947,-17.344,7.58,1005.56,64.203,benar
7,alam,5/22/2026,4:34:32 PM,1351211326,193870,1.00781,0.06128,0.6543,-7.366,-28.679,9.26,1.16333,0.33105,0.36523,27.511,0.832,-2.878,1005.56,64.203,benar
7,alam,5/22/2026,4:34:32 PM,1351211526,195070,1.09717,-0.01611,0.59082,-10.87,-26.763,-13.405,1.09717,0.19775,0.5498,18.076,-9.015,9.641,1005.61,63.773,benar
7,alam,5/22/2026,4:34:32 PM,1351211726,195270,0.46899,-0.13403,0.16602,-28.656,-30.756,-21.282,0.80566,-0.02124,0.31738,-20.29,-31.573,12.13,1005.61,63.773,benar
7,alam,5/22/2026,4:34:32 PM,1351211926,195470,1.36987,0.05371,0.15771,-34.908,-38.74,-9.656,0.83032,0.2688,0.13306,-49,-39.557,-24.389,1005.61,63.773,benar
7,alam,5/22/2026,4:34:33 PM,1351212126,194670,0.93457,0.16016,0.36743,-38.573,2.901,-33.847,0.87378,0.30396,0.30103,-7.366,-0.015,-8.504,1005.61,63.773,berdiri
7,alam,5/22/2026,4:34:33 PM,1351212326,194870,0.81104,0.04468,0.65796,-14.763,-41.603,-1.893,1.10107,0.25415,0.64746,7.908,-97.183,-13.802,1005.61,63.773,berdiri
7,alam,5/22/2026,4:34:33 PM,1351212526,196070,0.84644,0.05542,0.23389,-36.565,-29.313,-20.756,0.72095,0.15063,0.25146,0.618,-32.504,4.878,1005.6,63.85,berdiri
7,alam,5/22/2026,4:34:33 PM,1351212726,196270,1.0354,0.05688,0.10547,-8.748,-16.969,-4.176,0.89185,0.22192,0.0791,22.198,-16.725,-5.748,1005.6,63.85,berdiri
7,alam,5/22/2026,4:34:33 PM,1351212926,196470,1.05933,0.07739,0.09277,-4.313,-9.992,3.771,0.8877,0.23145,0.04883,13.519,3.031,-2.122,1005.6,63.85,berdiri
7,alam,5/22/2026,4:34:34 PM,1351213126,195670,1.04297,0.03564,0.1084,22.344,4.618,18.611,0.8811,0.23779,0.01465,19.237,7.901,-7.634,1005.6,63.85,benar
7,alam,5/22/2026,4:34:34 PM,1351213326,195870,0.85742,0.28516,0.32324,-31.076,-33.527,-14.458,1.06055,0.21826,0.33032,-28.305,-15.969,40.221,1005.6,63.85,benar
7,alam,5/22/2026,4:34:34 PM,1351213526,197070,0.96387,0.03125,0.2168,19.221,-2.924,24.206,0.89185,0.22925,0.01172,-11.382,-41.321,-13.588,1005.61,63.764,benar
7,alam,5/22/2026,4:34:34 PM,1351213726,197270,0.79321,-0.31519,0.29688,25.366,82.939,15.641,1.01318,-0.06909,0.58569,23.298,61.435,-35.855,1005.61,63.764,benar
7,alam,5/22/2026,4:34:34 PM,1351213926,197470,0.46118,0.37646,0.48975,92.282,120.855,21.55,0.70215,0.36182,0.83301,-11.053,135.595,21.168,1005.61,63.764,benar
7,alam,5/22/2026,4:34:35 PM,1351214126,196670,0.08643,0.32104,0.92334,-9.908,89.489,0.824,0.92651,-0.16821,0.35596,-188.786,154.366,36.275,1005.61,63.764,benar
7,alam,5/22/2026,4:34:35 PM,1351214326,196870,1.0481,0.00317,0.08618,27.656,5.504,17.237,0.9209,0.24438,0.07471,10.374,15.115,-7.405,1005.61,63.764,benar
7,alam,5/22/2026,4:34:35 PM,1351214526,198070,1.13672,-0.05664,0.03198,3.435,61.504,16.58,0.91235,0.0686,0.04565,-24.351,103.718,31.901,1005.6,63.908,benar
7,alam,5/22/2026,4:34:35 PM,1351214726,198270,0.57227,0.01807,0.67651,-3.053,-81.443,9.519,0.95874,0.15918,0.71802,23.55,-64.397,8.351,1005.6,63.908,benar
7,alam,5/22/2026,4:34:35 PM,1351214926,198470,0.76172,0.02368,0.54053,-0.565,-53.481,11.374,1.14551,0.25537,0.66406,31.008,-9.183,6.282,1005.6,63.908,benar
7,alam,5/22/2026,4:34:36 PM,1351215126,197670,1.10571,-0.03076,0.49609,-14.702,0.87,9.382,1.25366,0.37158,0.47388,11.779,3.214,8.656,1005.6,63.908,benar
7,alam,5/22/2026,4:34:36 PM,1351215326,197870,-0.21094,-0.00439,0.90479,6.489,-5.458,4.824,0.25342,0.09009,1.13647,34.198,-44.863,0.389,1005.6,63.908,benar
7,alam,5/22/2026,4:34:36 PM,1351215526,199070,0.17334,0.09595,0.81128,-8.748,-88.038,1.809,0.83911,0.104,0.97534,41.565,-120.099,14,1005.6,63.845,benar
7,alam,5/22/2026,4:34:36 PM,1351215726,199270,0.62573,-0.08081,0.76758,13.756,-10.115,-3.542,0.92505,0.27295,0.71118,-37.489,-0.55,-11.359,1005.6,63.845,benar
7,alam,5/22/2026,4:34:36 PM,1351215926,199470,0.57422,0.00513,0.55347,16.977,-34.87,-10.084,0.66479,0.12524,0.50635,21.611,-34.328,8.061,1005.6,63.845,benar
7,alam,5/22/2026,4:34:37 PM,1351216126,198670,0.49927,-0.09326,0.17261,-18.031,-51.435,-39.328,0.77515,-0.0127,0.48267,-52.87,-61.725,3.733,1005.6,63.845,salah
7,alam,5/22/2026,4:34:37 PM,1351216326,198870,1.15552,-0.01904,0.57666,0.863,65.435,0.389,1.1145,0.3335,0.54468,-17.611,17.237,-0.198,1005.6,63.845,salah
7,alam,5/22/2026,4:34:37 PM,1351216526,200070,0.71094,-0.13989,0.87769,-5.565,6.672,-11.397,0.87671,0.16235,0.74536,-7.626,-0.275,-0.076,1005.53,64.467,salah
7,alam,5/22/2026,4:34:37 PM,1351216726,200270,0.4541,0.00366,0.34033,-45.038,161.489,0.183,0.56519,0.30273,0.67773,-5.191,129.252,25.588,1005.53,64.467,salah
7,alam,5/22/2026,4:34:37 PM,1351216926,200470,-0.10376,-0.05884,1.00171,-30.718,101.71,16.672,0.43481,0.01685,1.29102,-25.611,112.359,26.779,1005.53,64.467,salah
7,alam,5/22/2026,4:34:38 PM,1351217126,199670,-0.33618,-0.17627,0.98438,-16.649,49.053,4.985,0.16113,-0.06641,1.38306,1.099,24.908,8.634,1005.53,64.467,salah
7,alam,5/22/2026,4:34:38 PM,1351217326,199870,1.52148,0.04419,0.3728,84.786,-9.794,37.031,0.76172,0.57275,0.4917,119.55,74.588,-44.176,1005.53,64.467,salah
7,alam,5/22/2026,4:34:38 PM,1351217526,201070,-0.35059,-0.18262,0.84668,8.832,-16.489,0.313,0.06982,-0.0481,1.50952,3.046,-16.023,-0.328,1005.61,63.822,salah
7,alam,5/22/2026,4:34:38 PM,1351217726,201270,-0.3999,-0.10254,1.03174,11.466,-55.191,-9.282,0.26001,0.021,1.4082,24.359,-93.878,-7.702,1005.61,63.822,salah
7,alam,5/22/2026,4:34:38 PM,1351217926,201470,-0.14795,-0.04614,0.88501,4.382,-101.107,-4.733,0.62744,0.17334,1.02075,30.252,-134.214,-13.511,1005.61,63.822,salah
7,alam,5/22/2026,4:34:39 PM,1351218126,200670,0.21191,-0.02197,0.55688,-5.046,-129.527,-2.763,0.84668,0.26367,0.6272,19.137,-141.55,-9.008,1005.61,63.822,salah
7,alam,5/22/2026,4:34:39 PM,1351218326,200870,-0.38232,-0.14673,0.70947,-3.84,13.099,1.359,0.02734,-0.10327,1.4314,-6.168,-0.58,2.664,1005.61,63.822,salah
7,alam,5/22/2026,4:34:39 PM,1351218526,202070,0.92871,-0.15601,0.19629,-4.084,-48.298,-20.679,0.91333,0.02734,0.14966,19.611,-35.847,-16.084,1005.6,63.86,salah
7,alam,5/22/2026,4:34:39 PM,1351218726,202270,0.97656,0.04736,0.28418,-7.756,-11.504,-6.489,0.95801,-0.00732,0.03809,-29.878,32.137,14.092,1005.6,63.86,salah
7,alam,5/22/2026,4:34:39 PM,1351218926,202470,0.96436,0.1853,0.27515,11.649,30.733,-10.496,0.88965,0.39478,0.30493,31.244,32.031,-9.397,1005.6,63.86,salah
7,alam,5/22/2026,4:34:40 PM,1351219126,201670,0.82642,0.24585,0.39355,2.237,-2.534,0.733,0.80103,0.40259,0.23633,-3.763,-20.351,2.015,1005.6,63.86,berdiri
7,alam,5/22/2026,4:34:40 PM,1351219326,201870,0.74536,-0.15283,0.34644,-40.863,-83.366,-45.336,0.9939,0.01636,0.30493,-54.344,-62.588,4.435,1005.6,63.86,berdiri
7,alam,5/22/2026,4:34:40 PM,1351219526,203070,1.00098,0.08496,0.17896,-4.954,-27.412,-0.405,0.89453,0.24463,0.0625,-10.359,-13.649,2.947,1005.59,63.981,berdiri
7,alam,5/22/2026,4:34:40 PM,1351219726,203270,1.03589,0.06641,0.13428,-9.168,-5.58,2.176,0.88184,0.23438,0.01953,2.611,-1,4.74,1005.59,63.981,berdiri
7,alam,5/22/2026,4:34:40 PM,1351219926,203470,1.02271,-0.00024,0.1582,-0.939,1.55,4.481,0.87622,0.22046,0.03662,2.412,5.45,-3.931,1005.59,63.981,berdiri
7,alam,5/22/2026,4:34:41 PM,1351220126,202670,1.02271,0.04639,0.16333,7.908,5.672,3.702,0.85962,0.25439,0.02612,6.466,11.527,-0.595,1005.59,63.981,salah
7,alam,5/22/2026,4:34:41 PM,1351220326,202870,0.93359,0.0708,0.27124,-15.977,-19.74,-0.656,0.94043,0.25635,0.16504,7.45,-22.985,-13.855,1005.59,63.981,salah
7,alam,5/22/2026,4:34:41 PM,1351220526,204070,1.02002,0.06714,0.1897,17.679,30.756,-3.641,0.96631,0.29663,0.2063,-1.153,47.29,-19.176,1005.61,63.783,salah
7,alam,5/22/2026,4:34:41 PM,1351220726,204270,0.91479,0.50195,0.25879,19.031,90.13,20.198,0.90942,0.60376,0.41064,-40.328,93.969,30.031,1005.61,63.783,salah
7,alam,5/22/2026,4:34:41 PM,1351220926,204470,0.42578,-0.10596,0.20801,-83.565,148.733,-5.817,0.71289,0.05103,0.5603,-25.305,138.298,82.122,1005.61,63.783,salah
7,alam,5/22/2026,4:34:42 PM,1351221126,203670,-0.1106,-0.14233,1.04102,4.351,140.809,36.16,0.39697,0.2478,1.33081,-0.939,120.794,9.695,1005.61,63.783,salah
7,alam,5/22/2026,4:34:42 PM,1351221326,203870,1.05566,0.01831,0.16187,8.634,17.321,-9.565,0.90869,0.25635,0.08813,1.473,20.87,-8,1005.61,63.783,salah
7,alam,5/22/2026,4:34:42 PM,1351221526,205070,-0.41602,-0.20923,0.85352,-14.321,7.076,4.679,0.07227,-0.1394,1.54517,-10.74,13.733,9.656,1005.61,63.822,salah
7,alam,5/22/2026,4:34:42 PM,1351221726,205270,-0.41772,-0.21973,0.88721,-11.168,-16.466,0.153,0.146,-0.17261,1.36646,4.298,-19.252,-5.656,1005.61,63.822,salah
7,alam,5/22/2026,4:34:42 PM,1351221926,205470,-0.28369,-0.16992,0.87256,0.718,-18.237,-4.733,0.18237,-0.06616,1.49487,0.16,-48.519,-0.229,1005.61,63.822,salah
7,alam,5/22/2026,4:34:43 PM,1351222126,204670,-0.31079,-0.11475,0.98315,-2.847,-36.656,-12.908,0.45264,-0.02856,1.35474,4.191,-93.84,-5.389,1005.61,63.822,salah
7,alam,5/22/2026,4:34:43 PM,1351222326,204870,-0.39575,-0.15991,1.03394,-16.893,42.58,6.565,0.15015,-0.08569,1.50879,-10.359,45.977,16.779,1005.61,63.822,salah
7,alam,5/22/2026,4:34:43 PM,1351222526,206070,0.41992,-0.10327,0.42725,58.534,-120.947,2.74,0.89453,0.10278,0.54614,83,-80.16,-37.71,1005.6,63.884,salah
7,alam,5/22/2026,4:34:43 PM,1351222726,206270,0.89502,0.2793,0.20142,66.481,-54.573,58.641,0.86035,0.5498,0.20825,35.336,-57.015,-2.733,1005.6,63.884,salah
7,alam,5/22/2026,4:34:43 PM,1351222926,206470,0.92896,0.33911,0.12842,-11.87,-22.252,9.237,1.3999,0.39209,0.35522,38.389,-61.87,34.771,1005.6,63.884,salah
7,alam,5/22/2026,4:34:44 PM,1351223126,205670,1.06348,-0.15845,0.29932,-22.015,9.42,-20.061,0.81177,-0.00146,0.27563,16.702,27.534,-0.221,1005.6,63.884,salah
7,alam,5/22/2026,4:34:44 PM,1351223326,205870,-0.0481,-0.26782,0.84888,22.405,-120.626,-23.168,0.73462,-0.14087,0.83496,19.229,-118.435,-42.153,1005.6,63.884,salah
7,alam,5/22/2026,4:34:44 PM,1351223526,207070,0.73193,0.44971,0.53638,15.947,10.244,35.733,0.8584,0.66382,0.52026,13.84,32.863,-0.908,1005.55,64.309,salah
7,alam,5/22/2026,4:34:44 PM,1351223726,207270,0.59253,0.22388,0.31055,-58.908,83.618,-9.756,0.87964,-0.39355,0.61353,-185.504,193.916,73.908,1005.55,64.309,salah
7,alam,5/22/2026,4:34:44 PM,1351223926,207470,0.13892,-0.21973,0.59766,-15.168,140.809,21.244,0.68799,-0.00928,1.0752,-20.252,141.542,11.115,1005.55,64.309,salah
7,alam,5/22/2026,4:34:45 PM,1351224126,206670,-0.17798,-0.08936,1.06348,-9.901,61.947,5.542,0.28687,-0.03711,1.41626,-15.458,65.786,11.282,1005.55,64.309,salah
7,alam,5/22/2026,4:34:45 PM,1351224326,206870,0.74243,0.11353,0.39478,10.924,28.58,-16.58,0.91943,0.27173,0.42651,-2.656,35.573,-8.542,1005.55,64.309,salah
7,alam,5/22/2026,4:34:45 PM,1351224526,208070,-0.2688,-0.13184,0.90186,-0.427,-1.489,-12.145,0.20776,0.02832,1.43433,4.893,-2.618,1.466,1005.62,63.741,salah
7,alam,5/22/2026,4:34:45 PM,1351224726,208270,-0.26709,-0.14307,0.81055,-6.702,-19.679,-4.863,0.08447,-0.15308,1.52515,-2.183,-24.015,8.595,1005.62,63.741,salah
7,alam,5/22/2026,4:34:45 PM,1351224926,208470,-0.32666,-0.12354,1.03174,7.481,-50.382,-1.511,0.31323,-0.04614,1.42456,13.626,-85.458,-9.031,1005.62,63.741,salah
7,alam,5/22/2026,4:34:46 PM,1351225126,207670,-0.06006,-0.07349,0.89038,7.405,-96.588,3.244,0.64917,0.20313,0.92944,39.053,-119.344,-17.603,1005.62,63.741,berdiri
7,alam,5/22/2026,4:34:46 PM,1351225326,207870,-0.24146,-0.09033,0.93799,-4.931,35.618,3.145,0.19727,0.03564,1.38135,6.435,30.985,8.802,1005.62,63.741,berdiri
7,alam,5/22/2026,4:34:46 PM,1351225526,209070,0.79956,-0.22632,0.33936,-57.351,-89.038,-49.397,0.98804,-0.10693,0.2395,-30.527,-80.672,6,1005.63,63.663,berdiri
7,alam,5/22/2026,4:34:46 PM,1351225726,209270,0.95532,-0.32935,0.11523,4.954,-46.809,-32.45,0.93994,0.00415,0.14819,-13.137,-34.824,-29.618,1005.63,63.663,berdiri
7,alam,5/22/2026,4:34:46 PM,1351225926,209470,0.84448,0.19604,0.16528,1.511,34.42,-33.153,0.99512,0.45093,0.13843,9.58,7.031,-1.664,1005.63,63.663,berdiri
7,alam,5/22/2026,4:34:47 PM,1351226126,208670,0.80371,0.25415,0.33618,5.305,-22.405,7.664,0.79248,0.40698,0.09912,9.748,-34.038,-10.618,1005.63,63.663,berdiri
7,alam,5/22/2026,4:34:47 PM,1351226326,208870,0.44043,0.02368,0.427,-27.916,-105.115,-10.924,0.88159,0.21362,0.5166,-60.695,-101.603,14.321,1005.63,63.663,berdiri
7,alam,5/22/2026,4:34:47 PM,1351226526,210070,1.0166,0.01074,0.17529,-14.221,-10.496,-6.191,0.91699,0.18579,0.11646,-18.603,5.695,8.321,1005.59,63.937,berdiri
7,alam,5/22/2026,4:34:47 PM,1351226726,210270,1.03833,-0.0332,0.12061,22.069,29.847,14.443,0.98291,0.1626,0.14844,26.809,57.893,-4.26,1005.59,63.937,berdiri
7,alam,5/22/2026,4:34:47 PM,1351226926,210470,0.93799,0.33618,0.3689,38.366,27.069,35.931,0.8269,0.48682,0.25513,11.855,39.328,10.053,1005.59,63.937,berdiri
7,alam,5/22/2026,4:34:48 PM,1351227126,209670,0.6145,-0.16577,0.4812,-24.061,24.382,1.786,1.30713,0.04492,0.31982,-25.809,35.26,4.595,1005.59,63.937,benar
7,alam,5/22/2026,4:34:48 PM,1351227326,209870,1.00195,0.01489,0.19922,-3.954,-8.359,10.282,0.85205,0.23413,0.12305,24.214,-19.885,-14.924,1005.59,63.937,benar
7,alam,5/22/2026,4:34:48 PM,1351227526,211070,0.51563,0.10645,0.63892,19.878,1.55,-0.275,0.96484,0.14355,0.68262,-7.832,54.16,12.702,1005.62,63.754,benar
7,alam,5/22/2026,4:34:48 PM,1351227726,211270,0.77051,0.17969,0.92627,-5.794,-9.611,2.13,1.10547,0.27563,0.9292,17.397,-31.832,4.397,1005.62,63.754,benar
7,alam,5/22/2026,4:34:48 PM,1351227926,211470,0.91772,0.03418,0.67456,-18.107,-8.305,2.107,1.06079,0.2085,0.74463,-5.481,7.084,3.733,1005.62,63.754,benar
7,alam,5/22/2026,4:34:49 PM,1351228126,210670,0.70679,0.0061,0.58887,-10.634,28.466,0.16,0.93115,0.26001,0.64185,-11.275,15.779,2.206,1005.62,63.754,benar
7,alam,5/22/2026,4:34:49 PM,1351228326,210870,0.57764,-0.09839,0.16113,7.511,57.481,6.771,0.56055,0.19019,0.52515,7.58,66.397,-0.603,1005.62,63.754,benar
7,alam,5/22/2026,4:34:49 PM,1351228526,212070,0.85132,0.08252,0.72217,2.458,-0.305,6.672,1.01489,0.32837,0.79517,31.649,-17.954,6.939,1005.6,63.87,benar
7,alam,5/22/2026,4:34:49 PM,1351228726,212270,0.89648,-0.01294,0.7688,-8.069,-42.527,1.412,1.07739,0.22681,0.73755,-32.29,-19.282,3.55,1005.6,63.87,benar
7,alam,5/22/2026,4:34:49 PM,1351228926,212470,0.6687,-0.01611,0.53296,5.985,17.229,-0.038,0.94702,0.31763,0.55737,8.901,-15.176,-12.153,1005.6,63.87,benar
7,alam,5/22/2026,4:34:50 PM,1351229126,211670,0.76099,0.10181,0.5647,0.053,-7.504,-21.099,0.93457,0.21802,0.48975,7.908,-15.198,-3.679,1005.6,63.87,benar
7,alam,5/22/2026,4:34:50 PM,1351229326,211870,0.76221,0.06201,0.57739,2.588,4.588,9.45,0.92529,0.26245,0.65527,10.382,14.45,6.237,1005.6,63.87,benar
7,alam,5/22/2026,4:34:50 PM,1351229526,213070,0.69092,-0.01221,0.36816,-11.046,-40.557,11.351,0.81519,0.1665,0.35693,5.687,-28.756,13.565,1005.59,64.005,benar
7,alam,5/22/2026,4:34:50 PM,1351229726,213270,0.95239,-0.26855,0.18896,3.832,-14,-2.481,0.95166,0.01904,0.10156,-1.008,-9.321,-12.366,1005.59,64.005,benar
7,alam,5/22/2026,4:34:50 PM,1351229926,213470,0.98145,-0.00537,0.18457,68.282,-37.511,9.397,0.99951,0.19287,0.4187,22.183,39.962,-27.069,1005.59,64.005,benar
7,alam,5/22/2026,4:34:51 PM,1351230126,212670,0.87793,0.43286,0.26025,14.061,46.84,17.542,0.56641,0.51221,0.17261,-33.336,-1.55,15.87,1005.59,64.005,benar
7,alam,5/22/2026,4:34:51 PM,1351230326,212870,0.604,0.15796,0.44946,-3.756,-22.527,2.366,0.78833,0.30054,0.44775,21.954,-26.847,2.16,1005.59,64.005,benar
7,alam,5/22/2026,4:34:51 PM,1351230526,214070,0.94751,0.05078,0.34497,-18.305,29.328,-15.74,0.71313,0.08838,0.33936,-13.573,58.885,1.214,1005.54,64.415,benar
7,alam,5/22/2026,4:34:51 PM,1351230726,214270,0.86938,0.04126,0.64014,4.397,5.176,-8.031,0.99487,0.39136,0.55786,-5.046,-4.412,0.809,1005.54,64.415,benar
7,alam,5/22/2026,4:34:51 PM,1351230926,214470,0.88037,0.13403,0.5603,7.015,-5.504,4.756,1.01587,0.36694,0.53687,18.13,-25.458,-1.496,1005.54,64.415,benar
7,alam,5/22/2026,4:34:52 PM,1351231126,213670,0.9126,0.08813,0.37134,20.458,3.893,18.031,1.04932,0.38354,0.40088,36.962,19.534,-1.58,1005.54,64.415,benar
7,alam,5/22/2026,4:34:52 PM,1351231326,213870,0.7644,-0.06909,0.21216,-30.122,25.931,-0.802,0.91968,0.42651,0.30347,21.313,-36.786,-2.214,1005.54,64.415,benar
7,alam,5/22/2026,4:34:52 PM,1351231526,215070,0.88818,0.17432,0.37109,6.13,-5.542,9.519,0.92456,0.31665,0.74463,-28.71,53.672,7.008,1005.6,63.888,benar
7,alam,5/22/2026,4:34:52 PM,1351231726,215270,0.81323,0.10181,0.7041,-10.527,51.427,-4.893,0.93921,0.31592,0.93848,-32.527,33.969,-0.13,1005.6,63.888,benar
7,alam,5/22/2026,4:34:52 PM,1351231926,215470,0.67993,0.10498,0.84424,-26.672,16.427,-7.382,0.9126,0.31567,0.99951,-17.298,-2.084,-8.771,1005.6,63.888,benar
7,alam,5/22/2026,4:34:53 PM,1351232126,214670,0.52734,0.17114,0.81323,10.046,-16.382,-18.305,0.78101,0.29688,0.82324,7.809,-39.924,-13.313,1005.6,63.888,benar
7,alam,5/22/2026,4:34:53 PM,1351232326,214870,0.94873,0.12036,0.48438,6.664,2.42,7.267,1.09546,0.43921,0.53125,-12.321,6.794,11.84,1005.6,63.888,benar
7,alam,5/22/2026,4:34:53 PM,1351232526,216070,0.67578,-0.04077,0.46338,-10.053,-27.893,-5.603,0.78833,0.34521,0.57642,20.13,-38.924,-18.023,1005.61,63.788,benar
7,alam,5/22/2026,4:34:53 PM,1351232726,216270,0.66699,0.34448,0.48877,10.031,-54.817,5.481,0.7749,0.55713,0.37109,2.58,-64.015,-4.557,1005.61,63.788,benar
7,alam,5/22/2026,4:34:53 PM,1351232926,216470,0.88745,0.03418,0.27393,-47.023,-19.069,7.336,0.8811,0.36401,0.17529,-1.443,-51.603,1.427,1005.61,63.788,benar
7,alam,5/22/2026,4:34:54 PM,1351233126,215670,1.07837,-0.17578,0.20874,-52.809,-27.565,-31.382,0.93677,0.06006,0.09253,-58.046,-13.137,18.26,1005.61,63.788,salah
7,alam,5/22/2026,4:34:54 PM,1351233326,215870,0.49365,0.10962,0.50269,-31.618,-42.863,-10.13,0.79102,0.1355,0.63013,-5.237,-51.71,13.992,1005.61,63.788,salah
7,alam,5/22/2026,4:34:54 PM,1351233526,217070,0.99634,0.07324,0.21631,-1.351,-1.221,-9.634,0.88794,0.28613,0.16577,6.573,21.496,-2.412,1005.62,63.683,salah
7,alam,5/22/2026,4:34:54 PM,1351233726,217270,1.03174,0.09058,0.24292,51.939,19.74,-2.802,0.91626,0.39209,0.20947,35.626,33.863,-37.733,1005.62,63.683,salah
7,alam,5/22/2026,4:34:54 PM,1351233926,217470,0.80566,0.46094,0.31982,30.695,46.702,20.542,0.7605,0.60083,0.26587,30.115,37.672,-11.611,1005.62,63.683,salah
7,alam,5/22/2026,4:34:55 PM,1351234126,216670,0.76367,0.36035,0.20898,-51.16,70.122,2.893,0.88452,0.56372,0.63135,-116.405,49.237,58.511,1005.62,63.683,salah
7,alam,5/22/2026,4:34:55 PM,1351234326,216870,1.00903,-0.17627,0.12402,-5.74,-16.817,-6.962,1.23218,0.31616,0.05859,7.359,-42.397,-20.084,1005.62,63.683,salah
7,alam,5/22/2026,4:34:55 PM,1351234526,218070,-0.25635,-0.09546,1.08228,-5.489,84.954,22.939,0.22681,0.10376,1.50342,-19.229,93.16,25.779,1005.6,63.879,salah
7,alam,5/22/2026,4:34:55 PM,1351234726,218270,-0.38916,-0.16333,1.02075,-14.168,25.382,8.809,0.03296,-0.11182,1.41016,-6.687,25.939,7.771,1005.6,63.879,salah
7,alam,5/22/2026,4:34:55 PM,1351234926,218470,-0.30811,-0.1709,0.93066,2.443,-4.924,-4.153,0.1311,-0.03394,1.46167,5.183,-14.954,-0.496,1005.6,63.879,salah
7,alam,5/22/2026,4:34:56 PM,1351235126,217670,-0.1333,-0.10107,0.96558,-0.504,-13.244,-1.084,0.10425,-0.10034,1.52222,-3.176,-39.031,1.588,1005.6,63.879,salah
7,alam,5/22/2026,4:34:56 PM,1351235326,217870,0.4856,-0.26831,0.3374,-38.656,103.115,18.389,0.84351,-0.05542,0.54614,-9.031,230.435,62.626,1005.6,63.879,salah
7,alam,5/22/2026,4:34:56 PM,1351235526,219070,0.01074,-0.1145,0.8645,17.008,-101.824,-23.939,0.66797,0.04688,0.90747,12.832,-125.374,-28.664,1005.61,63.797,salah
7,alam,5/22/2026,4:34:56 PM,1351235726,219270,0.49927,-0.11108,0.40625,8.496,-134.382,-38.473,0.92944,-0.03369,0.53491,2.023,-112.634,-26.168,1005.61,63.797,salah
7,alam,5/22/2026,4:34:56 PM,1351235926,219470,0.875,0.34082,0.06787,52,14.969,14.962,1.04272,1.0144,0.37866,136.954,-43.008,-7.198,1005.55,64.284,salah
7,alam,5/22/2026,4:34:57 PM,1351236126,218670,0.69873,0.36841,0.45508,-39.809,-8.29,-20.366,1.05884,0.48926,0.33984,-33.802,-26.305,34.115,1005.61,63.797,benar
7,alam,5/22/2026,4:34:57 PM,1351236326,218870,-0.2063,-0.1377,1.00244,8.244,-44.198,-4.977,0.41846,0.00757,1.37695,18.42,-109.092,-16.397,1005.61,63.797,benar
7,alam,5/22/2026,4:34:57 PM,1351236526,220070,0.75732,0.09912,0.3291,-11.634,21.344,-3.45,0.90527,0.06616,0.47388,-8.931,30.519,21.504,1005.55,64.284,benar
7,alam,5/22/2026,4:34:57 PM,1351236726,220270,0.99902,0.16406,0.57178,18.282,-1.275,16.71,0.9668,0.35034,0.52075,27.183,-19.076,0.511,1005.55,64.284,benar
7,alam,5/22/2026,4:34:57 PM,1351236926,220470,1.08643,0.08569,0.48657,20.198,-20.473,15.16,1.10791,0.31079,0.41333,24.603,20.176,1.382,1005.59,64,benar
7,alam,5/22/2026,4:34:58 PM,1351237126,219670,0.99951,0.07202,0.43042,-8.634,21.198,12.427,1.0564,0.26025,0.51294,-9.809,15.954,6.466,1005.55,64.284,benar
7,alam,5/22/2026,4:34:58 PM,1351237326,219870,1.01685,-0.16528,0.24536,-2.893,-8.908,-12.26,0.62842,0.10254,0.1499,6.191,37.557,-14.481,1005.55,64.284,benar
7,alam,5/22/2026,4:34:58 PM,1351237526,221070,0.81494,-0.01807,0.80908,-8.466,-3.718,0.672,1.07104,0.20947,0.75952,-20.366,12.229,10.435,1005.59,64,benar
7,alam,5/22/2026,4:34:58 PM,1351237726,221270,0.80566,0.03271,0.71167,-9.122,4.176,-15.344,1.00293,0.24878,0.68359,-7.496,-38.969,-26.16,1005.59,64,benar
7,alam,5/22/2026,4:34:58 PM,1351237926,221470,0.78711,0.11768,0.58325,-21.908,-28.763,-23.893,0.83228,0.33374,0.52637,-4.84,-57.939,-1.954,1005.61,63.841,benar
7,alam,5/22/2026,4:34:59 PM,1351238126,220670,0.68018,-0.021,0.18896,-94.977,-26.351,-45.595,0.6709,-0.05566,0.36841,-95.023,-29.962,44.092,1005.59,64,benar
7,alam,5/22/2026,4:34:59 PM,1351238326,220870,0.92578,0.07056,0.41748,9.794,23.099,18.023,1.07031,0.32788,0.58862,-9.29,40.336,0.107,1005.59,64,benar
7,alam,5/22/2026,4:34:59 PM,1351238526,222070,0.97656,0.21094,0.20996,24.099,-40.763,-25.267,0.97217,0.48267,0.22144,39.061,-7.519,-33.885,1005.61,63.841,benar
7,alam,5/22/2026,4:34:59 PM,1351238726,222270,0.87183,0.4436,0.28784,22.267,-6.916,18.786,0.81079,0.5376,0.1626,-3.542,11.405,-4.183,1005.61,63.841,benar
7,alam,5/22/2026,4:34:59 PM,1351238926,222470,1.06543,0.25,0.35156,-42.321,-30.107,1.084,0.89014,0.33081,0.18115,-16.58,5.84,30.427,1005.62,63.75,benar
7,alam,5/22/2026,4:35:00 PM,1351239126,221670,1.0105,-0.01294,0.26978,-31.42,-7.145,12.618,0.85107,0.2666,0.14575,-29.427,-12.641,22,1005.61,63.841,berdiri
7,alam,5/22/2026,4:35:00 PM,1351239326,221870,0.88306,-0.36035,0.2312,-17.832,-12.435,-38.992,1.15186,0.55615,0.04102,25.687,-38.282,-41.183,1005.61,63.841,berdiri
7,alam,5/22/2026,4:35:00 PM,1351239526,223070,1.03564,-0.0249,0.19482,-5.74,-2.771,-3.412,0.90234,0.20264,0.10986,-20.618,7.656,10.725,1005.62,63.75,berdiri
7,alam,5/22/2026,4:35:00 PM,1351239726,223270,1.03638,-0.00024,0.19727,10.458,1.908,1.687,0.92236,0.22339,0.10254,-3.328,4.481,-3.023,1005.62,63.75,berdiri
7,alam,5/22/2026,4:35:00 PM,1351239926,223470,0.99292,0.07764,0.22949,16.107,1.26,5.252,0.87671,0.25513,0.09937,-1.473,-2.809,0.191,1005.6,63.874,berdiri
7,alam,5/22/2026,4:35:01 PM,1351240126,222670,0.99609,0.08594,0.21118,13.374,1.901,3.901,0.88721,0.27954,0.09546,10.916,-1.42,-0.977,1005.62,63.75,berdiri
7,alam,5/22/2026,4:35:01 PM,1351240326,222870,1.0293,-0.04736,0.18384,-21.115,-16.679,-9.962,0.91675,0.19165,0.08838,1.756,-5.885,0.573,1005.62,63.75,berdiri
7,alam,5/22/2026,4:35:01 PM,1351240526,224070,0.99951,0.12866,0.18042,-0.099,-2.649,3.45,0.87085,0.28271,0.05884,-0.672,-11.794,0.153,1005.6,63.874,berdiri
7,alam,5/22/2026,4:35:01 PM,1351240726,224270,1.00879,0.1228,0.14282,8.282,4.069,7.458,0.88403,0.32813,0.05786,27.832,-0.71,0.832,1005.6,63.874,berdiri
7,alam,5/22/2026,4:35:01 PM,1351240926,224470,1.03271,0.05713,0.13843,-7.344,3.74,0.809,0.84766,0.26563,,-14.115,-7.527,4.542,1005.61,63.793,berdiri
7,alam,5/22/2026,4:35:02 PM,1351241126,223670,1.03882,0.03687,0.14868,-10.985,7.298,-10.588,0.87085,0.24487,0.0144,1.053,7.382,0.099,1005.6,63.874,berdiri
7,alam,5/22/2026,4:35:02 PM,1351241326,223870,1.04712,0.07788,0.14795,-1.031,-2.58,-3.534,0.86182,0.22827,0.06226,-1.351,1.389,0.183,1005.6,63.874,berdiri
7,alam,5/22/2026,4:35:02 PM,1351241526,225070,0.98926,0.10034,0.20825,24.298,22.374,-2.672,0.93774,0.30469,0.12695,12.893,34.603,-17.794,1005.61,63.793,salah
7,alam,5/22/2026,4:35:02 PM,1351241726,225270,0.91528,0.36914,0.29834,59.16,47.824,17.313,0.85547,0.49805,0.17285,13.534,46.099,-11.626,1005.61,63.793,salah
7,alam,5/22/2026,4:35:02 PM,1351241926,225470,0.82837,0.36426,0.38623,9.87,39.687,25.58,0.88232,0.54761,0.40747,12.115,32.817,29.634,1005.61,63.768,salah
7,alam,5/22/2026,4:35:03 PM,1351242126,224670,0.8728,-0.21216,0.18604,-32.542,89.053,-8.756,1.01831,0.08862,0.28247,-27.389,172.305,46.252,1005.61,63.793,salah
7,alam,5/22/2026,4:35:03 PM,1351242326,224870,1.0083,0.03125,0.17651,9.015,10.763,-0.275,0.88818,0.23755,0.1001,15.252,19.473,-10.275,1005.61,63.793,salah
7,alam,5/22/2026,4:35:03 PM,1351242526,226070,0.04541,0.01733,1.45605,-18.527,62.153,-2.328,0.573,0.10254,1.60205,14,73.336,37.427,1005.61,63.768,salah
7,alam,5/22/2026,4:35:03 PM,1351242726,226270,-0.08081,-0.15039,0.94556,-20.695,19.954,8.176,0.21826,-0.06616,1.33667,-10.595,37.153,10.931,1005.61,63.768,salah
7,alam,5/22/2026,4:35:03 PM,1351242926,226470,-0.25708,-0.12549,0.97217,-2.779,8.832,-7.71,0.23462,-0.10645,1.39111,-9.534,-0.252,10.611,1005.61,63.797,salah
7,alam,5/22/2026,4:35:04 PM,1351243126,225670,-0.20752,-0.11572,1.05859,6.779,-23.87,-2.55,0.3186,-0.0752,1.42627,12.603,-76.55,-10.076,1005.61,63.768,salah
7,alam,5/22/2026,4:35:04 PM,1351243326,225870,0.01221,-0.14038,0.47217,-14.763,87.359,10.595,0.44238,0.16626,0.95947,-8.794,150.267,22.427,1005.61,63.768,salah
7,alam,5/22/2026,4:35:04 PM,1351243526,227070,0.27515,0.1123,0.6521,57.939,-76.092,9.237,0.82666,0.4231,0.65771,98.496,-115.588,-22.588,1005.61,63.797,salah
7,alam,5/22/2026,4:35:04 PM,1351243726,227270,0.69263,0.42944,0.31372,1.817,-77.229,14.71,0.72827,0.75122,0.46851,-17.359,-68.137,-2.084,1005.61,63.797,salah
7,alam,5/22/2026,4:35:04 PM,1351243926,227470,0.74585,-0.22046,0.17407,-25.939,-74.962,23.473,1.02954,0.51587,0.69238,-48.885,-18.565,-12.947,1005.55,64.317,salah
7,alam,5/22/2026,4:35:05 PM,1351244126,226670,0.79517,-0.14795,0.42847,19.435,58.588,16.069,1.05811,0.03687,0.58398,29.053,48.924,19.519,1005.61,63.797,salah
7,alam,5/22/2026,4:35:05 PM,1351244326,226870,-0.06177,-0.19043,0.91162,17.679,-82.504,-22.305,0.57446,-0.10278,1.08374,26,-96.802,-29.817,1005.61,63.797,salah
7,alam,5/22/2026,4:35:05 PM,1351244526,228070,0.13843,0.00586,0.69824,-8.015,129.351,4.244,0.71777,-0.16235,0.93091,13.641,112.351,20.985,1005.55,64.317,salah
7,alam,5/22/2026,4:35:05 PM,1351244726,228270,-0.12622,-0.12793,1.03906,-24.115,50.405,0.779,0.35913,-0.13672,1.25366,-17.725,63.809,16.298,1005.55,64.317,salah
7,alam,5/22/2026,4:35:05 PM,1351244926,228470,-0.22559,-0.05176,0.89307,-1.42,34.382,1.817,0.19385,-0.05225,1.35669,-11.878,23.489,6.214,1005.58,64.014,salah
7,alam,5/22/2026,4:35:06 PM,1351245126,227670,-0.25244,-0.12817,0.79346,5.031,14.069,1.206,0.02954,-0.02393,1.5437,-4.885,3.435,-6.29,1005.55,64.317,salah
7,alam,5/22/2026,4:35:06 PM,1351245326,227870,0.56982,0.33643,0.36743,-21.214,121.947,18.351,0.69995,0.9209,0.6228,-81.466,91.313,-11.496,1005.55,64.317,salah
7,alam,5/22/2026,4:35:06 PM,1351245526,229070,-0.32227,-0.05273,0.98315,6.74,-22.26,2,0.2771,-0.00635,1.42749,8.305,-65.153,1.267,1005.58,64.014,salah
7,alam,5/22/2026,4:35:06 PM,1351245726,229270,-0.19287,-0.09155,0.97363,-4.412,-71.328,-4.015,0.55566,0.05249,1.2019,18.992,-111.733,-7,1005.58,64.014,salah
7,alam,5/22/2026,4:35:06 PM,1351245926,229470,0.18799,-0.04834,0.7229,10.74,-109.954,-7.221,0.84912,0.18115,0.84912,23.359,-118.42,-8.168,1005.62,63.74,salah
7,alam,5/22/2026,4:35:07 PM,1351246126,228670,0.18799,-0.04834,0.7229,10.74,-109.954,-7.221,0.84912,0.18115,0.84912,23.359,-118.42,-8.168,1005.58,64.014,salah
7,alam,5/22/2026,4:35:07 PM,1351246326,228870,-0.22705,-0.07544,0.82886,1.916,-11.282,-3.649,0.08301,-0.05762,1.45679,2.366,-16.832,2.664,1005.58,64.014,salah
7,alam,5/22/2026,4:35:07 PM,1351246526,230070,0.83545,-0.21021,0.31909,-64.55,-24.511,-37.55,0.89673,-0.02441,0.12939,-34.977,-34.099,5.542,1005.62,63.74,salah
7,alam,5/22/2026,4:35:07 PM,1351246726,230270,0.98877,0.05981,0.20142,-9.366,-22.565,-17.664,0.92676,0.16577,0.15381,-8.954,-13.107,18.107,1005.62,63.74,salah
7,alam,5/22/2026,4:35:07 PM,1351246926,230470,1.05078,0.0874,0.13843,6.71,-9.832,6.71,0.89307,0.19922,0.09521,25.053,-12.71,-5.779,1005.6,63.927,salah
7,alam,5/22/2026,4:35:08 PM,1351247126,229670,0.58667,0.06152,0.45874,-7.832,-100.351,-11.435,0.92139,0.21655,0.52612,24.092,-100.061,-12.885,1005.62,63.74,berdiri
7,alam,5/22/2026,4:35:08 PM,1351247326,229870,0.99365,0.05054,0.22314,-25.435,-54.809,-6.496,1.01196,0.32935,0.29541,-28.336,-52.023,8.046,1005.62,63.74,berdiri
7,alam,5/22/2026,4:35:08 PM,1351247526,231070,1.03418,-0.0188,0.10132,4.13,2.679,-0.221,0.86963,0.14355,0.01733,-1.771,0.282,-3.626,1005.6,63.927,berdiri
7,alam,5/22/2026,4:35:08 PM,1351247726,231270,1.04785,-0.01807,0.10986,12.55,6.221,4.504,0.87134,0.1875,0.02759,-1.603,6.565,-3.252,1005.6,63.927,berdiri
7,alam,5/22/2026,4:35:08 PM,1351247926,231470,1.05542,0.01416,0.0813,2.847,4.374,2.053,0.86694,0.18457,0.03906,-10.863,5.588,1.023,1005.61,63.822,berdiri
7,alam,5/22/2026,4:35:09 PM,1351248126,230670,1.0127,0.01465,0.15137,-10.985,-13.42,0.16,0.90063,0.18066,0.05933,4.733,-9.176,4.664,1005.6,63.927,benar
7,alam,5/22/2026,4:35:09 PM,1351248326,230870,1.04883,0.00952,0.10132,-9.824,-5.885,1.702,0.87915,0.17212,0.00024,-9.656,-0.55,2.885,1005.6,63.927,benar
7,alam,5/22/2026,4:35:09 PM,1351248526,232070,0.9729,0.07544,0.16626,46.107,45.244,22.588,0.78247,0.32349,0.17407,84.466,63.137,-14.435,1005.61,63.822,benar
7,alam,5/22/2026,4:35:09 PM,1351248726,232270,0.57666,0.21997,0.39844,9.489,-4.466,17.557,0.69824,-0.25171,0.36182,-59.634,57.809,19.695,1005.61,63.822,benar
7,alam,5/22/2026,4:35:09 PM,1351248926,232470,0.64526,-0.09155,0.20996,16.84,65.817,18.267,0.74927,0.5,0.46631,15.305,16.595,-12.878,1005.63,63.677,benar
7,alam,5/22/2026,4:35:10 PM,1351249126,231670,1.01367,-0.04712,0.17871,6.328,2.695,-3.313,0.87695,0.18506,0.04565,0.305,-1.985,-1.099,1005.61,63.822,benar
7,alam,5/22/2026,4:35:10 PM,1351249326,231870,1.06348,0.01855,0.0686,17.176,14.786,-8.206,0.93042,0.15356,0.08325,8.939,43.832,-8.183,1005.61,63.822,benar
7,alam,5/22/2026,4:35:10 PM,1351249526,233070,0.88062,0.12451,0.61182,0.855,5.481,-0.382,0.94946,0.24243,0.71997,20.595,-8.954,-2.527,1005.63,63.677,benar
7,alam,5/22/2026,4:35:10 PM,1351249726,233270,0.71436,0.0542,0.5979,0.458,3.779,0.42,0.87158,0.18677,0.74561,8.527,3.847,3.603,1005.63,63.677,benar
7,alam,5/22/2026,4:35:10 PM,1351249926,233470,0.74194,0.01123,0.65137,-1.176,8.466,-8.496,1.00464,0.22095,0.80737,-6.618,-10.084,-7.924,1005.62,63.696,benar
7,alam,5/22/2026,4:35:11 PM,1351250126,232670,0.84766,0.13306,0.60327,14.58,32.168,-1.107,1.16016,0.30127,0.74414,6.473,74.313,12.481,1005.63,63.677,benar
7,alam,5/22/2026,4:35:11 PM,1351250326,232870,0.84741,0.18823,0.83398,-27.527,4.076,-5.473,1.1001,0.2583,0.74756,-26.13,1.931,12.412,1005.63,63.677,benar
7,alam,5/22/2026,4:35:11 PM,1351250526,234070,0.92944,0.03174,0.56323,10.26,-19.145,1.458,1.01855,0.24268,0.48462,15.809,-19.176,-10.824,1005.62,63.696,benar
7,alam,5/22/2026,4:35:11 PM,1351250726,234270,0.6748,-0.07568,0.26343,17,-7.038,0.443,0.58447,0.09326,0.44458,22.84,-19.771,-13.45,1005.62,63.696,benar
7,alam,5/22/2026,4:35:11 PM,1351250926,234470,0.87744,0.23975,0.0459,40.107,-35.176,13.84,0.93921,0.37769,0.21777,20.237,19.519,11.229,1005.58,64.029,benar
7,alam,5/22/2026,4:35:12 PM,1351251126,233670,0.70654,0.09644,0.5625,-14.321,22.489,-1.87,1.09692,0.18506,0.72461,3.641,-44.473,13.779,1005.62,63.696,benar
7,alam,5/22/2026,4:35:12 PM,1351251326,233870,0.83984,-0.01099,0.59302,12.802,-43.397,9.252,1.06714,0.17627,0.62988,21.061,-30.908,-11.84,1005.62,63.696,benar
7,alam,5/22/2026,4:35:12 PM,1351251526,235070,0.62549,0.06934,0.35425,-4.145,5.389,36.122,0.8374,0.10303,0.28687,1.771,38.053,9.55,1005.58,64.029,benar
7,alam,5/22/2026,4:35:12 PM,1351251726,235270,1.01318,0.1001,0.35962,3.687,-8.076,-10.687,0.82666,0.15039,0.33789,8.832,22.107,11.42,1005.58,64.029,benar
7,alam,5/22/2026,4:35:12 PM,1351251926,235470,0.94971,0.02173,0.4397,-8.664,10.55,-7.817,0.95923,0.19336,0.44092,-2.137,-6.626,1.58,1005.56,64.23,benar
7,alam,5/22/2026,4:35:13 PM,1351252126,234670,0.92822,0.53027,0.26196,12.893,5.084,38.099,0.75586,0.54175,0.2439,-45.26,-13.298,39.901,1005.58,64.029,benar
7,alam,5/22/2026,4:35:13 PM,1351252326,234870,1.04834,-0.33057,0.34692,-63.489,21.893,-17.595,0.85205,-0.2915,0.44263,-55.573,21.603,-5.542,1005.58,64.029,benar
7,alam,5/22/2026,4:35:13 PM,1351252526,236070,0.97729,0.10815,0.37549,-4.504,37.336,-7.038,0.97192,0.22583,0.44385,7.45,13.237,3.13,1005.56,64.23,benar
7,alam,5/22/2026,4:35:13 PM,1351252726,236270,0.95801,0.13599,0.50952,1.901,55.87,15.565,1.04517,0.28198,0.73779,-28.977,66.534,5.336,1005.56,64.23,benar
7,alam,5/22/2026,4:35:13 PM,1351252926,236470,0.67139,0.05469,1.00366,-8.809,21.664,-17.298,0.94971,0.29346,0.73608,0.748,-33.137,-20.626,1005.62,63.692,benar
7,alam,5/22/2026,4:35:14 PM,1351253126,235670,1.01147,0.23267,0.5271,10.603,-21.122,8.603,1.09302,0.40381,0.39014,38.031,-26.809,-0.366,1005.56,64.23,benar
7,alam,5/22/2026,4:35:14 PM,1351253326,235870,0.98047,0.13525,0.39209,-21.405,-1.191,-7.092,1.01685,0.40015,0.29004,-1.366,29.947,7.916,1005.56,64.23,benar
7,alam,5/22/2026,4:35:14 PM,1351253526,237070,0.61914,0.3103,0.41675,7.427,-41.466,10.168,0.72437,0.63965,0.38208,27.58,-50.382,4.847,1005.62,63.692,benar
7,alam,5/22/2026,4:35:14 PM,1351253726,237270,1.08228,0.18726,0.16455,-39.695,-37.26,4.832,0.9375,0.38916,0.17139,-74.924,-1.29,45.214,1005.62,63.692,benar
7,alam,5/22/2026,4:35:14 PM,1351253926,237470,1.0647,-0.31909,0.19312,-130.443,8.122,-40.183,0.95068,-0.00342,0.12646,-155.718,-4.359,68.336,1005.62,63.687,berdiri
7,alam,5/22/2026,4:35:15 PM,1351254126,236670,0.7417,0.10254,0.66235,-16.573,-29.863,-34.145,0.90112,0.12915,0.59961,-21.198,-39.603,-4.985,1005.62,63.692,berdiri
7,alam,5/22/2026,4:35:15 PM,1351254326,236870,0.69165,0.05884,0.35767,5.359,-16.397,-2.214,0.64893,0.1731,0.54517,24.802,-13.443,-4.084,1005.62,63.692,berdiri
7,alam,5/22/2026,4:35:15 PM,1351254526,238070,1.0354,0.04468,0.22778,21.313,-12.931,-13.664,0.9646,0.25293,0.30859,54.115,-2.382,-30.84,1005.62,63.687,berdiri
7,alam,5/22/2026,4:35:15 PM,1351254726,238270,0.90039,0.26538,0.31738,31.588,14.534,5.237,0.84277,0.41528,0.27368,32.42,20.435,-15.947,1005.62,63.687,berdiri
7,alam,5/22/2026,4:35:15 PM,1351254926,238470,0.79102,0.34058,0.33423,-9.802,-4.725,-5.313,0.72266,0.49072,0.19775,-25.031,6.183,-16.939,1005.62,63.696,berdiri
7,alam,5/22/2026,4:35:16 PM,1351255126,237670,0.95581,-0.32056,0.19702,-43.344,21.924,-25.435,0.90283,-0.0564,0.22461,-38.504,-9.183,-12.939,1005.62,63.687,berdiri
7,alam,5/22/2026,4:35:16 PM,1351255326,237870,1.12842,-0.05103,0.20557,26.71,1.824,-18.588,0.91528,0.27808,0.2063,40.366,-9.802,-39.473,1005.62,63.687,berdiri
7,alam,5/22/2026,4:35:16 PM,1351255526,239070,0.97266,-0.03223,0.26025,-23.336,8.733,5.298,0.86646,0.19531,0.21289,-16.947,-0.863,6.489,1005.62,63.696,berdiri
7,alam,5/22/2026,4:35:16 PM,1351255726,239270,0.95605,-0.03418,0.30591,-24.023,0.618,-5.168,0.90112,0.24829,0.16797,13.023,-7.443,3.16,1005.62,63.696,berdiri
7,alam,5/22/2026,4:35:16 PM,1351255926,239470,0.94629,-0.04297,0.3064,-10.015,-6.557,1.58,0.75659,0.31445,0.26099,72.794,-2.847,-29.611,1005.62,63.74,berdiri
7,alam,5/22/2026,4:35:17 PM,1351256126,238670,0.93091,0.05005,0.23486,-82.763,-15.137,-20.771,0.83398,0.25708,0.3186,-60.489,7.16,24.725,1005.62,63.696,berdiri
7,alam,5/22/2026,4:35:17 PM,1351256326,238870,0.95703,0.05444,0.2373,-31.137,-3.588,8.855,0.948,0.20825,0.17798,-45.153,-3.847,18.359,1005.62,63.696,berdiri
7,alam,5/22/2026,4:35:17 PM,1351256526,240070,0.97632,-0.09351,0.26025,37.519,-1.344,-6.13,0.99561,0.23413,0.32642,-7.824,1.748,5.924,1005.62,63.74,berdiri
7,alam,5/22/2026,4:35:17 PM,1351256726,240270,0.9939,0.03613,0.21655,34.023,20.313,-6.573,0.95947,0.37427,0.17114,16.137,29.473,-29.725,1005.62,63.74,berdiri
7,alam,5/22/2026,4:35:17 PM,1351256926,240470,0.85303,0.29102,0.39136,45.153,29.557,6.55,0.81714,0.40918,0.20728,74.046,30.985,-29.053,1005.62,63.759,berdiri
7,alam,5/22/2026,4:35:18 PM,1351257126,239670,0.95679,0.02075,0.2561,5.076,9.603,6.427,0.9812,0.25464,0.18896,23.206,1.588,2.992,1005.62,63.74,benar
7,alam,5/22/2026,4:35:18 PM,1351257326,239870,0.96899,-0.07007,0.24658,2.023,4.542,8.176,0.94604,0.22998,0.22339,12.046,7.473,-1.45,1005.62,63.74,benar
7,alam,5/22/2026,4:35:18 PM,1351257526,241070,0.44238,-0.22583,0.38745,8.702,98.603,44.42,0.64673,0.5249,0.72998,94.336,40.824,-0.58,1005.62,63.759,benar
7,alam,5/22/2026,4:35:18 PM,1351257726,241270,0.5437,0.06763,1.11328,13.748,-0.878,5.603,1.01074,0.21948,0.83374,3.885,30.374,17.649,1005.62,63.759,benar
7,alam,5/22/2026,4:35:18 PM,1351257926,241470,0.82959,0.04517,0.75952,7.45,-34.244,1.26,1.04395,0.36108,0.75757,32.908,-14.405,1.802,1005.64,63.523,benar
7,alam,5/22/2026,4:35:19 PM,1351258126,240670,0.91577,0.43359,0.271,47.221,-6.779,43.58,0.79443,0.52612,0.23315,53.023,8.679,7.802,1005.62,63.759,benar
7,alam,5/22/2026,4:35:19 PM,1351258326,240870,0.64722,0.00781,0.16333,-40.023,74.603,13.763,0.78247,0.09961,0.66772,-114.977,82.053,23.305,1005.62,63.759,benar
7,alam,5/22/2026,4:35:19 PM,1351258526,242070,0.90161,0.03809,0.73022,-7.924,8.092,22.145,1.02393,0.39966,0.65747,-4.878,-33.725,1.969,1005.64,63.523,benar
7,alam,5/22/2026,4:35:19 PM,1351258726,242270,0.79614,-0.15674,0.68018,-14.542,-22.038,-14.603,0.9834,0.20996,0.53516,-30.176,-29.511,-0.244,1005.64,63.523,benar
7,alam,5/22/2026,4:35:19 PM,1351258926,242470,0.77295,0.05029,0.50854,-3.954,-25.176,-17.481,0.86792,0.28076,0.37817,4.809,-29.802,-2.992,1005.59,63.942,benar
7,alam,5/22/2026,4:35:20 PM,1351259126,241670,0.76147,0.09033,0.6543,-4.771,-1.099,-4.046,1.16504,0.25903,0.68652,16.42,1.076,-1.504,1005.64,63.523,benar
7,alam,5/22/2026,4:35:20 PM,1351259326,241870,0.86914,0.10938,0.58276,-0.382,24.626,13.977,1.15039,0.24707,0.5332,7.42,-10.13,11.702,1005.64,63.523,benar
7,alam,5/22/2026,4:35:20 PM,1351259526,243070,0.92993,-0.28369,0.20337,35.473,19.855,-7.298,1.18042,0.2605,0.06421,49.947,34.023,-30.206,1005.59,63.942,benar
7,alam,5/22/2026,4:35:20 PM,1351259726,243270,0.77246,0.45532,0.39551,8.13,16.489,0.397,0.55591,0.34399,0.30371,-53.229,51.397,3.992,1005.59,63.942,benar
7,alam,5/22/2026,4:35:20 PM,1351259926,243470,0.55518,0.00122,0.27759,-3.916,9.229,40.908,0.98438,0.63794,0.14185,14.168,-63.405,-20.565,1005.55,64.317,benar
7,alam,5/22/2026,4:35:21 PM,1351260126,242670,0.64429,0.07739,0.45386,9.183,-37.679,5.962,0.74438,0.20459,0.32129,24.519,-55.275,14.397,1005.59,63.942,benar
7,alam,5/22/2026,4:35:21 PM,1351260326,242870,0.98218,-0.07031,-0.02881,-28.076,3.924,-25.542,0.8999,-0.09912,0.14624,-59.679,2.313,-8.092,1005.59,63.942,benar
7,alam,5/22/2026,4:35:21 PM,1351260526,244070,1.0354,-0.00244,0.51758,-9.565,-13.275,-2.939,1.17358,0.23755,0.40454,-28.473,-5.588,-2.794,1005.55,64.317,benar
7,alam,5/22/2026,4:35:21 PM,1351260726,244270,0.95996,0.0564,0.4646,-4.672,15.855,-12.855,1.04126,0.22778,0.42432,-34.84,17.221,-14.931,1005.55,64.317,benar
7,alam,5/22/2026,4:35:21 PM,1351260926,244470,0.91211,0.06006,0.37524,-3.214,25.389,1.13,0.98511,0.33789,0.39185,4.366,22.847,1.595,1005.6,63.845,benar
7,alam,5/22/2026,4:35:22 PM,1351261126,243670,0.85156,0.03296,0.43896,-19.588,4.817,-7.038,0.99365,0.19141,0.41064,-21.809,5.511,11.405,1005.55,64.317,benar
7,alam,5/22/2026,4:35:22 PM,1351261326,243870,0.92993,0.05273,0.552,-14.031,-19.71,-5.802,1.08984,0.23535,0.42651,-4.061,9.504,8.389,1005.55,64.317,benar
7,alam,5/22/2026,4:35:22 PM,1351261526,245070,0.37988,-0.08716,1.02441,-7.74,29.16,10.847,0.79321,0.27197,1.02393,-5.779,-7.015,10.153,1005.6,63.845,benar
7,alam,5/22/2026,4:35:22 PM,1351261726,245270,0.31445,-0.0835,0.84937,-12,-16.947,-21.809,0.69482,0.0957,0.88745,-7.786,-54,-8.763,1005.6,63.845,benar
7,alam,5/22/2026,4:35:22 PM,1351261926,245470,0.34985,0.03491,0.5188,8.115,-71.122,-22.122,0.61768,0.28784,0.73901,31.863,-73.13,-18.244,1005.61,63.802,benar
7,alam,5/22/2026,4:35:23 PM,1351262126,244670,1.10791,0.0061,0.30322,18.298,61.443,6.885,1.06787,0.41553,0.59668,-16.84,54.061,-40.061,1005.6,63.845,benar
7,alam,5/22/2026,4:35:23 PM,1351262326,244870,0.65088,-0.01147,0.84814,-26.374,68.656,-16.756,0.94556,0.28076,0.96069,-50.229,82.031,16.969,1005.6,63.845,benar
7,alam,5/22/2026,4:35:23 PM,1351262526,246070,0.98682,-0.27173,0.17114,-43.824,-42.412,-40.672,0.92212,-0.00439,0.15112,-19.015,-38.962,-16.458,1005.61,63.802,berdiri
7,alam,5/22/2026,4:35:23 PM,1351262726,246270,1.02686,-0.13818,0.08789,-48.756,-29.198,-34.893,0.98438,0.08179,0.12939,-45.763,-26.061,-4.053,1005.61,63.802,berdiri
7,alam,5/22/2026,4:35:23 PM,1351262926,246470,0.93774,0.07935,0.14331,-47.817,12.466,-44.863,0.97925,0.21191,0.13403,-64.748,29.511,17.756,1005.64,63.586,berdiri
7,alam,5/22/2026,4:35:24 PM,1351263126,245670,0.55225,0.30713,0.45654,18.115,-74.359,5.435,0.77515,0.52197,0.4856,-39.344,-89.634,8.779,1005.61,63.802,berdiri
7,alam,5/22/2026,4:35:24 PM,1351263326,245870,0.9248,-0.10669,0.28198,-81.137,-40.824,-15.985,1.052,0.10522,0.18823,-93.695,-44.008,76.191,1005.61,63.802,berdiri
7,alam,5/22/2026,4:35:24 PM,1351263526,247070,0.9895,0.14819,0.21802,-6.053,-4.969,-15.87,0.93872,0.24072,0.20605,-7.137,-3.282,7.168,1005.64,63.586,berdiri
7,alam,5/22/2026,4:35:24 PM,1351263726,247270,0.98779,0.14087,0.18628,3.855,-2.771,0.679,0.92627,0.21387,0.15381,5.191,-6.176,-9.672,1005.64,63.586,berdiri
7,alam,5/22/2026,4:35:24 PM,1351263926,247470,1.02344,0.11938,0.16602,18.389,8.649,7.382,0.98462,0.25684,0.14478,24.061,8.267,-21.435,1005.64,63.538,berdiri
7,alam,5/22/2026,4:35:25 PM,1351264126,246670,0.94995,0.17871,0.27295,-7.885,-1.802,-4.473,0.91431,0.32031,0.21484,-9.771,2.489,-0.359,1005.64,63.586,salah
7,alam,5/22/2026,4:35:25 PM,1351264326,246870,0.9624,0.19092,0.26123,-1.809,-6.87,0.191,0.89917,0.29688,0.14014,-3.145,-7.427,4.298,1005.64,63.586,salah
7,alam,5/22/2026,4:35:25 PM,1351264526,248070,0.99731,0.09937,0.13208,-14.603,39.969,43.519,1.31494,0.12939,0.3208,-27.107,68.893,67.351,1005.64,63.538,salah
7,alam,5/22/2026,4:35:25 PM,1351264726,248270,0.50244,-0.11133,0.16724,-6.069,158.626,65.015,0.98511,-0.18286,0.38672,-36.183,165.305,54.313,1005.64,63.538,salah
7,alam,5/22/2026,4:35:25 PM,1351264926,248470,-0.05371,-0.19458,0.67236,52.878,151.191,65.237,0.46338,0.38135,1.27246,43.244,160.313,17.344,1005.65,63.509,salah
7,alam,5/22/2026,4:35:26 PM,1351265126,247670,0.9729,0.25171,0.18726,71.282,50,17.443,0.84497,0.39331,0.1731,69.206,52.061,-38.84,1005.64,63.538,salah
7,alam,5/22/2026,4:35:26 PM,1351265326,247870,0.82153,0.48413,0.31616,44.58,36.29,47.153,0.74585,0.55054,0.12891,35.977,18.924,7.832,1005.64,63.538,salah
7,alam,5/22/2026,4:35:26 PM,1351265526,249070,-0.52686,-0.16797,0.78345,2.55,-20.947,0.573,0.16333,-0.14526,1.42334,11.916,-25.527,-3.817,1005.65,63.509,salah
7,alam,5/22/2026,4:35:26 PM,1351265726,249270,-0.38818,-0.06226,0.92847,-5.237,-34.16,-10.565,0.23535,-0.13867,1.44189,11.679,-62.198,5.176,1005.65,63.509,salah
7,alam,5/22/2026,4:35:26 PM,1351265926,249470,-0.3125,-0.08765,0.97412,-0.183,-51.542,-2.328,0.53198,0.12183,1.15479,28.794,-99.29,-19.847,1005.61,63.813,salah
7,alam,5/22/2026,4:35:27 PM,1351266126,248670,-0.58179,-0.03638,0.97314,-46.74,62.275,4.153,0.16626,0.02368,1.53979,-23.313,69,26.802,1005.65,63.509,salah
7,alam,5/22/2026,4:35:27 PM,1351266326,248870,-0.61304,-0.1145,0.88281,-6.229,26.252,3.802,0.04785,-0.04297,1.51904,-15.679,22.511,7.595,1005.65,63.509,salah
7,alam,5/22/2026,4:35:27 PM,1351266526,250070,0.84546,-0.22388,0.28467,24.824,-1.038,5.191,1.06055,0.02075,0.35938,33.489,13.481,-4.611,1005.61,63.813,salah
7,alam,5/22/2026,4:35:27 PM,1351266726,250270,1.03638,-0.17725,0.47705,61.305,37.855,12.008,0.74536,0.19067,0.46362,29.916,121.595,-29.534,1005.61,63.813,salah
7,alam,5/22/2026,4:35:27 PM,1351266926,250470,0.59814,0.34888,0.41431,-11.595,53.992,4.847,0.55249,0.71387,0.64624,-58.718,83.916,9.802,1005.58,64.053,salah
7,alam,5/22/2026,4:35:28 PM,1351267126,249670,-0.01196,0.05273,0.73413,-1.832,-128.092,-3.832,0.76904,0.26855,0.85498,7.702,-131.809,-13.26,1005.61,63.813,salah
7,alam,5/22/2026,4:35:28 PM,1351267326,249870,0.50293,-0.11108,0.38159,-45.802,-97.817,-46.359,0.95044,-0.17944,0.45215,-88.031,-55.084,6.267,1005.61,63.813,salah
7,alam,5/22/2026,4:35:28 PM,1351267526,251070,-0.26025,-0.07471,0.91943,-1.267,29.687,-1.649,0.30371,-0.09814,1.43213,-3,27.504,8.649,1005.58,64.053,salah
7,alam,5/22/2026,4:35:28 PM,1351267726,251270,-0.24927,-0.08545,0.85571,-8.069,19.931,-9.092,0.20679,-0.06177,1.43457,2.244,17.45,-1.863,1005.58,64.053,salah
7,alam,5/22/2026,4:35:28 PM,1351267926,251470,-0.39917,-0.07837,0.81812,13.832,9.427,-8.534,0.14307,-0.04126,1.44019,6.519,-1.481,-5,1005.59,63.942,salah
7,alam,5/22/2026,4:35:29 PM,1351268126,250670,0.23096,-0.21021,0.56689,-23.573,66.809,-19.534,0.67554,0.03003,0.99194,-66.275,144.115,55.359,1005.58,64.053,salah
7,alam,5/22/2026,4:35:29 PM,1351268326,250870,-0.04858,-0.17407,1.01904,-26.771,80.908,1.26,0.4043,0.00342,1.3147,-32.427,82.382,20.145,1005.58,64.053,salah
7,alam,5/22/2026,4:35:29 PM,1351268526,252070,0.19946,0.02051,0.54639,-6.84,-130.107,2.611,0.74023,0.26855,0.66553,14.733,-116.863,-20.443,1005.59,63.942,salah
7,alam,5/22/2026,4:35:29 PM,1351268726,252270,0.19946,0.02051,0.54639,-6.84,-130.107,2.611,0.74023,0.26855,0.66553,14.733,-116.863,-20.443,1005.59,63.942,salah
7,alam,5/22/2026,4:35:29 PM,1351268926,252470,0.67773,-0.01563,0.31982,-52.748,-101.725,-36.076,0.95093,0.25781,0.37744,-32.16,-82.748,24.679,1005.59,63.942,salah
7,alam,5/22/2026,4:35:30 PM,1351269126,251670,-0.35986,-0.09131,0.91357,5.298,-1.069,-5.481,0.16821,-0.03955,1.48267,10.527,-35.779,-8.939,1005.59,63.942,salah
7,alam,5/22/2026,4:35:30 PM,1351269326,251870,-0.38867,-0.05103,1.08008,3.916,-66.084,-5.061,0.6333,0.12598,0.96167,24.534,-135.992,-20.191,1005.59,63.942,berdiri
7,alam,5/22/2026,4:35:30 PM,1351269526,253070,1.00366,-0.2771,0.06323,-12.45,1.931,-23.695,1.44141,0.44067,0.07983,-4.244,-45.763,-22.985,1005.59,63.942,berdiri
7,alam,5/22/2026,4:35:30 PM,1351269726,253270,0.95117,0.15942,0.2937,44.534,13.489,-8.557,0.83521,0.54956,0.09912,26.908,33.565,-42.092,1005.59,63.942,berdiri
7,alam,5/22/2026,4:35:30 PM,1351269926,253470,0.89551,0.41284,0.2561,53.275,14,26.351,0.76001,0.51245,0.09595,38.802,2.916,-5.237,1005.61,63.813,berdiri
7,alam,5/22/2026,4:35:31 PM,1351270126,252670,0.83887,0.3374,0.35254,0.771,-13.611,24.725,1.01685,0.47119,0.26196,-0.366,-22.687,26.603,1005.59,63.942,berdiri
7,alam,5/22/2026,4:35:31 PM,1351270326,252870,1.00586,-0.29956,0.12109,-57.198,-16.45,-18.069,0.91846,-0.02148,0.12207,-16.267,-27.244,-5.947,1005.59,63.942,berdiri
7,alam,5/22/2026,4:35:31 PM,1351270526,254070,0.94751,-0.2771,0.30908,-34.71,2.603,-6.771,0.88525,-0.01855,0.10156,-3.542,-12.855,10.901,1005.61,63.813,benar
7,alam,5/22/2026,4:35:31 PM,1351270726,254270,1.15479,-0.10205,0.30957,16.992,-5.664,-4.824,0.87671,0.24097,0.16113,22.275,-2.389,-17.603,1005.61,63.813,benar
7,alam,5/22/2026,4:35:31 PM,1351270926,254470,1.06006,0.04541,0.23584,16.634,9.389,-6.282,0.92334,0.27246,0.13281,32.023,28.038,-18.611,1005.63,63.601,benar
7,alam,5/22/2026,4:35:32 PM,1351271126,253670,0.93628,0.11206,0.29736,53.405,46.893,4.412,0.86377,0.3811,0.28784,61.038,57.87,-28.397,1005.61,63.813,benar
7,alam,5/22/2026,4:35:32 PM,1351271326,253870,1.01489,0.0144,0.28198,-12.656,0.084,19.84,0.94043,0.2854,0.21875,7.794,-2.74,19.672,1005.61,63.813,benar
7,alam,5/22/2026,4:35:32 PM,1351271526,255070,0.53638,-0.22974,0.32397,-46.191,54.321,-11.771,0.67847,0.18018,0.53516,-27.145,20.45,15.137,1005.63,63.601,benar
7,alam,5/22/2026,4:35:32 PM,1351271726,255270,0.49438,-0.17285,0.35303,-4.824,18.786,13.252,0.74512,0.1123,0.66333,-43.115,46.58,10.382,1005.63,63.601,benar
7,alam,5/22/2026,4:35:32 PM,1351271926,255470,0.66406,-0.03857,0.94165,15.931,-3.679,17.168,0.92505,0.12988,0.7522,66.779,12.153,1.573,1005.6,63.845,benar
7,alam,5/22/2026,4:35:33 PM,1351272126,254670,0.74072,0.13892,0.64453,-22.496,-49.679,4.237,0.96582,0.10278,0.73901,6.153,-13.069,42.336,1005.63,63.601,benar
7,alam,5/22/2026,4:35:33 PM,1351272326,254870,0.77783,0.56152,0.47559,23.359,34.756,12.885,0.74805,0.64526,0.37939,-47.29,13.794,32.702,1005.63,63.601,benar
7,alam,5/22/2026,4:35:33 PM,1351272526,256070,0.94385,-0.0498,0.25879,-7.344,16.481,-17.137,0.96802,0.14429,0.32983,-9.893,9.282,-5.084,1005.6,63.845,benar
7,alam,5/22/2026,4:35:33 PM,1351272726,256270,1.13794,0.09229,0.61426,-25.061,30.061,-14.115,1.12402,0.23438,0.32275,-47.992,20.374,4.29,1005.6,63.845,benar
7,alam,5/22/2026,4:35:33 PM,1351272926,256470,0.89136,0.04834,0.70581,16.061,-5.794,23.336,0.93994,0.28979,0.47144,1.573,-24.145,3.13,1005.59,63.956,benar
7,alam,5/22/2026,4:35:34 PM,1351273126,255670,0.9209,-0.13135,0.41431,-9.969,-36.847,-14.817,0.92896,0.12744,0.37427,-20.763,-21.45,-0.053,1005.6,63.845,benar
7,alam,5/22/2026,4:35:34 PM,1351273326,255870,1.11597,0.01514,0.68457,15.687,0.489,22.992,1.21216,0.22803,0.5979,46.244,-26.542,-14.427,1005.6,63.845,benar
7,alam,5/22/2026,4:35:34 PM,1351273526,257070,0.53394,-0.09131,0.0686,19.473,-32.412,-3.603,0.5542,0.11987,0.41211,26.84,-22.466,-5.748,1005.59,63.956,benar
7,alam,5/22/2026,4:35:34 PM,1351273726,257270,1.01709,0.14453,0.2522,6.092,27.336,-14.901,0.80713,0.43115,0.26587,11.221,36.321,-14.176,1005.59,63.956,benar
7,alam,5/22/2026,4:35:34 PM,1351273926,257470,0.88208,0.38843,0.26099,-13.275,2.115,9.046,0.80249,0.58325,0.24854,-39.832,5.13,17.053,1005.55,64.309,benar
7,alam,5/22/2026,4:35:35 PM,1351274126,256670,0.48779,-0.25269,0.36279,-42.71,14.985,-11.817,0.65942,-0.11914,0.20776,-33.893,11.107,13.42,1005.59,63.956,benar
7,alam,5/22/2026,4:35:35 PM,1351274326,256870,0.93677,0.03589,0.42554,-3.641,0.931,-14.305,0.87866,0.17651,0.19995,-2.573,10.229,-2.275,1005.59,63.956,benar
7,alam,5/22/2026,4:35:35 PM,1351274526,258070,0.77393,0.01367,0.52441,5.656,41.069,2.023,0.97021,0.48364,0.5144,-0.489,4.267,-4.244,1005.55,64.309,benar
7,alam,5/22/2026,4:35:35 PM,1351274726,258270,0.9436,-0.04639,0.61035,-4.817,-2.634,-5.115,1.10376,0.18457,0.60352,8.809,6.115,5.153,1005.55,64.309,benar
7,alam,5/22/2026,4:35:35 PM,1351274926,258470,0.93457,0.0896,0.34668,20.496,11.985,8.252,1.01367,0.27295,0.55225,28.718,50.672,6.565,1005.57,64.115,benar
7,alam,5/22/2026,4:35:36 PM,1351275126,257670,0.9353,0.04053,0.50098,-8.954,35.603,7.076,1.04614,0.41309,0.83936,-0.756,39.74,-0.695,1005.55,64.309,benar
7,alam,5/22/2026,4:35:36 PM,1351275326,257870,0.77686,-0.1228,0.49097,0.725,-14.466,-4.87,1.07788,0.22705,0.45044,-22.794,43.939,14.29,1005.55,64.309,benar
7,alam,5/22/2026,4:35:36 PM,1351275526,259070,0.59595,-0.14697,0.87305,-4.191,40.389,-17.382,0.91431,0.09399,0.89014,-37.878,-12.534,-16.74,1005.57,64.115,benar
7,alam,5/22/2026,4:35:36 PM,1351275726,259270,0.55444,0.0686,0.75757,5.336,-7.046,-11.908,0.86621,0.21948,0.78467,-8.069,-37.771,-16.145,1005.57,64.115,benar
7,alam,5/22/2026,4:35:36 PM,1351275926,259470,0.42041,-0.02344,0.73755,-36.634,-41.542,-32.702,0.50439,0.19995,0.70557,-13.412,-44.809,-26.763,1005.6,63.87,benar
7,alam,5/22/2026,4:35:37 PM,1351276126,258670,0.44971,0.30103,0.42383,-36.855,-81.389,-57.107,0.82788,0.4209,0.64063,-74.107,-102.718,14,1005.57,64.115,berdiri
7,alam,5/22/2026,4:35:37 PM,1351276326,258870,0.93848,-0.10034,0.69824,-13.824,58.977,-3.924,0.9939,0.10181,0.91821,-28.969,47.977,-5.977,1005.57,64.115,berdiri
7,alam,5/22/2026,4:35:37 PM,1351276526,260070,1.10352,-0.15576,0.16138,-96.061,-20.092,-10.718,0.96118,0.12085,0.07666,-90.664,5.916,45.74,1005.6,63.87,berdiri
7,alam,5/22/2026,4:35:37 PM,1351276726,260270,0.9585,-0.15356,0.15967,-41.466,3.351,-47.206,0.91357,0.03809,0.05664,-54.763,-22.74,-10.29,1005.6,63.87,berdiri
7,alam,5/22/2026,4:35:37 PM,1351276926,260470,1.50439,0.15454,-0.30737,-3.672,-6.58,-29.679,0.86963,0.0188,0.48413,-63.359,-70.672,-41.092,1005.58,64.023,berdiri
7,alam,5/22/2026,4:35:38 PM,1351277126,259670,0.88232,0.17407,0.38501,10.435,14.725,-12.313,0.88062,0.49097,0.31934,26.115,-5.626,-28.412,1005.6,63.87,berdiri
7,alam,5/22/2026,4:35:38 PM,1351277326,259870,0.87842,-0.04663,0.32251,-28.847,-36.649,21.366,0.82056,0.27246,0.43408,46.786,-41.42,9.466,1005.6,63.87,berdiri
7,alam,5/22/2026,4:35:38 PM,1351277526,261070,0.85229,0.38721,0.3064,-64.313,-30.695,-6.771,1.12012,0.33789,0.24976,-61.748,-43.191,44.863,1005.58,64.023,berdiri
7,alam,5/22/2026,4:35:38 PM,1351277726,261270,1.0293,0.03735,0.17456,-69.771,-32.786,1.229,0.98438,0.20801,0.25952,-106.099,-46.405,38.084,1005.58,64.023,berdiri
7,alam,5/22/2026,4:35:38 PM,1351277926,261470,1.05469,-0.24536,0.23364,-46.824,-5.573,-31.939,0.96118,0.03711,-0.0188,-26.489,-0.618,22.275,1005.6,63.86,berdiri
7,alam,5/22/2026,4:35:39 PM,1351278126,260670,1.00732,-0.14795,0.16089,-6.519,0.71,-6.634,0.93994,0.0249,0.08105,23.954,5.977,3.443,1005.58,64.023,berdiri
7,alam,5/22/2026,4:35:39 PM,1351278326,260870,0.84326,0.34912,0.32642,-6.198,9.725,-16.069,0.80884,0.47729,0.21362,-17.145,-4.84,2.55,1005.58,64.023,berdiri
7,alam,5/22/2026,4:35:39 PM,1351278526,262070,1.05347,-0.09424,0.10498,96.061,36.412,50.069,0.97461,0.18335,0.20703,112.015,67.71,-40.275,1005.6,63.86,berdiri
7,alam,5/22/2026,4:35:39 PM,1351278726,262270,0.92285,0.23047,0.43457,135.679,39.855,51.176,0.93921,0.34521,0.18066,98.58,42.481,-45.206,1005.6,63.86,berdiri
7,alam,5/22/2026,4:35:39 PM,1351278926,262470,0.85352,0.20435,0.31494,104.229,-10.695,45.901,0.81714,0.48608,0.17407,111.031,3.809,-28.634,1005.61,63.822,berdiri
7,alam,5/22/2026,4:35:40 PM,1351279126,261670,0.98389,0.26196,0.1792,57.779,-2.046,39.221,0.84033,0.37842,0.15308,58.214,43.763,14.771,1005.6,63.86,berdiri
7,alam,5/22/2026,4:35:40 PM,1351279326,261870,1.06177,-0.11719,0.12183,74.733,-4.985,33.916,0.96899,0.09302,0.08496,62.679,16.687,-18.405,1005.6,63.86,berdiri
7,alam,5/22/2026,4:35:40 PM,1351279526,263070,1.02905,-0.02954,0.27637,32.137,3.481,24.443,1.01367,0.34473,0.50903,47.954,5.977,-7.977,1005.61,63.822,berdiri
7,alam,5/22/2026,4:35:40 PM,1351279726,263270,0.94312,0.03003,0.36206,-6.046,18.863,-23.382,0.86401,0.29907,0.2439,-3.359,11.382,-3.214,1005.61,63.822,berdiri
7,alam,5/22/2026,4:35:40 PM,1351279926,263470,0.86963,0.12036,0.39209,-0.374,1.87,-8.565,0.88354,0.3584,0.24854,22.107,1.237,-6.656,1005.59,63.937,berdiri
7,alam,5/22/2026,4:35:41 PM,1351280126,262670,0.96362,0.17432,0.29736,22.084,-9.382,-8.076,0.90015,0.28223,0.22583,13.557,2.84,-15.015,1005.61,63.822,berdiri
7,alam,5/22/2026,4:35:41 PM,1351280326,262870,1.08789,0.01392,0.26025,52.672,17.817,34.939,0.92725,0.17847,0.07813,30.466,12.84,10.748,1005.61,63.822,berdiri
7,alam,5/22/2026,4:35:41 PM,1351280526,264070,1.08789,0.01392,0.26025,52.672,17.817,34.939,0.92725,0.17847,0.07813,30.466,12.84,10.748,1005.59,63.937,berdiri
7,alam,5/22/2026,4:35:41 PM,1351280726,264270,1.08789,0.01392,0.26025,52.672,17.817,34.939,0.92725,0.17847,0.07813,30.466,12.84,10.748,1005.59,63.937,berdiri
