datetime,epoch_ms,ts_millis,sensor,temperature_c,pressure_hpa,altitude_m
2026-06-01 13:07:40.057,2202799513,7057,BME280,28.19,1007.26,49.95
2026-06-01 13:07:41.257,2202800713,7257,BME280,28.19,1007.26,49.95
2026-06-01 13:07:41.457,2202800913,7457,BME280,28.19,1007.3,49.69
2026-06-01 13:07:41.657,2202801113,7657,BME280,28.19,1007.3,49.69
2026-06-01 13:07:44.275,2202803731,10275,BME280,28.19,1007.27,49.945
2026-06-01 13:07:44.475,2202803931,10475,BME280,28.19,1007.27,49.945
2026-06-01 13:07:44.675,2202804131,10675,BME280,28.19,1007.27,49.945
2026-06-01 13:07:44.875,2202804331,10875,BME280,28.19,1007.27,49.945
2026-06-01 13:07:44.075,2202803531,11075,BME280,28.19,1007.27,49.945
2026-06-01 13:07:45.275,2202804731,11275,BME280,28.19,1007.28,49.79
2026-06-01 13:07:45.475,2202804931,11475,BME280,28.19,1007.28,49.79
2026-06-01 13:07:45.675,2202805131,11675,BME280,28.19,1007.28,49.79
2026-06-01 13:07:45.875,2202805331,11875,BME280,28.19,1007.28,49.79
2026-06-01 13:07:45.075,2202804531,12075,BME280,28.19,1007.28,49.79
2026-06-01 13:07:46.275,2202805731,12275,BME280,28.19,1007.26,49.96
2026-06-01 13:07:46.475,2202805931,12475,BME280,28.19,1007.26,49.96
2026-06-01 13:07:46.675,2202806131,12675,BME280,28.19,1007.26,49.96
2026-06-01 13:07:46.875,2202806331,12875,BME280,28.19,1007.26,49.96
2026-06-01 13:07:46.075,2202805531,13075,BME280,28.19,1007.26,49.96
2026-06-01 13:07:47.275,2202806731,13275,BME280,28.19,1007.28,49.816
2026-06-01 13:07:47.475,2202806931,13475,BME280,28.19,1007.28,49.816
2026-06-01 13:07:47.675,2202807131,13675,BME280,28.19,1007.28,49.816
2026-06-01 13:07:47.875,2202807331,13875,BME280,28.19,1007.28,49.816
2026-06-01 13:07:47.075,2202806531,14075,BME280,28.19,1007.28,49.816
2026-06-01 13:07:48.275,2202807731,14275,BME280,28.19,1007.29,49.719
2026-06-01 13:07:48.475,2202807931,14475,BME280,28.19,1007.29,49.719
2026-06-01 13:07:48.675,2202808131,14675,BME280,28.19,1007.29,49.719
2026-06-01 13:07:48.875,2202808331,14875,BME280,28.19,1007.29,49.719
2026-06-01 13:07:48.075,2202807531,15075,BME280,28.19,1007.29,49.719
2026-06-01 13:07:49.275,2202808731,15275,BME280,28.18,1007.28,49.839
2026-06-01 13:07:52.357,2202811813,18357,BME280,28.18,1007.25,50.074
2026-06-01 13:07:52.557,2202812013,18557,BME280,28.18,1007.25,50.074
2026-06-01 13:07:52.757,2202812213,18757,BME280,28.18,1007.25,50.074
2026-06-01 13:07:52.957,2202812413,18957,BME280,28.18,1007.25,50.074
2026-06-01 13:07:52.157,2202811613,19157,BME280,28.18,1007.25,50.074
2026-06-01 13:07:53.357,2202812813,19357,BME280,28.18,1007.27,49.916
2026-06-01 13:07:53.557,2202813013,19557,BME280,28.18,1007.27,49.916
2026-06-01 13:07:53.757,2202813213,19757,BME280,28.18,1007.27,49.916
2026-06-01 13:07:53.957,2202813413,19957,BME280,28.18,1007.27,49.916
2026-06-01 13:07:53.157,2202812613,20157,BME280,28.18,1007.27,49.916
2026-06-01 13:07:54.357,2202813813,20357,BME280,28.19,1007.27,49.906
2026-06-01 13:07:54.557,2202814013,20557,BME280,28.19,1007.27,49.906
2026-06-01 13:07:54.757,2202814213,20757,BME280,28.19,1007.27,49.906
2026-06-01 13:07:54.957,2202814413,20957,BME280,28.19,1007.27,49.906
2026-06-01 13:07:54.157,2202813613,21157,BME280,28.19,1007.27,49.906
2026-06-01 13:07:55.357,2202814813,21357,BME280,28.18,1007.27,49.88
2026-06-01 13:07:55.557,2202815013,21557,BME280,28.18,1007.27,49.88
2026-06-01 13:07:55.757,2202815213,21757,BME280,28.18,1007.27,49.88
2026-06-01 13:07:55.957,2202815413,21957,BME280,28.18,1007.27,49.88
2026-06-01 13:07:55.157,2202814613,22157,BME280,28.18,1007.27,49.88
2026-06-01 13:07:56.357,2202815813,22357,BME280,28.18,1007.26,49.974
2026-06-01 13:07:56.557,2202816013,22557,BME280,28.18,1007.26,49.974
2026-06-01 13:07:56.757,2202816213,22757,BME280,28.18,1007.26,49.974
2026-06-01 13:07:56.957,2202816413,22957,BME280,28.18,1007.26,49.974
2026-06-01 13:07:56.157,2202815613,23157,BME280,28.18,1007.26,49.974
2026-06-01 13:07:57.357,2202816813,23357,BME280,28.18,1007.24,50.125
2026-06-01 13:07:57.557,2202817013,23557,BME280,28.18,1007.24,50.125
2026-06-01 13:07:57.757,2202817213,23757,BME280,28.18,1007.24,50.125
2026-06-01 13:07:57.957,2202817413,23957,BME280,28.18,1007.24,50.125
2026-06-01 13:07:57.157,2202816613,24157,BME280,28.18,1007.24,50.125
2026-06-01 13:07:58.357,2202817813,24357,BME280,28.19,1007.26,49.965
2026-06-01 13:07:58.557,2202818013,24557,BME280,28.19,1007.26,49.965
2026-06-01 13:07:58.757,2202818213,24757,BME280,28.19,1007.26,49.965
2026-06-01 13:07:58.957,2202818413,24957,BME280,28.19,1007.26,49.965
2026-06-01 13:07:58.157,2202817613,25157,BME280,28.19,1007.26,49.965
2026-06-01 13:07:59.357,2202818813,25357,BME280,28.17,1007.25,50.063
2026-06-01 13:07:59.557,2202819013,25557,BME280,28.17,1007.25,50.063
2026-06-01 13:07:59.757,2202819213,25757,BME280,28.17,1007.25,50.063
2026-06-01 13:07:59.957,2202819413,25957,BME280,28.17,1007.25,50.063
2026-06-01 13:07:59.157,2202818613,26157,BME280,28.17,1007.25,50.063
2026-06-01 13:08:00.357,2202819813,26357,BME280,28.17,1007.25,50.043
2026-06-01 13:08:00.557,2202820013,26557,BME280,28.17,1007.25,50.043
2026-06-01 13:08:00.757,2202820213,26757,BME280,28.17,1007.25,50.043
2026-06-01 13:08:00.957,2202820413,26957,BME280,28.17,1007.25,50.043
2026-06-01 13:08:00.157,2202819613,27157,BME280,28.17,1007.25,50.043
2026-06-01 13:08:01.357,2202820813,27357,BME280,28.17,1007.3,49.639
2026-06-01 13:08:01.557,2202821013,27557,BME280,28.17,1007.3,49.639
2026-06-01 13:08:01.757,2202821213,27757,BME280,28.17,1007.3,49.639
2026-06-01 13:08:01.957,2202821413,27957,BME280,28.17,1007.3,49.639
2026-06-01 13:08:01.157,2202820613,28157,BME280,28.17,1007.3,49.639
2026-06-01 13:08:02.357,2202821813,28357,BME280,28.18,1007.26,50.017
2026-06-01 13:08:02.557,2202822013,28557,BME280,28.18,1007.26,50.017
2026-06-01 13:08:02.757,2202822213,28757,BME280,28.18,1007.26,50.017
2026-06-01 13:08:02.957,2202822413,28957,BME280,28.18,1007.26,50.017
2026-06-01 13:08:02.157,2202821613,29157,BME280,28.18,1007.26,50.017
2026-06-01 13:08:03.357,2202822813,29357,BME280,28.18,1007.29,49.713
2026-06-01 13:08:03.557,2202823013,29557,BME280,28.18,1007.29,49.713
2026-06-01 13:08:03.757,2202823213,29757,BME280,28.18,1007.29,49.713
2026-06-01 13:08:03.957,2202823413,29957,BME280,28.18,1007.29,49.713
2026-06-01 13:08:03.157,2202822613,30157,BME280,28.18,1007.29,49.713
2026-06-01 13:08:04.357,2202823813,30357,BME280,28.17,1007.24,50.163
2026-06-01 13:08:04.557,2202824013,30557,BME280,28.17,1007.24,50.163
2026-06-01 13:08:04.757,2202824213,30757,BME280,28.17,1007.24,50.163
2026-06-01 13:08:04.957,2202824413,30957,BME280,28.17,1007.24,50.163
2026-06-01 13:08:04.157,2202823613,31157,BME280,28.17,1007.24,50.163
2026-06-01 13:08:05.357,2202824813,31357,BME280,28.17,1007.23,50.201
2026-06-01 13:08:05.557,2202825013,31557,BME280,28.17,1007.23,50.201
2026-06-01 13:08:05.757,2202825213,31757,BME280,28.17,1007.23,50.201
2026-06-01 13:08:05.957,2202825413,31957,BME280,28.17,1007.23,50.201
2026-06-01 13:08:05.157,2202824613,32157,BME280,28.17,1007.23,50.201
2026-06-01 13:08:06.357,2202825813,32357,BME280,28.18,1007.26,49.954
2026-06-01 13:08:06.557,2202826013,32557,BME280,28.18,1007.26,49.954
2026-06-01 13:08:06.757,2202826213,32757,BME280,28.18,1007.26,49.954
2026-06-01 13:08:06.957,2202826413,32957,BME280,28.18,1007.26,49.954
2026-06-01 13:08:06.157,2202825613,33157,BME280,28.18,1007.26,49.954
2026-06-01 13:08:07.357,2202826813,33357,BME280,28.17,1007.26,49.971
2026-06-01 13:08:07.557,2202827013,33557,BME280,28.17,1007.26,49.971
2026-06-01 13:08:07.757,2202827213,33757,BME280,28.17,1007.26,49.971
2026-06-01 13:08:07.957,2202827413,33957,BME280,28.17,1007.26,49.971
2026-06-01 13:08:07.157,2202826613,34157,BME280,28.19,1007.26,49.965
2026-06-01 13:08:08.357,2202827813,34357,BME280,28.19,1007.26,49.965
2026-06-01 13:08:08.557,2202828013,34557,BME280,28.19,1007.26,49.965
2026-06-01 13:08:08.757,2202828213,34757,BME280,28.19,1007.26,49.965
2026-06-01 13:08:08.957,2202828413,34957,BME280,28.19,1007.26,49.965
2026-06-01 13:08:08.157,2202827613,35157,BME280,28.18,1007.26,49.983
2026-06-01 13:08:09.357,2202828813,35357,BME280,28.18,1007.26,49.983
2026-06-01 13:08:09.557,2202829013,35557,BME280,28.18,1007.26,49.983
2026-06-01 13:08:09.757,2202829213,35757,BME280,28.18,1007.26,49.983
2026-06-01 13:08:09.957,2202829413,35957,BME280,28.18,1007.26,49.983
2026-06-01 13:08:09.157,2202828613,36157,BME280,28.19,1007.28,49.834
2026-06-01 13:08:10.357,2202829813,36357,BME280,28.19,1007.28,49.834
2026-06-01 13:08:10.557,2202830013,36557,BME280,28.19,1007.28,49.834
2026-06-01 13:08:10.757,2202830213,36757,BME280,28.19,1007.28,49.834
2026-06-01 13:08:10.957,2202830413,36957,BME280,28.19,1007.28,49.834
2026-06-01 13:08:10.157,2202829613,37157,BME280,28.17,1007.27,49.927
2026-06-01 13:08:11.357,2202830813,37357,BME280,28.17,1007.27,49.927
2026-06-01 13:08:11.557,2202831013,37557,BME280,28.17,1007.27,49.927
2026-06-01 13:08:11.757,2202831213,37757,BME280,28.17,1007.27,49.927
2026-06-01 13:08:11.957,2202831413,37957,BME280,28.17,1007.27,49.927
2026-06-01 13:08:11.157,2202830613,38157,BME280,28.18,1007.25,50.068
2026-06-01 13:08:12.357,2202831813,38357,BME280,28.18,1007.25,50.068
2026-06-01 13:08:12.557,2202832013,38557,BME280,28.18,1007.25,50.068
2026-06-01 13:08:12.757,2202832213,38757,BME280,28.18,1007.25,50.068
2026-06-01 13:08:12.957,2202832413,38957,BME280,28.18,1007.25,50.068
2026-06-01 13:08:12.157,2202831613,39157,BME280,28.17,1007.24,50.139
2026-06-01 13:08:13.357,2202832813,39357,BME280,28.17,1007.24,50.139
2026-06-01 13:08:13.557,2202833013,39557,BME280,28.17,1007.24,50.139
2026-06-01 13:08:13.757,2202833213,39757,BME280,28.17,1007.24,50.139
2026-06-01 13:08:13.957,2202833413,39957,BME280,28.17,1007.24,50.139
2026-06-01 13:08:13.157,2202832613,40157,BME280,28.17,1007.25,50.115
2026-06-01 13:08:14.357,2202833813,40357,BME280,28.17,1007.25,50.115
2026-06-01 13:08:14.557,2202834013,40557,BME280,28.17,1007.25,50.115
2026-06-01 13:08:14.757,2202834213,40757,BME280,28.17,1007.25,50.115
2026-06-01 13:08:14.957,2202834413,40957,BME280,28.17,1007.25,50.115
2026-06-01 13:08:14.157,2202833613,41157,BME280,28.17,1007.23,50.207
2026-06-01 13:08:15.357,2202834813,41357,BME280,28.17,1007.23,50.207
2026-06-01 13:08:15.557,2202835013,41557,BME280,28.17,1007.23,50.207
2026-06-01 13:08:15.757,2202835213,41757,BME280,28.17,1007.23,50.207
2026-06-01 13:08:15.957,2202835413,41957,BME280,28.17,1007.23,50.207
2026-06-01 13:08:15.157,2202834613,42157,BME280,28.17,1007.25,50.037
2026-06-01 13:08:16.357,2202835813,42357,BME280,28.17,1007.25,50.037
2026-06-01 13:08:16.557,2202836013,42557,BME280,28.17,1007.25,50.037
2026-06-01 13:08:16.757,2202836213,42757,BME280,28.17,1007.25,50.037
2026-06-01 13:08:16.957,2202836413,42957,BME280,28.17,1007.25,50.037
2026-06-01 13:08:16.157,2202835613,43157,BME280,28.18,1007.25,50.06
2026-06-01 13:08:17.357,2202836813,43357,BME280,28.18,1007.25,50.06
2026-06-01 13:08:17.557,2202837013,43557,BME280,28.18,1007.25,50.06
2026-06-01 13:08:17.757,2202837213,43757,BME280,28.18,1007.25,50.06
2026-06-01 13:08:17.957,2202837413,43957,BME280,28.18,1007.25,50.06
2026-06-01 13:08:17.157,2202836613,44157,BME280,28.17,1007.27,49.937
2026-06-01 13:08:18.357,2202837813,44357,BME280,28.17,1007.27,49.937
2026-06-01 13:08:18.557,2202838013,44557,BME280,28.17,1007.27,49.937
2026-06-01 13:08:18.757,2202838213,44757,BME280,28.17,1007.27,49.937
2026-06-01 13:08:18.957,2202838413,44957,BME280,28.17,1007.27,49.937
2026-06-01 13:08:18.157,2202837613,45157,BME280,28.17,1007.26,49.985
2026-06-01 13:08:19.357,2202838813,45357,BME280,28.17,1007.26,49.985
2026-06-01 13:08:19.557,2202839013,45557,BME280,28.17,1007.26,49.985
2026-06-01 13:08:19.757,2202839213,45757,BME280,28.17,1007.26,49.985
2026-06-01 13:08:19.957,2202839413,45957,BME280,28.17,1007.26,49.985
2026-06-01 13:08:19.157,2202838613,46157,BME280,28.16,1007.23,50.221
2026-06-01 13:08:20.357,2202839813,46357,BME280,28.16,1007.23,50.221
2026-06-01 13:08:20.557,2202840013,46557,BME280,28.16,1007.23,50.221
2026-06-01 13:08:20.757,2202840213,46757,BME280,28.16,1007.23,50.221
2026-06-01 13:08:20.957,2202840413,46957,BME280,28.16,1007.23,50.221
2026-06-01 13:08:20.157,2202839613,47157,BME280,28.17,1007.22,50.303
2026-06-01 13:08:21.357,2202840813,47357,BME280,28.17,1007.22,50.303
2026-06-01 13:08:21.557,2202841013,47557,BME280,28.17,1007.22,50.303
2026-06-01 13:08:21.757,2202841213,47757,BME280,28.17,1007.22,50.303
2026-06-01 13:08:21.957,2202841413,47957,BME280,28.17,1007.22,50.303
2026-06-01 13:08:21.157,2202840613,48157,BME280,28.17,1007.27,49.946
2026-06-01 13:08:22.357,2202841813,48357,BME280,28.17,1007.27,49.946
2026-06-01 13:08:22.557,2202842013,48557,BME280,28.17,1007.27,49.946
2026-06-01 13:08:22.757,2202842213,48757,BME280,28.17,1007.27,49.946
2026-06-01 13:08:22.957,2202842413,48957,BME280,28.17,1007.27,49.946
2026-06-01 13:08:22.157,2202841613,49157,BME280,28.17,1007.24,50.186
2026-06-01 13:08:23.357,2202842813,49357,BME280,28.17,1007.24,50.186
2026-06-01 13:08:23.557,2202843013,49557,BME280,28.17,1007.24,50.186
2026-06-01 13:08:23.757,2202843213,49757,BME280,28.17,1007.24,50.186
2026-06-01 13:08:23.957,2202843413,49957,BME280,28.17,1007.24,50.186
2026-06-01 13:08:23.157,2202842613,50157,BME280,28.16,1007.24,50.148
2026-06-01 13:08:24.357,2202843813,50357,BME280,28.16,1007.24,50.148
2026-06-01 13:08:24.557,2202844013,50557,BME280,28.16,1007.24,50.148
2026-06-01 13:08:24.757,2202844213,50757,BME280,28.16,1007.24,50.148
2026-06-01 13:08:24.957,2202844413,50957,BME280,28.16,1007.24,50.148
2026-06-01 13:08:24.157,2202843613,51157,BME280,28.17,1007.26,49.98
2026-06-01 13:08:25.357,2202844813,51357,BME280,28.17,1007.26,49.98
2026-06-01 13:08:25.557,2202845013,51557,BME280,28.17,1007.26,49.98
2026-06-01 13:08:25.757,2202845213,51757,BME280,28.17,1007.26,49.98
2026-06-01 13:08:25.957,2202845413,51957,BME280,28.17,1007.26,49.98
2026-06-01 13:08:25.157,2202844613,52157,BME280,28.16,1007.25,50.105
2026-06-01 13:08:26.357,2202845813,52357,BME280,28.16,1007.25,50.105
2026-06-01 13:08:26.557,2202846013,52557,BME280,28.16,1007.25,50.105
2026-06-01 13:08:26.757,2202846213,52757,BME280,28.16,1007.25,50.105
2026-06-01 13:08:26.957,2202846413,52957,BME280,28.16,1007.25,50.105
2026-06-01 13:08:26.157,2202845613,53157,BME280,28.17,1007.25,50.1
2026-06-01 13:08:27.357,2202846813,53357,BME280,28.17,1007.25,50.1
2026-06-01 13:08:27.557,2202847013,53557,BME280,28.17,1007.25,50.1
2026-06-01 13:08:27.757,2202847213,53757,BME280,28.17,1007.25,50.1
2026-06-01 13:08:27.957,2202847413,53957,BME280,28.17,1007.25,50.1
2026-06-01 13:08:27.157,2202846613,54157,BME280,28.17,1007.26,49.99
2026-06-01 13:08:28.357,2202847813,54357,BME280,28.17,1007.26,49.99
2026-06-01 13:08:28.557,2202848013,54557,BME280,28.17,1007.26,49.99
2026-06-01 13:08:28.757,2202848213,54757,BME280,28.17,1007.26,49.99
2026-06-01 13:08:28.957,2202848413,54957,BME280,28.17,1007.26,49.99
2026-06-01 13:08:28.157,2202847613,55157,BME280,28.18,1007.25,50.039
2026-06-01 13:08:29.357,2202848813,55357,BME280,28.18,1007.25,50.039
2026-06-01 13:08:29.557,2202849013,55557,BME280,28.18,1007.25,50.039
2026-06-01 13:08:29.757,2202849213,55757,BME280,28.18,1007.25,50.039
2026-06-01 13:08:29.957,2202849413,55957,BME280,28.18,1007.25,50.039
2026-06-01 13:08:29.157,2202848613,56157,BME280,28.17,1007.26,50.0
2026-06-01 13:08:30.357,2202849813,56357,BME280,28.17,1007.26,50.0
2026-06-01 13:08:30.557,2202850013,56557,BME280,28.17,1007.26,50.0
2026-06-01 13:08:30.757,2202850213,56757,BME280,28.17,1007.26,50.0
2026-06-01 13:08:30.957,2202850413,56957,BME280,28.17,1007.26,50.0
2026-06-01 13:08:30.157,2202849613,57157,BME280,28.17,1007.28,49.826
2026-06-01 13:08:31.357,2202850813,57357,BME280,28.17,1007.28,49.826
2026-06-01 13:08:31.557,2202851013,57557,BME280,28.17,1007.28,49.826
2026-06-01 13:08:31.757,2202851213,57757,BME280,28.17,1007.28,49.826
2026-06-01 13:08:31.957,2202851413,57957,BME280,28.17,1007.28,49.826
2026-06-01 13:08:31.157,2202850613,58157,BME280,28.17,1007.25,50.077
2026-06-01 13:08:32.357,2202851813,58357,BME280,28.17,1007.25,50.077
2026-06-01 13:08:32.557,2202852013,58557,BME280,28.17,1007.25,50.077
2026-06-01 13:08:32.757,2202852213,58757,BME280,28.17,1007.25,50.077
2026-06-01 13:08:32.957,2202852413,58957,BME280,28.17,1007.25,50.077
2026-06-01 13:08:32.157,2202851613,59157,BME280,28.18,1007.26,49.954
2026-06-01 13:08:33.357,2202852813,59357,BME280,28.18,1007.26,49.954
2026-06-01 13:08:33.557,2202853013,59557,BME280,28.18,1007.26,49.954
2026-06-01 13:08:33.757,2202853213,59757,BME280,28.18,1007.26,49.954
2026-06-01 13:08:33.957,2202853413,59957,BME280,28.18,1007.26,49.954
2026-06-01 13:08:33.157,2202852613,60157,BME280,28.18,1007.25,50.082
2026-06-01 13:08:34.357,2202853813,60357,BME280,28.18,1007.25,50.082
2026-06-01 13:08:34.557,2202854013,60557,BME280,28.18,1007.25,50.082
2026-06-01 13:08:34.757,2202854213,60757,BME280,28.18,1007.25,50.082
2026-06-01 13:08:34.957,2202854413,60957,BME280,28.18,1007.25,50.082
2026-06-01 13:08:34.157,2202853613,61157,BME280,28.19,1007.26,50.022
2026-06-01 13:08:35.357,2202854813,61357,BME280,28.19,1007.26,50.022
2026-06-01 13:08:35.557,2202855013,61557,BME280,28.19,1007.26,50.022
2026-06-01 13:08:35.757,2202855213,61757,BME280,28.19,1007.26,50.022
2026-06-01 13:08:35.957,2202855413,61957,BME280,28.19,1007.26,50.022
2026-06-01 13:08:35.157,2202854613,62157,BME280,28.19,1007.25,50.051
2026-06-01 13:08:36.357,2202855813,62357,BME280,28.19,1007.25,50.051
2026-06-01 13:08:36.557,2202856013,62557,BME280,28.19,1007.25,50.051
2026-06-01 13:08:36.757,2202856213,62757,BME280,28.19,1007.25,50.051
2026-06-01 13:08:36.957,2202856413,62957,BME280,28.19,1007.25,50.051
2026-06-01 13:08:36.157,2202855613,63157,BME280,28.19,1007.24,50.143
2026-06-01 13:08:37.357,2202856813,63357,BME280,28.19,1007.24,50.143
2026-06-01 13:08:37.557,2202857013,63557,BME280,28.19,1007.24,50.143
2026-06-01 13:08:37.757,2202857213,63757,BME280,28.19,1007.24,50.143
2026-06-01 13:08:37.957,2202857413,63957,BME280,28.19,1007.24,50.143
2026-06-01 13:08:37.157,2202856613,64157,BME280,28.2,1007.25,50.076
2026-06-01 13:08:38.357,2202857813,64357,BME280,28.2,1007.25,50.076
2026-06-01 13:08:38.557,2202858013,64557,BME280,28.2,1007.25,50.076
2026-06-01 13:08:38.757,2202858213,64757,BME280,28.2,1007.25,50.076
2026-06-01 13:08:38.957,2202858413,64957,BME280,28.2,1007.25,50.076
2026-06-01 13:08:38.157,2202857613,65157,BME280,28.19,1007.23,50.249
2026-06-01 13:08:39.357,2202858813,65357,BME280,28.19,1007.23,50.249
2026-06-01 13:08:39.557,2202859013,65557,BME280,28.19,1007.23,50.249
2026-06-01 13:08:39.757,2202859213,65757,BME280,28.19,1007.23,50.249
2026-06-01 13:08:39.957,2202859413,65957,BME280,28.19,1007.23,50.249
2026-06-01 13:08:39.157,2202858613,66157,BME280,28.2,1007.26,49.975
2026-06-01 13:08:40.357,2202859813,66357,BME280,28.2,1007.26,49.975
2026-06-01 13:08:40.557,2202860013,66557,BME280,28.2,1007.26,49.975
2026-06-01 13:08:40.757,2202860213,66757,BME280,28.2,1007.26,49.975
2026-06-01 13:08:40.957,2202860413,66957,BME280,28.2,1007.26,49.975
2026-06-01 13:08:40.157,2202859613,67157,BME280,28.19,1007.25,50.11
2026-06-01 13:08:41.357,2202860813,67357,BME280,28.19,1007.25,50.11
2026-06-01 13:08:41.557,2202861013,67557,BME280,28.19,1007.25,50.11
2026-06-01 13:08:41.757,2202861213,67757,BME280,28.19,1007.25,50.11
2026-06-01 13:08:41.957,2202861413,67957,BME280,28.19,1007.25,50.11
2026-06-01 13:08:41.157,2202860613,68157,BME280,28.2,1007.26,49.975
2026-06-01 13:08:42.357,2202861813,68357,BME280,28.2,1007.26,49.975
2026-06-01 13:08:42.557,2202862013,68557,BME280,28.2,1007.26,49.975
2026-06-01 13:08:42.757,2202862213,68757,BME280,28.2,1007.26,49.975
2026-06-01 13:08:42.957,2202862413,68957,BME280,28.2,1007.26,49.975
2026-06-01 13:08:42.157,2202861613,69157,BME280,28.19,1007.24,50.133
2026-06-01 13:08:43.357,2202862813,69357,BME280,28.19,1007.24,50.133
2026-06-01 13:08:43.557,2202863013,69557,BME280,28.19,1007.24,50.133
2026-06-01 13:08:43.757,2202863213,69757,BME280,28.19,1007.24,50.133
2026-06-01 13:08:43.957,2202863413,69957,BME280,28.19,1007.24,50.133
2026-06-01 13:08:43.157,2202862613,70157,BME280,28.19,1007.25,50.09
2026-06-01 13:08:44.357,2202863813,70357,BME280,28.19,1007.25,50.09
2026-06-01 13:08:44.557,2202864013,70557,BME280,28.19,1007.25,50.09
2026-06-01 13:08:44.757,2202864213,70757,BME280,28.19,1007.25,50.09
2026-06-01 13:08:44.957,2202864413,70957,BME280,28.19,1007.25,50.09
2026-06-01 13:08:44.157,2202863613,71157,BME280,28.2,1007.25,50.061
2026-06-01 13:08:45.357,2202864813,71357,BME280,28.2,1007.25,50.061
2026-06-01 13:08:45.557,2202865013,71557,BME280,28.2,1007.25,50.061
2026-06-01 13:08:45.757,2202865213,71757,BME280,28.2,1007.25,50.061
2026-06-01 13:08:45.957,2202865413,71957,BME280,28.2,1007.25,50.061
2026-06-01 13:08:45.157,2202864613,72157,BME280,28.19,1007.25,50.07
2026-06-01 13:08:46.357,2202865813,72357,BME280,28.19,1007.25,50.07
2026-06-01 13:08:46.557,2202866013,72557,BME280,28.19,1007.25,50.07
2026-06-01 13:08:46.757,2202866213,72757,BME280,28.19,1007.25,50.07
2026-06-01 13:08:46.957,2202866413,72957,BME280,28.19,1007.25,50.07
2026-06-01 13:08:46.157,2202865613,73157,BME280,28.2,1007.26,49.975
2026-06-01 13:08:47.357,2202866813,73357,BME280,28.2,1007.26,49.975
2026-06-01 13:08:47.557,2202867013,73557,BME280,28.2,1007.26,49.975
2026-06-01 13:08:47.757,2202867213,73757,BME280,28.2,1007.26,49.975
2026-06-01 13:08:47.957,2202867413,73957,BME280,28.2,1007.26,49.975
2026-06-01 13:08:47.157,2202866613,74157,BME280,28.18,1007.26,50.027
2026-06-01 13:08:48.357,2202867813,74357,BME280,28.18,1007.26,50.027
2026-06-01 13:08:48.557,2202868013,74557,BME280,28.18,1007.26,50.027
2026-06-01 13:08:48.757,2202868213,74757,BME280,28.18,1007.26,50.027
2026-06-01 13:08:48.957,2202868413,74957,BME280,28.18,1007.26,50.027
2026-06-01 13:08:48.157,2202867613,75157,BME280,28.18,1007.27,49.872
2026-06-01 13:08:49.357,2202868813,75357,BME280,28.18,1007.27,49.872
2026-06-01 13:08:49.557,2202869013,75557,BME280,28.18,1007.27,49.872
2026-06-01 13:08:49.757,2202869213,75757,BME280,28.18,1007.27,49.872
2026-06-01 13:08:49.957,2202869413,75957,BME280,28.18,1007.27,49.872
2026-06-01 13:08:49.157,2202868613,76157,BME280,28.17,1007.26,50.028
2026-06-01 13:08:50.357,2202869813,76357,BME280,28.17,1007.26,50.028
2026-06-01 13:08:50.557,2202870013,76557,BME280,28.17,1007.26,50.028
2026-06-01 13:08:50.757,2202870213,76757,BME280,28.17,1007.26,50.028
2026-06-01 13:08:50.957,2202870413,76957,BME280,28.17,1007.26,50.028
2026-06-01 13:08:50.157,2202869613,77157,BME280,28.18,1007.28,49.792
2026-06-01 13:08:51.357,2202870813,77357,BME280,28.18,1007.28,49.792
2026-06-01 13:08:51.557,2202871013,77557,BME280,28.18,1007.28,49.792
2026-06-01 13:08:51.757,2202871213,77757,BME280,28.18,1007.28,49.792
2026-06-01 13:08:51.957,2202871413,77957,BME280,28.18,1007.28,49.792
2026-06-01 13:08:51.157,2202870613,78157,BME280,28.17,1007.24,50.144
2026-06-01 13:08:52.357,2202871813,78357,BME280,28.17,1007.24,50.144
2026-06-01 13:08:52.557,2202872013,78557,BME280,28.17,1007.24,50.144
2026-06-01 13:08:52.757,2202872213,78757,BME280,28.17,1007.24,50.144
2026-06-01 13:08:52.957,2202872413,78957,BME280,28.17,1007.25,50.101
2026-06-01 13:08:52.157,2202871613,79157,BME280,28.17,1007.25,50.101
2026-06-01 13:08:53.357,2202872813,79357,BME280,28.17,1007.25,50.101
2026-06-01 13:08:53.557,2202873013,79557,BME280,28.17,1007.25,50.101
2026-06-01 13:08:53.757,2202873213,79757,BME280,28.17,1007.25,50.101
2026-06-01 13:08:53.957,2202873413,79957,BME280,28.17,1007.24,50.125
2026-06-01 13:08:53.157,2202872613,80157,BME280,28.17,1007.24,50.125
2026-06-01 13:08:54.357,2202873813,80357,BME280,28.17,1007.24,50.125
2026-06-01 13:08:54.557,2202874013,80557,BME280,28.17,1007.24,50.125
2026-06-01 13:08:54.757,2202874213,80757,BME280,28.17,1007.24,50.125
2026-06-01 13:08:54.957,2202874413,80957,BME280,28.17,1007.25,50.086
2026-06-01 13:08:54.157,2202873613,81157,BME280,28.17,1007.25,50.086
2026-06-01 13:08:55.357,2202874813,81357,BME280,28.17,1007.25,50.086
2026-06-01 13:08:55.557,2202875013,81557,BME280,28.17,1007.25,50.086
2026-06-01 13:08:55.757,2202875213,81757,BME280,28.17,1007.25,50.086
2026-06-01 13:08:55.957,2202875413,81957,BME280,28.19,1007.27,49.936
2026-06-01 13:08:55.157,2202874613,82157,BME280,28.19,1007.27,49.936
2026-06-01 13:08:56.357,2202875813,82357,BME280,28.19,1007.27,49.936
2026-06-01 13:08:56.557,2202876013,82557,BME280,28.19,1007.27,49.936
2026-06-01 13:08:56.757,2202876213,82757,BME280,28.19,1007.27,49.936
2026-06-01 13:08:56.957,2202876413,82957,BME280,28.18,1007.28,49.796
2026-06-01 13:08:56.157,2202875613,83157,BME280,28.18,1007.28,49.796
2026-06-01 13:08:57.357,2202876813,83357,BME280,28.18,1007.28,49.796
2026-06-01 13:08:57.557,2202877013,83557,BME280,28.18,1007.28,49.796
2026-06-01 13:08:57.757,2202877213,83757,BME280,28.18,1007.28,49.796
2026-06-01 13:08:57.957,2202877413,83957,BME280,28.17,1007.26,50.023
2026-06-01 13:08:57.157,2202876613,84157,BME280,28.17,1007.26,50.023
2026-06-01 13:08:58.357,2202877813,84357,BME280,28.17,1007.26,50.023
2026-06-01 13:08:58.557,2202878013,84557,BME280,28.17,1007.26,50.023
2026-06-01 13:08:58.757,2202878213,84757,BME280,28.17,1007.26,50.023
2026-06-01 13:08:58.957,2202878413,84957,BME280,28.18,1007.26,49.974
2026-06-01 13:08:58.157,2202877613,85157,BME280,28.18,1007.26,49.974
2026-06-01 13:08:59.357,2202878813,85357,BME280,28.18,1007.26,49.974
2026-06-01 13:08:59.557,2202879013,85557,BME280,28.18,1007.26,49.974
2026-06-01 13:08:59.757,2202879213,85757,BME280,28.18,1007.26,49.974
2026-06-01 13:08:59.957,2202879413,85957,BME280,28.17,1007.24,50.125
2026-06-01 13:08:59.157,2202878613,86157,BME280,28.17,1007.24,50.125
2026-06-01 13:09:00.357,2202879813,86357,BME280,28.17,1007.24,50.125
2026-06-01 13:09:00.557,2202880013,86557,BME280,28.17,1007.24,50.125
2026-06-01 13:09:00.757,2202880213,86757,BME280,28.17,1007.24,50.125
2026-06-01 13:09:00.957,2202880413,86957,BME280,28.18,1007.28,49.839
2026-06-01 13:09:00.157,2202879613,87157,BME280,28.18,1007.28,49.839
2026-06-01 13:09:01.357,2202880813,87357,BME280,28.18,1007.28,49.839
2026-06-01 13:09:01.557,2202881013,87557,BME280,28.18,1007.28,49.839
2026-06-01 13:09:01.757,2202881213,87757,BME280,28.18,1007.28,49.839
2026-06-01 13:09:01.957,2202881413,87957,BME280,28.18,1007.26,50.012
2026-06-01 13:09:01.157,2202880613,88157,BME280,28.18,1007.26,50.012
2026-06-01 13:09:02.357,2202881813,88357,BME280,28.18,1007.26,50.012
2026-06-01 13:09:02.557,2202882013,88557,BME280,28.18,1007.26,50.012
2026-06-01 13:09:02.757,2202882213,88757,BME280,28.18,1007.26,50.012
2026-06-01 13:09:02.957,2202882413,88957,BME280,28.18,1007.25,50.07
2026-06-01 13:09:02.157,2202881613,89157,BME280,28.18,1007.25,50.07
2026-06-01 13:09:03.357,2202882813,89357,BME280,28.18,1007.25,50.07
2026-06-01 13:09:03.557,2202883013,89557,BME280,28.18,1007.25,50.07
2026-06-01 13:09:03.757,2202883213,89757,BME280,28.18,1007.25,50.07
2026-06-01 13:09:03.957,2202883413,89957,BME280,28.18,1007.23,50.255
2026-06-01 13:09:03.157,2202882613,90157,BME280,28.18,1007.23,50.255
2026-06-01 13:09:04.357,2202883813,90357,BME280,28.18,1007.23,50.255
2026-06-01 13:09:04.557,2202884013,90557,BME280,28.18,1007.23,50.255
2026-06-01 13:09:04.757,2202884213,90757,BME280,28.18,1007.23,50.255
2026-06-01 13:09:04.957,2202884413,90957,BME280,28.18,1007.25,50.099
2026-06-01 13:09:04.157,2202883613,91157,BME280,28.18,1007.25,50.099
2026-06-01 13:09:05.357,2202884813,91357,BME280,28.18,1007.25,50.099
2026-06-01 13:09:05.557,2202885013,91557,BME280,28.18,1007.25,50.099
2026-06-01 13:09:05.757,2202885213,91757,BME280,28.18,1007.25,50.099
2026-06-01 13:09:05.957,2202885413,91957,BME280,28.18,1007.25,50.111
2026-06-01 13:09:05.157,2202884613,92157,BME280,28.18,1007.25,50.111
2026-06-01 13:09:06.357,2202885813,92357,BME280,28.18,1007.25,50.111
2026-06-01 13:09:06.557,2202886013,92557,BME280,28.18,1007.25,50.111
2026-06-01 13:09:06.757,2202886213,92757,BME280,28.18,1007.25,50.111
2026-06-01 13:09:06.957,2202886413,92957,BME280,28.18,1007.25,50.103
2026-06-01 13:09:06.157,2202885613,93157,BME280,28.18,1007.25,50.103
2026-06-01 13:09:07.357,2202886813,93357,BME280,28.18,1007.25,50.103
2026-06-01 13:09:07.557,2202887013,93557,BME280,28.18,1007.25,50.103
2026-06-01 13:09:07.757,2202887213,93757,BME280,28.18,1007.25,50.103
2026-06-01 13:09:07.957,2202887413,93957,BME280,28.18,1007.23,50.205
2026-06-01 13:09:07.157,2202886613,94157,BME280,28.18,1007.23,50.205
2026-06-01 13:09:08.357,2202887813,94357,BME280,28.18,1007.23,50.205
2026-06-01 13:09:08.557,2202888013,94557,BME280,28.18,1007.23,50.205
2026-06-01 13:09:08.757,2202888213,94757,BME280,28.18,1007.23,50.205
2026-06-01 13:09:08.957,2202888413,94957,BME280,28.17,1007.23,50.203
2026-06-01 13:09:08.157,2202887613,95157,BME280,28.17,1007.23,50.203
2026-06-01 13:09:09.357,2202888813,95357,BME280,28.17,1007.23,50.203
2026-06-01 13:09:09.557,2202889013,95557,BME280,28.17,1007.23,50.203
2026-06-01 13:09:09.757,2202889213,95757,BME280,28.17,1007.23,50.203
2026-06-01 13:09:09.957,2202889413,95957,BME280,28.17,1007.25,50.072
2026-06-01 13:09:09.157,2202888613,96157,BME280,28.17,1007.25,50.072
2026-06-01 13:09:10.357,2202889813,96357,BME280,28.17,1007.25,50.072
2026-06-01 13:09:10.557,2202890013,96557,BME280,28.17,1007.25,50.072
2026-06-01 13:09:10.757,2202890213,96757,BME280,28.17,1007.25,50.072
2026-06-01 13:09:10.957,2202890413,96957,BME280,28.17,1007.23,50.273
2026-06-01 13:09:10.157,2202889613,97157,BME280,28.17,1007.23,50.273
2026-06-01 13:09:11.357,2202890813,97357,BME280,28.17,1007.23,50.273
2026-06-01 13:09:11.557,2202891013,97557,BME280,28.17,1007.23,50.273
2026-06-01 13:09:11.757,2202891213,97757,BME280,28.17,1007.23,50.273
2026-06-01 13:09:11.957,2202891413,97957,BME280,28.17,1007.25,50.077
2026-06-01 13:09:11.157,2202890613,98157,BME280,28.17,1007.25,50.077
2026-06-01 13:09:12.357,2202891813,98357,BME280,28.17,1007.25,50.077
2026-06-01 13:09:12.557,2202892013,98557,BME280,28.17,1007.25,50.077
2026-06-01 13:09:12.757,2202892213,98757,BME280,28.17,1007.25,50.077
2026-06-01 13:09:12.957,2202892413,98957,BME280,28.17,1007.24,50.144
2026-06-01 13:09:12.157,2202891613,99157,BME280,28.17,1007.24,50.144
2026-06-01 13:09:13.357,2202892813,99357,BME280,28.17,1007.24,50.144
2026-06-01 13:09:13.557,2202893013,99557,BME280,28.17,1007.24,50.144
2026-06-01 13:09:13.757,2202893213,99757,BME280,28.17,1007.24,50.144
2026-06-01 13:09:13.957,2202893413,99957,BME280,28.17,1007.24,50.186
2026-06-01 13:09:13.157,2202892613,100157,BME280,28.17,1007.24,50.186
2026-06-01 13:09:14.357,2202893813,100357,BME280,28.17,1007.24,50.186
2026-06-01 13:09:14.557,2202894013,100557,BME280,28.17,1007.24,50.186
2026-06-01 13:09:14.757,2202894213,100757,BME280,28.17,1007.24,50.186
2026-06-01 13:09:14.957,2202894413,100957,BME280,28.17,1007.25,50.048
2026-06-01 13:09:14.157,2202893613,101157,BME280,28.17,1007.25,50.048
2026-06-01 13:09:15.357,2202894813,101357,BME280,28.17,1007.25,50.048
2026-06-01 13:09:15.557,2202895013,101557,BME280,28.17,1007.25,50.048
2026-06-01 13:09:15.757,2202895213,101757,BME280,28.17,1007.25,50.048
2026-06-01 13:09:15.957,2202895413,101957,BME280,28.16,1007.22,50.336
2026-06-01 13:09:15.157,2202894613,102157,BME280,28.16,1007.22,50.336
2026-06-01 13:09:16.357,2202895813,102357,BME280,28.16,1007.22,50.336
2026-06-01 13:09:16.557,2202896013,102557,BME280,28.16,1007.22,50.336
2026-06-01 13:09:16.757,2202896213,102757,BME280,28.16,1007.22,50.336
2026-06-01 13:09:16.957,2202896413,102957,BME280,28.16,1007.23,50.21
2026-06-01 13:09:16.157,2202895613,103157,BME280,28.16,1007.23,50.21
2026-06-01 13:09:17.357,2202896813,103357,BME280,28.16,1007.23,50.21
2026-06-01 13:09:17.557,2202897013,103557,BME280,28.16,1007.23,50.21
2026-06-01 13:09:17.757,2202897213,103757,BME280,28.16,1007.23,50.21
2026-06-01 13:09:17.957,2202897413,103957,BME280,28.17,1007.24,50.129
2026-06-01 13:09:17.157,2202896613,104157,BME280,28.17,1007.24,50.129
2026-06-01 13:09:18.357,2202897813,104357,BME280,28.17,1007.24,50.129
2026-06-01 13:09:18.557,2202898013,104557,BME280,28.17,1007.24,50.129
2026-06-01 13:09:18.757,2202898213,104757,BME280,28.17,1007.24,50.129
2026-06-01 13:09:18.957,2202898413,104957,BME280,28.17,1007.22,50.326
2026-06-01 13:09:18.157,2202897613,105157,BME280,28.17,1007.22,50.326
2026-06-01 13:09:19.357,2202898813,105357,BME280,28.17,1007.22,50.326
2026-06-01 13:09:19.557,2202899013,105557,BME280,28.17,1007.22,50.326
2026-06-01 13:09:19.757,2202899213,105757,BME280,28.17,1007.22,50.326
2026-06-01 13:09:19.957,2202899413,105957,BME280,28.17,1007.24,50.182
2026-06-01 13:09:19.157,2202898613,106157,BME280,28.17,1007.24,50.182
2026-06-01 13:09:20.357,2202899813,106357,BME280,28.17,1007.24,50.182
2026-06-01 13:09:20.557,2202900013,106557,BME280,28.17,1007.24,50.182
2026-06-01 13:09:20.757,2202900213,106757,BME280,28.17,1007.24,50.182
2026-06-01 13:09:20.957,2202900413,106957,BME280,28.17,1007.23,50.255
2026-06-01 13:09:20.157,2202899613,107157,BME280,28.17,1007.23,50.255
2026-06-01 13:09:21.357,2202900813,107357,BME280,28.17,1007.23,50.255
2026-06-01 13:09:21.557,2202901013,107557,BME280,28.17,1007.23,50.255
2026-06-01 13:09:21.757,2202901213,107757,BME280,28.17,1007.23,50.255
2026-06-01 13:09:21.957,2202901413,107957,BME280,28.17,1007.22,50.355
2026-06-01 13:09:21.157,2202900613,108157,BME280,28.17,1007.22,50.355
2026-06-01 13:09:22.357,2202901813,108357,BME280,28.17,1007.22,50.355
2026-06-01 13:09:22.557,2202902013,108557,BME280,28.17,1007.22,50.355
2026-06-01 13:09:22.757,2202902213,108757,BME280,28.17,1007.22,50.355
2026-06-01 13:09:22.957,2202902413,108957,BME280,28.17,1007.22,50.322
2026-06-01 13:09:22.157,2202901613,109157,BME280,28.17,1007.22,50.322
2026-06-01 13:09:23.357,2202902813,109357,BME280,28.17,1007.22,50.322
2026-06-01 13:09:23.557,2202903013,109557,BME280,28.17,1007.22,50.322
2026-06-01 13:09:23.757,2202903213,109757,BME280,28.17,1007.22,50.322
2026-06-01 13:09:23.957,2202903413,109957,BME280,28.17,1007.23,50.212
2026-06-01 13:09:23.157,2202902613,110157,BME280,28.17,1007.23,50.212
2026-06-01 13:09:24.357,2202903813,110357,BME280,28.17,1007.23,50.212
2026-06-01 13:09:24.557,2202904013,110557,BME280,28.17,1007.23,50.212
2026-06-01 13:09:24.757,2202904213,110757,BME280,28.17,1007.23,50.212
2026-06-01 13:09:24.957,2202904413,110957,BME280,28.17,1007.23,50.269
2026-06-01 13:09:24.157,2202903613,111157,BME280,28.17,1007.23,50.269
2026-06-01 13:09:25.357,2202904813,111357,BME280,28.17,1007.23,50.269
2026-06-01 13:09:25.557,2202905013,111557,BME280,28.17,1007.23,50.269
2026-06-01 13:09:25.757,2202905213,111757,BME280,28.17,1007.23,50.269
2026-06-01 13:09:25.957,2202905413,111957,BME280,28.17,1007.2,50.457
2026-06-01 13:09:25.157,2202904613,112157,BME280,28.17,1007.2,50.457
2026-06-01 13:09:26.357,2202905813,112357,BME280,28.17,1007.2,50.457
2026-06-01 13:09:26.557,2202906013,112557,BME280,28.17,1007.2,50.457
2026-06-01 13:09:26.757,2202906213,112757,BME280,28.17,1007.2,50.457
2026-06-01 13:09:26.957,2202906413,112957,BME280,28.16,1007.21,50.422
2026-06-01 13:09:26.157,2202905613,113157,BME280,28.16,1007.21,50.422
2026-06-01 13:09:27.357,2202906813,113357,BME280,28.16,1007.21,50.422
2026-06-01 13:09:27.557,2202907013,113557,BME280,28.16,1007.21,50.422
2026-06-01 13:09:27.757,2202907213,113757,BME280,28.16,1007.21,50.422
2026-06-01 13:09:27.957,2202907413,113957,BME280,28.17,1007.22,50.352
2026-06-01 13:09:27.157,2202906613,114157,BME280,28.17,1007.22,50.352
2026-06-01 13:09:28.357,2202907813,114357,BME280,28.17,1007.22,50.352
2026-06-01 13:09:28.557,2202908013,114557,BME280,28.17,1007.22,50.352
2026-06-01 13:09:28.757,2202908213,114757,BME280,28.17,1007.22,50.352
2026-06-01 13:09:28.957,2202908413,114957,BME280,28.17,1007.25,50.077
2026-06-01 13:09:28.157,2202907613,115157,BME280,28.17,1007.25,50.077
2026-06-01 13:09:29.357,2202908813,115357,BME280,28.17,1007.25,50.077
2026-06-01 13:09:29.557,2202909013,115557,BME280,28.17,1007.25,50.077
2026-06-01 13:09:29.757,2202909213,115757,BME280,28.17,1007.25,50.077
2026-06-01 13:09:29.957,2202909413,115957,BME280,28.17,1007.23,50.244
2026-06-01 13:09:29.157,2202908613,116157,BME280,28.17,1007.23,50.244
2026-06-01 13:09:30.357,2202909813,116357,BME280,28.17,1007.23,50.244
2026-06-01 13:09:30.557,2202910013,116557,BME280,28.17,1007.23,50.244
2026-06-01 13:09:30.757,2202910213,116757,BME280,28.17,1007.23,50.244
2026-06-01 13:09:30.957,2202910413,116957,BME280,28.17,1007.23,50.217
2026-06-01 13:09:30.157,2202909613,117157,BME280,28.17,1007.23,50.217
2026-06-01 13:09:31.357,2202910813,117357,BME280,28.17,1007.23,50.217
2026-06-01 13:09:31.557,2202911013,117557,BME280,28.17,1007.23,50.217
2026-06-01 13:09:31.757,2202911213,117757,BME280,28.17,1007.23,50.217
2026-06-01 13:09:31.957,2202911413,117957,BME280,28.17,1007.21,50.423
2026-06-01 13:09:31.157,2202910613,118157,BME280,28.17,1007.21,50.423
2026-06-01 13:09:32.357,2202911813,118357,BME280,28.17,1007.21,50.423
2026-06-01 13:09:32.557,2202912013,118557,BME280,28.17,1007.21,50.423
2026-06-01 13:09:32.757,2202912213,118757,BME280,28.17,1007.21,50.423
2026-06-01 13:09:32.957,2202912413,118957,BME280,28.17,1007.21,50.399
2026-06-01 13:09:32.157,2202911613,119157,BME280,28.17,1007.21,50.399
2026-06-01 13:09:33.357,2202912813,119357,BME280,28.17,1007.21,50.399
2026-06-01 13:09:33.557,2202913013,119557,BME280,28.17,1007.21,50.399
2026-06-01 13:09:33.757,2202913213,119757,BME280,28.17,1007.21,50.399
2026-06-01 13:09:33.957,2202913413,119957,BME280,28.17,1007.24,50.177
2026-06-01 13:09:33.157,2202912613,120157,BME280,28.17,1007.24,50.177
2026-06-01 13:09:34.357,2202913813,120357,BME280,28.17,1007.24,50.177
2026-06-01 13:09:34.557,2202914013,120557,BME280,28.17,1007.24,50.177
2026-06-01 13:09:34.757,2202914213,120757,BME280,28.17,1007.24,50.177
2026-06-01 13:09:34.957,2202914413,120957,BME280,28.17,1007.23,50.217
2026-06-01 13:09:34.157,2202913613,121157,BME280,28.17,1007.23,50.217
2026-06-01 13:09:35.357,2202914813,121357,BME280,28.17,1007.23,50.217
2026-06-01 13:09:35.557,2202915013,121557,BME280,28.17,1007.23,50.217
2026-06-01 13:09:35.757,2202915213,121757,BME280,28.17,1007.23,50.217
2026-06-01 13:09:35.957,2202915413,121957,BME280,28.17,1007.23,50.226
2026-06-01 13:09:35.157,2202914613,122157,BME280,28.17,1007.23,50.226
2026-06-01 13:09:36.357,2202915813,122357,BME280,28.17,1007.23,50.226
2026-06-01 13:09:36.557,2202916013,122557,BME280,28.17,1007.23,50.226
2026-06-01 13:09:36.757,2202916213,122757,BME280,28.17,1007.23,50.226
2026-06-01 13:09:36.957,2202916413,122957,BME280,28.16,1007.23,50.235
2026-06-01 13:09:36.157,2202915613,123157,BME280,28.16,1007.23,50.235
2026-06-01 13:09:37.357,2202916813,123357,BME280,28.16,1007.23,50.235
2026-06-01 13:09:37.557,2202917013,123557,BME280,28.16,1007.23,50.235
2026-06-01 13:09:37.757,2202917213,123757,BME280,28.17,1007.23,50.212
2026-06-01 13:09:37.957,2202917413,123957,BME280,28.17,1007.23,50.212
2026-06-01 13:09:37.157,2202916613,124157,BME280,28.17,1007.23,50.212
2026-06-01 13:09:38.357,2202917813,124357,BME280,28.17,1007.23,50.212
2026-06-01 13:09:38.557,2202918013,124557,BME280,28.17,1007.23,50.212
2026-06-01 13:09:38.757,2202918213,124757,BME280,28.16,1007.22,50.307
2026-06-01 13:09:38.957,2202918413,124957,BME280,28.16,1007.22,50.307
2026-06-01 13:09:38.157,2202917613,125157,BME280,28.16,1007.22,50.307
2026-06-01 13:09:39.357,2202918813,125357,BME280,28.16,1007.22,50.307
2026-06-01 13:09:39.557,2202919013,125557,BME280,28.16,1007.22,50.307
2026-06-01 13:09:39.757,2202919213,125757,BME280,28.17,1007.22,50.366
2026-06-01 13:09:39.957,2202919413,125957,BME280,28.17,1007.22,50.366
2026-06-01 13:09:39.157,2202918613,126157,BME280,28.17,1007.22,50.366
2026-06-01 13:09:40.357,2202919813,126357,BME280,28.17,1007.22,50.366
2026-06-01 13:09:40.557,2202920013,126557,BME280,28.17,1007.22,50.366
2026-06-01 13:09:40.757,2202920213,126757,BME280,28.18,1007.21,50.414
2026-06-01 13:09:40.957,2202920413,126957,BME280,28.18,1007.21,50.414
2026-06-01 13:09:40.157,2202919613,127157,BME280,28.18,1007.21,50.414
2026-06-01 13:09:41.357,2202920813,127357,BME280,28.18,1007.21,50.414
2026-06-01 13:09:41.557,2202921013,127557,BME280,28.18,1007.21,50.414
2026-06-01 13:09:41.757,2202921213,127757,BME280,28.18,1007.23,50.214
2026-06-01 13:09:41.957,2202921413,127957,BME280,28.18,1007.23,50.214
2026-06-01 13:09:41.157,2202920613,128157,BME280,28.18,1007.23,50.214
2026-06-01 13:09:42.357,2202921813,128357,BME280,28.18,1007.23,50.214
2026-06-01 13:09:42.557,2202922013,128557,BME280,28.18,1007.23,50.214
2026-06-01 13:09:42.757,2202922213,128757,BME280,28.19,1007.24,50.181
2026-06-01 13:09:42.957,2202922413,128957,BME280,28.19,1007.24,50.181
2026-06-01 13:09:42.157,2202921613,129157,BME280,28.19,1007.24,50.181
2026-06-01 13:09:43.357,2202922813,129357,BME280,28.19,1007.24,50.181
2026-06-01 13:09:43.557,2202923013,129557,BME280,28.19,1007.24,50.181
2026-06-01 13:09:43.757,2202923213,129757,BME280,28.18,1007.21,50.429
2026-06-01 13:09:43.007,2202922463,130007,BME280,28.18,1007.21,50.429
2026-06-01 13:09:43.207,2202922663,130207,BME280,28.18,1007.21,50.429
2026-06-01 13:09:44.407,2202923863,130407,BME280,28.18,1007.21,50.429
2026-06-01 13:09:44.607,2202924063,130607,BME280,28.18,1007.21,50.429
2026-06-01 13:09:44.807,2202924263,130807,BME280,28.18,1007.21,50.417
2026-06-01 13:09:44.007,2202923463,131007,BME280,28.18,1007.21,50.417
2026-06-01 13:09:44.207,2202923663,131207,BME280,28.18,1007.21,50.417
2026-06-01 13:09:45.407,2202924863,131407,BME280,28.18,1007.21,50.417
2026-06-01 13:09:45.607,2202925063,131607,BME280,28.18,1007.21,50.417
2026-06-01 13:09:45.807,2202925263,131807,BME280,28.18,1007.22,50.302
2026-06-01 13:09:45.007,2202924463,132007,BME280,28.18,1007.22,50.302
2026-06-01 13:09:45.207,2202924663,132207,BME280,28.18,1007.22,50.302
2026-06-01 13:09:46.407,2202925863,132407,BME280,28.18,1007.22,50.302
2026-06-01 13:09:46.607,2202926063,132607,BME280,28.18,1007.22,50.302
2026-06-01 13:09:46.807,2202926263,132807,BME280,28.19,1007.2,50.455
2026-06-01 13:09:46.007,2202925463,133007,BME280,28.19,1007.2,50.455
2026-06-01 13:09:46.207,2202925663,133207,BME280,28.19,1007.2,50.455
2026-06-01 13:09:47.407,2202926863,133407,BME280,28.19,1007.2,50.455
2026-06-01 13:09:47.607,2202927063,133607,BME280,28.19,1007.2,50.455
2026-06-01 13:09:47.807,2202927263,133807,BME280,28.18,1007.21,50.403
2026-06-01 13:09:47.007,2202926463,134007,BME280,28.18,1007.21,50.403
2026-06-01 13:09:47.207,2202926663,134207,BME280,28.18,1007.21,50.403
2026-06-01 13:09:48.407,2202927863,134407,BME280,28.18,1007.21,50.403
2026-06-01 13:09:48.607,2202928063,134607,BME280,28.18,1007.21,50.403
2026-06-01 13:09:48.807,2202928263,134807,BME280,28.19,1007.24,50.191
2026-06-01 13:09:48.007,2202927463,135007,BME280,28.19,1007.24,50.191
2026-06-01 13:09:48.207,2202927663,135207,BME280,28.19,1007.24,50.191
2026-06-01 13:09:49.407,2202928863,135407,BME280,28.19,1007.24,50.191
2026-06-01 13:09:49.607,2202929063,135607,BME280,28.19,1007.24,50.191
2026-06-01 13:09:49.807,2202929263,135807,BME280,28.19,1007.23,50.24
2026-06-01 13:09:49.007,2202928463,136007,BME280,28.19,1007.23,50.24
2026-06-01 13:09:49.207,2202928663,136207,BME280,28.19,1007.23,50.24
2026-06-01 13:09:50.407,2202929863,136407,BME280,28.19,1007.23,50.24
2026-06-01 13:09:50.607,2202930063,136607,BME280,28.19,1007.23,50.24
2026-06-01 13:09:50.807,2202930263,136807,BME280,28.2,1007.21,50.399
2026-06-01 13:09:50.007,2202929463,137007,BME280,28.2,1007.21,50.399
2026-06-01 13:09:50.207,2202929663,137207,BME280,28.2,1007.21,50.399
2026-06-01 13:09:51.407,2202930863,137407,BME280,28.2,1007.21,50.399
2026-06-01 13:09:51.607,2202931063,137607,BME280,28.2,1007.21,50.399
2026-06-01 13:09:51.807,2202931263,137807,BME280,28.2,1007.2,50.504
2026-06-01 13:09:51.007,2202930463,138007,BME280,28.2,1007.2,50.504
NTP_NOT_SET,,16442,BME280,29.28,1007.25,50.05
NTP_NOT_SET,,16642,BME280,29.28,1007.25,50.05
NTP_NOT_SET,,16842,BME280,29.28,1007.25,50.05
NTP_NOT_SET,,17042,BME280,29.28,1007.25,50.05
NTP_NOT_SET,,17242,BME280,29.28,1007.23,50.229
NTP_NOT_SET,,17442,BME280,29.28,1007.23,50.229
NTP_NOT_SET,,17642,BME280,29.28,1007.23,50.229
NTP_NOT_SET,,17842,BME280,29.28,1007.23,50.229
NTP_NOT_SET,,18042,BME280,29.28,1007.23,50.229
NTP_NOT_SET,,18242,BME280,29.29,1007.25,50.106
NTP_NOT_SET,,18442,BME280,29.29,1007.25,50.106
NTP_NOT_SET,,18642,BME280,29.29,1007.25,50.106
NTP_NOT_SET,,18842,BME280,29.29,1007.25,50.106
NTP_NOT_SET,,19042,BME280,29.29,1007.25,50.106
NTP_NOT_SET,,19242,BME280,29.29,1007.25,50.095
NTP_NOT_SET,,19528,BME280,29.29,1007.25,50.095
NTP_NOT_SET,,19728,BME280,29.29,1007.25,50.095
NTP_NOT_SET,,19928,BME280,29.29,1007.25,50.095
NTP_NOT_SET,,20128,BME280,29.29,1007.25,50.095
NTP_NOT_SET,,20328,BME280,29.3,1007.24,50.15
NTP_NOT_SET,,20528,BME280,29.3,1007.24,50.15
NTP_NOT_SET,,20728,BME280,29.3,1007.24,50.15
NTP_NOT_SET,,20928,BME280,29.3,1007.24,50.15
NTP_NOT_SET,,21128,BME280,29.3,1007.24,50.15
NTP_NOT_SET,,21328,BME280,29.3,1007.25,50.092
NTP_NOT_SET,,21528,BME280,29.3,1007.25,50.092
NTP_NOT_SET,,21728,BME280,29.3,1007.25,50.092
NTP_NOT_SET,,21928,BME280,29.3,1007.25,50.092
NTP_NOT_SET,,22128,BME280,29.3,1007.25,50.092
NTP_NOT_SET,,22328,BME280,29.31,1007.24,50.146
NTP_NOT_SET,,22528,BME280,29.31,1007.24,50.146
NTP_NOT_SET,,22728,BME280,29.31,1007.24,50.146
NTP_NOT_SET,,22928,BME280,29.31,1007.24,50.146
NTP_NOT_SET,,23128,BME280,29.31,1007.24,50.146
NTP_NOT_SET,,23328,BME280,29.32,1007.22,50.325
NTP_NOT_SET,,23528,BME280,29.32,1007.22,50.325
NTP_NOT_SET,,23728,BME280,29.32,1007.22,50.325
NTP_NOT_SET,,23928,BME280,29.32,1007.22,50.325
NTP_NOT_SET,,24128,BME280,29.32,1007.22,50.325
NTP_NOT_SET,,24328,BME280,29.32,1007.23,50.233
NTP_NOT_SET,,24528,BME280,29.32,1007.23,50.233
NTP_NOT_SET,,24728,BME280,29.32,1007.23,50.233
NTP_NOT_SET,,24928,BME280,29.32,1007.23,50.233
NTP_NOT_SET,,25128,BME280,29.32,1007.23,50.233
NTP_NOT_SET,,25328,BME280,29.33,1007.22,50.361
NTP_NOT_SET,,25528,BME280,29.33,1007.22,50.361
NTP_NOT_SET,,25728,BME280,29.33,1007.22,50.361
NTP_NOT_SET,,25928,BME280,29.33,1007.22,50.361
NTP_NOT_SET,,26128,BME280,29.33,1007.22,50.361
NTP_NOT_SET,,26328,BME280,29.33,1007.22,50.307
NTP_NOT_SET,,26528,BME280,29.33,1007.22,50.307
NTP_NOT_SET,,26728,BME280,29.33,1007.22,50.307
2026-06-01 13:11:57.883,2203057339,8883,BME280,29.37,1007.25,50.052
2026-06-01 13:11:57.083,2203056539,9083,BME280,29.37,1007.25,50.052
2026-06-01 13:11:58.283,2203057739,9283,BME280,29.38,1007.27,49.911
2026-06-01 13:11:58.483,2203057939,9483,BME280,29.38,1007.27,49.911
2026-06-01 13:11:58.683,2203058139,9683,BME280,29.38,1007.27,49.911
2026-06-01 13:11:58.883,2203058339,9883,BME280,29.38,1007.27,49.911
2026-06-01 13:11:58.083,2203057539,10083,BME280,29.38,1007.27,49.911
2026-06-01 13:11:59.283,2203058739,10283,BME280,29.39,1007.27,49.867
2026-06-01 13:11:59.483,2203058939,10483,BME280,29.39,1007.27,49.867
2026-06-01 13:11:59.683,2203059139,10683,BME280,29.39,1007.27,49.867
2026-06-01 13:11:59.883,2203059339,10883,BME280,29.39,1007.27,49.867
2026-06-01 13:11:59.083,2203058539,11083,BME280,29.39,1007.27,49.867
2026-06-01 13:12:00.283,2203059739,11283,BME280,29.38,1007.25,50.061
2026-06-01 13:12:00.483,2203059939,11483,BME280,29.38,1007.25,50.061
2026-06-01 13:12:00.683,2203060139,11683,BME280,29.38,1007.25,50.061
2026-06-01 13:12:00.883,2203060339,11883,BME280,29.38,1007.25,50.061
2026-06-01 13:12:00.083,2203059539,12083,BME280,29.38,1007.25,50.061
2026-06-01 13:12:01.283,2203060739,12283,BME280,29.39,1007.27,49.949
2026-06-01 13:12:01.483,2203060939,12483,BME280,29.39,1007.27,49.949
2026-06-01 13:12:01.683,2203061139,12683,BME280,29.39,1007.27,49.949
2026-06-01 13:12:01.883,2203061339,12883,BME280,29.39,1007.27,49.949
2026-06-01 13:12:01.083,2203060539,13083,BME280,29.39,1007.27,49.949
2026-06-01 13:12:02.283,2203061739,13283,BME280,29.39,1007.22,50.306
2026-06-01 13:12:02.483,2203061939,13483,BME280,29.39,1007.22,50.306
2026-06-01 13:12:02.683,2203062139,13683,BME280,29.39,1007.22,50.306
2026-06-01 13:12:02.883,2203062339,13883,BME280,29.39,1007.22,50.306
2026-06-01 13:12:02.083,2203061539,14083,BME280,29.39,1007.22,50.306
2026-06-01 13:12:03.283,2203062739,14283,BME280,29.4,1007.25,50.109
2026-06-01 13:12:03.483,2203062939,14483,BME280,29.4,1007.25,50.109
2026-06-01 13:12:03.683,2203063139,14683,BME280,29.4,1007.25,50.109
2026-06-01 13:12:03.883,2203063339,14883,BME280,29.4,1007.25,50.109
2026-06-01 13:12:03.083,2203062539,15083,BME280,29.4,1007.25,50.109
2026-06-01 13:12:04.283,2203063739,15283,BME280,29.4,1007.24,50.181
2026-06-01 13:12:04.483,2203063939,15483,BME280,29.4,1007.24,50.181
2026-06-01 13:12:04.683,2203064139,15683,BME280,29.4,1007.24,50.181
2026-06-01 13:12:04.883,2203064339,15883,BME280,29.4,1007.24,50.181
2026-06-01 13:12:04.083,2203063539,16083,BME280,29.4,1007.24,50.181
2026-06-01 13:12:05.283,2203064739,16283,BME280,29.4,1007.24,50.147
2026-06-01 13:12:05.483,2203064939,16483,BME280,29.4,1007.24,50.147
2026-06-01 13:12:05.683,2203065139,16683,BME280,29.4,1007.24,50.147
2026-06-01 13:12:05.883,2203065339,16883,BME280,29.4,1007.24,50.147
2026-06-01 13:12:05.083,2203064539,17083,BME280,29.4,1007.24,50.147
2026-06-01 13:12:06.283,2203065739,17283,BME280,29.42,1007.24,50.193
2026-06-01 13:12:06.483,2203065939,17483,BME280,29.42,1007.24,50.193
2026-06-01 13:12:06.683,2203066139,17683,BME280,29.42,1007.24,50.193
2026-06-01 13:12:06.883,2203066339,17883,BME280,29.42,1007.24,50.193
2026-06-01 13:12:06.083,2203065539,18083,BME280,29.42,1007.24,50.193
2026-06-01 13:12:07.283,2203066739,18283,BME280,29.41,1007.25,50.068
2026-06-01 13:12:07.483,2203066939,18483,BME280,29.41,1007.25,50.068
2026-06-01 13:12:07.683,2203067139,18683,BME280,29.41,1007.25,50.068
2026-06-01 13:12:10.574,2203070030,21574,BME280,29.42,1007.25,50.107
2026-06-01 13:12:10.774,2203070230,21774,BME280,29.42,1007.25,50.107
2026-06-01 13:12:10.974,2203070430,21974,BME280,29.42,1007.25,50.107
2026-06-01 13:12:10.174,2203069630,22174,BME280,29.42,1007.25,50.107
2026-06-01 13:12:11.374,2203070830,22374,BME280,29.42,1007.24,50.195
2026-06-01 13:12:11.574,2203071030,22574,BME280,29.42,1007.24,50.195
2026-06-01 13:12:11.774,2203071230,22774,BME280,29.42,1007.24,50.195
2026-06-01 13:12:11.974,2203071430,22974,BME280,29.42,1007.24,50.195
2026-06-01 13:12:11.174,2203070630,23174,BME280,29.42,1007.24,50.195
2026-06-01 13:12:12.374,2203071830,23374,BME280,29.43,1007.23,50.248
2026-06-01 13:12:12.574,2203072030,23574,BME280,29.43,1007.23,50.248
2026-06-01 13:12:12.774,2203072230,23774,BME280,29.43,1007.23,50.248
2026-06-01 13:12:12.974,2203072430,23974,BME280,29.43,1007.23,50.248
2026-06-01 13:12:12.174,2203071630,24174,BME280,29.43,1007.23,50.248
2026-06-01 13:12:13.374,2203072830,24374,BME280,29.44,1007.26,50.008
2026-06-01 13:12:13.574,2203073030,24574,BME280,29.44,1007.26,50.008
2026-06-01 13:12:13.774,2203073230,24774,BME280,29.44,1007.26,50.008
2026-06-01 13:12:13.974,2203073430,24974,BME280,29.44,1007.26,50.008
2026-06-01 13:12:13.174,2203072630,25174,BME280,29.44,1007.25,50.051
2026-06-01 13:12:14.374,2203073830,25374,BME280,29.44,1007.25,50.051
2026-06-01 13:12:14.574,2203074030,25574,BME280,29.44,1007.25,50.051
2026-06-01 13:12:14.774,2203074230,25774,BME280,29.44,1007.25,50.051
2026-06-01 13:12:14.974,2203074430,25974,BME280,29.44,1007.25,50.051
2026-06-01 13:12:14.174,2203073630,26174,BME280,29.45,1007.25,50.081
2026-06-01 13:12:15.374,2203074830,26374,BME280,29.45,1007.25,50.081
2026-06-01 13:12:15.574,2203075030,26574,BME280,29.45,1007.25,50.081
2026-06-01 13:12:15.774,2203075230,26774,BME280,29.45,1007.25,50.081
2026-06-01 13:12:15.974,2203075430,26974,BME280,29.45,1007.25,50.081
2026-06-01 13:12:15.174,2203074630,27174,BME280,29.45,1007.25,50.106
2026-06-01 13:12:16.374,2203075830,27374,BME280,29.45,1007.25,50.106
2026-06-01 13:12:16.574,2203076030,27574,BME280,29.45,1007.25,50.106
2026-06-01 13:12:16.774,2203076230,27774,BME280,29.45,1007.25,50.106
2026-06-01 13:12:16.974,2203076430,27974,BME280,29.45,1007.25,50.106
2026-06-01 13:12:16.174,2203075630,28174,BME280,29.45,1007.25,50.054
2026-06-01 13:12:19.155,2203078611,31155,BME280,29.46,1007.25,50.044
2026-06-01 13:12:20.355,2203079811,31355,BME280,29.46,1007.25,50.044
2026-06-01 13:12:20.555,2203080011,31555,BME280,29.46,1007.25,50.044
2026-06-01 13:12:20.755,2203080211,31755,BME280,29.46,1007.25,50.044
2026-06-01 13:12:20.955,2203080411,31955,BME280,29.46,1007.25,50.044
2026-06-01 13:12:20.155,2203079611,32155,BME280,29.47,1007.24,50.142
2026-06-01 13:12:21.355,2203080811,32355,BME280,29.47,1007.24,50.142
2026-06-01 13:12:21.555,2203081011,32555,BME280,29.47,1007.24,50.142
2026-06-01 13:12:21.755,2203081211,32755,BME280,29.47,1007.24,50.142
2026-06-01 13:12:21.955,2203081411,32955,BME280,29.47,1007.24,50.142
2026-06-01 13:12:21.155,2203080611,33155,BME280,29.47,1007.24,50.147
2026-06-01 13:12:22.355,2203081811,33355,BME280,29.47,1007.24,50.147
2026-06-01 13:12:22.555,2203082011,33555,BME280,29.47,1007.24,50.147
2026-06-01 13:12:22.755,2203082211,33755,BME280,29.47,1007.24,50.147
2026-06-01 13:12:22.955,2203082411,33955,BME280,29.47,1007.24,50.147
2026-06-01 13:12:22.155,2203081611,34155,BME280,29.47,1007.25,50.046
2026-06-01 13:12:23.355,2203082811,34355,BME280,29.47,1007.25,50.046
2026-06-01 13:12:23.555,2203083011,34555,BME280,29.47,1007.25,50.046
2026-06-01 13:12:23.755,2203083211,34755,BME280,29.47,1007.25,50.046
2026-06-01 13:12:23.955,2203083411,34955,BME280,29.47,1007.25,50.046
2026-06-01 13:12:23.155,2203082611,35155,BME280,29.48,1007.22,50.283
2026-06-01 13:12:24.355,2203083811,35355,BME280,29.48,1007.22,50.283
2026-06-01 13:12:24.555,2203084011,35555,BME280,29.48,1007.22,50.283
2026-06-01 13:12:24.755,2203084211,35755,BME280,29.48,1007.22,50.283
2026-06-01 13:12:24.955,2203084411,35955,BME280,29.48,1007.22,50.283
2026-06-01 13:12:24.155,2203083611,36155,BME280,29.48,1007.23,50.26
2026-06-01 13:12:25.355,2203084811,36355,BME280,29.48,1007.23,50.26
2026-06-01 13:12:25.597,2203085053,36597,BME280,29.48,1007.23,50.26
2026-06-01 13:12:25.797,2203085253,36797,BME280,29.48,1007.23,50.26
2026-06-01 13:12:25.997,2203085453,36997,BME280,29.48,1007.23,50.26
2026-06-01 13:12:25.197,2203084653,37197,BME280,29.48,1007.25,50.1
2026-06-01 13:12:26.397,2203085853,37397,BME280,29.48,1007.25,50.1
2026-06-01 13:12:26.597,2203086053,37597,BME280,29.48,1007.25,50.1
2026-06-01 13:12:26.825,2203086281,37824,BME280,29.48,1007.25,50.1
2026-06-01 13:12:26.024,2203085480,38024,BME280,29.48,1007.25,50.1
2026-06-01 13:12:26.224,2203085680,38224,BME280,29.49,1007.25,50.048
2026-06-01 13:12:27.424,2203086880,38424,BME280,29.49,1007.25,50.048
2026-06-01 13:12:27.624,2203087080,38624,BME280,29.49,1007.25,50.048
2026-06-01 13:12:27.824,2203087280,38824,BME280,29.49,1007.25,50.048
2026-06-01 13:12:27.024,2203086480,39024,BME280,29.49,1007.25,50.048
2026-06-01 13:12:27.224,2203086680,39224,BME280,29.49,1007.23,50.261
2026-06-01 13:12:28.424,2203087880,39424,BME280,29.49,1007.23,50.261
2026-06-01 13:12:28.624,2203088080,39624,BME280,29.49,1007.23,50.261
2026-06-01 13:12:28.824,2203088280,39824,BME280,29.49,1007.23,50.261
2026-06-01 13:12:28.024,2203087480,40024,BME280,29.49,1007.23,50.261
2026-06-01 13:12:28.224,2203087680,40224,BME280,29.49,1007.22,50.333
2026-06-01 13:12:29.424,2203088880,40424,BME280,29.49,1007.22,50.333
2026-06-01 13:12:29.624,2203089080,40624,BME280,29.49,1007.22,50.333
2026-06-01 13:12:29.824,2203089280,40824,BME280,29.49,1007.22,50.333
2026-06-01 13:12:29.024,2203088480,41024,BME280,29.49,1007.22,50.333
2026-06-01 13:12:29.224,2203088680,41224,BME280,29.49,1007.24,50.126
2026-06-01 13:12:30.424,2203089880,41424,BME280,29.49,1007.24,50.126
2026-06-01 13:12:30.624,2203090080,41624,BME280,29.49,1007.24,50.126
2026-06-01 13:12:30.824,2203090280,41824,BME280,29.49,1007.24,50.126
2026-06-01 13:12:30.024,2203089480,42024,BME280,29.49,1007.24,50.126
2026-06-01 13:12:30.224,2203089680,42224,BME280,29.5,1007.26,50.016
2026-06-01 13:12:31.424,2203090880,42424,BME280,29.5,1007.26,50.016
2026-06-01 13:12:31.624,2203091080,42624,BME280,29.5,1007.26,50.016
2026-06-01 13:12:31.824,2203091280,42824,BME280,29.5,1007.26,50.016
2026-06-01 13:12:31.024,2203090480,43024,BME280,29.5,1007.26,50.016
2026-06-01 13:12:31.224,2203090680,43224,BME280,29.5,1007.25,50.069
2026-06-01 13:12:32.424,2203091880,43424,BME280,29.5,1007.25,50.069
2026-06-01 13:12:32.624,2203092080,43624,BME280,29.5,1007.25,50.069
2026-06-01 13:12:32.824,2203092280,43824,BME280,29.5,1007.25,50.069
2026-06-01 13:12:32.024,2203091480,44024,BME280,29.5,1007.25,50.069
2026-06-01 13:12:32.224,2203091680,44224,BME280,29.51,1007.26,50.007
2026-06-01 13:12:33.424,2203092880,44424,BME280,29.51,1007.26,50.007
2026-06-01 13:12:33.624,2203093080,44624,BME280,29.51,1007.26,50.007
2026-06-01 13:12:33.824,2203093280,44824,BME280,29.51,1007.26,50.007
2026-06-01 13:12:33.024,2203092480,45024,BME280,29.51,1007.26,50.007
2026-06-01 13:12:33.224,2203092680,45224,BME280,29.51,1007.24,50.157
2026-06-01 13:12:34.424,2203093880,45424,BME280,29.51,1007.24,50.157
2026-06-01 13:12:34.624,2203094080,45624,BME280,29.51,1007.24,50.157
2026-06-01 13:12:34.824,2203094280,45824,BME280,29.51,1007.24,50.157
2026-06-01 13:12:34.024,2203093480,46024,BME280,29.51,1007.24,50.157
2026-06-01 13:12:34.224,2203093680,46224,BME280,29.52,1007.22,50.32
2026-06-01 13:12:35.424,2203094880,46424,BME280,29.52,1007.22,50.32
2026-06-01 13:12:35.624,2203095080,46624,BME280,29.52,1007.22,50.32
2026-06-01 13:12:35.824,2203095280,46824,BME280,29.52,1007.22,50.32
2026-06-01 13:12:35.024,2203094480,47024,BME280,29.52,1007.22,50.32
2026-06-01 13:12:35.224,2203094680,47224,BME280,29.52,1007.26,49.978
2026-06-01 13:12:36.424,2203095880,47424,BME280,29.52,1007.26,49.978
2026-06-01 13:12:36.624,2203096080,47624,BME280,29.52,1007.26,49.978
2026-06-01 13:12:36.824,2203096280,47824,BME280,29.52,1007.26,49.978
2026-06-01 13:12:36.024,2203095480,48024,BME280,29.52,1007.26,49.978
2026-06-01 13:12:36.224,2203095680,48224,BME280,29.52,1007.23,50.257
2026-06-01 13:12:37.424,2203096880,48424,BME280,29.52,1007.23,50.257
2026-06-01 13:12:37.624,2203097080,48624,BME280,29.52,1007.23,50.257
2026-06-01 13:12:37.824,2203097280,48824,BME280,29.52,1007.23,50.257
2026-06-01 13:12:37.024,2203096480,49024,BME280,29.52,1007.23,50.257
2026-06-01 13:12:37.224,2203096680,49224,BME280,29.52,1007.24,50.147
2026-06-01 13:12:38.424,2203097880,49424,BME280,29.52,1007.24,50.147
2026-06-01 13:12:38.624,2203098080,49624,BME280,29.52,1007.24,50.147
2026-06-01 13:12:38.824,2203098280,49824,BME280,29.52,1007.24,50.147
2026-06-01 13:12:38.024,2203097480,50024,BME280,29.52,1007.24,50.147
2026-06-01 13:12:38.224,2203097680,50224,BME280,29.52,1007.2,50.509
2026-06-01 13:12:39.424,2203098880,50424,BME280,29.52,1007.2,50.509
2026-06-01 13:12:39.624,2203099080,50624,BME280,29.52,1007.2,50.509
2026-06-01 13:12:39.824,2203099280,50824,BME280,29.52,1007.2,50.509
2026-06-01 13:12:39.024,2203098480,51024,BME280,29.52,1007.2,50.509
2026-06-01 13:12:39.224,2203098680,51224,BME280,29.53,1007.21,50.432
2026-06-01 13:12:40.424,2203099880,51424,BME280,29.53,1007.21,50.432
2026-06-01 13:12:40.624,2203100080,51624,BME280,29.53,1007.21,50.432
2026-06-01 13:12:40.824,2203100280,51824,BME280,29.53,1007.21,50.432
2026-06-01 13:12:40.024,2203099480,52024,BME280,29.53,1007.23,50.224
2026-06-01 13:12:40.224,2203099680,52224,BME280,29.53,1007.23,50.224
2026-06-01 13:12:41.424,2203100880,52424,BME280,29.53,1007.23,50.224
2026-06-01 13:12:41.624,2203101080,52624,BME280,29.53,1007.23,50.224
2026-06-01 13:12:41.824,2203101280,52824,BME280,29.53,1007.23,50.224
2026-06-01 13:12:41.024,2203100480,53024,BME280,29.53,1007.21,50.433
2026-06-01 13:12:41.224,2203100680,53224,BME280,29.53,1007.21,50.433
2026-06-01 13:12:42.424,2203101880,53424,BME280,29.53,1007.21,50.433
2026-06-01 13:12:42.624,2203102080,53624,BME280,29.53,1007.21,50.433
2026-06-01 13:12:42.824,2203102280,53824,BME280,29.53,1007.21,50.433
2026-06-01 13:12:42.024,2203101480,54024,BME280,29.54,1007.19,50.555
2026-06-01 13:12:42.224,2203101680,54224,BME280,29.54,1007.19,50.555
2026-06-01 13:12:43.424,2203102880,54424,BME280,29.54,1007.19,50.555
2026-06-01 13:12:43.624,2203103080,54624,BME280,29.54,1007.19,50.555
2026-06-01 13:12:43.824,2203103280,54824,BME280,29.54,1007.19,50.555
2026-06-01 13:12:43.024,2203102480,55024,BME280,29.54,1007.2,50.463
2026-06-01 13:12:43.224,2203102680,55224,BME280,29.54,1007.2,50.463
2026-06-01 13:12:44.424,2203103880,55424,BME280,29.54,1007.2,50.463
2026-06-01 13:12:44.624,2203104080,55624,BME280,29.54,1007.2,50.463
2026-06-01 13:12:44.824,2203104280,55824,BME280,29.54,1007.2,50.463
2026-06-01 13:12:44.024,2203103480,56024,BME280,29.54,1007.22,50.366
2026-06-01 13:12:44.224,2203103680,56224,BME280,29.54,1007.22,50.366
2026-06-01 13:12:45.424,2203104880,56424,BME280,29.54,1007.22,50.366
2026-06-01 13:12:45.624,2203105080,56624,BME280,29.54,1007.22,50.366
2026-06-01 13:12:48.607,2203108063,59607,BME280,29.55,1007.21,50.42
2026-06-01 13:12:48.807,2203108263,59807,BME280,29.55,1007.21,50.42
2026-06-01 13:12:48.007,2203107463,60007,BME280,29.57,1007.21,50.404
2026-06-01 13:12:48.207,2203107663,60207,BME280,29.57,1007.21,50.404
2026-06-01 13:12:49.407,2203108863,60407,BME280,29.57,1007.21,50.404
2026-06-01 13:12:49.607,2203109063,60607,BME280,29.57,1007.21,50.404
2026-06-01 13:12:49.807,2203109263,60807,BME280,29.57,1007.21,50.404
2026-06-01 13:12:49.007,2203108463,61007,BME280,29.57,1007.21,50.404
2026-06-01 13:12:49.207,2203108663,61207,BME280,29.57,1007.21,50.404
2026-06-01 13:12:50.407,2203109863,61407,BME280,29.57,1007.21,50.404
2026-06-01 13:12:50.607,2203110063,61607,BME280,29.57,1007.21,50.404
2026-06-01 13:12:50.807,2203110263,61807,BME280,29.57,1007.21,50.404
2026-06-01 13:12:50.007,2203109463,62007,BME280,29.57,1007.24,50.154
2026-06-01 13:12:50.207,2203109663,62207,BME280,29.57,1007.24,50.154
2026-06-01 13:12:51.407,2203110863,62407,BME280,29.57,1007.24,50.154
2026-06-01 13:12:51.607,2203111063,62607,BME280,29.57,1007.24,50.154
2026-06-01 13:12:51.807,2203111263,62807,BME280,29.57,1007.24,50.154
2026-06-01 13:12:51.007,2203110463,63007,BME280,29.58,1007.22,50.367
2026-06-01 13:12:51.207,2203110663,63207,BME280,29.58,1007.22,50.367
2026-06-01 13:12:52.407,2203111863,63407,BME280,29.58,1007.22,50.367
2026-06-01 13:12:52.607,2203112063,63607,BME280,29.58,1007.22,50.367
2026-06-01 13:12:52.807,2203112263,63807,BME280,29.58,1007.22,50.367
2026-06-01 13:12:52.007,2203111463,64007,BME280,29.57,1007.2,50.511
2026-06-01 13:12:52.207,2203111663,64207,BME280,29.57,1007.2,50.511
2026-06-01 13:12:53.407,2203112863,64407,BME280,29.57,1007.2,50.511
2026-06-01 13:12:53.607,2203113063,64607,BME280,29.57,1007.2,50.511
2026-06-01 13:12:53.807,2203113263,64807,BME280,29.57,1007.2,50.511
2026-06-01 13:12:53.007,2203112463,65007,BME280,29.58,1007.2,50.488
2026-06-01 13:12:53.207,2203112663,65207,BME280,29.58,1007.2,50.488
2026-06-01 13:12:54.407,2203113863,65407,BME280,29.58,1007.2,50.488
2026-06-01 13:12:54.607,2203114063,65607,BME280,29.58,1007.2,50.488
2026-06-01 13:12:54.807,2203114263,65807,BME280,29.58,1007.2,50.488
2026-06-01 13:12:54.007,2203113463,66007,BME280,29.58,1007.22,50.295
2026-06-01 13:12:54.207,2203113663,66207,BME280,29.58,1007.22,50.295
2026-06-01 13:12:55.407,2203114863,66407,BME280,29.58,1007.22,50.295
2026-06-01 13:12:55.607,2203115063,66607,BME280,29.58,1007.22,50.295
2026-06-01 13:12:55.807,2203115263,66807,BME280,29.58,1007.22,50.295
2026-06-01 13:12:55.007,2203114463,67007,BME280,29.58,1007.2,50.507
2026-06-01 13:12:55.207,2203114663,67207,BME280,29.58,1007.2,50.507
2026-06-01 13:12:56.407,2203115863,67407,BME280,29.58,1007.2,50.507
2026-06-01 13:12:56.607,2203116063,67607,BME280,29.58,1007.2,50.507
2026-06-01 13:12:56.807,2203116263,67807,BME280,29.58,1007.2,50.507
2026-06-01 13:12:56.007,2203115463,68007,BME280,29.59,1007.21,50.407
2026-06-01 13:12:56.207,2203115663,68207,BME280,29.59,1007.21,50.407
2026-06-01 13:12:57.407,2203116863,68407,BME280,29.59,1007.21,50.407
2026-06-01 13:12:57.650,2203117106,68650,BME280,29.59,1007.21,50.407
2026-06-01 13:12:57.850,2203117306,68850,BME280,29.59,1007.21,50.407
2026-06-01 13:12:57.050,2203116506,69050,BME280,29.59,1007.22,50.334
2026-06-01 13:12:58.250,2203117706,69250,BME280,29.59,1007.22,50.334
2026-06-01 13:12:58.450,2203117906,69450,BME280,29.59,1007.22,50.334
2026-06-01 13:12:58.650,2203118106,69650,BME280,29.59,1007.22,50.334
2026-06-01 13:12:58.879,2203118335,69879,BME280,29.59,1007.22,50.334
2026-06-01 13:12:58.079,2203117535,70079,BME280,29.59,1007.19,50.562
2026-06-01 13:12:59.279,2203118735,70279,BME280,29.59,1007.19,50.562
2026-06-01 13:12:59.479,2203118935,70479,BME280,29.59,1007.19,50.562
2026-06-01 13:12:59.679,2203119135,70679,BME280,29.59,1007.19,50.562
2026-06-01 13:12:59.879,2203119335,70879,BME280,29.59,1007.19,50.562
2026-06-01 13:12:59.079,2203118535,71079,BME280,29.6,1007.21,50.394
2026-06-01 13:13:00.279,2203119735,71279,BME280,29.6,1007.21,50.394
2026-06-01 13:13:00.479,2203119935,71479,BME280,29.6,1007.21,50.394
2026-06-01 13:13:00.679,2203120135,71679,BME280,29.6,1007.21,50.394
2026-06-01 13:13:00.879,2203120335,71879,BME280,29.6,1007.21,50.394
2026-06-01 13:13:00.079,2203119535,72079,BME280,29.6,1007.22,50.355
2026-06-01 13:13:01.279,2203120735,72279,BME280,29.6,1007.22,50.355
2026-06-01 13:13:01.479,2203120935,72479,BME280,29.6,1007.22,50.355
2026-06-01 13:13:01.679,2203121135,72679,BME280,29.6,1007.22,50.355
2026-06-01 13:13:01.879,2203121335,72879,BME280,29.6,1007.22,50.355
2026-06-01 13:13:01.079,2203120535,73079,BME280,29.6,1007.21,50.37
2026-06-01 13:13:02.279,2203121735,73279,BME280,29.6,1007.21,50.37
2026-06-01 13:13:02.479,2203121935,73479,BME280,29.6,1007.21,50.37
2026-06-01 13:13:02.679,2203122135,73679,BME280,29.6,1007.21,50.37
2026-06-01 13:13:02.879,2203122335,73879,BME280,29.6,1007.21,50.37
2026-06-01 13:13:02.079,2203121535,74079,BME280,29.61,1007.21,50.419
2026-06-01 13:13:03.279,2203122735,74279,BME280,29.61,1007.21,50.419
2026-06-01 13:13:03.479,2203122935,74479,BME280,29.61,1007.21,50.419
2026-06-01 13:13:03.679,2203123135,74679,BME280,29.61,1007.21,50.419
2026-06-01 13:13:03.879,2203123335,74879,BME280,29.61,1007.21,50.419
2026-06-01 13:13:03.079,2203122535,75079,BME280,29.61,1007.2,50.535
2026-06-01 13:13:04.279,2203123735,75279,BME280,29.61,1007.2,50.535
2026-06-01 13:13:04.479,2203123935,75479,BME280,29.61,1007.2,50.535
2026-06-01 13:13:04.679,2203124135,75679,BME280,29.61,1007.2,50.535
2026-06-01 13:13:04.879,2203124335,75879,BME280,29.61,1007.2,50.535
2026-06-01 13:13:04.079,2203123535,76079,BME280,29.62,1007.2,50.521
2026-06-01 13:13:05.279,2203124735,76279,BME280,29.62,1007.2,50.521
2026-06-01 13:13:05.479,2203124935,76479,BME280,29.62,1007.2,50.521
2026-06-01 13:13:05.679,2203125135,76679,BME280,29.62,1007.2,50.521
2026-06-01 13:13:05.879,2203125335,76879,BME280,29.62,1007.2,50.521
2026-06-01 13:13:05.079,2203124535,77079,BME280,29.62,1007.2,50.464
2026-06-01 13:13:06.279,2203125735,77279,BME280,29.62,1007.2,50.464
2026-06-01 13:13:06.479,2203125935,77479,BME280,29.62,1007.2,50.464
2026-06-01 13:13:06.679,2203126135,77679,BME280,29.62,1007.2,50.464
2026-06-01 13:13:06.879,2203126335,77879,BME280,29.61,1007.2,50.482
2026-06-01 13:13:06.079,2203125535,78079,BME280,29.61,1007.2,50.482
2026-06-01 13:13:07.279,2203126735,78279,BME280,29.61,1007.2,50.482
2026-06-01 13:13:07.479,2203126935,78479,BME280,29.61,1007.2,50.482
2026-06-01 13:13:07.679,2203127135,78679,BME280,29.61,1007.2,50.482
2026-06-01 13:13:07.879,2203127335,78879,BME280,29.62,1007.22,50.334
2026-06-01 13:13:07.079,2203126535,79079,BME280,29.62,1007.22,50.334
2026-06-01 13:13:08.279,2203127735,79279,BME280,29.62,1007.22,50.334
2026-06-01 13:13:08.479,2203127935,79479,BME280,29.62,1007.22,50.334
2026-06-01 13:13:08.679,2203128135,79679,BME280,29.62,1007.22,50.334
2026-06-01 13:13:08.879,2203128335,79879,BME280,29.62,1007.22,50.32
2026-06-01 13:13:08.079,2203127535,80079,BME280,29.62,1007.22,50.32
2026-06-01 13:13:09.279,2203128735,80279,BME280,29.62,1007.22,50.32
2026-06-01 13:13:09.479,2203128935,80479,BME280,29.62,1007.22,50.32
2026-06-01 13:13:09.679,2203129135,80679,BME280,29.62,1007.22,50.32
2026-06-01 13:13:09.879,2203129335,80879,BME280,29.62,1007.21,50.45
2026-06-01 13:13:09.079,2203128535,81079,BME280,29.62,1007.21,50.45
2026-06-01 13:13:10.279,2203129735,81279,BME280,29.62,1007.21,50.45
2026-06-01 13:13:10.479,2203129935,81479,BME280,29.62,1007.21,50.45
2026-06-01 13:13:10.679,2203130135,81679,BME280,29.62,1007.21,50.45
2026-06-01 13:13:10.879,2203130335,81879,BME280,29.63,1007.2,50.46
2026-06-01 13:13:10.079,2203129535,82079,BME280,29.63,1007.2,50.46
2026-06-01 13:13:11.279,2203130735,82279,BME280,29.63,1007.2,50.46
2026-06-01 13:13:11.479,2203130935,82479,BME280,29.63,1007.2,50.46
2026-06-01 13:13:11.679,2203131135,82679,BME280,29.63,1007.2,50.46
2026-06-01 13:13:11.879,2203131335,82879,BME280,29.64,1007.22,50.297
2026-06-01 13:13:11.079,2203130535,83079,BME280,29.64,1007.22,50.297
2026-06-01 13:13:12.279,2203131735,83279,BME280,29.64,1007.22,50.297
2026-06-01 13:13:12.479,2203131935,83479,BME280,29.64,1007.22,50.297
2026-06-01 13:13:12.679,2203132135,83679,BME280,29.64,1007.22,50.297
2026-06-01 13:13:12.879,2203132335,83879,BME280,29.63,1007.21,50.408
2026-06-01 13:13:12.079,2203131535,84079,BME280,29.63,1007.21,50.408
2026-06-01 13:13:13.279,2203132735,84279,BME280,29.63,1007.21,50.408
2026-06-01 13:13:13.479,2203132935,84479,BME280,29.63,1007.21,50.408
2026-06-01 13:13:13.679,2203133135,84679,BME280,29.63,1007.21,50.408
2026-06-01 13:13:13.879,2203133335,84879,BME280,29.64,1007.23,50.266
2026-06-01 13:13:13.079,2203132535,85079,BME280,29.64,1007.23,50.266
2026-06-01 13:13:14.279,2203133735,85279,BME280,29.64,1007.23,50.266
2026-06-01 13:13:14.479,2203133935,85479,BME280,29.64,1007.23,50.266
2026-06-01 13:13:14.679,2203134135,85679,BME280,29.64,1007.23,50.266
2026-06-01 13:13:14.879,2203134335,85879,BME280,29.64,1007.21,50.406
2026-06-01 13:13:14.079,2203133535,86079,BME280,29.64,1007.21,50.406
2026-06-01 13:13:15.279,2203134735,86279,BME280,29.64,1007.21,50.406
2026-06-01 13:13:15.479,2203134935,86479,BME280,29.64,1007.21,50.406
2026-06-01 13:13:15.679,2203135135,86679,BME280,29.64,1007.21,50.406
2026-06-01 13:13:15.879,2203135335,86879,BME280,29.64,1007.19,50.595
2026-06-01 13:13:15.079,2203134535,87079,BME280,29.64,1007.19,50.595
2026-06-01 13:13:16.279,2203135735,87279,BME280,29.64,1007.19,50.595
2026-06-01 13:13:16.479,2203135935,87479,BME280,29.64,1007.19,50.595
2026-06-01 13:13:16.679,2203136135,87679,BME280,29.64,1007.19,50.595
2026-06-01 13:13:16.879,2203136335,87879,BME280,29.64,1007.21,50.426
2026-06-01 13:13:16.079,2203135535,88079,BME280,29.64,1007.21,50.426
2026-06-01 13:13:17.279,2203136735,88279,BME280,29.64,1007.21,50.426
2026-06-01 13:13:17.479,2203136935,88479,BME280,29.64,1007.21,50.426
2026-06-01 13:13:17.679,2203137135,88679,BME280,29.64,1007.21,50.426
2026-06-01 13:13:17.879,2203137335,88879,BME280,29.64,1007.2,50.504
2026-06-01 13:13:17.079,2203136535,89079,BME280,29.64,1007.2,50.504
2026-06-01 13:13:18.279,2203137735,89279,BME280,29.64,1007.2,50.504
2026-06-01 13:13:18.479,2203137935,89479,BME280,29.64,1007.2,50.504
2026-06-01 13:13:18.679,2203138135,89679,BME280,29.64,1007.2,50.504
2026-06-01 13:13:18.879,2203138335,89879,BME280,29.64,1007.2,50.471
2026-06-01 13:13:18.079,2203137535,90079,BME280,29.64,1007.2,50.471
2026-06-01 13:13:19.279,2203138735,90279,BME280,29.64,1007.2,50.471
2026-06-01 13:13:19.479,2203138935,90479,BME280,29.64,1007.2,50.471
2026-06-01 13:13:19.679,2203139135,90679,BME280,29.64,1007.2,50.471
2026-06-01 13:13:19.879,2203139335,90879,BME280,29.65,1007.21,50.403
2026-06-01 13:13:19.079,2203138535,91079,BME280,29.65,1007.21,50.403
2026-06-01 13:13:20.279,2203139735,91279,BME280,29.65,1007.21,50.403
2026-06-01 13:13:20.479,2203139935,91479,BME280,29.65,1007.21,50.403
2026-06-01 13:13:20.679,2203140135,91679,BME280,29.65,1007.21,50.403
2026-06-01 13:13:20.879,2203140335,91879,BME280,29.65,1007.21,50.443
2026-06-01 13:13:20.079,2203139535,92079,BME280,29.65,1007.21,50.443
2026-06-01 13:13:21.279,2203140735,92279,BME280,29.65,1007.21,50.443
2026-06-01 13:13:21.479,2203140935,92479,BME280,29.65,1007.21,50.443
2026-06-01 13:13:21.679,2203141135,92679,BME280,29.65,1007.21,50.443
2026-06-01 13:13:21.879,2203141335,92879,BME280,29.65,1007.18,50.625
2026-06-01 13:13:21.079,2203140535,93079,BME280,29.65,1007.18,50.625
2026-06-01 13:13:22.279,2203141735,93279,BME280,29.65,1007.18,50.625
2026-06-01 13:13:22.479,2203141935,93479,BME280,29.65,1007.18,50.625
2026-06-01 13:13:22.679,2203142135,93679,BME280,29.65,1007.18,50.625
2026-06-01 13:13:22.879,2203142335,93879,BME280,29.66,1007.2,50.452
2026-06-01 13:13:22.079,2203141535,94079,BME280,29.66,1007.2,50.452
2026-06-01 13:13:23.279,2203142735,94279,BME280,29.66,1007.2,50.452
2026-06-01 13:13:23.479,2203142935,94479,BME280,29.66,1007.2,50.452
2026-06-01 13:13:23.679,2203143135,94679,BME280,29.66,1007.2,50.452
2026-06-01 13:13:23.879,2203143335,94879,BME280,29.66,1007.18,50.64
2026-06-01 13:13:23.079,2203142535,95079,BME280,29.66,1007.18,50.64
2026-06-01 13:13:24.279,2203143735,95279,BME280,29.66,1007.18,50.64
2026-06-01 13:13:24.479,2203143935,95479,BME280,29.66,1007.18,50.64
2026-06-01 13:13:24.679,2203144135,95679,BME280,29.66,1007.18,50.64
2026-06-01 13:13:24.879,2203144335,95879,BME280,29.65,1007.18,50.689
2026-06-01 13:13:24.079,2203143535,96079,BME280,29.65,1007.18,50.689
2026-06-01 13:13:25.279,2203144735,96279,BME280,29.65,1007.18,50.689
2026-06-01 13:13:25.479,2203144935,96479,BME280,29.65,1007.18,50.689
2026-06-01 13:13:25.679,2203145135,96679,BME280,29.65,1007.18,50.689
2026-06-01 13:13:25.879,2203145335,96879,BME280,29.66,1007.19,50.583
2026-06-01 13:13:25.079,2203144535,97079,BME280,29.66,1007.19,50.583
2026-06-01 13:13:26.279,2203145735,97279,BME280,29.66,1007.19,50.583
2026-06-01 13:13:26.479,2203145935,97479,BME280,29.66,1007.19,50.583
2026-06-01 13:13:26.679,2203146135,97679,BME280,29.66,1007.19,50.583
2026-06-01 13:13:26.879,2203146335,97879,BME280,29.67,1007.21,50.434
2026-06-01 13:13:26.079,2203145535,98079,BME280,29.67,1007.21,50.434
2026-06-01 13:13:27.279,2203146735,98279,BME280,29.67,1007.21,50.434
2026-06-01 13:13:27.479,2203146935,98479,BME280,29.67,1007.21,50.434
2026-06-01 13:13:27.679,2203147135,98679,BME280,29.67,1007.21,50.434
2026-06-01 13:13:27.879,2203147335,98879,BME280,29.67,1007.21,50.376
2026-06-01 13:13:27.079,2203146535,99079,BME280,29.67,1007.21,50.376
2026-06-01 13:13:28.279,2203147735,99279,BME280,29.67,1007.21,50.376
2026-06-01 13:13:28.479,2203147935,99479,BME280,29.67,1007.21,50.376
2026-06-01 13:13:28.679,2203148135,99679,BME280,29.67,1007.21,50.376
2026-06-01 13:13:28.879,2203148335,99879,BME280,29.66,1007.19,50.569
2026-06-01 13:13:28.079,2203147535,100079,BME280,29.66,1007.19,50.569
2026-06-01 13:13:29.279,2203148735,100279,BME280,29.66,1007.19,50.569
2026-06-01 13:13:29.479,2203148935,100479,BME280,29.66,1007.19,50.569
2026-06-01 13:13:29.679,2203149135,100679,BME280,29.66,1007.19,50.569
2026-06-01 13:13:29.879,2203149335,100879,BME280,29.67,1007.2,50.483
2026-06-01 13:13:29.079,2203148535,101079,BME280,29.67,1007.2,50.483
2026-06-01 13:13:30.279,2203149735,101279,BME280,29.67,1007.2,50.483
2026-06-01 13:13:30.479,2203149935,101479,BME280,29.67,1007.2,50.483
2026-06-01 13:13:30.679,2203150135,101679,BME280,29.67,1007.2,50.483
2026-06-01 13:13:30.879,2203150335,101879,BME280,29.67,1007.21,50.45
2026-06-01 13:13:30.079,2203149535,102079,BME280,29.67,1007.21,50.45
2026-06-01 13:13:31.279,2203150735,102279,BME280,29.67,1007.21,50.45
2026-06-01 13:13:31.479,2203150935,102479,BME280,29.67,1007.21,50.45
2026-06-01 13:13:31.679,2203151135,102679,BME280,29.67,1007.21,50.45
2026-06-01 13:13:31.879,2203151335,102879,BME280,29.67,1007.22,50.324
2026-06-01 13:13:31.079,2203150535,103079,BME280,29.67,1007.22,50.324
2026-06-01 13:13:32.279,2203151735,103279,BME280,29.67,1007.22,50.324
2026-06-01 13:13:32.479,2203151935,103479,BME280,29.67,1007.22,50.324
2026-06-01 13:13:32.679,2203152135,103679,BME280,29.67,1007.22,50.324
2026-06-01 13:13:32.879,2203152335,103879,BME280,29.68,1007.19,50.591
2026-06-01 13:13:32.079,2203151535,104079,BME280,29.68,1007.19,50.591
2026-06-01 13:13:33.283,2203152739,104283,BME280,29.68,1007.19,50.591
2026-06-01 13:13:33.483,2203152939,104483,BME280,29.68,1007.19,50.591
2026-06-01 13:13:33.683,2203153139,104683,BME280,29.68,1007.19,50.591
2026-06-01 13:13:33.883,2203153339,104883,BME280,29.68,1007.2,50.513
2026-06-01 13:13:33.083,2203152539,105083,BME280,29.68,1007.2,50.513
2026-06-01 13:13:34.283,2203153739,105283,BME280,29.68,1007.2,50.513
2026-06-01 13:13:34.483,2203153939,105483,BME280,29.68,1007.2,50.513
2026-06-01 13:13:34.683,2203154139,105683,BME280,29.68,1007.2,50.513
2026-06-01 13:13:34.883,2203154339,105883,BME280,29.68,1007.21,50.388
2026-06-01 13:13:34.154,2203153610,106154,BME280,29.68,1007.21,50.388
2026-06-01 13:13:35.354,2203154810,106354,BME280,29.68,1007.21,50.388
2026-06-01 13:13:35.554,2203155010,106554,BME280,29.68,1007.21,50.388
2026-06-01 13:13:35.754,2203155210,106754,BME280,29.67,1007.18,50.672
2026-06-01 13:13:35.954,2203155410,106954,BME280,29.67,1007.18,50.672
2026-06-01 13:13:35.154,2203154610,107154,BME280,29.67,1007.18,50.672
2026-06-01 13:13:36.354,2203155810,107354,BME280,29.67,1007.18,50.672
2026-06-01 13:13:36.554,2203156010,107554,BME280,29.67,1007.18,50.672
2026-06-01 13:13:36.754,2203156210,107754,BME280,29.68,1007.17,50.711
2026-06-01 13:13:36.954,2203156410,107954,BME280,29.68,1007.17,50.711
2026-06-01 13:13:36.154,2203155610,108154,BME280,29.68,1007.17,50.711
2026-06-01 13:13:37.354,2203156810,108354,BME280,29.68,1007.17,50.711
2026-06-01 13:13:37.554,2203157010,108554,BME280,29.68,1007.17,50.711
2026-06-01 13:13:37.754,2203157210,108754,BME280,29.68,1007.19,50.591
2026-06-01 13:13:37.954,2203157410,108954,BME280,29.68,1007.19,50.591
2026-06-01 13:13:37.154,2203156610,109154,BME280,29.68,1007.19,50.591
2026-06-01 13:13:38.354,2203157810,109354,BME280,29.68,1007.19,50.591
2026-06-01 13:13:38.554,2203158010,109554,BME280,29.68,1007.19,50.591
2026-06-01 13:13:38.754,2203158210,109754,BME280,29.69,1007.18,50.646
2026-06-01 13:13:38.954,2203158410,109954,BME280,29.69,1007.18,50.646
2026-06-01 13:13:38.154,2203157610,110154,BME280,29.69,1007.18,50.646
2026-06-01 13:13:39.354,2203158810,110354,BME280,29.69,1007.18,50.646
2026-06-01 13:13:39.554,2203159010,110554,BME280,29.69,1007.18,50.646
2026-06-01 13:13:39.754,2203159210,110754,BME280,29.69,1007.19,50.607
2026-06-01 13:13:39.954,2203159410,110954,BME280,29.69,1007.19,50.607
2026-06-01 13:13:39.154,2203158610,111154,BME280,29.69,1007.19,50.607
2026-06-01 13:13:40.354,2203159810,111354,BME280,29.69,1007.19,50.607
2026-06-01 13:13:40.554,2203160010,111554,BME280,29.69,1007.19,50.607
2026-06-01 13:13:40.754,2203160210,111754,BME280,29.7,1007.21,50.38
2026-06-01 13:13:40.954,2203160410,111954,BME280,29.7,1007.21,50.38
2026-06-01 13:13:40.154,2203159610,112154,BME280,29.7,1007.21,50.38
2026-06-01 13:13:41.354,2203160810,112354,BME280,29.7,1007.21,50.38
2026-06-01 13:13:41.554,2203161010,112554,BME280,29.7,1007.21,50.38
2026-06-01 13:13:41.754,2203161210,112754,BME280,29.7,1007.2,50.478
2026-06-01 13:13:41.954,2203161410,112954,BME280,29.7,1007.2,50.478
2026-06-01 13:13:41.154,2203160610,113154,BME280,29.7,1007.2,50.478
2026-06-01 13:13:42.354,2203161810,113354,BME280,29.7,1007.2,50.478
2026-06-01 13:13:42.554,2203162010,113554,BME280,29.7,1007.2,50.478
2026-06-01 13:13:42.788,2203162244,113788,BME280,29.7,1007.21,50.44
2026-06-01 13:13:42.988,2203162444,113988,BME280,29.7,1007.21,50.44
2026-06-01 13:13:42.188,2203161644,114188,BME280,29.7,1007.21,50.44
2026-06-01 13:13:43.388,2203162844,114388,BME280,29.7,1007.21,50.44
2026-06-01 13:13:43.588,2203163044,114588,BME280,29.7,1007.21,50.44
2026-06-01 13:13:43.788,2203163244,114788,BME280,29.71,1007.24,50.16
2026-06-01 13:13:43.988,2203163444,114988,BME280,29.71,1007.24,50.16
2026-06-01 13:13:43.188,2203162644,115188,BME280,29.71,1007.24,50.16
2026-06-01 13:13:44.388,2203163844,115388,BME280,29.71,1007.24,50.16
2026-06-01 13:13:44.588,2203164044,115588,BME280,29.71,1007.24,50.16
2026-06-01 13:13:44.788,2203164244,115788,BME280,29.7,1007.22,50.353
2026-06-01 13:13:44.988,2203164444,115988,BME280,29.7,1007.22,50.353
2026-06-01 13:13:44.188,2203163644,116188,BME280,29.7,1007.22,50.353
2026-06-01 13:13:45.388,2203164844,116388,BME280,29.7,1007.22,50.353
2026-06-01 13:13:45.588,2203165044,116588,BME280,29.7,1007.22,50.353
2026-06-01 13:13:45.788,2203165244,116788,BME280,29.71,1007.22,50.315
2026-06-01 13:13:45.988,2203165444,116988,BME280,29.71,1007.22,50.315
2026-06-01 13:13:45.188,2203164644,117188,BME280,29.71,1007.22,50.315
2026-06-01 13:13:46.388,2203165844,117388,BME280,29.71,1007.22,50.315
2026-06-01 13:13:46.588,2203166044,117588,BME280,29.71,1007.22,50.315
2026-06-01 13:13:46.788,2203166244,117788,BME280,29.71,1007.21,50.416
2026-06-01 13:13:46.988,2203166444,117988,BME280,29.71,1007.21,50.416
2026-06-01 13:13:46.214,2203165670,118214,BME280,29.71,1007.21,50.416
2026-06-01 13:13:47.414,2203166870,118414,BME280,29.71,1007.21,50.416
2026-06-01 13:13:47.614,2203167070,118614,BME280,29.71,1007.21,50.416
2026-06-01 13:13:47.235,2203166691,119235,BME280,29.72,1007.22,50.287
2026-06-01 13:13:48.541,2203167997,119541,BME280,29.72,1007.22,50.287
2026-06-01 13:13:48.741,2203168197,119741,BME280,29.71,1007.21,50.435
2026-06-01 13:13:49.259,2203168715,120259,BME280,29.71,1007.21,50.435
2026-06-01 13:13:49.570,2203169026,120570,BME280,29.71,1007.21,50.435
2026-06-01 13:13:49.770,2203169226,120770,BME280,29.71,1007.19,50.59
2026-06-01 13:13:49.970,2203169426,120970,BME280,29.71,1007.19,50.59
2026-06-01 13:13:49.170,2203168626,121170,BME280,29.71,1007.19,50.59
2026-06-01 13:13:50.370,2203169826,121370,BME280,29.71,1007.19,50.59
2026-06-01 13:13:50.570,2203170026,121570,BME280,29.71,1007.19,50.59
2026-06-01 13:13:50.770,2203170226,121770,BME280,29.72,1007.22,50.345
2026-06-01 13:13:50.970,2203170426,121970,BME280,29.72,1007.22,50.345
2026-06-01 13:13:50.170,2203169626,122170,BME280,29.72,1007.22,50.345
2026-06-01 13:13:51.370,2203170826,122370,BME280,29.72,1007.22,50.345
2026-06-01 13:13:51.893,2203171349,122893,BME280,29.71,1007.18,50.625
2026-06-01 13:13:51.093,2203170549,123093,BME280,29.71,1007.18,50.625
2026-06-01 13:13:52.293,2203171749,123293,BME280,29.71,1007.18,50.625
2026-06-01 13:13:52.493,2203171949,123493,BME280,29.71,1007.18,50.625
2026-06-01 13:13:52.693,2203172149,123693,BME280,29.72,1007.2,50.518
2026-06-01 13:13:52.893,2203172349,123893,BME280,29.72,1007.2,50.518
2026-06-01 13:13:52.093,2203171549,124093,BME280,29.72,1007.2,50.518
2026-06-01 13:13:53.293,2203172749,124293,BME280,29.72,1007.2,50.518
2026-06-01 13:13:53.493,2203172949,124493,BME280,29.72,1007.2,50.518
2026-06-01 13:13:53.693,2203173149,124693,BME280,29.72,1007.23,50.201
2026-06-01 13:13:53.893,2203173349,124893,BME280,29.72,1007.23,50.201
2026-06-01 13:13:53.093,2203172549,125093,BME280,29.72,1007.23,50.201
2026-06-01 13:13:54.293,2203173749,125293,BME280,29.72,1007.23,50.201
2026-06-01 13:13:54.493,2203173949,125493,BME280,29.72,1007.23,50.201
2026-06-01 13:13:54.693,2203174149,125693,BME280,29.72,1007.24,50.186
2026-06-01 13:13:54.893,2203174349,125893,BME280,29.72,1007.24,50.186
2026-06-01 13:13:54.093,2203173549,126093,BME280,29.72,1007.24,50.186
2026-06-01 13:13:55.293,2203174749,126293,BME280,29.72,1007.24,50.186
2026-06-01 13:13:55.493,2203174949,126493,BME280,29.72,1007.24,50.186
2026-06-01 13:13:55.693,2203175149,126693,BME280,29.72,1007.2,50.481
2026-06-01 13:13:55.893,2203175349,126893,BME280,29.72,1007.2,50.481
2026-06-01 13:13:55.093,2203174549,127093,BME280,29.72,1007.2,50.481
2026-06-01 13:13:56.293,2203175749,127293,BME280,29.72,1007.2,50.481
2026-06-01 13:13:56.493,2203175949,127493,BME280,29.72,1007.2,50.481
2026-06-01 13:13:56.693,2203176149,127693,BME280,29.73,1007.22,50.356
2026-06-01 13:13:56.893,2203176349,127893,BME280,29.73,1007.22,50.356
2026-06-01 13:13:56.093,2203175549,128093,BME280,29.73,1007.22,50.356
2026-06-01 13:13:57.293,2203176749,128293,BME280,29.73,1007.22,50.356
2026-06-01 13:13:57.493,2203176949,128493,BME280,29.73,1007.22,50.356
2026-06-01 13:13:57.693,2203177149,128693,BME280,29.73,1007.21,50.37
2026-06-01 13:13:57.893,2203177349,128893,BME280,29.73,1007.21,50.37
2026-06-01 13:13:57.093,2203176549,129093,BME280,29.73,1007.21,50.37
2026-06-01 13:13:58.293,2203177749,129293,BME280,29.73,1007.21,50.37
2026-06-01 13:13:58.493,2203177949,129493,BME280,29.73,1007.21,50.37
2026-06-01 13:13:58.693,2203178149,129693,BME280,29.74,1007.23,50.265
2026-06-01 13:13:58.893,2203178349,129893,BME280,29.74,1007.23,50.265
2026-06-01 13:13:58.093,2203177549,130093,BME280,29.74,1007.23,50.265
2026-06-01 13:13:59.293,2203178749,130293,BME280,29.74,1007.23,50.265
2026-06-01 13:13:59.493,2203178949,130493,BME280,29.74,1007.23,50.265
2026-06-01 13:13:59.693,2203179149,130693,BME280,29.73,1007.19,50.611
2026-06-01 13:13:59.893,2203179349,130893,BME280,29.73,1007.19,50.611
2026-06-01 13:13:59.093,2203178549,131093,BME280,29.73,1007.19,50.611
2026-06-01 13:14:00.293,2203179749,131293,BME280,29.73,1007.19,50.611
2026-06-01 13:14:00.493,2203179949,131493,BME280,29.73,1007.19,50.611
2026-06-01 13:14:00.693,2203180149,131693,BME280,29.74,1007.23,50.261
2026-06-01 13:14:00.893,2203180349,131893,BME280,29.74,1007.23,50.261
2026-06-01 13:14:00.093,2203179549,132093,BME280,29.74,1007.23,50.261
2026-06-01 13:14:01.293,2203180749,132293,BME280,29.74,1007.23,50.261
2026-06-01 13:14:01.493,2203180949,132493,BME280,29.74,1007.23,50.261
2026-06-01 13:14:01.753,2203181209,132753,BME280,29.74,1007.2,50.478
2026-06-01 13:14:01.953,2203181409,132953,BME280,29.74,1007.2,50.478
2026-06-01 13:14:01.153,2203180609,133153,BME280,29.74,1007.2,50.478
2026-06-01 13:14:02.353,2203181809,133353,BME280,29.74,1007.2,50.478
2026-06-01 13:14:02.553,2203182009,133553,BME280,29.74,1007.2,50.478
2026-06-01 13:14:02.753,2203182209,133753,BME280,29.74,1007.2,50.507
2026-06-01 13:14:02.953,2203182409,133953,BME280,29.74,1007.2,50.507
2026-06-01 13:14:02.153,2203181609,134153,BME280,29.74,1007.2,50.507
2026-06-01 13:14:03.353,2203182809,134353,BME280,29.74,1007.2,50.507
2026-06-01 13:14:03.553,2203183009,134553,BME280,29.74,1007.2,50.507
2026-06-01 13:14:06.444,2203185900,137444,BME280,29.74,1007.22,50.324
2026-06-01 13:14:06.644,2203186100,137644,BME280,29.74,1007.18,50.628
2026-06-01 13:14:06.844,2203186300,137844,BME280,29.74,1007.18,50.628
2026-06-01 13:14:06.044,2203185500,138044,BME280,29.74,1007.18,50.628
2026-06-01 13:14:06.244,2203185700,138244,BME280,29.74,1007.18,50.628
2026-06-01 13:14:07.444,2203186900,138444,BME280,29.74,1007.18,50.628
2026-06-01 13:14:07.644,2203187100,138644,BME280,29.74,1007.16,50.831
2026-06-01 13:14:07.844,2203187300,138844,BME280,29.74,1007.16,50.831
2026-06-01 13:14:07.044,2203186500,139044,BME280,29.74,1007.16,50.831
2026-06-01 13:14:07.244,2203186700,139244,BME280,29.74,1007.16,50.831
2026-06-01 13:14:08.444,2203187900,139444,BME280,29.74,1007.16,50.831
2026-06-01 13:14:08.644,2203188100,139644,BME280,29.75,1007.19,50.537
2026-06-01 13:14:08.844,2203188300,139844,BME280,29.75,1007.19,50.537
2026-06-01 13:14:08.044,2203187500,140044,BME280,29.75,1007.19,50.537
2026-06-01 13:14:08.244,2203187700,140244,BME280,29.75,1007.19,50.537
2026-06-01 13:14:09.444,2203188900,140444,BME280,29.75,1007.19,50.537
2026-06-01 13:14:09.644,2203189100,140644,BME280,29.74,1007.18,50.638
2026-06-01 13:14:09.844,2203189300,140844,BME280,29.74,1007.18,50.638
2026-06-01 13:14:09.044,2203188500,141044,BME280,29.74,1007.18,50.638
2026-06-01 13:14:09.244,2203188700,141244,BME280,29.74,1007.18,50.638
2026-06-01 13:14:10.444,2203189900,141444,BME280,29.74,1007.18,50.638
2026-06-01 13:14:10.644,2203190100,141644,BME280,29.75,1007.16,50.808
2026-06-01 13:14:10.844,2203190300,141844,BME280,29.75,1007.16,50.808
2026-06-01 13:14:10.044,2203189500,142044,BME280,29.75,1007.16,50.808
2026-06-01 13:14:10.244,2203189700,142244,BME280,29.75,1007.16,50.808
2026-06-01 13:14:11.444,2203190900,142444,BME280,29.75,1007.16,50.808
2026-06-01 13:14:11.644,2203191100,142644,BME280,29.75,1007.2,50.452
2026-06-01 13:14:11.844,2203191300,142844,BME280,29.75,1007.2,50.452
2026-06-01 13:14:11.044,2203190500,143044,BME280,29.75,1007.2,50.452
2026-06-01 13:14:11.244,2203190700,143244,BME280,29.75,1007.2,50.452
2026-06-01 13:14:12.444,2203191900,143444,BME280,29.75,1007.2,50.452
2026-06-01 13:14:12.644,2203192100,143644,BME280,29.75,1007.17,50.717
2026-06-01 13:14:12.844,2203192300,143844,BME280,29.75,1007.17,50.717
2026-06-01 13:14:12.044,2203191500,144044,BME280,29.75,1007.17,50.717
2026-06-01 13:14:12.244,2203191700,144244,BME280,29.75,1007.17,50.717
2026-06-01 13:14:13.444,2203192900,144444,BME280,29.75,1007.17,50.717
2026-06-01 13:14:13.644,2203193100,144644,BME280,29.76,1007.17,50.766
2026-06-01 13:14:13.844,2203193300,144844,BME280,29.76,1007.17,50.766
2026-06-01 13:14:13.044,2203192500,145044,BME280,29.76,1007.17,50.766
2026-06-01 13:14:13.244,2203192700,145244,BME280,29.76,1007.17,50.766
2026-06-01 13:14:14.444,2203193900,145444,BME280,29.76,1007.17,50.766
2026-06-01 13:14:14.644,2203194100,145644,BME280,29.75,1007.16,50.813
2026-06-01 13:14:14.844,2203194300,145844,BME280,29.75,1007.16,50.813
2026-06-01 13:14:14.044,2203193500,146044,BME280,29.75,1007.16,50.813
2026-06-01 13:14:14.244,2203193700,146244,BME280,29.75,1007.16,50.813
2026-06-01 13:14:15.499,2203194955,146499,BME280,29.76,1007.19,50.583
2026-06-01 13:14:15.699,2203195155,146699,BME280,29.76,1007.19,50.583
2026-06-01 13:14:15.899,2203195355,146899,BME280,29.76,1007.19,50.583
2026-06-01 13:14:15.099,2203194555,147099,BME280,29.76,1007.19,50.583
2026-06-01 13:14:16.299,2203195755,147299,BME280,29.76,1007.19,50.583
2026-06-01 13:14:16.499,2203195955,147499,BME280,29.76,1007.19,50.602
2026-06-01 13:14:16.699,2203196155,147699,BME280,29.76,1007.19,50.602
2026-06-01 13:14:16.899,2203196355,147899,BME280,29.76,1007.19,50.602
2026-06-01 13:14:16.099,2203195555,148099,BME280,29.76,1007.19,50.602
2026-06-01 13:14:17.299,2203196755,148299,BME280,29.76,1007.19,50.602
2026-06-01 13:14:17.499,2203196955,148499,BME280,29.75,1007.15,50.9
2026-06-01 13:14:17.699,2203197155,148699,BME280,29.75,1007.15,50.9
2026-06-01 13:14:17.899,2203197355,148899,BME280,29.75,1007.15,50.9
2026-06-01 13:14:17.099,2203196555,149099,BME280,29.75,1007.15,50.9
2026-06-01 13:14:18.299,2203197755,149299,BME280,29.75,1007.15,50.9
2026-06-01 13:14:18.499,2203197955,149499,BME280,29.76,1007.17,50.726
2026-06-01 13:14:18.699,2203198155,149699,BME280,29.76,1007.17,50.726
2026-06-01 13:14:18.899,2203198355,149899,BME280,29.76,1007.17,50.726
2026-06-01 13:14:18.099,2203197555,150099,BME280,29.76,1007.17,50.726
2026-06-01 13:14:19.299,2203198755,150299,BME280,29.76,1007.17,50.726
2026-06-01 13:14:19.499,2203198955,150499,BME280,29.77,1007.14,50.983
2026-06-01 13:14:19.699,2203199155,150699,BME280,29.77,1007.14,50.983
2026-06-01 13:14:19.899,2203199355,150899,BME280,29.77,1007.14,50.983
2026-06-01 13:14:19.099,2203198555,151099,BME280,29.77,1007.14,50.983
2026-06-01 13:14:20.299,2203199755,151299,BME280,29.77,1007.14,50.983
2026-06-01 13:14:20.499,2203199955,151499,BME280,29.77,1007.14,50.983
2026-06-01 13:14:20.699,2203200155,151699,BME280,29.77,1007.14,50.983
2026-06-01 13:14:20.899,2203200355,151899,BME280,29.77,1007.14,50.983
2026-06-01 13:14:20.099,2203199555,152099,BME280,29.77,1007.14,50.983
2026-06-01 13:14:21.299,2203200755,152299,BME280,29.77,1007.14,50.983
2026-06-01 13:14:21.499,2203200955,152499,BME280,29.76,1007.16,50.863
2026-06-01 13:14:21.699,2203201155,152699,BME280,29.76,1007.16,50.863
2026-06-01 13:14:21.899,2203201355,152899,BME280,29.76,1007.16,50.863
2026-06-01 13:14:21.099,2203200555,153099,BME280,29.76,1007.16,50.863
2026-06-01 13:14:22.299,2203201755,153299,BME280,29.76,1007.16,50.863
2026-06-01 13:14:22.499,2203201955,153499,BME280,29.77,1007.13,51.097
2026-06-01 13:14:22.699,2203202155,153699,BME280,29.77,1007.13,51.097
2026-06-01 13:14:22.899,2203202355,153899,BME280,29.77,1007.13,51.097
2026-06-01 13:14:22.099,2203201555,154099,BME280,29.77,1007.13,51.097
2026-06-01 13:14:23.299,2203202755,154299,BME280,29.77,1007.13,51.097
2026-06-01 13:14:23.499,2203202955,154499,BME280,29.77,1007.16,50.833
2026-06-01 13:14:23.699,2203203155,154699,BME280,29.77,1007.16,50.833
2026-06-01 13:14:23.899,2203203355,154899,BME280,29.77,1007.16,50.833
2026-06-01 13:14:23.099,2203202555,155099,BME280,29.77,1007.16,50.833
2026-06-01 13:14:24.299,2203203755,155299,BME280,29.77,1007.16,50.833
2026-06-01 13:14:24.499,2203203955,155499,BME280,29.76,1007.13,51.044
2026-06-01 13:14:27.368,2203206824,158368,BME280,29.77,1007.19,50.611
2026-06-01 13:14:27.568,2203207024,158568,BME280,29.78,1007.15,50.911
2026-06-01 13:14:27.768,2203207224,158768,BME280,29.78,1007.15,50.911
2026-06-01 13:14:27.968,2203207424,158968,BME280,29.78,1007.15,50.911
2026-06-01 13:14:27.168,2203206624,159168,BME280,29.78,1007.15,50.911
2026-06-01 13:14:28.368,2203207824,159368,BME280,29.78,1007.15,50.911
2026-06-01 13:14:28.568,2203208024,159568,BME280,29.78,1007.14,50.955
2026-06-01 13:14:28.768,2203208224,159768,BME280,29.78,1007.14,50.955
2026-06-01 13:14:28.968,2203208424,159968,BME280,29.78,1007.14,50.955
2026-06-01 13:14:28.168,2203207624,160168,BME280,29.78,1007.14,50.955
2026-06-01 13:14:29.368,2203208824,160368,BME280,29.78,1007.14,50.955
2026-06-01 13:14:29.568,2203209024,160568,BME280,29.78,1007.15,50.922
2026-06-01 13:14:29.768,2203209224,160768,BME280,29.78,1007.15,50.922
2026-06-01 13:14:29.968,2203209424,160968,BME280,29.78,1007.15,50.922
2026-06-01 13:14:29.168,2203208624,161168,BME280,29.78,1007.15,50.922
2026-06-01 13:14:30.368,2203209824,161368,BME280,29.78,1007.15,50.922
2026-06-01 13:14:30.568,2203210024,161568,BME280,29.78,1007.15,50.936
2026-06-01 13:14:30.768,2203210224,161768,BME280,29.78,1007.15,50.936
2026-06-01 13:14:30.968,2203210424,161968,BME280,29.78,1007.15,50.936
2026-06-01 13:14:30.168,2203209624,162168,BME280,29.78,1007.15,50.936
2026-06-01 13:14:31.368,2203210824,162368,BME280,29.78,1007.15,50.936
2026-06-01 13:14:31.568,2203211024,162568,BME280,29.78,1007.15,50.936
2026-06-01 13:14:31.768,2203211224,162768,BME280,29.78,1007.15,50.936
2026-06-01 13:14:31.968,2203211424,162968,BME280,29.78,1007.15,50.936
2026-06-01 13:14:31.168,2203210624,163168,BME280,29.78,1007.15,50.936
2026-06-01 13:14:32.368,2203211824,163368,BME280,29.78,1007.15,50.936
2026-06-01 13:14:32.568,2203212024,163568,BME280,29.78,1007.13,51.047
2026-06-01 13:14:32.768,2203212224,163768,BME280,29.78,1007.13,51.047
2026-06-01 13:14:32.968,2203212424,163968,BME280,29.78,1007.13,51.047
2026-06-01 13:14:32.168,2203211624,164168,BME280,29.78,1007.13,51.047
2026-06-01 13:14:33.368,2203212824,164368,BME280,29.78,1007.13,51.047
2026-06-01 13:14:33.568,2203213024,164568,BME280,29.79,1007.15,50.928
2026-06-01 13:14:33.768,2203213224,164768,BME280,29.79,1007.15,50.928
2026-06-01 13:14:33.968,2203213424,164968,BME280,29.79,1007.15,50.928
2026-06-01 13:14:33.168,2203212624,165168,BME280,29.79,1007.15,50.928
2026-06-01 13:14:34.368,2203213824,165368,BME280,29.79,1007.15,50.928
2026-06-01 13:14:34.568,2203214024,165568,BME280,29.78,1007.15,50.887
2026-06-01 13:14:34.768,2203214224,165768,BME280,29.78,1007.15,50.887
2026-06-01 13:14:34.968,2203214424,165968,BME280,29.78,1007.15,50.887
2026-06-01 13:14:34.168,2203213624,166168,BME280,29.78,1007.15,50.887
2026-06-01 13:14:35.368,2203214824,166368,BME280,29.78,1007.15,50.887
2026-06-01 13:14:35.568,2203215024,166568,BME280,29.79,1007.17,50.772
2026-06-01 13:14:35.768,2203215224,166768,BME280,29.79,1007.17,50.772
2026-06-01 13:14:35.968,2203215424,166968,BME280,29.79,1007.17,50.772
2026-06-01 13:14:35.168,2203214624,167168,BME280,29.79,1007.17,50.772
2026-06-01 13:14:36.368,2203215824,167368,BME280,29.79,1007.13,51.12
2026-06-01 13:14:36.568,2203216024,167568,BME280,29.79,1007.13,51.12
2026-06-01 13:14:36.768,2203216224,167768,BME280,29.79,1007.13,51.12
2026-06-01 13:14:36.968,2203216424,167968,BME280,29.79,1007.13,51.12
2026-06-01 13:14:36.168,2203215624,168168,BME280,29.79,1007.13,51.12
2026-06-01 13:14:37.368,2203216824,168368,BME280,29.79,1007.14,51.024
2026-06-01 13:14:37.568,2203217024,168568,BME280,29.79,1007.14,51.024
2026-06-01 13:14:37.768,2203217224,168768,BME280,29.79,1007.14,51.024
2026-06-01 13:14:37.968,2203217424,168968,BME280,29.79,1007.14,51.024
2026-06-01 13:14:37.168,2203216624,169168,BME280,29.79,1007.14,51.024
2026-06-01 13:14:38.368,2203217824,169368,BME280,29.79,1007.16,50.86
2026-06-01 13:14:38.568,2203218024,169568,BME280,29.79,1007.16,50.86
2026-06-01 13:14:38.768,2203218224,169768,BME280,29.79,1007.16,50.86
2026-06-01 13:14:38.968,2203218424,169968,BME280,29.79,1007.16,50.86
2026-06-01 13:14:38.168,2203217624,170168,BME280,29.79,1007.16,50.86
2026-06-01 13:14:39.368,2203218824,170368,BME280,29.79,1007.16,50.826
2026-06-01 13:14:39.568,2203219024,170568,BME280,29.79,1007.16,50.826
2026-06-01 13:14:39.768,2203219224,170768,BME280,29.79,1007.16,50.826
2026-06-01 13:14:39.968,2203219424,170968,BME280,29.79,1007.16,50.826
2026-06-01 13:14:39.168,2203218624,171168,BME280,29.79,1007.16,50.826
2026-06-01 13:14:40.368,2203219824,171368,BME280,29.79,1007.14,50.971
2026-06-01 13:14:40.568,2203220024,171568,BME280,29.79,1007.14,50.971
2026-06-01 13:14:40.768,2203220224,171768,BME280,29.79,1007.14,50.971
2026-06-01 13:14:40.968,2203220424,171968,BME280,29.79,1007.14,50.971
2026-06-01 13:14:40.168,2203219624,172168,BME280,29.79,1007.14,50.971
2026-06-01 13:14:41.368,2203220824,172368,BME280,29.79,1007.13,51.038
2026-06-01 13:14:41.568,2203221024,172568,BME280,29.79,1007.13,51.038
2026-06-01 13:14:41.768,2203221224,172768,BME280,29.79,1007.13,51.038
2026-06-01 13:14:41.968,2203221424,172968,BME280,29.79,1007.13,51.038
2026-06-01 13:14:41.168,2203220624,173168,BME280,29.79,1007.13,51.038
2026-06-01 13:14:42.368,2203221824,173368,BME280,29.79,1007.14,50.981
2026-06-01 13:14:42.568,2203222024,173568,BME280,29.79,1007.14,50.981
2026-06-01 13:14:42.768,2203222224,173768,BME280,29.79,1007.14,50.981
2026-06-01 13:14:42.968,2203222424,173968,BME280,29.79,1007.14,50.981
2026-06-01 13:14:42.168,2203221624,174168,BME280,29.79,1007.14,50.981
2026-06-01 13:14:43.368,2203222824,174368,BME280,29.79,1007.13,51.102
2026-06-01 13:14:43.568,2203223024,174568,BME280,29.79,1007.13,51.102
2026-06-01 13:14:43.768,2203223224,174768,BME280,29.79,1007.13,51.102
2026-06-01 13:14:43.968,2203223424,174968,BME280,29.79,1007.13,51.102
2026-06-01 13:14:43.168,2203222624,175168,BME280,29.79,1007.13,51.102
2026-06-01 13:14:44.368,2203223824,175368,BME280,29.79,1007.14,51.01
2026-06-01 13:14:44.568,2203224024,175568,BME280,29.79,1007.14,51.01
2026-06-01 13:14:44.768,2203224224,175768,BME280,29.79,1007.14,51.01
2026-06-01 13:14:44.968,2203224424,175968,BME280,29.79,1007.14,51.01
2026-06-01 13:14:44.168,2203223624,176168,BME280,29.79,1007.14,51.01
2026-06-01 13:14:45.368,2203224824,176368,BME280,29.79,1007.11,51.275
2026-06-01 13:14:45.568,2203225024,176568,BME280,29.79,1007.11,51.275
2026-06-01 13:14:45.768,2203225224,176768,BME280,29.79,1007.11,51.275
2026-06-01 13:14:45.968,2203225424,176968,BME280,29.79,1007.11,51.275
2026-06-01 13:14:45.168,2203224624,177168,BME280,29.79,1007.11,51.275
2026-06-01 13:14:46.368,2203225824,177368,BME280,29.8,1007.16,50.861
2026-06-01 13:14:46.568,2203226024,177568,BME280,29.8,1007.16,50.861
2026-06-01 13:14:46.768,2203226224,177768,BME280,29.8,1007.16,50.861
2026-06-01 13:14:46.968,2203226424,177968,BME280,29.8,1007.16,50.861
2026-06-01 13:14:46.168,2203225624,178168,BME280,29.8,1007.16,50.861
2026-06-01 13:14:47.368,2203226824,178368,BME280,29.81,1007.14,51.031
2026-06-01 13:14:47.568,2203227024,178568,BME280,29.81,1007.14,51.031
2026-06-01 13:14:47.768,2203227224,178768,BME280,29.81,1007.14,51.031
2026-06-01 13:14:47.968,2203227424,178968,BME280,29.81,1007.14,51.031
2026-06-01 13:14:47.168,2203226624,179168,BME280,29.81,1007.14,51.031
2026-06-01 13:14:48.368,2203227824,179368,BME280,29.8,1007.17,50.732
2026-06-01 13:14:48.568,2203228024,179568,BME280,29.8,1007.17,50.732
2026-06-01 13:14:48.768,2203228224,179768,BME280,29.8,1007.17,50.732
2026-06-01 13:14:48.968,2203228424,179968,BME280,29.8,1007.17,50.732
2026-06-01 13:14:48.168,2203227624,180168,BME280,29.8,1007.17,50.732
2026-06-01 13:14:49.368,2203228824,180368,BME280,29.8,1007.12,51.127
2026-06-01 13:14:49.568,2203229024,180568,BME280,29.8,1007.12,51.127
2026-06-01 13:14:49.768,2203229224,180768,BME280,29.8,1007.12,51.127
2026-06-01 13:14:49.968,2203229424,180968,BME280,29.8,1007.12,51.127
2026-06-01 13:14:49.168,2203228624,181168,BME280,29.8,1007.12,51.127
2026-06-01 13:14:50.368,2203229824,181368,BME280,29.8,1007.14,50.973
2026-06-01 13:14:50.568,2203230024,181568,BME280,29.8,1007.14,50.973
2026-06-01 13:14:50.768,2203230224,181768,BME280,29.8,1007.14,50.973
2026-06-01 13:14:50.968,2203230424,181968,BME280,29.8,1007.14,50.973
2026-06-01 13:14:50.168,2203229624,182168,BME280,29.8,1007.14,50.973
2026-06-01 13:14:51.368,2203230824,182368,BME280,29.81,1007.14,51.002
2026-06-01 13:14:51.568,2203231024,182568,BME280,29.81,1007.14,51.002
2026-06-01 13:14:51.768,2203231224,182768,BME280,29.81,1007.14,51.002
2026-06-01 13:14:51.968,2203231424,182968,BME280,29.81,1007.14,51.002
2026-06-01 13:14:51.168,2203230624,183168,BME280,29.81,1007.14,51.002
2026-06-01 13:14:52.368,2203231824,183368,BME280,29.81,1007.13,51.071
2026-06-01 13:14:52.568,2203232024,183568,BME280,29.81,1007.13,51.071
2026-06-01 13:14:52.768,2203232224,183768,BME280,29.81,1007.13,51.071
2026-06-01 13:14:52.968,2203232424,183968,BME280,29.81,1007.13,51.071
2026-06-01 13:14:52.168,2203231624,184168,BME280,29.81,1007.13,51.071
2026-06-01 13:14:53.368,2203232824,184368,BME280,29.81,1007.14,50.998
2026-06-01 13:14:53.568,2203233024,184568,BME280,29.81,1007.14,50.998
2026-06-01 13:14:53.768,2203233224,184768,BME280,29.81,1007.14,50.998
2026-06-01 13:14:53.968,2203233424,184968,BME280,29.81,1007.14,50.998
2026-06-01 13:14:53.168,2203232624,185168,BME280,29.81,1007.14,50.998
2026-06-01 13:14:54.368,2203233824,185368,BME280,29.81,1007.15,50.931
2026-06-01 13:14:54.568,2203234024,185568,BME280,29.81,1007.15,50.931
2026-06-01 13:14:54.768,2203234224,185768,BME280,29.81,1007.15,50.931
2026-06-01 13:14:54.968,2203234424,185968,BME280,29.81,1007.15,50.931
2026-06-01 13:14:54.168,2203233624,186168,BME280,29.81,1007.15,50.931
2026-06-01 13:14:55.368,2203234824,186368,BME280,29.81,1007.15,50.901
2026-06-01 13:14:55.568,2203235024,186568,BME280,29.81,1007.15,50.901
2026-06-01 13:14:55.768,2203235224,186768,BME280,29.81,1007.15,50.901
2026-06-01 13:14:55.968,2203235424,186968,BME280,29.81,1007.15,50.901
2026-06-01 13:14:55.168,2203234624,187168,BME280,29.81,1007.15,50.901
2026-06-01 13:14:56.368,2203235824,187368,BME280,29.82,1007.16,50.835
2026-06-01 13:14:56.568,2203236024,187568,BME280,29.82,1007.16,50.835
2026-06-01 13:14:56.768,2203236224,187768,BME280,29.82,1007.16,50.835
2026-06-01 13:14:56.968,2203236424,187968,BME280,29.82,1007.16,50.835
2026-06-01 13:14:56.168,2203235624,188168,BME280,29.82,1007.16,50.835
2026-06-01 13:14:57.368,2203236824,188368,BME280,29.82,1007.17,50.753
2026-06-01 13:14:57.568,2203237024,188568,BME280,29.82,1007.17,50.753
2026-06-01 13:14:57.768,2203237224,188768,BME280,29.82,1007.17,50.753
2026-06-01 13:14:57.968,2203237424,188968,BME280,29.82,1007.17,50.753
2026-06-01 13:14:57.168,2203236624,189168,BME280,29.82,1007.17,50.753
2026-06-01 13:14:58.368,2203237824,189368,BME280,29.82,1007.16,50.839
2026-06-01 13:14:58.568,2203238024,189568,BME280,29.82,1007.16,50.839
2026-06-01 13:14:58.768,2203238224,189768,BME280,29.82,1007.16,50.839
2026-06-01 13:14:58.968,2203238424,189968,BME280,29.82,1007.16,50.839
2026-06-01 13:14:58.168,2203237624,190168,BME280,29.82,1007.16,50.839
2026-06-01 13:14:59.368,2203238824,190368,BME280,29.81,1007.16,50.824
2026-06-01 13:14:59.568,2203239024,190568,BME280,29.81,1007.16,50.824
2026-06-01 13:14:59.768,2203239224,190768,BME280,29.81,1007.16,50.824
2026-06-01 13:14:59.968,2203239424,190968,BME280,29.81,1007.16,50.824
2026-06-01 13:14:59.168,2203238624,191168,BME280,29.81,1007.16,50.824
2026-06-01 13:15:00.368,2203239824,191368,BME280,29.82,1007.15,50.893
2026-06-01 13:15:00.568,2203240024,191568,BME280,29.82,1007.15,50.893
2026-06-01 13:15:00.768,2203240224,191768,BME280,29.82,1007.15,50.893
2026-06-01 13:15:00.968,2203240424,191968,BME280,29.82,1007.15,50.893
2026-06-01 13:15:00.168,2203239624,192168,BME280,29.82,1007.15,50.893
2026-06-01 13:15:01.368,2203240824,192368,BME280,29.82,1007.16,50.826
2026-06-01 13:15:01.568,2203241024,192568,BME280,29.82,1007.16,50.826
2026-06-01 13:15:01.768,2203241224,192768,BME280,29.82,1007.16,50.826
2026-06-01 13:15:01.968,2203241424,192968,BME280,29.82,1007.16,50.826
2026-06-01 13:15:01.168,2203240624,193168,BME280,29.82,1007.16,50.826
2026-06-01 13:15:02.368,2203241824,193368,BME280,29.83,1007.16,50.851
2026-06-01 13:15:02.568,2203242024,193568,BME280,29.83,1007.16,50.851
2026-06-01 13:15:02.768,2203242224,193768,BME280,29.83,1007.16,50.851
2026-06-01 13:15:02.968,2203242424,193968,BME280,29.83,1007.16,50.851
2026-06-01 13:15:02.168,2203241624,194168,BME280,29.83,1007.16,50.851
2026-06-01 13:15:03.368,2203242824,194368,BME280,29.83,1007.16,50.788
2026-06-01 13:15:03.568,2203243024,194568,BME280,29.83,1007.16,50.788
2026-06-01 13:15:03.768,2203243224,194768,BME280,29.83,1007.16,50.788
2026-06-01 13:15:03.968,2203243424,194968,BME280,29.83,1007.16,50.788
2026-06-01 13:15:03.168,2203242624,195168,BME280,29.83,1007.16,50.788
2026-06-01 13:15:04.368,2203243824,195368,BME280,29.82,1007.14,51.029
2026-06-01 13:15:04.568,2203244024,195568,BME280,29.82,1007.14,51.029
2026-06-01 13:15:04.768,2203244224,195768,BME280,29.82,1007.14,51.029
2026-06-01 13:15:04.968,2203244424,195968,BME280,29.82,1007.14,51.029
2026-06-01 13:15:04.168,2203243624,196168,BME280,29.82,1007.14,51.029
2026-06-01 13:15:05.368,2203244824,196368,BME280,29.82,1007.13,51.062
2026-06-01 13:15:05.568,2203245024,196568,BME280,29.82,1007.13,51.062
2026-06-01 13:15:05.768,2203245224,196768,BME280,29.82,1007.13,51.062
2026-06-01 13:15:05.968,2203245424,196968,BME280,29.82,1007.13,51.062
2026-06-01 13:15:05.168,2203244624,197168,BME280,29.82,1007.13,51.062
2026-06-01 13:15:06.368,2203245824,197368,BME280,29.83,1007.16,50.842
2026-06-01 13:15:06.568,2203246024,197568,BME280,29.83,1007.16,50.842
2026-06-01 13:15:06.768,2203246224,197768,BME280,29.83,1007.16,50.842
2026-06-01 13:15:06.968,2203246424,197968,BME280,29.83,1007.16,50.842
2026-06-01 13:15:06.168,2203245624,198168,BME280,29.83,1007.16,50.842
2026-06-01 13:15:07.368,2203246824,198368,BME280,29.83,1007.13,51.111
2026-06-01 13:15:07.568,2203247024,198568,BME280,29.83,1007.13,51.111
2026-06-01 13:15:07.768,2203247224,198768,BME280,29.83,1007.13,51.111
2026-06-01 13:15:07.968,2203247424,198968,BME280,29.83,1007.13,51.111
2026-06-01 13:15:07.168,2203246624,199168,BME280,29.83,1007.13,51.111
2026-06-01 13:15:08.368,2203247824,199368,BME280,29.83,1007.16,50.828
2026-06-01 13:15:08.568,2203248024,199568,BME280,29.83,1007.16,50.828
2026-06-01 13:15:08.768,2203248224,199768,BME280,29.83,1007.16,50.828
2026-06-01 13:15:08.968,2203248424,199968,BME280,29.83,1007.16,50.828
2026-06-01 13:15:08.168,2203247624,200168,BME280,29.83,1007.16,50.828
2026-06-01 13:15:09.368,2203248824,200368,BME280,29.83,1007.14,51.026
2026-06-01 13:15:09.568,2203249024,200568,BME280,29.83,1007.14,51.026
2026-06-01 13:15:09.768,2203249224,200768,BME280,29.83,1007.14,51.026
2026-06-01 13:15:09.968,2203249424,200968,BME280,29.83,1007.14,51.026
2026-06-01 13:15:09.168,2203248624,201168,BME280,29.83,1007.14,51.026
2026-06-01 13:15:10.368,2203249824,201368,BME280,29.83,1007.14,51.026
2026-06-01 13:15:10.568,2203250024,201568,BME280,29.83,1007.14,51.026
2026-06-01 13:15:10.768,2203250224,201768,BME280,29.83,1007.14,51.026
2026-06-01 13:15:10.968,2203250424,201968,BME280,29.83,1007.14,51.026
2026-06-01 13:15:10.168,2203249624,202168,BME280,29.83,1007.14,50.996
2026-06-01 13:15:11.368,2203250824,202368,BME280,29.83,1007.14,50.996
2026-06-01 13:15:11.568,2203251024,202568,BME280,29.83,1007.14,50.996
2026-06-01 13:15:11.768,2203251224,202768,BME280,29.83,1007.14,50.996
2026-06-01 13:15:11.968,2203251424,202968,BME280,29.83,1007.14,50.996
2026-06-01 13:15:11.168,2203250624,203168,BME280,29.84,1007.15,50.891
2026-06-01 13:15:12.368,2203251824,203368,BME280,29.84,1007.15,50.891
2026-06-01 13:15:12.568,2203252024,203568,BME280,29.84,1007.15,50.891
2026-06-01 13:15:12.768,2203252224,203768,BME280,29.84,1007.15,50.891
2026-06-01 13:15:12.968,2203252424,203968,BME280,29.84,1007.15,50.891
2026-06-01 13:15:12.168,2203251624,204168,BME280,29.84,1007.14,50.978
2026-06-01 13:15:13.368,2203252824,204368,BME280,29.84,1007.14,50.978
2026-06-01 13:15:13.568,2203253024,204568,BME280,29.84,1007.14,50.978
2026-06-01 13:15:13.768,2203253224,204768,BME280,29.84,1007.14,50.978
2026-06-01 13:15:13.968,2203253424,204968,BME280,29.84,1007.14,50.978
2026-06-01 13:15:13.168,2203252624,205168,BME280,29.84,1007.15,50.876
2026-06-01 13:15:14.368,2203253824,205368,BME280,29.84,1007.15,50.876
2026-06-01 13:15:14.568,2203254024,205568,BME280,29.84,1007.15,50.876
2026-06-01 13:15:14.768,2203254224,205768,BME280,29.84,1007.15,50.876
2026-06-01 13:15:14.968,2203254424,205968,BME280,29.84,1007.15,50.876
2026-06-01 13:15:14.168,2203253624,206168,BME280,29.83,1007.15,50.91
2026-06-01 13:15:15.368,2203254824,206368,BME280,29.83,1007.15,50.91
2026-06-01 13:15:15.568,2203255024,206568,BME280,29.83,1007.15,50.91
2026-06-01 13:15:15.768,2203255224,206768,BME280,29.83,1007.15,50.91
2026-06-01 13:15:15.968,2203255424,206968,BME280,29.83,1007.15,50.91
2026-06-01 13:15:15.168,2203254624,207168,BME280,29.84,1007.17,50.741
2026-06-01 13:15:16.368,2203255824,207368,BME280,29.84,1007.17,50.741
2026-06-01 13:15:16.568,2203256024,207568,BME280,29.84,1007.17,50.741
2026-06-01 13:15:16.768,2203256224,207768,BME280,29.84,1007.17,50.741
2026-06-01 13:15:16.968,2203256424,207968,BME280,29.84,1007.17,50.741
2026-06-01 13:15:16.168,2203255624,208168,BME280,29.83,1007.15,50.924
2026-06-01 13:15:17.368,2203256824,208368,BME280,29.83,1007.15,50.924
2026-06-01 13:15:17.568,2203257024,208568,BME280,29.83,1007.15,50.924
2026-06-01 13:15:17.768,2203257224,208768,BME280,29.83,1007.15,50.924
2026-06-01 13:15:17.968,2203257424,208968,BME280,29.83,1007.15,50.924
2026-06-01 13:15:17.168,2203256624,209168,BME280,29.84,1007.17,50.755
2026-06-01 13:15:18.368,2203257824,209368,BME280,29.84,1007.17,50.755
2026-06-01 13:15:18.568,2203258024,209568,BME280,29.84,1007.17,50.755
2026-06-01 13:15:18.768,2203258224,209768,BME280,29.84,1007.17,50.755
2026-06-01 13:15:18.968,2203258424,209968,BME280,29.84,1007.17,50.755
2026-06-01 13:15:18.168,2203257624,210168,BME280,29.84,1007.13,51.045
2026-06-01 13:15:19.368,2203258824,210368,BME280,29.84,1007.13,51.045
2026-06-01 13:15:19.568,2203259024,210568,BME280,29.84,1007.13,51.045
2026-06-01 13:15:19.768,2203259224,210768,BME280,29.84,1007.13,51.045
2026-06-01 13:15:19.968,2203259424,210968,BME280,29.84,1007.13,51.045
2026-06-01 13:15:19.168,2203258624,211168,BME280,29.84,1007.16,50.789
2026-06-01 13:15:20.368,2203259824,211368,BME280,29.84,1007.16,50.789
2026-06-01 13:15:20.568,2203260024,211568,BME280,29.84,1007.16,50.789
2026-06-01 13:15:20.768,2203260224,211768,BME280,29.84,1007.16,50.789
2026-06-01 13:15:20.968,2203260424,211968,BME280,29.84,1007.16,50.789
2026-06-01 13:15:20.168,2203259624,212168,BME280,29.84,1007.12,51.157
2026-06-01 13:15:21.368,2203260824,212368,BME280,29.84,1007.12,51.157
2026-06-01 13:15:21.568,2203261024,212568,BME280,29.84,1007.12,51.157
2026-06-01 13:15:21.768,2203261224,212768,BME280,29.84,1007.12,51.157
2026-06-01 13:15:21.968,2203261424,212968,BME280,29.84,1007.12,51.157
2026-06-01 13:15:21.168,2203260624,213168,BME280,29.84,1007.17,50.718
2026-06-01 13:15:22.368,2203261824,213368,BME280,29.84,1007.17,50.718
2026-06-01 13:15:22.568,2203262024,213568,BME280,29.84,1007.17,50.718
2026-06-01 13:15:22.768,2203262224,213768,BME280,29.84,1007.17,50.718
2026-06-01 13:15:22.968,2203262424,213968,BME280,29.84,1007.17,50.718
2026-06-01 13:15:22.168,2203261624,214168,BME280,29.84,1007.17,50.762
2026-06-01 13:15:23.368,2203262824,214368,BME280,29.84,1007.17,50.762
2026-06-01 13:15:23.568,2203263024,214568,BME280,29.84,1007.17,50.762
2026-06-01 13:15:23.768,2203263224,214768,BME280,29.84,1007.17,50.762
2026-06-01 13:15:23.968,2203263424,214968,BME280,29.84,1007.17,50.762
2026-06-01 13:15:23.168,2203262624,215168,BME280,29.85,1007.16,50.858
2026-06-01 13:15:24.368,2203263824,215368,BME280,29.85,1007.16,50.858
2026-06-01 13:15:24.568,2203264024,215568,BME280,29.85,1007.16,50.858
2026-06-01 13:15:24.768,2203264224,215768,BME280,29.85,1007.16,50.858
2026-06-01 13:15:24.968,2203264424,215968,BME280,29.85,1007.16,50.858
2026-06-01 13:15:24.168,2203263624,216168,BME280,29.84,1007.15,50.911
2026-06-01 13:15:25.368,2203264824,216368,BME280,29.84,1007.15,50.911
2026-06-01 13:15:25.568,2203265024,216568,BME280,29.84,1007.15,50.911
2026-06-01 13:15:25.768,2203265224,216768,BME280,29.84,1007.15,50.911
2026-06-01 13:15:25.968,2203265424,216968,BME280,29.84,1007.15,50.911
2026-06-01 13:15:25.168,2203264624,217168,BME280,29.85,1007.17,50.756
2026-06-01 13:15:26.368,2203265824,217368,BME280,29.85,1007.17,50.756
2026-06-01 13:15:26.568,2203266024,217568,BME280,29.85,1007.17,50.756
2026-06-01 13:15:26.768,2203266224,217768,BME280,29.85,1007.17,50.756
2026-06-01 13:15:26.968,2203266424,217968,BME280,29.85,1007.17,50.756
2026-06-01 13:15:26.168,2203265624,218168,BME280,29.85,1007.18,50.647
2026-06-01 13:15:27.368,2203266824,218368,BME280,29.85,1007.18,50.647
2026-06-01 13:15:27.568,2203267024,218568,BME280,29.85,1007.18,50.647
2026-06-01 13:15:27.768,2203267224,218768,BME280,29.85,1007.18,50.647
2026-06-01 13:15:27.968,2203267424,218968,BME280,29.85,1007.18,50.647
2026-06-01 13:15:27.168,2203266624,219168,BME280,29.85,1007.18,50.695
2026-06-01 13:15:28.368,2203267824,219368,BME280,29.85,1007.18,50.695
2026-06-01 13:15:28.568,2203268024,219568,BME280,29.85,1007.18,50.695
2026-06-01 13:15:28.768,2203268224,219768,BME280,29.85,1007.18,50.695
2026-06-01 13:15:28.968,2203268424,219968,BME280,29.85,1007.18,50.695
2026-06-01 13:15:28.168,2203267624,220168,BME280,29.85,1007.16,50.806
2026-06-01 13:15:29.368,2203268824,220368,BME280,29.85,1007.16,50.806
2026-06-01 13:15:29.568,2203269024,220568,BME280,29.85,1007.16,50.806
2026-06-01 13:15:29.768,2203269224,220768,BME280,29.85,1007.16,50.806
2026-06-01 13:15:29.968,2203269424,220968,BME280,29.85,1007.16,50.806
2026-06-01 13:15:29.168,2203268624,221168,BME280,29.85,1007.17,50.733
2026-06-01 13:15:30.368,2203269824,221368,BME280,29.85,1007.17,50.733
2026-06-01 13:15:30.568,2203270024,221568,BME280,29.85,1007.17,50.733
2026-06-01 13:15:30.768,2203270224,221768,BME280,29.85,1007.17,50.733
2026-06-01 13:15:30.968,2203270424,221968,BME280,29.85,1007.17,50.733
2026-06-01 13:15:30.168,2203269624,222168,BME280,29.85,1007.18,50.676
2026-06-01 13:15:31.368,2203270824,222368,BME280,29.85,1007.18,50.676
2026-06-01 13:15:31.568,2203271024,222568,BME280,29.85,1007.18,50.676
2026-06-01 13:15:31.768,2203271224,222768,BME280,29.85,1007.18,50.676
2026-06-01 13:15:31.968,2203271424,222968,BME280,29.85,1007.18,50.676
2026-06-01 13:15:31.168,2203270624,223168,BME280,29.85,1007.15,50.874
2026-06-01 13:15:32.368,2203271824,223368,BME280,29.85,1007.15,50.874
2026-06-01 13:15:32.568,2203272024,223568,BME280,29.85,1007.15,50.874
2026-06-01 13:15:32.768,2203272224,223768,BME280,29.85,1007.15,50.874
2026-06-01 13:15:32.968,2203272424,223968,BME280,29.85,1007.15,50.874
2026-06-01 13:15:32.168,2203271624,224168,BME280,29.86,1007.15,50.942
2026-06-01 13:15:33.368,2203272824,224368,BME280,29.86,1007.15,50.942
2026-06-01 13:15:33.568,2203273024,224568,BME280,29.86,1007.15,50.942
2026-06-01 13:15:33.768,2203273224,224768,BME280,29.86,1007.15,50.942
2026-06-01 13:15:33.968,2203273424,224968,BME280,29.86,1007.15,50.942
2026-06-01 13:15:33.168,2203272624,225168,BME280,29.85,1007.17,50.744
2026-06-01 13:15:34.368,2203273824,225368,BME280,29.85,1007.17,50.744
2026-06-01 13:15:34.568,2203274024,225568,BME280,29.85,1007.17,50.744
2026-06-01 13:15:34.768,2203274224,225768,BME280,29.85,1007.17,50.744
2026-06-01 13:15:34.968,2203274424,225968,BME280,29.85,1007.17,50.744
2026-06-01 13:15:34.168,2203273624,226168,BME280,29.86,1007.16,50.836
2026-06-01 13:15:35.368,2203274824,226368,BME280,29.86,1007.16,50.836
2026-06-01 13:15:35.568,2203275024,226568,BME280,29.86,1007.16,50.836
2026-06-01 13:15:35.768,2203275224,226768,BME280,29.86,1007.16,50.836
2026-06-01 13:15:35.968,2203275424,226968,BME280,29.86,1007.16,50.836
2026-06-01 13:15:35.168,2203274624,227168,BME280,29.86,1007.13,51.043
2026-06-01 13:15:36.368,2203275824,227368,BME280,29.86,1007.13,51.043
2026-06-01 13:15:36.568,2203276024,227568,BME280,29.86,1007.13,51.043
2026-06-01 13:15:36.768,2203276224,227768,BME280,29.86,1007.13,51.043
2026-06-01 13:15:36.968,2203276424,227968,BME280,29.86,1007.13,51.043
2026-06-01 13:15:36.168,2203275624,228168,BME280,29.86,1007.15,50.942
2026-06-01 13:15:37.368,2203276824,228368,BME280,29.86,1007.15,50.942
2026-06-01 13:15:37.568,2203277024,228568,BME280,29.86,1007.15,50.942
2026-06-01 13:15:37.015,2203276471,229015,BME280,29.86,1007.14,50.985
2026-06-01 13:15:37.215,2203276671,229215,BME280,29.86,1007.14,50.985
2026-06-01 13:15:38.415,2203277871,229415,BME280,29.86,1007.14,50.985
2026-06-01 13:15:38.615,2203278071,229615,BME280,29.86,1007.14,50.985
2026-06-01 13:15:38.815,2203278271,229815,BME280,29.86,1007.14,50.985
2026-06-01 13:15:38.136,2203277592,230136,BME280,29.86,1007.16,50.854
2026-06-01 13:15:39.336,2203278792,230336,BME280,29.86,1007.16,50.854
2026-06-01 13:15:39.536,2203278992,230536,BME280,29.86,1007.16,50.854
2026-06-01 13:15:39.736,2203279192,230736,BME280,29.86,1007.16,50.854
2026-06-01 13:15:39.936,2203279392,230936,BME280,29.86,1007.16,50.854
2026-06-01 13:15:39.136,2203278592,231136,BME280,29.87,1007.15,50.876
2026-06-01 13:15:40.336,2203279792,231336,BME280,29.87,1007.15,50.876
2026-06-01 13:15:40.536,2203279992,231536,BME280,29.87,1007.15,50.876
2026-06-01 13:15:40.736,2203280192,231736,BME280,29.87,1007.15,50.876
2026-06-01 13:15:40.936,2203280392,231936,BME280,29.87,1007.15,50.876
2026-06-01 13:15:40.136,2203279592,232136,BME280,29.86,1007.15,50.899
2026-06-01 13:15:41.336,2203280792,232336,BME280,29.86,1007.15,50.899
2026-06-01 13:15:41.799,2203281255,232799,BME280,29.86,1007.15,50.899
2026-06-01 13:15:41.999,2203281455,232999,BME280,29.86,1007.14,51.03
2026-06-01 13:15:41.199,2203280655,233199,BME280,29.86,1007.14,51.03
2026-06-01 13:15:42.399,2203281855,233399,BME280,29.86,1007.14,51.03
2026-06-01 13:15:42.599,2203282055,233599,BME280,29.86,1007.14,51.03
2026-06-01 13:15:42.799,2203282255,233799,BME280,29.86,1007.14,51.03
2026-06-01 13:15:42.999,2203282455,233999,BME280,29.86,1007.15,50.89
2026-06-01 13:15:43.960,2203283416,234960,BME280,29.86,1007.15,50.89
2026-06-01 13:15:44.356,2203283812,235356,BME280,29.86,1007.15,50.875
2026-06-01 13:15:44.563,2203284019,235563,BME280,29.86,1007.15,50.875
2026-06-01 13:15:44.779,2203284235,235779,BME280,29.86,1007.15,50.875
2026-06-01 13:15:44.073,2203283529,236073,BME280,29.86,1007.13,51.048
