datetime,epoch_ms,ts_millis,sensor,temperature_c,pressure_hpa,altitude_m
2026-06-18 13:15:17.714,3672057170,5714,BME280,181.87,-137.08,2867.328
2026-06-18 13:15:17.914,3672057370,5914,BME280,23.04,713.04,2867.328
2026-06-18 13:15:17.114,3672056570,6114,BME280,23.04,713.04,2867.328
2026-06-18 13:15:18.314,3672057770,6314,BME280,23.04,713.04,2867.328
2026-06-18 13:15:18.514,3672057970,6514,BME280,23.04,713.04,2867.328
2026-06-18 13:15:18.714,3672058170,6714,BME280,23.04,713.04,2867.328
2026-06-18 13:15:18.914,3672058370,6914,BME280,23.04,713.04,2867.328
2026-06-18 13:15:18.114,3672057570,7114,BME280,23.04,713.04,2867.328
2026-06-18 13:15:19.314,3672058770,7314,BME280,23.04,713.04,2867.328
2026-06-18 13:15:19.514,3672058970,7514,BME280,23.04,713.04,2867.328
2026-06-18 13:15:19.714,3672059170,7714,BME280,23.04,713.04,2867.328
2026-06-18 13:15:19.914,3672059370,7914,BME280,23.04,713.04,2867.328
2026-06-18 13:15:19.114,3672058570,8114,BME280,23.04,713.04,2867.328
2026-06-18 13:15:20.314,3672059770,8314,BME280,23.04,713.04,2867.328
2026-06-18 13:15:20.514,3672059970,8514,BME280,23.04,713.04,2867.328
2026-06-18 13:15:20.714,3672060170,8714,BME280,23.04,713.04,2867.328
2026-06-18 13:15:20.914,3672060370,8914,BME280,23.04,713.04,2867.328
2026-06-18 13:15:20.114,3672059570,9114,BME280,23.04,713.04,2867.328
2026-06-18 13:15:21.314,3672060770,9314,BME280,23.04,713.04,2867.328
2026-06-18 13:15:21.514,3672060970,9514,BME280,23.04,713.04,2867.328
2026-06-18 13:15:21.714,3672061170,9714,BME280,23.04,713.04,2867.328
2026-06-18 13:15:21.914,3672061370,9914,BME280,23.04,713.04,2867.328
2026-06-18 13:15:21.114,3672060570,10114,BME280,23.04,713.04,2867.328
2026-06-18 13:15:22.314,3672061770,10314,BME280,23.04,713.04,2867.328
2026-06-18 13:15:22.514,3672061970,10514,BME280,23.04,713.04,2867.328
2026-06-18 13:15:22.714,3672062170,10714,BME280,23.04,713.04,2867.328
2026-06-18 13:15:22.914,3672062370,10914,BME280,23.04,713.04,2867.328
2026-06-18 13:15:22.114,3672061570,11114,BME280,23.04,713.04,2867.328
2026-06-18 13:15:23.314,3672062770,11314,BME280,23.04,713.04,2867.328
2026-06-18 13:15:23.514,3672062970,11514,BME280,23.04,713.04,2867.328
2026-06-18 13:15:23.714,3672063170,11714,BME280,23.04,713.04,2867.328
2026-06-18 13:15:23.914,3672063370,11914,BME280,23.04,713.04,2867.328
2026-06-18 13:15:23.114,3672062570,12114,BME280,23.04,713.04,2867.328
2026-06-18 13:15:24.314,3672063770,12314,BME280,23.04,713.04,2867.328
2026-06-18 13:15:24.514,3672063970,12514,BME280,23.04,713.04,2867.328
2026-06-18 13:15:24.714,3672064170,12714,BME280,23.04,713.04,2867.328
2026-06-18 13:15:24.914,3672064370,12914,BME280,23.04,713.04,2867.328
2026-06-18 13:15:24.114,3672063570,13114,BME280,23.04,713.04,2867.328
2026-06-18 13:15:25.314,3672064770,13314,BME280,23.04,713.04,2867.328
2026-06-18 13:15:25.514,3672064970,13514,BME280,23.04,713.04,2867.328
2026-06-18 13:15:25.714,3672065170,13714,BME280,23.04,713.04,2867.328
2026-06-18 13:15:25.914,3672065370,13914,BME280,23.04,713.04,2867.328
2026-06-18 13:15:25.114,3672064570,14114,BME280,23.04,713.04,2867.328
2026-06-18 13:15:26.314,3672065770,14314,BME280,23.04,713.04,2867.328
2026-06-18 13:15:26.514,3672065970,14514,BME280,23.04,713.04,2867.328
2026-06-18 13:15:26.714,3672066170,14714,BME280,23.04,713.04,2867.328
2026-06-18 13:15:26.914,3672066370,14914,BME280,23.04,713.04,2867.328
2026-06-18 13:15:26.114,3672065570,15114,BME280,23.04,713.04,2867.328
2026-06-18 13:15:27.314,3672066770,15314,BME280,23.04,713.04,2867.328
2026-06-18 13:15:27.514,3672066970,15514,BME280,23.04,713.04,2867.328
2026-06-18 13:15:27.714,3672067170,15714,BME280,23.04,713.04,2867.328
2026-06-18 13:15:27.914,3672067370,15914,BME280,23.04,713.04,2867.328
2026-06-18 13:15:27.114,3672066570,16114,BME280,23.04,713.04,2867.328
2026-06-18 13:15:28.314,3672067770,16314,BME280,23.04,713.04,2867.328
2026-06-18 13:15:28.514,3672067970,16514,BME280,23.04,713.04,2867.328
2026-06-18 13:15:28.714,3672068170,16714,BME280,23.04,713.04,2867.328
2026-06-18 13:15:28.914,3672068370,16914,BME280,23.04,713.04,2867.328
2026-06-18 13:15:28.114,3672067570,17114,BME280,23.04,713.04,2867.328
2026-06-18 13:15:29.314,3672068770,17314,BME280,23.04,713.04,2867.328
2026-06-18 13:15:29.514,3672068970,17514,BME280,23.04,713.04,2867.328
2026-06-18 13:15:29.714,3672069170,17714,BME280,23.04,713.04,2867.328
2026-06-18 13:15:29.914,3672069370,17914,BME280,23.04,713.04,2867.328
2026-06-18 13:15:29.114,3672068570,18114,BME280,23.04,713.04,2867.328
2026-06-18 13:15:30.314,3672069770,18314,BME280,23.04,713.04,2867.328
2026-06-18 13:15:30.514,3672069970,18514,BME280,23.04,713.04,2867.328
2026-06-18 13:15:30.714,3672070170,18714,BME280,23.04,713.04,2867.328
2026-06-18 13:15:30.914,3672070370,18914,BME280,23.04,713.04,2867.328
2026-06-18 13:15:30.114,3672069570,19114,BME280,23.04,713.04,2867.328
2026-06-18 13:15:31.314,3672070770,19314,BME280,23.04,713.04,2867.328
2026-06-18 13:15:31.514,3672070970,19514,BME280,23.04,713.04,2867.328
2026-06-18 13:15:31.714,3672071170,19714,BME280,23.04,713.04,2867.328
2026-06-18 13:15:31.914,3672071370,19914,BME280,23.04,713.04,2867.328
2026-06-18 13:15:31.114,3672070570,20114,BME280,23.04,713.04,2867.328
2026-06-18 13:15:32.314,3672071770,20314,BME280,23.04,713.04,2867.328
2026-06-18 13:15:32.514,3672071970,20514,BME280,23.04,713.04,2867.328
2026-06-18 13:15:32.714,3672072170,20714,BME280,23.04,713.04,2867.328
2026-06-18 13:15:32.914,3672072370,20914,BME280,23.04,713.04,2867.328
2026-06-18 13:15:32.114,3672071570,21114,BME280,23.04,713.04,2867.328
2026-06-18 13:15:33.314,3672072770,21314,BME280,23.04,713.04,2867.328
2026-06-18 13:15:33.514,3672072970,21514,BME280,23.04,713.04,2867.328
2026-06-18 13:15:33.714,3672073170,21714,BME280,23.04,713.04,2867.328
2026-06-18 13:15:33.914,3672073370,21914,BME280,23.04,713.04,2867.328
2026-06-18 13:15:33.114,3672072570,22114,BME280,23.04,713.04,2867.328
2026-06-18 13:15:34.314,3672073770,22314,BME280,23.04,713.04,2867.328
2026-06-18 13:15:34.514,3672073970,22514,BME280,23.04,713.04,2867.328
2026-06-18 13:15:34.714,3672074170,22714,BME280,23.04,713.04,2867.328
2026-06-18 13:15:34.914,3672074370,22914,BME280,23.04,713.04,2867.328
2026-06-18 13:15:34.114,3672073570,23114,BME280,23.04,713.04,2867.328
2026-06-18 13:15:35.314,3672074770,23314,BME280,23.04,713.04,2867.328
2026-06-18 13:15:35.514,3672074970,23514,BME280,23.04,713.04,2867.328
2026-06-18 13:15:35.714,3672075170,23714,BME280,23.04,713.04,2867.328
2026-06-18 13:15:35.914,3672075370,23914,BME280,23.04,713.04,2867.328
2026-06-18 13:15:35.114,3672074570,24114,BME280,23.04,713.04,2867.328
2026-06-18 13:15:36.314,3672075770,24314,BME280,23.04,713.04,2867.328
2026-06-18 13:15:36.514,3672075970,24514,BME280,23.04,713.04,2867.328
2026-06-18 13:15:36.794,3672076250,24794,BME280,23.04,713.04,2867.328
2026-06-18 13:15:36.994,3672076450,24994,BME280,23.04,713.04,2867.328
2026-06-18 13:15:36.194,3672075650,25194,BME280,23.04,713.04,2867.328
2026-06-18 13:15:40.676,3672080132,28676,BME280,181.87,713.04,2867.328
2026-06-18 13:15:40.876,3672080332,28876,BME280,23.04,713.04,2867.328
2026-06-18 13:15:40.076,3672079532,29076,BME280,23.04,713.04,2867.328
2026-06-18 13:15:40.276,3672079732,29276,BME280,23.04,713.04,2867.328
2026-06-18 13:15:41.476,3672080932,29476,BME280,23.04,713.04,2867.328
2026-06-18 13:15:42.476,3672081932,30476,BME280,23.04,713.04,2867.328
2026-06-18 13:15:43.306,3672082762,31306,BME280,23.04,713.04,2867.328
2026-06-18 13:15:43.506,3672082962,31506,BME280,23.04,713.04,2867.328
2026-06-18 13:15:46.338,3672085794,34338,BME280,181.87,713.04,2867.328
2026-06-18 13:15:46.538,3672085994,34538,BME280,23.04,713.04,2867.328
2026-06-18 13:15:46.738,3672086194,34738,BME280,23.04,713.04,2867.328
2026-06-18 13:15:46.938,3672086394,34938,BME280,23.04,713.04,2867.328
2026-06-18 13:15:46.138,3672085594,35138,BME280,23.04,713.04,2867.328
2026-06-18 13:15:47.338,3672086794,35338,BME280,23.04,713.04,2867.328
2026-06-18 13:15:47.538,3672086994,35538,BME280,23.04,713.04,2867.328
2026-06-18 13:15:47.738,3672087194,35738,BME280,23.04,713.04,2867.328
2026-06-18 13:15:47.938,3672087394,35938,BME280,23.04,713.04,2867.328
2026-06-18 13:15:47.138,3672086594,36138,BME280,23.04,713.04,2867.328
2026-06-18 13:15:48.338,3672087794,36338,BME280,23.04,713.04,2867.328
2026-06-18 13:15:48.538,3672087994,36538,BME280,23.04,713.04,2867.328
2026-06-18 13:15:48.738,3672088194,36738,BME280,23.04,713.04,2867.328
2026-06-18 13:15:48.938,3672088394,36938,BME280,23.04,713.04,2867.328
2026-06-18 13:15:48.138,3672087594,37138,BME280,23.04,713.04,2867.328
2026-06-18 13:15:49.338,3672088794,37338,BME280,23.04,713.04,2867.328
2026-06-18 13:15:49.538,3672088994,37538,BME280,23.04,713.04,2867.328
2026-06-18 13:15:49.738,3672089194,37738,BME280,23.04,713.04,2867.328
2026-06-18 13:15:49.938,3672089394,37938,BME280,23.04,713.04,2867.328
2026-06-18 13:15:49.138,3672088594,38138,BME280,23.04,713.04,2867.328
2026-06-18 13:15:50.338,3672089794,38338,BME280,23.04,713.04,2867.328
2026-06-18 13:15:50.538,3672089994,38538,BME280,23.04,713.04,2867.328
2026-06-18 13:15:50.738,3672090194,38738,BME280,23.04,713.04,2867.328
2026-06-18 13:15:50.938,3672090394,38938,BME280,23.04,713.04,2867.328
2026-06-18 13:15:50.138,3672089594,39138,BME280,23.04,713.04,2867.328
2026-06-18 13:15:51.338,3672090794,39338,BME280,23.04,713.04,2867.328
2026-06-18 13:15:51.538,3672090994,39538,BME280,23.04,713.04,2867.328
2026-06-18 13:15:51.738,3672091194,39738,BME280,23.04,713.04,2867.328
2026-06-18 13:15:51.938,3672091394,39938,BME280,23.04,713.04,2867.328
2026-06-18 13:15:51.138,3672090594,40138,BME280,23.04,713.04,2867.328
2026-06-18 13:15:52.338,3672091794,40338,BME280,23.04,713.04,2867.328
2026-06-18 13:15:52.538,3672091994,40538,BME280,23.04,713.04,2867.328
2026-06-18 13:15:52.738,3672092194,40738,BME280,23.04,713.04,2867.328
2026-06-18 13:15:52.938,3672092394,40938,BME280,23.04,713.04,2867.328
2026-06-18 13:15:52.138,3672091594,41138,BME280,23.04,713.04,2867.328
2026-06-18 13:15:53.338,3672092794,41338,BME280,23.04,713.04,2867.328
2026-06-18 13:15:53.538,3672092994,41538,BME280,23.04,713.04,2867.328
2026-06-18 13:15:53.738,3672093194,41738,BME280,23.04,713.04,2867.328
2026-06-18 13:15:53.938,3672093394,41938,BME280,23.04,713.04,2867.328
2026-06-18 13:15:53.138,3672092594,42138,BME280,23.04,713.04,2867.328
2026-06-18 13:15:54.338,3672093794,42338,BME280,23.04,713.04,2867.328
2026-06-18 13:15:54.538,3672093994,42538,BME280,23.04,713.04,2867.328
2026-06-18 13:15:54.738,3672094194,42738,BME280,23.04,713.04,2867.328
2026-06-18 13:15:54.938,3672094394,42938,BME280,23.04,713.04,2867.328
2026-06-18 13:15:54.138,3672093594,43138,BME280,23.04,713.04,2867.328
2026-06-18 13:15:55.338,3672094794,43338,BME280,23.04,713.04,2867.328
2026-06-18 13:15:55.538,3672094994,43538,BME280,23.04,713.04,2867.328
2026-06-18 13:15:55.738,3672095194,43738,BME280,23.04,713.04,2867.328
2026-06-18 13:15:55.938,3672095394,43938,BME280,23.04,713.04,2867.328
2026-06-18 13:15:55.138,3672094594,44138,BME280,23.04,713.04,2867.328
2026-06-18 13:15:56.338,3672095794,44338,BME280,23.04,713.04,2867.328
2026-06-18 13:15:56.538,3672095994,44538,BME280,23.04,713.04,2867.328
2026-06-18 13:15:56.738,3672096194,44738,BME280,23.04,713.04,2867.328
2026-06-18 13:15:56.938,3672096394,44938,BME280,23.04,713.04,2867.328
2026-06-18 13:15:56.138,3672095594,45138,BME280,23.04,713.04,2867.328
2026-06-18 13:15:57.338,3672096794,45338,BME280,23.04,713.04,2867.328
2026-06-18 13:15:57.538,3672096994,45538,BME280,23.04,713.04,2867.328
2026-06-18 13:15:57.738,3672097194,45738,BME280,23.04,713.04,2867.328
2026-06-18 13:15:57.938,3672097394,45938,BME280,23.04,713.04,2867.328
2026-06-18 13:15:57.138,3672096594,46138,BME280,23.04,713.04,2867.328
2026-06-18 13:15:58.338,3672097794,46338,BME280,23.04,713.04,2867.328
2026-06-18 13:15:58.538,3672097994,46538,BME280,23.04,713.04,2867.328
2026-06-18 13:15:58.738,3672098194,46738,BME280,23.04,713.04,2867.328
2026-06-18 13:15:58.938,3672098394,46938,BME280,23.04,713.04,2867.328
2026-06-18 13:15:58.138,3672097594,47138,BME280,23.04,713.04,2867.328
2026-06-18 13:15:59.338,3672098794,47338,BME280,23.04,713.04,2867.328
2026-06-18 13:15:59.538,3672098994,47538,BME280,23.04,713.04,2867.328
2026-06-18 13:15:59.738,3672099194,47738,BME280,23.04,713.04,2867.328
2026-06-18 13:15:59.148,3672098604,48148,BME280,23.04,713.04,2867.328
2026-06-18 13:16:00.348,3672099804,48348,BME280,23.04,713.04,2867.328
2026-06-18 13:16:00.548,3672100004,48548,BME280,23.04,713.04,2867.328
2026-06-18 13:16:00.748,3672100204,48748,BME280,23.04,713.04,2867.328
2026-06-18 13:16:00.948,3672100404,48948,BME280,23.04,713.04,2867.328
2026-06-18 13:16:00.148,3672099604,49148,BME280,23.04,713.04,2867.328
2026-06-18 13:16:01.348,3672100804,49348,BME280,23.04,713.04,2867.328
2026-06-18 13:16:01.548,3672101004,49548,BME280,23.04,713.04,2867.328
2026-06-18 13:16:01.748,3672101204,49748,BME280,23.04,713.04,2867.328
2026-06-18 13:16:01.948,3672101404,49948,BME280,23.04,713.04,2867.328
2026-06-18 13:16:01.148,3672100604,50148,BME280,23.04,713.04,2867.328
2026-06-18 13:16:04.649,3672104105,52649,BME280,181.87,713.04,2867.328
2026-06-18 13:16:04.849,3672104305,52849,BME280,23.04,713.04,2867.328
2026-06-18 13:16:04.049,3672103505,53049,BME280,23.04,713.04,2867.328
2026-06-18 13:16:04.249,3672103705,53249,BME280,23.04,713.04,2867.328
2026-06-18 13:16:05.449,3672104905,53449,BME280,23.04,713.04,2867.328
2026-06-18 13:16:05.649,3672105105,53649,BME280,23.04,713.04,2867.328
2026-06-18 13:16:05.849,3672105305,53849,BME280,23.04,713.04,2867.328
2026-06-18 13:16:05.049,3672104505,54049,BME280,23.04,713.04,2867.328
2026-06-18 13:16:05.249,3672104705,54249,BME280,23.04,713.04,2867.328
2026-06-18 13:16:06.449,3672105905,54449,BME280,23.04,713.04,2867.328
2026-06-18 13:16:06.649,3672106105,54649,BME280,23.04,713.04,2867.328
2026-06-18 13:16:06.849,3672106305,54849,BME280,23.04,713.04,2867.328
2026-06-18 13:16:06.049,3672105505,55049,BME280,23.04,713.04,2867.328
2026-06-18 13:16:06.249,3672105705,55249,BME280,23.04,713.04,2867.328
2026-06-18 13:16:07.449,3672106905,55449,BME280,23.04,713.04,2867.328
2026-06-18 13:16:07.649,3672107105,55649,BME280,23.04,713.04,2867.328
2026-06-18 13:16:07.849,3672107305,55849,BME280,23.04,713.04,2867.328
2026-06-18 13:16:07.049,3672106505,56049,BME280,23.04,713.04,2867.328
2026-06-18 13:16:07.249,3672106705,56249,BME280,23.04,713.04,2867.328
2026-06-18 13:16:08.449,3672107905,56449,BME280,23.04,713.04,2867.328
2026-06-18 13:16:08.649,3672108105,56649,BME280,23.04,713.04,2867.328
2026-06-18 13:16:08.849,3672108305,56849,BME280,23.04,713.04,2867.328
2026-06-18 13:16:08.049,3672107505,57049,BME280,23.04,713.04,2867.328
2026-06-18 13:16:08.249,3672107705,57249,BME280,23.04,713.04,2867.328
2026-06-18 13:16:09.449,3672108905,57449,BME280,23.04,713.04,2867.328
2026-06-18 13:16:09.649,3672109105,57649,BME280,23.04,713.04,2867.328
2026-06-18 13:16:09.849,3672109305,57849,BME280,23.04,713.04,2867.328
2026-06-18 13:16:09.049,3672108505,58049,BME280,23.04,713.04,2867.328
2026-06-18 13:16:09.249,3672108705,58249,BME280,23.04,713.04,2867.328
2026-06-18 13:16:10.449,3672109905,58449,BME280,23.04,713.04,2867.328
2026-06-18 13:16:10.649,3672110105,58649,BME280,23.04,713.04,2867.328
2026-06-18 13:16:10.849,3672110305,58849,BME280,23.04,713.04,2867.328
2026-06-18 13:16:10.049,3672109505,59049,BME280,23.04,713.04,2867.328
2026-06-18 13:16:10.249,3672109705,59249,BME280,23.04,713.04,2867.328
2026-06-18 13:16:11.449,3672110905,59449,BME280,23.04,713.04,2867.328
2026-06-18 13:16:11.649,3672111105,59649,BME280,23.04,713.04,2867.328
2026-06-18 13:16:11.849,3672111305,59849,BME280,23.04,713.04,2867.328
2026-06-18 13:16:11.049,3672110505,60049,BME280,23.04,713.04,2867.328
2026-06-18 13:16:11.249,3672110705,60249,BME280,23.04,713.04,2867.328
2026-06-18 13:16:12.449,3672111905,60449,BME280,23.04,713.04,2867.328
2026-06-18 13:16:12.649,3672112105,60649,BME280,23.04,713.04,2867.328
2026-06-18 13:16:12.849,3672112305,60849,BME280,23.04,713.04,2867.328
2026-06-18 13:16:12.049,3672111505,61049,BME280,23.04,713.04,2867.328
2026-06-18 13:16:12.249,3672111705,61249,BME280,23.04,713.04,2867.328
2026-06-18 13:16:13.449,3672112905,61449,BME280,23.04,713.04,2867.328
2026-06-18 13:16:13.649,3672113105,61649,BME280,23.04,713.04,2867.328
2026-06-18 13:16:13.849,3672113305,61849,BME280,23.04,713.04,2867.328
2026-06-18 13:16:13.049,3672112505,62049,BME280,23.04,713.04,2867.328
2026-06-18 13:16:13.249,3672112705,62249,BME280,23.04,713.04,2867.328
2026-06-18 13:16:14.449,3672113905,62449,BME280,23.04,713.04,2867.328
2026-06-18 13:16:14.649,3672114105,62649,BME280,23.04,713.04,2867.328
2026-06-18 13:16:14.849,3672114305,62849,BME280,23.04,713.04,2867.328
2026-06-18 13:16:14.049,3672113505,63049,BME280,23.04,713.04,2867.328
2026-06-18 13:16:14.249,3672113705,63249,BME280,23.04,713.04,2867.328
2026-06-18 13:16:15.449,3672114905,63449,BME280,23.04,713.04,2867.328
2026-06-18 13:16:15.862,3672115318,63862,BME280,23.04,713.04,2867.328
2026-06-18 13:16:15.062,3672114518,64062,BME280,23.04,713.04,2867.328
2026-06-18 13:16:15.262,3672114718,64262,BME280,23.04,713.04,2867.328
2026-06-18 13:16:16.462,3672115918,64462,BME280,23.04,713.04,2867.328
2026-06-18 13:16:16.662,3672116118,64662,BME280,23.04,713.04,2867.328
2026-06-18 13:16:16.863,3672116319,64863,BME280,23.04,713.04,2867.328
2026-06-18 13:16:16.063,3672115519,65063,BME280,23.04,713.04,2867.328
2026-06-18 13:16:16.263,3672115719,65263,BME280,23.04,713.04,2867.328
2026-06-18 13:16:17.463,3672116919,65463,BME280,23.04,713.04,2867.328
2026-06-18 13:16:17.663,3672117119,65663,BME280,23.04,713.04,2867.328
2026-06-18 13:16:17.863,3672117319,65863,BME280,23.04,713.04,2867.328
2026-06-18 13:16:17.063,3672116519,66063,BME280,23.04,713.04,2867.328
2026-06-18 13:16:17.263,3672116719,66263,BME280,23.04,713.04,2867.328
2026-06-18 13:16:18.463,3672117919,66463,BME280,23.04,713.04,2867.328
2026-06-18 13:16:18.663,3672118119,66663,BME280,23.04,713.04,2867.328
2026-06-18 13:16:18.863,3672118319,66863,BME280,23.04,713.04,2867.328
2026-06-18 13:16:18.063,3672117519,67063,BME280,23.04,713.04,2867.328
2026-06-18 13:16:18.263,3672117719,67263,BME280,23.04,713.04,2867.328
2026-06-18 13:16:19.463,3672118919,67463,BME280,23.04,713.04,2867.328
2026-06-18 13:16:19.663,3672119119,67663,BME280,23.04,713.04,2867.328
2026-06-18 13:16:19.863,3672119319,67863,BME280,23.04,713.04,2867.328
2026-06-18 13:16:19.063,3672118519,68063,BME280,23.04,713.04,2867.328
2026-06-18 13:16:19.263,3672118719,68263,BME280,23.04,713.04,2867.328
2026-06-18 13:16:20.463,3672119919,68463,BME280,23.04,713.04,2867.328
2026-06-18 13:16:20.663,3672120119,68663,BME280,23.04,713.04,2867.328
2026-06-18 13:16:20.863,3672120319,68863,BME280,23.04,713.04,2867.328
2026-06-18 13:16:20.063,3672119519,69063,BME280,23.04,713.04,2867.328
2026-06-18 13:16:20.263,3672119719,69263,BME280,23.04,713.04,2867.328
2026-06-18 13:16:21.463,3672120919,69463,BME280,23.04,713.04,2867.328
2026-06-18 13:16:21.663,3672121119,69663,BME280,23.04,713.04,2867.328
2026-06-18 13:16:21.863,3672121319,69863,BME280,23.04,713.04,2867.328
2026-06-18 13:16:21.063,3672120519,70063,BME280,23.04,713.04,2867.328
2026-06-18 13:16:21.263,3672120719,70263,BME280,23.04,713.04,2867.328
2026-06-18 13:16:22.463,3672121919,70463,BME280,23.04,713.04,2867.328
2026-06-18 13:16:22.663,3672122119,70663,BME280,23.04,713.04,2867.328
2026-06-18 13:16:22.863,3672122319,70863,BME280,23.04,713.04,2867.328
2026-06-18 13:16:22.063,3672121519,71063,BME280,23.04,713.04,2867.328
2026-06-18 13:16:22.263,3672121719,71263,BME280,23.04,713.04,2867.328
2026-06-18 13:16:23.463,3672122919,71463,BME280,23.04,713.04,2867.328
2026-06-18 13:16:23.663,3672123119,71663,BME280,23.04,713.04,2867.328
2026-06-18 13:16:23.863,3672123319,71863,BME280,23.04,713.04,2867.328
2026-06-18 13:16:23.063,3672122519,72063,BME280,23.04,713.04,2867.328
2026-06-18 13:16:23.263,3672122719,72263,BME280,23.04,713.04,2867.328
2026-06-18 13:16:24.463,3672123919,72463,BME280,23.04,713.04,2867.328
2026-06-18 13:16:24.663,3672124119,72663,BME280,23.04,713.04,2867.328
2026-06-18 13:16:24.863,3672124319,72863,BME280,23.04,713.04,2867.328
2026-06-18 13:16:24.063,3672123519,73063,BME280,23.04,713.04,2867.328
2026-06-18 13:16:24.263,3672123719,73263,BME280,23.04,713.04,2867.328
2026-06-18 13:16:25.463,3672124919,73463,BME280,23.04,713.04,2867.328
2026-06-18 13:16:25.663,3672125119,73663,BME280,23.04,713.04,2867.328
2026-06-18 13:16:25.863,3672125319,73863,BME280,23.04,713.04,2867.328
2026-06-18 13:16:25.063,3672124519,74063,BME280,23.04,713.04,2867.328
2026-06-18 13:16:25.263,3672124719,74263,BME280,23.04,713.04,2867.328
2026-06-18 13:16:26.463,3672125919,74463,BME280,23.04,713.04,2867.328
2026-06-18 13:16:26.663,3672126119,74663,BME280,23.04,713.04,2867.328
2026-06-18 13:16:26.863,3672126319,74863,BME280,23.04,713.04,2867.328
2026-06-18 13:16:26.063,3672125519,75063,BME280,23.04,713.04,2867.328
2026-06-18 13:16:26.263,3672125719,75263,BME280,23.04,713.04,2867.328
2026-06-18 13:16:27.463,3672126919,75463,BME280,23.04,713.04,2867.328
2026-06-18 13:16:27.663,3672127119,75663,BME280,23.04,713.04,2867.328
2026-06-18 13:16:27.863,3672127319,75863,BME280,23.04,713.04,2867.328
2026-06-18 13:16:27.063,3672126519,76063,BME280,23.04,713.04,2867.328
2026-06-18 13:16:27.263,3672126719,76263,BME280,23.04,713.04,2867.328
2026-06-18 13:16:28.463,3672127919,76463,BME280,23.04,713.04,2867.328
2026-06-18 13:16:28.663,3672128119,76663,BME280,23.04,713.04,2867.328
2026-06-18 13:16:28.863,3672128319,76863,BME280,23.04,713.04,2867.328
2026-06-18 13:16:28.063,3672127519,77063,BME280,23.04,713.04,2867.328
2026-06-18 13:16:28.263,3672127719,77263,BME280,23.04,713.04,2867.328
2026-06-18 13:16:29.463,3672128919,77463,BME280,23.04,713.04,2867.328
2026-06-18 13:16:29.663,3672129119,77663,BME280,23.04,713.04,2867.328
2026-06-18 13:16:29.863,3672129319,77863,BME280,23.04,713.04,2867.328
2026-06-18 13:16:29.063,3672128519,78063,BME280,23.04,713.04,2867.328
2026-06-18 13:16:29.263,3672128719,78263,BME280,23.04,713.04,2867.328
2026-06-18 13:16:30.463,3672129919,78463,BME280,23.04,713.04,2867.328
2026-06-18 13:16:30.663,3672130119,78663,BME280,23.04,713.04,2867.328
2026-06-18 13:16:30.863,3672130319,78863,BME280,23.04,713.04,2867.328
2026-06-18 13:16:30.063,3672129519,79063,BME280,23.04,713.04,2867.328
2026-06-18 13:16:30.263,3672129719,79263,BME280,23.04,713.04,2867.328
2026-06-18 13:16:31.463,3672130919,79463,BME280,23.04,713.04,2867.328
2026-06-18 13:16:31.663,3672131119,79663,BME280,23.04,713.04,2867.328
2026-06-18 13:16:31.863,3672131319,79863,BME280,23.04,713.04,2867.328
2026-06-18 13:16:31.063,3672130519,80063,BME280,23.04,713.04,2867.328
2026-06-18 13:16:31.263,3672130719,80263,BME280,23.04,713.04,2867.328
2026-06-18 13:16:32.463,3672131919,80463,BME280,23.04,713.04,2867.328
2026-06-18 13:16:32.663,3672132119,80663,BME280,23.04,713.04,2867.328
2026-06-18 13:16:32.863,3672132319,80863,BME280,23.04,713.04,2867.328
2026-06-18 13:16:32.063,3672131519,81063,BME280,23.04,713.04,2867.328
2026-06-18 13:16:32.263,3672131719,81263,BME280,23.04,713.04,2867.328
2026-06-18 13:16:33.463,3672132919,81463,BME280,23.04,713.04,2867.328
2026-06-18 13:16:33.663,3672133119,81663,BME280,23.04,713.04,2867.328
2026-06-18 13:16:33.863,3672133319,81863,BME280,23.04,713.04,2867.328
2026-06-18 13:16:33.063,3672132519,82063,BME280,23.04,713.04,2867.328
2026-06-18 13:16:33.263,3672132719,82263,BME280,23.04,713.04,2867.328
2026-06-18 13:16:34.463,3672133919,82463,BME280,23.04,713.04,2867.328
2026-06-18 13:16:34.663,3672134119,82663,BME280,23.04,713.04,2867.328
2026-06-18 13:16:34.863,3672134319,82863,BME280,23.04,713.04,2867.328
2026-06-18 13:16:34.063,3672133519,83063,BME280,23.04,713.04,2867.328
2026-06-18 13:16:34.263,3672133719,83263,BME280,23.04,713.04,2867.328
2026-06-18 13:16:35.463,3672134919,83463,BME280,23.04,713.04,2867.328
2026-06-18 13:16:35.663,3672135119,83663,BME280,23.04,713.04,2867.328
2026-06-18 13:16:35.863,3672135319,83863,BME280,23.04,713.04,2867.328
2026-06-18 13:16:35.063,3672134519,84063,BME280,23.04,713.04,2867.328
2026-06-18 13:16:35.263,3672134719,84263,BME280,23.04,713.04,2867.328
2026-06-18 13:16:36.463,3672135919,84463,BME280,23.04,713.04,2867.328
2026-06-18 13:16:36.663,3672136119,84663,BME280,23.04,713.04,2867.328
2026-06-18 13:16:36.863,3672136319,84863,BME280,23.04,713.04,2867.328
2026-06-18 13:16:36.063,3672135519,85063,BME280,23.04,713.04,2867.328
2026-06-18 13:16:36.263,3672135719,85263,BME280,23.04,713.04,2867.328
2026-06-18 13:16:37.463,3672136919,85463,BME280,23.04,713.04,2867.328
2026-06-18 13:16:37.663,3672137119,85663,BME280,23.04,713.04,2867.328
2026-06-18 13:16:37.863,3672137319,85863,BME280,23.04,713.04,2867.328
2026-06-18 13:16:37.063,3672136519,86063,BME280,23.04,713.04,2867.328
2026-06-18 13:16:37.263,3672136719,86263,BME280,23.04,713.04,2867.328
2026-06-18 13:16:38.463,3672137919,86463,BME280,23.04,713.04,2867.328
2026-06-18 13:16:38.663,3672138119,86663,BME280,23.04,713.04,2867.328
2026-06-18 13:16:38.863,3672138319,86863,BME280,23.04,713.04,2867.328
2026-06-18 13:16:38.063,3672137519,87063,BME280,23.04,713.04,2867.328
2026-06-18 13:16:38.263,3672137719,87263,BME280,23.04,713.04,2867.328
2026-06-18 13:16:39.463,3672138919,87463,BME280,23.04,713.04,2867.328
2026-06-18 13:16:39.663,3672139119,87663,BME280,23.04,713.04,2867.328
2026-06-18 13:16:39.863,3672139319,87863,BME280,23.04,713.04,2867.328
2026-06-18 13:16:39.063,3672138519,88063,BME280,23.04,713.04,2867.328
2026-06-18 13:16:39.263,3672138719,88263,BME280,23.04,713.04,2867.328
2026-06-18 13:16:40.463,3672139919,88463,BME280,23.04,713.04,2867.328
2026-06-18 13:16:40.663,3672140119,88663,BME280,23.04,713.04,2867.328
2026-06-18 13:16:40.863,3672140319,88863,BME280,23.04,713.04,2867.328
2026-06-18 13:16:40.063,3672139519,89063,BME280,23.04,713.04,2867.328
2026-06-18 13:16:40.263,3672139719,89263,BME280,23.04,713.04,2867.328
2026-06-18 13:16:41.463,3672140919,89463,BME280,23.04,713.04,2867.328
2026-06-18 13:16:41.663,3672141119,89663,BME280,23.04,713.04,2867.328
2026-06-18 13:16:41.863,3672141319,89863,BME280,23.04,713.04,2867.328
2026-06-18 13:16:41.063,3672140519,90063,BME280,23.04,713.04,2867.328
2026-06-18 13:16:41.263,3672140719,90263,BME280,23.04,713.04,2867.328
2026-06-18 13:16:42.463,3672141919,90463,BME280,23.04,713.04,2867.328
2026-06-18 13:16:42.663,3672142119,90663,BME280,23.04,713.04,2867.328
2026-06-18 13:16:42.863,3672142319,90863,BME280,23.04,713.04,2867.328
2026-06-18 13:16:42.063,3672141519,91063,BME280,23.04,713.04,2867.328
2026-06-18 13:16:42.263,3672141719,91263,BME280,23.04,713.04,2867.328
2026-06-18 13:16:43.463,3672142919,91463,BME280,23.04,713.04,2867.328
2026-06-18 13:16:43.663,3672143119,91663,BME280,23.04,713.04,2867.328
2026-06-18 13:16:43.863,3672143319,91863,BME280,23.04,713.04,2867.328
2026-06-18 13:16:43.063,3672142519,92063,BME280,23.04,713.04,2867.328
2026-06-18 13:16:43.263,3672142719,92263,BME280,23.04,713.04,2867.328
2026-06-18 13:16:44.463,3672143919,92463,BME280,23.04,713.04,2867.328
2026-06-18 13:16:44.663,3672144119,92663,BME280,23.04,713.04,2867.328
2026-06-18 13:16:44.863,3672144319,92863,BME280,23.04,713.04,2867.328
2026-06-18 13:16:44.063,3672143519,93063,BME280,23.04,713.04,2867.328
2026-06-18 13:16:44.263,3672143719,93263,BME280,23.04,713.04,2867.328
2026-06-18 13:16:45.463,3672144919,93463,BME280,23.04,713.04,2867.328
2026-06-18 13:16:45.663,3672145119,93663,BME280,23.04,713.04,2867.328
2026-06-18 13:16:45.863,3672145319,93863,BME280,23.04,713.04,2867.328
2026-06-18 13:16:45.063,3672144519,94063,BME280,23.04,713.04,2867.328
2026-06-18 13:16:45.263,3672144719,94263,BME280,23.04,713.04,2867.328
2026-06-18 13:16:46.463,3672145919,94463,BME280,23.04,713.04,2867.328
2026-06-18 13:16:46.663,3672146119,94663,BME280,23.04,713.04,2867.328
2026-06-18 13:16:46.863,3672146319,94863,BME280,23.04,713.04,2867.328
2026-06-18 13:16:46.063,3672145519,95063,BME280,23.04,713.04,2867.328
2026-06-18 13:16:46.263,3672145719,95263,BME280,23.04,713.04,2867.328
2026-06-18 13:16:47.463,3672146919,95463,BME280,23.04,713.04,2867.328
2026-06-18 13:16:47.741,3672147197,95741,BME280,23.04,713.04,2867.328
2026-06-18 13:16:47.941,3672147397,95941,BME280,23.04,713.04,2867.328
2026-06-18 13:16:47.173,3672146629,96172,BME280,23.04,713.04,2867.328
2026-06-18 13:16:48.400,3672147856,96400,BME280,23.04,713.04,2867.328
2026-06-18 13:16:48.600,3672148056,96600,BME280,23.04,713.04,2867.328
2026-06-18 13:16:48.800,3672148256,96800,BME280,23.04,713.04,2867.328
2026-06-18 13:16:48.000,3672147456,97000,BME280,23.04,713.04,2867.328
2026-06-18 13:16:48.200,3672147656,97200,BME280,23.04,713.04,2867.328
2026-06-18 13:16:49.400,3672148856,97400,BME280,23.04,713.04,2867.328
2026-06-18 13:16:49.600,3672149056,97600,BME280,23.04,713.04,2867.328
2026-06-18 13:16:49.800,3672149256,97800,BME280,23.04,713.04,2867.328
2026-06-18 13:16:49.000,3672148456,98000,BME280,23.04,713.04,2867.328
2026-06-18 13:16:49.200,3672148656,98200,BME280,23.04,713.04,2867.328
2026-06-18 13:16:50.400,3672149856,98400,BME280,23.04,713.04,2867.328
2026-06-18 13:16:50.600,3672150056,98600,BME280,23.04,713.04,2867.328
2026-06-18 13:16:50.800,3672150256,98800,BME280,23.04,713.04,2867.328
2026-06-18 13:16:50.000,3672149456,99000,BME280,23.04,713.04,2867.328
2026-06-18 13:16:50.200,3672149656,99200,BME280,23.04,713.04,2867.328
2026-06-18 13:16:51.400,3672150856,99400,BME280,23.04,713.04,2867.328
2026-06-18 13:16:51.600,3672151056,99600,BME280,23.04,713.04,2867.328
2026-06-18 13:16:51.800,3672151256,99800,BME280,23.04,713.04,2867.328
2026-06-18 13:16:51.000,3672150456,100000,BME280,23.04,713.04,2867.328
2026-06-18 13:16:51.200,3672150656,100200,BME280,23.04,713.04,2867.328
2026-06-18 13:16:52.400,3672151856,100400,BME280,23.04,713.04,2867.328
2026-06-18 13:16:52.600,3672152056,100600,BME280,23.04,713.04,2867.328
2026-06-18 13:16:52.800,3672152256,100800,BME280,23.04,713.04,2867.328
2026-06-18 13:16:52.000,3672151456,101000,BME280,23.04,713.04,2867.328
2026-06-18 13:16:52.200,3672151656,101200,BME280,23.04,713.04,2867.328
2026-06-18 13:16:53.400,3672152856,101400,BME280,23.04,713.04,2867.328
2026-06-18 13:16:53.600,3672153056,101600,BME280,23.04,713.04,2867.328
2026-06-18 13:16:53.800,3672153256,101800,BME280,23.04,713.04,2867.328
2026-06-18 13:16:53.000,3672152456,102000,BME280,23.04,713.04,2867.328
2026-06-18 13:16:53.200,3672152656,102200,BME280,23.04,713.04,2867.328
2026-06-18 13:16:54.400,3672153856,102400,BME280,23.04,713.04,2867.328
2026-06-18 13:16:54.600,3672154056,102600,BME280,23.04,713.04,2867.328
2026-06-18 13:16:54.800,3672154256,102800,BME280,23.04,713.04,2867.328
2026-06-18 13:16:54.000,3672153456,103000,BME280,23.04,713.04,2867.328
2026-06-18 13:16:54.200,3672153656,103200,BME280,23.04,713.04,2867.328
2026-06-18 13:16:55.400,3672154856,103400,BME280,23.04,713.04,2867.328
2026-06-18 13:16:55.600,3672155056,103600,BME280,23.04,713.04,2867.328
2026-06-18 13:16:55.800,3672155256,103800,BME280,23.04,713.04,2867.328
2026-06-18 13:16:55.000,3672154456,104000,BME280,23.04,713.04,2867.328
2026-06-18 13:16:55.200,3672154656,104200,BME280,23.04,713.04,2867.328
2026-06-18 13:16:56.400,3672155856,104400,BME280,23.04,713.04,2867.328
2026-06-18 13:16:56.600,3672156056,104600,BME280,23.04,713.04,2867.328
2026-06-18 13:16:56.800,3672156256,104800,BME280,23.04,713.04,2867.328
2026-06-18 13:16:56.000,3672155456,105000,BME280,23.04,713.04,2867.328
2026-06-18 13:16:56.200,3672155656,105200,BME280,23.04,713.04,2867.328
2026-06-18 13:16:57.400,3672156856,105400,BME280,23.04,713.04,2867.328
2026-06-18 13:16:57.600,3672157056,105600,BME280,23.04,713.04,2867.328
2026-06-18 13:16:57.800,3672157256,105800,BME280,23.04,713.04,2867.328
2026-06-18 13:16:57.000,3672156456,106000,BME280,23.04,713.04,2867.328
2026-06-18 13:16:57.200,3672156656,106200,BME280,23.04,713.04,2867.328
2026-06-18 13:16:58.400,3672157856,106400,BME280,23.04,713.04,2867.328
2026-06-18 13:16:58.600,3672158056,106600,BME280,23.04,713.04,2867.328
2026-06-18 13:16:58.800,3672158256,106800,BME280,23.04,713.04,2867.328
2026-06-18 13:16:58.000,3672157456,107000,BME280,23.04,713.04,2867.328
2026-06-18 13:16:58.200,3672157656,107200,BME280,23.04,713.04,2867.328
2026-06-18 13:16:59.400,3672158856,107400,BME280,23.04,713.04,2867.328
2026-06-18 13:16:59.600,3672159056,107600,BME280,23.04,713.04,2867.328
2026-06-18 13:16:59.800,3672159256,107800,BME280,23.04,713.04,2867.328
2026-06-18 13:16:59.000,3672158456,108000,BME280,23.04,713.04,2867.328
2026-06-18 13:16:59.200,3672158656,108200,BME280,23.04,713.04,2867.328
2026-06-18 13:17:00.400,3672159856,108400,BME280,23.04,713.04,2867.328
2026-06-18 13:17:00.628,3672160084,108628,BME280,23.04,713.04,2867.328
2026-06-18 13:17:00.828,3672160284,108828,BME280,23.04,713.04,2867.328
2026-06-18 13:17:00.028,3672159484,109028,BME280,23.04,713.04,2867.328
2026-06-18 13:17:00.228,3672159684,109228,BME280,23.04,713.04,2867.328
2026-06-18 13:17:01.428,3672160884,109428,BME280,23.04,713.04,2867.328
2026-06-18 13:17:01.628,3672161084,109628,BME280,23.04,713.04,2867.328
2026-06-18 13:17:01.828,3672161284,109828,BME280,23.04,713.04,2867.328
2026-06-18 13:17:01.028,3672160484,110028,BME280,23.04,713.04,2867.328
2026-06-18 13:17:01.228,3672160684,110228,BME280,23.04,713.04,2867.328
2026-06-18 13:17:02.428,3672161884,110428,BME280,23.04,713.04,2867.328
2026-06-18 13:17:02.628,3672162084,110628,BME280,23.04,713.04,2867.328
2026-06-18 13:17:02.828,3672162284,110828,BME280,23.04,713.04,2867.328
2026-06-18 13:17:02.028,3672161484,111028,BME280,23.04,713.04,2867.328
2026-06-18 13:17:02.228,3672161684,111228,BME280,23.04,713.04,2867.328
2026-06-18 13:17:03.428,3672162884,111428,BME280,23.04,713.04,2867.328
2026-06-18 13:17:03.628,3672163084,111628,BME280,23.04,713.04,2867.328
2026-06-18 13:17:03.828,3672163284,111828,BME280,23.04,713.04,2867.328
2026-06-18 13:17:03.028,3672162484,112028,BME280,23.04,713.04,2867.328
2026-06-18 13:17:03.228,3672162684,112228,BME280,23.04,713.04,2867.328
2026-06-18 13:17:04.428,3672163884,112428,BME280,23.04,713.04,2867.328
2026-06-18 13:17:04.628,3672164084,112628,BME280,23.04,713.04,2867.328
2026-06-18 13:17:04.828,3672164284,112828,BME280,23.04,713.04,2867.328
2026-06-18 13:17:04.028,3672163484,113028,BME280,23.04,713.04,2867.328
2026-06-18 13:17:04.228,3672163684,113228,BME280,23.04,713.04,2867.328
2026-06-18 13:17:05.428,3672164884,113428,BME280,23.04,713.04,2867.328
2026-06-18 13:17:05.628,3672165084,113628,BME280,23.04,713.04,2867.328
2026-06-18 13:17:05.828,3672165284,113828,BME280,23.04,713.04,2867.328
2026-06-18 13:17:05.028,3672164484,114028,BME280,23.04,713.04,2867.328
2026-06-18 13:17:05.228,3672164684,114228,BME280,23.04,713.04,2867.328
2026-06-18 13:17:06.428,3672165884,114428,BME280,23.04,713.04,2867.328
2026-06-18 13:17:06.628,3672166084,114628,BME280,23.04,713.04,2867.328
2026-06-18 13:17:06.828,3672166284,114828,BME280,23.04,713.04,2867.328
2026-06-18 13:17:06.028,3672165484,115028,BME280,23.04,713.04,2867.328
2026-06-18 13:17:06.228,3672165684,115228,BME280,23.04,713.04,2867.328
2026-06-18 13:17:07.428,3672166884,115428,BME280,23.04,713.04,2867.328
2026-06-18 13:17:07.628,3672167084,115628,BME280,23.04,713.04,2867.328
2026-06-18 13:17:07.828,3672167284,115828,BME280,23.04,713.04,2867.328
2026-06-18 13:17:07.028,3672166484,116028,BME280,23.04,713.04,2867.328
2026-06-18 13:17:07.228,3672166684,116228,BME280,23.04,713.04,2867.328
2026-06-18 13:17:08.428,3672167884,116428,BME280,23.04,713.04,2867.328
2026-06-18 13:17:08.628,3672168084,116628,BME280,23.04,713.04,2867.328
2026-06-18 13:17:08.828,3672168284,116828,BME280,23.04,713.04,2867.328
2026-06-18 13:17:08.028,3672167484,117028,BME280,23.04,713.04,2867.328
2026-06-18 13:17:08.228,3672167684,117228,BME280,23.04,713.04,2867.328
2026-06-18 13:17:09.428,3672168884,117428,BME280,23.04,713.04,2867.328
2026-06-18 13:17:09.628,3672169084,117628,BME280,23.04,713.04,2867.328
2026-06-18 13:17:09.828,3672169284,117828,BME280,23.04,713.04,2867.328
2026-06-18 13:17:09.028,3672168484,118028,BME280,23.04,713.04,2867.328
2026-06-18 13:17:09.228,3672168684,118228,BME280,23.04,713.04,2867.328
2026-06-18 13:17:10.428,3672169884,118428,BME280,23.04,713.04,2867.328
2026-06-18 13:17:10.628,3672170084,118628,BME280,23.04,713.04,2867.328
2026-06-18 13:17:10.828,3672170284,118828,BME280,23.04,713.04,2867.328
2026-06-18 13:17:10.028,3672169484,119028,BME280,23.04,713.04,2867.328
2026-06-18 13:17:10.228,3672169684,119228,BME280,23.04,713.04,2867.328
2026-06-18 13:17:11.428,3672170884,119428,BME280,23.04,713.04,2867.328
2026-06-18 13:17:11.628,3672171084,119628,BME280,23.04,713.04,2867.328
2026-06-18 13:17:11.828,3672171284,119828,BME280,23.04,713.04,2867.328
2026-06-18 13:17:11.028,3672170484,120028,BME280,23.04,713.04,2867.328
2026-06-18 13:17:11.228,3672170684,120228,BME280,23.04,713.04,2867.328
2026-06-18 13:17:12.428,3672171884,120428,BME280,23.04,713.04,2867.328
2026-06-18 13:17:12.628,3672172084,120628,BME280,23.04,713.04,2867.328
2026-06-18 13:17:12.828,3672172284,120828,BME280,23.04,713.04,2867.328
2026-06-18 13:17:12.028,3672171484,121028,BME280,23.04,713.04,2867.328
2026-06-18 13:17:12.228,3672171684,121228,BME280,23.04,713.04,2867.328
2026-06-18 13:17:13.428,3672172884,121428,BME280,23.04,713.04,2867.328
2026-06-18 13:17:13.628,3672173084,121628,BME280,23.04,713.04,2867.328
2026-06-18 13:17:13.828,3672173284,121828,BME280,23.04,713.04,2867.328
2026-06-18 13:17:13.028,3672172484,122028,BME280,23.04,713.04,2867.328
2026-06-18 13:17:13.228,3672172684,122228,BME280,23.04,713.04,2867.328
2026-06-18 13:17:14.428,3672173884,122428,BME280,23.04,713.04,2867.328
2026-06-18 13:17:14.628,3672174084,122628,BME280,23.04,713.04,2867.328
2026-06-18 13:17:14.828,3672174284,122828,BME280,23.04,713.04,2867.328
2026-06-18 13:17:14.028,3672173484,123028,BME280,23.04,713.04,2867.328
2026-06-18 13:17:14.228,3672173684,123228,BME280,23.04,713.04,2867.328
2026-06-18 13:17:15.428,3672174884,123428,BME280,23.04,713.04,2867.328
2026-06-18 13:17:15.628,3672175084,123628,BME280,23.04,713.04,2867.328
2026-06-18 13:17:15.828,3672175284,123828,BME280,23.04,713.04,2867.328
2026-06-18 13:17:15.028,3672174484,124028,BME280,23.04,713.04,2867.328
2026-06-18 13:17:15.228,3672174684,124228,BME280,23.04,713.04,2867.328
2026-06-18 13:17:16.428,3672175884,124428,BME280,23.04,713.04,2867.328
2026-06-18 13:17:16.628,3672176084,124628,BME280,23.04,713.04,2867.328
2026-06-18 13:17:16.828,3672176284,124828,BME280,23.04,713.04,2867.328
2026-06-18 13:17:16.028,3672175484,125028,BME280,23.04,713.04,2867.328
2026-06-18 13:17:16.228,3672175684,125228,BME280,23.04,713.04,2867.328
2026-06-18 13:17:17.428,3672176884,125428,BME280,23.04,713.04,2867.328
2026-06-18 13:17:17.628,3672177084,125628,BME280,23.04,713.04,2867.328
2026-06-18 13:17:17.828,3672177284,125828,BME280,23.04,713.04,2867.328
2026-06-18 13:17:17.028,3672176484,126028,BME280,23.04,713.04,2867.328
2026-06-18 13:17:17.228,3672176684,126228,BME280,23.04,713.04,2867.328
2026-06-18 13:17:18.428,3672177884,126428,BME280,23.04,713.04,2867.328
2026-06-18 13:17:18.628,3672178084,126628,BME280,23.04,713.04,2867.328
2026-06-18 13:17:18.828,3672178284,126828,BME280,23.04,713.04,2867.328
2026-06-18 13:17:18.028,3672177484,127028,BME280,23.04,713.04,2867.328
2026-06-18 13:17:18.228,3672177684,127228,BME280,23.04,713.04,2867.328
2026-06-18 13:17:19.428,3672178884,127428,BME280,23.04,713.04,2867.328
2026-06-18 13:17:19.628,3672179084,127628,BME280,23.04,713.04,2867.328
2026-06-18 13:17:19.828,3672179284,127828,BME280,23.04,713.04,2867.328
2026-06-18 13:17:19.028,3672178484,128028,BME280,23.04,713.04,2867.328
2026-06-18 13:17:19.228,3672178684,128228,BME280,23.04,713.04,2867.328
2026-06-18 13:17:20.428,3672179884,128428,BME280,23.04,713.04,2867.328
2026-06-18 13:17:20.628,3672180084,128628,BME280,23.04,713.04,2867.328
2026-06-18 13:17:20.828,3672180284,128828,BME280,23.04,713.04,2867.328
2026-06-18 13:17:20.028,3672179484,129028,BME280,23.04,713.04,2867.328
2026-06-18 13:17:20.228,3672179684,129228,BME280,23.04,713.04,2867.328
2026-06-18 13:17:21.428,3672180884,129428,BME280,23.04,713.04,2867.328
2026-06-18 13:17:21.628,3672181084,129628,BME280,23.04,713.04,2867.328
2026-06-18 13:17:21.828,3672181284,129828,BME280,23.04,713.04,2867.328
2026-06-18 13:17:21.028,3672180484,130028,BME280,23.04,713.04,2867.328
2026-06-18 13:17:21.228,3672180684,130228,BME280,23.04,713.04,2867.328
2026-06-18 13:17:22.428,3672181884,130428,BME280,23.04,713.04,2867.328
2026-06-18 13:17:22.628,3672182084,130628,BME280,23.04,713.04,2867.328
2026-06-18 13:17:22.828,3672182284,130828,BME280,23.04,713.04,2867.328
2026-06-18 13:17:22.028,3672181484,131028,BME280,23.04,713.04,2867.328
2026-06-18 13:17:22.228,3672181684,131228,BME280,23.04,713.04,2867.328
2026-06-18 13:17:23.428,3672182884,131428,BME280,23.04,713.04,2867.328
2026-06-18 13:17:23.628,3672183084,131628,BME280,23.04,713.04,2867.328
2026-06-18 13:17:23.828,3672183284,131828,BME280,23.04,713.04,2867.328
2026-06-18 13:17:23.028,3672182484,132028,BME280,23.04,713.04,2867.328
2026-06-18 13:17:23.228,3672182684,132228,BME280,23.04,713.04,2867.328
2026-06-18 13:17:24.428,3672183884,132428,BME280,23.04,713.04,2867.328
2026-06-18 13:17:24.628,3672184084,132628,BME280,23.04,713.04,2867.328
2026-06-18 13:17:24.828,3672184284,132828,BME280,23.04,713.04,2867.328
2026-06-18 13:17:24.028,3672183484,133028,BME280,23.04,713.04,2867.328
2026-06-18 13:17:24.228,3672183684,133228,BME280,23.04,713.04,2867.328
2026-06-18 13:17:25.428,3672184884,133428,BME280,23.04,713.04,2867.328
2026-06-18 13:17:25.628,3672185084,133628,BME280,23.04,713.04,2867.328
2026-06-18 13:17:25.828,3672185284,133828,BME280,23.04,713.04,2867.328
2026-06-18 13:17:25.028,3672184484,134028,BME280,23.04,713.04,2867.328
2026-06-18 13:17:25.228,3672184684,134228,BME280,23.04,713.04,2867.328
2026-06-18 13:17:26.428,3672185884,134428,BME280,23.04,713.04,2867.328
2026-06-18 13:17:26.628,3672186084,134628,BME280,23.04,713.04,2867.328
2026-06-18 13:17:26.828,3672186284,134828,BME280,23.04,713.04,2867.328
2026-06-18 13:17:26.028,3672185484,135028,BME280,23.04,713.04,2867.328
2026-06-18 13:17:26.228,3672185684,135228,BME280,23.04,713.04,2867.328
2026-06-18 13:17:27.428,3672186884,135428,BME280,23.04,713.04,2867.328
2026-06-18 13:17:27.628,3672187084,135628,BME280,23.04,713.04,2867.328
2026-06-18 13:17:27.828,3672187284,135828,BME280,23.04,713.04,2867.328
2026-06-18 13:17:27.028,3672186484,136028,BME280,23.04,713.04,2867.328
2026-06-18 13:17:27.228,3672186684,136228,BME280,23.04,713.04,2867.328
2026-06-18 13:17:28.428,3672187884,136428,BME280,23.04,713.04,2867.328
2026-06-18 13:17:28.628,3672188084,136628,BME280,23.04,713.04,2867.328
2026-06-18 13:17:28.828,3672188284,136828,BME280,23.04,713.04,2867.328
2026-06-18 13:17:28.028,3672187484,137028,BME280,23.04,713.04,2867.328
2026-06-18 13:17:28.228,3672187684,137228,BME280,23.04,713.04,2867.328
2026-06-18 13:17:29.428,3672188884,137428,BME280,23.04,713.04,2867.328
2026-06-18 13:17:29.628,3672189084,137628,BME280,23.04,713.04,2867.328
2026-06-18 13:17:29.828,3672189284,137828,BME280,23.04,713.04,2867.328
2026-06-18 13:17:29.028,3672188484,138028,BME280,23.04,713.04,2867.328
2026-06-18 13:17:29.228,3672188684,138228,BME280,23.04,713.04,2867.328
2026-06-18 13:17:30.428,3672189884,138428,BME280,23.04,713.04,2867.328
2026-06-18 13:17:30.628,3672190084,138628,BME280,23.04,713.04,2867.328
2026-06-18 13:17:30.828,3672190284,138828,BME280,23.04,713.04,2867.328
2026-06-18 13:17:30.028,3672189484,139028,BME280,23.04,713.04,2867.328
2026-06-18 13:17:30.228,3672189684,139228,BME280,23.04,713.04,2867.328
2026-06-18 13:17:31.428,3672190884,139428,BME280,23.04,713.04,2867.328
2026-06-18 13:17:31.628,3672191084,139628,BME280,23.04,713.04,2867.328
2026-06-18 13:17:31.828,3672191284,139828,BME280,23.04,713.04,2867.328
2026-06-18 13:17:31.028,3672190484,140028,BME280,23.04,713.04,2867.328
2026-06-18 13:17:31.228,3672190684,140228,BME280,23.04,713.04,2867.328
2026-06-18 13:17:32.428,3672191884,140428,BME280,23.04,713.04,2867.328
2026-06-18 13:17:32.628,3672192084,140628,BME280,23.04,713.04,2867.328
2026-06-18 13:17:32.828,3672192284,140828,BME280,23.04,713.04,2867.328
2026-06-18 13:17:32.028,3672191484,141028,BME280,23.04,713.04,2867.328
2026-06-18 13:17:32.228,3672191684,141228,BME280,23.04,713.04,2867.328
2026-06-18 13:17:33.428,3672192884,141428,BME280,23.04,713.04,2867.328
2026-06-18 13:17:33.628,3672193084,141628,BME280,23.04,713.04,2867.328
2026-06-18 13:17:33.828,3672193284,141828,BME280,23.04,713.04,2867.328
2026-06-18 13:17:33.028,3672192484,142028,BME280,23.04,713.04,2867.328
2026-06-18 13:17:33.228,3672192684,142228,BME280,23.04,713.04,2867.328
2026-06-18 13:17:34.428,3672193884,142428,BME280,23.04,713.04,2867.328
2026-06-18 13:17:34.628,3672194084,142628,BME280,23.04,713.04,2867.328
2026-06-18 13:17:34.828,3672194284,142828,BME280,23.04,713.04,2867.328
2026-06-18 13:17:34.028,3672193484,143028,BME280,23.04,713.04,2867.328
2026-06-18 13:17:34.228,3672193684,143228,BME280,23.04,713.04,2867.328
2026-06-18 13:17:35.428,3672194884,143428,BME280,23.04,713.04,2867.328
2026-06-18 13:17:35.628,3672195084,143628,BME280,23.04,713.04,2867.328
2026-06-18 13:17:35.828,3672195284,143828,BME280,23.04,713.04,2867.328
2026-06-18 13:17:35.028,3672194484,144028,BME280,23.04,713.04,2867.328
2026-06-18 13:17:35.228,3672194684,144228,BME280,23.04,713.04,2867.328
2026-06-18 13:17:36.428,3672195884,144428,BME280,23.04,713.04,2867.328
2026-06-18 13:17:36.628,3672196084,144628,BME280,23.04,713.04,2867.328
2026-06-18 13:17:36.828,3672196284,144828,BME280,23.04,713.04,2867.328
2026-06-18 13:17:36.028,3672195484,145028,BME280,23.04,713.04,2867.328
2026-06-18 13:17:36.228,3672195684,145228,BME280,23.04,713.04,2867.328
2026-06-18 13:17:37.428,3672196884,145428,BME280,23.04,713.04,2867.328
2026-06-18 13:17:37.628,3672197084,145628,BME280,23.04,713.04,2867.328
2026-06-18 13:17:37.828,3672197284,145828,BME280,23.04,713.04,2867.328
2026-06-18 13:17:37.028,3672196484,146028,BME280,23.04,713.04,2867.328
2026-06-18 13:17:37.228,3672196684,146228,BME280,23.04,713.04,2867.328
2026-06-18 13:17:38.428,3672197884,146428,BME280,23.04,713.04,2867.328
2026-06-18 13:17:38.628,3672198084,146628,BME280,23.04,713.04,2867.328
2026-06-18 13:17:38.828,3672198284,146828,BME280,23.04,713.04,2867.328
2026-06-18 13:17:38.028,3672197484,147028,BME280,23.04,713.04,2867.328
2026-06-18 13:17:38.228,3672197684,147228,BME280,23.04,713.04,2867.328
2026-06-18 13:17:39.428,3672198884,147428,BME280,23.04,713.04,2867.328
2026-06-18 13:17:39.628,3672199084,147628,BME280,23.04,713.04,2867.328
2026-06-18 13:17:39.828,3672199284,147828,BME280,23.04,713.04,2867.328
2026-06-18 13:17:39.028,3672198484,148028,BME280,23.04,713.04,2867.328
2026-06-18 13:17:39.228,3672198684,148228,BME280,23.04,713.04,2867.328
2026-06-18 13:17:40.428,3672199884,148428,BME280,23.04,713.04,2867.328
2026-06-18 13:17:40.628,3672200084,148628,BME280,23.04,713.04,2867.328
2026-06-18 13:17:40.828,3672200284,148828,BME280,23.04,713.04,2867.328
2026-06-18 13:17:40.028,3672199484,149028,BME280,23.04,713.04,2867.328
2026-06-18 13:17:40.228,3672199684,149228,BME280,23.04,713.04,2867.328
2026-06-18 13:17:41.428,3672200884,149428,BME280,23.04,713.04,2867.328
2026-06-18 13:17:41.628,3672201084,149628,BME280,23.04,713.04,2867.328
2026-06-18 13:17:41.828,3672201284,149828,BME280,23.04,713.04,2867.328
2026-06-18 13:17:41.028,3672200484,150028,BME280,23.04,713.04,2867.328
2026-06-18 13:17:41.228,3672200684,150228,BME280,23.04,713.04,2867.328
2026-06-18 13:17:42.428,3672201884,150428,BME280,23.04,713.04,2867.328
2026-06-18 13:17:42.628,3672202084,150628,BME280,23.04,713.04,2867.328
2026-06-18 13:17:42.828,3672202284,150828,BME280,23.04,713.04,2867.328
2026-06-18 13:17:42.028,3672201484,151028,BME280,23.04,713.04,2867.328
2026-06-18 13:17:42.228,3672201684,151228,BME280,23.04,713.04,2867.328
2026-06-18 13:17:43.428,3672202884,151428,BME280,23.04,713.04,2867.328
2026-06-18 13:17:43.628,3672203084,151628,BME280,23.04,713.04,2867.328
2026-06-18 13:17:43.828,3672203284,151828,BME280,23.04,713.04,2867.328
2026-06-18 13:17:43.028,3672202484,152028,BME280,23.04,713.04,2867.328
2026-06-18 13:17:43.228,3672202684,152228,BME280,23.04,713.04,2867.328
2026-06-18 13:17:44.428,3672203884,152428,BME280,23.04,713.04,2867.328
2026-06-18 13:17:44.628,3672204084,152628,BME280,23.04,713.04,2867.328
2026-06-18 13:17:44.828,3672204284,152828,BME280,23.04,713.04,2867.328
2026-06-18 13:17:44.028,3672203484,153028,BME280,23.04,713.04,2867.328
2026-06-18 13:17:44.228,3672203684,153228,BME280,23.04,713.04,2867.328
2026-06-18 13:17:45.428,3672204884,153428,BME280,23.04,713.04,2867.328
2026-06-18 13:17:45.628,3672205084,153628,BME280,23.04,713.04,2867.328
2026-06-18 13:17:45.828,3672205284,153828,BME280,23.04,713.04,2867.328
2026-06-18 13:17:45.028,3672204484,154028,BME280,23.04,713.04,2867.328
2026-06-18 13:17:45.228,3672204684,154228,BME280,23.04,713.04,2867.328
2026-06-18 13:17:46.428,3672205884,154428,BME280,23.04,713.04,2867.328
2026-06-18 13:17:46.628,3672206084,154628,BME280,23.04,713.04,2867.328
2026-06-18 13:17:46.828,3672206284,154828,BME280,23.04,713.04,2867.328
2026-06-18 13:17:46.028,3672205484,155028,BME280,23.04,713.04,2867.328
2026-06-18 13:17:46.228,3672205684,155228,BME280,23.04,713.04,2867.328
2026-06-18 13:17:47.428,3672206884,155428,BME280,23.04,713.04,2867.328
2026-06-18 13:17:47.628,3672207084,155628,BME280,23.04,713.04,2867.328
2026-06-18 13:17:47.828,3672207284,155828,BME280,23.04,713.04,2867.328
2026-06-18 13:17:47.028,3672206484,156028,BME280,23.04,713.04,2867.328
2026-06-18 13:17:47.228,3672206684,156228,BME280,23.04,713.04,2867.328
2026-06-18 13:17:48.428,3672207884,156428,BME280,23.04,713.04,2867.328
2026-06-18 13:17:48.628,3672208084,156628,BME280,23.04,713.04,2867.328
2026-06-18 13:17:48.828,3672208284,156828,BME280,23.04,713.04,2867.328
2026-06-18 13:17:48.028,3672207484,157028,BME280,23.04,713.04,2867.328
2026-06-18 13:17:48.228,3672207684,157228,BME280,23.04,713.04,2867.328
2026-06-18 13:17:49.428,3672208884,157428,BME280,23.04,713.04,2867.328
2026-06-18 13:17:49.628,3672209084,157628,BME280,23.04,713.04,2867.328
2026-06-18 13:17:49.828,3672209284,157828,BME280,23.04,713.04,2867.328
2026-06-18 13:17:49.028,3672208484,158028,BME280,23.04,713.04,2867.328
2026-06-18 13:17:49.228,3672208684,158228,BME280,23.04,713.04,2867.328
2026-06-18 13:17:50.428,3672209884,158428,BME280,23.04,713.04,2867.328
2026-06-18 13:17:50.628,3672210084,158628,BME280,23.04,713.04,2867.328
2026-06-18 13:17:50.828,3672210284,158828,BME280,23.04,713.04,2867.328
2026-06-18 13:17:50.028,3672209484,159028,BME280,23.04,713.04,2867.328
2026-06-18 13:17:50.228,3672209684,159228,BME280,23.04,713.04,2867.328
2026-06-18 13:17:51.428,3672210884,159428,BME280,23.04,713.04,2867.328
2026-06-18 13:17:51.628,3672211084,159628,BME280,23.04,713.04,2867.328
2026-06-18 13:17:51.828,3672211284,159828,BME280,23.04,713.04,2867.328
2026-06-18 13:17:51.028,3672210484,160028,BME280,23.04,713.04,2867.328
2026-06-18 13:17:51.228,3672210684,160228,BME280,23.04,713.04,2867.328
2026-06-18 13:17:52.428,3672211884,160428,BME280,23.04,713.04,2867.328
2026-06-18 13:17:52.628,3672212084,160628,BME280,23.04,713.04,2867.328
2026-06-18 13:17:52.828,3672212284,160828,BME280,23.04,713.04,2867.328
2026-06-18 13:17:52.028,3672211484,161028,BME280,23.04,713.04,2867.328
2026-06-18 13:17:52.228,3672211684,161228,BME280,23.04,713.04,2867.328
2026-06-18 13:17:53.428,3672212884,161428,BME280,23.04,713.04,2867.328
2026-06-18 13:17:53.628,3672213084,161628,BME280,23.04,713.04,2867.328
2026-06-18 13:17:53.828,3672213284,161828,BME280,23.04,713.04,2867.328
2026-06-18 13:17:53.028,3672212484,162028,BME280,23.04,713.04,2867.328
2026-06-18 13:17:53.228,3672212684,162228,BME280,23.04,713.04,2867.328
2026-06-18 13:17:54.428,3672213884,162428,BME280,23.04,713.04,2867.328
2026-06-18 13:17:54.628,3672214084,162628,BME280,23.04,713.04,2867.328
2026-06-18 13:17:54.828,3672214284,162828,BME280,23.04,713.04,2867.328
2026-06-18 13:17:54.113,3672213569,163112,BME280,23.04,713.04,2867.328
2026-06-18 13:17:55.312,3672214768,163312,BME280,23.04,713.04,2867.328
2026-06-18 13:17:55.512,3672214968,163512,BME280,23.04,713.04,2867.328
2026-06-18 13:17:55.712,3672215168,163712,BME280,23.04,713.04,2867.328
2026-06-18 13:17:55.912,3672215368,163912,BME280,23.04,713.04,2867.328
2026-06-18 13:17:55.112,3672214568,164112,BME280,23.04,713.04,2867.328
2026-06-18 13:17:56.312,3672215768,164312,BME280,23.04,713.04,2867.328
2026-06-18 13:17:56.512,3672215968,164512,BME280,23.04,713.04,2867.328
2026-06-18 13:17:56.712,3672216168,164712,BME280,23.04,713.04,2867.328
2026-06-18 13:17:56.912,3672216368,164912,BME280,23.04,713.04,2867.328
2026-06-18 13:17:56.112,3672215568,165112,BME280,23.04,713.04,2867.328
2026-06-18 13:17:57.312,3672216768,165312,BME280,23.04,713.04,2867.328
2026-06-18 13:17:57.512,3672216968,165512,BME280,23.04,713.04,2867.328
2026-06-18 13:17:57.761,3672217217,165761,BME280,23.04,713.04,2867.328
2026-06-18 13:17:57.961,3672217417,165961,BME280,23.04,713.04,2867.328
2026-06-18 13:17:57.161,3672216617,166161,BME280,23.04,713.04,2867.328
2026-06-18 13:17:58.391,3672217847,166391,BME280,23.04,713.04,2867.328
2026-06-18 13:17:58.591,3672218047,166591,BME280,23.04,713.04,2867.328
2026-06-18 13:17:58.791,3672218247,166791,BME280,23.04,713.04,2867.328
2026-06-18 13:17:58.991,3672218447,166991,BME280,23.04,713.04,2867.328
2026-06-18 13:17:58.191,3672217647,167191,BME280,23.04,713.04,2867.328
2026-06-18 13:17:59.391,3672218847,167391,BME280,23.04,713.04,2867.328
2026-06-18 13:17:59.591,3672219047,167591,BME280,23.04,713.04,2867.328
2026-06-18 13:17:59.791,3672219247,167791,BME280,23.04,713.04,2867.328
2026-06-18 13:17:59.991,3672219447,167991,BME280,23.04,713.04,2867.328
2026-06-18 13:17:59.191,3672218647,168191,BME280,23.04,713.04,2867.328
2026-06-18 13:18:00.391,3672219847,168391,BME280,23.04,713.04,2867.328
2026-06-18 13:18:00.591,3672220047,168591,BME280,23.04,713.04,2867.328
2026-06-18 13:18:00.791,3672220247,168791,BME280,23.04,713.04,2867.328
2026-06-18 13:18:00.991,3672220447,168991,BME280,23.04,713.04,2867.328
2026-06-18 13:18:00.191,3672219647,169191,BME280,23.04,713.04,2867.328
2026-06-18 13:18:01.391,3672220847,169391,BME280,23.04,713.04,2867.328
2026-06-18 13:18:01.591,3672221047,169591,BME280,23.04,713.04,2867.328
2026-06-18 13:18:01.791,3672221247,169791,BME280,23.04,713.04,2867.328
2026-06-18 13:18:01.991,3672221447,169991,BME280,23.04,713.04,2867.328
2026-06-18 13:18:01.191,3672220647,170191,BME280,23.04,713.04,2867.328
2026-06-18 13:18:02.391,3672221847,170391,BME280,23.04,713.04,2867.328
2026-06-18 13:18:02.591,3672222047,170591,BME280,23.04,713.04,2867.328
2026-06-18 13:18:02.791,3672222247,170791,BME280,23.04,713.04,2867.328
2026-06-18 13:18:02.991,3672222447,170991,BME280,23.04,713.04,2867.328
2026-06-18 13:18:02.191,3672221647,171191,BME280,23.04,713.04,2867.328
2026-06-18 13:18:03.391,3672222847,171391,BME280,23.04,713.04,2867.328
2026-06-18 13:18:03.591,3672223047,171591,BME280,23.04,713.04,2867.328
2026-06-18 13:18:03.791,3672223247,171791,BME280,23.04,713.04,2867.328
2026-06-18 13:18:03.991,3672223447,171991,BME280,23.04,713.04,2867.328
2026-06-18 13:18:03.191,3672222647,172191,BME280,23.04,713.04,2867.328
2026-06-18 13:18:04.391,3672223847,172391,BME280,23.04,713.04,2867.328
2026-06-18 13:18:04.591,3672224047,172591,BME280,23.04,713.04,2867.328
2026-06-18 13:18:04.791,3672224247,172791,BME280,23.04,713.04,2867.328
2026-06-18 13:18:04.991,3672224447,172991,BME280,23.04,713.04,2867.328
2026-06-18 13:18:04.191,3672223647,173191,BME280,23.04,713.04,2867.328
2026-06-18 13:18:05.391,3672224847,173391,BME280,23.04,713.04,2867.328
2026-06-18 13:18:05.591,3672225047,173591,BME280,23.04,713.04,2867.328
2026-06-18 13:18:05.791,3672225247,173791,BME280,23.04,713.04,2867.328
2026-06-18 13:18:05.991,3672225447,173991,BME280,23.04,713.04,2867.328
2026-06-18 13:18:05.191,3672224647,174191,BME280,23.04,713.04,2867.328
2026-06-18 13:18:06.391,3672225847,174391,BME280,23.04,713.04,2867.328
2026-06-18 13:18:06.591,3672226047,174591,BME280,23.04,713.04,2867.328
2026-06-18 13:18:06.791,3672226247,174791,BME280,23.04,713.04,2867.328
2026-06-18 13:18:06.991,3672226447,174991,BME280,23.04,713.04,2867.328
2026-06-18 13:18:06.191,3672225647,175191,BME280,23.04,713.04,2867.328
2026-06-18 13:18:07.391,3672226847,175391,BME280,23.04,713.04,2867.328
2026-06-18 13:18:07.591,3672227047,175591,BME280,23.04,713.04,2867.328
2026-06-18 13:18:07.791,3672227247,175791,BME280,23.04,713.04,2867.328
2026-06-18 13:18:07.991,3672227447,175991,BME280,23.04,713.04,2867.328
2026-06-18 13:18:07.191,3672226647,176191,BME280,23.04,713.04,2867.328
2026-06-18 13:18:08.391,3672227847,176391,BME280,23.04,713.04,2867.328
2026-06-18 13:18:08.591,3672228047,176591,BME280,23.04,713.04,2867.328
2026-06-18 13:18:08.791,3672228247,176791,BME280,23.04,713.04,2867.328
2026-06-18 13:18:08.991,3672228447,176991,BME280,23.04,713.04,2867.328
2026-06-18 13:18:08.191,3672227647,177191,BME280,23.04,713.04,2867.328
2026-06-18 13:18:09.391,3672228847,177391,BME280,23.04,713.04,2867.328
2026-06-18 13:18:09.591,3672229047,177591,BME280,23.04,713.04,2867.328
2026-06-18 13:18:09.791,3672229247,177791,BME280,23.04,713.04,2867.328
2026-06-18 13:18:09.991,3672229447,177991,BME280,23.04,713.04,2867.328
2026-06-18 13:18:09.191,3672228647,178191,BME280,23.04,713.04,2867.328
2026-06-18 13:18:10.391,3672229847,178391,BME280,23.04,713.04,2867.328
2026-06-18 13:18:10.591,3672230047,178591,BME280,23.04,713.04,2867.328
2026-06-18 13:18:10.791,3672230247,178791,BME280,23.04,713.04,2867.328
2026-06-18 13:18:10.991,3672230447,178991,BME280,23.04,713.04,2867.328
2026-06-18 13:18:10.191,3672229647,179191,BME280,23.04,713.04,2867.328
2026-06-18 13:18:11.391,3672230847,179391,BME280,23.04,713.04,2867.328
2026-06-18 13:18:11.591,3672231047,179591,BME280,23.04,713.04,2867.328
2026-06-18 13:18:11.791,3672231247,179791,BME280,23.04,713.04,2867.328
2026-06-18 13:18:11.991,3672231447,179991,BME280,23.04,713.04,2867.328
2026-06-18 13:18:11.191,3672230647,180191,BME280,23.04,713.04,2867.328
2026-06-18 13:18:12.391,3672231847,180391,BME280,23.04,713.04,2867.328
2026-06-18 13:18:12.591,3672232047,180591,BME280,23.04,713.04,2867.328
2026-06-18 13:18:12.791,3672232247,180791,BME280,23.04,713.04,2867.328
2026-06-18 13:18:12.991,3672232447,180991,BME280,23.04,713.04,2867.328
2026-06-18 13:18:12.191,3672231647,181191,BME280,23.04,713.04,2867.328
2026-06-18 13:18:13.391,3672232847,181391,BME280,23.04,713.04,2867.328
2026-06-18 13:18:13.591,3672233047,181591,BME280,23.04,713.04,2867.328
2026-06-18 13:18:13.791,3672233247,181791,BME280,23.04,713.04,2867.328
2026-06-18 13:18:13.991,3672233447,181991,BME280,23.04,713.04,2867.328
2026-06-18 13:18:13.191,3672232647,182191,BME280,23.04,713.04,2867.328
2026-06-18 13:18:14.391,3672233847,182391,BME280,23.04,713.04,2867.328
2026-06-18 13:18:14.591,3672234047,182591,BME280,23.04,713.04,2867.328
2026-06-18 13:18:14.791,3672234247,182791,BME280,23.04,713.04,2867.328
2026-06-18 13:18:14.991,3672234447,182991,BME280,23.04,713.04,2867.328
2026-06-18 13:18:14.191,3672233647,183191,BME280,23.04,713.04,2867.328
2026-06-18 13:18:15.391,3672234847,183391,BME280,23.04,713.04,2867.328
2026-06-18 13:18:15.591,3672235047,183591,BME280,23.04,713.04,2867.328
2026-06-18 13:18:15.791,3672235247,183791,BME280,23.04,713.04,2867.328
2026-06-18 13:18:15.991,3672235447,183991,BME280,23.04,713.04,2867.328
2026-06-18 13:18:15.191,3672234647,184191,BME280,23.04,713.04,2867.328
2026-06-18 13:18:16.391,3672235847,184391,BME280,23.04,713.04,2867.328
2026-06-18 13:18:16.591,3672236047,184591,BME280,23.04,713.04,2867.328
2026-06-18 13:18:16.791,3672236247,184791,BME280,23.04,713.04,2867.328
2026-06-18 13:18:16.991,3672236447,184991,BME280,23.04,713.04,2867.328
2026-06-18 13:18:16.191,3672235647,185191,BME280,23.04,713.04,2867.328
2026-06-18 13:18:17.391,3672236847,185391,BME280,23.04,713.04,2867.328
2026-06-18 13:18:17.591,3672237047,185591,BME280,23.04,713.04,2867.328
2026-06-18 13:18:17.791,3672237247,185791,BME280,23.04,713.04,2867.328
2026-06-18 13:18:17.991,3672237447,185991,BME280,23.04,713.04,2867.328
2026-06-18 13:18:17.191,3672236647,186191,BME280,23.04,713.04,2867.328
2026-06-18 13:18:18.391,3672237847,186391,BME280,23.04,713.04,2867.328
2026-06-18 13:18:18.591,3672238047,186591,BME280,23.04,713.04,2867.328
2026-06-18 13:18:18.791,3672238247,186791,BME280,23.04,713.04,2867.328
2026-06-18 13:18:18.991,3672238447,186991,BME280,23.04,713.04,2867.328
2026-06-18 13:18:18.191,3672237647,187191,BME280,23.04,713.04,2867.328
2026-06-18 13:18:19.391,3672238847,187391,BME280,23.04,713.04,2867.328
2026-06-18 13:18:19.591,3672239047,187591,BME280,23.04,713.04,2867.328
2026-06-18 13:18:19.791,3672239247,187791,BME280,23.04,713.04,2867.328
2026-06-18 13:18:19.991,3672239447,187991,BME280,23.04,713.04,2867.328
2026-06-18 13:18:19.191,3672238647,188191,BME280,23.04,713.04,2867.328
2026-06-18 13:18:20.391,3672239847,188391,BME280,23.04,713.04,2867.328
2026-06-18 13:18:20.591,3672240047,188591,BME280,23.04,713.04,2867.328
2026-06-18 13:18:23.610,3672243066,191609,BME280,23.04,713.04,2867.328
2026-06-18 13:18:23.809,3672243265,191809,BME280,23.04,713.04,2867.328
2026-06-18 13:18:23.009,3672242465,192009,BME280,23.04,713.04,2867.328
2026-06-18 13:18:23.249,3672242705,192249,BME280,23.04,713.04,2867.328
2026-06-18 13:18:24.449,3672243905,192449,BME280,23.04,713.04,2867.328
2026-06-18 13:18:24.649,3672244105,192649,BME280,23.04,713.04,2867.328
2026-06-18 13:18:24.849,3672244305,192849,BME280,23.04,713.04,2867.328
2026-06-18 13:18:24.049,3672243505,193049,BME280,23.04,713.04,2867.328
2026-06-18 13:18:24.249,3672243705,193249,BME280,23.04,713.04,2867.328
2026-06-18 13:18:25.449,3672244905,193449,BME280,23.04,713.04,2867.328
2026-06-18 13:18:25.449,3672244905,193449,BME280,23.04,713.04,2867.328
2026-06-18 13:18:30.553,3672250009,198553,BME280,23.04,713.04,2867.328
2026-06-18 13:18:30.753,3672250209,198753,BME280,23.04,713.04,2867.328
2026-06-18 13:18:30.953,3672250409,198953,BME280,23.04,713.04,2867.328
2026-06-18 13:18:30.153,3672249609,199153,BME280,23.04,713.04,2867.328
2026-06-18 13:18:31.353,3672250809,199353,BME280,23.04,713.04,2867.328
2026-06-18 13:18:31.553,3672251009,199553,BME280,23.04,713.04,2867.328
2026-06-18 13:18:31.753,3672251209,199753,BME280,23.04,713.04,2867.328
2026-06-18 13:18:31.953,3672251409,199953,BME280,23.04,713.04,2867.328
2026-06-18 13:18:31.153,3672250609,200153,BME280,23.04,713.04,2867.328
2026-06-18 13:18:32.353,3672251809,200353,BME280,23.04,713.04,2867.328
2026-06-18 13:18:32.553,3672252009,200553,BME280,23.04,713.04,2867.328
2026-06-18 13:18:32.753,3672252209,200753,BME280,23.04,713.04,2867.328
2026-06-18 13:18:32.953,3672252409,200953,BME280,23.04,713.04,2867.328
2026-06-18 13:18:32.953,3672252409,200953,BME280,23.04,713.04,2867.328
2026-06-18 13:18:37.153,3672256609,206153,BME280,23.04,713.04,2867.328
2026-06-18 13:18:38.353,3672257809,206353,BME280,23.04,713.04,2867.328
2026-06-18 13:18:38.553,3672258009,206553,BME280,23.04,713.04,2867.328
2026-06-18 13:18:38.753,3672258209,206753,BME280,23.04,713.04,2867.328
2026-06-18 13:18:38.953,3672258409,206953,BME280,23.04,713.04,2867.328
2026-06-18 13:18:38.153,3672257609,207153,BME280,23.04,713.04,2867.328
2026-06-18 13:18:39.353,3672258809,207353,BME280,23.04,713.04,2867.328
2026-06-18 13:18:39.553,3672259009,207553,BME280,23.04,713.04,2867.328
2026-06-18 13:18:39.753,3672259209,207753,BME280,23.04,713.04,2867.328
2026-06-18 13:18:39.953,3672259409,207953,BME280,23.04,713.04,2867.328
2026-06-18 13:18:39.153,3672258609,208153,BME280,23.04,713.04,2867.328
2026-06-18 13:18:40.353,3672259809,208353,BME280,23.04,713.04,2867.328
2026-06-18 13:18:40.553,3672260009,208553,BME280,23.04,713.04,2867.328
2026-06-18 13:18:40.753,3672260209,208753,BME280,23.04,713.04,2867.328
2026-06-18 13:18:40.953,3672260409,208953,BME280,23.04,713.04,2867.328
2026-06-18 13:18:40.153,3672259609,209153,BME280,23.04,713.04,2867.328
2026-06-18 13:18:41.353,3672260809,209353,BME280,23.04,713.04,2867.328
2026-06-18 13:18:41.553,3672261009,209553,BME280,23.04,713.04,2867.328
2026-06-18 13:18:41.753,3672261209,209753,BME280,23.04,713.04,2867.328
2026-06-18 13:18:41.953,3672261409,209953,BME280,23.04,713.04,2867.328
2026-06-18 13:18:41.153,3672260609,210153,BME280,23.04,713.04,2867.328
2026-06-18 13:18:42.353,3672261809,210353,BME280,23.04,713.04,2867.328
2026-06-18 13:18:42.553,3672262009,210553,BME280,23.04,713.04,2867.328
2026-06-18 13:18:42.753,3672262209,210753,BME280,23.04,713.04,2867.328
2026-06-18 13:18:42.953,3672262409,210953,BME280,23.04,713.04,2867.328
2026-06-18 13:18:42.153,3672261609,211153,BME280,23.04,713.04,2867.328
2026-06-18 13:18:43.353,3672262809,211353,BME280,23.04,713.04,2867.328
2026-06-18 13:18:43.553,3672263009,211553,BME280,23.04,713.04,2867.328
2026-06-18 13:18:43.753,3672263209,211753,BME280,23.04,713.04,2867.328
2026-06-18 13:18:43.953,3672263409,211953,BME280,23.04,713.04,2867.328
2026-06-18 13:18:43.153,3672262609,212153,BME280,23.04,713.04,2867.328
2026-06-18 13:18:44.353,3672263809,212353,BME280,23.04,713.04,2867.328
2026-06-18 13:18:44.353,3672263809,212353,BME280,23.04,713.04,2867.328
2026-06-18 13:18:49.513,3672268969,217513,BME280,23.04,713.04,2867.328
2026-06-18 13:18:49.713,3672269169,217713,BME280,23.04,713.04,2867.328
2026-06-18 13:18:49.913,3672269369,217913,BME280,23.04,713.04,2867.328
2026-06-18 13:18:49.113,3672268569,218113,BME280,23.04,713.04,2867.328
2026-06-18 13:18:50.313,3672269769,218313,BME280,23.04,713.04,2867.328
2026-06-18 13:18:50.513,3672269969,218513,BME280,23.04,713.04,2867.328
2026-06-18 13:18:50.713,3672270169,218713,BME280,23.04,713.04,2867.328
2026-06-18 13:18:50.913,3672270369,218913,BME280,23.04,713.04,2867.328
2026-06-18 13:18:50.113,3672269569,219113,BME280,23.04,713.04,2867.328
2026-06-18 13:18:51.313,3672270769,219313,BME280,23.04,713.04,2867.328
2026-06-18 13:18:51.513,3672270969,219513,BME280,23.04,713.04,2867.328
2026-06-18 13:18:51.513,3672270969,219513,BME280,23.04,713.04,2867.328
2026-06-18 13:18:56.603,3672276059,224603,BME280,181.87,713.04,2867.328
2026-06-18 13:18:56.803,3672276259,224803,BME280,23.04,713.04,2867.328
2026-06-18 13:18:56.003,3672275459,225003,BME280,23.04,713.04,2867.328
2026-06-18 13:18:56.203,3672275659,225203,BME280,23.04,713.04,2867.328
2026-06-18 13:18:57.403,3672276859,225403,BME280,23.04,713.04,2867.328
2026-06-18 13:18:57.603,3672277059,225603,BME280,23.04,713.04,2867.328
2026-06-18 13:18:57.803,3672277259,225803,BME280,23.04,713.04,2867.328
2026-06-18 13:18:57.803,3672277259,225803,BME280,23.04,713.04,2867.328
2026-06-18 13:19:02.875,3672282331,230875,BME280,23.04,713.04,2867.328
2026-06-18 13:19:02.075,3672281531,231075,BME280,23.04,713.04,2867.328
2026-06-18 13:19:02.275,3672281731,231275,BME280,23.04,713.04,2867.328
2026-06-18 13:19:03.475,3672282931,231475,BME280,23.04,713.04,2867.328
2026-06-18 13:19:03.675,3672283131,231675,BME280,23.04,713.04,2867.328
2026-06-18 13:19:03.875,3672283331,231875,BME280,23.04,713.04,2867.328
2026-06-18 13:19:03.075,3672282531,232075,BME280,23.04,713.04,2867.328
2026-06-18 13:19:03.075,3672282531,232075,BME280,23.04,713.04,2867.328
2026-06-18 13:19:08.192,3672287648,237192,BME280,23.04,713.04,2867.328
2026-06-18 13:19:09.392,3672288848,237392,BME280,23.04,713.04,2867.328
2026-06-18 13:19:09.592,3672289048,237592,BME280,23.04,713.04,2867.328
2026-06-18 13:19:09.792,3672289248,237792,BME280,23.04,713.04,2867.328
2026-06-18 13:19:09.992,3672289448,237992,BME280,23.04,713.04,2867.328
2026-06-18 13:19:09.192,3672288648,238192,BME280,23.04,713.04,2867.328
2026-06-18 13:19:09.192,3672288648,238192,BME280,23.04,713.04,2867.328
2026-06-18 13:19:15.622,3672295078,243622,BME280,23.04,713.04,2867.328
2026-06-18 13:19:15.822,3672295278,243822,BME280,23.04,713.04,2867.328
2026-06-18 13:19:15.022,3672294478,244022,BME280,23.04,713.04,2867.328
2026-06-18 13:19:15.222,3672294678,244222,BME280,23.04,713.04,2867.328
2026-06-18 13:19:16.422,3672295878,244422,BME280,23.04,713.04,2867.328
2026-06-18 13:19:16.622,3672296078,244622,BME280,23.04,713.04,2867.328
2026-06-18 13:19:16.822,3672296278,244822,BME280,23.04,713.04,2867.328
2026-06-18 13:19:16.022,3672295478,245022,BME280,23.04,713.04,2867.328
2026-06-18 13:19:16.022,3672295478,245022,BME280,23.04,713.04,2867.328
2026-06-18 13:19:21.095,3672300551,250095,BME280,23.04,713.04,2867.328
2026-06-18 13:19:21.095,3672300551,250095,BME280,23.04,713.04,2867.328
2026-06-18 13:19:26.201,3672305657,255201,BME280,23.04,713.04,2867.328
2026-06-18 13:19:27.401,3672306857,255401,BME280,23.04,713.04,2867.328
2026-06-18 13:19:27.601,3672307057,255601,BME280,23.04,713.04,2867.328
2026-06-18 13:19:27.601,3672307057,255601,BME280,23.04,713.04,2867.328
2026-06-18 13:19:32.750,3672312206,260750,BME280,23.04,713.04,2867.328
2026-06-18 13:19:32.950,3672312406,260950,BME280,23.04,713.04,2867.328
2026-06-18 13:19:32.150,3672311606,261150,BME280,23.04,713.04,2867.328
2026-06-18 13:19:33.350,3672312806,261350,BME280,23.04,713.04,2867.328
2026-06-18 13:19:33.550,3672313006,261550,BME280,23.04,713.04,2867.328
2026-06-18 13:19:33.750,3672313206,261750,BME280,23.04,713.04,2867.328
2026-06-18 13:19:33.950,3672313406,261950,BME280,23.04,713.04,2867.328
2026-06-18 13:19:33.150,3672312606,262150,BME280,23.04,713.04,2867.328
2026-06-18 13:19:34.350,3672313806,262350,BME280,23.04,713.04,2867.328
2026-06-18 13:19:34.550,3672314006,262550,BME280,23.04,713.04,2867.328
2026-06-18 13:19:34.750,3672314206,262750,BME280,23.04,713.04,2867.328
2026-06-18 13:19:34.950,3672314406,262950,BME280,23.04,713.04,2867.328
2026-06-18 13:19:34.150,3672313606,263150,BME280,23.04,713.04,2867.328
2026-06-18 13:19:35.350,3672314806,263350,BME280,23.04,713.04,2867.328
2026-06-18 13:19:35.550,3672315006,263550,BME280,23.04,713.04,2867.328
2026-06-18 13:19:35.750,3672315206,263750,BME280,23.04,713.04,2867.328
2026-06-18 13:19:35.950,3672315406,263950,BME280,23.04,713.04,2867.328
2026-06-18 13:19:35.150,3672314606,264150,BME280,23.04,713.04,2867.328
2026-06-18 13:19:36.350,3672315806,264350,BME280,23.04,713.04,2867.328
2026-06-18 13:19:36.550,3672316006,264550,BME280,23.04,713.04,2867.328
2026-06-18 13:19:36.550,3672316006,264550,BME280,23.04,713.04,2867.328
2026-06-18 13:19:41.645,3672321101,269645,BME280,23.04,713.04,2867.328
2026-06-18 13:19:41.845,3672321301,269845,BME280,23.04,713.04,2867.328
2026-06-18 13:19:44.886,3672324342,272886,BME280,23.04,713.04,2867.328
2026-06-18 13:19:44.086,3672323542,273086,BME280,23.04,713.04,2867.328
2026-06-18 13:19:44.286,3672323742,273286,BME280,23.04,713.04,2867.328
2026-06-18 13:19:45.486,3672324942,273486,BME280,23.04,713.04,2867.328
2026-06-18 13:19:45.686,3672325142,273686,BME280,23.04,713.04,2867.328
2026-06-18 13:19:45.886,3672325342,273886,BME280,23.04,713.04,2867.328
2026-06-18 13:19:45.086,3672324542,274086,BME280,23.04,713.04,2867.328
2026-06-18 13:19:45.286,3672324742,274286,BME280,23.04,713.04,2867.328
2026-06-18 13:19:46.486,3672325942,274486,BME280,23.04,713.04,2867.328
2026-06-18 13:19:46.686,3672326142,274686,BME280,23.04,713.04,2867.328
2026-06-18 13:19:46.886,3672326342,274886,BME280,23.04,713.04,2867.328
2026-06-18 13:19:46.086,3672325542,275086,BME280,23.04,713.04,2867.328
2026-06-18 13:19:46.286,3672325742,275286,BME280,23.04,713.04,2867.328
2026-06-18 13:19:47.486,3672326942,275486,BME280,23.04,713.04,2867.328
2026-06-18 13:19:47.686,3672327142,275686,BME280,23.04,713.04,2867.328
2026-06-18 13:19:47.886,3672327342,275886,BME280,23.04,713.04,2867.328
2026-06-18 13:19:47.086,3672326542,276086,BME280,23.04,713.04,2867.328
2026-06-18 13:19:47.286,3672326742,276286,BME280,23.04,713.04,2867.328
2026-06-18 13:19:48.486,3672327942,276486,BME280,23.04,713.04,2867.328
2026-06-18 13:19:48.486,3672327942,276486,BME280,23.04,713.04,2867.328
2026-06-18 13:19:53.624,3672333080,281624,BME280,23.04,713.04,2867.328
2026-06-18 13:19:53.624,3672333080,281624,BME280,23.04,713.04,2867.328
2026-06-18 13:19:58.711,3672338167,286711,BME280,23.04,713.04,2867.328
2026-06-18 13:19:58.711,3672338167,286711,BME280,23.04,713.04,2867.328
2026-06-18 13:20:03.793,3672343249,291792,BME280,23.04,713.04,2867.328
2026-06-18 13:20:03.992,3672343448,291992,BME280,23.04,713.04,2867.328
2026-06-18 13:20:03.192,3672342648,292192,BME280,23.04,713.04,2867.328
2026-06-18 13:20:04.392,3672343848,292392,BME280,23.04,713.04,2867.328
2026-06-18 13:20:04.392,3672343848,292392,BME280,23.04,713.04,2867.328
2026-06-18 13:20:09.455,3672348911,297455,BME280,23.04,713.04,2867.328
2026-06-18 13:20:09.655,3672349111,297655,BME280,23.04,713.04,2867.328
2026-06-18 13:20:09.855,3672349311,297855,BME280,23.04,713.04,2867.328
2026-06-18 13:20:09.855,3672349311,297855,BME280,23.04,713.04,2867.328
2026-06-18 13:20:14.980,3672354436,302979,BME280,23.04,713.04,2867.328
2026-06-18 13:20:14.980,3672354436,302979,BME280,23.04,713.04,2867.328
2026-06-18 13:20:19.176,3672358632,308176,BME280,23.04,713.04,2867.328
2026-06-18 13:20:20.376,3672359832,308376,BME280,23.04,713.04,2867.328
2026-06-18 13:20:20.576,3672360032,308576,BME280,23.04,713.04,2867.328
2026-06-18 13:20:20.776,3672360232,308776,BME280,23.04,713.04,2867.328
2026-06-18 13:20:20.976,3672360432,308976,BME280,23.04,713.04,2867.328
2026-06-18 13:20:20.176,3672359632,309176,BME280,23.04,713.04,2867.328
2026-06-18 13:20:20.176,3672359632,309176,BME280,23.04,713.04,2867.328
2026-06-18 13:20:25.283,3672364739,314283,BME280,23.04,713.04,2867.328
2026-06-18 13:20:26.483,3672365939,314483,BME280,23.04,713.04,2867.328
2026-06-18 13:20:26.683,3672366139,314683,BME280,23.04,713.04,2867.328
2026-06-18 13:20:26.883,3672366339,314883,BME280,23.04,713.04,2867.328
2026-06-18 13:20:26.083,3672365539,315083,BME280,23.04,713.04,2867.328
2026-06-18 13:20:26.283,3672365739,315283,BME280,23.04,713.04,2867.328
2026-06-18 13:20:27.483,3672366939,315483,BME280,23.04,713.04,2867.328
2026-06-18 13:20:27.683,3672367139,315683,BME280,23.04,713.04,2867.328
2026-06-18 13:20:27.883,3672367339,315883,BME280,23.04,713.04,2867.328
2026-06-18 13:20:27.083,3672366539,316083,BME280,23.04,713.04,2867.328
2026-06-18 13:20:27.283,3672366739,316283,BME280,23.04,713.04,2867.328
2026-06-18 13:20:28.483,3672367939,316483,BME280,23.04,713.04,2867.328
2026-06-18 13:20:28.683,3672368139,316683,BME280,23.04,713.04,2867.328
2026-06-18 13:20:28.883,3672368339,316883,BME280,23.04,713.04,2867.328
2026-06-18 13:20:28.083,3672367539,317083,BME280,23.04,713.04,2867.328
2026-06-18 13:20:28.283,3672367739,317283,BME280,23.04,713.04,2867.328
2026-06-18 13:20:29.508,3672368964,317508,BME280,23.04,713.04,2867.328
2026-06-18 13:20:29.708,3672369164,317708,BME280,23.04,713.04,2867.328
2026-06-18 13:20:29.908,3672369364,317908,BME280,23.04,713.04,2867.328
2026-06-18 13:20:29.108,3672368564,318108,BME280,23.04,713.04,2867.328
2026-06-18 13:20:30.308,3672369764,318308,BME280,23.04,713.04,2867.328
2026-06-18 13:20:30.508,3672369964,318508,BME280,23.04,713.04,2867.328
2026-06-18 13:20:30.708,3672370164,318708,BME280,23.04,713.04,2867.328
2026-06-18 13:20:30.908,3672370364,318908,BME280,23.04,713.04,2867.328
2026-06-18 13:20:30.108,3672369564,319108,BME280,23.04,713.04,2867.328
2026-06-18 13:20:31.308,3672370764,319308,BME280,23.04,713.04,2867.328
2026-06-18 13:20:31.508,3672370964,319508,BME280,23.04,713.04,2867.328
2026-06-18 13:20:31.708,3672371164,319708,BME280,23.04,713.04,2867.328
2026-06-18 13:20:31.908,3672371364,319908,BME280,23.04,713.04,2867.328
2026-06-18 13:20:31.108,3672370564,320108,BME280,23.04,713.04,2867.328
2026-06-18 13:20:32.308,3672371764,320308,BME280,23.04,713.04,2867.328
2026-06-18 13:20:32.508,3672371964,320508,BME280,23.04,713.04,2867.328
2026-06-18 13:20:32.708,3672372164,320708,BME280,23.04,713.04,2867.328
2026-06-18 13:20:32.908,3672372364,320908,BME280,23.04,713.04,2867.328
2026-06-18 13:20:32.108,3672371564,321108,BME280,23.04,713.04,2867.328
2026-06-18 13:20:33.308,3672372764,321308,BME280,23.04,713.04,2867.328
2026-06-18 13:20:33.508,3672372964,321508,BME280,23.04,713.04,2867.328
2026-06-18 13:20:33.708,3672373164,321708,BME280,23.04,713.04,2867.328
2026-06-18 13:20:33.908,3672373364,321908,BME280,23.04,713.04,2867.328
2026-06-18 13:20:33.108,3672372564,322108,BME280,23.04,713.04,2867.328
2026-06-18 13:20:34.308,3672373764,322308,BME280,23.04,713.04,2867.328
2026-06-18 13:20:34.508,3672373964,322508,BME280,23.04,713.04,2867.328
2026-06-18 13:20:34.708,3672374164,322708,BME280,23.04,713.04,2867.328
2026-06-18 13:20:34.908,3672374364,322908,BME280,23.04,713.04,2867.328
2026-06-18 13:20:34.108,3672373564,323108,BME280,23.04,713.04,2867.328
2026-06-18 13:20:35.308,3672374764,323308,BME280,23.04,713.04,2867.328
2026-06-18 13:20:35.508,3672374964,323508,BME280,23.04,713.04,2867.328
2026-06-18 13:20:35.708,3672375164,323708,BME280,23.04,713.04,2867.328
2026-06-18 13:20:35.908,3672375364,323908,BME280,23.04,713.04,2867.328
2026-06-18 13:20:35.108,3672374564,324108,BME280,23.04,713.04,2867.328
2026-06-18 13:20:36.308,3672375764,324308,BME280,23.04,713.04,2867.328
2026-06-18 13:20:36.508,3672375964,324508,BME280,23.04,713.04,2867.328
2026-06-18 13:20:36.708,3672376164,324708,BME280,23.04,713.04,2867.328
2026-06-18 13:20:36.908,3672376364,324908,BME280,23.04,713.04,2867.328
2026-06-18 13:20:36.108,3672375564,325108,BME280,23.04,713.04,2867.328
2026-06-18 13:20:37.308,3672376764,325308,BME280,23.04,713.04,2867.328
2026-06-18 13:20:37.508,3672376964,325508,BME280,23.04,713.04,2867.328
2026-06-18 13:20:37.824,3672377280,325824,BME280,23.04,713.04,2867.328
2026-06-18 13:20:37.024,3672376480,326024,BME280,23.04,713.04,2867.328
2026-06-18 13:20:37.224,3672376680,326224,BME280,23.04,713.04,2867.328
2026-06-18 13:20:38.424,3672377880,326424,BME280,23.04,713.04,2867.328
2026-06-18 13:20:38.624,3672378080,326624,BME280,23.04,713.04,2867.328
2026-06-18 13:20:38.824,3672378280,326824,BME280,23.04,713.04,2867.328
2026-06-18 13:20:38.024,3672377480,327024,BME280,23.04,713.04,2867.328
2026-06-18 13:20:38.237,3672377693,327236,BME280,23.04,713.04,2867.328
2026-06-18 13:20:39.436,3672378892,327436,BME280,23.04,713.04,2867.328
2026-06-18 13:20:39.636,3672379092,327636,BME280,23.04,713.04,2867.328
2026-06-18 13:20:39.836,3672379292,327836,BME280,23.04,713.04,2867.328
2026-06-18 13:20:39.055,3672378511,328055,BME280,23.04,713.04,2867.328
2026-06-18 13:20:39.255,3672378711,328255,BME280,23.04,713.04,2867.328
2026-06-18 13:20:40.455,3672379911,328455,BME280,23.04,713.04,2867.328
2026-06-18 13:20:40.670,3672380126,328670,BME280,23.04,713.04,2867.328
2026-06-18 13:20:40.886,3672380342,328886,BME280,23.04,713.04,2867.328
2026-06-18 13:20:40.086,3672379542,329086,BME280,23.04,713.04,2867.328
2026-06-18 13:20:40.286,3672379742,329286,BME280,23.04,713.04,2867.328
2026-06-18 13:20:41.486,3672380942,329486,BME280,23.04,713.04,2867.328
2026-06-18 13:20:41.686,3672381142,329686,BME280,23.04,713.04,2867.328
2026-06-18 13:20:41.886,3672381342,329886,BME280,23.04,713.04,2867.328
2026-06-18 13:20:41.086,3672380542,330086,BME280,23.04,713.04,2867.328
2026-06-18 13:20:41.286,3672380742,330286,BME280,23.04,713.04,2867.328
2026-06-18 13:20:42.486,3672381942,330486,BME280,23.04,713.04,2867.328
2026-06-18 13:20:42.486,3672381942,330486,BME280,23.04,713.04,2867.328
2026-06-18 13:20:47.570,3672387026,335570,BME280,23.04,713.04,2867.328
2026-06-18 13:20:47.770,3672387226,335770,BME280,23.04,713.04,2867.328
2026-06-18 13:20:47.970,3672387426,335970,BME280,23.04,713.04,2867.328
2026-06-18 13:20:47.170,3672386626,336170,BME280,23.04,713.04,2867.328
2026-06-18 13:20:48.370,3672387826,336370,BME280,23.04,713.04,2867.328
2026-06-18 13:20:48.570,3672388026,336570,BME280,23.04,713.04,2867.328
2026-06-18 13:20:48.770,3672388226,336770,BME280,23.04,713.04,2867.328
2026-06-18 13:20:48.970,3672388426,336970,BME280,23.04,713.04,2867.328
2026-06-18 13:20:48.170,3672387626,337170,BME280,23.04,713.04,2867.328
2026-06-18 13:20:49.370,3672388826,337370,BME280,23.04,713.04,2867.328
2026-06-18 13:20:49.570,3672389026,337570,BME280,23.04,713.04,2867.328
2026-06-18 13:20:49.770,3672389226,337770,BME280,23.04,713.04,2867.328
2026-06-18 13:20:49.970,3672389426,337970,BME280,23.04,713.04,2867.328
2026-06-18 13:20:49.170,3672388626,338170,BME280,23.04,713.04,2867.328
2026-06-18 13:20:50.370,3672389826,338370,BME280,23.04,713.04,2867.328
2026-06-18 13:20:50.570,3672390026,338570,BME280,23.04,713.04,2867.328
2026-06-18 13:20:50.770,3672390226,338770,BME280,23.04,713.04,2867.328
2026-06-18 13:20:50.970,3672390426,338970,BME280,23.04,713.04,2867.328
2026-06-18 13:20:50.170,3672389626,339170,BME280,23.04,713.04,2867.328
2026-06-18 13:20:51.370,3672390826,339370,BME280,23.04,713.04,2867.328
2026-06-18 13:20:51.570,3672391026,339570,BME280,23.04,713.04,2867.328
2026-06-18 13:20:51.770,3672391226,339770,BME280,23.04,713.04,2867.328
2026-06-18 13:20:51.970,3672391426,339970,BME280,23.04,713.04,2867.328
2026-06-18 13:20:51.170,3672390626,340170,BME280,23.04,713.04,2867.328
2026-06-18 13:20:52.370,3672391826,340370,BME280,23.04,713.04,2867.328
2026-06-18 13:20:52.570,3672392026,340570,BME280,23.04,713.04,2867.328
2026-06-18 13:20:52.770,3672392226,340770,BME280,23.04,713.04,2867.328
2026-06-18 13:20:52.970,3672392426,340970,BME280,23.04,713.04,2867.328
2026-06-18 13:20:52.170,3672391626,341170,BME280,23.04,713.04,2867.328
2026-06-18 13:20:53.370,3672392826,341370,BME280,23.04,713.04,2867.328
2026-06-18 13:20:53.570,3672393026,341570,BME280,23.04,713.04,2867.328
2026-06-18 13:20:53.770,3672393226,341770,BME280,23.04,713.04,2867.328
2026-06-18 13:20:53.970,3672393426,341970,BME280,23.04,713.04,2867.328
2026-06-18 13:20:53.170,3672392626,342170,BME280,23.04,713.04,2867.328
2026-06-18 13:20:54.370,3672393826,342370,BME280,23.04,713.04,2867.328
2026-06-18 13:20:54.570,3672394026,342570,BME280,23.04,713.04,2867.328
2026-06-18 13:20:54.770,3672394226,342770,BME280,23.04,713.04,2867.328
2026-06-18 13:20:54.970,3672394426,342970,BME280,23.04,713.04,2867.328
2026-06-18 13:20:54.170,3672393626,343170,BME280,23.04,713.04,2867.328
2026-06-18 13:20:55.370,3672394826,343370,BME280,23.04,713.04,2867.328
2026-06-18 13:20:55.570,3672395026,343570,BME280,23.04,713.04,2867.328
2026-06-18 13:20:55.770,3672395226,343770,BME280,23.04,713.04,2867.328
2026-06-18 13:20:55.970,3672395426,343970,BME280,23.04,713.04,2867.328
2026-06-18 13:20:55.170,3672394626,344170,BME280,23.04,713.04,2867.328
2026-06-18 13:20:56.370,3672395826,344370,BME280,23.04,713.04,2867.328
2026-06-18 13:20:56.570,3672396026,344570,BME280,23.04,713.04,2867.328
2026-06-18 13:20:56.770,3672396226,344770,BME280,23.04,713.04,2867.328
2026-06-18 13:20:56.970,3672396426,344970,BME280,23.04,713.04,2867.328
2026-06-18 13:20:56.170,3672395626,345170,BME280,23.04,713.04,2867.328
2026-06-18 13:20:57.370,3672396826,345370,BME280,23.04,713.04,2867.328
2026-06-18 13:20:57.570,3672397026,345570,BME280,23.04,713.04,2867.328
2026-06-18 13:20:57.770,3672397226,345770,BME280,23.04,713.04,2867.328
2026-06-18 13:20:57.970,3672397426,345970,BME280,23.04,713.04,2867.328
2026-06-18 13:20:57.170,3672396626,346170,BME280,23.04,713.04,2867.328
2026-06-18 13:20:58.370,3672397826,346370,BME280,23.04,713.04,2867.328
2026-06-18 13:20:58.570,3672398026,346570,BME280,23.04,713.04,2867.328
2026-06-18 13:20:58.770,3672398226,346770,BME280,23.04,713.04,2867.328
2026-06-18 13:20:58.970,3672398426,346970,BME280,23.04,713.04,2867.328
2026-06-18 13:20:58.170,3672397626,347170,BME280,23.04,713.04,2867.328
2026-06-18 13:20:59.370,3672398826,347370,BME280,23.04,713.04,2867.328
2026-06-18 13:20:59.570,3672399026,347570,BME280,23.04,713.04,2867.328
2026-06-18 13:20:59.770,3672399226,347770,BME280,23.04,713.04,2867.328
2026-06-18 13:20:59.970,3672399426,347970,BME280,23.04,713.04,2867.328
2026-06-18 13:20:59.170,3672398626,348170,BME280,23.04,713.04,2867.328
2026-06-18 13:21:00.370,3672399826,348370,BME280,23.04,713.04,2867.328
2026-06-18 13:21:00.570,3672400026,348570,BME280,23.04,713.04,2867.328
2026-06-18 13:21:00.770,3672400226,348770,BME280,23.04,713.04,2867.328
2026-06-18 13:21:00.970,3672400426,348970,BME280,23.04,713.04,2867.328
2026-06-18 13:21:00.170,3672399626,349170,BME280,23.04,713.04,2867.328
2026-06-18 13:21:01.370,3672400826,349370,BME280,23.04,713.04,2867.328
2026-06-18 13:21:01.570,3672401026,349570,BME280,23.04,713.04,2867.328
2026-06-18 13:21:01.770,3672401226,349770,BME280,23.04,713.04,2867.328
2026-06-18 13:21:01.970,3672401426,349970,BME280,23.04,713.04,2867.328
2026-06-18 13:21:01.170,3672400626,350170,BME280,23.04,713.04,2867.328
2026-06-18 13:21:02.370,3672401826,350370,BME280,23.04,713.04,2867.328
2026-06-18 13:21:02.570,3672402026,350570,BME280,23.04,713.04,2867.328
2026-06-18 13:21:02.770,3672402226,350770,BME280,23.04,713.04,2867.328
2026-06-18 13:21:02.970,3672402426,350970,BME280,23.04,713.04,2867.328
2026-06-18 13:21:02.170,3672401626,351170,BME280,23.04,713.04,2867.328
2026-06-18 13:21:03.370,3672402826,351370,BME280,23.04,713.04,2867.328
2026-06-18 13:21:03.570,3672403026,351570,BME280,23.04,713.04,2867.328
2026-06-18 13:21:03.770,3672403226,351770,BME280,23.04,713.04,2867.328
2026-06-18 13:21:03.970,3672403426,351970,BME280,23.04,713.04,2867.328
2026-06-18 13:21:03.170,3672402626,352170,BME280,23.04,713.04,2867.328
2026-06-18 13:21:04.370,3672403826,352370,BME280,23.04,713.04,2867.328
2026-06-18 13:21:04.570,3672404026,352570,BME280,23.04,713.04,2867.328
2026-06-18 13:21:04.770,3672404226,352770,BME280,23.04,713.04,2867.328
2026-06-18 13:21:04.970,3672404426,352970,BME280,23.04,713.04,2867.328
2026-06-18 13:21:04.170,3672403626,353170,BME280,23.04,713.04,2867.328
2026-06-18 13:21:05.370,3672404826,353370,BME280,23.04,713.04,2867.328
2026-06-18 13:21:05.570,3672405026,353570,BME280,23.04,713.04,2867.328
2026-06-18 13:21:05.770,3672405226,353770,BME280,23.04,713.04,2867.328
2026-06-18 13:21:05.970,3672405426,353970,BME280,23.04,713.04,2867.328
2026-06-18 13:21:05.170,3672404626,354170,BME280,23.04,713.04,2867.328
2026-06-18 13:21:06.370,3672405826,354370,BME280,23.04,713.04,2867.328
2026-06-18 13:21:06.570,3672406026,354570,BME280,23.04,713.04,2867.328
2026-06-18 13:21:06.770,3672406226,354770,BME280,23.04,713.04,2867.328
2026-06-18 13:21:06.970,3672406426,354970,BME280,23.04,713.04,2867.328
2026-06-18 13:21:06.170,3672405626,355170,BME280,23.04,713.04,2867.328
2026-06-18 13:21:07.370,3672406826,355370,BME280,23.04,713.04,2867.328
2026-06-18 13:21:07.570,3672407026,355570,BME280,23.04,713.04,2867.328
2026-06-18 13:21:07.770,3672407226,355770,BME280,23.04,713.04,2867.328
2026-06-18 13:21:07.970,3672407426,355970,BME280,23.04,713.04,2867.328
2026-06-18 13:21:07.970,3672407426,355970,BME280,23.04,713.04,2867.328
2026-06-18 13:21:12.124,3672411580,361123,BME280,23.04,713.04,2867.328
2026-06-18 13:21:13.323,3672412779,361323,BME280,23.04,713.04,2867.328
2026-06-18 13:21:13.523,3672412979,361523,BME280,23.04,713.04,2867.328
2026-06-18 13:21:13.723,3672413179,361723,BME280,23.04,713.04,2867.328
2026-06-18 13:21:13.723,3672413179,361723,BME280,23.04,713.04,2867.328
2026-06-18 13:21:18.789,3672418245,366789,BME280,23.04,713.04,2867.328
2026-06-18 13:21:18.989,3672418445,366989,BME280,23.04,713.04,2867.328
2026-06-18 13:21:18.189,3672417645,367189,BME280,23.04,713.04,2867.328
2026-06-18 13:21:19.389,3672418845,367389,BME280,23.04,713.04,2867.328
2026-06-18 13:21:19.589,3672419045,367589,BME280,23.04,713.04,2867.328
2026-06-18 13:21:19.789,3672419245,367789,BME280,23.04,713.04,2867.328
2026-06-18 13:21:19.989,3672419445,367989,BME280,23.04,713.04,2867.328
2026-06-18 13:21:19.189,3672418645,368189,BME280,23.04,713.04,2867.328
2026-06-18 13:21:20.389,3672419845,368389,BME280,23.04,713.04,2867.328
2026-06-18 13:21:20.389,3672419845,368389,BME280,23.04,713.04,2867.328
2026-06-18 13:21:25.576,3672425032,373576,BME280,23.04,713.04,2867.328
2026-06-18 13:21:25.776,3672425232,373776,BME280,23.04,713.04,2867.328
2026-06-18 13:21:25.976,3672425432,373976,BME280,23.04,713.04,2867.328
2026-06-18 13:21:25.176,3672424632,374176,BME280,23.04,713.04,2867.328
2026-06-18 13:21:26.376,3672425832,374376,BME280,23.04,713.04,2867.328
2026-06-18 13:21:26.576,3672426032,374576,BME280,23.04,713.04,2867.328
2026-06-18 13:21:26.776,3672426232,374776,BME280,23.04,713.04,2867.328
2026-06-18 13:21:26.976,3672426432,374976,BME280,23.04,713.04,2867.328
2026-06-18 13:21:26.176,3672425632,375176,BME280,23.04,713.04,2867.328
2026-06-18 13:21:27.376,3672426832,375376,BME280,23.04,713.04,2867.328
2026-06-18 13:21:27.576,3672427032,375576,BME280,23.04,713.04,2867.328
2026-06-18 13:21:27.776,3672427232,375776,BME280,23.04,713.04,2867.328
2026-06-18 13:21:27.976,3672427432,375976,BME280,23.04,713.04,2867.328
2026-06-18 13:21:27.176,3672426632,376176,BME280,23.04,713.04,2867.328
2026-06-18 13:21:28.376,3672427832,376376,BME280,23.04,713.04,2867.328
2026-06-18 13:21:28.576,3672428032,376576,BME280,23.04,713.04,2867.328
2026-06-18 13:21:28.776,3672428232,376776,BME280,23.04,713.04,2867.328
2026-06-18 13:21:28.976,3672428432,376976,BME280,23.04,713.04,2867.328
2026-06-18 13:21:28.176,3672427632,377176,BME280,23.04,713.04,2867.328
2026-06-18 13:21:29.376,3672428832,377376,BME280,23.04,713.04,2867.328
2026-06-18 13:21:29.576,3672429032,377576,BME280,23.04,713.04,2867.328
2026-06-18 13:21:29.776,3672429232,377776,BME280,23.04,713.04,2867.328
2026-06-18 13:21:29.976,3672429432,377976,BME280,23.04,713.04,2867.328
2026-06-18 13:21:29.176,3672428632,378176,BME280,23.04,713.04,2867.328
2026-06-18 13:21:30.376,3672429832,378376,BME280,23.04,713.04,2867.328
2026-06-18 13:21:30.576,3672430032,378576,BME280,23.04,713.04,2867.328
2026-06-18 13:21:30.776,3672430232,378776,BME280,23.04,713.04,2867.328
2026-06-18 13:21:30.976,3672430432,378976,BME280,23.04,713.04,2867.328
2026-06-18 13:21:30.176,3672429632,379176,BME280,23.04,713.04,2867.328
2026-06-18 13:21:31.376,3672430832,379376,BME280,23.04,713.04,2867.328
2026-06-18 13:21:31.576,3672431032,379576,BME280,23.04,713.04,2867.328
2026-06-18 13:21:31.776,3672431232,379776,BME280,23.04,713.04,2867.328
2026-06-18 13:21:31.976,3672431432,379976,BME280,23.04,713.04,2867.328
2026-06-18 13:21:31.176,3672430632,380176,BME280,23.04,713.04,2867.328
2026-06-18 13:21:32.376,3672431832,380376,BME280,23.04,713.04,2867.328
2026-06-18 13:21:32.376,3672431832,380376,BME280,23.04,713.04,2867.328
2026-06-18 13:21:37.540,3672436996,385540,BME280,23.04,713.04,2867.328
2026-06-18 13:21:37.740,3672437196,385740,BME280,23.04,713.04,2867.328
2026-06-18 13:21:37.940,3672437396,385940,BME280,23.04,713.04,2867.328
2026-06-18 13:21:37.140,3672436596,386140,BME280,23.04,713.04,2867.328
2026-06-18 13:21:38.340,3672437796,386340,BME280,23.04,713.04,2867.328
2026-06-18 13:21:38.540,3672437996,386540,BME280,23.04,713.04,2867.328
2026-06-18 13:21:38.740,3672438196,386740,BME280,23.04,713.04,2867.328
2026-06-18 13:21:38.940,3672438396,386940,BME280,23.04,713.04,2867.328
2026-06-18 13:21:38.940,3672438396,386940,BME280,23.04,713.04,2867.328
2026-06-18 13:21:43.004,3672442460,392003,BME280,23.04,713.04,2867.328
2026-06-18 13:21:43.004,3672442460,392003,BME280,23.04,713.04,2867.328
2026-06-18 13:21:48.091,3672447547,397091,BME280,23.04,713.04,2867.328
2026-06-18 13:21:48.291,3672447747,397291,BME280,23.04,713.04,2867.328
2026-06-18 13:21:49.491,3672448947,397491,BME280,23.04,713.04,2867.328
2026-06-18 13:21:49.691,3672449147,397691,BME280,23.04,713.04,2867.328
2026-06-18 13:21:49.691,3672449147,397691,BME280,23.04,713.04,2867.328
2026-06-18 13:21:54.832,3672454288,402832,BME280,23.04,713.04,2867.328
2026-06-18 13:21:54.032,3672453488,403032,BME280,23.04,713.04,2867.328
2026-06-18 13:21:54.232,3672453688,403232,BME280,23.04,713.04,2867.328
2026-06-18 13:21:55.432,3672454888,403432,BME280,23.04,713.04,2867.328
2026-06-18 13:21:55.632,3672455088,403632,BME280,23.04,713.04,2867.328
2026-06-18 13:21:55.832,3672455288,403832,BME280,23.04,713.04,2867.328
2026-06-18 13:21:55.032,3672454488,404032,BME280,23.04,713.04,2867.328
2026-06-18 13:21:55.232,3672454688,404232,BME280,23.04,713.04,2867.328
2026-06-18 13:21:56.432,3672455888,404432,BME280,23.04,713.04,2867.328
2026-06-18 13:21:56.632,3672456088,404632,BME280,23.04,713.04,2867.328
2026-06-18 13:21:56.960,3672456416,404960,BME280,23.04,713.04,2867.328
2026-06-18 13:21:56.160,3672455616,405160,BME280,23.04,713.04,2867.328
2026-06-18 13:21:57.360,3672456816,405360,BME280,23.04,713.04,2867.328
2026-06-18 13:21:57.560,3672457016,405560,BME280,23.04,713.04,2867.328
2026-06-18 13:21:57.760,3672457216,405760,BME280,23.04,713.04,2867.328
2026-06-18 13:21:57.960,3672457416,405960,BME280,23.04,713.04,2867.328
2026-06-18 13:21:57.160,3672456616,406160,BME280,23.04,713.04,2867.328
2026-06-18 13:21:58.360,3672457816,406360,BME280,23.04,713.04,2867.328
2026-06-18 13:21:58.560,3672458016,406560,BME280,23.04,713.04,2867.328
2026-06-18 13:21:58.760,3672458216,406760,BME280,23.04,713.04,2867.328
2026-06-18 13:21:58.960,3672458416,406960,BME280,23.04,713.04,2867.328
2026-06-18 13:21:58.160,3672457616,407160,BME280,23.04,713.04,2867.328
2026-06-18 13:21:59.360,3672458816,407360,BME280,23.04,713.04,2867.328
2026-06-18 13:21:59.560,3672459016,407560,BME280,23.04,713.04,2867.328
2026-06-18 13:21:59.760,3672459216,407760,BME280,23.04,713.04,2867.328
2026-06-18 13:21:59.960,3672459416,407960,BME280,23.04,713.04,2867.328
2026-06-18 13:21:59.166,3672458622,408166,BME280,23.04,713.04,2867.328
2026-06-18 13:22:00.366,3672459822,408366,BME280,23.04,713.04,2867.328
2026-06-18 13:22:00.566,3672460022,408566,BME280,23.04,713.04,2867.328
2026-06-18 13:22:00.766,3672460222,408766,BME280,23.04,713.04,2867.328
2026-06-18 13:22:00.966,3672460422,408966,BME280,23.04,713.04,2867.328
2026-06-18 13:22:00.166,3672459622,409166,BME280,23.04,713.04,2867.328
2026-06-18 13:22:01.366,3672460822,409366,BME280,23.04,713.04,2867.328
2026-06-18 13:22:01.566,3672461022,409566,BME280,23.04,713.04,2867.328
2026-06-18 13:22:01.766,3672461222,409766,BME280,23.04,713.04,2867.328
2026-06-18 13:22:01.766,3672461222,409766,BME280,23.04,713.04,2867.328
2026-06-18 13:22:06.985,3672466441,414984,BME280,23.04,713.04,2867.328
2026-06-18 13:22:06.184,3672465640,415184,BME280,23.04,713.04,2867.328
2026-06-18 13:22:07.384,3672466840,415384,BME280,23.04,713.04,2867.328
2026-06-18 13:22:07.584,3672467040,415584,BME280,23.04,713.04,2867.328
2026-06-18 13:22:07.784,3672467240,415784,BME280,23.04,713.04,2867.328
2026-06-18 13:22:07.984,3672467440,415984,BME280,23.04,713.04,2867.328
2026-06-18 13:22:07.984,3672467440,415984,BME280,23.04,713.04,2867.328
2026-06-18 13:22:12.101,3672471557,421100,BME280,23.04,713.04,2867.328
2026-06-18 13:22:13.300,3672472756,421300,BME280,23.04,713.04,2867.328
2026-06-18 13:22:13.500,3672472956,421500,BME280,23.04,713.04,2867.328
2026-06-18 13:22:13.700,3672473156,421700,BME280,23.04,713.04,2867.328
2026-06-18 13:22:13.900,3672473356,421900,BME280,23.04,713.04,2867.328
2026-06-18 13:22:13.100,3672472556,422100,BME280,23.04,713.04,2867.328
2026-06-18 13:22:14.300,3672473756,422300,BME280,23.04,713.04,2867.328
2026-06-18 13:22:14.500,3672473956,422500,BME280,23.04,713.04,2867.328
2026-06-18 13:22:14.700,3672474156,422700,BME280,23.04,713.04,2867.328
2026-06-18 13:22:14.900,3672474356,422900,BME280,23.04,713.04,2867.328
2026-06-18 13:22:14.900,3672474356,422900,BME280,23.04,713.04,2867.328
2026-06-18 13:22:19.999,3672479455,427999,BME280,23.04,713.04,2867.328
2026-06-18 13:22:19.199,3672478655,428199,BME280,23.04,713.04,2867.328
2026-06-18 13:22:20.399,3672479855,428399,BME280,23.04,713.04,2867.328
2026-06-18 13:22:20.599,3672480055,428599,BME280,23.04,713.04,2867.328
2026-06-18 13:22:20.599,3672480055,428599,BME280,23.04,713.04,2867.328
2026-06-18 13:22:25.745,3672485201,433745,BME280,23.04,713.04,2867.328
2026-06-18 13:22:25.945,3672485401,433945,BME280,23.04,713.04,2867.328
2026-06-18 13:22:25.145,3672484601,434145,BME280,23.04,713.04,2867.328
2026-06-18 13:22:26.345,3672485801,434345,BME280,23.04,713.04,2867.328
2026-06-18 13:22:26.545,3672486001,434545,BME280,23.04,713.04,2867.328
2026-06-18 13:22:26.745,3672486201,434745,BME280,23.04,713.04,2867.328
2026-06-18 13:22:26.745,3672486201,434745,BME280,23.04,713.04,2867.328
2026-06-18 13:22:31.882,3672491338,439882,BME280,23.04,713.04,2867.328
2026-06-18 13:22:31.082,3672490538,440082,BME280,23.04,713.04,2867.328
2026-06-18 13:22:31.282,3672490738,440282,BME280,23.04,713.04,2867.328
2026-06-18 13:22:32.482,3672491938,440482,BME280,23.04,713.04,2867.328
2026-06-18 13:22:32.682,3672492138,440682,BME280,23.04,713.04,2867.328
2026-06-18 13:22:32.882,3672492338,440882,BME280,23.04,713.04,2867.328
2026-06-18 13:22:32.082,3672491538,441082,BME280,23.04,713.04,2867.328
2026-06-18 13:22:32.282,3672491738,441282,BME280,23.04,713.04,2867.328
2026-06-18 13:22:33.482,3672492938,441482,BME280,23.04,713.04,2867.328
2026-06-18 13:22:33.682,3672493138,441682,BME280,23.04,713.04,2867.328
2026-06-18 13:22:33.882,3672493338,441882,BME280,23.04,713.04,2867.328
2026-06-18 13:22:33.131,3672492587,442131,BME280,23.04,713.04,2867.328
2026-06-18 13:22:34.331,3672493787,442331,BME280,23.04,713.04,2867.328
2026-06-18 13:22:34.531,3672493987,442531,BME280,23.04,713.04,2867.328
2026-06-18 13:22:34.731,3672494187,442731,BME280,23.04,713.04,2867.328
2026-06-18 13:22:34.931,3672494387,442931,BME280,23.04,713.04,2867.328
2026-06-18 13:22:34.131,3672493587,443131,BME280,23.04,713.04,2867.328
2026-06-18 13:22:35.331,3672494787,443331,BME280,23.04,713.04,2867.328
2026-06-18 13:22:35.531,3672494987,443531,BME280,23.04,713.04,2867.328
2026-06-18 13:22:35.731,3672495187,443731,BME280,23.04,713.04,2867.328
2026-06-18 13:22:35.931,3672495387,443931,BME280,23.04,713.04,2867.328
2026-06-18 13:22:35.131,3672494587,444131,BME280,23.04,713.04,2867.328
2026-06-18 13:22:36.331,3672495787,444331,BME280,23.04,713.04,2867.328
2026-06-18 13:22:36.531,3672495987,444531,BME280,23.04,713.04,2867.328
2026-06-18 13:22:36.731,3672496187,444731,BME280,23.04,713.04,2867.328
2026-06-18 13:22:36.931,3672496387,444931,BME280,23.04,713.04,2867.328
2026-06-18 13:22:36.131,3672495587,445131,BME280,23.04,713.04,2867.328
2026-06-18 13:22:37.331,3672496787,445331,BME280,23.04,713.04,2867.328
2026-06-18 13:22:37.531,3672496987,445531,BME280,23.04,713.04,2867.328
2026-06-18 13:22:37.731,3672497187,445731,BME280,23.04,713.04,2867.328
2026-06-18 13:22:37.931,3672497387,445931,BME280,23.04,713.04,2867.328
2026-06-18 13:22:37.131,3672496587,446131,BME280,23.04,713.04,2867.328
2026-06-18 13:22:38.331,3672497787,446331,BME280,23.04,713.04,2867.328
2026-06-18 13:22:38.331,3672497787,446331,BME280,23.04,713.04,2867.328
2026-06-18 13:22:43.424,3672502880,451424,BME280,23.04,713.04,2867.328
2026-06-18 13:22:43.424,3672502880,451424,BME280,23.04,713.04,2867.328
2026-06-18 13:22:48.515,3672507971,456514,BME280,23.04,713.04,2867.328
2026-06-18 13:22:48.714,3672508170,456714,BME280,23.04,713.04,2867.328
2026-06-18 13:22:48.914,3672508370,456914,BME280,23.04,713.04,2867.328
2026-06-18 13:22:48.114,3672507570,457114,BME280,23.04,713.04,2867.328
2026-06-18 13:22:49.388,3672508844,457388,BME280,23.04,713.04,2867.328
2026-06-18 13:22:49.663,3672509119,457663,BME280,23.04,713.04,2867.328
2026-06-18 13:22:49.863,3672509319,457863,BME280,23.04,713.04,2867.328
2026-06-18 13:22:49.063,3672508519,458063,BME280,23.04,713.04,2867.328
2026-06-18 13:22:49.263,3672508719,458263,BME280,23.04,713.04,2867.328
2026-06-18 13:22:50.463,3672509919,458463,BME280,23.04,713.04,2867.328
2026-06-18 13:22:50.663,3672510119,458663,BME280,23.04,713.04,2867.328
2026-06-18 13:22:50.863,3672510319,458863,BME280,23.04,713.04,2867.328
2026-06-18 13:22:50.063,3672509519,459063,BME280,23.04,713.04,2867.328
2026-06-18 13:22:50.263,3672509719,459263,BME280,23.04,713.04,2867.328
2026-06-18 13:22:51.463,3672510919,459463,BME280,23.04,713.04,2867.328
2026-06-18 13:22:51.663,3672511119,459663,BME280,23.04,713.04,2867.328
2026-06-18 13:22:51.863,3672511319,459863,BME280,23.04,713.04,2867.328
2026-06-18 13:22:51.063,3672510519,460063,BME280,23.04,713.04,2867.328
2026-06-18 13:22:51.263,3672510719,460263,BME280,23.04,713.04,2867.328
2026-06-18 13:22:52.463,3672511919,460463,BME280,23.04,713.04,2867.328
2026-06-18 13:22:52.663,3672512119,460663,BME280,23.04,713.04,2867.328
2026-06-18 13:22:52.863,3672512319,460863,BME280,23.04,713.04,2867.328
2026-06-18 13:22:52.063,3672511519,461063,BME280,23.04,713.04,2867.328
2026-06-18 13:22:52.263,3672511719,461263,BME280,23.04,713.04,2867.328
2026-06-18 13:22:53.463,3672512919,461463,BME280,23.04,713.04,2867.328
2026-06-18 13:22:53.663,3672513119,461663,BME280,23.04,713.04,2867.328
2026-06-18 13:22:53.863,3672513319,461863,BME280,23.04,713.04,2867.328
2026-06-18 13:22:53.063,3672512519,462063,BME280,23.04,713.04,2867.328
2026-06-18 13:22:53.263,3672512719,462263,BME280,23.04,713.04,2867.328
2026-06-18 13:22:54.463,3672513919,462463,BME280,23.04,713.04,2867.328
2026-06-18 13:22:54.663,3672514119,462663,BME280,23.04,713.04,2867.328
2026-06-18 13:22:54.863,3672514319,462863,BME280,23.04,713.04,2867.328
2026-06-18 13:22:54.063,3672513519,463063,BME280,23.04,713.04,2867.328
2026-06-18 13:22:54.263,3672513719,463263,BME280,23.04,713.04,2867.328
2026-06-18 13:22:55.463,3672514919,463463,BME280,23.04,713.04,2867.328
2026-06-18 13:22:55.663,3672515119,463663,BME280,23.04,713.04,2867.328
2026-06-18 13:22:55.863,3672515319,463863,BME280,23.04,713.04,2867.328
2026-06-18 13:22:55.063,3672514519,464063,BME280,23.04,713.04,2867.328
2026-06-18 13:22:55.263,3672514719,464263,BME280,23.04,713.04,2867.328
2026-06-18 13:22:56.463,3672515919,464463,BME280,23.04,713.04,2867.328
2026-06-18 13:22:56.663,3672516119,464663,BME280,23.04,713.04,2867.328
2026-06-18 13:22:56.863,3672516319,464863,BME280,23.04,713.04,2867.328
2026-06-18 13:22:56.063,3672515519,465063,BME280,23.04,713.04,2867.328
2026-06-18 13:22:56.263,3672515719,465263,BME280,23.04,713.04,2867.328
2026-06-18 13:22:57.463,3672516919,465463,BME280,23.04,713.04,2867.328
2026-06-18 13:22:57.663,3672517119,465663,BME280,23.04,713.04,2867.328
2026-06-18 13:22:57.863,3672517319,465863,BME280,23.04,713.04,2867.328
2026-06-18 13:22:57.063,3672516519,466063,BME280,23.04,713.04,2867.328
2026-06-18 13:22:57.263,3672516719,466263,BME280,23.04,713.04,2867.328
2026-06-18 13:22:58.463,3672517919,466463,BME280,23.04,713.04,2867.328
2026-06-18 13:22:58.663,3672518119,466663,BME280,23.04,713.04,2867.328
2026-06-18 13:22:58.863,3672518319,466863,BME280,23.04,713.04,2867.328
2026-06-18 13:22:58.063,3672517519,467063,BME280,23.04,713.04,2867.328
2026-06-18 13:22:58.263,3672517719,467263,BME280,23.04,713.04,2867.328
2026-06-18 13:22:59.463,3672518919,467463,BME280,23.04,713.04,2867.328
2026-06-18 13:22:59.663,3672519119,467663,BME280,23.04,713.04,2867.328
2026-06-18 13:22:59.863,3672519319,467863,BME280,23.04,713.04,2867.328
2026-06-18 13:22:59.063,3672518519,468063,BME280,23.04,713.04,2867.328
2026-06-18 13:22:59.263,3672518719,468263,BME280,23.04,713.04,2867.328
2026-06-18 13:23:00.463,3672519919,468463,BME280,23.04,713.04,2867.328
2026-06-18 13:23:00.663,3672520119,468663,BME280,23.04,713.04,2867.328
2026-06-18 13:23:00.863,3672520319,468863,BME280,23.04,713.04,2867.328
2026-06-18 13:23:00.063,3672519519,469063,BME280,23.04,713.04,2867.328
2026-06-18 13:23:00.263,3672519719,469263,BME280,23.04,713.04,2867.328
2026-06-18 13:23:01.463,3672520919,469463,BME280,23.04,713.04,2867.328
2026-06-18 13:23:01.663,3672521119,469663,BME280,23.04,713.04,2867.328
2026-06-18 13:23:01.863,3672521319,469863,BME280,23.04,713.04,2867.328
2026-06-18 13:23:01.063,3672520519,470063,BME280,23.04,713.04,2867.328
2026-06-18 13:23:01.263,3672520719,470263,BME280,23.04,713.04,2867.328
2026-06-18 13:23:02.463,3672521919,470463,BME280,23.04,713.04,2867.328
2026-06-18 13:23:02.663,3672522119,470663,BME280,23.04,713.04,2867.328
2026-06-18 13:23:02.863,3672522319,470863,BME280,23.04,713.04,2867.328
2026-06-18 13:23:02.063,3672521519,471063,BME280,23.04,713.04,2867.328
2026-06-18 13:23:02.263,3672521719,471263,BME280,23.04,713.04,2867.328
2026-06-18 13:23:03.463,3672522919,471463,BME280,23.04,713.04,2867.328
2026-06-18 13:23:03.663,3672523119,471663,BME280,23.04,713.04,2867.328
2026-06-18 13:23:03.863,3672523319,471863,BME280,23.04,713.04,2867.328
2026-06-18 13:23:03.863,3672523319,471863,BME280,23.04,713.04,2867.328
2026-06-18 13:23:08.992,3672528448,476991,BME280,23.04,713.04,2867.328
2026-06-18 13:23:08.191,3672527647,477191,BME280,23.04,713.04,2867.328
2026-06-18 13:23:09.391,3672528847,477391,BME280,23.04,713.04,2867.328
2026-06-18 13:23:09.670,3672529126,477670,BME280,23.04,713.04,2867.328
2026-06-18 13:23:09.870,3672529326,477870,BME280,23.04,713.04,2867.328
2026-06-18 13:23:09.070,3672528526,478070,BME280,23.04,713.04,2867.328
2026-06-18 13:23:09.270,3672528726,478270,BME280,23.04,713.04,2867.328
2026-06-18 13:23:10.470,3672529926,478470,BME280,23.04,713.04,2867.328
2026-06-18 13:23:10.670,3672530126,478670,BME280,23.04,713.04,2867.328
2026-06-18 13:23:10.870,3672530326,478870,BME280,23.04,713.04,2867.328
2026-06-18 13:23:10.070,3672529526,479070,BME280,23.04,713.04,2867.328
2026-06-18 13:23:10.270,3672529726,479270,BME280,23.04,713.04,2867.328
2026-06-18 13:23:11.470,3672530926,479470,BME280,23.04,713.04,2867.328
2026-06-18 13:23:11.670,3672531126,479670,BME280,23.04,713.04,2867.328
2026-06-18 13:23:11.870,3672531326,479870,BME280,23.04,713.04,2867.328
2026-06-18 13:23:11.070,3672530526,480070,BME280,23.04,713.04,2867.328
2026-06-18 13:23:11.270,3672530726,480270,BME280,23.04,713.04,2867.328
2026-06-18 13:23:12.470,3672531926,480470,BME280,23.04,713.04,2867.328
2026-06-18 13:23:12.670,3672532126,480670,BME280,23.04,713.04,2867.328
2026-06-18 13:23:12.870,3672532326,480870,BME280,23.04,713.04,2867.328
2026-06-18 13:23:12.070,3672531526,481070,BME280,23.04,713.04,2867.328
2026-06-18 13:23:12.270,3672531726,481270,BME280,23.04,713.04,2867.328
2026-06-18 13:23:13.470,3672532926,481470,BME280,23.04,713.04,2867.328
2026-06-18 13:23:13.670,3672533126,481670,BME280,23.04,713.04,2867.328
2026-06-18 13:23:13.870,3672533326,481870,BME280,23.04,713.04,2867.328
2026-06-18 13:23:13.070,3672532526,482070,BME280,23.04,713.04,2867.328
2026-06-18 13:23:13.270,3672532726,482270,BME280,23.04,713.04,2867.328
2026-06-18 13:23:14.470,3672533926,482470,BME280,23.04,713.04,2867.328
2026-06-18 13:23:14.670,3672534126,482670,BME280,23.04,713.04,2867.328
2026-06-18 13:23:14.870,3672534326,482870,BME280,23.04,713.04,2867.328
2026-06-18 13:23:14.070,3672533526,483070,BME280,23.04,713.04,2867.328
2026-06-18 13:23:14.270,3672533726,483270,BME280,23.04,713.04,2867.328
2026-06-18 13:23:15.470,3672534926,483470,BME280,23.04,713.04,2867.328
2026-06-18 13:23:15.670,3672535126,483670,BME280,23.04,713.04,2867.328
2026-06-18 13:23:15.870,3672535326,483870,BME280,23.04,713.04,2867.328
2026-06-18 13:23:15.070,3672534526,484070,BME280,23.04,713.04,2867.328
2026-06-18 13:23:15.270,3672534726,484270,BME280,23.04,713.04,2867.328
2026-06-18 13:23:16.470,3672535926,484470,BME280,23.04,713.04,2867.328
2026-06-18 13:23:16.670,3672536126,484670,BME280,23.04,713.04,2867.328
2026-06-18 13:23:16.870,3672536326,484870,BME280,23.04,713.04,2867.328
2026-06-18 13:23:16.070,3672535526,485070,BME280,23.04,713.04,2867.328
2026-06-18 13:23:16.070,3672535526,485070,BME280,23.04,713.04,2867.328
2026-06-18 13:23:21.155,3672540611,490155,BME280,23.04,713.04,2867.328
2026-06-18 13:23:22.355,3672541811,490355,BME280,23.04,713.04,2867.328
2026-06-18 13:23:22.555,3672542011,490555,BME280,23.04,713.04,2867.328
2026-06-18 13:23:22.755,3672542211,490755,BME280,23.04,713.04,2867.328
2026-06-18 13:23:22.955,3672542411,490955,BME280,23.04,713.04,2867.328
2026-06-18 13:23:22.155,3672541611,491155,BME280,23.04,713.04,2867.328
2026-06-18 13:23:23.355,3672542811,491355,BME280,23.04,713.04,2867.328
2026-06-18 13:23:23.555,3672543011,491555,BME280,23.04,713.04,2867.328
2026-06-18 13:23:23.755,3672543211,491755,BME280,23.04,713.04,2867.328
2026-06-18 13:23:23.955,3672543411,491955,BME280,23.04,713.04,2867.328
2026-06-18 13:23:23.155,3672542611,492155,BME280,23.04,713.04,2867.328
2026-06-18 13:23:24.355,3672543811,492355,BME280,23.04,713.04,2867.328
2026-06-18 13:23:24.555,3672544011,492555,BME280,23.04,713.04,2867.328
2026-06-18 13:23:24.755,3672544211,492755,BME280,23.04,713.04,2867.328
2026-06-18 13:23:24.955,3672544411,492955,BME280,23.04,713.04,2867.328
2026-06-18 13:23:24.155,3672543611,493155,BME280,23.04,713.04,2867.328
2026-06-18 13:23:25.355,3672544811,493355,BME280,23.04,713.04,2867.328
2026-06-18 13:23:25.555,3672545011,493555,BME280,23.04,713.04,2867.328
2026-06-18 13:23:25.755,3672545211,493755,BME280,23.04,713.04,2867.328
2026-06-18 13:23:25.955,3672545411,493955,BME280,23.04,713.04,2867.328
2026-06-18 13:23:25.155,3672544611,494155,BME280,23.04,713.04,2867.328
2026-06-18 13:23:26.355,3672545811,494355,BME280,23.04,713.04,2867.328
2026-06-18 13:23:26.555,3672546011,494555,BME280,23.04,713.04,2867.328
2026-06-18 13:23:26.755,3672546211,494755,BME280,23.04,713.04,2867.328
2026-06-18 13:23:26.955,3672546411,494955,BME280,23.04,713.04,2867.328
2026-06-18 13:23:26.175,3672545631,495175,BME280,23.04,713.04,2867.328
2026-06-18 13:23:27.375,3672546831,495375,BME280,23.04,713.04,2867.328
2026-06-18 13:23:27.575,3672547031,495575,BME280,23.04,713.04,2867.328
2026-06-18 13:23:27.775,3672547231,495775,BME280,23.04,713.04,2867.328
2026-06-18 13:23:27.975,3672547431,495975,BME280,23.04,713.04,2867.328
2026-06-18 13:23:27.175,3672546631,496175,BME280,23.04,713.04,2867.328
2026-06-18 13:23:28.375,3672547831,496375,BME280,23.04,713.04,2867.328
2026-06-18 13:23:28.575,3672548031,496575,BME280,23.04,713.04,2867.328
2026-06-18 13:23:28.775,3672548231,496775,BME280,23.04,713.04,2867.328
2026-06-18 13:23:28.975,3672548431,496975,BME280,23.04,713.04,2867.328
2026-06-18 13:23:28.175,3672547631,497175,BME280,23.04,713.04,2867.328
2026-06-18 13:23:29.375,3672548831,497375,BME280,23.04,713.04,2867.328
2026-06-18 13:23:29.575,3672549031,497575,BME280,23.04,713.04,2867.328
2026-06-18 13:23:29.775,3672549231,497775,BME280,23.04,713.04,2867.328
2026-06-18 13:23:29.975,3672549431,497975,BME280,23.04,713.04,2867.328
2026-06-18 13:23:29.975,3672549431,497975,BME280,23.04,713.04,2867.328
2026-06-18 13:23:34.060,3672553516,503060,BME280,23.04,713.04,2867.328
2026-06-18 13:23:34.260,3672553716,503260,BME280,23.04,713.04,2867.328
2026-06-18 13:23:35.460,3672554916,503460,BME280,23.04,713.04,2867.328
2026-06-18 13:23:35.660,3672555116,503660,BME280,23.04,713.04,2867.328
2026-06-18 13:23:35.860,3672555316,503860,BME280,23.04,713.04,2867.328
2026-06-18 13:23:35.060,3672554516,504060,BME280,23.04,713.04,2867.328
2026-06-18 13:23:35.260,3672554716,504260,BME280,23.04,713.04,2867.328
2026-06-18 13:23:36.460,3672555916,504460,BME280,23.04,713.04,2867.328
2026-06-18 13:23:36.660,3672556116,504660,BME280,23.04,713.04,2867.328
2026-06-18 13:23:36.860,3672556316,504860,BME280,23.04,713.04,2867.328
2026-06-18 13:23:36.060,3672555516,505060,BME280,23.04,713.04,2867.328
2026-06-18 13:23:36.260,3672555716,505260,BME280,23.04,713.04,2867.328
2026-06-18 13:23:37.460,3672556916,505460,BME280,23.04,713.04,2867.328
2026-06-18 13:23:37.660,3672557116,505660,BME280,23.04,713.04,2867.328
2026-06-18 13:23:37.860,3672557316,505860,BME280,23.04,713.04,2867.328
2026-06-18 13:23:37.060,3672556516,506060,BME280,23.04,713.04,2867.328
2026-06-18 13:23:37.260,3672556716,506260,BME280,23.04,713.04,2867.328
2026-06-18 13:23:38.460,3672557916,506460,BME280,23.04,713.04,2867.328
2026-06-18 13:23:38.660,3672558116,506660,BME280,23.04,713.04,2867.328
2026-06-18 13:23:38.860,3672558316,506860,BME280,23.04,713.04,2867.328
2026-06-18 13:23:38.060,3672557516,507060,BME280,23.04,713.04,2867.328
2026-06-18 13:23:38.260,3672557716,507260,BME280,23.04,713.04,2867.328
2026-06-18 13:23:39.460,3672558916,507460,BME280,23.04,713.04,2867.328
2026-06-18 13:23:39.660,3672559116,507660,BME280,23.04,713.04,2867.328
2026-06-18 13:23:39.860,3672559316,507860,BME280,23.04,713.04,2867.328
2026-06-18 13:23:39.060,3672558516,508060,BME280,23.04,713.04,2867.328
2026-06-18 13:23:39.260,3672558716,508260,BME280,23.04,713.04,2867.328
2026-06-18 13:23:40.460,3672559916,508460,BME280,23.04,713.04,2867.328
2026-06-18 13:23:40.660,3672560116,508660,BME280,23.04,713.04,2867.328
2026-06-18 13:23:40.860,3672560316,508860,BME280,23.04,713.04,2867.328
2026-06-18 13:23:40.860,3672560316,508860,BME280,23.04,713.04,2867.328
2026-06-18 13:23:45.985,3672565441,513985,BME280,23.04,713.04,2867.328
2026-06-18 13:23:45.985,3672565441,513985,BME280,23.04,713.04,2867.328
2026-06-18 13:23:50.101,3672569557,519100,BME280,23.04,713.04,2867.328
2026-06-18 13:23:51.300,3672570756,519300,BME280,23.04,713.04,2867.328
2026-06-18 13:23:51.500,3672570956,519500,BME280,23.04,713.04,2867.328
2026-06-18 13:23:51.700,3672571156,519700,BME280,23.04,713.04,2867.328
2026-06-18 13:23:51.900,3672571356,519900,BME280,23.04,713.04,2867.328
2026-06-18 13:23:51.100,3672570556,520100,BME280,23.04,713.04,2867.328
2026-06-18 13:23:52.300,3672571756,520300,BME280,23.04,713.04,2867.328
2026-06-18 13:23:52.500,3672571956,520500,BME280,23.04,713.04,2867.328
2026-06-18 13:23:52.700,3672572156,520700,BME280,23.04,713.04,2867.328
2026-06-18 13:23:52.900,3672572356,520900,BME280,23.04,713.04,2867.328
2026-06-18 13:23:52.100,3672571556,521100,BME280,23.04,713.04,2867.328
2026-06-18 13:23:53.300,3672572756,521300,BME280,23.04,713.04,2867.328
2026-06-18 13:23:53.500,3672572956,521500,BME280,23.04,713.04,2867.328
2026-06-18 13:23:53.700,3672573156,521700,BME280,23.04,713.04,2867.328
2026-06-18 13:23:53.900,3672573356,521900,BME280,23.04,713.04,2867.328
2026-06-18 13:23:53.106,3672572562,522106,BME280,23.04,713.04,2867.328
2026-06-18 13:23:54.306,3672573762,522306,BME280,23.04,713.04,2867.328
2026-06-18 13:23:54.516,3672573972,522516,BME280,23.04,713.04,2867.328
2026-06-18 13:23:54.716,3672574172,522716,BME280,23.04,713.04,2867.328
2026-06-18 13:23:54.916,3672574372,522916,BME280,23.04,713.04,2867.328
2026-06-18 13:23:54.116,3672573572,523116,BME280,23.04,713.04,2867.328
2026-06-18 13:23:55.338,3672574794,523338,BME280,23.04,713.04,2867.328
2026-06-18 13:23:55.538,3672574994,523538,BME280,23.04,713.04,2867.328
2026-06-18 13:23:55.738,3672575194,523738,BME280,23.04,713.04,2867.328
2026-06-18 13:23:55.938,3672575394,523938,BME280,23.04,713.04,2867.328
2026-06-18 13:23:55.138,3672574594,524138,BME280,23.04,713.04,2867.328
2026-06-18 13:23:56.338,3672575794,524338,BME280,23.04,713.04,2867.328
2026-06-18 13:23:56.538,3672575994,524538,BME280,23.04,713.04,2867.328
2026-06-18 13:23:56.738,3672576194,524738,BME280,23.04,713.04,2867.328
2026-06-18 13:23:56.938,3672576394,524938,BME280,23.04,713.04,2867.328
2026-06-18 13:23:56.138,3672575594,525138,BME280,23.04,713.04,2867.328
2026-06-18 13:23:57.338,3672576794,525338,BME280,23.04,713.04,2867.328
2026-06-18 13:23:57.538,3672576994,525538,BME280,23.04,713.04,2867.328
2026-06-18 13:23:57.738,3672577194,525738,BME280,23.04,713.04,2867.328
2026-06-18 13:23:57.938,3672577394,525938,BME280,23.04,713.04,2867.328
2026-06-18 13:23:57.138,3672576594,526138,BME280,23.04,713.04,2867.328
2026-06-18 13:23:58.338,3672577794,526338,BME280,23.04,713.04,2867.328
2026-06-18 13:23:58.538,3672577994,526538,BME280,23.04,713.04,2867.328
2026-06-18 13:23:58.738,3672578194,526738,BME280,23.04,713.04,2867.328
2026-06-18 13:23:58.938,3672578394,526938,BME280,23.04,713.04,2867.328
2026-06-18 13:23:58.138,3672577594,527138,BME280,23.04,713.04,2867.328
2026-06-18 13:23:59.338,3672578794,527338,BME280,23.04,713.04,2867.328
2026-06-18 13:23:59.538,3672578994,527538,BME280,23.04,713.04,2867.328
2026-06-18 13:23:59.738,3672579194,527738,BME280,23.04,713.04,2867.328
2026-06-18 13:23:59.938,3672579394,527938,BME280,23.04,713.04,2867.328
2026-06-18 13:23:59.138,3672578594,528138,BME280,23.04,713.04,2867.328
2026-06-18 13:24:00.338,3672579794,528338,BME280,23.04,713.04,2867.328
2026-06-18 13:24:00.538,3672579994,528538,BME280,23.04,713.04,2867.328
2026-06-18 13:24:00.738,3672580194,528738,BME280,23.04,713.04,2867.328
2026-06-18 13:24:00.938,3672580394,528938,BME280,23.04,713.04,2867.328
2026-06-18 13:24:00.138,3672579594,529138,BME280,23.04,713.04,2867.328
2026-06-18 13:24:01.338,3672580794,529338,BME280,23.04,713.04,2867.328
2026-06-18 13:24:01.538,3672580994,529538,BME280,23.04,713.04,2867.328
2026-06-18 13:24:01.738,3672581194,529738,BME280,23.04,713.04,2867.328
2026-06-18 13:24:01.738,3672581194,529738,BME280,23.04,713.04,2867.328
2026-06-18 13:24:06.825,3672586281,534825,BME280,23.04,713.04,2867.328
2026-06-18 13:24:06.025,3672585481,535025,BME280,23.04,713.04,2867.328
2026-06-18 13:24:06.225,3672585681,535225,BME280,23.04,713.04,2867.328
2026-06-18 13:24:07.425,3672586881,535425,BME280,23.04,713.04,2867.328
2026-06-18 13:24:07.425,3672586881,535425,BME280,23.04,713.04,2867.328
2026-06-18 13:24:12.490,3672591946,540490,BME280,23.04,713.04,2867.328
2026-06-18 13:24:12.490,3672591946,540490,BME280,23.04,713.04,2867.328
2026-06-18 13:24:17.603,3672597059,545603,BME280,23.04,713.04,2867.328
2026-06-18 13:24:17.803,3672597259,545803,BME280,23.04,713.04,2867.328
2026-06-18 13:24:17.003,3672596459,546003,BME280,23.04,713.04,2867.328
2026-06-18 13:24:17.203,3672596659,546203,BME280,23.04,713.04,2867.328
2026-06-18 13:24:18.403,3672597859,546403,BME280,23.04,713.04,2867.328
2026-06-18 13:24:18.603,3672598059,546603,BME280,23.04,713.04,2867.328
2026-06-18 13:24:18.803,3672598259,546803,BME280,23.04,713.04,2867.328
2026-06-18 13:24:18.003,3672597459,547003,BME280,23.04,713.04,2867.328
2026-06-18 13:24:18.203,3672597659,547203,BME280,23.04,713.04,2867.328
2026-06-18 13:24:19.403,3672598859,547403,BME280,23.04,713.04,2867.328
2026-06-18 13:24:19.603,3672599059,547603,BME280,23.04,713.04,2867.328
2026-06-18 13:24:19.803,3672599259,547803,BME280,23.04,713.04,2867.328
2026-06-18 13:24:19.003,3672598459,548003,BME280,23.04,713.04,2867.328
2026-06-18 13:24:19.203,3672598659,548203,BME280,23.04,713.04,2867.328
2026-06-18 13:24:20.403,3672599859,548403,BME280,23.04,713.04,2867.328
2026-06-18 13:24:20.603,3672600059,548603,BME280,23.04,713.04,2867.328
2026-06-18 13:24:20.803,3672600259,548803,BME280,23.04,713.04,2867.328
2026-06-18 13:24:20.003,3672599459,549003,BME280,23.04,713.04,2867.328
2026-06-18 13:24:20.203,3672599659,549203,BME280,23.04,713.04,2867.328
2026-06-18 14:15:00.056,3675639512,103056,BME280,25.32,1007.64,46.814
2026-06-18 14:15:13.053,3675652509,116053,BME280,25.34,1007.67,46.529
2026-06-18 14:15:13.253,3675652709,116253,BME280,25.34,1007.67,46.557
2026-06-18 14:15:13.453,3675652909,116453,BME280,25.34,1007.67,46.557
2026-06-18 14:15:14.653,3675654109,116653,BME280,25.34,1007.67,46.557
2026-06-18 14:15:14.853,3675654309,116853,BME280,25.34,1007.67,46.557
2026-06-18 14:15:14.053,3675653509,117053,BME280,25.34,1007.67,46.557
2026-06-18 14:15:14.253,3675653709,117253,BME280,25.34,1007.66,46.649
2026-06-18 14:15:14.453,3675653909,117453,BME280,25.34,1007.66,46.649
2026-06-18 14:15:15.653,3675655109,117653,BME280,25.34,1007.66,46.649
2026-06-18 14:15:15.653,3675655109,117653,BME280,25.34,1007.66,46.649
2026-06-18 14:15:20.742,3675660198,122742,BME280,25.33,1007.68,46.464
2026-06-18 14:15:20.942,3675660398,122942,BME280,25.33,1007.68,46.464
2026-06-18 14:15:20.142,3675659598,123142,BME280,25.31,1007.63,46.934
2026-06-18 14:15:20.142,3675659598,123142,BME280,25.31,1007.63,46.934
2026-06-18 14:15:25.310,3675664766,128310,BME280,25.31,1007.62,46.991
2026-06-18 14:15:25.517,3675664973,128517,BME280,25.31,1007.62,46.991
2026-06-18 14:15:25.517,3675664973,128517,BME280,25.31,1007.62,46.991
2026-06-18 14:15:31.610,3675671066,133610,BME280,23.04,713.04,2867.328
2026-06-18 14:15:31.810,3675671266,133810,BME280,23.04,713.04,2867.328
2026-06-18 14:15:31.010,3675670466,134010,BME280,23.04,713.04,2867.328
2026-06-18 14:15:31.210,3675670666,134210,BME280,23.04,713.04,2867.328
2026-06-18 14:15:31.410,3675670866,134410,BME280,23.04,713.04,2867.328
2026-06-18 14:15:32.610,3675672066,134610,BME280,23.04,713.04,2867.328
2026-06-18 14:15:32.810,3675672266,134810,BME280,23.04,713.04,2867.328
2026-06-18 14:15:32.810,3675672266,134810,BME280,23.04,713.04,2867.328
2026-06-18 14:15:37.932,3675677388,139932,BME280,23.04,713.04,2867.328
2026-06-18 14:15:37.132,3675676588,140132,BME280,23.04,713.04,2867.328
2026-06-18 14:15:37.332,3675676788,140332,BME280,23.04,713.04,2867.328
2026-06-18 14:15:37.532,3675676988,140532,BME280,23.04,713.04,2867.328
2026-06-18 14:15:38.732,3675678188,140732,BME280,23.04,713.04,2867.328
2026-06-18 14:15:38.932,3675678388,140932,BME280,23.04,713.04,2867.328
2026-06-18 14:15:38.932,3675678388,140932,BME280,23.04,713.04,2867.328
2026-06-18 14:15:43.013,3675682469,146013,BME280,23.04,713.04,2867.328
2026-06-18 14:15:43.213,3675682669,146213,BME280,23.04,713.04,2867.328
2026-06-18 14:15:43.413,3675682869,146413,BME280,23.04,713.04,2867.328
2026-06-18 14:15:44.613,3675684069,146613,BME280,23.04,713.04,2867.328
2026-06-18 14:15:44.813,3675684269,146813,BME280,23.04,713.04,2867.328
2026-06-18 14:15:44.013,3675683469,147013,BME280,23.04,713.04,2867.328
2026-06-18 14:15:44.213,3675683669,147213,BME280,23.04,713.04,2867.328
2026-06-18 14:15:44.413,3675683869,147413,BME280,23.04,713.04,2867.328
2026-06-18 14:15:45.613,3675685069,147613,BME280,23.04,713.04,2867.328
2026-06-18 14:15:45.613,3675685069,147613,BME280,23.04,713.04,2867.328
2026-06-18 14:15:50.748,3675690204,152748,BME280,23.04,713.04,2867.328
2026-06-18 14:15:50.748,3675690204,152748,BME280,23.04,713.04,2867.328
2026-06-18 14:15:55.880,3675695336,157880,BME280,23.04,713.04,2867.328
2026-06-18 14:15:55.080,3675694536,158080,BME280,23.04,713.04,2867.328
2026-06-18 14:15:55.280,3675694736,158280,BME280,23.04,713.04,2867.328
2026-06-18 14:15:55.280,3675694736,158280,BME280,23.04,713.04,2867.328
2026-06-18 14:16:05.324,3675704780,168324,BME280,23.04,713.04,2867.328
2026-06-18 14:16:05.324,3675704780,168324,BME280,23.04,713.04,2867.328
2026-06-18 14:16:10.520,3675709976,173520,BME280,23.04,713.04,2867.328
2026-06-18 14:16:11.720,3675711176,173720,BME280,23.04,713.04,2867.328
2026-06-18 14:16:11.920,3675711376,173920,BME280,23.04,713.04,2867.328
2026-06-18 14:16:11.120,3675710576,174120,BME280,23.04,713.04,2867.328
2026-06-18 14:16:11.320,3675710776,174320,BME280,23.04,713.04,2867.328
2026-06-18 14:16:11.520,3675710976,174520,BME280,23.04,713.04,2867.328
2026-06-18 14:16:12.720,3675712176,174720,BME280,23.04,713.04,2867.328
2026-06-18 14:16:12.920,3675712376,174920,BME280,23.04,713.04,2867.328
2026-06-18 14:16:12.120,3675711576,175120,BME280,23.04,713.04,2867.328
2026-06-18 14:16:12.320,3675711776,175320,BME280,23.04,713.04,2867.328
2026-06-18 14:16:13.563,3675713019,175563,BME280,23.04,713.04,2867.328
2026-06-18 14:16:13.763,3675713219,175763,BME280,23.04,713.04,2867.328
2026-06-18 14:16:13.029,3675712485,176029,BME280,23.04,713.04,2867.328
2026-06-18 14:16:13.271,3675712727,176271,BME280,23.04,713.04,2867.328
2026-06-18 14:16:13.471,3675712927,176471,BME280,23.04,713.04,2867.328
2026-06-18 14:16:14.699,3675714155,176699,BME280,23.04,713.04,2867.328
2026-06-18 14:16:14.899,3675714355,176899,BME280,23.04,713.04,2867.328
2026-06-18 14:16:14.099,3675713555,177099,BME280,23.04,713.04,2867.328
2026-06-18 14:16:14.299,3675713755,177299,BME280,23.04,713.04,2867.328
2026-06-18 14:16:14.499,3675713955,177499,BME280,23.04,713.04,2867.328
2026-06-18 14:16:15.699,3675715155,177699,BME280,23.04,713.04,2867.328
2026-06-18 14:16:15.899,3675715355,177899,BME280,23.04,713.04,2867.328
2026-06-18 14:16:15.099,3675714555,178099,BME280,23.04,713.04,2867.328
2026-06-18 14:16:15.299,3675714755,178299,BME280,23.04,713.04,2867.328
2026-06-18 14:16:16.644,3675716100,178644,BME280,23.04,713.04,2867.328
2026-06-18 14:16:16.850,3675716306,178850,BME280,23.04,713.04,2867.328
2026-06-18 14:16:16.079,3675715535,179079,BME280,23.04,713.04,2867.328
2026-06-18 14:16:16.279,3675715735,179279,BME280,23.04,713.04,2867.328
2026-06-18 14:16:16.479,3675715935,179479,BME280,23.04,713.04,2867.328
2026-06-18 14:16:17.679,3675717135,179679,BME280,23.04,713.04,2867.328
2026-06-18 14:16:17.879,3675717335,179879,BME280,23.04,713.04,2867.328
2026-06-18 14:16:17.079,3675716535,180079,BME280,23.04,713.04,2867.328
2026-06-18 14:16:20.504,3675719960,183504,BME280,23.04,713.04,2867.328
2026-06-18 14:16:21.704,3675721160,183704,BME280,23.04,713.04,2867.328
2026-06-18 14:16:21.904,3675721360,183904,BME280,23.04,713.04,2867.328
2026-06-18 14:16:21.139,3675720595,184139,BME280,23.04,713.04,2867.328
2026-06-18 14:16:21.339,3675720795,184339,BME280,23.04,713.04,2867.328
2026-06-18 14:16:21.539,3675720995,184539,BME280,23.04,713.04,2867.328
2026-06-18 14:16:22.739,3675722195,184739,BME280,23.04,713.04,2867.328
2026-06-18 14:16:22.939,3675722395,184939,BME280,23.04,713.04,2867.328
2026-06-18 14:16:22.139,3675721595,185139,BME280,23.04,713.04,2867.328
2026-06-18 14:16:22.339,3675721795,185339,BME280,23.04,713.04,2867.328
2026-06-18 14:16:22.539,3675721995,185539,BME280,23.04,713.04,2867.328
2026-06-18 14:16:23.800,3675723256,185800,BME280,23.04,713.04,2867.328
2026-06-18 14:16:23.000,3675722456,186000,BME280,23.04,713.04,2867.328
2026-06-18 14:16:23.200,3675722656,186200,BME280,23.04,713.04,2867.328
2026-06-18 14:16:23.400,3675722856,186400,BME280,23.04,713.04,2867.328
2026-06-18 14:16:24.600,3675724056,186600,BME280,23.04,713.04,2867.328
2026-06-18 14:16:24.800,3675724256,186800,BME280,23.04,713.04,2867.328
2026-06-18 14:16:24.000,3675723456,187000,BME280,23.04,713.04,2867.328
2026-06-18 14:16:24.200,3675723656,187200,BME280,23.04,713.04,2867.328
2026-06-18 14:16:24.400,3675723856,187400,BME280,23.04,713.04,2867.328
2026-06-18 14:16:25.600,3675725056,187600,BME280,23.04,713.04,2867.328
2026-06-18 14:16:25.825,3675725281,187825,BME280,23.04,713.04,2867.328
2026-06-18 14:16:25.064,3675724520,188063,BME280,23.04,713.04,2867.328
2026-06-18 14:16:25.263,3675724719,188263,BME280,23.04,713.04,2867.328
2026-06-18 14:16:25.463,3675724919,188463,BME280,23.04,713.04,2867.328
2026-06-18 14:16:29.511,3675728967,192511,BME280,23.04,713.04,2867.328
2026-06-18 14:16:30.711,3675730167,192711,BME280,23.04,713.04,2867.328
2026-06-18 14:16:30.944,3675730400,192944,BME280,23.04,713.04,2867.328
2026-06-18 14:16:30.149,3675729605,193149,BME280,23.04,713.04,2867.328
2026-06-18 14:16:30.349,3675729805,193349,BME280,23.04,713.04,2867.328
2026-06-18 14:16:31.557,3675731013,193557,BME280,23.04,713.04,2867.328
2026-06-18 14:16:31.757,3675731213,193757,BME280,23.04,713.04,2867.328
2026-06-18 14:16:31.957,3675731413,193957,BME280,23.04,713.04,2867.328
2026-06-18 14:16:31.157,3675730613,194157,BME280,23.04,713.04,2867.328
2026-06-18 14:16:31.357,3675730813,194357,BME280,23.04,713.04,2867.328
2026-06-18 14:16:32.557,3675732013,194557,BME280,23.04,713.04,2867.328
2026-06-18 14:16:32.874,3675732330,194874,BME280,23.04,713.04,2867.328
2026-06-18 14:16:32.074,3675731530,195074,BME280,23.04,713.04,2867.328
2026-06-18 14:16:32.420,3675731876,195420,BME280,23.04,713.04,2867.328
2026-06-18 14:16:33.620,3675733076,195620,BME280,23.04,713.04,2867.328
2026-06-18 14:16:33.820,3675733276,195820,BME280,23.04,713.04,2867.328
2026-06-18 14:16:33.020,3675732476,196020,BME280,23.04,713.04,2867.328
2026-06-18 14:16:33.220,3675732676,196220,BME280,23.04,713.04,2867.328
2026-06-18 14:16:33.420,3675732876,196420,BME280,23.04,713.04,2867.328
2026-06-18 14:16:34.631,3675734087,196631,BME280,23.04,713.04,2867.328
2026-06-18 14:16:34.831,3675734287,196831,BME280,23.04,713.04,2867.328
2026-06-18 14:16:34.031,3675733487,197031,BME280,23.04,713.04,2867.328
2026-06-18 14:16:34.231,3675733687,197231,BME280,23.04,713.04,2867.328
2026-06-18 14:16:34.431,3675733887,197431,BME280,23.04,713.04,2867.328
2026-06-18 14:16:35.657,3675735113,197657,BME280,23.04,713.04,2867.328
2026-06-18 14:16:35.857,3675735313,197857,BME280,23.04,713.04,2867.328
2026-06-18 14:16:35.057,3675734513,198057,BME280,23.04,713.04,2867.328
2026-06-18 14:16:35.257,3675734713,198257,BME280,23.04,713.04,2867.328
2026-06-18 14:16:35.457,3675734913,198457,BME280,23.04,713.04,2867.328
2026-06-18 14:16:36.657,3675736113,198657,BME280,23.04,713.04,2867.328
2026-06-18 14:16:36.887,3675736343,198887,BME280,23.04,713.04,2867.328
2026-06-18 14:16:36.087,3675735543,199087,BME280,23.04,713.04,2867.328
2026-06-18 14:16:36.287,3675735743,199287,BME280,23.04,713.04,2867.328
2026-06-18 14:16:36.487,3675735943,199487,BME280,23.04,713.04,2867.328
2026-06-18 14:16:37.687,3675737143,199687,BME280,23.04,713.04,2867.328
2026-06-18 14:16:37.887,3675737343,199887,BME280,23.04,713.04,2867.328
2026-06-18 14:16:38.518,3675737974,201518,BME280,23.04,713.04,2867.328
2026-06-18 14:16:39.718,3675739174,201718,BME280,23.04,713.04,2867.328
2026-06-18 14:16:39.918,3675739374,201918,BME280,23.04,713.04,2867.328
2026-06-18 14:16:39.118,3675738574,202118,BME280,23.04,713.04,2867.328
2026-06-18 14:16:42.204,3675741660,205204,BME280,23.04,713.04,2867.328
2026-06-18 14:16:42.404,3675741860,205404,BME280,23.04,713.04,2867.328
2026-06-18 14:16:43.640,3675743096,205640,BME280,23.04,713.04,2867.328
2026-06-18 14:16:43.840,3675743296,205840,BME280,23.04,713.04,2867.328
2026-06-18 14:16:43.053,3675742509,206053,BME280,23.04,713.04,2867.328
2026-06-18 14:16:43.253,3675742709,206253,BME280,23.04,713.04,2867.328
2026-06-18 14:16:43.453,3675742909,206453,BME280,23.04,713.04,2867.328
2026-06-18 14:16:44.665,3675744121,206665,BME280,23.04,713.04,2867.328
2026-06-18 14:16:44.865,3675744321,206865,BME280,23.04,713.04,2867.328
2026-06-18 14:16:44.065,3675743521,207065,BME280,23.04,713.04,2867.328
2026-06-18 14:16:44.283,3675743739,207283,BME280,23.04,713.04,2867.328
2026-06-18 14:16:44.483,3675743939,207483,BME280,23.04,713.04,2867.328
2026-06-18 14:16:45.683,3675745139,207683,BME280,23.04,713.04,2867.328
2026-06-18 14:16:45.883,3675745339,207883,BME280,23.04,713.04,2867.328
2026-06-18 14:16:45.083,3675744539,208083,BME280,23.04,713.04,2867.328
2026-06-18 14:16:45.283,3675744739,208283,BME280,23.04,713.04,2867.328
2026-06-18 14:16:45.483,3675744939,208483,BME280,23.04,713.04,2867.328
2026-06-18 14:16:46.683,3675746139,208683,BME280,23.04,713.04,2867.328
2026-06-18 14:16:46.883,3675746339,208883,BME280,23.04,713.04,2867.328
2026-06-18 14:16:46.083,3675745539,209083,BME280,23.04,713.04,2867.328
2026-06-18 14:16:46.283,3675745739,209283,BME280,23.04,713.04,2867.328
2026-06-18 14:16:46.483,3675745939,209483,BME280,23.04,713.04,2867.328
2026-06-18 14:16:47.683,3675747139,209683,BME280,23.04,713.04,2867.328
2026-06-18 14:16:47.883,3675747339,209883,BME280,23.04,713.04,2867.328
2026-06-18 14:16:47.083,3675746539,210083,BME280,23.04,713.04,2867.328
2026-06-18 14:16:47.283,3675746739,210283,BME280,23.04,713.04,2867.328
2026-06-18 14:16:47.483,3675746939,210483,BME280,23.04,713.04,2867.328
2026-06-18 14:16:48.683,3675748139,210683,BME280,23.04,713.04,2867.328
2026-06-18 14:16:48.883,3675748339,210883,BME280,23.04,713.04,2867.328
2026-06-18 14:16:48.083,3675747539,211083,BME280,23.04,713.04,2867.328
2026-06-18 14:16:48.283,3675747739,211283,BME280,23.04,713.04,2867.328
2026-06-18 14:16:48.483,3675747939,211483,BME280,23.04,713.04,2867.328
2026-06-18 14:16:49.683,3675749139,211683,BME280,23.04,713.04,2867.328
2026-06-18 14:16:49.883,3675749339,211883,BME280,23.04,713.04,2867.328
2026-06-18 14:16:49.092,3675748548,212092,BME280,23.04,713.04,2867.328
2026-06-18 14:16:49.298,3675748754,212298,BME280,23.04,713.04,2867.328
2026-06-18 14:16:49.498,3675748954,212498,BME280,23.04,713.04,2867.328
2026-06-18 14:16:50.706,3675750162,212706,BME280,23.04,713.04,2867.328
2026-06-18 14:16:50.906,3675750362,212906,BME280,23.04,713.04,2867.328
2026-06-18 14:16:50.106,3675749562,213106,BME280,23.04,713.04,2867.328
2026-06-18 14:16:50.332,3675749788,213332,BME280,23.04,713.04,2867.328
2026-06-18 14:16:50.542,3675749998,213541,BME280,23.04,713.04,2867.328
2026-06-18 14:16:51.741,3675751197,213741,BME280,23.04,713.04,2867.328
2026-06-18 14:16:51.941,3675751397,213941,BME280,23.04,713.04,2867.328
2026-06-18 14:16:51.141,3675750597,214141,BME280,23.04,713.04,2867.328
2026-06-18 14:16:51.341,3675750797,214341,BME280,23.04,713.04,2867.328
2026-06-18 14:16:51.541,3675750997,214541,BME280,23.04,713.04,2867.328
2026-06-18 14:16:52.741,3675752197,214741,BME280,23.04,713.04,2867.328
2026-06-18 14:16:52.941,3675752397,214941,BME280,23.04,713.04,2867.328
2026-06-18 14:16:52.141,3675751597,215141,BME280,23.04,713.04,2867.328
2026-06-18 14:16:52.341,3675751797,215341,BME280,23.04,713.04,2867.328
2026-06-18 14:16:52.541,3675751997,215541,BME280,23.04,713.04,2867.328
2026-06-18 14:16:53.780,3675753236,215780,BME280,23.04,713.04,2867.328
2026-06-18 14:16:53.980,3675753436,215980,BME280,23.04,713.04,2867.328
2026-06-18 14:16:53.180,3675752636,216180,BME280,23.04,713.04,2867.328
2026-06-18 14:16:53.380,3675752836,216380,BME280,23.04,713.04,2867.328
2026-06-18 14:16:54.598,3675754054,216598,BME280,23.04,713.04,2867.328
2026-06-18 14:16:54.798,3675754254,216798,BME280,23.04,713.04,2867.328
2026-06-18 14:16:54.998,3675754454,216998,BME280,23.04,713.04,2867.328
2026-06-18 14:16:54.198,3675753654,217198,BME280,23.04,713.04,2867.328
2026-06-18 14:16:54.398,3675753854,217398,BME280,23.04,713.04,2867.328
2026-06-18 14:16:55.598,3675755054,217598,BME280,23.04,713.04,2867.328
2026-06-18 14:16:55.798,3675755254,217798,BME280,23.04,713.04,2867.328
2026-06-18 14:16:55.998,3675755454,217998,BME280,23.04,713.04,2867.328
2026-06-18 14:16:55.198,3675754654,218198,BME280,23.04,713.04,2867.328
2026-06-18 14:16:55.398,3675754854,218398,BME280,23.04,713.04,2867.328
2026-06-18 14:16:56.598,3675756054,218598,BME280,23.04,713.04,2867.328
2026-06-18 14:16:56.798,3675756254,218798,BME280,23.04,713.04,2867.328
2026-06-18 14:16:56.998,3675756454,218998,BME280,23.04,713.04,2867.328
2026-06-18 14:16:56.198,3675755654,219198,BME280,23.04,713.04,2867.328
2026-06-18 14:16:56.398,3675755854,219398,BME280,23.04,713.04,2867.328
2026-06-18 14:16:57.598,3675757054,219598,BME280,23.04,713.04,2867.328
2026-06-18 14:16:57.798,3675757254,219798,BME280,23.04,713.04,2867.328
2026-06-18 14:16:57.998,3675757454,219998,BME280,23.04,713.04,2867.328
2026-06-18 14:16:57.198,3675756654,220198,BME280,23.04,713.04,2867.328
2026-06-18 14:16:57.398,3675756854,220398,BME280,23.04,713.04,2867.328
2026-06-18 14:16:58.598,3675758054,220598,BME280,23.04,713.04,2867.328
2026-06-18 14:16:58.798,3675758254,220798,BME280,23.04,713.04,2867.328
2026-06-18 14:16:58.998,3675758454,220998,BME280,23.04,713.04,2867.328
2026-06-18 14:16:58.198,3675757654,221198,BME280,23.04,713.04,2867.328
2026-06-18 14:16:58.410,3675757866,221409,BME280,23.04,713.04,2867.328
2026-06-18 14:16:59.609,3675759065,221609,BME280,23.04,713.04,2867.328
2026-06-18 14:16:59.809,3675759265,221809,BME280,23.04,713.04,2867.328
2026-06-18 14:16:59.009,3675758465,222009,BME280,23.04,713.04,2867.328
2026-06-18 14:16:59.209,3675758665,222209,BME280,23.04,713.04,2867.328
2026-06-18 14:16:59.409,3675758865,222409,BME280,23.04,713.04,2867.328
2026-06-18 14:17:00.609,3675760065,222609,BME280,23.04,713.04,2867.328
2026-06-18 14:17:00.809,3675760265,222809,BME280,23.04,713.04,2867.328
2026-06-18 14:17:00.009,3675759465,223009,BME280,23.04,713.04,2867.328
2026-06-18 14:17:00.209,3675759665,223209,BME280,23.04,713.04,2867.328
2026-06-18 14:17:00.409,3675759865,223409,BME280,23.04,713.04,2867.328
2026-06-18 14:17:01.609,3675761065,223609,BME280,23.04,713.04,2867.328
2026-06-18 14:17:01.809,3675761265,223809,BME280,23.04,713.04,2867.328
2026-06-18 14:17:01.009,3675760465,224009,BME280,23.04,713.04,2867.328
2026-06-18 14:17:01.209,3675760665,224209,BME280,23.04,713.04,2867.328
2026-06-18 14:17:01.458,3675760914,224458,BME280,23.04,713.04,2867.328
2026-06-18 14:17:02.658,3675762114,224658,BME280,23.04,713.04,2867.328
2026-06-18 14:17:02.858,3675762314,224858,BME280,23.04,713.04,2867.328
2026-06-18 14:17:02.058,3675761514,225058,BME280,23.04,713.04,2867.328
2026-06-18 14:17:02.258,3675761714,225258,BME280,23.04,713.04,2867.328
2026-06-18 14:17:02.458,3675761914,225458,BME280,23.04,713.04,2867.328
2026-06-18 14:17:03.658,3675763114,225658,BME280,23.04,713.04,2867.328
2026-06-18 14:17:03.858,3675763314,225858,BME280,23.04,713.04,2867.328
2026-06-18 14:17:03.058,3675762514,226058,BME280,23.04,713.04,2867.328
2026-06-18 14:17:03.258,3675762714,226258,BME280,23.04,713.04,2867.328
2026-06-18 14:17:03.458,3675762914,226458,BME280,23.04,713.04,2867.328
2026-06-18 14:17:04.658,3675764114,226658,BME280,23.04,713.04,2867.328
2026-06-18 14:17:04.858,3675764314,226858,BME280,23.04,713.04,2867.328
2026-06-18 14:17:04.058,3675763514,227058,BME280,23.04,713.04,2867.328
2026-06-18 14:17:04.258,3675763714,227258,BME280,23.04,713.04,2867.328
2026-06-18 14:17:04.458,3675763914,227458,BME280,23.04,713.04,2867.328
2026-06-18 14:17:05.659,3675765115,227659,BME280,23.04,713.04,2867.328
2026-06-18 14:17:05.859,3675765315,227859,BME280,23.04,713.04,2867.328
2026-06-18 14:17:05.059,3675764515,228059,BME280,23.04,713.04,2867.328
2026-06-18 14:17:05.059,3675764515,228059,BME280,23.04,713.04,2867.328
2026-06-18 14:17:10.180,3675769636,233180,BME280,23.04,713.04,2867.328
2026-06-18 14:17:10.380,3675769836,233380,BME280,23.04,713.04,2867.328
2026-06-18 14:17:11.580,3675771036,233580,BME280,23.04,713.04,2867.328
2026-06-18 14:17:11.780,3675771236,233780,BME280,23.04,713.04,2867.328
2026-06-18 14:17:11.780,3675771236,233780,BME280,23.04,713.04,2867.328
2026-06-18 14:17:16.846,3675776302,238846,BME280,23.04,713.04,2867.328
2026-06-18 14:17:16.046,3675775502,239046,BME280,23.04,713.04,2867.328
2026-06-18 14:17:16.246,3675775702,239246,BME280,23.04,713.04,2867.328
2026-06-18 14:17:16.446,3675775902,239446,BME280,23.04,713.04,2867.328
2026-06-18 14:17:17.646,3675777102,239646,BME280,23.04,713.04,2867.328
2026-06-18 14:17:17.846,3675777302,239846,BME280,23.04,713.04,2867.328
2026-06-18 14:17:17.046,3675776502,240046,BME280,23.04,713.04,2867.328
2026-06-18 14:17:17.246,3675776702,240246,BME280,23.04,713.04,2867.328
2026-06-18 14:17:17.446,3675776902,240446,BME280,23.04,713.04,2867.328
2026-06-18 14:17:17.446,3675776902,240446,BME280,23.04,713.04,2867.328
2026-06-18 14:17:23.544,3675783000,245543,BME280,23.04,713.04,2867.328
2026-06-18 14:17:23.743,3675783199,245743,BME280,23.04,713.04,2867.328
2026-06-18 14:17:23.943,3675783399,245943,BME280,23.04,713.04,2867.328
2026-06-18 14:17:23.143,3675782599,246143,BME280,23.04,713.04,2867.328
2026-06-18 14:17:23.143,3675782599,246143,BME280,23.04,713.04,2867.328
2026-06-18 14:17:28.296,3675787752,251296,BME280,23.04,713.04,2867.328
2026-06-18 14:17:28.496,3675787952,251496,BME280,23.04,713.04,2867.328
2026-06-18 14:17:29.696,3675789152,251696,BME280,23.04,713.04,2867.328
2026-06-18 14:17:29.896,3675789352,251896,BME280,23.04,713.04,2867.328
2026-06-18 14:17:29.096,3675788552,252096,BME280,23.04,713.04,2867.328
2026-06-18 14:17:29.096,3675788552,252096,BME280,23.04,713.04,2867.328
2026-06-18 14:17:35.624,3675795080,257624,BME280,23.04,713.04,2867.328
2026-06-18 14:17:35.824,3675795280,257824,BME280,23.04,713.04,2867.328
2026-06-18 14:17:35.024,3675794480,258024,BME280,23.04,713.04,2867.328
2026-06-18 14:17:35.024,3675794480,258024,BME280,23.04,713.04,2867.328
2026-06-18 14:17:40.138,3675799594,263138,BME280,23.04,713.04,2867.328
2026-06-18 14:17:40.138,3675799594,263138,BME280,23.04,713.04,2867.328
2026-06-18 14:17:45.228,3675804684,268227,BME280,23.04,713.04,2867.328
2026-06-18 14:17:45.228,3675804684,268227,BME280,23.04,713.04,2867.328
2026-06-18 14:17:50.361,3675809817,273361,BME280,23.04,713.04,2867.328
2026-06-18 14:17:51.561,3675811017,273561,BME280,23.04,713.04,2867.328
2026-06-18 14:17:51.761,3675811217,273761,BME280,23.04,713.04,2867.328
2026-06-18 14:17:51.961,3675811417,273961,BME280,23.04,713.04,2867.328
2026-06-18 14:17:51.161,3675810617,274161,BME280,23.04,713.04,2867.328
2026-06-18 14:17:51.361,3675810817,274361,BME280,23.04,713.04,2867.328
2026-06-18 14:17:52.561,3675812017,274561,BME280,23.04,713.04,2867.328
2026-06-18 14:17:52.761,3675812217,274761,BME280,23.04,713.04,2867.328
2026-06-18 14:17:52.961,3675812417,274961,BME280,23.04,713.04,2867.328
2026-06-18 14:17:52.161,3675811617,275161,BME280,23.04,713.04,2867.328
2026-06-18 14:17:52.361,3675811817,275361,BME280,23.04,713.04,2867.328
2026-06-18 14:17:53.561,3675813017,275561,BME280,23.04,713.04,2867.328
2026-06-18 14:17:53.761,3675813217,275761,BME280,23.04,713.04,2867.328
2026-06-18 14:17:53.761,3675813217,275761,BME280,23.04,713.04,2867.328
2026-06-18 14:17:58.822,3675818278,280822,BME280,23.04,713.04,2867.328
2026-06-18 14:17:58.022,3675817478,281022,BME280,23.04,713.04,2867.328
2026-06-18 14:17:58.222,3675817678,281222,BME280,23.04,713.04,2867.328
2026-06-18 14:17:58.222,3675817678,281222,BME280,23.04,713.04,2867.328
2026-06-18 14:18:03.359,3675822815,286359,BME280,23.04,713.04,2867.328
2026-06-18 14:18:04.559,3675824015,286559,BME280,23.04,713.04,2867.328
2026-06-18 14:18:04.759,3675824215,286759,BME280,23.04,713.04,2867.328
2026-06-18 14:18:04.959,3675824415,286959,BME280,23.04,713.04,2867.328
2026-06-18 14:18:04.159,3675823615,287159,BME280,23.04,713.04,2867.328
2026-06-18 14:18:04.359,3675823815,287359,BME280,23.04,713.04,2867.328
2026-06-18 14:18:05.559,3675825015,287559,BME280,23.04,713.04,2867.328
2026-06-18 14:18:05.759,3675825215,287759,BME280,23.04,713.04,2867.328
2026-06-18 14:18:05.063,3675824519,288063,BME280,23.04,713.04,2867.328
2026-06-18 14:18:05.263,3675824719,288263,BME280,23.04,713.04,2867.328
2026-06-18 14:18:05.463,3675824919,288463,BME280,23.04,713.04,2867.328
2026-06-18 14:18:06.663,3675826119,288663,BME280,23.04,713.04,2867.328
2026-06-18 14:18:06.863,3675826319,288863,BME280,23.04,713.04,2867.328
2026-06-18 14:18:06.063,3675825519,289063,BME280,23.04,713.04,2867.328
2026-06-18 14:18:06.263,3675825719,289263,BME280,23.04,713.04,2867.328
2026-06-18 14:18:06.463,3675825919,289463,BME280,23.04,713.04,2867.328
2026-06-18 14:18:07.663,3675827119,289663,BME280,23.04,713.04,2867.328
2026-06-18 14:18:07.863,3675827319,289863,BME280,23.04,713.04,2867.328
2026-06-18 14:18:07.863,3675827319,289863,BME280,23.04,713.04,2867.328
2026-06-18 14:18:12.069,3675831525,295069,BME280,23.04,713.04,2867.328
2026-06-18 14:18:12.269,3675831725,295269,BME280,23.04,713.04,2867.328
2026-06-18 14:18:12.469,3675831925,295469,BME280,23.04,713.04,2867.328
2026-06-18 14:18:13.669,3675833125,295669,BME280,23.04,713.04,2867.328
2026-06-18 14:18:13.869,3675833325,295869,BME280,23.04,713.04,2867.328
2026-06-18 14:18:13.203,3675832659,296203,BME280,23.04,713.04,2867.328
2026-06-18 14:18:13.203,3675832659,296203,BME280,23.04,713.04,2867.328
2026-06-18 14:18:21.232,3675840688,304232,BME280,23.04,713.04,2867.328
2026-06-18 14:18:21.232,3675840688,304232,BME280,23.04,713.04,2867.328
2026-06-18 14:18:26.346,3675845802,309345,BME280,23.04,713.04,2867.328
2026-06-18 14:18:27.545,3675847001,309545,BME280,23.04,713.04,2867.328
2026-06-18 14:18:27.745,3675847201,309745,BME280,23.04,713.04,2867.328
2026-06-18 14:18:27.945,3675847401,309945,BME280,23.04,713.04,2867.328
2026-06-18 14:18:27.945,3675847401,309945,BME280,23.04,713.04,2867.328
2026-06-18 14:18:32.110,3675851566,315110,BME280,23.04,713.04,2867.328
2026-06-18 14:18:32.310,3675851766,315310,BME280,23.04,713.04,2867.328
2026-06-18 14:18:32.310,3675851766,315310,BME280,23.04,713.04,2867.328
2026-06-18 14:18:37.432,3675856888,320432,BME280,23.04,713.04,2867.328
2026-06-18 14:18:37.432,3675856888,320432,BME280,23.04,713.04,2867.328
2026-06-18 14:18:43.544,3675863000,325544,BME280,23.04,713.04,2867.328
2026-06-18 14:18:43.744,3675863200,325744,BME280,23.04,713.04,2867.328
2026-06-18 14:18:43.944,3675863400,325944,BME280,23.04,713.04,2867.328
2026-06-18 14:18:43.144,3675862600,326144,BME280,23.04,713.04,2867.328
2026-06-18 14:18:43.144,3675862600,326144,BME280,23.04,713.04,2867.328
2026-06-18 14:18:48.281,3675867737,331281,BME280,23.04,713.04,2867.328
2026-06-18 14:18:48.481,3675867937,331481,BME280,23.04,713.04,2867.328
2026-06-18 14:18:49.681,3675869137,331681,BME280,23.04,713.04,2867.328
2026-06-18 14:18:49.881,3675869337,331881,BME280,23.04,713.04,2867.328
2026-06-18 14:18:49.081,3675868537,332081,BME280,23.04,713.04,2867.328
2026-06-18 14:18:49.281,3675868737,332281,BME280,23.04,713.04,2867.328
2026-06-18 14:18:49.481,3675868937,332481,BME280,23.04,713.04,2867.328
2026-06-18 14:18:50.681,3675870137,332681,BME280,23.04,713.04,2867.328
2026-06-18 14:18:50.881,3675870337,332881,BME280,23.04,713.04,2867.328
2026-06-18 14:18:50.081,3675869537,333081,BME280,23.04,713.04,2867.328
2026-06-18 14:18:50.281,3675869737,333281,BME280,23.04,713.04,2867.328
2026-06-18 14:18:50.481,3675869937,333481,BME280,23.04,713.04,2867.328
2026-06-18 14:18:51.681,3675871137,333681,BME280,23.04,713.04,2867.328
2026-06-18 14:18:51.881,3675871337,333881,BME280,23.04,713.04,2867.328
2026-06-18 14:18:51.081,3675870537,334081,BME280,23.04,713.04,2867.328
2026-06-18 14:18:51.281,3675870737,334281,BME280,23.04,713.04,2867.328
2026-06-18 14:18:51.481,3675870937,334481,BME280,23.04,713.04,2867.328
2026-06-18 14:18:52.681,3675872137,334681,BME280,23.04,713.04,2867.328
2026-06-18 14:18:52.881,3675872337,334881,BME280,23.04,713.04,2867.328
2026-06-18 14:18:52.081,3675871537,335081,BME280,23.04,713.04,2867.328
2026-06-18 14:18:52.281,3675871737,335281,BME280,23.04,713.04,2867.328
2026-06-18 14:18:52.481,3675871937,335481,BME280,23.04,713.04,2867.328
2026-06-18 14:18:53.681,3675873137,335681,BME280,23.04,713.04,2867.328
2026-06-18 14:18:53.881,3675873337,335881,BME280,23.04,713.04,2867.328
2026-06-18 14:18:53.081,3675872537,336081,BME280,23.04,713.04,2867.328
2026-06-18 14:18:53.281,3675872737,336281,BME280,23.04,713.04,2867.328
2026-06-18 14:18:53.481,3675872937,336481,BME280,23.04,713.04,2867.328
2026-06-18 14:18:54.681,3675874137,336681,BME280,23.04,713.04,2867.328
2026-06-18 14:18:54.881,3675874337,336881,BME280,23.04,713.04,2867.328
2026-06-18 14:18:54.081,3675873537,337081,BME280,23.04,713.04,2867.328
2026-06-18 14:18:54.281,3675873737,337281,BME280,23.04,713.04,2867.328
2026-06-18 14:18:54.481,3675873937,337481,BME280,23.04,713.04,2867.328
2026-06-18 14:18:55.681,3675875137,337681,BME280,23.04,713.04,2867.328
2026-06-18 14:18:55.881,3675875337,337881,BME280,23.04,713.04,2867.328
2026-06-18 14:18:55.081,3675874537,338081,BME280,23.04,713.04,2867.328
2026-06-18 14:18:55.281,3675874737,338281,BME280,23.04,713.04,2867.328
2026-06-18 14:18:55.481,3675874937,338481,BME280,23.04,713.04,2867.328
2026-06-18 14:18:56.681,3675876137,338681,BME280,23.04,713.04,2867.328
2026-06-18 14:18:56.881,3675876337,338881,BME280,23.04,713.04,2867.328
2026-06-18 14:18:56.081,3675875537,339081,BME280,23.04,713.04,2867.328
2026-06-18 14:18:56.281,3675875737,339281,BME280,23.04,713.04,2867.328
2026-06-18 14:18:56.481,3675875937,339481,BME280,23.04,713.04,2867.328
2026-06-18 14:18:57.681,3675877137,339681,BME280,23.04,713.04,2867.328
2026-06-18 14:18:57.881,3675877337,339881,BME280,23.04,713.04,2867.328
2026-06-18 14:18:57.081,3675876537,340081,BME280,23.04,713.04,2867.328
2026-06-18 14:18:57.281,3675876737,340281,BME280,23.04,713.04,2867.328
2026-06-18 14:18:57.481,3675876937,340481,BME280,23.04,713.04,2867.328
2026-06-18 14:18:58.681,3675878137,340681,BME280,23.04,713.04,2867.328
2026-06-18 14:18:58.881,3675878337,340881,BME280,23.04,713.04,2867.328
2026-06-18 14:18:58.094,3675877550,341094,BME280,23.04,713.04,2867.328
2026-06-18 14:18:58.294,3675877750,341294,BME280,23.04,713.04,2867.328
2026-06-18 14:18:58.494,3675877950,341494,BME280,23.04,713.04,2867.328
2026-06-18 14:18:59.694,3675879150,341694,BME280,23.04,713.04,2867.328
2026-06-18 14:18:59.894,3675879350,341894,BME280,23.04,713.04,2867.328
2026-06-18 14:18:59.094,3675878550,342094,BME280,23.04,713.04,2867.328
2026-06-18 14:18:59.294,3675878750,342294,BME280,23.04,713.04,2867.328
2026-06-18 14:18:59.494,3675878950,342494,BME280,23.04,713.04,2867.328
2026-06-18 14:19:00.694,3675880150,342694,BME280,23.04,713.04,2867.328
2026-06-18 14:19:00.894,3675880350,342894,BME280,23.04,713.04,2867.328
2026-06-18 14:19:00.094,3675879550,343094,BME280,23.04,713.04,2867.328
2026-06-18 14:19:00.294,3675879750,343294,BME280,23.04,713.04,2867.328
2026-06-18 14:19:00.494,3675879950,343494,BME280,23.04,713.04,2867.328
2026-06-18 14:19:01.694,3675881150,343694,BME280,23.04,713.04,2867.328
2026-06-18 14:19:01.894,3675881350,343894,BME280,23.04,713.04,2867.328
2026-06-18 14:19:01.095,3675880551,344095,BME280,23.04,713.04,2867.328
2026-06-18 14:19:01.295,3675880751,344295,BME280,23.04,713.04,2867.328
2026-06-18 14:19:01.495,3675880951,344495,BME280,23.04,713.04,2867.328
2026-06-18 14:19:02.695,3675882151,344695,BME280,23.04,713.04,2867.328
2026-06-18 14:19:02.895,3675882351,344895,BME280,23.04,713.04,2867.328
2026-06-18 14:19:02.095,3675881551,345095,BME280,23.04,713.04,2867.328
2026-06-18 14:19:02.295,3675881751,345295,BME280,23.04,713.04,2867.328
2026-06-18 14:19:02.495,3675881951,345495,BME280,23.04,713.04,2867.328
2026-06-18 14:19:03.695,3675883151,345695,BME280,23.04,713.04,2867.328
2026-06-18 14:19:03.895,3675883351,345895,BME280,23.04,713.04,2867.328
2026-06-18 14:19:03.095,3675882551,346095,BME280,23.04,713.04,2867.328
2026-06-18 14:19:03.295,3675882751,346295,BME280,23.04,713.04,2867.328
2026-06-18 14:19:03.495,3675882951,346495,BME280,23.04,713.04,2867.328
2026-06-18 14:19:04.695,3675884151,346695,BME280,23.04,713.04,2867.328
2026-06-18 14:19:04.895,3675884351,346895,BME280,23.04,713.04,2867.328
2026-06-18 14:19:04.095,3675883551,347095,BME280,23.04,713.04,2867.328
2026-06-18 14:19:04.295,3675883751,347295,BME280,23.04,713.04,2867.328
2026-06-18 14:19:04.495,3675883951,347495,BME280,23.04,713.04,2867.328
2026-06-18 14:19:05.695,3675885151,347695,BME280,23.04,713.04,2867.328
2026-06-18 14:19:05.895,3675885351,347895,BME280,23.04,713.04,2867.328
2026-06-18 14:19:05.095,3675884551,348095,BME280,23.04,713.04,2867.328
2026-06-18 14:19:05.295,3675884751,348295,BME280,23.04,713.04,2867.328
2026-06-18 14:19:05.495,3675884951,348495,BME280,23.04,713.04,2867.328
2026-06-18 14:19:06.695,3675886151,348695,BME280,23.04,713.04,2867.328
2026-06-18 14:19:06.895,3675886351,348895,BME280,23.04,713.04,2867.328
2026-06-18 14:19:06.095,3675885551,349095,BME280,23.04,713.04,2867.328
2026-06-18 14:19:06.295,3675885751,349295,BME280,23.04,713.04,2867.328
2026-06-18 14:19:06.495,3675885951,349495,BME280,23.04,713.04,2867.328
2026-06-18 14:19:07.695,3675887151,349695,BME280,23.04,713.04,2867.328
2026-06-18 14:19:07.895,3675887351,349895,BME280,23.04,713.04,2867.328
2026-06-18 14:19:07.095,3675886551,350095,BME280,23.04,713.04,2867.328
2026-06-18 14:19:07.295,3675886751,350295,BME280,23.04,713.04,2867.328
2026-06-18 14:19:07.495,3675886951,350495,BME280,23.04,713.04,2867.328
2026-06-18 14:19:08.695,3675888151,350695,BME280,23.04,713.04,2867.328
2026-06-18 14:19:08.895,3675888351,350895,BME280,23.04,713.04,2867.328
2026-06-18 14:19:08.095,3675887551,351095,BME280,23.04,713.04,2867.328
2026-06-18 14:19:08.295,3675887751,351295,BME280,23.04,713.04,2867.328
2026-06-18 14:19:08.495,3675887951,351495,BME280,23.04,713.04,2867.328
2026-06-18 14:19:09.695,3675889151,351695,BME280,23.04,713.04,2867.328
2026-06-18 14:19:09.895,3675889351,351895,BME280,23.04,713.04,2867.328
2026-06-18 14:19:09.095,3675888551,352095,BME280,23.04,713.04,2867.328
2026-06-18 14:19:09.295,3675888751,352295,BME280,23.04,713.04,2867.328
2026-06-18 14:19:09.495,3675888951,352495,BME280,23.04,713.04,2867.328
2026-06-18 14:19:10.695,3675890151,352695,BME280,23.04,713.04,2867.328
2026-06-18 14:19:10.895,3675890351,352895,BME280,23.04,713.04,2867.328
2026-06-18 14:19:10.095,3675889551,353095,BME280,23.04,713.04,2867.328
2026-06-18 14:19:10.295,3675889751,353295,BME280,23.04,713.04,2867.328
2026-06-18 14:19:10.495,3675889951,353495,BME280,23.04,713.04,2867.328
2026-06-18 14:19:11.695,3675891151,353695,BME280,23.04,713.04,2867.328
2026-06-18 14:19:11.895,3675891351,353895,BME280,23.04,713.04,2867.328
2026-06-18 14:19:11.095,3675890551,354095,BME280,23.04,713.04,2867.328
2026-06-18 14:19:11.295,3675890751,354295,BME280,23.04,713.04,2867.328
2026-06-18 14:19:11.495,3675890951,354495,BME280,23.04,713.04,2867.328
2026-06-18 14:19:12.695,3675892151,354695,BME280,23.04,713.04,2867.328
2026-06-18 14:19:12.895,3675892351,354895,BME280,23.04,713.04,2867.328
2026-06-18 14:19:12.095,3675891551,355095,BME280,23.04,713.04,2867.328
2026-06-18 14:19:12.295,3675891751,355295,BME280,23.04,713.04,2867.328
2026-06-18 14:19:12.495,3675891951,355495,BME280,23.04,713.04,2867.328
2026-06-18 14:19:13.695,3675893151,355695,BME280,23.04,713.04,2867.328
2026-06-18 14:19:13.895,3675893351,355895,BME280,23.04,713.04,2867.328
2026-06-18 14:19:13.095,3675892551,356095,BME280,23.04,713.04,2867.328
2026-06-18 14:19:13.295,3675892751,356295,BME280,23.04,713.04,2867.328
2026-06-18 14:19:13.495,3675892951,356495,BME280,23.04,713.04,2867.328
2026-06-18 14:19:14.695,3675894151,356695,BME280,23.04,713.04,2867.328
2026-06-18 14:19:14.895,3675894351,356895,BME280,23.04,713.04,2867.328
2026-06-18 14:19:14.095,3675893551,357095,BME280,23.04,713.04,2867.328
2026-06-18 14:19:14.295,3675893751,357295,BME280,23.04,713.04,2867.328
2026-06-18 14:19:14.495,3675893951,357495,BME280,23.04,713.04,2867.328
2026-06-18 14:19:15.695,3675895151,357695,BME280,23.04,713.04,2867.328
2026-06-18 14:19:15.895,3675895351,357895,BME280,23.04,713.04,2867.328
2026-06-18 14:19:15.095,3675894551,358095,BME280,23.04,713.04,2867.328
2026-06-18 14:19:15.295,3675894751,358295,BME280,23.04,713.04,2867.328
2026-06-18 14:19:15.495,3675894951,358495,BME280,23.04,713.04,2867.328
2026-06-18 14:19:16.695,3675896151,358695,BME280,23.04,713.04,2867.328
2026-06-18 14:19:16.895,3675896351,358895,BME280,23.04,713.04,2867.328
2026-06-18 14:19:16.095,3675895551,359095,BME280,23.04,713.04,2867.328
2026-06-18 14:19:16.295,3675895751,359295,BME280,23.04,713.04,2867.328
2026-06-18 14:19:16.495,3675895951,359495,BME280,23.04,713.04,2867.328
2026-06-18 14:19:17.695,3675897151,359695,BME280,23.04,713.04,2867.328
2026-06-18 14:19:17.895,3675897351,359895,BME280,23.04,713.04,2867.328
2026-06-18 14:19:17.095,3675896551,360095,BME280,23.04,713.04,2867.328
2026-06-18 14:19:17.295,3675896751,360295,BME280,23.04,713.04,2867.328
2026-06-18 14:19:17.495,3675896951,360495,BME280,23.04,713.04,2867.328
2026-06-18 14:19:18.695,3675898151,360695,BME280,23.04,713.04,2867.328
2026-06-18 14:19:18.895,3675898351,360895,BME280,23.04,713.04,2867.328
2026-06-18 14:19:18.095,3675897551,361095,BME280,23.04,713.04,2867.328
2026-06-18 14:19:18.295,3675897751,361295,BME280,23.04,713.04,2867.328
2026-06-18 14:19:18.495,3675897951,361495,BME280,23.04,713.04,2867.328
2026-06-18 14:19:19.695,3675899151,361695,BME280,23.04,713.04,2867.328
2026-06-18 14:19:19.895,3675899351,361895,BME280,23.04,713.04,2867.328
2026-06-18 14:19:19.095,3675898551,362095,BME280,23.04,713.04,2867.328
2026-06-18 14:19:19.295,3675898751,362295,BME280,23.04,713.04,2867.328
2026-06-18 14:19:19.495,3675898951,362495,BME280,23.04,713.04,2867.328
2026-06-18 14:19:20.695,3675900151,362695,BME280,23.04,713.04,2867.328
2026-06-18 14:19:20.895,3675900351,362895,BME280,23.04,713.04,2867.328
2026-06-18 14:19:20.095,3675899551,363095,BME280,23.04,713.04,2867.328
2026-06-18 14:19:20.295,3675899751,363295,BME280,23.04,713.04,2867.328
2026-06-18 14:19:20.495,3675899951,363495,BME280,23.04,713.04,2867.328
2026-06-18 14:19:21.695,3675901151,363695,BME280,23.04,713.04,2867.328
2026-06-18 14:19:21.895,3675901351,363895,BME280,23.04,713.04,2867.328
2026-06-18 14:19:21.095,3675900551,364095,BME280,23.04,713.04,2867.328
2026-06-18 14:19:21.295,3675900751,364295,BME280,23.04,713.04,2867.328
2026-06-18 14:19:21.495,3675900951,364495,BME280,23.04,713.04,2867.328
2026-06-18 14:19:22.695,3675902151,364695,BME280,23.04,713.04,2867.328
2026-06-18 14:19:22.895,3675902351,364895,BME280,23.04,713.04,2867.328
2026-06-18 14:19:22.095,3675901551,365095,BME280,23.04,713.04,2867.328
2026-06-18 14:19:22.304,3675901760,365304,BME280,23.04,713.04,2867.328
2026-06-18 14:19:22.504,3675901960,365504,BME280,23.04,713.04,2867.328
2026-06-18 14:19:23.704,3675903160,365704,BME280,23.04,713.04,2867.328
2026-06-18 14:19:23.904,3675903360,365904,BME280,23.04,713.04,2867.328
2026-06-18 14:19:23.104,3675902560,366104,BME280,23.04,713.04,2867.328
2026-06-18 14:19:23.304,3675902760,366304,BME280,23.04,713.04,2867.328
2026-06-18 14:19:23.504,3675902960,366504,BME280,23.04,713.04,2867.328
2026-06-18 14:19:24.704,3675904160,366704,BME280,23.04,713.04,2867.328
2026-06-18 14:19:24.904,3675904360,366904,BME280,23.04,713.04,2867.328
2026-06-18 14:19:24.104,3675903560,367104,BME280,23.04,713.04,2867.328
2026-06-18 14:19:24.304,3675903760,367304,BME280,23.04,713.04,2867.328
2026-06-18 14:19:24.504,3675903960,367504,BME280,23.04,713.04,2867.328
2026-06-18 14:19:25.800,3675905256,367800,BME280,23.04,713.04,2867.328
2026-06-18 14:19:28.134,3675907590,371133,BME280,23.04,713.04,2867.328
2026-06-18 14:19:28.333,3675907789,371333,BME280,23.04,713.04,2867.328
2026-06-18 14:19:28.533,3675907989,371533,BME280,23.04,713.04,2867.328
2026-06-18 14:19:29.733,3675909189,371733,BME280,23.04,713.04,2867.328
2026-06-18 14:19:29.933,3675909389,371933,BME280,23.04,713.04,2867.328
2026-06-18 14:19:29.133,3675908589,372133,BME280,23.04,713.04,2867.328
2026-06-18 14:19:29.333,3675908789,372333,BME280,23.04,713.04,2867.328
2026-06-18 14:19:29.533,3675908989,372533,BME280,23.04,713.04,2867.328
2026-06-18 14:19:30.733,3675910189,372733,BME280,23.04,713.04,2867.328
2026-06-18 14:19:30.933,3675910389,372933,BME280,23.04,713.04,2867.328
2026-06-18 14:19:30.133,3675909589,373133,BME280,23.04,713.04,2867.328
2026-06-18 14:19:30.333,3675909789,373333,BME280,23.04,713.04,2867.328
2026-06-18 14:19:30.533,3675909989,373533,BME280,23.04,713.04,2867.328
2026-06-18 14:19:31.733,3675911189,373733,BME280,23.04,713.04,2867.328
2026-06-18 14:19:31.933,3675911389,373933,BME280,23.04,713.04,2867.328
2026-06-18 14:19:31.133,3675910589,374133,BME280,23.04,713.04,2867.328
2026-06-18 14:19:31.333,3675910789,374333,BME280,23.04,713.04,2867.328
2026-06-18 14:19:31.533,3675910989,374533,BME280,23.04,713.04,2867.328
2026-06-18 14:19:32.733,3675912189,374733,BME280,23.04,713.04,2867.328
2026-06-18 14:19:32.933,3675912389,374933,BME280,23.04,713.04,2867.328
2026-06-18 14:19:32.133,3675911589,375133,BME280,23.04,713.04,2867.328
2026-06-18 14:19:32.333,3675911789,375333,BME280,23.04,713.04,2867.328
2026-06-18 14:19:32.533,3675911989,375533,BME280,23.04,713.04,2867.328
2026-06-18 14:19:33.733,3675913189,375733,BME280,23.04,713.04,2867.328
2026-06-18 14:19:33.933,3675913389,375933,BME280,23.04,713.04,2867.328
2026-06-18 14:19:33.133,3675912589,376133,BME280,23.04,713.04,2867.328
2026-06-18 14:19:33.333,3675912789,376333,BME280,23.04,713.04,2867.328
2026-06-18 14:19:33.533,3675912989,376533,BME280,23.04,713.04,2867.328
2026-06-18 14:19:34.733,3675914189,376733,BME280,23.04,713.04,2867.328
2026-06-18 14:19:34.933,3675914389,376933,BME280,23.04,713.04,2867.328
2026-06-18 14:19:34.133,3675913589,377133,BME280,23.04,713.04,2867.328
2026-06-18 14:19:34.333,3675913789,377333,BME280,23.04,713.04,2867.328
2026-06-18 14:19:34.533,3675913989,377533,BME280,23.04,713.04,2867.328
2026-06-18 14:19:35.733,3675915189,377733,BME280,23.04,713.04,2867.328
2026-06-18 14:19:35.933,3675915389,377933,BME280,23.04,713.04,2867.328
2026-06-18 14:19:35.133,3675914589,378133,BME280,23.04,713.04,2867.328
2026-06-18 14:19:35.333,3675914789,378333,BME280,23.04,713.04,2867.328
2026-06-18 14:19:35.533,3675914989,378533,BME280,23.04,713.04,2867.328
2026-06-18 14:19:36.733,3675916189,378733,BME280,23.04,713.04,2867.328
2026-06-18 14:19:36.933,3675916389,378933,BME280,23.04,713.04,2867.328
2026-06-18 14:19:36.133,3675915589,379133,BME280,23.04,713.04,2867.328
2026-06-18 14:19:36.333,3675915789,379333,BME280,23.04,713.04,2867.328
2026-06-18 14:19:36.533,3675915989,379533,BME280,23.04,713.04,2867.328
2026-06-18 14:19:37.733,3675917189,379733,BME280,23.04,713.04,2867.328
2026-06-18 14:19:37.933,3675917389,379933,BME280,23.04,713.04,2867.328
2026-06-18 14:19:37.133,3675916589,380133,BME280,23.04,713.04,2867.328
2026-06-18 14:19:37.333,3675916789,380333,BME280,23.04,713.04,2867.328
2026-06-18 14:19:37.533,3675916989,380533,BME280,23.04,713.04,2867.328
2026-06-18 14:19:38.733,3675918189,380733,BME280,23.04,713.04,2867.328
2026-06-18 14:19:38.933,3675918389,380933,BME280,23.04,713.04,2867.328
2026-06-18 14:19:38.133,3675917589,381133,BME280,23.04,713.04,2867.328
2026-06-18 14:19:38.333,3675917789,381333,BME280,23.04,713.04,2867.328
2026-06-18 14:19:38.533,3675917989,381533,BME280,23.04,713.04,2867.328
2026-06-18 14:19:39.733,3675919189,381733,BME280,23.04,713.04,2867.328
2026-06-18 14:19:39.933,3675919389,381933,BME280,23.04,713.04,2867.328
2026-06-18 14:19:39.133,3675918589,382133,BME280,23.04,713.04,2867.328
2026-06-18 14:19:39.333,3675918789,382333,BME280,23.04,713.04,2867.328
2026-06-18 14:19:39.533,3675918989,382533,BME280,23.04,713.04,2867.328
2026-06-18 14:19:40.733,3675920189,382733,BME280,23.04,713.04,2867.328
2026-06-18 14:19:40.933,3675920389,382933,BME280,23.04,713.04,2867.328
2026-06-18 14:19:40.133,3675919589,383133,BME280,23.04,713.04,2867.328
2026-06-18 14:19:40.333,3675919789,383333,BME280,23.04,713.04,2867.328
2026-06-18 14:19:40.533,3675919989,383533,BME280,23.04,713.04,2867.328
2026-06-18 14:19:41.733,3675921189,383733,BME280,23.04,713.04,2867.328
2026-06-18 14:19:41.933,3675921389,383933,BME280,23.04,713.04,2867.328
2026-06-18 14:19:41.133,3675920589,384133,BME280,23.04,713.04,2867.328
2026-06-18 14:19:41.333,3675920789,384333,BME280,23.04,713.04,2867.328
2026-06-18 14:19:41.533,3675920989,384533,BME280,23.04,713.04,2867.328
2026-06-18 14:19:42.733,3675922189,384733,BME280,23.04,713.04,2867.328
2026-06-18 14:19:42.933,3675922389,384933,BME280,23.04,713.04,2867.328
2026-06-18 14:19:42.133,3675921589,385133,BME280,23.04,713.04,2867.328
2026-06-18 14:19:42.333,3675921789,385333,BME280,23.04,713.04,2867.328
2026-06-18 14:19:42.533,3675921989,385533,BME280,23.04,713.04,2867.328
2026-06-18 14:19:43.733,3675923189,385733,BME280,23.04,713.04,2867.328
2026-06-18 14:19:43.933,3675923389,385933,BME280,23.04,713.04,2867.328
2026-06-18 14:19:43.133,3675922589,386133,BME280,23.04,713.04,2867.328
2026-06-18 14:19:43.333,3675922789,386333,BME280,23.04,713.04,2867.328
2026-06-18 14:19:43.533,3675922989,386533,BME280,23.04,713.04,2867.328
2026-06-18 14:19:44.785,3675924241,386784,BME280,23.04,713.04,2867.328
2026-06-18 14:19:44.984,3675924440,386984,BME280,23.04,713.04,2867.328
2026-06-18 14:19:44.184,3675923640,387184,BME280,23.04,713.04,2867.328
2026-06-18 14:19:44.384,3675923840,387384,BME280,23.04,713.04,2867.328
2026-06-18 14:19:45.584,3675925040,387584,BME280,23.04,713.04,2867.328
2026-06-18 14:19:45.784,3675925240,387784,BME280,23.04,713.04,2867.328
2026-06-18 14:19:45.984,3675925440,387984,BME280,23.04,713.04,2867.328
2026-06-18 14:19:45.184,3675924640,388184,BME280,23.04,713.04,2867.328
2026-06-18 14:19:45.384,3675924840,388384,BME280,23.04,713.04,2867.328
2026-06-18 14:19:46.584,3675926040,388584,BME280,23.04,713.04,2867.328
2026-06-18 14:19:46.784,3675926240,388784,BME280,23.04,713.04,2867.328
2026-06-18 14:19:46.984,3675926440,388984,BME280,23.04,713.04,2867.328
2026-06-18 14:19:46.184,3675925640,389184,BME280,23.04,713.04,2867.328
2026-06-18 14:19:46.384,3675925840,389384,BME280,23.04,713.04,2867.328
2026-06-18 14:19:47.584,3675927040,389584,BME280,23.04,713.04,2867.328
2026-06-18 14:19:47.784,3675927240,389784,BME280,23.04,713.04,2867.328
2026-06-18 14:19:47.984,3675927440,389984,BME280,23.04,713.04,2867.328
2026-06-18 14:19:47.184,3675926640,390184,BME280,23.04,713.04,2867.328
2026-06-18 14:19:47.384,3675926840,390384,BME280,23.04,713.04,2867.328
2026-06-18 14:19:48.588,3675928044,390588,BME280,23.04,713.04,2867.328
2026-06-18 14:19:48.788,3675928244,390788,BME280,23.04,713.04,2867.328
2026-06-18 14:19:48.988,3675928444,390988,BME280,23.04,713.04,2867.328
2026-06-18 14:19:48.188,3675927644,391188,BME280,23.04,713.04,2867.328
2026-06-18 14:19:48.388,3675927844,391388,BME280,23.04,713.04,2867.328
2026-06-18 14:19:49.588,3675929044,391588,BME280,23.04,713.04,2867.328
2026-06-18 14:19:49.788,3675929244,391788,BME280,23.04,713.04,2867.328
2026-06-18 14:19:49.988,3675929444,391988,BME280,23.04,713.04,2867.328
2026-06-18 14:19:49.188,3675928644,392188,BME280,23.04,713.04,2867.328
2026-06-18 14:19:49.388,3675928844,392388,BME280,23.04,713.04,2867.328
2026-06-18 14:19:50.588,3675930044,392588,BME280,23.04,713.04,2867.328
2026-06-18 14:19:50.788,3675930244,392788,BME280,23.04,713.04,2867.328
2026-06-18 14:19:50.988,3675930444,392988,BME280,23.04,713.04,2867.328
2026-06-18 14:19:50.188,3675929644,393188,BME280,23.04,713.04,2867.328
2026-06-18 14:19:50.388,3675929844,393388,BME280,23.04,713.04,2867.328
2026-06-18 14:19:51.588,3675931044,393588,BME280,23.04,713.04,2867.328
2026-06-18 14:19:51.788,3675931244,393788,BME280,23.04,713.04,2867.328
2026-06-18 14:19:51.988,3675931444,393988,BME280,23.04,713.04,2867.328
2026-06-18 14:19:51.188,3675930644,394188,BME280,23.04,713.04,2867.328
2026-06-18 14:19:51.388,3675930844,394388,BME280,23.04,713.04,2867.328
2026-06-18 14:19:52.588,3675932044,394588,BME280,23.04,713.04,2867.328
2026-06-18 14:19:52.788,3675932244,394788,BME280,23.04,713.04,2867.328
2026-06-18 14:19:52.988,3675932444,394988,BME280,23.04,713.04,2867.328
2026-06-18 14:19:52.188,3675931644,395188,BME280,23.04,713.04,2867.328
2026-06-18 14:19:52.388,3675931844,395388,BME280,23.04,713.04,2867.328
2026-06-18 14:19:53.588,3675933044,395588,BME280,23.04,713.04,2867.328
2026-06-18 14:19:53.788,3675933244,395788,BME280,23.04,713.04,2867.328
2026-06-18 14:19:53.988,3675933444,395988,BME280,23.04,713.04,2867.328
2026-06-18 14:19:53.188,3675932644,396188,BME280,23.04,713.04,2867.328
2026-06-18 14:19:53.388,3675932844,396388,BME280,23.04,713.04,2867.328
2026-06-18 14:19:54.588,3675934044,396588,BME280,23.04,713.04,2867.328
2026-06-18 14:19:54.788,3675934244,396788,BME280,23.04,713.04,2867.328
2026-06-18 14:19:54.988,3675934444,396988,BME280,23.04,713.04,2867.328
2026-06-18 14:19:54.188,3675933644,397188,BME280,23.04,713.04,2867.328
2026-06-18 14:19:54.388,3675933844,397388,BME280,23.04,713.04,2867.328
2026-06-18 14:19:55.588,3675935044,397588,BME280,23.04,713.04,2867.328
2026-06-18 14:19:55.788,3675935244,397788,BME280,23.04,713.04,2867.328
2026-06-18 14:19:55.988,3675935444,397988,BME280,23.04,713.04,2867.328
2026-06-18 14:19:55.188,3675934644,398188,BME280,23.04,713.04,2867.328
2026-06-18 14:19:55.388,3675934844,398388,BME280,23.04,713.04,2867.328
2026-06-18 14:19:56.588,3675936044,398588,BME280,23.04,713.04,2867.328
2026-06-18 14:19:56.788,3675936244,398788,BME280,23.04,713.04,2867.328
2026-06-18 14:19:56.988,3675936444,398988,BME280,23.04,713.04,2867.328
2026-06-18 14:19:56.188,3675935644,399188,BME280,23.04,713.04,2867.328
2026-06-18 14:19:56.388,3675935844,399388,BME280,23.04,713.04,2867.328
2026-06-18 14:19:57.588,3675937044,399588,BME280,23.04,713.04,2867.328
2026-06-18 14:19:57.788,3675937244,399788,BME280,23.04,713.04,2867.328
2026-06-18 14:19:57.988,3675937444,399988,BME280,23.04,713.04,2867.328
2026-06-18 14:19:57.188,3675936644,400188,BME280,23.04,713.04,2867.328
2026-06-18 14:19:57.388,3675936844,400388,BME280,23.04,713.04,2867.328
2026-06-18 14:19:58.588,3675938044,400588,BME280,23.04,713.04,2867.328
2026-06-18 14:19:58.788,3675938244,400788,BME280,23.04,713.04,2867.328
2026-06-18 14:19:58.988,3675938444,400988,BME280,23.04,713.04,2867.328
2026-06-18 14:19:58.188,3675937644,401188,BME280,23.04,713.04,2867.328
2026-06-18 14:19:58.388,3675937844,401388,BME280,23.04,713.04,2867.328
2026-06-18 14:19:59.588,3675939044,401588,BME280,23.04,713.04,2867.328
2026-06-18 14:19:59.788,3675939244,401788,BME280,23.04,713.04,2867.328
2026-06-18 14:19:59.988,3675939444,401988,BME280,23.04,713.04,2867.328
2026-06-18 14:19:59.188,3675938644,402188,BME280,23.04,713.04,2867.328
2026-06-18 14:19:59.388,3675938844,402388,BME280,23.04,713.04,2867.328
2026-06-18 14:20:00.588,3675940044,402588,BME280,23.04,713.04,2867.328
2026-06-18 14:20:00.788,3675940244,402788,BME280,23.04,713.04,2867.328
2026-06-18 14:20:00.988,3675940444,402988,BME280,23.04,713.04,2867.328
2026-06-18 14:20:00.188,3675939644,403188,BME280,23.04,713.04,2867.328
2026-06-18 14:20:00.388,3675939844,403388,BME280,23.04,713.04,2867.328
2026-06-18 14:20:01.588,3675941044,403588,BME280,23.04,713.04,2867.328
2026-06-18 14:20:01.788,3675941244,403788,BME280,23.04,713.04,2867.328
2026-06-18 14:20:01.988,3675941444,403988,BME280,23.04,713.04,2867.328
2026-06-18 14:20:01.188,3675940644,404188,BME280,23.04,713.04,2867.328
2026-06-18 14:20:01.388,3675940844,404388,BME280,23.04,713.04,2867.328
2026-06-18 14:20:02.588,3675942044,404588,BME280,23.04,713.04,2867.328
2026-06-18 14:20:02.788,3675942244,404788,BME280,23.04,713.04,2867.328
2026-06-18 14:20:02.011,3675941467,405011,BME280,23.04,713.04,2867.328
2026-06-18 14:20:02.211,3675941667,405211,BME280,23.04,713.04,2867.328
2026-06-18 14:20:02.411,3675941867,405411,BME280,23.04,713.04,2867.328
2026-06-18 14:20:03.611,3675943067,405611,BME280,23.04,713.04,2867.328
2026-06-18 14:20:03.811,3675943267,405811,BME280,23.04,713.04,2867.328
2026-06-18 14:20:03.011,3675942467,406011,BME280,23.04,713.04,2867.328
2026-06-18 14:20:03.211,3675942667,406211,BME280,23.04,713.04,2867.328
2026-06-18 14:20:03.411,3675942867,406411,BME280,23.04,713.04,2867.328
2026-06-18 14:20:04.611,3675944067,406611,BME280,23.04,713.04,2867.328
2026-06-18 14:20:04.811,3675944267,406811,BME280,23.04,713.04,2867.328
2026-06-18 14:20:04.011,3675943467,407011,BME280,23.04,713.04,2867.328
2026-06-18 14:20:04.211,3675943667,407211,BME280,23.04,713.04,2867.328
2026-06-18 14:20:04.411,3675943867,407411,BME280,23.04,713.04,2867.328
2026-06-18 14:20:05.611,3675945067,407611,BME280,23.04,713.04,2867.328
2026-06-18 14:20:05.811,3675945267,407811,BME280,23.04,713.04,2867.328
2026-06-18 14:20:05.011,3675944467,408011,BME280,23.04,713.04,2867.328
2026-06-18 14:20:05.211,3675944667,408211,BME280,23.04,713.04,2867.328
2026-06-18 14:20:05.411,3675944867,408411,BME280,23.04,713.04,2867.328
2026-06-18 14:20:06.611,3675946067,408611,BME280,23.04,713.04,2867.328
2026-06-18 14:20:06.811,3675946267,408811,BME280,23.04,713.04,2867.328
2026-06-18 14:20:06.011,3675945467,409011,BME280,23.04,713.04,2867.328
2026-06-18 14:20:06.211,3675945667,409211,BME280,23.04,713.04,2867.328
2026-06-18 14:20:06.411,3675945867,409411,BME280,23.04,713.04,2867.328
2026-06-18 14:20:07.611,3675947067,409611,BME280,23.04,713.04,2867.328
2026-06-18 14:20:07.811,3675947267,409811,BME280,23.04,713.04,2867.328
2026-06-18 14:20:07.011,3675946467,410011,BME280,23.04,713.04,2867.328
2026-06-18 14:20:07.211,3675946667,410211,BME280,23.04,713.04,2867.328
2026-06-18 14:20:07.411,3675946867,410411,BME280,23.04,713.04,2867.328
2026-06-18 14:20:08.611,3675948067,410611,BME280,23.04,713.04,2867.328
2026-06-18 14:20:08.811,3675948267,410811,BME280,23.04,713.04,2867.328
2026-06-18 14:20:08.011,3675947467,411011,BME280,23.04,713.04,2867.328
2026-06-18 14:20:08.211,3675947667,411211,BME280,23.04,713.04,2867.328
2026-06-18 14:20:08.411,3675947867,411411,BME280,23.04,713.04,2867.328
2026-06-18 14:20:09.611,3675949067,411611,BME280,23.04,713.04,2867.328
2026-06-18 14:20:09.811,3675949267,411811,BME280,23.04,713.04,2867.328
2026-06-18 14:20:09.011,3675948467,412011,BME280,23.04,713.04,2867.328
2026-06-18 14:20:09.260,3675948716,412260,BME280,23.04,713.04,2867.328
2026-06-18 14:20:09.460,3675948916,412460,BME280,23.04,713.04,2867.328
2026-06-18 14:20:10.660,3675950116,412660,BME280,23.04,713.04,2867.328
2026-06-18 14:20:10.860,3675950316,412860,BME280,23.04,713.04,2867.328
2026-06-18 14:20:10.060,3675949516,413060,BME280,23.04,713.04,2867.328
2026-06-18 14:20:10.260,3675949716,413260,BME280,23.04,713.04,2867.328
2026-06-18 14:20:10.460,3675949916,413460,BME280,23.04,713.04,2867.328
2026-06-18 14:20:11.660,3675951116,413660,BME280,23.04,713.04,2867.328
2026-06-18 14:20:11.860,3675951316,413860,BME280,23.04,713.04,2867.328
2026-06-18 14:20:11.060,3675950516,414060,BME280,23.04,713.04,2867.328
2026-06-18 14:20:11.260,3675950716,414260,BME280,23.04,713.04,2867.328
2026-06-18 14:20:11.460,3675950916,414460,BME280,23.04,713.04,2867.328
2026-06-18 14:20:12.660,3675952116,414660,BME280,23.04,713.04,2867.328
2026-06-18 14:20:12.860,3675952316,414860,BME280,23.04,713.04,2867.328
2026-06-18 14:20:12.060,3675951516,415060,BME280,23.04,713.04,2867.328
2026-06-18 14:20:12.260,3675951716,415260,BME280,23.04,713.04,2867.328
2026-06-18 14:20:12.460,3675951916,415460,BME280,23.04,713.04,2867.328
2026-06-18 14:20:13.660,3675953116,415660,BME280,23.04,713.04,2867.328
2026-06-18 14:20:13.860,3675953316,415860,BME280,23.04,713.04,2867.328
2026-06-18 14:20:13.060,3675952516,416060,BME280,23.04,713.04,2867.328
2026-06-18 14:20:13.260,3675952716,416260,BME280,23.04,713.04,2867.328
2026-06-18 14:20:13.460,3675952916,416460,BME280,23.04,713.04,2867.328
2026-06-18 14:20:14.660,3675954116,416660,BME280,23.04,713.04,2867.328
2026-06-18 14:20:14.860,3675954316,416860,BME280,23.04,713.04,2867.328
2026-06-18 14:20:14.060,3675953516,417060,BME280,23.04,713.04,2867.328
2026-06-18 14:20:14.260,3675953716,417260,BME280,23.04,713.04,2867.328
2026-06-18 14:20:14.460,3675953916,417460,BME280,23.04,713.04,2867.328
2026-06-18 14:20:15.660,3675955116,417660,BME280,23.04,713.04,2867.328
2026-06-18 14:20:15.860,3675955316,417860,BME280,23.04,713.04,2867.328
2026-06-18 14:20:15.060,3675954516,418060,BME280,23.04,713.04,2867.328
2026-06-18 14:20:15.260,3675954716,418260,BME280,23.04,713.04,2867.328
2026-06-18 14:20:15.460,3675954916,418460,BME280,23.04,713.04,2867.328
2026-06-18 14:20:16.660,3675956116,418660,BME280,23.04,713.04,2867.328
2026-06-18 14:20:16.860,3675956316,418860,BME280,23.04,713.04,2867.328
2026-06-18 14:20:16.060,3675955516,419060,BME280,23.04,713.04,2867.328
2026-06-18 14:20:16.260,3675955716,419260,BME280,23.04,713.04,2867.328
2026-06-18 14:20:16.460,3675955916,419460,BME280,23.04,713.04,2867.328
2026-06-18 14:20:17.660,3675957116,419660,BME280,23.04,713.04,2867.328
2026-06-18 14:20:17.860,3675957316,419860,BME280,23.04,713.04,2867.328
2026-06-18 14:20:17.060,3675956516,420060,BME280,23.04,713.04,2867.328
2026-06-18 14:20:17.260,3675956716,420260,BME280,23.04,713.04,2867.328
2026-06-18 14:20:17.460,3675956916,420460,BME280,23.04,713.04,2867.328
2026-06-18 14:20:18.660,3675958116,420660,BME280,23.04,713.04,2867.328
2026-06-18 14:20:18.860,3675958316,420860,BME280,23.04,713.04,2867.328
2026-06-18 14:20:18.060,3675957516,421060,BME280,23.04,713.04,2867.328
2026-06-18 14:20:18.260,3675957716,421260,BME280,23.04,713.04,2867.328
2026-06-18 14:20:18.460,3675957916,421460,BME280,23.04,713.04,2867.328
2026-06-18 14:20:19.660,3675959116,421660,BME280,23.04,713.04,2867.328
2026-06-18 14:20:19.860,3675959316,421860,BME280,23.04,713.04,2867.328
2026-06-18 14:20:19.068,3675958524,422068,BME280,23.04,713.04,2867.328
2026-06-18 14:20:19.268,3675958724,422268,BME280,23.04,713.04,2867.328
2026-06-18 14:20:19.468,3675958924,422468,BME280,23.04,713.04,2867.328
2026-06-18 14:20:20.668,3675960124,422668,BME280,23.04,713.04,2867.328
2026-06-18 14:20:20.868,3675960324,422868,BME280,23.04,713.04,2867.328
2026-06-18 14:20:20.068,3675959524,423068,BME280,23.04,713.04,2867.328
2026-06-18 14:20:20.268,3675959724,423268,BME280,23.04,713.04,2867.328
2026-06-18 14:20:20.468,3675959924,423468,BME280,23.04,713.04,2867.328
2026-06-18 14:20:21.668,3675961124,423668,BME280,23.04,713.04,2867.328
2026-06-18 14:20:21.868,3675961324,423868,BME280,23.04,713.04,2867.328
2026-06-18 14:20:21.068,3675960524,424068,BME280,23.04,713.04,2867.328
2026-06-18 14:20:21.268,3675960724,424268,BME280,23.04,713.04,2867.328
2026-06-18 14:20:21.468,3675960924,424468,BME280,23.04,713.04,2867.328
2026-06-18 14:20:22.668,3675962124,424668,BME280,23.04,713.04,2867.328
2026-06-18 14:20:22.868,3675962324,424868,BME280,23.04,713.04,2867.328
2026-06-18 14:20:22.068,3675961524,425068,BME280,23.04,713.04,2867.328
2026-06-18 14:20:22.268,3675961724,425268,BME280,23.04,713.04,2867.328
2026-06-18 14:20:22.468,3675961924,425468,BME280,23.04,713.04,2867.328
2026-06-18 14:20:23.668,3675963124,425668,BME280,23.04,713.04,2867.328
2026-06-18 14:20:23.868,3675963324,425868,BME280,23.04,713.04,2867.328
2026-06-18 14:20:23.068,3675962524,426068,BME280,23.04,713.04,2867.328
2026-06-18 14:20:23.268,3675962724,426268,BME280,23.04,713.04,2867.328
2026-06-18 14:20:23.468,3675962924,426468,BME280,23.04,713.04,2867.328
2026-06-18 14:20:24.668,3675964124,426668,BME280,23.04,713.04,2867.328
2026-06-18 14:20:24.868,3675964324,426868,BME280,23.04,713.04,2867.328
2026-06-18 14:20:24.068,3675963524,427068,BME280,23.04,713.04,2867.328
2026-06-18 14:20:24.268,3675963724,427268,BME280,23.04,713.04,2867.328
2026-06-18 14:20:24.468,3675963924,427468,BME280,23.04,713.04,2867.328
2026-06-18 14:20:25.668,3675965124,427668,BME280,23.04,713.04,2867.328
2026-06-18 14:20:25.868,3675965324,427868,BME280,23.04,713.04,2867.328
2026-06-18 14:20:25.068,3675964524,428068,BME280,23.04,713.04,2867.328
2026-06-18 14:20:25.268,3675964724,428268,BME280,23.04,713.04,2867.328
2026-06-18 14:20:25.468,3675964924,428468,BME280,23.04,713.04,2867.328
2026-06-18 14:20:26.668,3675966124,428668,BME280,23.04,713.04,2867.328
2026-06-18 14:20:26.868,3675966324,428868,BME280,23.04,713.04,2867.328
2026-06-18 14:20:26.068,3675965524,429068,BME280,23.04,713.04,2867.328
2026-06-18 14:20:26.268,3675965724,429268,BME280,23.04,713.04,2867.328
2026-06-18 14:20:26.468,3675965924,429468,BME280,23.04,713.04,2867.328
2026-06-18 14:20:27.668,3675967124,429668,BME280,23.04,713.04,2867.328
2026-06-18 14:20:27.868,3675967324,429868,BME280,23.04,713.04,2867.328
2026-06-18 14:20:27.068,3675966524,430068,BME280,23.04,713.04,2867.328
2026-06-18 14:20:27.268,3675966724,430268,BME280,23.04,713.04,2867.328
2026-06-18 14:20:27.468,3675966924,430468,BME280,23.04,713.04,2867.328
2026-06-18 14:20:28.668,3675968124,430668,BME280,23.04,713.04,2867.328
2026-06-18 14:20:28.868,3675968324,430868,BME280,23.04,713.04,2867.328
2026-06-18 14:20:28.068,3675967524,431068,BME280,23.04,713.04,2867.328
2026-06-18 14:20:28.268,3675967724,431268,BME280,23.04,713.04,2867.328
2026-06-18 14:20:28.468,3675967924,431468,BME280,23.04,713.04,2867.328
2026-06-18 14:20:29.668,3675969124,431668,BME280,23.04,713.04,2867.328
2026-06-18 14:20:29.868,3675969324,431868,BME280,23.04,713.04,2867.328
2026-06-18 14:20:29.068,3675968524,432068,BME280,23.04,713.04,2867.328
2026-06-18 14:20:29.268,3675968724,432268,BME280,23.04,713.04,2867.328
2026-06-18 14:20:29.468,3675968924,432468,BME280,23.04,713.04,2867.328
2026-06-18 14:20:30.668,3675970124,432668,BME280,23.04,713.04,2867.328
2026-06-18 14:20:30.868,3675970324,432868,BME280,23.04,713.04,2867.328
2026-06-18 14:20:30.068,3675969524,433068,BME280,23.04,713.04,2867.328
2026-06-18 14:20:30.268,3675969724,433268,BME280,23.04,713.04,2867.328
2026-06-18 14:20:30.468,3675969924,433468,BME280,23.04,713.04,2867.328
2026-06-18 14:20:31.668,3675971124,433668,BME280,23.04,713.04,2867.328
2026-06-18 14:20:31.868,3675971324,433868,BME280,23.04,713.04,2867.328
2026-06-18 14:20:31.068,3675970524,434068,BME280,23.04,713.04,2867.328
2026-06-18 14:20:31.268,3675970724,434268,BME280,23.04,713.04,2867.328
2026-06-18 14:20:31.468,3675970924,434468,BME280,23.04,713.04,2867.328
2026-06-18 14:20:32.668,3675972124,434668,BME280,23.04,713.04,2867.328
2026-06-18 14:20:32.868,3675972324,434868,BME280,23.04,713.04,2867.328
2026-06-18 14:20:32.068,3675971524,435068,BME280,23.04,713.04,2867.328
2026-06-18 14:20:32.268,3675971724,435268,BME280,23.04,713.04,2867.328
2026-06-18 14:20:32.468,3675971924,435468,BME280,23.04,713.04,2867.328
2026-06-18 14:20:33.668,3675973124,435668,BME280,23.04,713.04,2867.328
2026-06-18 14:20:33.868,3675973324,435868,BME280,23.04,713.04,2867.328
2026-06-18 14:20:33.068,3675972524,436068,BME280,23.04,713.04,2867.328
2026-06-18 14:20:33.268,3675972724,436268,BME280,23.04,713.04,2867.328
2026-06-18 14:20:33.468,3675972924,436468,BME280,23.04,713.04,2867.328
2026-06-18 14:20:34.668,3675974124,436668,BME280,23.04,713.04,2867.328
2026-06-18 14:20:34.868,3675974324,436868,BME280,23.04,713.04,2867.328
2026-06-18 14:20:34.068,3675973524,437068,BME280,23.04,713.04,2867.328
2026-06-18 14:20:34.268,3675973724,437268,BME280,23.04,713.04,2867.328
2026-06-18 14:20:34.468,3675973924,437468,BME280,23.04,713.04,2867.328
2026-06-18 14:20:35.668,3675975124,437668,BME280,23.04,713.04,2867.328
2026-06-18 14:20:35.868,3675975324,437868,BME280,23.04,713.04,2867.328
2026-06-18 14:20:35.068,3675974524,438068,BME280,23.04,713.04,2867.328
2026-06-18 14:20:35.365,3675974821,438365,BME280,23.04,713.04,2867.328
2026-06-18 14:20:36.565,3675976021,438565,BME280,23.04,713.04,2867.328
2026-06-18 14:20:36.765,3675976221,438765,BME280,23.04,713.04,2867.328
2026-06-18 14:20:36.965,3675976421,438965,BME280,23.04,713.04,2867.328
2026-06-18 14:20:36.165,3675975621,439165,BME280,23.04,713.04,2867.328
2026-06-18 14:20:36.365,3675975821,439365,BME280,23.04,713.04,2867.328
2026-06-18 14:20:37.565,3675977021,439565,BME280,23.04,713.04,2867.328
2026-06-18 14:20:37.765,3675977221,439765,BME280,23.04,713.04,2867.328
2026-06-18 14:20:37.965,3675977421,439965,BME280,23.04,713.04,2867.328
2026-06-18 14:20:37.165,3675976621,440165,BME280,23.04,713.04,2867.328
2026-06-18 14:20:37.365,3675976821,440365,BME280,23.04,713.04,2867.328
2026-06-18 14:20:38.565,3675978021,440565,BME280,23.04,713.04,2867.328
2026-06-18 14:20:38.765,3675978221,440765,BME280,23.04,713.04,2867.328
2026-06-18 14:20:38.965,3675978421,440965,BME280,23.04,713.04,2867.328
2026-06-18 14:20:38.165,3675977621,441165,BME280,23.04,713.04,2867.328
2026-06-18 14:20:38.365,3675977821,441365,BME280,23.04,713.04,2867.328
2026-06-18 14:20:39.565,3675979021,441565,BME280,23.04,713.04,2867.328
2026-06-18 14:20:39.765,3675979221,441765,BME280,23.04,713.04,2867.328
2026-06-18 14:20:39.965,3675979421,441965,BME280,23.04,713.04,2867.328
2026-06-18 14:20:39.165,3675978621,442165,BME280,23.04,713.04,2867.328
2026-06-18 14:20:39.365,3675978821,442365,BME280,23.04,713.04,2867.328
2026-06-18 14:20:40.613,3675980069,442613,BME280,23.04,713.04,2867.328
2026-06-18 14:20:40.813,3675980269,442813,BME280,23.04,713.04,2867.328
2026-06-18 14:20:40.013,3675979469,443013,BME280,23.04,713.04,2867.328
2026-06-18 14:20:40.213,3675979669,443213,BME280,23.04,713.04,2867.328
2026-06-18 14:20:40.413,3675979869,443413,BME280,23.04,713.04,2867.328
2026-06-18 14:20:41.613,3675981069,443613,BME280,23.04,713.04,2867.328
2026-06-18 14:20:41.813,3675981269,443813,BME280,23.04,713.04,2867.328
2026-06-18 14:20:41.013,3675980469,444013,BME280,23.04,713.04,2867.328
2026-06-18 14:20:41.213,3675980669,444213,BME280,23.04,713.04,2867.328
2026-06-18 14:20:41.213,3675980669,444213,BME280,23.04,713.04,2867.328
2026-06-18 14:20:46.356,3675985812,449355,BME280,23.04,713.04,2867.328
2026-06-18 14:20:46.356,3675985812,449355,BME280,23.04,713.04,2867.328
2026-06-18 14:20:51.484,3675990940,454484,BME280,23.04,713.04,2867.328
2026-06-18 14:20:52.684,3675992140,454684,BME280,23.04,713.04,2867.328
2026-06-18 14:20:52.884,3675992340,454884,BME280,23.04,713.04,2867.328
2026-06-18 14:20:52.084,3675991540,455084,BME280,23.04,713.04,2867.328
2026-06-18 14:20:52.284,3675991740,455284,BME280,23.04,713.04,2867.328
