datetime,epoch_ms,ts_millis,mpu_id,ax,ay,az,gx,gy,gz
2026-06-01 14:07:09.044,2206368500,521044,2,1.03467,-0.06567,-0.12671,-7.603,-2.55,1.977
2026-06-01 14:07:25.004,2206384460,537004,1,1.01514,0.09741,0.37744,-2.878,-9.802,0.58
2026-06-01 14:07:25.004,2206384460,537004,2,1.01978,-0.05151,-0.16895,-16.313,-10.649,5.664
2026-06-01 14:07:25.204,2206384660,537204,1,1.05127,0.06543,0.33374,-11.954,-6.305,10.191
2026-06-01 14:07:25.204,2206384660,537204,2,1.07422,-0.0647,-0.19043,-9.351,-0.427,15.687
2026-06-01 14:07:26.404,2206385860,537404,1,1.03076,-0.02954,0.30371,-13.939,-5.847,8.641
2026-06-01 14:07:26.404,2206385860,537404,2,1.06958,-0.11377,-0.19238,-12.45,2.183,8.053
2026-06-01 14:07:26.604,2206386060,537604,1,1.04541,-0.05347,0.2915,-14.58,-5.244,0.802
2026-06-01 14:07:26.604,2206386060,537604,2,1.00879,-0.13672,-0.18506,-11.618,3.053,6.321
2026-06-01 14:07:26.926,2206386382,537926,1,1.05249,-0.04077,0.28052,-14.321,2.321,-9.328
2026-06-01 14:07:26.926,2206386382,537926,2,1.02173,-0.18164,-0.17651,-16.718,6.672,6.534
2026-06-01 14:07:26.126,2206385582,538126,1,1.04736,-0.03369,0.29443,-4.763,2.206,3.527
2026-06-01 14:07:26.126,2206385582,538126,2,1.01294,-0.18018,-0.17017,-0.542,-3.878,-0.969
2026-06-01 14:07:27.326,2206386782,538326,1,1.04956,-0.05615,0.26563,7.42,0.947,7.176
2026-06-01 14:07:27.326,2206386782,538326,2,1.00879,-0.25317,-0.19775,15.992,0.275,-3.626
2026-06-01 14:07:27.526,2206386982,538526,1,1.04785,-0.04443,0.29224,12.389,4.481,-7.214
2026-06-01 14:07:27.526,2206386982,538526,2,1.11084,-0.08105,-0.13086,-5.626,3.145,8.015
2026-06-01 14:07:27.726,2206387182,538726,1,1.04175,-0.05493,0.29419,-9.466,7.145,-7.412
2026-06-01 14:07:27.726,2206387182,538726,2,1.01587,-0.15356,-0.14551,-20.771,4.275,-2.046
2026-06-01 14:07:27.926,2206387382,538926,1,1.0271,-0.02905,0.32349,0.237,2.824,-0.794
2026-06-01 14:07:27.926,2206387382,538926,2,1.01245,-0.17529,-0.15967,-1.695,1.122,0.573
2026-06-01 14:07:27.126,2206386582,539126,1,1.04102,-0.0332,0.3064,-0.802,1.992,0.725
2026-06-01 14:07:27.126,2206386582,539126,2,1.01367,-0.17456,-0.14893,-1.939,-0.206,0.885
2026-06-01 14:07:28.326,2206387782,539326,1,1.04077,-0.03467,0.31226,-2.16,2.191,-0.237
2026-06-01 14:07:28.326,2206387782,539326,2,1.0127,-0.17578,-0.14917,-2.084,0.588,0.221
2026-06-01 14:07:28.526,2206387982,539526,1,1.05054,-0.03687,0.30786,-0.137,4.809,0.344
2026-06-01 14:07:28.526,2206387982,539526,2,1.03198,-0.1665,-0.14258,-0.901,2.305,-0.985
2026-06-01 14:07:28.726,2206388182,539726,1,1.03613,-0.03442,0.33569,5.015,4.87,1.282
2026-06-01 14:07:28.726,2206388182,539726,2,1.00586,-0.15698,-0.1355,4.802,2.412,-1.282
2026-06-01 14:07:28.926,2206388382,539926,1,1.03687,-0.03906,0.33618,3.649,2.847,1.107
2026-06-01 14:07:28.926,2206388382,539926,2,1.02222,-0.15967,-0.14355,3.336,0.16,-0.282
2026-06-01 14:07:28.126,2206387582,540126,1,1.03931,-0.052,0.3396,2.153,0.817,-1.038
2026-06-01 14:07:28.126,2206387582,540126,2,1.02075,-0.17041,-0.15137,-1.405,-2.038,-1.901
2026-06-01 14:07:29.326,2206388782,540326,1,1.05176,-0.05273,0.31958,5.053,6.298,-1.626
2026-06-01 14:07:29.326,2206388782,540326,2,1.03467,-0.13672,-0.12573,4.275,0.573,-4.756
2026-06-01 14:07:29.526,2206388982,540526,1,1.04297,-0.07007,0.34741,0.298,12.229,-4.198
2026-06-01 14:07:29.526,2206388982,540526,2,1.01758,-0.12939,-0.1416,-1.076,7.656,-7.305
2026-06-01 14:07:29.726,2206389182,540726,1,1.02539,-0.01489,0.39258,10.053,14.565,0.046
2026-06-01 14:07:29.726,2206389182,540726,2,1.03394,-0.13184,-0.09473,2.962,2.756,-4.031
2026-06-01 14:07:29.926,2206389382,540926,1,1.00293,-0.01123,0.42188,15.405,8.389,-0.908
2026-06-01 14:07:29.926,2206389382,540926,2,1.01099,-0.09961,-0.07886,12.985,3.237,2.359
2026-06-01 14:07:29.126,2206388582,541126,1,0.9751,0.01758,0.45874,9.176,7.244,5.351
2026-06-01 14:07:29.126,2206388582,541126,2,1.03076,-0.07227,-0.09277,6.573,0.42,4.336
2026-06-01 14:07:30.326,2206389782,541326,1,0.99707,0.00269,0.45508,-7.092,0.901,6.237
2026-06-01 14:07:30.326,2206389782,541326,2,1.00635,-0.07715,-0.09473,-21.496,-8.366,2.221
2026-06-01 14:07:30.526,2206389982,541526,1,1.00415,-0.04224,0.44604,2.321,-4.0,2.359
2026-06-01 14:07:30.526,2206389982,541526,2,1.03076,-0.07788,-0.1228,5.954,-7.229,0.786
2026-06-01 14:07:30.726,2206390182,541726,1,1.0105,0.0105,0.40234,10.115,-4.366,4.481
2026-06-01 14:07:30.726,2206390182,541726,2,1.02466,-0.05005,-0.1377,6.786,-7.481,0.534
2026-06-01 14:07:30.926,2206390382,541926,1,1.03101,-0.03442,0.37451,-7.305,-0.611,-4.634
2026-06-01 14:07:30.926,2206390382,541926,2,1.01855,-0.09351,-0.14331,-9.069,0.618,2.626
2026-06-01 14:07:30.126,2206389582,542126,1,1.03906,-0.02148,0.39575,-12.786,-3.191,-8.328
2026-06-01 14:07:30.126,2206389582,542126,2,1.02661,-0.12036,-0.15137,-10.031,1.527,0.924
2026-06-01 14:07:31.326,2206390782,542326,1,1.02783,0.02075,0.39648,-4.573,1.321,-10.137
2026-06-01 14:07:31.326,2206390782,542326,2,1.0188,-0.10107,-0.11377,2.641,8.344,3.855
2026-06-01 14:07:31.526,2206390982,542526,1,1.03882,-0.02759,0.36694,-8.183,3.275,-0.473
2026-06-01 14:07:31.526,2206390982,542526,2,1.03735,-0.13232,-0.11768,-5.763,-1.489,-3.672
2026-06-01 14:07:31.726,2206391182,542726,1,1.02441,-0.01025,0.38892,4.137,4.389,-1.817
2026-06-01 14:07:31.726,2206391182,542726,2,1.03906,-0.12988,-0.09741,5.565,4.145,0.802
2026-06-01 14:07:31.926,2206391382,542926,1,1.00684,-0.03564,0.40015,-6.695,1.71,2.771
2026-06-01 14:07:31.926,2206391382,542926,2,1.02515,-0.13501,-0.10107,-7.893,-1.962,-1.977
2026-06-01 14:07:31.126,2206390582,543126,1,0.9939,-0.02783,0.40845,5.069,0.176,-2.092
2026-06-01 14:07:31.126,2206390582,543126,2,1.05127,-0.08887,-0.1377,-2.947,-4.214,4.344
2026-06-01 14:07:32.326,2206391782,543326,1,1.02344,0.0293,0.39282,-6.244,-1.29,-3.771
2026-06-01 14:07:32.326,2206391782,543326,2,1.02197,-0.08447,-0.12866,-13.962,-3.351,1.275
2026-06-01 14:07:32.526,2206391982,543526,1,1.02197,0.0022,0.37964,-14.992,-0.412,-2.901
2026-06-01 14:07:32.526,2206391982,543526,2,1.02124,-0.14087,-0.13843,-9.947,-0.611,2.359
2026-06-01 14:07:32.726,2206392182,543726,1,1.02075,-0.01685,0.35449,-1.679,-1.534,3.496
2026-06-01 14:07:32.726,2206392182,543726,2,1.01807,-0.13354,-0.15112,-1.076,-1.275,2.176
2026-06-01 14:07:32.926,2206392382,543926,1,1.02246,-0.03442,0.35986,3.344,2.206,3.427
2026-06-01 14:07:32.926,2206392382,543926,2,1.02612,-0.11865,-0.1582,-0.573,-0.473,-0.557
2026-06-01 14:07:33.245,2206392701,544245,1,1.02466,-0.02612,0.37598,-4.092,2.137,-2.962
2026-06-01 14:07:33.245,2206392701,544245,2,1.01733,-0.11816,-0.15552,-6.672,2.382,1.168
2026-06-01 14:07:33.495,2206392951,544494,1,1.02417,-0.04834,0.37549,-3.748,2.855,-1.527
2026-06-01 14:07:33.495,2206392951,544494,2,1.01465,-0.13965,-0.12793,-1.641,0.802,1.267
2026-06-01 14:07:33.694,2206393150,544694,1,1.02759,-0.04565,0.32983,-0.092,0.397,3.595
2026-06-01 14:07:33.694,2206393150,544694,2,1.02612,-0.13818,-0.1521,1.046,2.313,2.809
2026-06-01 14:07:33.896,2206393352,544896,1,1.04077,-0.05493,0.35938,-0.412,1.122,-1.313
2026-06-01 14:07:33.896,2206393352,544896,2,1.02148,-0.14624,-0.14722,-0.473,0.695,-1.702
2026-06-01 14:07:33.097,2206392553,545097,1,1.02783,-0.04541,0.3645,2.366,1.588,-1.802
2026-06-01 14:07:33.097,2206392553,545097,2,1.01636,-0.12744,-0.12646,0.672,-1.382,0.137
2026-06-01 14:07:34.297,2206393753,545297,1,1.03247,-0.03125,0.35889,3.16,0.931,-1.229
2026-06-01 14:07:34.297,2206393753,545297,2,1.01904,-0.11987,-0.14014,-1.802,-1.954,0.824
2026-06-01 14:07:34.500,2206393956,545500,1,1.04028,-0.02563,0.35327,0.878,-0.099,-0.069
2026-06-01 14:07:34.500,2206393956,545500,2,0.99658,-0.14355,-0.14868,-0.42,-2.382,2.366
2026-06-01 14:07:34.700,2206394156,545700,1,1.03687,-0.02979,0.33252,1.496,-1.534,1.313
2026-06-01 14:07:34.700,2206394156,545700,2,1.00977,-0.14966,-0.16895,2.405,-0.344,2.504
2026-06-01 14:07:34.900,2206394356,545900,1,1.04419,-0.04907,0.32446,4.611,1.565,1.55
2026-06-01 14:07:34.900,2206394356,545900,2,1.05273,-0.14648,-0.17139,-0.733,-1.702,-0.618
2026-06-01 14:07:34.100,2206393556,546100,1,1.03931,-0.03857,0.32642,3.252,3.855,-0.611
2026-06-01 14:07:34.100,2206393556,546100,2,1.01807,-0.1355,-0.17114,-1.763,0.786,-0.511
2026-06-01 14:07:35.300,2206394756,546300,1,1.03711,-0.03418,0.3457,2.229,3.511,-0.573
2026-06-01 14:07:35.300,2206394756,546300,2,1.01587,-0.13672,-0.16772,-2.969,-0.031,-0.305
2026-06-01 14:07:35.500,2206394956,546500,1,1.03589,-0.02612,0.34717,1.687,2.519,0.168
2026-06-01 14:07:35.500,2206394956,546500,2,1.01807,-0.13452,-0.15967,0.931,0.863,1.336
2026-06-01 14:07:35.700,2206395156,546700,1,1.03223,-0.03882,0.35181,1.718,0.992,0.786
2026-06-01 14:07:35.700,2206395156,546700,2,1.00854,-0.14526,-0.16357,2.046,-0.962,2.328
2026-06-01 14:07:35.900,2206395356,546900,1,1.03491,-0.02856,0.33472,-0.466,0.008,0.534
2026-06-01 14:07:35.900,2206395356,546900,2,1.00903,-0.1416,-0.15454,-1.359,-1.069,2.053
2026-06-01 14:07:35.100,2206394556,547100,1,1.04224,-0.04907,0.34033,-1.359,0.84,0.382
2026-06-01 14:07:35.100,2206394556,547100,2,1.01953,-0.14673,-0.17554,-3.802,0.115,1.389
2026-06-01 14:07:36.300,2206395756,547300,1,1.03955,-0.05273,0.33154,-2.718,1.611,-0.87
2026-06-01 14:07:36.300,2206395756,547300,2,1.02271,-0.14063,-0.15283,-4.427,0.641,0.924
2026-06-01T14:07:36.863071,,,,,,,,,
2026-06-01 14:07:36.500,2206395956,547500,1,1.0354,-0.04956,0.33203,-0.458,2.435,-1.779
2026-06-01 14:07:36.500,2206395956,547500,2,1.01953,-0.14136,-0.1665,-4.153,0.443,-0.885
2026-06-01 14:07:36.700,2206396156,547700,1,1.03516,-0.03735,0.34033,0.275,3.061,-2.656
2026-06-01 14:07:36.700,2206396156,547700,2,1.01831,-0.14844,-0.16284,-3.328,0.229,-1.313
2026-06-01 14:07:36.900,2206396356,547900,1,1.03833,-0.03467,0.34692,2.725,4.893,0.55
2026-06-01 14:07:36.900,2206396356,547900,2,1.01489,-0.14673,-0.17969,-0.183,0.916,-1.122
2026-06-01 14:07:36.100,2206395556,548100,1,1.03052,-0.03784,0.35693,2.481,4.84,1.664
2026-06-01 14:07:36.100,2206395556,548100,2,1.01001,-0.14746,-0.17725,-3.16,-0.298,-1.099
2026-06-01 14:07:37.300,2206396756,548300,1,1.02148,-0.0498,0.36963,2.351,4.282,0.763
2026-06-01 14:07:37.300,2206396756,548300,2,1.01538,-0.13013,-0.17114,0.046,1.076,-0.321
2026-06-01 14:07:37.500,2206396956,548500,1,1.0249,-0.04639,0.37476,2.802,2.542,1.504
2026-06-01 14:07:37.500,2206396956,548500,2,1.0188,-0.12842,-0.16895,1.748,1.198,-0.481
2026-06-01 14:07:37.700,2206397156,548700,1,1.02515,-0.05737,0.375,1.855,2.55,-0.115
2026-06-01 14:07:37.700,2206397156,548700,2,1.01563,-0.12866,-0.14526,-0.145,-0.038,0.656
2026-06-01 14:07:37.900,2206397356,548900,1,1.02295,-0.05566,0.38159,1.634,0.435,0.55
2026-06-01 14:07:37.900,2206397356,548900,2,1.0188,-0.12915,-0.16797,1.229,-0.206,0.924
2026-06-01 14:07:37.100,2206396556,549100,1,1.02368,-0.05469,0.37402,1.473,0.214,0.45
2026-06-01 14:07:37.100,2206396556,549100,2,1.02905,-0.12109,-0.19849,0.16,-2.962,1.771
2026-06-01 14:07:38.300,2206397756,549300,1,1.02222,-0.05322,0.37354,1.504,1.267,-0.519
2026-06-01 14:07:38.300,2206397756,549300,2,1.0166,-0.12549,-0.16162,-0.26,-0.443,0.649
2026-06-01 14:07:38.500,2206397956,549500,1,1.01416,-0.05151,0.3562,1.443,1.0,-0.786
2026-06-01 14:07:38.500,2206397956,549500,2,1.01538,-0.12354,-0.17188,-2.267,-0.687,0.802
2026-06-01 14:07:38.700,2206398156,549700,1,1.0249,-0.05029,0.36719,1.779,2.374,-0.725
2026-06-01 14:07:38.700,2206398156,549700,2,1.01343,-0.12402,-0.17822,-0.802,0.42,0.183
2026-06-01 14:07:38.947,2206398403,549946,1,1.0166,-0.02686,0.37036,2.55,1.603,2.359
2026-06-01 14:07:38.947,2206398403,549946,2,1.02173,-0.12158,-0.18555,1.954,0.969,1.656
2026-06-01 14:07:38.146,2206397602,550146,1,1.03467,-0.06348,0.35718,-2.641,1.969,-0.031
2026-06-01 14:07:38.146,2206397602,550146,2,1.021,-0.13281,-0.16797,-3.87,2.397,2.397
2026-06-01 14:07:39.346,2206398802,550346,1,1.03442,-0.0542,0.35571,-4.374,3.183,-0.298
2026-06-01 14:07:39.346,2206398802,550346,2,1.02563,-0.1394,-0.1709,-6.855,4.489,3.435
2026-06-01 14:07:39.546,2206399002,550546,1,1.04004,-0.06274,0.32349,-6.443,15.679,-1.74
2026-06-01 14:07:39.546,2206399002,550546,2,1.0166,-0.12231,-0.1084,-10.405,23.557,-5.0
2026-06-01 14:07:39.746,2206399202,550746,1,1.05786,-0.08521,0.32129,-12.031,46.595,-6.137
2026-06-01 14:07:39.746,2206399202,550746,2,1.09497,-0.12402,-0.0542,-12.954,52.084,-20.618
2026-06-01 14:07:39.946,2206399402,550946,1,0.78003,-0.07178,0.64941,-17.008,70.718,-16.588
2026-06-01 14:07:39.946,2206399402,550946,2,0.94312,-0.03418,0.17847,-22.122,54.16,-29.489
2026-06-01 14:07:39.146,2206398602,551146,1,0.73779,-0.07935,0.89136,5.832,51.168,-13.779
2026-06-01 14:07:39.146,2206398602,551146,2,0.96265,0.02026,0.28467,8.435,20.489,-18.427
2026-06-01 14:07:40.346,2206399802,551346,1,0.68066,0.03052,0.90967,8.794,7.55,-4.656
2026-06-01 14:07:40.346,2206399802,551346,2,0.94507,0.04736,0.33813,3.695,0.244,0.023
2026-06-01 14:07:40.546,2206400002,551546,1,0.7229,0.03882,0.86987,3.244,-9.947,-0.817
2026-06-01 14:07:40.546,2206400002,551546,2,0.9624,0.06738,0.26318,6.145,-15.809,9.389
2026-06-01 14:07:40.746,2206400202,551746,1,0.72876,0.01978,0.86304,2.267,-21.947,4.237
2026-06-01 14:07:40.746,2206400202,551746,2,0.99097,0.06006,0.2373,15.519,-27.695,16.443
2026-06-01 14:07:40.946,2206400402,551946,1,0.77637,0.0376,0.7124,16.466,-48.458,10.634
2026-06-01 14:07:40.946,2206400402,551946,2,0.96973,0.0022,0.0918,24.42,-42.771,22.473
2026-06-01 14:07:40.146,2206399602,552146,1,0.92798,0.02417,0.50439,22.893,-45.282,17.718
2026-06-01 14:07:40.146,2206399602,552146,2,1.01709,-0.04639,-0.03809,22.534,-30.229,12.359
2026-06-01 14:07:41.346,2206400802,552346,1,1.00757,0.00488,0.42334,3.031,-26.985,9.809
2026-06-01 14:07:41.346,2206400802,552346,2,1.05566,-0.09448,-0.0918,-12.649,-5.985,8.42
2026-06-01 14:07:41.671,2206401127,552671,1,1.01636,-0.04541,0.38965,-11.496,7.115,-2.115
2026-06-01 14:07:41.671,2206401127,552671,2,1.00098,-0.2146,-0.13794,-3.847,1.511,9.885
2026-06-01 14:07:41.987,2206401443,552987,1,1.04346,-0.15381,0.33789,7.947,-15.916,16.153
2026-06-01 14:07:41.987,2206401443,552987,2,1.15137,-0.15259,-0.13208,32.725,-7.076,1.046
2026-06-01 14:07:41.187,2206400643,553187,1,0.979,-0.09692,0.30273,6.038,-8.588,3.71
2026-06-01 14:07:41.187,2206400643,553187,2,0.95728,-0.16235,-0.1084,0.931,2.824,-0.191
2026-06-01 14:07:42.387,2206401843,553387,1,1.05054,-0.08154,0.36401,3.237,8.908,0.015
2026-06-01 14:07:42.387,2206401843,553387,2,1.021,-0.17261,-0.12915,1.26,6.45,-1.466
2026-06-01 14:07:42.587,2206402043,553587,1,1.01929,-0.1123,0.35059,7.908,12.351,0.267
2026-06-01 14:07:42.587,2206402043,553587,2,1.04199,-0.11157,-0.0498,11.29,10.977,-9.55
2026-06-01 14:07:42.787,2206402243,553787,1,1.02051,0.01514,0.42969,10.74,10.42,-8.351
2026-06-01 14:07:42.787,2206402243,553787,2,1.02905,-0.0647,-0.11694,1.015,1.26,-7.626
2026-06-01 14:07:42.987,2206402443,553987,1,1.00439,0.06152,0.39551,-0.275,-6.366,-14.71
2026-06-01 14:07:42.987,2206402443,553987,2,1.17651,-0.18359,0.07397,-17.015,8.908,17.603
2026-06-01 14:07:43.280,2206402736,554280,1,0.9978,0.01416,0.36963,-14.328,-3.901,-2.443
2026-06-01 14:07:43.280,2206402736,554280,2,1.02979,-0.14551,-0.12964,-22.962,8.031,9.084
2026-06-01 14:07:43.586,2206403042,554586,1,1.00977,-0.03296,0.37988,-25.382,2.87,-8.084
2026-06-01 14:07:43.586,2206403042,554586,2,0.99536,-0.15088,-0.11499,-16.237,1.817,7.702
2026-06-01 14:07:43.901,2206403357,554901,1,1.04004,-0.01367,0.36133,-10.977,-4.885,-1.771
2026-06-01 14:07:43.901,2206403357,554901,2,1.01196,-0.17163,-0.11328,-4.756,-1.885,1.832
2026-06-01 14:07:43.188,2206402644,555188,1,1.02344,-0.03467,0.36108,-3.221,-0.466,-1.832
2026-06-01 14:07:43.188,2206402644,555188,2,0.99658,-0.15967,-0.10181,16.069,-4.092,-1.427
2026-06-01 14:07:44.669,2206404125,555669,1,1.0127,0.04126,0.34521,9.511,-0.573,2.061
2026-06-01 14:07:44.669,2206404125,555669,2,1.00732,-0.16724,-0.14038,1.557,-0.374,3.023
2026-06-01 14:07:44.937,2206404393,555937,1,1.03101,-0.02539,0.31763,-5.878,0.634,2.458
2026-06-01 14:07:44.937,2206404393,555937,2,0.90845,-0.1377,-0.1438,-3.427,-10.153,6.985
2026-06-01 14:07:44.137,2206403593,556137,1,1.06592,-0.0498,0.26563,0.153,1.031,-1.008
2026-06-01 14:07:44.137,2206403593,556137,2,1.02148,-0.12378,-0.19336,8.824,-2.489,0.573
2026-06-01 14:07:45.337,2206404793,556337,1,1.02734,0.0061,0.31885,-22.992,5.87,-10.855
2026-06-01 14:07:45.337,2206404793,556337,2,1.02124,-0.20728,-0.14795,3.45,20.046,1.252
2026-06-01 14:07:45.537,2206404993,556537,1,1.02197,-0.01343,0.33032,-18.725,6.26,-6.359
2026-06-01 14:07:45.537,2206404993,556537,2,1.06812,-0.18286,-0.10303,15.084,6.817,3.939
2026-06-01 14:07:45.737,2206405193,556737,1,1.03101,-0.01538,0.31714,-4.13,-0.84,0.992
2026-06-01 14:07:45.737,2206405193,556737,2,1.01343,-0.18286,-0.12793,-6.168,-1.115,-0.16
2026-06-01 14:07:45.946,2206405402,556946,1,1.03589,-0.01514,0.31763,0.366,0.366,0.985
2026-06-01 14:07:45.946,2206405402,556946,2,1.02832,-0.1748,-0.12695,1.969,-3.672,-0.756
2026-06-01 14:07:45.146,2206404602,557146,1,1.04126,-0.02271,0.31641,3.115,1.237,1.969
2026-06-01 14:07:45.146,2206404602,557146,2,1.01514,-0.17407,-0.14526,2.137,-2.092,0.763
2026-06-01 14:07:46.346,2206405802,557346,1,1.0437,-0.02661,0.30713,4.992,2.947,1.374
2026-06-01 14:07:46.346,2206405802,557346,2,1.01099,-0.177,-0.16895,1.992,-1.397,-1.74
2026-06-01 14:07:46.546,2206406002,557546,1,1.03394,-0.01563,0.31372,4.16,1.344,-2.046
2026-06-01 14:07:46.546,2206406002,557546,2,1.00757,-0.1626,-0.18335,3.168,-2.061,-2.725
2026-06-01 14:07:46.777,2206406233,557777,1,1.03857,-0.01318,0.30371,3.954,-1.321,-1.13
2026-06-01 14:07:46.777,2206406233,557777,2,1.04858,-0.16357,-0.17871,2.092,0.893,0.351
2026-06-01 14:07:46.977,2206406433,557977,1,1.05225,-0.01611,0.29517,1.496,1.901,-0.344
2026-06-01 14:07:46.977,2206406433,557977,2,1.01489,-0.16016,-0.15796,-0.069,0.565,-0.344
2026-06-01 14:07:46.177,2206405633,558177,1,1.0415,-0.0083,0.29102,0.115,3.099,-0.282
2026-06-01 14:07:46.177,2206405633,558177,2,1.01074,-0.16797,-0.17554,-2.565,0.58,-0.427
2026-06-01 14:07:47.377,2206406833,558377,1,1.05444,-0.01831,0.29443,-2.069,4.0,-0.618
2026-06-01 14:07:47.377,2206406833,558377,2,1.03467,-0.16455,-0.18115,-4.84,1.122,-2.29
2026-06-01 14:07:47.577,2206407033,558577,1,1.0354,-0.04834,0.30786,3.244,6.412,-1.664
2026-06-01 14:07:47.577,2206407033,558577,2,1.02832,-0.17261,-0.12622,6.115,3.076,-1.878
2026-06-01 14:07:47.777,2206407233,558777,1,1.04663,-0.04688,0.32813,44.756,14.244,-1.412
2026-06-01 14:07:47.777,2206407233,558777,2,1.02515,-0.16016,-0.10962,55.366,-3.137,-13.878
2026-06-01 14:07:47.977,2206407433,558977,1,0.99683,0.06104,0.36523,72.618,19.076,11.74
2026-06-01 14:07:47.977,2206407433,558977,2,0.98853,-0.05786,-0.14478,73.947,-2.45,-12.534
2026-06-01 14:07:47.177,2206406633,559177,1,1.04199,0.13916,0.40942,51.092,6.511,14.817
2026-06-01 14:07:47.177,2206406633,559177,2,1.03271,-0.00879,-0.16577,23.481,-9.45,-9.443
2026-06-01 14:07:48.377,2206407833,559377,1,0.99829,0.09033,0.39795,15.427,1.511,10.809
2026-06-01 14:07:48.377,2206407833,559377,2,1.02832,-0.0271,-0.17578,8.374,-3.443,-1.534
2026-06-01 14:07:48.577,2206408033,559577,1,1.00342,0.04053,0.37988,12.71,4.305,2.634
2026-06-01 14:07:48.577,2206408033,559577,2,1.01831,-0.01392,-0.17236,1.191,0.237,-2.305
2026-06-01 14:07:48.777,2206408233,559777,1,1.00562,0.09106,0.41064,-6.069,3.191,-4.267
2026-06-01 14:07:48.777,2206408233,559777,2,1.02563,-0.00366,-0.18604,-10.611,4.863,7.42
2026-06-01 14:07:48.977,2206408433,559977,1,0.99268,0.06445,0.3938,-36.0,-4.366,-7.244
2026-06-01 14:07:48.977,2206408433,559977,2,1.01831,-0.04932,-0.14209,-28.557,-1.458,11.748
2026-06-01 14:07:48.177,2206407633,560177,1,1.0105,0.03125,0.36572,-26.374,-0.145,-7.374
2026-06-01 14:07:48.177,2206407633,560177,2,1.00757,-0.01733,-0.20483,-29.458,-7.931,2.672
2026-06-01 14:07:49.377,2206408833,560377,1,1.02686,0.09277,0.36621,-23.748,-1.298,-14.374
2026-06-01 14:07:49.377,2206408833,560377,2,1.06812,-0.06641,-0.19214,-17.076,3.802,5.611
2026-06-01 14:07:49.577,2206409033,560577,1,1.08252,0.10962,0.35693,-26.809,-0.794,-9.496
2026-06-01 14:07:49.577,2206409033,560577,2,1.04492,-0.02661,-0.2356,-24.29,6.183,-9.061
2026-06-01 14:07:49.777,2206409233,560777,1,0.93726,0.18311,0.3501,-14.038,-6.031,-20.878
2026-06-01 14:07:49.777,2206409233,560777,2,1.02246,0.11426,-0.12402,-27.71,5.557,-6.496
2026-06-01 14:07:49.977,2206409433,560977,1,0.89771,0.09961,0.40991,-8.863,13.809,-21.145
2026-06-01 14:07:49.977,2206409433,560977,2,0.92798,0.00952,-0.15576,-29.84,-8.802,-24.13
2026-06-01 14:07:49.194,2206408650,561194,1,1.15063,0.15381,0.50269,-27.0,-3.489,-9.55
2026-06-01 14:07:49.194,2206408650,561194,2,0.90771,-0.15356,-0.0813,-27.198,3.198,29.366
2026-06-01 14:07:50.394,2206409850,561394,1,0.97583,0.04541,0.31885,-12.702,-13.71,27.496
2026-06-01 14:07:50.394,2206409850,561394,2,1.00684,-0.03687,-0.02002,4.771,-5.145,4.489
2026-06-01 14:07:50.594,2206410050,561594,1,1.11938,-0.09741,0.36548,-2.863,10.008,24.733
2026-06-01 14:07:50.594,2206410050,561594,2,1.11377,-0.15283,-0.14282,-0.916,3.718,-1.313
2026-06-01 14:07:50.794,2206410250,561794,1,0.93872,-0.15576,0.46655,22.771,7.649,29.13
2026-06-01 14:07:50.794,2206410250,561794,2,0.98242,-0.15723,0.01611,13.924,10.168,3.344
2026-06-01 14:07:50.994,2206410450,561994,1,1.07373,-0.16626,0.45752,14.382,7.061,28.863
2026-06-01 14:07:50.994,2206410450,561994,2,1.04175,-0.02759,-0.13062,12.954,20.435,17.015
2026-06-01 14:07:50.194,2206409650,562194,1,0.94434,-0.04712,0.60864,25.611,13.763,4.939
2026-06-01 14:07:50.194,2206409650,562194,2,1.18408,0.01685,-0.0415,9.145,-8.824,-12.45
2026-06-01 14:07:51.394,2206410850,562394,1,0.91431,-0.02051,0.43945,1.29,-10.771,-7.58
2026-06-01 14:07:51.394,2206410850,562394,2,0.98682,0.07275,-0.09009,-1.947,-6.924,3.908
2026-06-01 14:07:51.595,2206411051,562595,1,1.01245,0.00586,0.47266,-23.786,-4.641,-36.672
2026-06-01 14:07:51.595,2206411051,562595,2,1.06177,-0.05518,-0.16089,-33.008,-8.649,-7.466
2026-06-01 14:07:51.795,2206411251,562795,1,0.99805,0.10303,0.43359,-20.145,-7.824,-17.985
2026-06-01 14:07:51.795,2206411251,562795,2,1.04443,0.01294,-0.11792,-14.878,1.977,7.939
2026-06-01 14:07:51.995,2206411451,562995,1,1.0061,0.12524,0.40137,-21.985,-4.443,-14.947
2026-06-01 14:07:51.995,2206411451,562995,2,1.03296,0.0249,-0.13599,-23.908,1.099,-1.122
2026-06-01 14:07:51.195,2206410651,563195,1,1.00586,-0.00537,0.4458,-17.42,2.313,-10.618
2026-06-01 14:07:51.195,2206410651,563195,2,0.94702,-0.11719,-0.07983,-42.634,-7.099,-11.504
2026-06-01 14:07:52.395,2206411851,563395,1,1.01489,0.03833,0.40771,-30.031,-5.496,-13.435
2026-06-01 14:07:52.395,2206411851,563395,2,1.00732,-0.10303,-0.10254,-33.977,-6.656,6.527
2026-06-01 14:07:52.595,2206412051,563595,1,1.07031,-0.02832,0.39893,-24.969,0.038,-1.076
2026-06-01 14:07:52.595,2206412051,563595,2,1.03735,-0.1272,-0.08008,-3.672,4.87,7.634
2026-06-01 14:07:52.795,2206412251,563795,1,1.03442,0.00098,0.38428,-6.71,-2.756,6.588
2026-06-01 14:07:52.795,2206412251,563795,2,1.02271,-0.11646,-0.14233,-9.176,-3.565,7.527
2026-06-01 14:07:52.995,2206412451,563995,1,1.02686,-0.01782,0.35571,-7.832,-4.656,-0.221
2026-06-01 14:07:52.995,2206412451,563995,2,1.02979,-0.11719,-0.13965,-8.458,-0.13,9.046
2026-06-01 14:07:52.195,2206411651,564195,1,1.02686,-0.02246,0.3584,-4.038,-1.435,-1.191
2026-06-01 14:07:52.195,2206411651,564195,2,1.01978,-0.13892,-0.14282,-7.687,-2.214,3.656
2026-06-01 14:07:53.395,2206412851,564395,1,1.01929,-0.00513,0.34912,-0.038,-0.511,-0.473
2026-06-01 14:07:53.395,2206412851,564395,2,0.96924,-0.14087,-0.15039,0.908,-6.053,0.931
2026-06-01 14:07:53.595,2206413051,564595,1,1.03955,-0.00708,0.3396,0.023,0.305,1.015
2026-06-01 14:07:53.595,2206413051,564595,2,1.02246,-0.13501,-0.1792,-2.053,-0.847,0.298
2026-06-01 14:07:53.795,2206413251,564795,1,1.03809,-0.00952,0.33716,2.733,2.267,1.122
2026-06-01 14:07:53.795,2206413251,564795,2,1.0188,-0.13184,-0.18091,-0.924,,-0.374
2026-06-01 14:07:53.017,2206412473,565017,1,1.021,-0.02515,0.34351,,2.435,-0.87
2026-06-01 14:07:53.017,2206412473,565017,2,1.01514,-0.13745,-0.18628,-1.13,1.328,0.954
2026-06-01 14:07:53.217,2206412673,565217,1,1.0354,-0.0166,0.33398,-1.519,2.008,-1.771
2026-06-01 14:07:53.217,2206412673,565217,2,1.0188,-0.13354,-0.18042,-3.008,1.031,0.931
2026-06-01 14:07:54.417,2206413873,565417,1,1.03418,-0.021,0.34692,0.137,1.443,-1.305
2026-06-01 14:07:54.417,2206413873,565417,2,1.01587,-0.14404,-0.17578,1.847,0.42,-0.939
2026-06-01 14:07:54.617,2206414073,565617,1,1.03931,-0.00977,0.3418,2.374,2.618,0.092
2026-06-01 14:07:54.617,2206414073,565617,2,1.01221,-0.13379,-0.15088,1.298,1.656,-0.29
2026-06-01 14:07:54.817,2206414273,565817,1,1.03467,-0.00903,0.34326,3.71,1.817,2.092
2026-06-01 14:07:54.817,2206414273,565817,2,1.00952,-0.11865,-0.16943,2.366,0.275,0.458
2026-06-01 14:07:54.017,2206413473,566017,1,1.02979,-0.03027,0.35205,-1.321,0.855,-0.366
2026-06-01 14:07:54.017,2206413473,566017,2,0.97974,-0.15527,-0.11499,-3.0,-0.069,3.023
2026-06-01 14:07:54.217,2206413673,566217,1,1.03589,-0.02856,0.34155,-1.29,1.053,-0.55
2026-06-01 14:07:54.217,2206413673,566217,2,1.04419,-0.13477,-0.15796,-2.878,-1.29,1.695
2026-06-01 14:07:55.417,2206414873,566417,1,1.02808,-0.03125,0.33521,0.519,2.87,-0.763
2026-06-01 14:07:55.417,2206414873,566417,2,1.01611,-0.13232,-0.18018,-1.542,-0.16,-0.847
2026-06-01 14:07:55.617,2206415073,566617,1,1.03467,-0.02075,0.33228,-0.267,2.58,-1.405
2026-06-01 14:07:55.617,2206415073,566617,2,1.01929,-0.12671,-0.16895,-1.771,0.924,-0.084
2026-06-01 14:07:55.817,2206415273,566817,1,1.03296,-0.02515,0.34033,0.695,2.496,-0.687
2026-06-01 14:07:55.817,2206415273,566817,2,1.01294,-0.12988,-0.18384,0.092,0.168,0.527
2026-06-01 14:07:55.017,2206414473,567017,1,1.03027,-0.0188,0.34424,0.275,1.237,-0.061
2026-06-01 14:07:55.017,2206414473,567017,2,1.01563,-0.11719,-0.18286,-2.069,-1.412,1.176
2026-06-01 14:07:55.217,2206414673,567217,1,1.03271,-0.02686,0.34595,0.885,1.229,-0.198
2026-06-01 14:07:55.217,2206414673,567217,2,1.01733,-0.13232,-0.18115,-0.298,-1.092,0.618
2026-06-01 14:07:56.417,2206415873,567417,1,1.03735,-0.03223,0.33838,3.786,3.412,-0.198
2026-06-01 14:07:56.417,2206415873,567417,2,1.01538,-0.13062,-0.19897,0.458,-0.664,-1.656
2026-06-01 14:07:56.617,2206416073,567617,1,1.03174,-0.01318,0.34546,1.389,3.427,-1.298
2026-06-01 14:07:56.617,2206416073,567617,2,1.01855,-0.13135,-0.18384,-2.084,0.58,
2026-06-01 14:07:56.817,2206416273,567817,1,1.03247,-0.01392,0.34839,0.878,3.481,-0.756
2026-06-01 14:07:56.817,2206416273,567817,2,1.01611,-0.12866,-0.20557,0.298,1.321,0.359
2026-06-01 14:07:56.027,2206415483,568027,1,1.02344,-0.01147,0.35352,0.809,2.763,-0.176
2026-06-01 14:07:56.027,2206415483,568027,2,1.01245,-0.12915,-0.20044,-1.061,1.084,0.977
2026-06-01 14:07:56.227,2206415683,568227,1,1.03101,-0.0188,0.35498,0.084,2.107,-0.153
2026-06-01 14:07:56.227,2206415683,568227,2,1.02002,-0.1311,-0.18579,-0.771,1.008,1.183
2026-06-01 14:07:57.427,2206416883,568427,1,1.02368,-0.01807,0.3645,1.344,2.29,0.481
2026-06-01 14:07:57.427,2206416883,568427,2,1.01367,-0.1228,-0.17725,1.031,1.519,0.282
2026-06-01 14:07:57.627,2206417083,568627,1,1.021,-0.02588,0.37061,0.672,1.214,0.076
2026-06-01 14:07:57.627,2206417083,568627,2,1.02075,-0.12866,-0.18262,-1.046,0.237,-0.115
2026-06-01 14:07:57.897,2206417353,568897,1,1.02881,-0.02368,0.37061,0.336,1.901,-1.145
2026-06-01 14:07:57.897,2206417353,568897,2,1.01318,-0.13086,-0.17163,-0.565,0.618,0.298
2026-06-01 14:07:57.097,2206416553,569097,1,1.03052,-0.02344,0.36035,0.511,1.29,-0.908
2026-06-01 14:07:57.097,2206416553,569097,2,1.01733,-0.12964,-0.18115,-0.046,0.985,0.298
2026-06-01 14:07:58.297,2206417753,569297,1,1.02637,-0.02075,0.36523,0.466,1.527,-0.443
2026-06-01 14:07:58.297,2206417753,569297,2,1.01611,-0.12402,-0.17871,-0.107,0.473,0.382
2026-06-01 14:07:58.497,2206417953,569497,1,1.02539,-0.02026,0.36694,0.282,1.55,-1.183
2026-06-01 14:07:58.497,2206417953,569497,2,1.01367,-0.12451,-0.18213,-1.748,0.42,0.489
2026-06-01 14:07:58.697,2206418153,569697,1,1.03101,-0.01953,0.35327,0.13,1.992,-0.687
2026-06-01 14:07:58.697,2206418153,569697,2,1.02075,-0.11963,-0.18042,-2.573,0.252,0.267
2026-06-01 14:07:58.897,2206418353,569897,1,1.021,-0.01221,0.36011,-0.794,1.374,-0.931
2026-06-01 14:07:58.897,2206418353,569897,2,1.01343,-0.11841,-0.18286,-3.153,-0.092,1.198
2026-06-01 14:07:58.167,2206417623,570166,1,1.03052,-0.02295,0.35132,0.855,2.0,-0.191
2026-06-01 14:07:58.167,2206417623,570166,2,1.02466,-0.12109,-0.18188,-1.366,0.321,0.603
2026-06-01 14:07:59.366,2206418822,570366,1,1.0271,-0.021,0.35327,2.053,2.344,-0.595
2026-06-01 14:07:59.366,2206418822,570366,2,1.01221,-0.13086,-0.19092,-3.519,0.725,0.87
2026-06-01 14:07:59.566,2206419022,570566,1,1.02856,-0.01343,0.36426,0.588,1.351,-0.489
2026-06-01 14:07:59.566,2206419022,570566,2,1.01636,-0.12988,-0.19458,-2.786,0.206,1.214
2026-06-01 14:07:59.766,2206419222,570766,1,1.02832,-0.02148,0.35425,0.389,1.473,0.481
2026-06-01 14:07:59.766,2206419222,570766,2,1.01343,-0.13403,-0.17578,-2.336,-0.313,0.885
2026-06-01 14:07:59.966,2206419422,570966,1,1.02148,-0.02197,0.35352,0.84,1.534,-0.206
2026-06-01 14:07:59.966,2206419422,570966,2,1.01587,-0.12744,-0.19604,-0.031,1.198,0.137
2026-06-01 14:07:59.211,2206418667,571210,1,1.03589,-0.02002,0.34814,1.046,2.366,-0.374
2026-06-01 14:07:59.211,2206418667,571210,2,1.02075,-0.13452,-0.17993,0.779,1.183,-0.389
2026-06-01 14:08:00.410,2206419866,571410,1,1.02612,-0.02588,0.36157,1.084,2.359,-0.725
2026-06-01 14:08:00.410,2206419866,571410,2,1.01733,-0.12524,-0.18188,-0.87,0.901,-0.076
2026-06-01 14:08:00.616,2206420072,571616,1,1.03003,-0.02783,0.35474,-0.382,1.695,-0.985
2026-06-01 14:08:00.616,2206420072,571616,2,1.01489,-0.12402,-0.17651,-0.267,0.565,0.13
2026-06-01 14:08:00.823,2206420279,571823,1,1.02051,-0.00366,0.36621,-0.107,0.519,3.008
2026-06-01 14:08:00.823,2206420279,571823,2,1.01489,-0.13306,-0.18726,-0.29,2.679,2.863
2026-06-01 14:08:00.023,2206419479,572023,1,1.02808,-0.04004,0.34692,-3.183,0.725,-2.802
2026-06-01 14:08:00.023,2206419479,572023,2,1.04028,-0.12671,-0.20679,-4.252,1.588,1.756
2026-06-01 14:08:00.223,2206419679,572223,1,1.02881,-0.01733,0.3623,-2.954,0.992,-3.061
2026-06-01 14:08:00.223,2206419679,572223,2,0.96631,-0.13452,-0.17554,-1.015,-2.947,2.397
2026-06-01 14:08:01.423,2206420879,572423,1,1.0354,-0.01807,0.34888,-0.405,0.679,0.237
2026-06-01 14:08:01.423,2206420879,572423,2,0.99951,-0.15381,-0.18994,-1.198,-0.687,0.618
2026-06-01 14:08:01.623,2206421079,572623,1,1.03442,-0.03271,0.33228,1.305,0.191,0.382
2026-06-01 14:08:01.623,2206421079,572623,2,1.01685,-0.13696,-0.18237,0.511,-1.779,0.374
2026-06-01 14:08:01.877,2206421333,572877,1,1.0332,-0.02637,0.33105,4.26,0.435,-0.679
2026-06-01 14:08:01.877,2206421333,572877,2,1.01465,-0.14551,-0.20337,0.702,-2.214,-0.084
2026-06-01 14:08:01.077,2206420533,573077,1,1.03906,-0.02173,0.32031,3.908,0.55,-1.504
2026-06-01 14:08:01.077,2206420533,573077,2,1.01221,-0.12817,-0.20728,0.977,-1.74,-0.412
2026-06-01 14:08:02.277,2206421733,573277,1,1.03442,-0.00781,0.33008,2.145,-0.366,-2.282
2026-06-01 14:08:02.277,2206421733,573277,2,1.02295,-0.14038,-0.21631,-1.481,-2.26,-0.466
2026-06-01 14:08:02.477,2206421933,573477,1,1.03271,,0.31909,-0.237,-0.687,-2.656
2026-06-01 14:08:02.477,2206421933,573477,2,1.01782,-0.14136,-0.23877,-4.573,-2.58,1.153
2026-06-01 14:08:02.677,2206422133,573677,1,1.04712,-0.00024,0.31055,-2.718,-0.168,-2.252
2026-06-01 14:08:02.677,2206422133,573677,2,1.00928,-0.13696,-0.21973,-2.076,0.908,0.969
2026-06-01 14:08:02.897,2206422353,573897,1,1.05249,0.01587,0.30786,-3.649,0.985,-0.969
2026-06-01 14:08:02.897,2206422353,573897,2,1.01123,-0.13672,-0.21875,-2.962,0.481,0.931
2026-06-01 14:08:02.097,2206421553,574097,1,1.04565,0.00195,0.30225,-2.267,0.221,-0.672
2026-06-01 14:08:02.097,2206421553,574097,2,0.99585,-0.14233,-0.24194,-2.031,1.748,1.84
2026-06-01 14:08:03.298,2206422754,574298,1,1.04712,-0.00244,0.2959,-1.115,2.267,-0.046
2026-06-01 14:08:03.298,2206422754,574298,2,1.01978,-0.1438,-0.2002,-1.58,2.672,0.015
2026-06-01 14:08:03.498,2206422954,574498,1,1.03662,-0.00928,0.3103,0.153,2.969,-0.092
2026-06-01 14:08:03.498,2206422954,574498,2,1.01367,-0.14404,-0.21362,-1.359,0.916,-0.725
2026-06-01 14:08:03.698,2206423154,574698,1,1.04248,-0.01294,0.30786,1.008,2.969,0.511
2026-06-01 14:08:03.698,2206423154,574698,2,1.00854,-0.13916,-0.19556,-0.481,0.595,-0.244
2026-06-01 14:08:03.899,2206423355,574899,1,1.03735,-0.00977,0.31055,1.252,2.099,0.092
2026-06-01 14:08:03.899,2206423355,574899,2,1.01294,-0.13623,-0.20532,-0.611,0.405,0.779
2026-06-01 14:08:03.099,2206422555,575099,1,1.03149,-0.01025,0.32471,-0.015,1.237,-0.015
2026-06-01 14:08:03.099,2206422555,575099,2,1.01147,-0.13452,-0.2085,-1.626,-0.122,0.473
2026-06-01 14:08:04.299,2206423755,575299,1,1.04028,-0.00586,0.30884,-1.107,1.214,-1.55
2026-06-01 14:08:04.299,2206423755,575299,2,1.01245,-0.14014,-0.19653,-2.435,0.855,0.824
2026-06-01 14:08:04.499,2206423955,575499,1,1.04248,-0.00293,0.30518,0.244,2.008,-1.473
2026-06-01 14:08:04.499,2206423955,575499,2,1.01489,-0.14331,-0.21265,-5.053,-0.527,0.702
2026-06-01 14:08:04.699,2206424155,575699,1,1.0354,-0.0022,0.29785,,1.038,-1.313
2026-06-01 14:08:04.699,2206424155,575699,2,1.01489,-0.14209,-0.21729,-4.947,-2.29,0.847
2026-06-01 14:08:04.899,2206424355,575899,1,1.04077,-0.00464,0.2959,0.412,0.45,-0.832
2026-06-01 14:08:04.899,2206424355,575899,2,1.00488,-0.14087,-0.22925,-3.351,-1.412,1.176
2026-06-01 14:08:04.099,2206423555,576099,1,1.03882,0.00464,0.29297,-0.634,0.672,-1.511
2026-06-01 14:08:04.099,2206423555,576099,2,1.00537,-0.14551,-0.22925,-0.763,1.863,0.641
2026-06-01 14:08:05.299,2206424755,576299,1,1.04565,0.00342,0.28564,0.374,2.191,-1.191
2026-06-01 14:08:05.299,2206424755,576299,2,1.01001,-0.10181,-0.20435,24.756,-1.076,-6.634
2026-06-01 14:08:08.422,2206427878,579422,1,1.02759,0.0022,0.34839,25.664,5.244,9.473
2026-06-01 14:08:08.422,2206427878,579422,2,1.01758,-0.06714,-0.19995,22.58,-2.282,-6.382
2026-06-01 14:08:08.622,2206428078,579622,1,1.02686,-0.01807,0.354,16.901,3.527,4.183
2026-06-01 14:08:08.622,2206428078,579622,2,1.02344,-0.04883,-0.20581,10.45,-0.031,-12.885
2026-06-01 14:08:08.871,2206428327,579871,1,1.01147,-0.00635,0.38379,11.183,3.176,-9.779
2026-06-01 14:08:08.871,2206428327,579871,2,1.021,-0.05371,-0.17114,1.389,-0.595,-8.893
2026-06-01 14:08:08.071,2206427527,580071,1,1.02563,0.01001,0.39551,4.038,5.458,-10.588
2026-06-01 14:08:08.071,2206427527,580071,2,1.02515,-0.05078,-0.16211,0.389,3.031,-2.588
2026-06-01 14:08:09.427,2206428883,580427,1,1.01709,0.01001,0.42261,-3.725,5.26,2.496
2026-06-01 14:08:09.427,2206428883,580427,2,1.02905,-0.10474,-0.15698,-5.641,3.802,9.366
2026-06-01 14:08:09.672,2206429128,580672,1,1.00171,-0.06226,0.4165,0.939,1.885,5.45
2026-06-01 14:08:09.672,2206429128,580672,2,1.00439,-0.15796,-0.11304,12.733,3.053,9.969
2026-06-01 14:08:09.896,2206429352,580896,1,1.05859,-0.08691,0.39575,34.29,2.603,19.878
2026-06-01 14:08:09.896,2206429352,580896,2,1.0166,-0.13379,-0.13281,41.573,5.328,9.954
2026-06-01 14:08:09.096,2206428552,581096,1,1.01611,-0.04224,0.38794,51.893,13.641,20.42
2026-06-01 14:08:09.096,2206428552,581096,2,1.03442,-0.02539,-0.15796,64.092,5.29,-11.405
2026-06-01 14:08:10.296,2206429752,581296,1,1.00439,0.08765,0.46118,43.053,7.344,5.519
2026-06-01 14:08:10.296,2206429752,581296,2,1.00757,0.00684,-0.17383,27.534,-10.252,-12.275
2026-06-01 14:08:10.496,2206429952,581496,1,0.98218,0.03687,0.4043,20.168,-2.519,-11.122
2026-06-01 14:08:10.496,2206429952,581496,2,1.14941,-0.08252,-0.15356,6.954,-3.076,-18.198
2026-06-01 14:08:10.696,2206430152,581696,1,1.02393,0.23999,0.40625,-20.031,-4.924,-24.412
2026-06-01 14:08:10.696,2206430152,581696,2,0.97119,0.07861,-0.20801,-31.031,4.603,5.473
2026-06-01 14:08:10.896,2206430352,581896,1,1.00928,0.22266,0.3916,-33.664,-0.893,-24.534
2026-06-01 14:08:10.896,2206430352,581896,2,0.96753,0.11426,-0.22192,-24.26,5.832,-1.573
2026-06-01 14:08:10.114,2206429570,582114,1,1.00586,0.21948,0.41284,-13.053,3.786,-12.427
2026-06-01 14:08:10.114,2206429570,582114,2,0.99414,0.00024,-0.08667,-12.405,6.809,-9.122
2026-06-01 14:08:11.314,2206430770,582314,1,1.0061,0.06494,0.55542,-15.168,6.557,1.489
2026-06-01 14:08:11.314,2206430770,582314,2,1.10913,-0.13525,-0.05103,-4.649,8.053,12.412
2026-06-01 14:08:11.514,2206430970,582514,1,0.91382,-0.02856,0.48438,-3.336,-7.374,19.55
2026-06-01 14:08:11.514,2206430970,582514,2,0.97314,-0.14526,-0.06982,2.458,-6.695,13.634
2026-06-01 14:08:11.714,2206431170,582714,1,0.99219,0.05273,0.46484,13.908,-4.237,5.221
2026-06-01 14:08:11.714,2206431170,582714,2,1.05396,-0.09326,-0.06372,4.557,1.74,2.29
2026-06-01 14:08:11.914,2206431370,582914,1,0.95361,-0.03955,0.49658,5.916,-9.626,10.725
2026-06-01 14:08:11.914,2206431370,582914,2,1.06616,-0.03833,-0.11182,7.313,-9.29,-0.16
2026-06-01 14:08:11.114,2206430570,583114,1,1.01636,0.02417,0.37378,-0.74,-1.382,2.924
2026-06-01 14:08:11.114,2206430570,583114,2,1.01685,-0.04199,-0.1377,-1.344,1.794,2.855
2026-06-01 14:08:12.314,2206431770,583314,1,0.97974,-0.01611,0.36011,0.336,3.687,0.099
2026-06-01 14:08:12.314,2206431770,583314,2,0.50146,0.0105,-0.0437,13.588,7.763,5.817
2026-06-01 14:08:12.514,2206431970,583514,1,0.87134,0.07397,0.40894,-2.618,-11.763,4.351
2026-06-01 14:08:12.514,2206431970,583514,2,0.96631,-0.13574,-0.15405,-16.069,3.779,5.198
2026-06-01 14:08:12.908,2206432364,583908,1,1.18359,0.05078,0.53833,16.183,0.634,6.313
2026-06-01 14:08:12.908,2206432364,583908,2,1.40479,-0.10254,-0.11572,7.115,-5.908,-0.267
2026-06-01 14:08:12.141,2206431597,584141,1,1.12671,0.03198,0.4209,2.122,-3.534,1.298
2026-06-01 14:08:12.141,2206431597,584141,2,0.77441,-0.07349,-0.1394,-4.053,-3.916,-2.29
2026-06-01 14:08:13.341,2206432797,584341,1,0.5813,0.01196,0.26904,-0.359,-17.748,2.374
2026-06-01 14:08:13.341,2206432797,584341,2,1.05298,-0.01123,0.01099,18.214,11.977,-4.061
2026-06-01 14:08:13.541,2206432997,584541,1,0.98511,0.02271,0.36426,-4.237,-0.221,-3.122
2026-06-01 14:08:13.541,2206432997,584541,2,1.03125,-0.08105,-0.16455,1.214,2.397,1.954
2026-06-01 14:08:13.741,2206433197,584741,1,1.01514,0.02441,0.36548,1.092,0.771,-2.092
2026-06-01 14:08:13.741,2206433197,584741,2,1.02344,-0.07153,-0.12573,0.115,0.649,0.687
2026-06-01 14:08:13.941,2206433397,584941,1,1.01733,0.03101,0.37451,-3.214,-0.916,-1.115
2026-06-01 14:08:13.941,2206433397,584941,2,0.98877,-0.07007,-0.08545,0.191,-1.527,1.092
2026-06-01 14:08:13.141,2206432597,585141,1,1.01733,0.03662,0.38208,-0.26,1.397,-0.908
2026-06-01 14:08:13.141,2206432597,585141,2,1.02197,-0.05664,-0.1167,-0.351,-0.191,1.107
2026-06-01 14:08:14.341,2206433797,585341,1,1.0188,0.02515,0.37183,1.13,0.817,0.458
2026-06-01 14:08:14.341,2206433797,585341,2,1.03003,-0.06714,-0.14502,-2.145,-0.71,1.435
2026-06-01 14:08:14.541,2206433997,585541,1,1.04419,0.02417,0.34229,-2.046,8.359,-1.221
2026-06-01 14:08:14.541,2206433997,585541,2,1.06396,-0.03125,-0.09521,-10.374,7.397,-5.863
2026-06-01 14:08:14.741,2206434197,585741,1,1.04346,0.02686,0.36108,-8.779,48.763,-12.382
2026-06-01 14:08:14.741,2206434197,585741,2,1.08203,-0.00732,-0.05493,-19.931,43.58,-18.901
2026-06-01 14:08:14.941,2206434397,585941,1,0.76196,0.0249,0.49829,-9.397,99.351,-20.16
2026-06-01 14:08:14.941,2206434397,585941,2,0.92578,0.0354,0.14795,-14.275,97.115,-41.557
2026-06-01 14:08:14.141,2206433597,586141,1,0.51855,0.12573,0.98267,1.954,95.634,-12.855
2026-06-01 14:08:14.141,2206433597,586141,2,0.82935,0.21021,0.44653,-2.618,72.397,-24.55
2026-06-01 14:08:15.341,2206434797,586341,1,0.38062,0.14575,1.20337,-5.725,34.901,-2.847
2026-06-01 14:08:15.341,2206434797,586341,2,0.72729,0.22485,0.60791,-2.618,21.573,-1.855
2026-06-01 14:08:15.541,2206434997,586541,1,0.36035,0.08838,1.09766,-0.092,2.305,0.924
2026-06-01 14:08:15.541,2206434997,586541,2,0.72021,0.21387,0.6377,0.298,-3.328,1.634
2026-06-01 14:08:15.743,2206435199,586743,1,0.39331,0.1084,1.06689,3.557,-4.45,0.542
2026-06-01 14:08:15.743,2206435199,586743,2,0.73999,0.2063,0.6123,3.443,-7.427,2.458
2026-06-01 14:08:15.943,2206435399,586943,1,0.42114,0.13501,1.0166,8.443,-5.626,3.511
2026-06-01 14:08:15.943,2206435399,586943,2,0.75269,0.26465,0.57251,1.435,-6.481,2.679
2026-06-01 14:08:15.143,2206434599,587143,1,0.41406,0.15381,1.01147,-1.29,-0.214,1.557
2026-06-01 14:08:15.143,2206434599,587143,2,0.75195,0.24097,0.56543,-0.595,-0.076,4.267
2026-06-01 14:08:16.343,2206435799,587343,1,0.41724,0.13623,1.15308,-0.427,-11.565,2.931
2026-06-01 14:08:16.343,2206435799,587343,2,0.80469,0.19189,0.53027,2.382,-38.962,20.405
2026-06-01 14:08:16.543,2206435999,587543,1,0.5061,0.10034,1.06299,9.069,-69.763,13.45
2026-06-01 14:08:16.543,2206435999,587543,2,0.89404,0.12476,0.33423,18.359,-78.015,34.557
2026-06-01 14:08:16.792,2206436248,587792,1,0.79126,0.07764,0.53564,22.084,-82.595,22.992
2026-06-01 14:08:16.792,2206436248,587792,2,1.00977,0.03711,0.02319,14.527,-56.634,30.939
2026-06-01 14:08:16.992,2206436448,587992,1,0.99976,0.07007,0.4082,8.664,-45.191,14.55
2026-06-01 14:08:16.992,2206436448,587992,2,1.0686,-0.02393,-0.10718,9.344,-28.962,14.443
2026-06-01 14:08:16.192,2206435648,588192,1,1.06226,0.05786,0.33276,-2.618,-13.618,0.687
2026-06-01 14:08:16.192,2206435648,588192,2,1.0542,-0.03735,-0.1582,-4.511,-4.26,-0.992
2026-06-01 14:08:17.392,2206436848,588392,1,1.0376,0.09106,0.35718,-0.137,4.901,-2.863
2026-06-01 14:08:17.392,2206436848,588392,2,1.02051,-0.0564,-0.15283,6.168,4.267,0.42
2026-06-01 14:08:17.592,2206437048,588592,1,1.0061,0.0708,0.37939,1.695,4.725,0.656
2026-06-01 14:08:17.592,2206437048,588592,2,1.01294,-0.04028,-0.16504,-1.977,0.802,2.061
2026-06-01 14:08:17.792,2206437248,588792,1,1.02124,0.08398,0.35986,-7.832,-1.855,-1.985
2026-06-01 14:08:17.792,2206437248,588792,2,1.01538,-0.05591,-0.17725,-11.702,0.031,5.313
2026-06-01 14:08:17.992,2206437448,588992,1,1.03516,0.03955,0.35059,-11.695,-1.473,-2.649
2026-06-01 14:08:17.992,2206437448,588992,2,1.0127,-0.08716,-0.16821,-13.687,0.511,2.145
2026-06-01 14:08:17.192,2206436648,589192,1,1.03369,0.0376,0.35205,-13.603,4.053,-1.26
2026-06-01 14:08:17.192,2206436648,589192,2,1.02832,-0.08813,-0.17529,-15.527,3.687,2.656
2026-06-01 14:08:18.392,2206437848,589392,1,1.03296,0.02441,0.35498,-11.107,2.511,-3.565
2026-06-01 14:08:18.392,2206437848,589392,2,1.0249,-0.08838,-0.15356,-11.908,3.397,3.092
2026-06-01 14:08:18.592,2206438048,589592,1,1.0249,0.02393,0.37939,-4.817,0.794,-2.992
2026-06-01 14:08:18.592,2206438048,589592,2,1.02393,-0.10132,-0.15918,-7.84,0.198,0.542
2026-06-01 14:08:18.792,2206438248,589792,1,1.02173,0.05078,0.37427,-2.473,3.573,-3.427
2026-06-01 14:08:18.792,2206438248,589792,2,1.02246,-0.09229,-0.15991,-3.565,4.153,0.359
2026-06-01 14:08:18.992,2206438448,589992,1,1.05078,0.05298,0.34131,2.679,5.328,0.573
2026-06-01 14:08:18.992,2206438448,589992,2,1.04834,-0.08496,-0.16577,5.321,5.443,-4.282
2026-06-01 14:08:18.192,2206437648,590192,1,0.93848,0.0647,0.43335,4.153,4.573,2.038
2026-06-01 14:08:18.192,2206437648,590192,2,1.13672,-0.07251,-0.12573,-5.802,-2.802,-3.947
2026-06-01 14:08:19.392,2206438848,590392,1,0.99438,0.08667,0.39697,-17.618,3.13,-18.412
2026-06-01 14:08:19.392,2206438848,590392,2,1.03809,0.03491,-0.08545,-29.763,13.237,-11.229
2026-06-01 14:08:19.592,2206439048,590592,1,0.96826,0.13184,0.47632,-50.26,24.489,-51.74
2026-06-01 14:08:19.592,2206439048,590592,2,1.02344,0.02979,-0.0459,-63.412,24.519,-16.748
2026-06-01 14:08:19.792,2206439248,590792,1,0.88086,0.16016,0.5437,-71.473,27.534,-61.634
2026-06-01 14:08:19.792,2206439248,590792,2,1.02466,0.06958,0.00562,-91.55,24.031,-46.267
2026-06-01 14:08:19.992,2206439448,590992,1,0.72046,0.16455,0.75098,-73.595,54.382,-72.298
2026-06-01 14:08:19.992,2206439448,590992,2,0.96021,0.10449,0.21826,-71.107,52.427,-29.107
2026-06-01 14:08:19.192,2206438648,591192,1,0.51563,0.28687,1.03003,-12.214,25.924,-36.382
2026-06-01 14:08:19.192,2206438648,591192,2,0.91528,0.18628,0.36206,-21.634,7.527,-17.153
2026-06-01 14:08:20.392,2206439848,591392,1,0.521,0.26685,0.99341,-7.191,0.71,0.794
2026-06-01 14:08:20.392,2206439848,591392,2,0.89551,0.16138,0.4043,2.237,-0.489,5.527
2026-06-01 14:08:20.592,2206440048,591592,1,0.53442,0.28564,0.99072,25.824,-16.641,42.237
2026-06-01 14:08:20.592,2206440048,591592,2,0.92236,0.12134,0.34131,46.053,-20.55,37.359
2026-06-01 14:08:20.827,2206440283,591827,1,0.69019,0.14453,0.85742,53.763,-27.397,84.435
2026-06-01 14:08:20.827,2206440283,591827,2,1.00659,0.05322,0.11816,81.977,-28.137,40.214
2026-06-01 14:08:20.027,2206439483,592027,1,0.85083,0.06885,0.6582,62.13,-23.534,79.641
2026-06-01 14:08:20.027,2206439483,592027,2,1.02808,0.00488,0.04004,60.061,-18.58,31.74
2026-06-01 14:08:20.227,2206439683,592227,1,0.87964,-0.10986,0.61963,41.878,-14.809,49.313
2026-06-01 14:08:20.227,2206439683,592227,2,1.0481,-0.12915,0.02808,48.931,-20.275,11.496
2026-06-01 14:08:21.427,2206440883,592427,1,0.9458,-0.1499,0.50806,54.84,-14.389,20.84
2026-06-01 14:08:21.427,2206440883,592427,2,0.94531,-0.17529,0.01099,50.137,-17.969,2.092
2026-06-01 14:08:21.627,2206441083,592627,1,0.92822,0.2041,0.5376,57.153,15.641,10.893
2026-06-01 14:08:21.627,2206441083,592627,2,0.97046,-0.15015,-0.19263,79.191,21.13,7.16
2026-06-01 14:08:21.827,2206441283,592827,1,1.03076,0.09375,0.41577,36.351,1.374,15.565
2026-06-01 14:08:21.827,2206441283,592827,2,0.97095,0.1438,-0.19702,27.664,-8.153,-13.443
2026-06-01 14:08:21.027,2206440483,593027,1,1.01465,0.20313,0.46558,-6.763,-11.954,-7.893
2026-06-01 14:08:21.027,2206440483,593027,2,1.08618,-0.01929,-0.10742,-11.595,-2.176,10.351
2026-06-01 14:08:21.227,2206440683,593227,1,0.97021,0.10864,0.42993,-20.244,-9.786,-5.542
2026-06-01 14:08:21.227,2206440683,593227,2,1.03589,-0.03687,-0.13135,-28.038,-1.962,11.252
2026-06-01 14:08:22.427,2206441883,593427,1,1.00879,0.07935,0.41553,-32.229,-9.099,-6.298
2026-06-01 14:08:22.427,2206441883,593427,2,1.01538,-0.08105,-0.15918,-43.031,-4.863,17.969
2026-06-01 14:08:22.627,2206442083,593627,1,1.03491,-0.021,0.34326,-46.725,-13.229,-6.939
2026-06-01 14:08:22.627,2206442083,593627,2,1.04883,-0.15405,-0.16968,-44.076,3.58,15.023
2026-06-01 14:08:22.827,2206442283,593827,1,1.052,-0.03638,0.33496,-35.947,-2.817,-11.641
2026-06-01 14:08:22.827,2206442283,593827,2,1.0144,-0.20093,-0.16162,-30.771,5.611,6.16
2026-06-01 14:08:22.027,2206441483,594027,1,1.03076,-0.03223,0.35522,-9.641,2.328,-3.802
2026-06-01 14:08:22.027,2206441483,594027,2,1.01758,-0.17969,-0.16187,-5.412,1.221,1.924
2026-06-01 14:08:22.227,2206441683,594227,1,1.03345,-0.00073,0.35352,4.71,1.527,-1.328
2026-06-01 14:08:22.227,2206441683,594227,2,1.00171,-0.16113,-0.17188,4.053,-1.176,-0.336
2026-06-01 14:08:23.427,2206442883,594427,1,1.02637,0.02197,0.33618,5.641,0.489,-0.061
2026-06-01 14:08:23.427,2206442883,594427,2,1.01123,-0.14917,-0.20215,7.183,-0.099,-0.985
2026-06-01 14:08:23.627,2206443083,594627,1,1.03955,0.02026,0.31494,4.511,-1.565,-0.252
2026-06-01 14:08:23.627,2206443083,594627,2,1.01123,-0.17578,-0.19775,9.137,-2.198,0.863
2026-06-01 14:08:23.827,2206443283,594827,1,1.04541,0.03418,0.32227,5.771,0.664,-0.84
2026-06-01 14:08:23.827,2206443283,594827,2,1.0144,-0.1626,-0.2002,3.397,-0.183,1.366
2026-06-01 14:08:23.027,2206442483,595027,1,1.04102,0.02539,0.3252,1.557,1.84,-1.496
2026-06-01 14:08:23.027,2206442483,595027,2,1.02002,-0.15894,-0.19385,-1.557,0.916,-0.351
2026-06-01 14:08:23.227,2206442683,595227,1,1.03271,0.02783,0.32837,-4.756,2.145,-2.206
2026-06-01 14:08:23.227,2206442683,595227,2,1.01196,-0.16797,-0.19067,-5.252,1.687,0.893
2026-06-01 14:08:24.427,2206443883,595427,1,1.03027,0.01025,0.33252,-3.718,2.191,-0.046
2026-06-01 14:08:24.427,2206443883,595427,2,1.01514,-0.17334,-0.18799,-2.802,0.214,0.053
2026-06-01 14:08:24.627,2206444083,595627,1,1.03711,0.02393,0.33643,5.527,0.947,0.282
2026-06-01 14:08:24.627,2206444083,595627,2,1.01001,-0.15747,-0.19312,2.328,-2.26,0.405
2026-06-01 14:08:24.827,2206444283,595827,1,1.04614,0.02319,0.32764,3.962,0.924,-1.107
2026-06-01 14:08:24.827,2206444283,595827,2,1.01294,-0.16602,-0.18994,-1.58,-3.229,-0.382
2026-06-01 14:08:24.027,2206443483,596027,1,1.04053,0.03784,0.31152,2.076,1.382,-1.244
2026-06-01 14:08:24.027,2206443483,596027,2,1.00854,-0.15674,-0.21753,-0.145,-0.908,-0.305
2026-06-01 14:08:24.227,2206443683,596227,1,1.03833,0.02881,0.32397,2.16,0.748,-1.244
2026-06-01 14:08:24.227,2206443683,596227,2,1.01416,-0.16699,-0.21582,-2.397,-2.397,0.412
2026-06-01 14:08:25.427,2206444883,596427,1,1.03735,0.03931,0.30518,0.634,0.817,-0.076
2026-06-01 14:08:25.427,2206444883,596427,2,1.01245,-0.16479,-0.21826,-1.42,0.198,1.229
2026-06-01 14:08:25.627,2206445083,596627,1,1.04492,0.02661,0.30884,3.702,2.351,1.313
2026-06-01 14:08:25.627,2206445083,596627,2,1.01343,-0.15698,-0.21558,2.809,0.603,-0.473
2026-06-01 14:08:25.827,2206445283,596827,1,1.03271,0.03101,0.31006,3.725,2.351,1.031
2026-06-01 14:08:25.827,2206445283,596827,2,1.00879,-0.16333,-0.21338,1.763,0.26,0.588
2026-06-01 14:08:25.027,2206444483,597027,1,1.02954,0.02271,0.31055,4.626,1.344,2.221
2026-06-01 14:08:25.027,2206444483,597027,2,1.00806,-0.16211,-0.20923,3.061,1.198,-1.244
2026-06-01 14:08:25.227,2206444683,597227,1,1.04443,0.01147,0.30469,3.183,1.481,2.389
2026-06-01 14:08:25.227,2206444683,597227,2,1.01904,-0.15723,-0.21265,0.992,-0.931,-1.191
2026-06-01 14:08:26.427,2206445883,597427,1,1.04224,0.01929,0.30078,0.42,2.794,0.435
2026-06-01 14:08:26.427,2206445883,597427,2,1.01831,-0.15747,-0.19873,-1.664,0.702,0.305
2026-06-01 14:08:26.627,2206446083,597627,1,1.0293,0.01465,0.31299,2.389,7.229,2.099
2026-06-01 14:08:26.627,2206446083,597627,2,1.01636,-0.13013,-0.20483,1.015,-0.115,-4.328
2026-06-01 14:08:26.827,2206446283,597827,1,1.04932,0.01782,0.31055,3.511,4.595,-1.725
2026-06-01 14:08:26.827,2206446283,597827,2,1.02881,-0.13354,-0.21484,-3.038,1.229,-2.344
2026-06-01 14:08:26.027,2206445483,598027,1,1.02441,0.0188,0.35352,-1.489,2.13,-3.137
2026-06-01 14:08:26.027,2206445483,598027,2,1.01221,-0.13184,-0.2124,-3.832,-0.389,0.542
2026-06-01 14:08:26.227,2206445683,598227,1,1.03174,0.04126,0.3457,-2.137,-0.084,-2.046
2026-06-01 14:08:26.227,2206445683,598227,2,1.01978,-0.12427,-0.19287,-2.397,1.817,2.908
2026-06-01 14:08:27.427,2206446883,598427,1,1.03931,0.02466,0.32568,0.313,-0.786,-0.069
2026-06-01 14:08:27.427,2206446883,598427,2,1.01392,-0.14551,-0.20581,-4.099,-1.214,0.282
2026-06-01 14:08:27.627,2206447083,598627,1,1.03662,0.01099,0.31592,1.534,0.473,0.992
2026-06-01 14:08:27.627,2206447083,598627,2,1.02222,-0.14185,-0.19019,2.527,-0.756,-2.176
2026-06-01 14:08:27.827,2206447283,598827,1,1.02759,0.01001,0.33057,5.26,2.656,0.191
2026-06-01 14:08:27.827,2206447283,598827,2,1.01587,-0.14063,-0.20972,4.0,0.275,-1.076
2026-06-01 14:08:27.027,2206446483,599027,1,1.03418,0.02295,0.33008,2.626,4.496,-1.183
2026-06-01 14:08:27.027,2206446483,599027,2,1.01196,-0.11865,-0.2124,-5.481,1.466,-0.191
2026-06-01 14:08:27.227,2206446683,599227,1,1.03076,0.02954,0.35278,-5.221,2.374,-1.84
2026-06-01 14:08:27.227,2206446683,599227,2,1.02026,-0.13062,-0.19824,-9.847,0.824,2.427
2026-06-01 14:08:28.427,2206447883,599427,1,1.02124,0.01904,0.34082,-8.687,4.443,-1.55
2026-06-01 14:08:28.427,2206447883,599427,2,1.00269,-0.10962,-0.17578,-4.405,6.13,5.527
2026-06-01 14:08:28.627,2206448083,599627,1,1.06152,0.06421,0.38354,-11.084,4.992,-2.252
2026-06-01 14:08:28.627,2206448083,599627,2,1.02075,-0.1355,-0.18604,-26.382,3.786,0.023
2026-06-01 14:08:28.827,2206448283,599827,1,1.00439,0.00537,0.37622,-17.573,6.122,-3.389
2026-06-01 14:08:28.827,2206448283,599827,2,1.01587,-0.1355,-0.18994,-13.954,7.702,4.626
2026-06-01 14:08:28.027,2206447483,600027,1,1.02026,-0.00488,0.3833,-15.061,2.282,-4.061
2026-06-01 14:08:28.027,2206447483,600027,2,1.00757,-0.15625,-0.18188,-20.947,2.267,2.885
2026-06-01 14:08:28.227,2206447683,600227,1,1.02295,0.00781,0.37061,-16.954,1.076,-0.756
2026-06-01 14:08:28.227,2206447683,600227,2,1.02173,-0.14624,-0.17285,-21.015,6.634,5.008
2026-06-01 14:08:29.427,2206448883,600427,1,1.02515,-0.02148,0.38672,-14.786,1.832,-4.061
2026-06-01 14:08:29.427,2206448883,600427,2,1.02173,-0.17139,-0.14893,-11.802,4.046,3.763
2026-06-01 14:08:29.627,2206449083,600627,1,1.02905,-0.03198,0.3938,-0.267,2.16,-3.183
2026-06-01 14:08:29.627,2206449083,600627,2,1.01685,-0.16675,-0.15137,1.718,-0.282,-2.893
2026-06-01 14:08:29.827,2206449283,600827,1,1.0166,-0.00439,0.38672,6.519,4.328,-1.481
2026-06-01 14:08:29.827,2206449283,600827,2,1.01196,-0.16089,-0.13892,2.809,-0.405,-3.695
2026-06-01 14:08:29.027,2206448483,601027,1,1.00952,-0.00269,0.40845,4.053,2.962,-0.359
2026-06-01 14:08:29.027,2206448483,601027,2,1.01147,-0.14917,-0.15747,4.649,0.977,1.771
2026-06-01 14:08:29.227,2206448683,601227,1,1.01733,0.00049,0.40894,3.084,0.405,1.412
2026-06-01 14:08:29.227,2206448683,601227,2,1.02075,-0.15112,-0.13623,1.328,-1.29,0.55
2026-06-01 14:08:30.427,2206449883,601427,1,1.02808,-0.00024,0.3894,-0.176,0.061,-0.496
2026-06-01 14:08:30.427,2206449883,601427,2,1.01978,-0.15576,-0.14551,-4.794,-1.603,0.053
2026-06-01 14:08:30.627,2206450083,601627,1,1.02881,0.00781,0.37573,-1.374,0.649,-0.847
2026-06-01 14:08:30.627,2206450083,601627,2,1.01758,-0.15576,-0.14966,-5.756,1.962,1.137
2026-06-01 14:08:30.827,2206450283,601827,1,1.01172,-0.03296,0.39502,-1.435,3.664,-0.374
2026-06-01 14:08:30.827,2206450283,601827,2,1.02271,-0.16602,-0.1377,-0.122,-0.885,-0.374
2026-06-01 14:08:30.027,2206449483,602027,1,1.01123,0.00049,0.396,9.183,-0.13,1.672
2026-06-01 14:08:30.027,2206449483,602027,2,1.02173,-0.146,-0.17944,4.603,-3.634,1.336
2026-06-01 14:08:30.227,2206449683,602227,1,1.0249,0.02271,0.37109,-2.16,1.084,-1.382
2026-06-01 14:08:30.227,2206449683,602227,2,1.01025,-0.14282,-0.16138,-6.008,1.756,4.366
2026-06-01 14:08:31.427,2206450883,602427,1,1.02637,-0.00903,0.36646,-13.275,0.504,-5.878
2026-06-01 14:08:31.427,2206450883,602427,2,1.02393,-0.17651,-0.15356,-11.71,3.069,2.443
2026-06-01 14:08:31.627,2206451083,602627,1,1.02588,-0.0083,0.36206,-1.885,2.595,-1.244
2026-06-01 14:08:31.627,2206451083,602627,2,1.01001,-0.17847,-0.14746,2.947,-0.634,-2.42
2026-06-01 14:08:31.853,2206451309,602853,1,1.01758,0.00171,0.38354,10.771,1.802,2.397
2026-06-01 14:08:31.853,2206451309,602853,2,1.01367,-0.15796,-0.16968,9.015,-3.191,-1.191
2026-06-01 14:08:31.053,2206450509,603053,1,1.01563,0.00806,0.37549,5.664,0.252,0.954
2026-06-01 14:08:31.053,2206450509,603053,2,1.03223,-0.16162,-0.1687,5.672,-1.702,1.046
2026-06-01 14:08:32.253,2206451709,603253,1,1.02222,0.00513,0.37256,2.489,0.282,-0.656
2026-06-01 14:08:32.253,2206451709,603253,2,1.02124,-0.16406,-0.16968,1.275,-0.084,1.206
2026-06-01 14:08:32.453,2206451909,603453,1,1.0376,-0.00195,0.36377,1.733,-0.336,-1.122
2026-06-01 14:08:32.453,2206451909,603453,2,1.03833,-0.15845,-0.16675,-2.198,-0.412,-0.489
2026-06-01 14:08:32.653,2206452109,603653,1,1.02075,0.01904,0.34839,-5.489,4.237,-3.863
2026-06-01 14:08:32.653,2206452109,603653,2,1.01001,-0.18335,-0.17749,-0.748,6.214,0.29
2026-06-01 14:08:32.853,2206452309,603853,1,1.02026,-0.00244,0.35962,3.115,0.267,3.053
2026-06-01 14:08:32.853,2206452309,603853,2,1.02295,-0.15454,-0.10718,4.527,3.191,1.298
2026-06-01 14:08:32.053,2206451509,604053,1,1.05615,-0.00537,0.36743,8.855,1.031,0.924
2026-06-01 14:08:32.053,2206451509,604053,2,1.0127,-0.16992,-0.15356,10.092,1.168,-3.809
2026-06-01 14:08:33.253,2206452709,604253,1,1.01807,0.01929,0.39966,2.733,4.122,-1.13
2026-06-01 14:08:33.253,2206452709,604253,2,1.02197,-0.15112,-0.10889,10.397,2.863,-2.038
2026-06-01 14:08:33.453,2206452909,604453,1,1.02148,-0.00049,0.40308,4.74,3.13,-0.16
2026-06-01 14:08:33.453,2206452909,604453,2,1.02686,-0.14819,-0.13501,4.206,0.359,-1.435
2026-06-01 14:08:33.653,2206453109,604653,1,1.02051,0.01001,0.37036,4.405,2.954,-0.588
2026-06-01 14:08:33.653,2206453109,604653,2,1.02026,-0.14746,-0.14697,-0.58,-0.84,0.313
2026-06-01 14:08:33.853,2206453309,604853,1,1.02026,-0.021,0.38843,-0.115,2.412,-3.954
2026-06-01 14:08:33.853,2206453309,604853,2,1.03687,-0.15649,-0.13843,-10.824,-0.511,-6.084
2026-06-01 14:08:33.053,2206452509,605053,1,0.9895,0.08179,0.36499,16.679,7.305,-0.634
2026-06-01 14:08:33.053,2206452509,605053,2,0.98096,-0.19141,-0.05005,38.26,24.191,6.573
2026-06-01 14:08:34.253,2206453709,605253,1,1.04614,-0.00586,0.47876,63.267,41.076,28.0
2026-06-01 14:08:34.253,2206453709,605253,2,1.06152,-0.22485,-0.0813,65.496,-0.466,-12.313
2026-06-01 14:08:34.453,2206453909,605453,1,0.92847,0.09375,0.51465,76.802,17.947,34.214
2026-06-01 14:08:34.453,2206453909,605453,2,1.00317,-0.03076,-0.07617,60.443,0.214,-6.313
2026-06-01 14:08:34.653,2206454109,605653,1,0.94775,0.06665,0.57544,39.13,4.099,16.817
2026-06-01 14:08:34.653,2206454109,605653,2,1.03271,0.00269,-0.07568,23.359,-9.847,-7.725
2026-06-01 14:08:34.853,2206454309,605853,1,0.97461,0.05615,0.55566,13.977,-6.275,-4.267
2026-06-01 14:08:34.853,2206454309,605853,2,1.052,0.00757,-0.09375,4.389,-13.115,-11.366
2026-06-01 14:08:34.053,2206453509,606053,1,0.96924,0.10986,0.4834,17.29,-8.824,-25.618
2026-06-01 14:08:34.053,2206453509,606053,2,1.00146,0.11523,-0.1814,0.557,-17.321,-23.0
2026-06-01 14:08:35.253,2206454709,606253,1,0.92798,0.29468,0.44238,-7.649,-14.939,-36.275
2026-06-01 14:08:35.253,2206454709,606253,2,0.99341,0.09399,-0.21021,-28.496,-5.824,10.695
2026-06-01 14:08:35.488,2206454944,606488,1,0.98315,0.32886,0.39624,-26.176,-13.092,-8.244
2026-06-01 14:08:35.488,2206454944,606488,2,1.0022,0.07056,-0.22729,-24.557,-1.542,14.931
2026-06-01 14:08:35.688,2206455144,606688,1,0.97949,0.2439,0.35815,-5.992,-4.046,3.672
2026-06-01 14:08:35.688,2206455144,606688,2,0.99829,0.06958,-0.2168,-1.099,-4.87,-0.29
2026-06-01 14:08:35.888,2206455344,606888,1,0.99341,0.29321,0.36084,-2.191,2.656,1.198
2026-06-01 14:08:35.888,2206455344,606888,2,0.98535,0.06128,-0.27271,-6.649,2.863,4.794
2026-06-01 14:08:35.088,2206454544,607088,1,0.99487,0.21802,0.3584,-9.344,0.725,6.756
2026-06-01 14:08:35.088,2206454544,607088,2,1.0144,0.02686,-0.19263,-5.771,4.924,8.137
2026-06-01 14:08:36.288,2206455744,607288,1,0.9939,0.20239,0.39893,7.672,10.435,5.298
2026-06-01 14:08:36.288,2206455744,607288,2,1.04175,0.00977,-0.16064,6.672,5.725,-0.588
2026-06-01 14:08:36.488,2206455944,607488,1,0.95605,0.19604,0.42847,10.863,14.962,2.176
2026-06-01 14:08:36.488,2206455944,607488,2,1.02002,0.05664,-0.1416,10.58,9.458,-6.458
2026-06-01 14:08:36.688,2206456144,607688,1,0.93237,0.20923,0.48999,10.634,13.794,0.595
2026-06-01 14:08:36.688,2206456144,607688,2,1.00928,0.05811,-0.13354,9.115,4.985,-2.832
2026-06-01 14:08:36.888,2206456344,607888,1,0.93457,0.21948,0.49683,4.595,-2.397,6.603
2026-06-01 14:08:36.888,2206456344,607888,2,1.02588,0.08472,-0.16821,1.687,-6.55,0.885
2026-06-01 14:08:36.088,2206455544,608088,1,0.97144,0.21045,0.45801,-8.321,-9.198,-1.046
2026-06-01 14:08:36.088,2206455544,608088,2,1.00757,0.04858,-0.17871,-8.924,-3.031,8.74
2026-06-01 14:08:37.288,2206456744,608288,1,1.00024,0.20508,0.39893,-19.16,-7.504,5.42
2026-06-01 14:08:37.288,2206456744,608288,2,1.03345,-0.00269,-0.15576,-18.733,1.412,14.267
2026-06-01 14:08:37.488,2206456944,608488,1,1.00708,0.14429,0.41113,-17.618,-3.672,5.664
2026-06-01 14:08:37.488,2206456944,608488,2,1.04248,-0.00049,-0.17065,-20.42,-0.221,8.901
2026-06-01 14:08:37.688,2206457144,608688,1,0.98535,0.16309,0.40063,-17.153,-6.664,1.84
2026-06-01 14:08:37.688,2206457144,608688,2,0.98584,0.00513,-0.22754,-18.443,-1.328,12.962
2026-06-01 14:08:37.888,2206457344,608888,1,1.14551,0.09961,0.37451,-11.779,-6.084,-0.893
2026-06-01 14:08:37.888,2206457344,608888,2,1.03027,-0.09985,-0.13794,15.863,14.664,4.939
2026-06-01 14:08:37.088,2206456544,609088,1,1.03638,0.08057,0.42188,14.504,7.573,11.229
2026-06-01 14:08:37.088,2206456544,609088,2,1.01904,-0.09473,-0.14966,23.038,4.847,-2.756
2026-06-01 14:08:38.288,2206457744,609288,1,0.99365,0.03955,0.39673,7.947,12.74,14.267
2026-06-01 14:08:38.288,2206457744,609288,2,1.00659,-0.00903,-0.11426,-5.412,1.13,-7.588
2026-06-01 14:08:38.488,2206457944,609488,1,1.00293,-0.01465,0.5188,-10.58,-0.542,3.168
2026-06-01 14:08:38.488,2206457944,609488,2,1.0332,-0.09229,-0.21973,-30.122,-12.168,2.977
2026-06-01 14:08:38.688,2206458144,609688,1,1.02417,-0.0415,0.34473,-51.962,-12.282,-4.084
2026-06-01 14:08:38.688,2206458144,609688,2,0.90771,-0.06201,-0.30371,-114.74,-9.115,10.885
2026-06-01 14:08:38.888,2206458344,609888,1,0.97192,-0.09888,0.41675,-63.71,16.015,-27.229
2026-06-01 14:08:38.888,2206458344,609888,2,1.01245,-0.19043,-0.25,-45.214,3.267,9.656
2026-06-01 14:08:38.088,2206457544,610088,1,1.11328,-0.104,0.47339,-44.573,-11.779,-5.443
2026-06-01 14:08:38.088,2206457544,610088,2,0.93066,-0.18896,-0.19531,-81.435,2.389,0.382
2026-06-01 14:08:39.288,2206458744,610288,1,1.02979,-0.09229,0.4314,-21.748,3.443,-10.389
2026-06-01 14:08:39.288,2206458744,610288,2,1.03149,-0.09009,-0.22095,6.771,4.489,-1.305
2026-06-01 14:08:39.488,2206458944,610488,1,1.00903,-0.0437,0.4043,-7.305,3.962,-3.84
2026-06-01 14:08:39.488,2206458944,610488,2,1.0249,-0.06104,-0.1272,2.252,4.695,-6.382
2026-06-01 14:08:39.688,2206459144,610688,1,0.99219,-0.03271,0.47168,3.985,7.359,-0.985
2026-06-01 14:08:39.688,2206459144,610688,2,1.01147,-0.07227,-0.16455,8.618,1.481,-3.679
2026-06-01 14:08:39.888,2206459344,610888,1,0.99316,-0.00806,0.47314,13.397,2.26,0.901
2026-06-01 14:08:39.888,2206459344,610888,2,1.01978,-0.04932,-0.14111,9.183,-1.466,-2.328
2026-06-01 14:08:39.088,2206458544,611088,1,1.00977,-0.01636,0.44434,13.748,0.527,3.313
2026-06-01 14:08:39.088,2206458544,611088,2,1.04175,-0.04712,-0.16943,9.466,-1.275,-1.74
2026-06-01 14:08:40.288,2206459744,611288,1,1.00146,-0.03198,0.45605,9.435,1.595,-1.992
2026-06-01 14:08:40.288,2206459744,611288,2,1.02393,-0.07617,-0.14185,9.58,0.733,-2.389
2026-06-01 14:08:40.488,2206459944,611488,1,0.98535,-0.01074,0.45459,27.458,2.214,10.496
2026-06-01 14:08:40.488,2206459944,611488,2,1.0481,-0.07031,-0.14771,34.855,-0.191,4.908
2026-06-01 14:08:40.688,2206460144,611688,1,1.00269,-0.01904,0.42651,34.489,2.389,12.718
2026-06-01 14:08:40.688,2206460144,611688,2,1.01392,-0.08472,-0.17285,31.649,-1.672,-0.046
2026-06-01 14:08:40.888,2206460344,611888,1,0.99927,-0.0481,0.42993,28.443,4.069,12.443
2026-06-01 14:08:40.888,2206460344,611888,2,1.02197,-0.07153,-0.17529,24.733,-1.618,-4.183
2026-06-01 14:08:40.088,2206459544,612088,1,0.99927,-0.05029,0.4397,25.328,0.344,6.855
2026-06-01 14:08:40.088,2206459544,612088,2,1.02368,-0.09692,-0.17603,23.962,-3.947,-0.107
2026-06-01 14:08:41.288,2206460744,612288,1,0.99341,-0.03369,0.40674,27.137,-1.122,7.336
2026-06-01 14:08:41.288,2206460744,612288,2,1.01514,-0.16187,-0.18042,31.641,0.305,5.473
2026-06-01 14:08:41.488,2206460944,612488,1,1.04907,0.00024,0.41309,42.267,5.977,7.511
2026-06-01 14:08:41.488,2206460944,612488,2,1.00244,-0.06055,-0.14502,71.229,6.84,5.634
2026-06-01 14:08:41.688,2206461144,612688,1,1.02002,0.08472,0.40259,38.145,10.206,11.977
2026-06-01 14:08:41.688,2206461144,612688,2,1.04517,-0.05371,-0.14917,20.611,3.916,-6.947
2026-06-01 14:08:41.888,2206461344,612888,1,1.03687,0.03735,0.4126,15.702,12.252,7.481
2026-06-01 14:08:41.888,2206461344,612888,2,1.02319,-0.0188,-0.10962,10.122,10.634,-4.214
2026-06-01 14:08:41.088,2206460544,613088,1,0.95264,0.0061,0.54712,16.634,14.992,1.542
2026-06-01 14:08:41.088,2206460544,613088,2,1.00195,-0.03198,-0.04395,4.0,5.26,-2.641
2026-06-01 14:08:42.288,2206461744,613288,1,0.92505,0.04419,0.57544,8.618,3.985,0.939
2026-06-01 14:08:42.288,2206461744,613288,2,1.02881,-0.04102,-0.07544,0.076,-0.481,-1.519
2026-06-01 14:08:42.488,2206461944,613488,1,0.9624,0.04517,0.55103,4.649,-0.405,2.687
2026-06-01 14:08:42.488,2206461944,613488,2,1.04639,-0.02637,-0.04956,0.511,-3.649,1.26
2026-06-01 14:08:42.688,2206462144,613688,1,0.94312,0.03857,0.55054,5.489,1.519,-1.305
2026-06-01 14:08:42.688,2206462144,613688,2,1.02319,-0.02954,-0.06055,2.466,-1.328,-2.084
2026-06-01 14:08:42.888,2206462344,613888,1,0.9624,0.04541,0.54858,1.809,-0.168,-0.595
2026-06-01 14:08:42.888,2206462344,613888,2,1.02637,-0.02637,-0.07959,1.573,-0.901,0.863
2026-06-01 14:08:42.088,2206461544,614088,1,0.96826,0.04932,0.53418,-0.672,-0.802,1.992
2026-06-01 14:08:42.088,2206461544,614088,2,1.00098,-0.03003,-0.10791,-0.092,-4.015,0.321
2026-06-01 14:08:43.288,2206462744,614288,1,0.98633,0.0415,0.52441,-0.435,2.725,1.733
2026-06-01 14:08:43.288,2206462744,614288,2,1.01929,-0.03052,-0.1167,1.534,-0.756,0.702
2026-06-01 14:08:43.488,2206462944,614488,1,0.93872,0.01709,0.49634,-13.595,10.573,4.779
2026-06-01 14:08:43.488,2206462944,614488,2,0.87988,-0.10059,-0.02759,10.542,-3.481,4.473
2026-06-01 14:08:43.688,2206463144,614688,1,1.05469,-0.01782,0.59302,29.656,7.939,0.13
2026-06-01 14:08:43.688,2206463144,614688,2,1.14746,0.14038,-0.0542,22.267,8.122,21.13
2026-06-01 14:08:43.888,2206463344,614888,1,1.13306,0.01489,0.6604,-5.687,-24.656,18.985
2026-06-01 14:08:43.888,2206463344,614888,2,0.77588,-0.29077,0.21997,-90.71,-64.244,-12.947
2026-06-01 14:08:43.088,2206462544,615088,1,0.9458,-0.03833,0.40137,1.511,20.351,-38.26
2026-06-01 14:08:43.088,2206462544,615088,2,0.89502,-0.05859,-0.10181,58.206,47.29,-31.405
2026-06-01 14:08:44.288,2206463744,615288,1,0.94556,0.06055,0.62402,10.221,23.389,0.649
2026-06-01 14:08:44.288,2206463744,615288,2,0.98975,-0.03735,-0.07056,-7.527,-1.786,-9.031
2026-06-01 14:08:44.488,2206463944,615488,1,0.87549,0.0835,0.60962,11.58,7.985,1.313
2026-06-01 14:08:44.488,2206463944,615488,2,0.91675,-0.01294,-0.10596,-15.649,8.137,-1.267
2026-06-01 14:08:44.688,2206464144,615688,1,0.83813,0.03003,0.69751,7.908,-14.817,7.267
2026-06-01 14:08:44.688,2206464144,615688,2,1.08252,0.05884,-0.02466,-11.45,-2.771,-11.366
2026-06-01 14:08:44.888,2206464344,615888,1,0.95923,0.10083,0.52148,-12.916,-7.45,-7.802
2026-06-01 14:08:44.888,2206464344,615888,2,1.01147,-0.02759,-0.04712,-17.458,-2.053,4.603
2026-06-01 14:08:44.088,2206463544,616088,1,0.96948,0.1001,0.51147,-6.954,-6.053,-1.122
2026-06-01 14:08:44.088,2206463544,616088,2,1.0083,-0.02832,-0.0459,-10.634,-5.542,10.008
2026-06-01 14:08:45.288,2206464744,616288,1,0.98389,0.00049,0.5376,4.412,-7.336,1.153
2026-06-01 14:08:45.288,2206464744,616288,2,1.01514,-0.04834,-0.06812,-4.916,-10.511,0.061
2026-06-01 14:08:45.488,2206464944,616488,1,0.98535,0.01587,0.47754,2.824,-2.053,0.023
2026-06-01 14:08:45.488,2206464944,616488,2,1.04272,-0.04419,-0.10107,8.069,-6.931,-0.687
2026-06-01 14:08:45.688,2206465144,616688,1,1.01929,0.02808,0.49194,1.595,-3.748,1.71
2026-06-01 14:08:45.688,2206465144,616688,2,1.00537,-0.01758,-0.1543,-6.931,0.824,3.435
2026-06-01 14:08:45.888,2206465344,616888,1,1.00684,-0.00073,0.55981,1.176,3.359,1.107
2026-06-01 14:08:45.888,2206465344,616888,2,1.0437,-0.04321,-0.12036,-3.336,-3.221,2.26
2026-06-01 14:08:45.088,2206464544,617088,1,1.01587,0.02686,0.4436,-1.122,-7.023,-3.71
2026-06-01 14:08:45.088,2206464544,617088,2,1.02002,-0.03198,-0.14966,0.656,1.641,0.542
2026-06-01 14:08:46.288,2206465744,617288,1,0.98145,0.00293,0.49805,-2.718,3.565,-2.084
2026-06-01 14:08:46.288,2206465744,617288,2,1.01294,-0.08594,-0.13281,-6.069,-1.733,-0.969
2026-06-01 14:08:46.488,2206465944,617488,1,0.99146,0.02954,0.46484,2.038,1.122,-3.008
2026-06-01 14:08:46.488,2206465944,617488,2,1.02661,-0.05908,-0.14478,8.069,2.069,0.71
2026-06-01 14:08:46.688,2206466144,617688,1,1.00537,0.03418,0.42188,7.115,-0.626,-1.397
2026-06-01 14:08:46.688,2206466144,617688,2,1.03198,-0.0625,-0.13916,-0.435,-3.092,-1.45
2026-06-01 14:08:46.888,2206466344,617888,1,0.98828,0.06104,0.42041,9.908,-0.015,1.092
2026-06-01 14:08:46.888,2206466344,617888,2,1.01245,-0.05884,-0.14795,9.122,1.229,0.443
2026-06-01 14:08:46.088,2206465544,618088,1,1.00195,0.05762,0.43066,7.221,1.435,3.519
2026-06-01 14:08:46.088,2206465544,618088,2,1.0481,-0.04541,-0.13721,0.099,-2.45,0.878
2026-06-01 14:08:47.288,2206466744,618288,1,1.00806,0.03491,0.4104,0.939,1.885,0.931
2026-06-01 14:08:47.288,2206466744,618288,2,1.01709,-0.05713,-0.17261,-0.847,-0.634,-0.053
2026-06-01 14:08:47.488,2206466944,618488,1,0.99707,0.07153,0.43091,-3.397,0.832,0.687
2026-06-01 14:08:47.488,2206466944,618488,2,1.04126,-0.05933,-0.16479,-0.344,-2.382,-0.153
2026-06-01 14:08:47.688,2206467144,618688,1,1.01758,0.06299,0.41919,1.618,4.008,-1.092
2026-06-01 14:08:47.688,2206467144,618688,2,1.02686,-0.05273,-0.17041,-2.13,0.687,0.076
2026-06-01 14:08:47.888,2206467344,618888,1,0.99609,0.05957,0.42456,-0.58,4.702,-2.061
2026-06-01 14:08:47.888,2206467344,618888,2,1.03491,-0.0415,-0.17627,-5.115,2.115,-0.252
2026-06-01 14:08:47.088,2206466544,619088,1,1.03149,0.04834,0.45459,-0.878,6.336,0.099
2026-06-01 14:08:47.088,2206466544,619088,2,1.03491,-0.06274,-0.13989,2.695,-2.115,-2.336
2026-06-01 14:08:48.288,2206467744,619288,1,0.99658,0.04468,0.46411,-1.771,3.366,-0.397
2026-06-01 14:08:48.288,2206467744,619288,2,1.02295,-0.052,-0.15063,-4.863,1.282,1.924
2026-06-01 14:08:48.488,2206467944,619488,1,0.99731,0.04199,0.45801,1.504,4.672,-0.565
2026-06-01 14:08:48.488,2206467944,619488,2,1.02686,-0.05664,-0.15649,-5.595,-0.443,-1.237
2026-06-01 14:08:48.688,2206468144,619688,1,0.99219,0.06396,0.44263,-0.435,4.878,0.031
2026-06-01 14:08:48.688,2206468144,619688,2,1.03198,-0.05078,-0.15649,8.954,2.824,-2.046
2026-06-01 14:08:48.897,2206468353,619897,1,0.98535,0.06226,0.48169,1.405,3.595,-0.023
2026-06-01 14:08:48.897,2206468353,619897,2,1.0293,-0.00903,-0.15137,0.168,3.076,1.023
2026-06-01 14:08:48.097,2206467553,620097,1,0.99194,0.05103,0.47656,-1.427,4.336,-2.695
2026-06-01 14:08:48.097,2206467553,620097,2,1.03638,-0.02417,-0.16479,-19.0,-7.969,-3.557
2026-06-01 14:08:49.297,2206468753,620297,1,0.97241,0.02563,0.46753,3.099,1.588,1.031
2026-06-01 14:08:49.297,2206468753,620297,2,0.99585,-0.00879,-0.19141,3.374,-2.397,0.748
2026-06-01 14:08:49.497,2206468953,620497,1,1.00366,0.04443,0.47852,-2.038,2.763,-1.374
2026-06-01 14:08:49.497,2206468953,620497,2,1.02051,-0.0459,-0.15381,-5.038,-1.573,0.221
2026-06-01 14:08:49.697,2206469153,620697,1,0.98438,0.03345,0.47192,-4.397,5.496,1.122
2026-06-01 14:08:49.697,2206469153,620697,2,1.03394,-0.052,-0.11646,-7.626,0.901,-0.832
2026-06-01 14:08:49.897,2206469353,620897,1,0.95752,0.05005,0.49536,6.802,1.58,-1.878
2026-06-01 14:08:49.897,2206469353,620897,2,1.03784,-0.01538,-0.15698,2.702,-1.053,3.641
2026-06-01 14:08:49.097,2206468553,621097,1,0.9624,0.06641,0.4751,0.695,1.924,-1.618
2026-06-01 14:08:49.097,2206468553,621097,2,1.08374,-0.03833,-0.09814,8.069,6.679,-4.443
2026-06-01 14:08:50.297,2206469753,621297,1,0.94604,0.08545,0.53906,3.145,5.534,-2.74
2026-06-01 14:08:50.297,2206469753,621297,2,0.94946,-0.04077,-0.11182,8.435,-13.458,3.74
2026-06-01 14:08:50.497,2206469953,621497,1,1.03003,0.09668,0.41821,-27.832,-14.595,-6.618
2026-06-01 14:08:50.497,2206469953,621497,2,1.00269,-0.05127,-0.19263,-34.802,0.733,14.176
2026-06-01 14:08:50.697,2206470153,621697,1,1.0249,-0.03418,0.36475,-19.084,-14.519,-1.427
2026-06-01 14:08:50.697,2206470153,621697,2,0.99072,-0.14722,-0.22729,-18.969,-9.031,5.359
2026-06-01 14:08:50.897,2206470353,621897,1,1.03882,0.01709,0.36401,-8.687,-9.176,-5.733
2026-06-01 14:08:50.897,2206470353,621897,2,1.05347,-0.11377,-0.21997,-8.87,-4.527,7.046
2026-06-01 14:08:50.097,2206469553,622097,1,1.03467,-0.00293,0.36475,-0.931,3.779,-1.58
2026-06-01 14:08:50.097,2206469553,622097,2,1.0188,-0.12476,-0.23291,-0.763,0.252,-3.076
2026-06-01 14:08:51.297,2206470753,622297,1,1.03516,0.01489,0.37207,7.29,5.573,1.435
2026-06-01 14:08:51.297,2206470753,622297,2,1.02417,-0.11133,-0.22607,8.412,2.855,-3.023
2026-06-01 14:08:51.497,2206470953,622497,1,0.96973,0.03979,0.41382,7.809,5.794,-0.252
2026-06-01 14:08:51.497,2206470953,622497,2,1.03198,-0.11206,-0.21216,5.847,1.023,-2.977
2026-06-01 14:08:51.697,2206471153,622697,1,1.0415,-0.02612,0.38257,5.542,5.733,4.695
2026-06-01 14:08:51.697,2206471153,622697,2,1.0249,-0.10669,-0.2002,-2.954,5.557,-1.695
2026-06-01 14:08:51.897,2206471353,622897,1,1.05249,-0.00781,0.39087,47.588,30.046,9.237
2026-06-01 14:08:51.897,2206471353,622897,2,1.01514,-0.13037,-0.19312,49.924,20.237,-22.992
2026-06-01 14:08:51.097,2206470553,623097,1,0.88428,0.10034,0.57129,58.702,20.176,17.931
2026-06-01 14:08:51.097,2206470553,623097,2,0.97241,0.03809,-0.13354,48.183,1.786,-9.58
2026-06-01 14:08:52.297,2206471753,623297,1,0.95898,0.08423,0.54102,12.603,-6.244,7.824
2026-06-01 14:08:52.297,2206471753,623297,2,1.02734,0.04639,-0.16406,4.885,-9.817,1.985
2026-06-01 14:08:52.497,2206471953,623497,1,0.99146,0.03735,0.48633,-14.847,-6.336,-5.939
2026-06-01 14:08:52.497,2206471953,623497,2,1.04102,-0.01782,-0.14258,-16.771,-2.641,5.496
2026-06-01 14:08:52.697,2206472153,623697,1,0.99731,0.02734,0.46265,-0.069,1.802,-7.061
2026-06-01 14:08:52.697,2206472153,623697,2,1.02637,-0.04639,-0.13647,1.885,5.031,-1.176
2026-06-01 14:08:52.897,2206472353,623897,1,0.98828,0.08594,0.47168,10.29,2.252,-0.229
2026-06-01 14:08:52.897,2206472353,623897,2,1.02441,-0.01172,-0.16797,9.397,-0.015,-0.672
2026-06-01 14:08:52.097,2206471553,624097,1,1.00488,0.10571,0.45898,8.534,1.969,2.328
2026-06-01 14:08:52.097,2206471553,624097,2,1.02539,0.03687,-0.20752,7.26,-2.321,-3.382
2026-06-01 14:08:53.297,2206472753,624297,1,0.99292,0.12451,0.46729,-14.351,2.45,-1.42
2026-06-01 14:08:53.297,2206472753,624297,2,1.02295,0.01538,-0.15381,-21.008,1.145,6.527
2026-06-01 14:08:53.497,2206472953,624497,1,0.96875,0.05713,0.51099,-9.992,1.031,-1.527
2026-06-01 14:08:53.497,2206472953,624497,2,1.02051,-0.01294,-0.1499,-7.771,-0.107,4.008
2026-06-01 14:08:53.697,2206473153,624697,1,0.99878,0.05444,0.48315,-5.13,-2.099,-3.153
2026-06-01 14:08:53.697,2206473153,624697,2,1.02173,-0.03271,-0.15015,-10.107,1.176,4.595
2026-06-01 14:08:53.897,2206473353,624897,1,0.97974,0.0481,0.45483,-10.779,-2.16,-3.328
2026-06-01 14:08:53.897,2206473353,624897,2,1.01294,-0.03467,-0.11768,-10.649,-1.458,3.382
2026-06-01 14:08:53.097,2206472553,625097,1,1.01416,0.09839,0.43579,-14.519,11.015,4.916
2026-06-01 14:08:53.097,2206472553,625097,2,1.05371,-0.02222,-0.13135,-3.595,17.237,7.809
2026-06-01 14:08:54.297,2206473753,625297,1,0.90405,0.02368,0.51001,-33.183,33.809,19.168
2026-06-01 14:08:54.297,2206473753,625297,2,1.03052,-0.04761,-0.08276,-21.023,32.481,17.183
2026-06-01 14:08:54.497,2206473953,625497,1,0.94873,-0.10986,0.54224,-53.145,43.069,10.305
2026-06-01 14:08:54.497,2206473953,625497,2,1.00806,-0.11914,0.03174,-46.718,50.779,16.878
2026-06-01 14:08:54.697,2206474153,625697,1,0.76807,-0.31616,0.68457,-55.122,49.84,3.947
2026-06-01 14:08:54.697,2206474153,625697,2,0.93506,-0.24121,0.20215,-43.443,45.878,5.244
2026-06-01 14:08:54.897,2206474353,625897,1,0.68628,-0.49243,0.79614,-38.176,32.687,-10.198
2026-06-01 14:08:54.897,2206474353,625897,2,0.89795,-0.32153,0.32349,-31.107,24.947,-0.786
2026-06-01 14:08:54.097,2206473553,626097,1,0.71362,-0.5,0.81982,-3.878,-2.855,-23.687
2026-06-01 14:08:54.097,2206473553,626097,2,0.91211,-0.33057,0.2937,-14.809,-18.519,-14.656
2026-06-01 14:08:55.297,2206474753,626297,1,0.76196,-0.25708,0.68994,6.595,-5.893,-12.061
2026-06-01 14:08:55.297,2206474753,626297,2,0.96191,-0.21509,0.23315,4.405,-3.359,-3.237
2026-06-01 14:08:55.497,2206474953,626497,1,0.76904,-0.34326,0.76123,2.038,7.206,1.16
2026-06-01 14:08:55.497,2206474953,626497,2,0.9397,-0.23853,0.24316,0.779,0.763,-0.344
2026-06-01 14:08:55.697,2206475153,626697,1,0.75952,-0.31763,0.73877,14.382,0.229,5.656
2026-06-01 14:08:55.697,2206475153,626697,2,0.95605,-0.21851,0.2605,17.397,-0.122,1.137
2026-06-01 14:08:55.897,2206475353,626897,1,0.73169,-0.32153,0.823,15.985,-4.206,8.603
2026-06-01 14:08:55.897,2206475353,626897,2,0.94019,-0.1814,0.25439,12.366,-11.092,-1.885
2026-06-01 14:08:55.130,2206474586,627129,1,0.74805,-0.27808,0.78369,31.702,-7.198,-2.992
2026-06-01 14:08:55.130,2206474586,627129,2,1.00098,-0.20581,0.18018,22.099,-19.053,-14.962
2026-06-01 14:08:56.329,2206475785,627329,1,0.80664,-0.15991,0.76929,39.45,-22.74,-2.611
2026-06-01 14:08:56.329,2206475785,627329,2,0.98828,-0.07202,0.10522,31.962,-26.084,-12.0
2026-06-01 14:08:56.529,2206475985,627529,1,0.85303,-0.06763,0.67749,28.947,-25.87,-4.802
2026-06-01 14:08:56.529,2206475985,627529,2,1.02271,-0.00659,0.01587,17.458,-24.687,-0.771
2026-06-01 14:08:56.729,2206476185,627729,1,0.93018,-0.00537,0.59644,12.527,-23.565,-6.687
2026-06-01 14:08:56.729,2206476185,627729,2,1.03979,-0.02759,-0.03711,3.466,-17.191,2.336
2026-06-01 14:08:56.929,2206476385,627929,1,0.97949,-0.02271,0.53125,7.55,-11.718,-3.664
2026-06-01 14:08:56.929,2206476385,627929,2,1.06152,-0.07397,-0.0708,3.763,-8.893,2.099
2026-06-01 14:08:56.130,2206475586,628129,1,0.95215,-0.01172,0.54321,15.824,2.802,8.351
2026-06-01 14:08:56.130,2206475586,628129,2,1.04248,-0.06934,-0.08789,24.206,-0.489,0.863
2026-06-01 14:08:57.329,2206476785,628329,1,0.97363,0.03247,0.50879,11.168,7.069,6.137
2026-06-01 14:08:57.329,2206476785,628329,2,1.02344,-0.03198,-0.08691,9.038,0.969,-2.29
2026-06-01 14:08:57.529,2206476985,628529,1,0.95068,0.0271,0.55078,20.557,5.794,6.191
2026-06-01 14:08:57.529,2206476985,628529,2,1.03906,-0.03906,-0.08691,19.511,1.908,0.908
2026-06-01 14:08:57.729,2206477185,628729,1,0.94507,0.02637,0.56396,25.595,3.863,3.42
2026-06-01 14:08:57.729,2206477185,628729,2,1.03394,-0.03076,-0.07886,16.374,-0.206,0.176
2026-06-01 14:08:57.929,2206477385,628929,1,0.94751,0.06836,0.55615,9.962,1.0,-2.58
2026-06-01 14:08:57.929,2206477385,628929,2,1.03345,-0.04321,-0.10059,-0.939,0.893,2.901
2026-06-01 14:08:57.129,2206476585,629129,1,0.95044,0.07739,0.56958,-0.069,-1.168,-3.626
2026-06-01 14:08:57.129,2206476585,629129,2,1.02734,-0.03467,-0.08105,-1.397,1.733,2.641
2026-06-01 14:08:58.329,2206477785,629329,1,0.95557,0.08594,0.54126,-9.115,-3.321,-5.214
2026-06-01 14:08:58.329,2206477785,629329,2,1.02124,-0.04443,-0.10229,-11.389,-2.527,2.107
2026-06-01 14:08:58.529,2206477985,629529,1,0.95313,0.04761,0.53613,-5.313,-4.412,-1.595
2026-06-01 14:08:58.529,2206477985,629529,2,1.0332,-0.0564,-0.10547,-7.481,-0.382,4.374
2026-06-01 14:08:58.729,2206478185,629729,1,0.96411,0.06421,0.50024,-5.916,-0.924,-4.366
2026-06-01 14:08:58.729,2206478185,629729,2,1.02979,-0.08301,-0.09863,-14.557,0.779,1.107
2026-06-01 14:08:58.929,2206478385,629929,1,0.96899,0.05518,0.49487,-12.901,4.405,-4.634
2026-06-01 14:08:58.929,2206478385,629929,2,1.03516,-0.08862,-0.08496,-9.336,6.252,1.443
2026-06-01 14:08:58.129,2206477585,630129,1,0.94849,0.021,0.55908,-4.534,1.679,-3.779
2026-06-01 14:08:58.129,2206477585,630129,2,1.02686,-0.07983,-0.09766,-3.962,0.145,1.344
2026-06-01 14:08:59.329,2206478785,630329,1,0.95557,0.06494,0.54297,0.802,0.244,-7.099
2026-06-01 14:08:59.329,2206478785,630329,2,1.03076,-0.0603,-0.10278,-0.168,-0.939,-2.84
2026-06-01 14:08:59.529,2206478985,630529,1,0.95166,0.10522,0.54419,-4.985,1.191,-6.153
2026-06-01 14:08:59.529,2206478985,630529,2,1.03125,-0.03857,-0.11719,-5.221,-0.305,-1.084
2026-06-01 14:08:59.729,2206479185,630729,1,0.9541,0.10596,0.53076,-7.595,-0.183,-3.649
2026-06-01 14:08:59.729,2206479185,630729,2,1.02148,-0.04199,-0.10913,-6.702,-3.183,0.863
2026-06-01 14:08:59.929,2206479385,630929,1,0.96777,0.09009,0.51807,-1.214,0.389,-2.359
2026-06-01 14:08:59.929,2206479385,630929,2,1.03052,-0.04517,-0.10083,-3.206,-2.221,-1.038
2026-06-01 14:08:59.129,2206478585,631129,1,0.96631,0.10645,0.52197,6.649,0.908,0.733
2026-06-01 14:08:59.129,2206478585,631129,2,1.04077,-0.03735,-0.12524,1.756,-2.481,1.405
2026-06-01 14:09:00.329,2206479785,631329,1,0.95996,0.10156,0.51758,1.107,-1.107,1.427
2026-06-01 14:09:00.329,2206479785,631329,2,1.02539,-0.04224,-0.1394,-1.458,-0.511,1.87
2026-06-01 14:09:00.529,2206479985,631529,1,0.97607,0.11597,0.47754,2.084,-4.397,-0.481
2026-06-01 14:09:00.529,2206479985,631529,2,1.02832,-0.03687,-0.13062,-5.679,-3.305,4.824
2026-06-01 14:09:00.729,2206480185,631729,1,0.98315,0.07227,0.47803,-15.733,1.336,-0.069
2026-06-01 14:09:00.729,2206480185,631729,2,1.04517,-0.07471,-0.15771,-14.076,2.84,5.687
2026-06-01 14:09:00.929,2206480385,631929,1,0.97485,0.0332,0.52344,1.443,1.466,2.924
2026-06-01 14:09:00.929,2206480385,631929,2,1.02124,-0.09521,-0.10425,15.786,-0.557,-4.107
2026-06-01 14:09:00.129,2206479585,632129,1,0.98877,0.06372,0.48169,24.198,6.473,6.588
2026-06-01 14:09:00.129,2206479585,632129,2,1.03052,-0.05347,-0.11499,25.756,3.985,-5.168
2026-06-01 14:09:01.329,2206480785,632329,1,0.95215,0.07373,0.53271,10.176,8.267,1.977
2026-06-01 14:09:01.329,2206480785,632329,2,1.01538,-0.04004,-0.14038,-3.618,1.496,-1.618
2026-06-01 14:09:01.529,2206480985,632529,1,0.96167,0.08203,0.52417,-6.542,0.45,-4.038
2026-06-01 14:09:01.529,2206480985,632529,2,1.02075,-0.04175,-0.13599,-9.229,-2.718,0.115
2026-06-01 14:09:01.729,2206481185,632729,1,0.97803,0.08594,0.50781,-7.634,-2.092,-4.588
2026-06-01 14:09:01.729,2206481185,632729,2,1.02539,-0.0686,-0.13892,-7.038,-1.588,3.122
2026-06-01 14:09:01.929,2206481385,632929,1,1.00562,0.0835,0.47607,-0.458,-0.763,0.229
2026-06-01 14:09:01.929,2206481385,632929,2,1.04102,-0.07031,-0.1438,-0.176,-0.053,-0.008
2026-06-01 14:09:01.129,2206480585,633129,1,0.98022,0.08716,0.47485,-6.702,2.069,-1.557
2026-06-01 14:09:01.129,2206480585,633129,2,1.0293,-0.05908,-0.15649,-3.366,2.611,1.206
2026-06-01 14:09:02.329,2206481785,633329,1,0.97314,0.08398,0.48511,3.267,-1.382,0.466
2026-06-01 14:09:02.329,2206481785,633329,2,1.01294,-0.05811,-0.14404,-2.115,-1.137,-0.656
2026-06-01 14:09:02.529,2206481985,633529,1,0.97656,0.08569,0.49609,3.511,1.588,-0.992
2026-06-01 14:09:02.529,2206481985,633529,2,1.02124,-0.0708,-0.15454,5.748,-0.885,-0.267
2026-06-01 14:09:02.729,2206482185,633729,1,0.97461,0.08179,0.49683,5.237,1.069,0.489
2026-06-01 14:09:02.729,2206482185,633729,2,1.03125,-0.05469,-0.15747,2.252,-1.763,-1.588
2026-06-01 14:09:02.929,2206482385,633929,1,0.98438,0.09204,0.48901,3.076,0.626,-2.16
2026-06-01 14:09:02.929,2206482385,633929,2,1.03125,-0.05957,-0.16211,-3.053,-2.435,-1.336
2026-06-01 14:09:02.129,2206481585,634129,1,0.98071,0.10278,0.48071,-0.038,2.252,-3.595
2026-06-01 14:09:02.129,2206481585,634129,2,1.0188,-0.05493,-0.16333,-2.084,-0.672,0.817
2026-06-01 14:09:03.329,2206482785,634329,1,0.98145,0.09668,0.47363,4.183,1.328,1.344
2026-06-01 14:09:03.329,2206482785,634329,2,1.02637,-0.04688,-0.17627,1.427,-2.145,0.321
2026-06-01 14:09:03.529,2206482985,634529,1,0.97021,0.11377,0.47803,0.267,-0.206,-0.336
2026-06-01 14:09:03.529,2206482985,634529,2,1.02686,-0.05078,-0.17896,0.824,0.008,1.221
2026-06-01 14:09:03.729,2206483185,634729,1,0.98486,0.09546,0.46875,0.382,0.794,0.214
2026-06-01 14:09:03.729,2206483185,634729,2,1.02734,-0.04663,-0.15967,0.405,1.893,0.458
2026-06-01 14:09:03.929,2206483385,634929,1,0.99463,0.09766,0.45581,0.695,1.878,-1.031
2026-06-01 14:09:03.929,2206483385,634929,2,1.03027,-0.05078,-0.17358,0.183,1.718,-1.038
2026-06-01 14:09:03.129,2206482585,635129,1,0.98364,0.09888,0.47827,-0.847,3.198,-1.832
2026-06-01 14:09:03.129,2206482585,635129,2,1.03149,-0.05322,-0.17578,2.267,1.458,-1.092
2026-06-01 14:09:04.329,2206483785,635329,1,0.98535,0.10229,0.47583,2.656,2.794,2.053
2026-06-01 14:09:04.329,2206483785,635329,2,1.02661,-0.04688,-0.1731,3.313,1.855,0.908
2026-06-01 14:09:04.529,2206483985,635529,1,0.98901,0.09668,0.46875,2.183,3.824,2.198
2026-06-01 14:09:04.529,2206483985,635529,2,1.03223,-0.06055,-0.16968,-0.672,1.947,-0.176
2026-06-01 14:09:04.729,2206484185,635729,1,0.97754,0.09229,0.48706,0.916,3.45,-0.267
2026-06-01 14:09:04.729,2206484185,635729,2,1.03125,-0.05029,-0.15698,-0.55,1.656,-0.053
2026-06-01 14:09:04.929,2206484385,635929,1,0.97534,0.09351,0.49268,-0.336,2.74,-0.588
2026-06-01 14:09:04.929,2206484385,635929,2,1.03296,-0.05981,-0.14917,-0.832,1.389,0.229
2026-06-01 14:09:04.129,2206483585,636129,1,0.9729,0.09033,0.49316,0.168,2.611,-0.779
2026-06-01 14:09:04.129,2206483585,636129,2,1.02295,-0.04736,-0.14648,-1.489,0.695,0.496
2026-06-01 14:09:05.329,2206484785,636329,1,0.98364,0.09424,0.49976,-0.908,2.038,-1.137
2026-06-01 14:09:05.329,2206484785,636329,2,1.03125,-0.04736,-0.1416,-2.939,1.153,0.695
2026-06-01 14:09:05.529,2206484985,636529,1,0.97705,0.08691,0.50073,-1.397,2.366,-1.763
2026-06-01 14:09:05.529,2206484985,636529,2,1.03125,-0.04614,-0.14697,-3.908,-0.282,1.061
2026-06-01 14:09:05.729,2206485185,636729,1,0.96484,0.08447,0.50146,-1.847,1.641,-2.008
2026-06-01 14:09:05.729,2206485185,636729,2,1.01685,-0.0498,-0.13721,-5.489,0.046,0.847
2026-06-01 14:09:05.929,2206485385,636929,1,0.9751,0.08862,0.50781,-2.076,0.534,-2.802
2026-06-01 14:09:05.929,2206485385,636929,2,1.02319,-0.04688,-0.14941,-4.786,-1.244,1.496
2026-06-01 14:09:05.129,2206484585,637129,1,0.97803,0.09424,0.48071,-1.053,-0.511,-2.626
2026-06-01 14:09:05.129,2206484585,637129,2,1.02539,-0.0459,-0.16895,-4.198,-1.496,0.382
2026-06-01 14:09:06.329,2206485785,637329,1,0.9729,0.1062,0.47827,-0.16,0.748,-2.794
2026-06-01 14:09:06.329,2206485785,637329,2,1.02393,-0.0498,-0.17114,-1.0,-0.046,0.908
2026-06-01 14:09:06.529,2206485985,637529,1,0.98267,0.10718,0.47437,0.809,0.374,-1.939
2026-06-01 14:09:06.529,2206485985,637529,2,1.03369,-0.04565,-0.17114,0.229,-1.313,-0.405
2026-06-01 14:09:06.729,2206486185,637729,1,0.97949,0.1272,0.46899,2.366,2.496,-0.878
2026-06-01 14:09:06.729,2206486185,637729,2,1.02588,-0.04785,-0.16528,1.718,1.107,0.794
2026-06-01 14:09:06.929,2206486385,637929,1,0.96875,0.12451,0.48608,1.939,2.534,2.336
2026-06-01 14:09:06.929,2206486385,637929,2,1.02539,-0.05005,-0.17383,2.099,0.29,1.374
2026-06-01 14:09:06.129,2206485585,638129,1,0.97388,0.11719,0.47314,-1.084,-0.061,-0.313
2026-06-01 14:09:06.129,2206485585,638129,2,1.02002,-0.05347,-0.17554,-1.84,-0.878,1.977
2026-06-01 14:09:07.329,2206486785,638329,1,0.97705,0.12134,0.46606,-1.443,-0.397,-3.397
2026-06-01 14:09:07.329,2206486785,638329,2,1.02612,-0.05957,-0.18726,-5.031,-1.183,0.565
2026-06-01 14:09:07.529,2206486985,638529,1,0.97754,0.12476,0.47241,-0.71,1.13,-3.237
2026-06-01 14:09:07.529,2206486985,638529,2,1.02954,-0.06104,-0.17578,-1.458,0.092,1.87
2026-06-01 14:09:07.729,2206487185,638729,1,0.98267,0.12695,0.46533,0.29,2.13,-0.008
2026-06-01 14:09:07.729,2206487185,638729,2,1.02197,-0.05981,-0.18018,-1.84,0.58,0.687
2026-06-01 14:09:07.929,2206487385,638929,1,0.98706,0.11719,0.46362,-0.298,1.878,1.244
2026-06-01 14:09:07.929,2206487385,638929,2,1.0293,-0.06079,-0.17505,-2.252,-0.053,0.267
2026-06-01 14:09:07.129,2206486585,639129,1,0.97827,0.12134,0.47388,0.115,2.504,0.55
2026-06-01 14:09:07.129,2206486585,639129,2,1.02563,-0.05127,-0.18359,-3.74,0.641,0.779
2026-06-01 14:09:08.329,2206487785,639329,1,0.9812,0.11841,0.47583,0.397,3.137,-0.389
2026-06-01 14:09:08.329,2206487785,639329,2,1.01709,-0.06421,-0.177,6.176,5.527,-0.336
2026-06-01 14:09:08.529,2206487985,639529,1,0.98096,0.1123,0.48047,1.466,2.008,1.809
2026-06-01 14:09:08.529,2206487985,639529,2,1.02393,-0.05737,-0.1626,-0.145,0.794,0.954
2026-06-01 14:09:08.729,2206488185,639729,1,0.9856,0.09937,0.48535,0.153,2.221,1.252
2026-06-01 14:09:08.729,2206488185,639729,2,1.02002,-0.06763,-0.16968,-1.672,0.29,1.13
2026-06-01 14:09:08.929,2206488385,639929,1,0.9812,0.09619,0.47925,-0.534,1.229,0.214
2026-06-01 14:09:08.929,2206488385,639929,2,1.02783,-0.07129,-0.16772,-1.031,0.389,1.87
2026-06-01 14:09:08.129,2206487585,640129,1,0.99536,0.10254,0.47339,-0.916,3.252,-1.168
2026-06-01 14:09:08.129,2206487585,640129,2,1.02075,-0.08008,-0.12402,-1.779,5.321,-0.916
2026-06-01 14:09:09.329,2206488785,640329,1,0.97559,0.0957,0.48364,-1.611,5.061,0.656
2026-06-01 14:09:09.329,2206488785,640329,2,1.0293,-0.07764,-0.14233,-2.672,4.107,0.748
2026-06-01 14:09:09.529,2206488985,640529,1,0.97925,0.08423,0.50781,-1.679,6.389,0.74
2026-06-01 14:09:09.529,2206488985,640529,2,1.03516,-0.06006,-0.12842,-9.71,3.565,-2.298
2026-06-01 14:09:09.729,2206489185,640729,1,0.95996,0.07642,0.51709,-7.0,9.244,-5.511
2026-06-01 14:09:09.729,2206489185,640729,2,1.04272,-0.05103,-0.12793,-11.13,7.336,-3.382
2026-06-01 14:09:09.929,2206489385,640929,1,0.94824,0.09009,0.54712,-8.809,5.527,-7.893
2026-06-01 14:09:09.929,2206489385,640929,2,1.01953,-0.05103,-0.11328,-12.13,3.763,-0.427
2026-06-01 14:09:09.129,2206488585,641129,1,0.94165,0.10059,0.55273,-5.42,-0.779,-6.313
2026-06-01 14:09:09.129,2206488585,641129,2,1.02197,-0.05371,-0.10669,-9.137,-0.824,1.626
2026-06-01 14:09:10.329,2206489785,641329,1,0.95264,0.11157,0.54248,-2.374,-4.733,-2.168
2026-06-01 14:09:10.329,2206489785,641329,2,1.0293,-0.05493,-0.11523,-4.519,-5.374,2.733
2026-06-01 14:09:10.529,2206489985,641529,1,0.95142,0.12378,0.51978,-1.443,-6.618,-0.16
2026-06-01 14:09:10.529,2206489985,641529,2,1.03296,-0.06079,-0.14722,-3.74,-5.511,5.55
2026-06-01 14:09:10.729,2206490185,641729,1,0.98486,0.11792,0.48315,-4.481,-1.344,-2.267
2026-06-01 14:09:10.729,2206490185,641729,2,1.03125,-0.05835,-0.15601,-4.985,-0.443,0.031
2026-06-01 14:09:10.929,2206490385,641929,1,0.98291,0.09937,0.50293,-0.924,2.397,-2.237
2026-06-01 14:09:10.929,2206490385,641929,2,1.03394,-0.06445,-0.1333,-0.534,1.099,-0.16
2026-06-01 14:09:10.129,2206489585,642129,1,0.97681,0.11572,0.49316,4.443,4.359,-1.0
2026-06-01 14:09:10.129,2206489585,642129,2,1.02051,-0.03296,-0.13892,2.954,2.366,-4.969
2026-06-01 14:09:11.329,2206490785,642329,1,0.96313,0.13281,0.4939,5.611,2.779,0.237
2026-06-01 14:09:11.329,2206490785,642329,2,1.02881,-0.03003,-0.16187,4.992,0.115,-3.374
2026-06-01 14:09:11.529,2206490985,642529,1,0.94702,0.15869,0.50073,2.733,2.802,0.26
2026-06-01 14:09:11.529,2206490985,642529,2,1.03638,-0.02686,-0.1499,-0.359,1.42,2.191
2026-06-01 14:09:11.729,2206491185,642729,1,0.96265,0.13281,0.52173,-0.473,2.832,-0.382
2026-06-01 14:09:11.729,2206491185,642729,2,1.02661,-0.03784,-0.13501,-4.664,-0.603,2.0
2026-06-01 14:09:11.929,2206491385,642929,1,0.9585,0.11963,0.52368,0.237,-1.779,2.305
2026-06-01 14:09:11.929,2206491385,642929,2,1.02295,-0.05371,-0.14185,-3.832,-1.42,3.573
2026-06-01 14:09:11.129,2206490585,643129,1,0.95898,0.10059,0.50928,0.702,-1.893,1.679
2026-06-01 14:09:11.129,2206490585,643129,2,1.02393,-0.08276,-0.1499,-3.824,-1.214,6.168
2026-06-01 14:09:12.329,2206491785,643329,1,0.9812,0.08423,0.48608,-3.511,-0.924,3.198
2026-06-01 14:09:12.329,2206491785,643329,2,1.01953,-0.06763,-0.15356,-4.137,-0.611,4.099
2026-06-01 14:09:12.545,2206492001,643545,1,0.98267,0.06079,0.48438,-4.519,0.733,1.061
2026-06-01 14:09:12.545,2206492001,643545,2,1.02124,-0.09155,-0.1665,-5.328,1.405,2.412
2026-06-01 14:09:12.745,2206492201,643745,1,0.98291,0.06006,0.46948,-12.328,0.26,-2.947
2026-06-01 14:09:12.745,2206492201,643745,2,1.02002,-0.0979,-0.17236,-9.107,3.969,5.626
2026-06-01 14:09:12.945,2206492401,643945,1,1.00049,0.05005,0.48193,-12.496,2.565,-3.664
2026-06-01 14:09:12.945,2206492401,643945,2,1.03735,-0.12866,-0.13892,-7.16,6.748,6.214
2026-06-01 14:09:12.145,2206491601,644145,1,0.9668,0.0376,0.4939,-3.573,2.611,-0.29
2026-06-01 14:09:12.145,2206491601,644145,2,1.02124,-0.12744,-0.14673,-3.824,0.649,0.908
2026-06-01 14:09:13.345,2206492801,644345,1,0.98364,0.03711,0.48779,-0.092,1.87,
2026-06-01 14:09:13.345,2206492801,644345,2,1.01929,-0.12305,-0.15186,0.275,-1.504,-0.519
2026-06-01 14:09:13.545,2206493001,644545,1,0.97949,0.04932,0.49023,3.756,1.061,0.214
2026-06-01 14:09:13.545,2206493001,644545,2,1.03687,-0.10571,-0.15454,1.122,-0.916,-0.344
2026-06-01 14:09:13.745,2206493201,644745,1,0.97607,0.06543,0.48218,3.931,2.458,0.389
2026-06-01 14:09:13.745,2206493201,644745,2,1.02612,-0.10767,-0.15576,2.527,-0.046,-0.122
2026-06-01 14:09:13.945,2206493401,644945,1,0.9856,0.05469,0.48071,3.0,2.519,0.824
2026-06-01 14:09:13.945,2206493401,644945,2,1.02563,-0.12402,-0.15161,0.374,1.779,0.382
2026-06-01 14:09:13.145,2206492601,645145,1,0.99194,0.0437,0.47021,4.168,4.847,0.718
2026-06-01 14:09:13.145,2206492601,645145,2,1.02344,-0.12573,-0.12183,4.0,7.282,-0.985
2026-06-01 14:09:14.345,2206493801,645345,1,0.98022,0.02661,0.50586,11.802,10.885,3.664
2026-06-01 14:09:14.345,2206493801,645345,2,1.02466,-0.12915,-0.09277,12.832,6.221,-4.405
2026-06-01 14:09:14.545,2206494001,645545,1,0.9563,0.0498,0.5354,20.748,10.931,7.847
2026-06-01 14:09:14.545,2206494001,645545,2,1.02051,-0.09473,-0.08984,20.84,3.275,-3.298
2026-06-01 14:09:14.745,2206494201,645745,1,0.9541,0.0564,0.54443,25.145,7.328,9.771
2026-06-01 14:09:14.745,2206494201,645745,2,1.01025,-0.08862,-0.08081,30.191,-3.58,-3.656
2026-06-01 14:09:14.945,2206494401,645945,1,0.96313,0.08203,0.5564,27.031,2.924,11.71
2026-06-01 14:09:14.945,2206494401,645945,2,1.02783,-0.0332,-0.09937,22.305,-4.573,-0.863
2026-06-01 14:09:14.145,2206493601,646145,1,0.95728,0.08423,0.54907,4.702,0.366,3.603
2026-06-01 14:09:14.145,2206493601,646145,2,1.03613,-0.05103,-0.11279,0.137,-2.618,0.496
2026-06-01 14:09:15.345,2206494801,646345,1,0.95972,0.06567,0.53125,-5.756,-2.489,-3.649
2026-06-01 14:09:15.345,2206494801,646345,2,1.01587,-0.07275,-0.09009,-8.771,-1.221,1.809
2026-06-01 14:09:15.555,2206495011,646555,1,0.95654,0.07349,0.52222,-6.214,-3.55,-5.313
2026-06-01 14:09:15.555,2206495011,646555,2,0.99316,-0.0708,-0.11938,-7.389,-3.687,3.603
2026-06-01 14:09:15.755,2206495211,646755,1,0.9751,0.07227,0.50366,-6.496,-4.519,-4.756
2026-06-01 14:09:15.755,2206495211,646755,2,1.02637,-0.08691,-0.12183,-8.244,-1.733,3.084
2026-06-01 14:09:15.955,2206495411,646955,1,0.98535,0.07349,0.50244,-6.412,-1.702,-2.618
2026-06-01 14:09:15.955,2206495411,646955,2,1.02734,-0.09326,-0.13623,-9.565,-0.458,2.374
2026-06-01 14:09:15.155,2206494611,647155,1,0.97119,0.06445,0.48682,-5.962,-0.649,-2.198
2026-06-01 14:09:15.155,2206494611,647155,2,1.00415,-0.10303,-0.13989,-6.183,-1.687,3.321
2026-06-01 14:09:16.355,2206495811,647355,1,0.98462,0.06909,0.45679,-3.038,-1.824,-1.603
2026-06-01 14:09:16.355,2206495811,647355,2,1.02979,-0.10278,-0.146,-6.206,-1.366,2.023
2026-06-01 14:09:16.555,2206496011,647555,1,0.99268,0.06128,0.46582,-5.947,0.267,-2.443
2026-06-01 14:09:16.555,2206496011,647555,2,1.02954,-0.10986,-0.1604,-6.679,0.405,2.176
2026-06-01 14:09:16.755,2206496211,647755,1,0.98389,0.06421,0.47339,-3.45,2.031,-1.611
2026-06-01 14:09:16.755,2206496211,647755,2,1.0144,-0.11646,-0.16089,-6.023,0.473,0.87
2026-06-01 14:09:16.955,2206496411,647955,1,0.9873,0.05957,0.4624,-3.473,1.84,-2.634
2026-06-01 14:09:16.955,2206496411,647955,2,1.01831,-0.11157,-0.16504,-7.901,0.748,1.733
2026-06-01 14:09:16.155,2206495611,648155,1,0.99023,0.05322,0.46875,-3.992,1.237,-2.847
2026-06-01 14:09:16.155,2206495611,648155,2,1.02563,-0.12329,-0.15967,-4.489,1.198,1.26
2026-06-01 14:09:17.355,2206496811,648355,1,0.98999,0.05786,0.46631,-0.687,1.634,-1.832
2026-06-01 14:09:17.355,2206496811,648355,2,1.02393,-0.11816,-0.15649,-0.618,0.313,-0.427
2026-06-01 14:09:17.555,2206497011,648555,1,0.9917,0.07422,0.45581,0.58,1.885,-0.779
2026-06-01 14:09:17.555,2206497011,648555,2,1.02466,-0.10693,-0.14941,0.908,1.153,0.595
2026-06-01 14:09:17.755,2206497211,648755,1,0.97876,0.06592,0.47412,0.992,3.16,0.466
2026-06-01 14:09:17.755,2206497211,648755,2,1.01611,-0.11255,-0.15552,1.802,1.168,-0.115
2026-06-01 14:09:17.955,2206497411,648955,1,0.9873,0.06616,0.47583,2.656,2.305,0.817
2026-06-01 14:09:17.955,2206497411,648955,2,1.02051,-0.10742,-0.1582,-0.366,0.198,-0.153
2026-06-01 14:09:17.155,2206496611,649155,1,0.98315,0.06299,0.47217,1.58,2.366,-0.183
2026-06-01 14:09:17.155,2206496611,649155,2,1.02734,-0.10376,-0.16602,-1.023,0.641,0.221
2026-06-01 14:09:18.355,2206497811,649355,1,0.98242,0.0603,0.46533,0.679,1.74,-1.237
2026-06-01 14:09:18.355,2206497811,649355,2,1.02905,-0.10645,-0.15527,-1.481,-0.214,0.489
2026-06-01 14:09:18.555,2206498011,649555,1,0.98657,0.06519,0.48462,0.931,1.588,-1.122
2026-06-01 14:09:18.555,2206498011,649555,2,1.02612,-0.10864,-0.15503,-1.84,-0.061,0.786
2026-06-01 14:09:18.755,2206498211,649755,1,0.99219,0.06885,0.46313,2.069,1.214,-0.359
2026-06-01 14:09:18.755,2206498211,649755,2,1.02246,-0.10449,-0.15601,-1.939,0.145,0.16
2026-06-01 14:09:18.955,2206498411,649955,1,0.98779,0.07422,0.47705,-0.038,1.641,-1.221
2026-06-01 14:09:18.955,2206498411,649955,2,1.02295,-0.10205,-0.15405,-2.443,-0.008,0.74
2026-06-01 14:09:18.155,2206497611,650155,1,0.98022,0.08252,0.4729,-0.038,1.55,-1.84
2026-06-01 14:09:18.155,2206497611,650155,2,1.02954,-0.10889,-0.15381,-4.969,-0.313,1.046
2026-06-01 14:09:19.355,2206498811,650355,1,0.9856,0.08276,0.47656,0.237,1.817,-2.198
2026-06-01 14:09:19.355,2206498811,650355,2,1.02515,-0.10547,-0.16333,-3.008,0.504,0.336
2026-06-01 14:09:19.555,2206499011,650555,1,0.98193,0.09253,0.4624,0.397,2.344,-1.328
2026-06-01 14:09:19.555,2206499011,650555,2,1.03174,-0.1084,-0.17041,-3.198,0.435,-0.382
2026-06-01 14:09:19.755,2206499211,650755,1,0.99365,0.0752,0.47217,1.0,1.618,0.099
2026-06-01 14:09:19.755,2206499211,650755,2,1.02026,-0.09985,-0.16504,0.573,0.977,0.168
2026-06-01 14:09:19.955,2206499411,650955,1,0.98242,0.0752,0.49146,2.229,1.389,0.298
2026-06-01 14:09:19.955,2206499411,650955,2,1.02563,-0.11304,-0.15576,0.763,0.71,0.473
2026-06-01 14:09:19.155,2206498611,651155,1,0.97656,0.07422,0.47363,3.008,2.023,0.756
2026-06-01 14:09:19.155,2206498611,651155,2,1.02271,-0.09888,-0.15527,3.58,0.053,-0.908
2026-06-01 14:09:20.355,2206499811,651355,1,0.99219,0.08081,0.47607,3.076,1.908,0.13
2026-06-01 14:09:20.355,2206499811,651355,2,1.03027,-0.09155,-0.16699,3.153,-0.015,-0.626
2026-06-01 14:09:20.555,2206500011,651555,1,0.98584,0.08716,0.46533,1.427,1.878,-0.397
2026-06-01 14:09:20.555,2206500011,651555,2,1.01343,-0.08911,-0.17456,-1.031,0.137,0.435
2026-06-01 14:09:20.755,2206500211,651755,1,0.98486,0.08813,0.46777,-1.718,1.992,-1.634
2026-06-01 14:09:20.755,2206500211,651755,2,1.01953,-0.08252,-0.1687,-5.122,1.237,0.496
2026-06-01 14:09:20.955,2206500411,651955,1,0.98682,0.09473,0.4707,-3.0,2.252,-1.359
2026-06-01 14:09:20.955,2206500411,651955,2,1.02124,-0.09619,-0.16016,-2.87,2.962,2.336
2026-06-01 14:09:20.155,2206499611,652155,1,0.99121,0.07764,0.4873,-1.885,2.672,-0.672
2026-06-01 14:09:20.155,2206499611,652155,2,1.02271,-0.09912,-0.14453,-2.435,1.962,0.313
2026-06-01 14:09:21.355,2206500811,652355,1,0.98071,0.07007,0.47681,-0.244,3.427,0.084
2026-06-01 14:09:21.355,2206500811,652355,2,1.0293,-0.10156,-0.14087,-1.656,1.351,-0.901
2026-06-01 14:09:21.555,2206501011,652555,1,0.99365,0.05029,0.49585,2.336,4.496,1.504
2026-06-01 14:09:21.555,2206501011,652555,2,1.01318,-0.10352,-0.1311,-0.473,-0.023,-6.718
2026-06-01 14:09:21.755,2206501211,652755,1,0.97803,0.05591,0.48657,3.58,5.191,-1.733
2026-06-01 14:09:21.755,2206501211,652755,2,1.02759,-0.08154,-0.11792,0.282,2.565,-4.282
2026-06-01 14:09:21.955,2206501411,652955,1,0.97754,0.05005,0.50757,9.046,13.328,0.626
2026-06-01 14:09:21.955,2206501411,652955,2,1.02319,-0.06836,-0.09692,13.664,10.412,-5.542
2026-06-01 14:09:21.155,2206500611,653155,1,0.94702,0.14136,0.57764,17.45,10.969,1.779
2026-06-01 14:09:21.155,2206500611,653155,2,1.05957,0.00659,-0.15332,8.885,0.802,-6.29
2026-06-01 14:09:22.355,2206501811,653355,1,0.90601,0.17529,0.53149,-4.74,-2.221,-6.626
2026-06-01 14:09:22.355,2206501811,653355,2,1.01978,-0.0083,-0.11401,-10.046,2.229,12.046
2026-06-01 14:09:22.555,2206502011,653555,1,0.93311,0.07544,0.54932,-8.817,-0.191,2.771
2026-06-01 14:09:22.555,2206502011,653555,2,1.00513,-0.02051,-0.12061,-4.962,-7.954,1.885
2026-06-01 14:09:22.820,2206502276,653820,1,0.96729,0.13672,0.50757,2.046,-2.847,-4.855
2026-06-01 14:09:22.820,2206502276,653820,2,1.03784,-0.04761,-0.13843,-9.389,-2.382,0.053
2026-06-01 14:09:22.020,2206501476,654020,1,0.96362,0.12305,0.50903,0.756,1.985,2.176
2026-06-01 14:09:22.020,2206501476,654020,2,1.03296,-0.0752,-0.13696,10.443,-0.878,1.641
2026-06-01 14:09:22.220,2206501676,654220,1,0.95947,0.11597,0.48608,19.595,3.718,14.191
2026-06-01 14:09:22.220,2206501676,654220,2,1.01563,-0.04321,-0.17456,28.618,2.351,2.672
2026-06-01 14:09:23.420,2206502876,654420,1,0.9751,0.14551,0.47583,19.206,3.275,16.817
2026-06-01 14:09:23.420,2206502876,654420,2,0.99976,-0.02271,-0.22021,14.863,-6.458,1.16
2026-06-01 14:09:23.620,2206503076,654620,1,0.9585,0.04492,0.49585,32.817,8.435,25.962
2026-06-01 14:09:23.620,2206503076,654620,2,0.96948,-0.11182,-0.14893,36.687,-4.076,0.473
2026-06-01 14:09:23.820,2206503276,654820,1,0.93726,-0.01831,0.4917,47.267,8.504,22.397
2026-06-01 14:09:23.820,2206503276,654820,2,1.04639,-0.16479,-0.03223,63.023,3.053,-0.069
2026-06-01 14:09:23.020,2206502476,655020,1,1.00195,-0.01855,0.53564,63.557,10.565,30.603
2026-06-01 14:09:23.020,2206502476,655020,2,1.01196,-0.1853,-0.09131,65.725,-0.641,-0.626
2026-06-01 14:09:23.220,2206502676,655220,1,0.95264,-0.04663,0.53369,48.908,13.084,25.802
2026-06-01 14:09:23.220,2206502676,655220,2,1.01782,-0.10059,-0.00928,45.504,-0.649,-10.595
2026-06-01 14:09:24.420,2206503876,655420,1,0.91187,0.03955,0.56689,28.985,17.763,5.824
2026-06-01 14:09:24.420,2206503876,655420,2,1.00293,-0.02905,-0.04077,24.878,7.695,-12.008
2026-06-01 14:09:24.620,2206504076,655620,1,0.87598,0.12866,0.61621,18.969,9.588,2.405
2026-06-01 14:09:24.620,2206504076,655620,2,0.96729,0.03101,-0.15601,12.435,2.008,2.87
2026-06-01 14:09:24.820,2206504276,655820,1,0.95801,0.17065,0.53809,-2.725,-16.885,6.191
2026-06-01 14:09:24.820,2206504276,655820,2,0.98145,0.04761,-0.15405,-18.496,-13.397,13.214
2026-06-01 14:09:24.020,2206503476,656020,1,0.97095,0.08203,0.49634,-3.863,-9.916,1.595
2026-06-01 14:09:24.020,2206503476,656020,2,1.03931,-0.05054,-0.15259,-33.527,-6.351,0.87
2026-06-01 14:09:24.220,2206503676,656220,1,0.96289,-0.0332,0.53467,-28.542,4.45,-10.733
2026-06-01 14:09:24.220,2206503676,656220,2,1.03271,-0.177,-0.07007,-32.244,10.275,-7.397
2026-06-01 14:09:25.420,2206504876,656420,1,0.87158,-0.09326,0.56665,-10.908,-0.076,-3.16
2026-06-01 14:09:25.420,2206504876,656420,2,0.92871,-0.26465,-0.00024,-8.496,0.084,7.389
2026-06-01 14:09:25.620,2206505076,656620,1,0.92578,0.04932,0.52271,8.885,12.885,6.328
2026-06-01 14:09:25.620,2206505076,656620,2,0.98877,-0.01855,-0.09961,43.145,15.969,-11.71
2026-06-01 14:09:25.820,2206505276,656820,1,0.96875,0.1189,0.62891,-2.977,-16.435,-8.038
2026-06-01 14:09:25.820,2206505276,656820,2,0.93994,-0.09888,-0.15283,3.275,-19.557,4.115
2026-06-01 14:09:25.020,2206504476,657020,1,1.0,0.07251,0.44043,1.359,-16.412,-7.977
2026-06-01 14:09:25.020,2206504476,657020,2,1.04785,-0.13623,-0.16699,-3.145,-9.115,6.443
2026-06-01 14:09:25.220,2206504676,657220,1,1.03369,0.04224,0.39575,-16.275,-4.603,-10.229
2026-06-01 14:09:25.220,2206504676,657220,2,1.04077,-0.14478,-0.18188,-11.504,0.885,1.985
2026-06-01 14:09:26.420,2206505876,657420,1,1.00293,0.05273,0.43262,1.221,1.511,4.458
2026-06-01 14:09:26.420,2206505876,657420,2,1.02661,-0.12817,-0.19141,-1.817,1.389,1.359
2026-06-01 14:09:26.620,2206506076,657620,1,1.00684,0.02808,0.43335,-2.191,1.588,0.969
2026-06-01 14:09:26.620,2206506076,657620,2,1.01172,-0.15161,-0.19727,-12.756,1.008,4.664
2026-06-01 14:09:26.820,2206506276,657820,1,1.00342,0.01611,0.42773,-1.435,3.565,-2.588
2026-06-01 14:09:26.820,2206506276,657820,2,1.00635,-0.16187,-0.19165,0.153,4.168,0.511
2026-06-01 14:09:26.020,2206505476,658020,1,1.00073,0.03369,0.44165,2.122,3.511,0.053
2026-06-01 14:09:26.020,2206505476,658020,2,1.0083,-0.15112,-0.1853,0.092,0.969,-1.947
2026-06-01 14:09:26.220,2206505676,658220,1,0.98853,0.04077,0.45215,0.641,2.053,-0.534
2026-06-01 14:09:26.220,2206505676,658220,2,1.01489,-0.14307,-0.18042,1.473,1.046,0.779
2026-06-01 14:09:27.420,2206506876,658420,1,0.99219,0.02686,0.43677,0.443,1.069,-0.824
2026-06-01 14:09:27.420,2206506876,658420,2,1.00879,-0.14868,-0.17651,1.336,0.893,0.672
2026-06-01 14:09:27.620,2206507076,658620,1,1.02222,0.03979,0.43848,3.786,1.687,1.443
2026-06-01 14:09:27.620,2206507076,658620,2,1.02197,-0.16187,-0.18091,6.481,-0.504,-1.29
2026-06-01 14:09:27.820,2206507276,658820,1,0.99072,0.03711,0.44531,5.221,2.351,1.496
2026-06-01 14:09:27.820,2206507276,658820,2,1.01978,-0.13745,-0.17822,4.229,0.015,-1.107
2026-06-01 14:09:27.020,2206506476,659020,1,0.99829,0.03711,0.46069,1.832,1.015,0.214
2026-06-01 14:09:27.020,2206506476,659020,2,1.01514,-0.14453,-0.17725,0.328,0.313,0.618
2026-06-01 14:09:27.220,2206506676,659220,1,0.99707,0.03345,0.44946,1.16,2.267,-0.061
2026-06-01 14:09:27.220,2206506676,659220,2,1.01758,-0.13647,-0.17017,0.878,0.115,-0.573
2026-06-01 14:09:28.420,2206507876,659420,1,0.9939,0.0376,0.45923,0.779,2.031,-1.771
2026-06-01 14:09:28.420,2206507876,659420,2,1.01978,-0.13647,-0.16943,-0.939,0.595,0.26
2026-06-01 14:09:28.620,2206508076,659620,1,0.98901,0.04126,0.44751,1.718,2.275,-1.244
2026-06-01 14:09:28.620,2206508076,659620,2,1.0166,-0.12817,-0.17236,-1.824,-0.626,-0.794
2026-06-01 14:09:28.820,2206508276,659820,1,0.99512,0.052,0.4541,1.786,3.718,-0.42
2026-06-01 14:09:28.820,2206508276,659820,2,1.01367,-0.12134,-0.18018,0.252,1.198,-0.603
2026-06-01 14:09:28.020,2206507476,660020,1,0.98828,0.04932,0.46777,2.42,2.145,0.168
2026-06-01 14:09:28.020,2206507476,660020,2,1.01196,-0.12427,-0.1853,-0.275,-1.115,-0.031
2026-06-01 14:09:28.220,2206507676,660220,1,0.99756,0.0564,0.46362,0.74,-0.527,-0.84
2026-06-01 14:09:28.220,2206507676,660220,2,1.01538,-0.12769,-0.1792,0.702,-0.214,1.557
2026-06-01 14:09:29.420,2206508876,660420,1,0.99805,0.05566,0.44604,0.641,-1.328,-0.779
2026-06-01 14:09:29.420,2206508876,660420,2,1.00049,-0.13379,-0.17383,-2.168,-1.504,1.527
2026-06-01 14:09:29.620,2206509076,660620,1,0.99268,0.04541,0.43018,-0.748,0.939,-0.176
2026-06-01 14:09:29.620,2206509076,660620,2,1.05103,-0.13989,-0.18335,-3.366,0.427,1.198
2026-06-01 14:09:29.820,2206509276,660820,1,1.02295,0.0603,0.42041,-0.466,3.954,0.084
2026-06-01 14:09:29.820,2206509276,660820,2,1.0459,-0.13867,-0.17798,-1.076,8.977,-2.435
2026-06-01 14:09:29.020,2206508476,661020,1,1.00806,0.02344,0.41309,-2.183,44.122,-1.046
2026-06-01 14:09:29.020,2206508476,661020,2,0.60547,-0.0459,-0.09302,1.229,59.137,-33.275
2026-06-01 14:09:29.220,2206508676,661220,1,0.65161,0.02344,0.42896,-1.397,59.298,-5.573
2026-06-01 14:09:29.220,2206508676,661220,2,0.67798,0.0708,0.05249,-25.275,48.802,-21.443
2026-06-01 14:09:30.420,2206509876,661420,1,0.59424,0.11377,0.79053,9.557,36.458,1.893
2026-06-01 14:09:30.420,2206509876,661420,2,0.91162,0.03516,0.26099,1.618,20.031,-3.115
2026-06-01 14:09:30.620,2206510076,661620,1,0.6521,0.00928,1.06519,14.847,-10.679,8.221
2026-06-01 14:09:30.620,2206510076,661620,2,1.01904,0.03052,0.13574,-13.412,-24.924,-1.282
2026-06-01 14:09:30.820,2206510276,661820,1,0.95215,0.19238,1.05078,5.328,-23.405,-15.656
2026-06-01 14:09:30.820,2206510276,661820,2,1.38062,-0.00635,0.22778,7.16,-26.611,5.443
2026-06-01 14:09:30.020,2206509476,662020,1,1.04858,0.1394,0.86157,1.763,-13.458,5.527
2026-06-01 14:09:30.020,2206509476,662020,2,1.05811,0.02148,0.05957,-1.954,-1.267,3.595
2026-06-01 14:09:30.220,2206509676,662220,1,0.77051,0.0896,0.58179,-5.672,6.779,6.427
2026-06-01 14:09:30.220,2206509676,662220,2,1.02832,0.01733,0.04199,-4.237,-0.061,3.137
2026-06-01 14:09:31.420,2206510876,662420,1,0.9248,-0.01367,0.75049,3.832,6.992,1.832
2026-06-01 14:09:31.420,2206510876,662420,2,1.0813,-0.00269,0.11035,-5.542,10.221,-5.137
2026-06-01 14:09:31.620,2206511076,662620,1,1.02588,0.10669,0.84863,4.847,15.481,-3.847
2026-06-01 14:09:31.620,2206511076,662620,2,1.36206,0.01953,0.16699,-4.817,1.176,0.771
2026-06-01 14:09:31.820,2206511276,662820,1,1.02026,0.10229,0.92798,-18.74,16.824,-3.573
2026-06-01 14:09:31.820,2206511276,662820,2,1.10327,-0.04077,0.15283,-9.992,19.313,-8.183
2026-06-01 14:09:31.020,2206510476,663020,1,0.77979,0.01831,0.84595,-5.321,-9.634,-5.634
2026-06-01 14:09:31.020,2206510476,663020,2,0.96436,-0.00293,0.12646,-5.13,-13.939,-0.115
2026-06-01 14:09:31.220,2206510676,663220,1,0.80884,0.05493,0.72412,-2.221,-25.031,-5.534
2026-06-01 14:09:31.220,2206510676,663220,2,0.91431,-0.04541,0.05322,-2.275,-12.84,7.466
2026-06-01 14:09:32.420,2206511876,663420,1,0.5769,0.06372,0.55884,-3.046,-37.779,-2.573
2026-06-01 14:09:32.420,2206511876,663420,2,0.65503,-0.07764,-0.02881,-5.885,-34.962,18.214
2026-06-01 14:09:32.620,2206512076,663620,1,0.99121,0.06519,0.49072,7.84,-45.74,6.435
2026-06-01 14:09:32.620,2206512076,663620,2,1.04468,-0.1604,-0.11499,-41.511,-25.939,10.84
2026-06-01 14:09:32.820,2206512276,663820,1,0.99805,0.02002,0.46509,1.84,-6.061,3.397
2026-06-01 14:09:32.820,2206512276,663820,2,1.01685,-0.14233,-0.14404,-2.42,-5.229,-0.595
2026-06-01 14:09:33.383,2206512839,664383,1,0.98413,0.06567,0.47876,-4.725,2.634,-1.26
2026-06-01 14:09:33.383,2206512839,664383,2,1.00659,-0.14648,-0.15723,-5.122,-0.863,1.137
2026-06-01 14:09:33.583,2206513039,664583,1,0.99438,0.02588,0.46338,2.466,-0.206,-0.183
2026-06-01 14:09:33.583,2206513039,664583,2,1.00928,-0.13818,-0.15918,0.763,-0.809,-1.053
2026-06-01 14:09:33.783,2206513239,664783,1,0.99365,0.05469,0.45117,-2.893,0.702,-2.412
2026-06-01 14:09:33.783,2206513239,664783,2,1.01123,-0.13647,-0.15576,-2.473,-1.275,0.794
2026-06-01 14:09:33.983,2206513439,664983,1,0.99121,0.05859,0.46021,-0.405,-1.565,-2.672
2026-06-01 14:09:33.983,2206513439,664983,2,0.9978,-0.14111,-0.15479,-0.382,-2.672,1.183
2026-06-01 14:09:33.183,2206512639,665183,1,0.99341,0.06616,0.45874,2.71,2.153,0.267
2026-06-01 14:09:33.183,2206512639,665183,2,1.01807,-0.14575,-0.17554,0.58,1.328,0.588
2026-06-01 14:09:34.383,2206513839,665383,1,0.99561,0.05981,0.46582,-1.679,2.458,1.031
2026-06-01 14:09:34.383,2206513839,665383,2,1.01489,-0.15356,-0.1814,-1.252,0.534,2.244
2026-06-01 14:09:34.583,2206514039,665583,1,0.99463,0.05664,0.44604,2.947,2.382,0.664
2026-06-01 14:09:34.583,2206514039,665583,2,1.02783,-0.14917,-0.18457,1.092,2.687,-0.992
2026-06-01 14:09:34.783,2206514239,665783,1,1.04443,0.05371,0.40796,1.924,18.771,2.733
2026-06-01 14:09:34.783,2206514239,665783,2,1.06152,-0.17212,-0.11597,1.298,27.237,-9.16
2026-06-01 14:09:34.983,2206514439,665983,1,0.66528,0.06299,0.45093,-4.244,71.313,-0.221
2026-06-01 14:09:34.983,2206514439,665983,2,0.70313,-0.00073,0.01587,-9.664,65.901,-22.305
2026-06-01 14:09:34.183,2206513639,666183,1,0.51489,0.10889,0.62866,-2.786,51.542,5.13
2026-06-01 14:09:34.183,2206513639,666183,2,0.70996,0.10474,0.08154,11.435,22.893,-8.771
2026-06-01 14:09:35.383,2206514839,666383,1,0.62378,-0.03149,0.94189,5.916,4.427,5.519
2026-06-01 14:09:35.383,2206514839,666383,2,1.07739,-0.03857,0.2605,19.916,-14.229,4.267
2026-06-01 14:09:35.583,2206515039,666583,1,0.97827,0.12646,0.9585,7.458,-13.817,7.489
2026-06-01 14:09:35.583,2206515039,666583,2,1.42822,0.04614,0.32861,-2.382,-10.855,2.176
2026-06-01 14:09:35.783,2206515239,666783,1,0.88672,,0.9563,-14.382,18.519,4.366
2026-06-01 14:09:35.783,2206515239,666783,2,1.00317,0.09326,0.25879,6.71,3.924,1.42
2026-06-01 14:09:35.045,2206514501,667045,1,0.85986,0.05225,0.76099,2.435,-19.84,-4.687
2026-06-01 14:09:35.045,2206514501,667045,2,1.10254,-0.00854,0.12964,-7.573,-19.908,6.542
2026-06-01 14:09:36.245,2206515701,667245,1,0.81348,0.0376,0.77808,-0.122,-10.794,-4.389
2026-06-01 14:09:36.245,2206515701,667245,2,0.95703,-0.03369,0.08521,-0.557,-14.359,2.847
2026-06-01 14:09:36.445,2206515901,667445,1,0.8728,0.06592,0.64526,-8.061,-10.313,-6.542
2026-06-01 14:09:36.445,2206515901,667445,2,1.06226,-0.05005,0.04932,-0.603,-0.824,2.282
2026-06-01 14:09:36.645,2206516101,667645,1,0.85718,0.06323,0.72314,5.908,2.305,-2.527
2026-06-01 14:09:36.645,2206516101,667645,2,0.9939,-0.01514,0.04053,-0.42,0.099,-0.405
2026-06-01 14:09:36.845,2206516301,667845,1,0.84912,0.07886,0.7019,0.74,-1.641,-3.069
2026-06-01 14:09:36.845,2206516301,667845,2,1.05859,-0.01904,0.03418,-3.618,-2.366,-0.084
2026-06-01 14:09:36.045,2206515501,668045,1,0.87622,0.06519,0.69971,7.008,-0.557,-3.893
2026-06-01 14:09:36.045,2206515501,668045,2,1.02393,-0.05811,0.04492,-5.992,14.305,-0.702
2026-06-01 14:09:37.245,2206516701,668245,1,0.81445,0.06738,0.72119,15.824,4.176,5.153
2026-06-01 14:09:37.245,2206516701,668245,2,1.15576,0.03833,0.05762,2.198,3.939,0.298
2026-06-01 14:09:37.445,2206516901,668445,1,1.16089,0.08765,0.88818,-5.084,39.336,-1.328
2026-06-01 14:09:37.445,2206516901,668445,2,1.39551,-0.06592,0.19019,14.443,43.534,-8.137
2026-06-01 14:09:37.645,2206517101,668645,1,0.66113,-0.03491,1.04224,5.832,23.855,6.183
2026-06-01 14:09:37.645,2206517101,668645,2,0.96484,0.05737,0.25049,11.214,4.458,5.122
2026-06-01 14:09:37.845,2206517301,668845,1,0.75537,0.01025,0.85449,10.695,-29.542,4.435
2026-06-01 14:09:37.845,2206517301,668845,2,0.94214,-0.00659,0.16602,3.191,-28.252,7.076
2026-06-01 14:09:37.045,2206516501,669045,1,0.54321,0.04541,0.58472,-6.687,-27.023,-12.595
2026-06-01 14:09:37.045,2206516501,669045,2,0.61865,-0.02246,-0.01465,-11.443,-31.0,15.183
2026-06-01 14:09:38.298,2206517754,669298,1,0.84741,0.06104,0.50952,12.748,-39.916,1.74
2026-06-01 14:09:38.298,2206517754,669298,2,1.13794,-0.11963,-0.0332,-9.267,-23.374,10.74
2026-06-01 14:09:38.498,2206517954,669498,1,0.98926,0.04028,0.53687,-3.794,-0.321,-0.053
2026-06-01 14:09:38.498,2206517954,669498,2,1.03711,-0.10693,-0.06299,5.809,-0.275,-2.618
2026-06-01 14:09:38.698,2206518154,669698,1,0.94263,0.05688,0.56226,-2.481,0.473,-1.321
2026-06-01 14:09:38.698,2206518154,669698,2,0.9834,-0.11426,-0.02539,2.992,-11.748,2.939
2026-06-01 14:09:38.898,2206518354,669898,1,0.94287,0.073,0.54492,-0.076,-0.038,-0.626
2026-06-01 14:09:38.898,2206518354,669898,2,1.0249,-0.10278,-0.08252,-1.389,-1.015,1.481
2026-06-01 14:09:38.098,2206517554,670098,1,0.97363,0.04712,0.52515,2.42,6.366,2.374
2026-06-01 14:09:38.098,2206517554,670098,2,1.02979,-0.12085,-0.06958,-2.046,7.313,-3.015
2026-06-01 14:09:39.298,2206518754,670298,1,0.93457,0.02856,0.5188,-2.092,34.977,0.84
2026-06-01 14:09:39.298,2206518754,670298,2,0.95679,-0.05176,0.03809,7.779,36.42,-11.893
2026-06-01 14:09:39.498,2206518954,670498,1,0.55078,0.05322,0.56567,1.573,43.87,5.351
2026-06-01 14:09:39.498,2206518954,670498,2,0.65137,0.06689,0.02173,6.26,32.58,-16.412
2026-06-01 14:09:39.698,2206519154,670698,1,0.59155,0.05444,0.75635,-1.931,28.962,2.954
2026-06-01 14:09:39.698,2206519154,670698,2,0.87988,-0.05371,0.14746,-8.611,10.924,-1.481
2026-06-01 14:09:39.898,2206519354,670898,1,0.75073,-0.04492,1.01953,-1.344,-2.45,-3.382
2026-06-01 14:09:39.898,2206519354,670898,2,1.08887,0.06689,0.14917,5.084,-22.008,5.748
2026-06-01 14:09:39.098,2206518554,671098,1,0.96704,-0.02197,1.09131,0.954,-19.237,-4.473
2026-06-01 14:09:39.098,2206518554,671098,2,1.30688,-0.02417,0.1438,-2.611,-8.656,2.076
2026-06-01 14:09:40.298,2206519754,671298,1,0.92822,0.10767,0.85815,-6.42,-6.321,0.878
2026-06-01 14:09:40.298,2206519754,671298,2,1.11206,-0.03833,0.13574,-4.702,-17.458,5.45
2026-06-01 14:09:40.498,2206519954,671498,1,0.89941,0.03418,0.68726,-3.313,1.992,1.901
2026-06-01 14:09:40.498,2206519954,671498,2,1.13354,-0.04688,0.08911,-1.74,2.832,-0.901
2026-06-01 14:09:40.698,2206520154,671698,1,0.8186,0.0332,0.6958,1.977,2.931,-1.519
2026-06-01 14:09:40.698,2206520154,671698,2,1.04321,-0.05469,0.10791,0.038,-8.252,-0.328
2026-06-01 14:09:40.898,2206520354,671898,1,0.86743,0.0647,0.73853,3.573,-6.557,-4.26
2026-06-01 14:09:40.898,2206520354,671898,2,1.03931,-0.03223,0.0874,-6.183,-2.863,1.878
2026-06-01 14:09:40.098,2206519554,672098,1,0.85815,0.05908,0.67383,-6.015,-3.366,-8.168
2026-06-01 14:09:40.098,2206519554,672098,2,1.01563,-0.05737,0.06934,-3.656,-0.626,-0.282
2026-06-01 14:09:41.298,2206520754,672298,1,0.89355,0.06665,0.69971,-2.45,0.763,-0.565
2026-06-01 14:09:41.298,2206520754,672298,2,1.04541,-0.03809,0.09302,-2.092,4.275,-0.427
2026-06-01 14:09:41.498,2206520954,672498,1,0.82422,0.07544,0.70093,4.275,2.718,-1.237
2026-06-01 14:09:41.498,2206520954,672498,2,1.03467,-0.03882,0.04053,-2.183,-2.344,0.901
2026-06-01 14:09:41.698,2206521154,672698,1,0.84912,0.06934,0.70654,-0.282,2.489,-2.122
2026-06-01 14:09:41.698,2206521154,672698,2,1.01465,-0.02686,0.06104,0.26,2.374,2.061
2026-06-01 14:09:41.898,2206521354,672898,1,0.85425,0.05713,0.73242,2.481,3.435,0.29
2026-06-01 14:09:41.898,2206521354,672898,2,1.03296,-0.03687,0.05615,1.374,0.519,0.107
2026-06-01 14:09:41.098,2206520554,673098,1,0.85571,0.05908,0.71533,-0.374,4.931,0.061
2026-06-01 14:09:41.098,2206520554,673098,2,1.02222,-0.04077,0.07178,-1.0,3.947,0.351
2026-06-01 14:09:42.298,2206521754,673298,1,0.82861,0.08105,0.77954,-1.053,5.504,-1.794
2026-06-01 14:09:42.298,2206521754,673298,2,1.00879,-0.02197,0.06982,-4.374,3.977,-0.847
2026-06-01 14:09:42.498,2206521954,673498,1,0.83862,0.0437,0.75586,10.183,1.0,-2.672
2026-06-01 14:09:42.498,2206521954,673498,2,1.01733,-0.03638,0.08911,4.137,-0.985,-1.244
2026-06-01 14:09:42.698,2206522154,673698,1,0.84863,0.08594,0.73682,-0.267,4.794,3.916
2026-06-01 14:09:42.698,2206522154,673698,2,1.03687,-0.0293,0.10425,-2.099,8.145,-1.16
2026-06-01 14:09:42.898,2206522354,673898,1,0.81079,0.08398,0.77686,4.176,1.626,1.939
2026-06-01 14:09:42.898,2206522354,673898,2,0.95605,-0.02051,0.07715,-2.267,-4.023,1.328
2026-06-01 14:09:42.098,2206521554,674098,1,0.87988,0.08057,0.75488,1.618,-1.802,-5.214
2026-06-01 14:09:42.098,2206521554,674098,2,1.16089,-0.04541,0.0979,-3.0,0.366,-0.313
2026-06-01 14:09:43.298,2206522754,674298,1,1.21509,0.11157,0.89673,-7.87,45.824,-1.878
2026-06-01 14:09:43.298,2206522754,674298,2,1.4126,-0.00195,0.17383,4.969,50.847,-18.359
2026-06-01 14:09:43.529,2206522985,674529,1,0.47681,0.00122,1.10571,1.252,42.435,1.924
2026-06-01 14:09:43.529,2206522985,674529,2,0.86182,0.04443,0.32593,14.412,7.702,-3.061
2026-06-01 14:09:43.729,2206523185,674729,1,0.54639,0.02954,1.07129,2.847,-32.008,4.588
2026-06-01 14:09:43.729,2206523185,674729,2,0.93921,0.06592,0.27441,-2.847,-27.267,13.656
2026-06-01 14:09:43.929,2206523385,674929,1,0.55444,0.04346,0.72021,1.107,-47.634,-2.412
2026-06-01 14:09:43.929,2206523385,674929,2,0.75244,-0.00586,0.09863,-9.107,-41.885,17.618
2026-06-01 14:09:43.129,2206522585,675129,1,0.60303,0.10352,0.45117,8.664,-54.069,4.198
2026-06-01 14:09:43.129,2206522585,675129,2,1.03662,-0.06079,0.0957,11.641,-26.817,19.992
2026-06-01 14:09:44.329,2206523785,675329,1,0.96851,0.06592,0.50269,2.198,-12.145,2.038
2026-06-01 14:09:44.329,2206523785,675329,2,1.07129,-0.09839,-0.05566,0.519,-4.374,1.847
2026-06-01 14:09:44.529,2206523985,675529,1,0.93335,0.03906,0.60498,2.58,0.305,0.252
2026-06-01 14:09:44.529,2206523985,675529,2,1.05713,-0.10718,-0.01685,2.069,0.099,-0.031
2026-06-01 14:09:44.729,2206524185,675729,1,0.9248,0.09253,0.58472,-1.183,1.443,0.954
2026-06-01 14:09:44.729,2206524185,675729,2,1.03076,-0.10645,-0.00684,-3.962,0.733,2.145
2026-06-01 14:09:44.929,2206524385,675929,1,0.92798,0.07349,0.61646,5.962,2.458,2.244
2026-06-01 14:09:44.929,2206524385,675929,2,1.01782,-0.08838,-0.02368,-2.137,0.061,0.519
2026-06-01 14:09:44.129,2206523585,676129,1,0.93701,0.05005,0.59619,2.595,1.496,0.031
2026-06-01 14:09:44.129,2206523585,676129,2,1.02271,-0.09888,-0.02271,-0.756,0.84,-0.267
2026-06-01 14:09:45.329,2206524785,676329,1,0.93262,0.08545,0.56323,-1.504,16.573,-0.42
2026-06-01 14:09:45.329,2206524785,676329,2,1.0415,-0.08179,0.05664,4.038,24.809,-10.687
2026-06-01 14:09:45.529,2206524985,676529,1,0.59131,0.02832,0.54785,-5.511,40.519,-1.489
2026-06-01 14:09:45.529,2206524985,676529,2,0.60986,-0.03027,0.00952,1.802,37.038,-18.427
2026-06-01 14:09:45.729,2206525185,676729,1,0.55469,0.05518,0.68262,-3.817,36.267,-3.992
2026-06-01 14:09:45.729,2206525185,676729,2,0.85645,0.00977,0.2251,-8.237,14.443,-4.962
2026-06-01 14:09:45.929,2206525385,676929,1,0.66211,0.04614,0.94434,6.191,5.313,2.534
2026-06-01 14:09:45.929,2206525385,676929,2,1.05933,-0.03345,0.23218,-12.641,-13.397,5.046
2026-06-01 14:09:45.129,2206524585,677129,1,0.98926,0.12549,0.91089,20.458,-37.641,6.733
2026-06-01 14:09:45.129,2206524585,677129,2,1.35742,-0.01221,0.2019,-9.641,-23.221,13.893
2026-06-01 14:09:46.329,2206525785,677329,1,0.99878,0.1499,0.7832,-7.634,-4.519,6.84
2026-06-01 14:09:46.329,2206525785,677329,2,1.2644,-0.07813,0.16528,-15.481,-0.351,3.626
2026-06-01 14:09:46.529,2206525985,677529,1,0.85791,0.04321,0.79639,-16.588,10.496,-9.359
2026-06-01 14:09:46.529,2206525985,677529,2,0.91406,0.03052,0.04004,8.122,-1.107,-2.084
2026-06-01 14:09:46.729,2206526185,677729,1,0.81934,0.10815,0.79395,-2.481,-3.58,2.42
2026-06-01 14:09:46.729,2206526185,677729,2,1.09937,-0.01904,0.07251,-12.443,1.695,5.008
2026-06-01 14:09:46.929,2206526385,677929,1,0.81299,0.05518,0.75879,0.466,5.489,2.832
2026-06-01 14:09:46.929,2206526385,677929,2,0.9917,-0.01563,0.12622,-0.74,4.71,0.878
2026-06-01 14:09:46.134,2206525590,678134,1,0.89282,0.07397,0.83618,-2.344,0.168,-2.0
2026-06-01 14:09:46.134,2206525590,678134,2,1.29102,0.02173,0.12964,-3.802,-2.809,2.16
2026-06-01 14:09:47.334,2206526790,678334,1,1.08521,0.06787,1.02808,-5.679,19.405,-7.107
2026-06-01 14:09:47.334,2206526790,678334,2,1.1521,-0.04492,0.1499,9.031,23.214,-1.84
2026-06-01 14:09:47.534,2206526990,678534,1,0.7334,0.03223,0.89136,-3.145,-2.382,1.015
2026-06-01 14:09:47.534,2206526990,678534,2,0.97046,-0.05029,0.1355,3.901,-6.779,8.824
2026-06-01 14:09:47.734,2206527190,678734,1,0.76904,0.02979,0.68091,6.802,-36.191,-1.786
2026-06-01 14:09:47.734,2206527190,678734,2,0.89136,-0.0332,0.05347,-2.985,-24.16,6.977
2026-06-01 14:09:47.934,2206527390,678934,1,0.6377,0.03052,0.47339,0.26,-34.382,-5.519
2026-06-01 14:09:47.934,2206527390,678934,2,0.70825,-0.08716,-0.06348,-3.366,-30.13,11.71
2026-06-01 14:09:47.134,2206526590,679134,1,0.93994,0.04834,0.39893,7.115,-32.634,5.275
2026-06-01 14:09:47.134,2206526590,679134,2,1.15576,-0.15356,0.00342,6.412,-14.565,10.122
2026-06-01 14:09:48.334,2206527790,679334,1,0.99072,0.0769,0.46826,-4.901,-1.328,-5.153
2026-06-01 14:09:48.334,2206527790,679334,2,1.04126,-0.14673,-0.12573,3.649,-1.321,1.542
2026-06-01 14:09:48.534,2206527990,679534,1,1.00684,0.05103,0.48413,0.137,2.977,-2.053
2026-06-01 14:09:48.534,2206527990,679534,2,1.05591,-0.13696,-0.14697,-4.71,2.397,-1.382
2026-06-01 14:09:48.734,2206528190,679734,1,1.00952,0.0437,0.44019,-5.626,12.191,-3.756
2026-06-01 14:09:48.734,2206528190,679734,2,1.00903,-0.13135,-0.08374,-5.641,18.076,-6.252
2026-06-01 14:09:48.934,2206528390,679934,1,0.59058,0.03125,0.34741,-0.397,57.435,-1.656
2026-06-01 14:09:48.934,2206528390,679934,2,0.60059,0.05933,-0.00464,-1.099,38.351,-18.748
2026-06-01 14:09:48.134,2206527590,680134,1,0.49146,0.01611,0.58545,-9.573,44.992,-4.878
2026-06-01 14:09:48.134,2206527590,680134,2,0.74951,-0.03467,-0.0293,21.802,27.992,-11.855
2026-06-01 14:09:49.334,2206528790,680334,1,0.86621,0.06055,0.92529,-2.824,-8.542,-3.122
2026-06-01 14:09:49.334,2206528790,680334,2,1.10205,-0.05542,0.19727,0.962,-27.069,5.298
2026-06-01 14:09:49.534,2206528990,680534,1,1.09961,0.11255,1.00415,14.107,-17.069,5.42
2026-06-01 14:09:49.534,2206528990,680534,2,1.31616,-0.08081,0.07031,13.55,4.275,-1.145
2026-06-01 14:09:49.734,2206529190,680734,1,1.09863,0.09766,0.81372,-6.221,-7.206,4.26
2026-06-01 14:09:49.734,2206529190,680734,2,1.12573,-0.03101,0.02637,-9.16,1.435,-2.099
2026-06-01 14:09:49.988,2206529444,680988,1,0.88452,0.02612,0.66577,-2.214,2.588,-2.046
2026-06-01 14:09:49.988,2206529444,680988,2,1.06494,-0.05737,0.06812,-4.26,0.55,-4.229
2026-06-01 14:09:49.188,2206528644,681188,1,0.88184,0.00977,0.74902,-1.466,9.344,2.389
2026-06-01 14:09:49.188,2206528644,681188,2,1.17944,-0.02173,0.19116,-8.031,1.321,1.84
2026-06-01 14:09:50.388,2206529844,681388,1,1.26904,0.10278,0.7876,-6.626,47.771,-2.267
2026-06-01 14:09:50.388,2206529844,681388,2,1.33594,-0.12207,0.1748,1.656,51.985,-10.191
2026-06-01 14:09:50.588,2206530044,681588,1,0.70654,-0.03223,1.03198,4.099,-4.832,-3.718
2026-06-01 14:09:50.588,2206530044,681588,2,0.97949,-0.02881,0.21021,2.733,-16.786,6.176
2026-06-01 14:09:50.788,2206530244,681788,1,0.7998,0.0542,0.80542,8.87,-36.489,4.672
2026-06-01 14:09:50.788,2206530244,681788,2,1.00732,-0.01758,0.12158,-0.351,-21.786,10.282
2026-06-01 14:09:50.988,2206530444,681988,1,0.55835,0.04639,0.50464,1.733,-34.275,-9.786
2026-06-01 14:09:50.988,2206530444,681988,2,0.62695,-0.00439,-0.04224,0.115,-36.298,18.496
2026-06-01 14:09:50.188,2206529644,682188,1,0.90356,0.0957,0.41943,14.756,-59.359,6.198
2026-06-01 14:09:50.188,2206529644,682188,2,1.146,-0.14404,-0.11328,13.145,-18.183,12.397
2026-06-01 14:09:51.388,2206530844,682388,1,1.02808,0.09863,0.48364,-9.74,-0.779,-7.603
2026-06-01 14:09:51.388,2206530844,682388,2,1.05029,-0.12744,-0.14209,1.847,0.115,0.939
2026-06-01 14:09:51.588,2206531044,682588,1,0.99316,0.05981,0.46558,0.702,3.809,-0.267
2026-06-01 14:09:51.588,2206531044,682588,2,1.0647,-0.14331,-0.1084,3.038,7.382,-3.809
2026-06-01 14:09:51.788,2206531244,682788,1,1.00439,0.07056,0.47095,0.786,26.809,0.244
2026-06-01 14:09:51.788,2206531244,682788,2,0.95947,-0.073,-0.01025,5.153,38.084,-15.198
2026-06-01 14:09:51.988,2206531444,682988,1,0.45581,0.05957,0.45435,5.183,54.901,-1.313
2026-06-01 14:09:51.988,2206531444,682988,2,0.71924,0.0918,-0.01929,7.924,33.763,-14.053
2026-06-01 14:09:51.188,2206530644,683188,1,0.56689,0.08008,0.67725,0.588,18.084,-4.244
2026-06-01 14:09:51.188,2206530644,683188,2,0.86279,0.01147,0.08521,-15.282,1.397,-3.496
2026-06-01 14:09:52.388,2206531844,683388,1,0.89917,0.1062,0.93481,6.153,-4.489,1.221
2026-06-01 14:09:52.388,2206531844,683388,2,1.27661,-0.0686,0.19653,1.855,-13.771,6.908
2026-06-01 14:09:52.588,2206532044,683588,1,1.09229,0.1748,0.88013,0.748,-2.725,3.962
2026-06-01 14:09:52.588,2206532044,683588,2,1.09741,-0.07715,0.05518,14.145,9.115,2.038
2026-06-01 14:09:52.788,2206532244,683788,1,0.96704,0.17261,0.86011,17.076,-18.603,21.634
2026-06-01 14:09:52.788,2206532244,683788,2,1.18237,-0.06348,0.05176,14.397,-16.527,8.015
2026-06-01 14:09:52.988,2206532444,683988,1,0.90161,0.09912,0.65894,7.718,6.611,0.031
2026-06-01 14:09:52.988,2206532444,683988,2,1.1499,-0.02612,0.05664,-7.534,16.649,-7.534
2026-06-01 14:09:52.188,2206531644,684188,1,0.72534,0.04834,0.8396,-4.794,16.893,-1.756
2026-06-01 14:09:52.188,2206531644,684188,2,0.91187,0.01855,0.13452,4.198,4.267,-2.519
2026-06-01 14:09:53.425,2206532881,684425,1,0.86792,0.11865,0.82568,2.214,-0.641,-3.771
2026-06-01 14:09:53.425,2206532881,684425,2,1.24634,0.0249,0.18408,-3.191,-2.496,2.275
2026-06-01 14:09:53.625,2206533081,684625,1,1.15991,0.13672,1.03394,-3.687,19.344,-8.893
2026-06-01 14:09:53.625,2206533081,684625,2,1.33691,-0.01392,0.19238,1.504,17.771,-4.695
2026-06-01 14:09:53.825,2206533281,684825,1,0.75586,0.0376,0.91284,-4.947,-7.603,3.321
2026-06-01 14:09:53.825,2206533281,684825,2,1.02563,-0.01807,0.1311,-0.038,-13.58,4.893
2026-06-01 14:09:53.025,2206532481,685025,1,0.78027,0.10352,0.69312,7.183,-34.817,0.504
2026-06-01 14:09:53.025,2206532481,685025,2,0.8772,-0.04199,0.0647,-12.947,-22.74,9.496
2026-06-01 14:09:53.225,2206532681,685225,1,0.46997,0.05591,0.37573,-9.046,-32.275,-7.069
2026-06-01 14:09:53.225,2206532681,685225,2,0.56104,-0.04443,-0.02148,-19.336,-25.069,12.794
2026-06-01 14:09:54.425,2206533881,685425,1,0.98682,0.09912,0.54199,-12.405,-21.198,-7.176
2026-06-01 14:09:54.425,2206533881,685425,2,1.00342,-0.14551,-0.09521,-24.962,-16.252,6.878
2026-06-01 14:09:54.625,2206534081,685625,1,1.04468,0.09253,0.45166,-10.053,-18.374,-5.863
2026-06-01 14:09:54.625,2206534081,685625,2,1.10986,-0.14722,-0.13452,-29.992,-8.29,5.863
2026-06-01 14:09:54.825,2206534281,685825,1,0.96899,0.06079,0.43872,5.725,-4.336,6.489
2026-06-01 14:09:54.825,2206534281,685825,2,1.02783,-0.18408,-0.17554,-1.244,-2.542,3.023
2026-06-01 14:09:54.025,2206533481,686025,1,1.07935,0.09863,0.36841,12.679,8.71,5.931
2026-06-01 14:09:54.025,2206533481,686025,2,1.06812,-0.16479,-0.09961,17.168,11.023,-12.092
2026-06-01 14:09:54.225,2206533681,686225,1,0.93921,0.09253,0.38354,12.168,49.733,10.939
2026-06-01 14:09:54.225,2206533681,686225,2,0.76074,-0.07446,-0.03784,27.901,47.573,-22.351
2026-06-01 14:09:55.425,2206534881,686425,1,0.47974,0.07959,0.50464,11.221,50.374,9.0
2026-06-01 14:09:55.425,2206534881,686425,2,0.6145,0.02808,-0.02026,11.466,37.557,-13.176
2026-06-01 14:09:55.625,2206535081,686625,1,0.64307,0.09375,0.87329,1.893,25.985,-1.626
2026-06-01 14:09:55.625,2206535081,686625,2,0.96509,-0.0542,0.21338,-15.542,11.42,10.947
2026-06-01 14:09:55.825,2206535281,686825,1,0.90112,0.10303,0.98389,16.237,-11.763,-2.168
2026-06-01 14:09:55.825,2206535281,686825,2,1.33276,0.00098,0.21313,-3.267,-26.542,0.359
2026-06-01 14:09:55.025,2206534481,687025,1,0.95776,0.19214,0.99365,12.954,-8.137,8.26
2026-06-01 14:09:55.025,2206534481,687025,2,1.22412,0.0166,0.1731,0.198,-8.733,3.023
2026-06-01 14:09:55.225,2206534681,687225,1,0.87427,0.02075,0.74121,-10.153,-6.046,-2.969
2026-06-01 14:09:55.225,2206534681,687225,2,1.11499,-0.00049,0.0957,1.496,-2.221,-1.16
2026-06-01 14:09:56.425,2206535881,687425,1,0.82324,0.08228,0.69312,-1.901,-3.214,-3.351
2026-06-01 14:09:56.425,2206535881,687425,2,1.1416,-0.00098,0.1084,-7.0,0.542,3.55
2026-06-01 14:09:56.625,2206536081,687625,1,1.18481,0.09106,0.8186,2.427,24.275,-0.031
2026-06-01 14:09:56.625,2206536081,687625,2,1.43262,-0.02417,0.25073,-10.565,59.679,-12.321
2026-06-01 14:09:56.826,2206536282,687825,1,0.67603,0.05005,1.21313,-4.748,37.412,-2.664
2026-06-01 14:09:56.826,2206536282,687825,2,0.93457,0.0625,0.18799,9.901,-1.008,0.504
2026-06-01 14:09:56.025,2206535481,688025,1,0.73779,0.02295,0.90332,7.656,-38.855,1.191
2026-06-01 14:09:56.025,2206535481,688025,2,0.99829,-0.0144,0.16504,-12.16,-32.031,12.038
2026-06-01 14:09:56.225,2206535681,688225,1,0.64429,0.16357,0.63818,-5.55,-34.13,-3.679
2026-06-01 14:09:56.225,2206535681,688225,2,0.78882,-0.02148,0.0564,-3.802,-19.878,12.214
2026-06-01 14:09:57.425,2206536881,688425,1,0.50659,0.08276,0.38184,12.084,-44.031,3.145
2026-06-01 14:09:57.425,2206536881,688425,2,0.68848,-0.03198,0.05078,-3.916,-31.29,19.229
2026-06-01 14:09:57.625,2206537081,688625,1,0.97998,0.03247,0.45898,5.321,-7.687,1.832
2026-06-01 14:09:57.625,2206537081,688625,2,1.10571,-0.16797,-0.14063,-8.618,-6.366,2.58
2026-06-01 14:09:57.825,2206537281,688825,1,0.96533,0.08594,0.50391,2.053,1.832,1.481
2026-06-01 14:09:57.825,2206537281,688825,2,1.02075,-0.13379,-0.11426,1.344,0.656,3.282
2026-06-01 14:09:57.025,2206536481,689025,1,0.99878,0.04956,0.48145,0.435,16.473,1.718
2026-06-01 14:09:57.025,2206536481,689025,2,1.03394,-0.08228,-0.0105,-1.229,21.901,-6.275
2026-06-01 14:09:57.225,2206536681,689225,1,0.66016,0.06836,0.42285,-10.145,57.313,-4.122
2026-06-01 14:09:57.225,2206536681,689225,2,0.43457,-0.04956,-0.08618,0.786,45.26,-20.336
2026-06-01 14:09:58.425,2206537881,689425,1,0.41724,0.0874,0.53638,-0.565,34.664,3.229
2026-06-01 14:09:58.425,2206537881,689425,2,0.80542,-0.00635,0.11108,-10.763,2.137,-0.115
2026-06-01 14:09:58.625,2206538081,689625,1,0.9375,0.1543,0.91504,8.725,-9.863,6.0
2026-06-01 14:09:58.625,2206538081,689625,2,1.23242,-0.0105,0.18018,8.962,-10.13,5.084
2026-06-01 14:09:58.825,2206538281,689825,1,1.04419,0.15503,0.8772,12.275,-6.321,12.595
2026-06-01 14:09:58.825,2206538281,689825,2,1.35034,-0.00146,0.11865,-15.817,-2.916,-0.458
2026-06-01 14:09:58.025,2206537481,690025,1,0.98169,0.10474,0.83423,-9.679,18.313,-11.534
2026-06-01 14:09:58.025,2206537481,690025,2,1.10327,-0.01123,0.12598,17.618,7.664,-6.0
2026-06-01 14:09:58.225,2206537681,690225,1,0.81445,0.09888,0.73096,3.718,1.885,3.885
2026-06-01 14:09:58.225,2206537681,690225,2,1.13306,-0.07104,0.06812,9.275,20.931,-11.718
2026-06-01 14:09:59.425,2206538881,690425,1,0.76563,0.04663,0.83252,8.824,10.718,2.618
2026-06-01 14:09:59.425,2206538881,690425,2,0.95581,-0.04956,0.09473,0.718,13.206,-3.786
2026-06-01 14:09:59.625,2206539081,690625,1,0.83423,0.10913,0.82837,3.962,-4.916,-0.237
2026-06-01 14:09:59.625,2206539081,690625,2,1.16504,0.05078,0.28296,-17.405,-14.084,4.427
2026-06-01 14:09:59.825,2206539281,690825,1,1.1438,0.1311,1.07617,0.679,-1.679,0.16
2026-06-01 14:09:59.825,2206539281,690825,2,1.3855,-0.03369,0.26563,-5.053,19.229,7.611
2026-06-01 14:09:59.025,2206538481,691025,1,0.78101,0.05884,0.88403,-1.626,-17.382,-2.908
2026-06-01 14:09:59.025,2206538481,691025,2,1.05249,-0.07568,0.18262,-0.71,-16.145,9.313
2026-06-01 14:09:59.225,2206538681,691225,1,0.76831,0.06787,0.72852,6.198,-35.344,-2.183
2026-06-01 14:09:59.225,2206538681,691225,2,0.8606,-0.03491,0.12012,-9.931,-22.893,13.053
2026-06-01 14:10:00.425,2206539881,691425,1,0.51831,0.05566,0.40259,-1.916,-38.046,-4.695
2026-06-01 14:10:00.425,2206539881,691425,2,0.54492,-0.10107,-0.07227,-4.206,-36.153,19.496
2026-06-01 14:10:00.625,2206540081,691625,1,1.25,0.18921,0.4082,-1.763,-5.878,-1.092
2026-06-01 14:10:00.625,2206540081,691625,2,1.0979,-0.17773,-0.18481,8.206,-6.496,-3.115
2026-06-01 14:10:00.825,2206540281,691825,1,0.97803,0.11011,0.4729,16.031,-1.901,16.511
2026-06-01 14:10:00.825,2206540281,691825,2,1.03418,-0.125,-0.15112,-10.519,-2.046,2.534
2026-06-01 14:10:00.025,2206539481,692025,1,1.03101,0.08154,0.4248,-0.046,-0.725,-0.176
2026-06-01 14:10:00.025,2206539481,692025,2,1.06885,-0.14038,-0.16357,4.122,2.977,-7.046
2026-06-01 14:10:00.225,2206539681,692225,1,0.99976,0.09741,0.41382,-2.504,16.74,-2.962
2026-06-01 14:10:00.225,2206539681,692225,2,1.04663,-0.12061,-0.04346,-6.069,23.328,-4.969
2026-06-01 14:10:01.425,2206540881,692425,1,0.59912,-0.03271,0.35034,-10.664,70.031,-0.099
2026-06-01 14:10:01.425,2206540881,692425,2,0.37158,0.04785,-0.00659,25.366,48.0,-25.511
2026-06-01 14:10:01.625,2206541081,692625,1,0.4751,0.00342,0.59106,-5.473,46.481,-9.328
2026-06-01 14:10:01.625,2206541081,692625,2,0.89771,-0.13721,0.10034,-14.618,21.687,-10.313
2026-06-01 14:10:01.825,2206541281,692825,1,0.85547,0.10913,0.99561,6.718,4.702,-2.115
2026-06-01 14:10:01.825,2206541281,692825,2,1.2356,-0.00586,0.25,12.786,-14.252,1.794
2026-06-01 14:10:01.025,2206540481,693025,1,1.04199,0.12378,1.21167,12.115,-10.977,7.427
2026-06-01 14:10:01.025,2206540481,693025,2,1.37598,0.04517,0.21655,-1.878,-20.412,5.069
2026-06-01 14:10:01.225,2206540681,693225,1,0.87891,0.09888,0.81201,-0.359,-13.71,-0.573
2026-06-01 14:10:01.225,2206540681,693225,2,0.98218,-0.02026,0.05811,-5.511,-7.053,4.282
2026-06-01 14:10:02.461,2206541917,693461,1,0.88281,0.0918,0.70679,-6.382,-0.336,-6.191
2026-06-01 14:10:02.461,2206541917,693461,2,1.06152,-0.03467,0.08472,-1.618,-2.084,1.168
2026-06-01 14:10:02.661,2206542117,693661,1,1.08691,0.15991,0.72998,4.229,8.641,7.305
2026-06-01 14:10:02.661,2206542117,693661,2,1.38818,-0.02588,0.03589,2.191,12.176,3.504
2026-06-01 14:10:02.861,2206542317,693861,1,0.99097,0.06543,0.96606,-12.809,54.038,-7.29
2026-06-01 14:10:02.861,2206542317,693861,2,1.09619,-0.06299,0.24609,2.519,40.298,-9.359
2026-06-01 14:10:02.061,2206541517,694061,1,0.7019,0.04175,1.01147,7.58,-7.58,1.641
2026-06-01 14:10:02.061,2206541517,694061,2,1.08301,0.01758,0.18311,14.26,-9.725,4.176
2026-06-01 14:10:03.261,2206542717,694261,1,0.68237,0.07349,0.81396,2.847,-26.176,5.634
2026-06-01 14:10:03.261,2206542717,694261,2,0.89429,-0.00562,0.09082,-10.878,-22.137,6.321
2026-06-01 14:10:03.461,2206542917,694461,1,0.56812,0.07031,0.56079,-0.313,-42.794,-0.649
2026-06-01 14:10:03.461,2206542917,694461,2,0.71875,0.00391,-0.05078,-7.947,-40.763,18.359
2026-06-01 14:10:03.661,2206543117,694661,1,0.87842,0.08057,0.46851,10.649,-48.908,-2.015
2026-06-01 14:10:03.661,2206543117,694661,2,0.99707,-0.16577,-0.05713,-0.153,-27.046,22.099
2026-06-01 14:10:03.861,2206543317,694861,1,0.98755,0.12671,0.4436,-7.191,12.847,-11.595
2026-06-01 14:10:03.861,2206543317,694861,2,1.00928,-0.14478,-0.14478,-0.611,3.878,5.687
2026-06-01 14:10:03.061,2206542517,695061,1,0.96533,0.08008,0.49536,-1.443,3.275,-0.336
2026-06-01 14:10:03.061,2206542517,695061,2,1.0083,-0.14111,-0.1084,-6.198,0.809,-1.107
2026-06-01 14:10:04.261,2206543717,695261,1,0.98047,0.08374,0.50293,0.885,8.183,2.573
2026-06-01 14:10:04.261,2206543717,695261,2,0.98608,-0.11743,-0.09106,4.443,6.183,-0.26
2026-06-01 14:10:04.461,2206543917,695461,1,0.98218,0.09424,0.55933,-1.565,4.725,2.397
2026-06-01 14:10:04.461,2206543917,695461,2,1.06885,-0.11475,-0.04443,0.397,11.26,-3.122
2026-06-01 14:10:04.661,2206544117,695661,1,0.8125,0.05957,0.3689,-6.412,61.603,-5.221
2026-06-01 14:10:04.661,2206544117,695661,2,0.43677,-0.03223,-0.03711,3.534,50.924,-27.756
2026-06-01 14:10:04.861,2206544317,695861,1,0.53784,0.09302,0.52563,-3.954,33.718,-7.679
2026-06-01 14:10:04.861,2206544317,695861,2,0.66821,-0.07715,0.22754,-8.588,22.954,-6.244
2026-06-01 14:10:04.061,2206543517,696061,1,0.78589,0.09302,0.75781,6.58,0.336,-1.725
2026-06-01 14:10:04.061,2206543517,696061,2,1.08813,-0.06616,0.15454,-0.71,-14.947,3.244
2026-06-01 14:10:05.319,2206544775,696319,1,1.23291,0.36182,1.04102,-2.328,-15.321,3.344
2026-06-01 14:10:05.319,2206544775,696319,2,1.41797,-0.13452,0.11694,4.107,-2.42,2.802
2026-06-01 14:10:05.519,2206544975,696519,1,1.03516,0.15894,0.70728,-1.55,-1.244,8.466
2026-06-01 14:10:05.519,2206544975,696519,2,1.0979,-0.08008,0.04858,-4.176,9.771,3.908
2026-06-01 14:10:05.719,2206545175,696719,1,0.82422,0.07471,0.78589,-4.252,13.626,1.588
2026-06-01 14:10:05.719,2206545175,696719,2,1.02856,-0.04883,0.05908,4.183,6.473,0.542
2026-06-01 14:10:05.919,2206545375,696919,1,0.82617,0.06494,0.7395,-2.504,9.489,1.229
2026-06-01 14:10:05.919,2206545375,696919,2,1.03833,0.01074,0.146,-5.244,1.702,3.527
2026-06-01 14:10:05.119,2206544575,697119,1,0.94482,0.07373,0.86206,2.916,1.947,-2.603
2026-06-01 14:10:05.119,2206544575,697119,2,1.64648,-0.12402,0.17871,-6.115,10.435,2.45
2026-06-01 14:10:06.319,2206545775,697319,1,0.92993,0.06226,0.97632,0.206,23.26,5.565
2026-06-01 14:10:06.319,2206545775,697319,2,1.01318,-0.02637,0.16138,16.244,15.137,1.084
2026-06-01 14:10:06.519,2206545975,697519,1,0.79321,0.00586,0.88501,4.42,-16.412,3.29
2026-06-01 14:10:06.519,2206545975,697519,2,1.01172,0.02344,0.00391,-5.58,-19.809,12.489
2026-06-01 14:10:06.719,2206546175,697719,1,0.71875,0.08936,0.52954,-18.496,-28.702,-7.397
2026-06-01 14:10:06.719,2206546175,697719,2,0.6416,0.0105,0.03174,-36.298,-7.901,10.824
2026-06-01 14:10:06.919,2206546375,697919,1,0.63184,-0.0896,0.50903,-33.221,-23.878,-28.382
2026-06-01 14:10:06.919,2206546375,697919,2,0.7998,-0.07764,0.16797,-48.0,-12.565,2.511
2026-06-01 14:10:06.119,2206545575,698119,1,0.9519,0.05615,0.51025,-16.84,-12.771,-14.863
2026-06-01 14:10:06.119,2206545575,698119,2,1.02246,-0.16919,-0.05298,3.786,-6.595,-0.321
2026-06-01 14:10:07.319,2206546775,698319,1,0.99927,0.08911,0.56934,-4.0,1.176,-9.427
2026-06-01 14:10:07.319,2206546775,698319,2,1.02344,-0.19189,-0.1084,-3.55,-2.153,0.031
2026-06-01 14:10:07.519,2206546975,698519,1,0.96851,0.10376,0.48779,7.321,-0.198,2.695
2026-06-01 14:10:07.519,2206546975,698519,2,1.02417,-0.15161,-0.04419,9.115,3.481,-0.695
2026-06-01 14:10:07.719,2206547175,698719,1,1.04126,0.13062,0.44653,24.336,14.473,7.954
2026-06-01 14:10:07.719,2206547175,698719,2,0.99292,-0.14917,-0.02563,15.473,12.321,-9.962
2026-06-01 14:10:07.919,2206547375,698919,1,0.58569,0.08447,0.5022,15.046,54.298,13.893
2026-06-01 14:10:07.919,2206547375,698919,2,0.61548,-0.07715,-0.0481,10.939,41.382,-17.176
2026-06-01 14:10:07.119,2206546575,699119,1,0.53223,0.06641,0.51587,27.931,29.298,8.565
2026-06-01 14:10:07.119,2206546575,699119,2,0.73486,-0.00928,0.12402,20.084,17.344,-9.702
2026-06-01 14:10:08.319,2206547775,699319,1,0.88306,0.15015,1.0,3.634,-4.16,3.954
2026-06-01 14:10:08.319,2206547775,699319,2,1.1145,-0.01978,0.14502,6.168,-19.206,10.84
2026-06-01 14:10:08.519,2206547975,699519,1,1.15967,0.18115,0.91162,11.382,-14.702,8.313
2026-06-01 14:10:08.519,2206547975,699519,2,1.42139,-0.03076,0.09961,-4.305,-18.916,0.679
2026-06-01 14:10:08.719,2206548175,699719,1,1.0,0.13501,0.86011,-11.618,6.252,-7.458
2026-06-01 14:10:08.719,2206548175,699719,2,1.14429,-0.00098,0.11353,6.137,-6.023,-3.092
2026-06-01 14:10:08.919,2206548375,699919,1,0.8374,0.13745,0.68359,-10.931,-0.16,-5.168
2026-06-01 14:10:08.919,2206548375,699919,2,1.00049,-0.02563,0.05786,-3.725,-3.664,6.382
2026-06-01 14:10:08.119,2206547575,700119,1,0.91846,0.14331,0.72241,5.656,-1.336,1.969
2026-06-01 14:10:08.119,2206547575,700119,2,1.2854,-0.02808,0.06396,-15.718,-8.053,9.496
2026-06-01 14:10:09.319,2206548775,700319,1,1.19116,0.15747,0.87622,-5.26,46.298,-0.588
2026-06-01 14:10:09.319,2206548775,700319,2,1.24365,-0.15576,0.16211,3.382,39.405,-9.611
2026-06-01 14:10:09.519,2206548975,700519,1,0.7605,0.13306,0.91504,1.29,-4.55,11.763
2026-06-01 14:10:09.519,2206548975,700519,2,1.08203,0.01001,0.16479,8.282,-15.389,7.74
2026-06-01 14:10:09.719,2206549175,700719,1,0.82666,0.07202,0.6731,3.824,-18.328,-2.336
2026-06-01 14:10:09.719,2206549175,700719,2,0.91675,-0.06445,0.04565,3.718,-15.076,3.214
2026-06-01 14:10:09.919,2206549375,700919,1,0.5542,0.09619,0.48755,6.145,-34.137,0.733
2026-06-01 14:10:09.919,2206549375,700919,2,0.56689,-0.02124,-0.05762,-2.252,-34.679,14.466
2026-06-01 14:10:09.119,2206548575,701119,1,1.06519,0.09644,0.53076,19.954,-45.565,14.908
2026-06-01 14:10:09.119,2206548575,701119,2,1.1543,-0.04468,-0.14844,18.214,-11.328,-0.885
2026-06-01 14:10:10.357,2206549813,701357,1,0.96924,0.06689,0.50342,-2.718,6.74,1.275
2026-06-01 14:10:10.357,2206549813,701357,2,1.06738,-0.12842,-0.07202,-5.183,8.015,0.153
2026-06-01 14:10:10.557,2206550013,701557,1,1.0061,0.04126,0.45825,-11.298,24.397,-3.962
2026-06-01 14:10:10.557,2206550013,701557,2,0.97144,-0.11597,0.01782,-1.466,38.176,-10.015
2026-06-01 14:10:10.757,2206550213,701757,1,0.51245,0.02124,0.4104,-8.954,50.969,-3.794
2026-06-01 14:10:10.757,2206550213,701757,2,0.51514,-0.04004,0.06787,-0.176,31.084,-14.511
2026-06-01 14:10:10.957,2206550413,701957,1,0.72363,0.09546,0.58911,-0.267,10.687,2.046
2026-06-01 14:10:10.957,2206550413,701957,2,0.90625,-0.09888,0.00244,17.626,9.481,-1.344
2026-06-01 14:10:10.157,2206549613,702157,1,0.854,0.02612,0.88135,0.733,1.183,0.565
2026-06-01 14:10:10.157,2206549613,702157,2,1.07178,0.01636,0.07031,7.366,-15.221,4.191
2026-06-01 14:10:11.357,2206550813,702357,1,1.09082,0.09375,0.85986,-3.137,-3.718,-10.878
2026-06-01 14:10:11.357,2206550813,702357,2,1.30176,-0.08984,0.10791,-1.832,0.618,3.473
2026-06-01 14:10:11.557,2206551013,702557,1,1.15576,0.0957,0.79028,-9.473,3.679,-0.954
2026-06-01 14:10:11.557,2206551013,702557,2,1.22949,0.07275,0.21704,-9.527,-1.511,1.817
2026-06-01 14:10:11.757,2206551213,702757,1,0.73193,0.05591,0.60254,-5.275,8.29,0.649
2026-06-01 14:10:11.757,2206551213,702757,2,1.02075,-0.07642,0.09668,-7.237,6.282,-0.405
2026-06-01 14:10:11.957,2206551413,702957,1,0.89063,0.06421,0.75146,-1.611,3.313,3.473
2026-06-01 14:10:11.957,2206551413,702957,2,1.02466,-0.04541,0.12329,0.122,4.359,2.206
2026-06-01 14:10:11.157,2206550613,703157,1,1.10132,0.09888,0.90259,8.061,0.504,-3.511
2026-06-01 14:10:11.157,2206550613,703157,2,1.50195,-0.12866,0.24072,-2.298,15.756,1.618
2026-06-01 14:10:12.357,2206551813,703357,1,0.87744,0.10107,0.98975,-0.107,14.496,-0.725
2026-06-01 14:10:12.357,2206551813,703357,2,1.03149,-0.01538,0.2002,5.985,5.412,1.076
2026-06-01 14:10:12.557,2206552013,703557,1,0.87793,0.0813,0.86914,6.427,-24.626,1.053
2026-06-01 14:10:12.557,2206552013,703557,2,1.02661,-0.04175,0.1665,11.534,-16.634,12.176
2026-06-01 14:10:12.757,2206552213,703757,1,0.61597,0.08716,0.50952,-4.053,-25.908,-10.588
2026-06-01 14:10:12.757,2206552213,703757,2,0.61914,-0.03394,0.02417,-14.649,-25.061,2.641
2026-06-01 14:10:12.957,2206552413,703957,1,0.62476,0.08691,0.38232,-2.053,-39.069,-4.832
2026-06-01 14:10:12.957,2206552413,703957,2,0.80249,-0.07007,0.05933,-9.053,-28.794,19.046
2026-06-01 14:10:12.157,2206551613,704157,1,0.96899,0.06787,0.47046,3.0,-8.061,1.71
2026-06-01 14:10:12.157,2206551613,704157,2,1.13013,-0.0752,-0.07251,-2.473,-0.092,-7.412
2026-06-01 14:10:13.357,2206552813,704357,1,0.96362,0.08472,0.46777,-6.046,-0.969,-4.74
2026-06-01 14:10:13.357,2206552813,704357,2,1.00708,-0.12256,-0.10913,7.641,0.107,2.435
2026-06-01 14:10:13.557,2206553013,704557,1,1.03979,0.10669,0.43481,3.542,8.947,0.634
2026-06-01 14:10:13.557,2206553013,704557,2,1.06348,-0.09448,-0.11133,5.435,14.382,-4.947
2026-06-01 14:10:13.757,2206553213,704757,1,0.9856,0.09497,0.46826,-8.214,25.779,-2.863
2026-06-01 14:10:13.757,2206553213,704757,2,0.98853,-0.08569,-0.02856,-7.695,35.832,-11.16
2026-06-01 14:10:13.957,2206553413,704957,1,0.39624,0.01001,0.42407,-2.168,56.786,1.779
2026-06-01 14:10:13.957,2206553413,704957,2,0.64551,0.09888,-0.00586,6.198,32.099,-15.969
2026-06-01 14:10:13.157,2206552613,705157,1,0.60083,0.04785,0.63379,0.015,24.328,-2.42
2026-06-01 14:10:13.157,2206552613,705157,2,0.88062,0.02148,0.17651,-7.779,4.122,-7.122
2026-06-01 14:10:14.357,2206553813,705357,1,0.86523,0.11694,1.0127,14.809,-17.031,11.405
2026-06-01 14:10:14.357,2206553813,705357,2,1.32837,-0.00903,0.27124,-8.473,-29.595,1.641
2026-06-01 14:10:14.557,2206554013,705557,1,1.11523,0.12329,1.01392,17.366,-3.305,7.748
2026-06-01 14:10:14.557,2206554013,705557,2,1.28638,0.02124,0.17139,16.282,-10.618,-8.939
2026-06-01 14:10:14.757,2206554213,705757,1,0.8147,0.15479,0.72852,-2.885,-7.344,-1.534
2026-06-01 14:10:14.757,2206554213,705757,2,0.97217,0.00635,0.08032,-8.985,-7.252,6.878
2026-06-01 14:10:14.957,2206554413,705957,1,0.8689,0.11475,0.698,-4.74,-12.962,-5.076
2026-06-01 14:10:14.957,2206554413,705957,2,1.07349,-0.02637,0.02759,-5.55,-10.977,5.107
2026-06-01 14:10:14.157,2206553613,706157,1,0.91992,0.11377,0.6687,-1.092,9.466,-0.672
2026-06-01 14:10:14.157,2206553613,706157,2,1.28882,-0.03735,0.00879,-2.939,7.786,3.939
2026-06-01 14:10:15.357,2206554813,706357,1,1.20581,0.16211,0.8811,-18.901,56.611,-7.145
2026-06-01 14:10:15.357,2206554813,706357,2,1.27344,-0.03174,0.1897,-4.29,53.992,-14.031
2026-06-01 14:10:15.557,2206555013,706557,1,0.64233,0.01929,1.07764,-6.695,5.664,3.45
2026-06-01 14:10:15.557,2206555013,706557,2,1.03003,0.02856,0.19312,1.282,-8.771,-0.573
2026-06-01 14:10:15.757,2206555213,706757,1,0.73682,0.07568,0.75586,13.122,-32.779,6.733
2026-06-01 14:10:15.757,2206555213,706757,2,0.82251,-0.01709,0.08618,-1.672,-34.336,-0.565
2026-06-01 14:10:15.957,2206555413,706957,1,0.45508,0.0835,0.50928,1.595,-49.817,-4.076
2026-06-01 14:10:15.957,2206555413,706957,2,0.61035,-0.03467,-0.0625,-9.496,-44.321,23.061
2026-06-01 14:10:15.157,2206554613,707157,1,1.02563,0.09009,0.37744,7.16,-49.55,5.519
2026-06-01 14:10:15.157,2206554613,707157,2,1.12354,-0.09155,-0.11743,-1.038,-16.916,-2.115
2026-06-01 14:10:16.357,2206555813,707357,1,0.95728,0.07007,0.51758,-3.901,12.321,-4.573
2026-06-01 14:10:16.357,2206555813,707357,2,1.07422,-0.10962,-0.08472,-3.702,18.42,-4.137
2026-06-01 14:10:16.662,2206556118,707662,1,0.97925,0.06665,0.42871,-11.756,28.527,-3.298
2026-06-01 14:10:16.662,2206556118,707662,2,0.93555,-0.06201,-0.01025,-11.092,40.382,-14.695
2026-06-01 14:10:16.862,2206556318,707862,1,0.47192,0.05054,0.45166,-2.084,52.008,3.061
2026-06-01 14:10:16.862,2206556318,707862,2,0.625,0.07813,-0.02905,37.71,24.275,-15.267
2026-06-01 14:10:16.062,2206555518,708062,1,0.57495,0.03174,0.72778,3.908,12.817,-4.817
2026-06-01 14:10:16.062,2206555518,708062,2,0.96704,0.03516,0.07227,6.634,-4.771,-5.069
2026-06-01 14:10:17.262,2206556718,708262,1,0.89404,0.07666,0.84863,9.336,-7.191,3.84
2026-06-01 14:10:17.262,2206556718,708262,2,1.18384,-0.07715,0.17578,-10.397,-15.786,4.672
2026-06-01 14:10:17.462,2206556918,708462,1,1.13208,0.16943,0.95288,-0.71,-4.305,-0.573
2026-06-01 14:10:17.462,2206556918,708462,2,1.32251,-0.05005,0.11694,-5.244,6.214,4.855
2026-06-01 14:10:17.662,2206557118,708662,1,0.93823,0.11182,0.8562,-5.595,0.366,-3.008
2026-06-01 14:10:17.662,2206557118,708662,2,1.12964,-0.0415,0.14331,-4.809,-1.641,5.473
2026-06-01 14:10:17.862,2206557318,708862,1,0.83936,0.04565,0.67041,-2.725,-5.275,0.244
2026-06-01 14:10:17.862,2206557318,708862,2,1.02661,-0.06274,0.04468,-6.557,0.916,2.672
2026-06-01 14:10:17.062,2206556518,709062,1,0.90161,0.06763,0.74341,-3.565,4.687,-1.725
2026-06-01 14:10:17.062,2206556518,709062,2,1.09863,-0.06445,0.07715,-1.824,7.13,-0.031
2026-06-01 14:10:18.262,2206557718,709262,1,1.08618,0.07275,0.83838,-3.26,8.748,-6.443
2026-06-01 14:10:18.262,2206557718,709262,2,1.70093,-0.04004,0.25659,7.58,15.992,-5.481
2026-06-01 14:10:18.462,2206557918,709462,1,0.82886,0.04248,0.91455,-16.534,26.496,-8.473
2026-06-01 14:10:18.462,2206557918,709462,2,0.99854,0.0105,0.20581,-6.466,12.038,-1.756
2026-06-01 14:10:18.662,2206558118,709662,1,0.80566,0.05005,0.8606,-3.557,-20.427,-2.008
2026-06-01 14:10:18.662,2206558118,709662,2,0.90503,-0.07715,0.13916,-6.779,-15.885,11.573
2026-06-01 14:10:18.862,2206558318,709862,1,0.50293,-0.00659,0.55786,4.26,-32.405,-0.695
2026-06-01 14:10:18.862,2206558318,709862,2,0.53809,-0.0293,0.07104,3.901,-32.634,9.893
2026-06-01 14:10:18.062,2206557518,710062,1,0.75415,0.04028,0.46558,14.008,-42.328,4.229
2026-06-01 14:10:18.062,2206557518,710062,2,1.04956,-0.10669,0.00439,5.481,-30.359,12.137
2026-06-01 14:10:19.262,2206558718,710262,1,0.96191,0.09521,0.4751,7.473,-12.565,-0.641
2026-06-01 14:10:19.262,2206558718,710262,2,1.07544,-0.08398,-0.08789,12.397,-8.779,-0.237
2026-06-01 14:10:19.462,2206558918,710462,1,0.93701,0.08301,0.51831,16.122,3.939,10.382
2026-06-01 14:10:19.462,2206558918,710462,2,0.98438,-0.10522,-0.10181,7.489,-6.489,-0.099
2026-06-01 14:10:19.662,2206559118,710662,1,1.00952,0.09521,0.4834,5.557,2.221,0.206
2026-06-01 14:10:19.662,2206559118,710662,2,1.05054,-0.09131,-0.12769,-0.534,0.481,-6.321
2026-06-01 14:10:19.862,2206559318,710862,1,0.97363,0.12891,0.49438,-3.313,3.687,-3.695
2026-06-01 14:10:19.862,2206559318,710862,2,0.99683,-0.07666,-0.09155,-11.55,3.168,3.405
2026-06-01 14:10:19.062,2206558518,711062,1,0.97876,0.06714,0.47363,-3.0,2.626,-1.618
2026-06-01 14:10:19.062,2206558518,711062,2,1.01025,-0.1582,-0.11328,-10.153,-0.962,0.458
2026-06-01 14:10:20.262,2206559718,711262,1,1.01001,0.0625,0.47656,2.397,2.656,2.214
2026-06-01 14:10:20.262,2206559718,711262,2,1.00659,-0.16113,-0.1001,0.336,3.603,0.336
2026-06-01 14:10:20.462,2206559918,711462,1,0.96826,0.05615,0.51367,4.443,5.16,2.763
2026-06-01 14:10:20.462,2206559918,711462,2,1.02734,-0.13623,-0.10278,3.824,2.046,-4.145
2026-06-01 14:10:20.662,2206560118,711662,1,0.96777,0.06079,0.50659,5.672,3.931,0.733
2026-06-01 14:10:20.662,2206560118,711662,2,1.04395,-0.09302,-0.10352,-1.298,2.817,-2.656
2026-06-01 14:10:20.862,2206560318,711862,1,0.979,0.08447,0.49414,1.557,14.198,2.527
2026-06-01 14:10:20.862,2206560318,711862,2,1.0437,-0.08765,-0.04248,4.45,13.092,-5.855
2026-06-01 14:10:20.062,2206559518,712062,1,0.98218,0.06152,0.52173,11.649,43.298,1.954
2026-06-01 14:10:20.062,2206559518,712062,2,1.05688,-0.04297,0.03735,7.099,39.74,-21.664
2026-06-01 14:10:21.262,2206560718,712262,1,0.69678,0.2522,0.58154,2.634,87.122,-7.817
2026-06-01 14:10:21.262,2206560718,712262,2,1.1167,0.177,0.14795,-18.847,93.046,-24.374
2026-06-01 14:10:21.462,2206560918,712462,1,0.29272,0.02588,0.87939,-46.809,120.427,-25.969
2026-06-01 14:10:21.462,2206560918,712462,2,0.80811,-0.29077,0.56592,-39.298,162.855,-37.542
2026-06-01 14:10:21.662,2206561118,712662,1,-0.0686,-0.19165,1.02783,-17.229,139.282,-20.382
2026-06-01 14:10:21.662,2206561118,712662,2,0.57886,-0.03955,0.91382,-12.427,141.527,-46.74
2026-06-01 14:10:21.862,2206561318,712862,1,-0.60449,-0.15918,1.25757,1.183,80.595,-4.16
2026-06-01 14:10:21.862,2206561318,712862,2,-0.14502,0.24072,0.98022,5.962,77.84,-22.099
2026-06-01 14:10:21.062,2206560518,713062,1,-0.71436,-0.14697,0.99219,6.008,28.099,-6.58
2026-06-01 14:10:21.062,2206560518,713062,2,-0.20532,0.3479,0.91333,-0.031,12.122,-12.595
2026-06-01 14:10:22.262,2206561718,713262,1,-0.63208,-0.15234,0.90112,25.443,8.908,-4.954
2026-06-01 14:10:22.262,2206561718,713262,2,-0.19775,0.28931,0.87549,13.13,-7.687,-19.756
2026-06-01 14:10:22.462,2206561918,713462,1,-0.55542,0.0127,0.83105,19.748,-6.863,-7.55
2026-06-01 14:10:22.462,2206561918,713462,2,-0.13672,0.38672,0.80615,-5.382,2.626,-8.496
2026-06-01 14:10:22.662,2206562118,713662,1,-0.58276,-0.06885,0.87402,-12.031,8.702,-11.702
2026-06-01 14:10:22.662,2206562118,713662,2,-0.19531,0.3291,0.86499,-14.351,19.206,1.481
2026-06-01 14:10:22.862,2206562318,713862,1,-0.57471,-0.14624,0.86279,-0.924,10.015,12.466
2026-06-01 14:10:22.862,2206562318,713862,2,-0.25073,0.26782,0.85864,25.595,5.656,-3.237
2026-06-01 14:10:22.062,2206561518,714062,1,-0.67065,-0.00562,0.81592,-3.053,8.0,19.427
2026-06-01 14:10:22.062,2206561518,714062,2,-0.31689,0.34521,0.85132,-5.145,15.977,12.817
2026-06-01 14:10:23.262,2206562718,714262,1,-0.72363,-0.16724,0.87622,-10.908,-4.511,6.664
2026-06-01 14:10:23.262,2206562718,714262,2,-0.36572,0.3269,0.80078,-9.855,-1.664,12.893
2026-06-01 14:10:23.468,2206562924,714468,1,-0.61646,-0.09839,0.74487,18.351,-7.198,-10.863
2026-06-01 14:10:23.468,2206562924,714468,2,-0.27344,0.3252,0.87134,17.985,-16.527,-2.542
2026-06-01 14:10:23.668,2206563124,714668,1,-0.75269,-0.04468,1.14697,11.412,-34.534,4.069
2026-06-01 14:10:23.668,2206563124,714668,2,-0.2124,0.41772,0.93408,5.092,-67.183,20.092
2026-06-01 14:10:23.868,2206563324,714868,1,-0.56152,0.05615,1.10059,-12.023,-77.023,12.534
2026-06-01 14:10:23.868,2206563324,714868,2,0.2019,0.35596,0.81958,1.374,-115.321,45.435
2026-06-01 14:10:23.068,2206562524,715068,1,-0.23242,0.02075,1.08521,-17.832,-124.313,9.504
2026-06-01 14:10:23.068,2206562524,715068,2,0.50854,0.24658,0.50439,-5.115,-128.618,51.573
2026-06-01 14:10:24.268,2206563724,715268,1,0.2019,0.14355,0.89478,10.397,-146.84,6.634
2026-06-01 14:10:24.268,2206563724,715268,2,0.84766,0.01807,0.22485,-12.603,-115.885,62.183
2026-06-01 14:10:24.468,2206563924,715468,1,0.80176,0.03882,0.43628,-9.794,-105.702,0.229
2026-06-01 14:10:24.468,2206563924,715468,2,1.07153,-0.02563,0.1394,-6.321,-48.397,32.626
2026-06-01 14:10:24.668,2206564124,715668,1,1.01343,0.0791,0.47607,0.328,-28.305,-7.137
2026-06-01 14:10:24.668,2206564124,715668,2,1.07764,-0.09521,-0.06812,-8.893,-7.656,3.954
2026-06-01 14:10:24.868,2206564324,715868,1,0.93628,0.11255,0.57056,-5.74,4.198,-6.817
2026-06-01 14:10:24.868,2206564324,715868,2,1.03784,-0.13525,-0.07544,-8.038,3.954,0.313
2026-06-01 14:10:24.068,2206563524,716068,1,0.95117,0.07373,0.53223,7.626,17.328,2.29
2026-06-01 14:10:24.068,2206563524,716068,2,1.06006,-0.08447,-0.03662,6.718,19.87,-6.718
2026-06-01 14:10:25.268,2206564724,716268,1,0.85181,0.07983,0.55713,13.321,60.908,2.565
2026-06-01 14:10:25.268,2206564724,716268,2,1.03735,0.00952,0.13916,10.382,58.099,-26.855
2026-06-01 14:10:25.468,2206564924,716468,1,0.45337,0.08325,0.646,-8.969,135.267,-5.336
2026-06-01 14:10:25.468,2206564924,716468,2,0.92017,0.03198,0.19531,13.023,128.542,-54.863
2026-06-01 14:10:25.668,2206565124,716668,1,-0.02515,0.08887,0.88745,-43.038,152.221,-18.718
2026-06-01 14:10:25.668,2206565124,716668,2,0.59131,0.2771,0.54663,5.802,137.489,-57.611
2026-06-01 14:10:25.868,2206565324,716868,1,-0.45044,-0.02246,1.28979,-0.046,84.176,-10.412
2026-06-01 14:10:25.868,2206565324,716868,2,-0.05762,0.46704,1.08276,17.718,70.16,-17.008
2026-06-01 14:10:25.068,2206564524,717068,1,-0.53516,0.03687,1.24512,-2.985,35.534,-4.718
2026-06-01 14:10:25.068,2206564524,717068,2,-0.05957,0.48926,0.94873,2.55,33.45,-4.939
2026-06-01 14:10:26.268,2206565724,717268,1,-0.54883,0.03613,0.98657,-3.26,7.458,2.634
2026-06-01 14:10:26.268,2206565724,717268,2,-0.05859,0.4021,0.83887,-1.885,1.389,1.58
2026-06-01 14:10:26.468,2206565924,717468,1,-0.41431,0.06885,0.91602,0.878,4.893,2.008
2026-06-01 14:10:26.468,2206565924,717468,2,-0.15625,0.60767,0.82593,-9.435,13.649,1.985
2026-06-01 14:10:26.668,2206566124,717668,1,-0.52441,0.04126,0.9834,-3.702,-4.122,-3.763
2026-06-01 14:10:26.668,2206566124,717668,2,-0.08984,0.42969,0.88354,7.565,-2.076,2.115
2026-06-01 14:10:26.868,2206566324,717868,1,-0.51221,0.01929,1.0144,1.519,-9.16,-3.802
2026-06-01 14:10:26.868,2206566324,717868,2,-0.10107,0.44849,0.87183,-8.359,-18.015,-0.588
2026-06-01 14:10:26.068,2206565524,718068,1,-0.48071,0.04639,1.0625,13.351,-28.466,-9.977
2026-06-01 14:10:26.068,2206565524,718068,2,-0.00342,0.46289,0.84253,-4.084,-40.695,8.779
2026-06-01 14:10:27.268,2206566724,718268,1,-0.41211,0.13818,1.2522,-11.115,-67.153,-8.931
2026-06-01 14:10:27.268,2206566724,718268,2,0.21436,0.4375,0.86108,-23.092,-81.153,41.26
2026-06-01 14:10:27.468,2206566924,718468,1,-0.04834,0.05688,1.11011,-7.298,-108.038,-3.641
2026-06-01 14:10:27.468,2206566924,718468,2,0.59888,0.19482,0.62256,-29.466,-115.267,47.13
2026-06-01 14:10:27.668,2206567124,718668,1,0.33374,0.05249,0.85229,13.26,-110.069,5.359
2026-06-01 14:10:27.668,2206567124,718668,2,0.87134,0.07568,0.28589,-6.962,-116.344,34.954
2026-06-01 14:10:27.868,2206567324,718868,1,0.71069,0.07617,0.59741,17.595,-95.366,15.153
2026-06-01 14:10:27.868,2206567324,718868,2,0.97925,-0.00659,0.05176,-0.405,-78.824,30.176
2026-06-01 14:10:27.068,2206566524,719068,1,0.93262,0.05493,0.42236,1.794,-44.809,-4.13
2026-06-01 14:10:27.068,2206566524,719068,2,1.08423,-0.15796,-0.04248,-2.405,-32.771,20.252
2026-06-01 14:10:28.268,2206567724,719268,1,1.06763,0.18018,0.42285,17.595,-8.725,13.458
2026-06-01 14:10:28.268,2206567724,719268,2,0.99219,-0.09131,-0.18896,-28.588,-43.069,10.504
2026-06-01 14:10:28.468,2206567924,719468,1,0.89795,0.09546,0.56836,13.214,15.176,7.626
2026-06-01 14:10:28.468,2206567924,719468,2,1.02686,-0.15015,-0.13379,-4.405,9.282,-3.336
2026-06-01 14:10:28.668,2206568124,719668,1,0.93213,0.16602,0.53979,-7.351,12.634,-2.489
2026-06-01 14:10:28.668,2206568124,719668,2,1.00439,-0.07813,-0.1521,-5.939,8.863,0.893
2026-06-01 14:10:28.868,2206568324,719868,1,0.94946,0.13379,0.55664,-10.916,13.847,-2.053
2026-06-01 14:10:28.868,2206568324,719868,2,1.03735,-0.12476,-0.11792,-9.412,16.809,-7.061
2026-06-01 14:10:28.068,2206567524,720068,1,0.91992,0.10254,0.61108,-3.916,18.87,-1.992
2026-06-01 14:10:28.068,2206567524,720068,2,1.04541,-0.09668,-0.00903,-2.359,22.702,-12.641
2026-06-01 14:10:29.268,2206568724,720268,1,0.87622,0.11914,0.63672,-10.74,54.847,-3.42
2026-06-01 14:10:29.268,2206568724,720268,2,1.04126,-0.00073,0.11011,-8.687,60.0,-20.733
2026-06-01 14:10:29.468,2206568924,720468,1,0.52344,0.02832,0.59058,-22.107,119.176,-1.061
2026-06-01 14:10:29.468,2206568924,720468,2,0.79688,0.01709,0.32959,12.427,140.046,-49.366
2026-06-01 14:10:29.668,2206569124,720668,1,-0.07593,0.01855,0.95361,-29.748,172.84,-9.885
2026-06-01 14:10:29.668,2206569124,720668,2,0.48804,0.17188,0.76587,-3.519,144.008,-49.198
2026-06-01 14:10:29.868,2206569324,720868,1,-0.57666,-0.1853,1.28955,-16.389,96.153,-8.74
2026-06-01 14:10:29.868,2206569324,720868,2,-0.04932,0.29517,0.98291,7.412,98.389,-32.397
2026-06-01 14:10:29.068,2206568524,721068,1,-0.66284,-0.17358,1.0791,-0.191,35.504,-3.389
2026-06-01 14:10:29.068,2206568524,721068,2,-0.27637,0.34668,0.90234,0.695,15.74,-8.519
2026-06-01 14:10:30.268,2206569724,721268,1,-0.58203,-0.17139,0.91406,1.076,-3.71,-5.458
2026-06-01 14:10:30.268,2206569724,721268,2,-0.14233,0.28711,0.89429,-5.427,1.076,-0.031
2026-06-01 14:10:30.468,2206569924,721468,1,-0.479,-0.15161,0.8479,0.344,0.267,-2.817
2026-06-01 14:10:30.468,2206569924,721468,2,-0.15088,0.28198,0.86206,1.466,11.519,-1.71
2026-06-01 14:10:30.668,2206570124,721668,1,-0.56885,-0.16089,0.99219,-1.786,0.092,-0.374
2026-06-01 14:10:30.668,2206570124,721668,2,-0.23608,0.35938,0.92627,1.885,-0.45,3.511
2026-06-01 14:10:30.868,2206570324,721868,1,-0.60815,-0.12646,1.11401,2.527,-17.595,2.847
2026-06-01 14:10:30.868,2206570324,721868,2,-0.17212,0.42896,0.94067,-4.221,-49.412,19.046
2026-06-01 14:10:30.068,2206569524,722068,1,-0.51685,-0.13086,1.06421,3.145,-59.779,1.359
2026-06-01 14:10:30.068,2206569524,722068,2,0.09448,0.37695,0.91553,-5.176,-102.649,34.351
2026-06-01 14:10:31.268,2206570724,722268,1,-0.23584,-0.10913,1.07031,30.511,-108.992,-7.099
2026-06-01 14:10:31.268,2206570724,722268,2,0.58936,0.25757,0.6709,-9.855,-118.763,40.359
2026-06-01 14:10:31.468,2206570924,722468,1,0.22095,0.06226,0.96924,35.0,-128.26,-2.359
2026-06-01 14:10:31.468,2206570924,722468,2,0.83447,0.14648,0.36475,-11.87,-106.809,40.618
2026-06-01 14:10:31.668,2206571124,722668,1,0.66919,0.10864,0.58423,31.557,-103.443,3.359
2026-06-01 14:10:31.668,2206571124,722668,2,0.97168,-0.01611,0.10107,9.198,-77.023,36.26
2026-06-01 14:10:31.868,2206571324,722868,1,0.93652,0.15674,0.44507,9.756,-64.427,5.473
2026-06-01 14:10:31.868,2206571324,722868,2,1.07593,-0.03979,-0.08496,-14.458,-42.702,23.87
2026-06-01 14:10:31.068,2206570524,723068,1,1.03931,0.13135,0.41333,2.489,-11.458,3.786
2026-06-01 14:10:31.068,2206570524,723068,2,1.01636,-0.12939,-0.17456,-6.939,-9.695,5.947
2026-06-01 14:10:32.268,2206571724,723268,1,0.97046,0.11963,0.47559,-4.626,0.908,-0.969
2026-06-01 14:10:32.268,2206571724,723268,2,1.0293,-0.15332,-0.17993,0.374,0.26,2.595
2026-06-01 14:10:32.468,2206571924,723468,1,0.97949,0.13232,0.47412,-1.122,2.168,0.664
2026-06-01 14:10:32.468,2206571924,723468,2,1.01196,-0.13818,-0.15063,-0.176,1.817,0.115
2026-06-01 14:10:32.668,2206572124,723668,1,0.98242,0.14819,0.47998,-1.145,7.931,1.817
2026-06-01 14:10:32.668,2206572124,723668,2,1.01196,-0.13989,-0.1604,-3.969,5.802,-1.229
2026-06-01 14:10:32.868,2206572324,723868,1,0.98438,0.12744,0.49463,9.504,12.099,1.786
2026-06-01 14:10:32.868,2206572324,723868,2,1.06396,-0.13037,-0.10938,7.42,18.183,-8.786
2026-06-01 14:10:32.068,2206571524,724068,1,0.94556,0.11255,0.50952,-1.191,47.504,6.656
2026-06-01 14:10:32.068,2206571524,724068,2,1.0542,-0.04858,0.00073,3.153,46.084,-20.206
2026-06-01 14:10:33.268,2206572724,724268,1,0.69336,0.06982,0.62817,-6.55,94.336,1.13
2026-06-01 14:10:33.268,2206572724,724268,2,0.93579,0.02441,0.23315,-0.977,96.893,-39.389
2026-06-01 14:10:33.468,2206572924,724468,1,0.34375,0.05225,0.84204,-5.031,131.038,1.527
2026-06-01 14:10:33.468,2206572924,724468,2,0.80933,0.14014,0.45313,7.099,118.695,-46.611
2026-06-01 14:10:33.668,2206573124,724668,1,-0.0542,-0.02246,1.07373,-8.931,119.092,-6.481
2026-06-01 14:10:33.668,2206573124,724668,2,0.39941,0.27734,0.86719,0.786,115.618,-33.13
2026-06-01 14:10:33.868,2206573324,724868,1,-0.38647,-0.08276,1.20581,-13.672,58.115,-8.611
2026-06-01 14:10:33.868,2206573324,724868,2,0.08984,0.29907,0.92896,1.458,62.382,-17.069
2026-06-01 14:10:33.068,2206572524,725068,1,-0.48755,-0.08936,1.11987,-0.649,28.992,-6.374
2026-06-01 14:10:33.068,2206572524,725068,2,-0.04907,0.37695,0.93457,1.26,20.496,-6.573
2026-06-01 14:10:34.268,2206573724,725268,1,-0.47412,-0.10547,1.01587,4.382,0.336,6.916
2026-06-01 14:10:34.268,2206573724,725268,2,-0.08643,0.36865,0.88745,-5.542,-3.321,3.16
2026-06-01 14:10:34.468,2206573924,725468,1,-0.45435,-0.10986,0.98901,-5.748,-7.672,-1.45
2026-06-01 14:10:34.468,2206573924,725468,2,-0.02661,0.31934,0.89209,-1.191,-12.519,4.519
2026-06-01 14:10:34.668,2206574124,725668,1,-0.43604,-0.08228,1.05835,6.519,-15.695,-0.809
2026-06-01 14:10:34.668,2206574124,725668,2,-0.02515,0.35889,0.87695,-4.168,-20.893,7.374
2026-06-01 14:10:34.868,2206574324,725868,1,-0.43384,-0.07544,1.22339,19.832,-50.977,-1.389
2026-06-01 14:10:34.868,2206574324,725868,2,0.13818,0.31567,0.95264,-17.405,-89.496,21.496
2026-06-01 14:10:34.068,2206573524,726068,1,-0.16431,-0.00781,1.11108,26.641,-104.031,11.496
2026-06-01 14:10:34.068,2206573524,726068,2,0.37964,0.25659,0.53687,-23.611,-87.198,33.504
2026-06-01 14:10:35.268,2206574724,726268,1,0.33618,0.10034,0.8645,31.275,-138.122,29.916
2026-06-01 14:10:35.268,2206574724,726268,2,0.875,0.14673,0.47974,-11.893,-86.779,34.71
2026-06-01 14:10:35.468,2206574924,726468,1,0.70728,0.06934,0.58643,16.328,-132.405,42.038
2026-06-01 14:10:35.468,2206574924,726468,2,0.99561,0.02002,0.23364,-2.221,-45.183,23.366
2026-06-01 14:10:35.668,2206575124,726668,1,0.97339,0.04492,0.31104,-0.122,-55.939,11.061
2026-06-01 14:10:35.668,2206575124,726668,2,1.08887,-0.01563,0.23633,0.695,-39.069,20.695
2026-06-01 14:10:35.868,2206575324,726868,1,1.11157,0.01099,0.19141,-73.267,18.702,-16.122
2026-06-01 14:10:35.868,2206575324,726868,2,0.99561,-0.03857,0.09937,2.267,-45.214,15.038
2026-06-01 14:10:35.068,2206574524,727068,1,1.06323,0.08765,0.28955,-20.29,12.763,-12.977
2026-06-01 14:10:35.068,2206574524,727068,2,0.97949,-0.02197,0.00366,3.885,-18.649,2.634
2026-06-01 14:10:36.268,2206575724,727268,1,1.021,0.07275,0.43579,-34.45,-1.229,-13.084
2026-06-01 14:10:36.268,2206575724,727268,2,1.02563,-0.05493,-0.01538,16.023,0.076,-2.153
2026-06-01 14:10:36.468,2206575924,727468,1,1.00977,0.1167,0.40527,3.076,7.595,-0.977
2026-06-01 14:10:36.468,2206575924,727468,2,1.03271,-0.09326,-0.05054,1.733,4.336,0.832
2026-06-01 14:10:36.668,2206576124,727668,1,1.04175,0.1145,0.3833,2.832,23.069,0.389
2026-06-01 14:10:36.668,2206576124,727668,2,1.08813,-0.05835,0.0061,4.046,19.504,-9.366
2026-06-01 14:10:36.868,2206576324,727868,1,0.97314,0.10059,0.43262,-3.687,67.55,-1.084
2026-06-01 14:10:36.868,2206576324,727868,2,1.03174,-0.01172,0.14136,5.771,60.382,-25.412
2026-06-01 14:10:36.068,2206575524,728068,1,0.59814,0.07178,0.49463,-24.504,141.901,-5.412
2026-06-01 14:10:36.068,2206575524,728068,2,0.90674,0.10498,0.29297,0.939,119.924,-43.359
2026-06-01 14:10:37.268,2206576724,728268,1,0.08667,-0.02197,0.86523,-23.382,162.504,-7.756
2026-06-01 14:10:37.268,2206576724,728268,2,0.6001,0.28638,0.6814,15.191,135.962,-43.038
2026-06-01 14:10:37.468,2206576924,728468,1,-0.45825,-0.15747,1.28174,-16.626,98.672,1.0
2026-06-01 14:10:37.468,2206576924,728468,2,0.09717,0.40112,0.97852,4.824,85.603,-27.45
2026-06-01 14:10:37.668,2206577124,728668,1,-0.65796,-0.19043,1.19287,-5.885,41.618,-0.748
2026-06-01 14:10:37.668,2206577124,728668,2,-0.16455,0.37109,0.93408,-2.565,19.885,-7.168
2026-06-01 14:10:37.868,2206577324,728868,1,-0.50854,-0.17236,0.95459,4.565,-10.084,-3.809
2026-06-01 14:10:37.868,2206577324,728868,2,-0.02759,0.35522,0.85425,-2.061,-6.733,0.802
2026-06-01 14:10:37.068,2206576524,729068,1,-0.41846,-0.13379,0.91772,2.916,2.191,-4.359
2026-06-01 14:10:37.068,2206576524,729068,2,-0.0415,0.35522,0.86353,0.664,7.275,-4.115
2026-06-01 14:10:38.268,2206577724,729268,1,-0.4585,-0.12598,0.94775,1.336,0.275,-4.534
2026-06-01 14:10:38.268,2206577724,729268,2,-0.08838,0.37671,0.89746,-5.588,7.656,-5.656
2026-06-01 14:10:38.468,2206577924,729468,1,-0.52637,-0.17188,1.15259,-2.107,-13.137,-6.924
2026-06-01 14:10:38.468,2206577924,729468,2,-0.1062,0.36621,0.90381,-4.137,-23.824,4.008
2026-06-01 14:10:38.668,2206578124,729668,1,-0.42554,-0.20728,1.12183,-12.084,-44.366,-8.832
2026-06-01 14:10:38.668,2206578124,729668,2,0.05029,0.3833,0.91675,-3.718,-64.13,22.74
2026-06-01 14:10:38.868,2206578324,729868,1,-0.21265,-0.22144,1.17139,31.107,-94.847,-13.466
2026-06-01 14:10:38.868,2206578324,729868,2,0.32813,0.31128,0.77637,4.992,-99.832,40.443
2026-06-01 14:10:38.068,2206577524,730068,1,0.15308,-0.04517,1.01636,38.092,-113.832,-8.168
2026-06-01 14:10:38.068,2206577524,730068,2,0.67188,0.16455,0.57104,-12.206,-125.176,52.664
2026-06-01 14:10:39.268,2206578724,730268,1,0.56787,0.05176,0.70288,51.389,-112.977,2.74
2026-06-01 14:10:39.268,2206578724,730268,2,0.92896,0.0083,0.17529,-10.351,-115.802,61.771
2026-06-01 14:10:39.468,2206578924,730468,1,0.9353,0.13184,0.40356,13.771,-80.565,1.802
2026-06-01 14:10:39.468,2206578924,730468,2,1.0625,-0.15991,-0.15674,-28.015,-75.466,25.863
2026-06-01 14:10:39.668,2206579124,730668,1,1.06836,0.19702,0.38135,-6.985,-32.527,-2.618
2026-06-01 14:10:39.668,2206579124,730668,2,0.927,-0.198,-0.24536,-40.015,-45.282,15.351
2026-06-01 14:10:39.868,2206579324,730868,1,1.14893,0.12451,0.30371,9.115,1.824,8.58
2026-06-01 14:10:39.868,2206579324,730868,2,0.98364,-0.16626,-0.36572,-6.496,1.573,1.504
2026-06-01 14:10:39.068,2206578524,731068,1,0.9834,0.20313,0.40601,-2.206,4.565,-0.794
2026-06-01 14:10:39.068,2206578524,731068,2,0.96265,-0.16187,-0.32715,-0.275,6.336,-0.107
2026-06-01 14:10:40.268,2206579724,731268,1,0.99951,0.13428,0.41162,-1.252,5.603,-0.458
2026-06-01 14:10:40.268,2206579724,731268,2,1.02051,-0.14404,-0.3186,4.267,13.802,-4.954
2026-06-01 14:10:40.522,2206579978,731522,1,1.01172,0.10596,0.45313,-3.336,19.779,-0.84
2026-06-01 14:10:40.522,2206579978,731522,2,1.06177,-0.17041,-0.20801,12.153,32.168,-10.13
2026-06-01 14:10:40.722,2206580178,731722,1,1.03882,0.10181,0.45703,1.168,49.87,-7.74
2026-06-01 14:10:40.722,2206580178,731722,2,1.07788,-0.16479,-0.10449,37.725,78.466,-38.84
2026-06-01 14:10:40.922,2206580378,731922,1,0.60132,0.07959,0.53271,-17.763,127.16,6.282
2026-06-01 14:10:40.922,2206580378,731922,2,0.90063,-0.09106,0.1416,1.802,126.878,-51.817
2026-06-01 14:10:40.122,2206579578,732122,1,0.10352,-0.04712,1.04321,-25.794,155.939,0.74
2026-06-01 14:10:40.122,2206579578,732122,2,0.71729,0.12354,0.63721,-3.244,130.305,-49.771
2026-06-01 14:10:41.322,2206580778,732322,1,-0.30054,-0.11719,1.15601,-15.809,105.214,-6.168
2026-06-01 14:10:41.322,2206580778,732322,2,0.25,0.29834,0.81958,0.145,102.718,-36.863
2026-06-01 14:10:41.522,2206580978,732522,1,-0.53906,-0.12134,1.2356,1.641,31.221,-0.901
2026-06-01 14:10:41.522,2206580978,732522,2,-0.08789,0.36011,0.98511,2.008,42.916,-12.366
2026-06-01 14:10:41.722,2206581178,732722,1,-0.51147,-0.14795,1.09253,-3.84,-5.191,-0.664
2026-06-01 14:10:41.722,2206581178,732722,2,-0.07837,0.35645,0.88403,-2.718,2.427,3.702
2026-06-01 14:10:41.922,2206581378,732922,1,-0.37817,-0.09985,0.99756,-3.191,-18.573,-0.908
2026-06-01 14:10:41.922,2206581378,732922,2,0.00781,0.31763,0.86108,-3.84,-6.191,5.427
2026-06-01 14:10:41.122,2206580578,733122,1,-0.27271,-0.10303,1.00391,0.71,-1.076,-2.023
2026-06-01 14:10:41.122,2206580578,733122,2,-0.03711,0.33936,0.8855,-0.427,8.771,-2.328
2026-06-01 14:10:42.322,2206581778,733322,1,-0.3811,-0.11035,1.0647,1.397,14.763,2.321
2026-06-01 14:10:42.322,2206581778,733322,2,-0.14697,0.3855,0.90259,-0.977,-0.588,1.74
2026-06-01 14:10:42.522,2206581978,733522,1,-0.42676,-0.13672,1.14917,5.733,-27.496,1.153
2026-06-01 14:10:42.522,2206581978,733522,2,-0.01025,0.41895,0.95288,-8.084,-63.008,23.695
2026-06-01 14:10:42.745,2206582201,733745,1,-0.271,-0.12891,1.26416,19.977,-66.573,-3.427
2026-06-01 14:10:42.745,2206582201,733745,2,0.26245,0.28174,0.85571,-8.176,-112.244,42.618
2026-06-01 14:10:42.945,2206582401,733945,1,0.04395,-0.03101,1.06592,32.832,-97.336,4.573
2026-06-01 14:10:42.945,2206582401,733945,2,0.68555,0.16479,0.51636,-13.611,-132.267,50.664
2026-06-01 14:10:42.145,2206581601,734145,1,0.42651,0.0752,0.80005,20.053,-106.229,4.099
2026-06-01 14:10:42.145,2206581601,734145,2,0.90601,0.06152,0.23828,-12.687,-104.595,39.351
2026-06-01 14:10:43.345,2206582801,734345,1,0.72876,0.13843,0.58569,10.359,-85.519,-0.229
2026-06-01 14:10:43.345,2206582801,734345,2,1.04053,-0.0708,-0.00513,-22.336,-68.779,25.229
2026-06-01 14:10:43.545,2206583001,734545,1,0.9314,0.16528,0.49219,4.58,-43.649,0.061
2026-06-01 14:10:43.545,2206583001,734545,2,1.05908,-0.15454,-0.18115,-31.397,-43.031,18.626
2026-06-01 14:10:43.745,2206583201,734745,1,1.01123,0.17725,0.47144,13.29,-8.901,4.802
2026-06-01 14:10:43.745,2206583201,734745,2,1.03125,-0.14868,-0.2522,7.359,-8.435,-0.992
2026-06-01 14:10:43.945,2206583401,734945,1,1.00073,0.16699,0.45605,5.687,3.725,3.481
2026-06-01 14:10:43.945,2206583401,734945,2,0.99756,-0.15625,-0.2439,1.061,3.145,-0.328
2026-06-01 14:10:43.145,2206582601,735145,1,0.98438,0.1604,0.45581,3.504,9.389,1.664
2026-06-01 14:10:43.145,2206582601,735145,2,1.03345,-0.12915,-0.23096,-3.565,8.557,-4.176
2026-06-01 14:10:44.345,2206583801,735345,1,1.02197,0.15161,0.43115,-11.595,18.618,-1.489
2026-06-01 14:10:44.345,2206583801,735345,2,1.0647,-0.11816,-0.16016,-2.977,25.893,-5.328
2026-06-01 14:10:44.545,2206584001,735545,1,0.99146,0.14697,0.45508,-15.099,57.221,-0.809
2026-06-01 14:10:44.545,2206584001,735545,2,1.09058,-0.12183,-0.04834,15.626,65.466,-21.481
2026-06-01 14:10:44.745,2206584201,735745,1,0.60645,0.11865,0.51099,-12.786,142.42,3.641
2026-06-01 14:10:44.745,2206584201,735745,2,0.78955,0.04321,0.1311,24.573,130.076,-50.725
2026-06-01 14:10:44.954,2206584410,735954,1,0.01855,0.02979,0.927,-39.237,155.641,-15.191
2026-06-01 14:10:44.954,2206584410,735954,2,0.6499,0.15186,0.66235,24.389,151.702,-50.565
2026-06-01 14:10:44.154,2206583610,736154,1,-0.49512,-0.04761,1.02563,-13.985,48.252,-0.664
2026-06-01 14:10:44.154,2206583610,736154,2,0.18945,0.20898,0.62573,5.168,-15.771,7.855
2026-06-01 14:10:45.354,2206584810,736354,1,-0.26611,-0.13013,1.29443,-1.718,-73.198,-2.458
2026-06-01 14:10:45.354,2206584810,736354,2,0.69922,0.40063,0.99707,-12.931,-91.885,30.962
2026-06-01 14:10:45.554,2206585010,736554,1,0.17944,-0.04102,1.40381,18.863,-26.473,-8.053
2026-06-01 14:10:45.554,2206585010,736554,2,0.96997,0.29858,1.0188,-10.931,-12.397,0.275
2026-06-01 14:10:45.754,2206585210,736754,1,0.25659,-0.00146,1.28687,4.023,38.313,-0.153
2026-06-01 14:10:45.754,2206585210,736754,2,0.823,0.25757,0.80908,-3.351,37.84,-15.74
2026-06-01 14:10:45.954,2206585410,736954,1,-0.00439,-0.09131,1.22266,-4.45,29.824,-14.076
2026-06-01 14:10:45.954,2206585410,736954,2,0.52246,0.2312,0.79004,-8.55,8.55,-13.427
2026-06-01 14:10:45.154,2206584610,737154,1,-0.10571,-0.09204,1.13892,7.87,-21.962,-8.191
2026-06-01 14:10:45.154,2206584610,737154,2,0.39746,0.19775,0.57715,-2.305,-43.328,8.473
2026-06-01 14:10:46.354,2206585810,737354,1,0.02246,-0.08154,0.91138,37.0,-97.069,4.931
2026-06-01 14:10:46.354,2206585810,737354,2,0.67407,0.22583,0.32544,-1.061,-104.71,41.229
2026-06-01 14:10:46.554,2206586010,737554,1,0.41699,0.11743,0.85205,28.74,-105.282,12.878
2026-06-01 14:10:46.554,2206586010,737554,2,0.92847,0.10425,0.19531,-11.267,-89.046,49.511
2026-06-01 14:10:46.754,2206586210,737754,1,0.8877,0.17212,0.57642,18.412,-68.336,9.252
2026-06-01 14:10:46.754,2206586210,737754,2,1.07617,-0.02417,-0.05225,-11.397,-52.557,24.13
2026-06-01 14:10:46.954,2206586410,737954,1,0.94141,0.17114,0.55737,-4.443,-28.405,-2.496
2026-06-01 14:10:46.954,2206586410,737954,2,1.03027,-0.06885,-0.08667,-9.992,-17.221,10.0
2026-06-01 14:10:46.154,2206585610,738154,1,0.99097,0.16895,0.53467,-5.107,-8.046,-4.634
2026-06-01 14:10:46.154,2206585610,738154,2,1.06543,-0.11865,-0.15405,-5.725,-1.649,4.924
2026-06-01 14:10:47.354,2206586810,738354,1,0.9248,0.13428,0.56152,1.229,1.863,2.237
2026-06-01 14:10:47.354,2206586810,738354,2,1.04126,-0.1333,-0.19116,-0.847,0.351,0.466
2026-06-01 14:10:47.577,2206587033,738577,1,0.9624,0.14795,0.51147,2.298,4.359,1.611
2026-06-01 14:10:47.577,2206587033,738577,2,1.02295,-0.13159,-0.19336,1.107,2.794,-2.145
2026-06-01 14:10:47.777,2206587233,738777,1,0.95923,0.16846,0.53735,1.611,15.908,3.45
2026-06-01 14:10:47.777,2206587233,738777,2,1.04419,-0.10376,-0.13916,2.122,23.023,-7.435
2026-06-01 14:10:47.977,2206587433,738977,1,0.93945,0.11865,0.5437,-8.763,51.557,2.176
2026-06-01 14:10:47.977,2206587433,738977,2,1.04541,-0.04175,-0.00684,11.756,70.321,-23.45
2026-06-01 14:10:47.177,2206586633,739177,1,0.62964,0.09351,0.54175,-20.321,115.046,3.687
2026-06-01 14:10:47.177,2206586633,739177,2,0.85913,-0.01172,0.19507,-4.695,121.939,-41.855
2026-06-01 14:10:48.377,2206587833,739377,1,0.19409,0.04395,0.93994,-20.122,135.206,7.458
2026-06-01 14:10:48.377,2206587833,739377,2,0.65405,0.2644,0.61084,5.626,118.885,-39.244
2026-06-01 14:10:48.577,2206588033,739577,1,-0.23877,-0.15381,1.21777,-20.725,74.611,-9.046
2026-06-01 14:10:48.577,2206588033,739577,2,0.31714,0.29053,0.88623,3.763,79.679,-28.55
2026-06-01 14:10:48.777,2206588233,739777,1,-0.34644,-0.09131,1.27441,-0.252,30.924,-5.756
2026-06-01 14:10:48.777,2206588233,739777,2,0.09277,0.33032,0.95093,4.031,32.191,-10.16
2026-06-01 14:10:48.977,2206588433,739977,1,-0.38159,-0.07007,1.1687,-2.389,6.748,4.55
2026-06-01 14:10:48.977,2206588433,739977,2,0.03345,0.43628,0.90698,1.763,-2.855,8.519
2026-06-01 14:10:48.177,2206587633,740177,1,-0.37573,-0.13086,1.14575,0.519,-27.122,1.374
2026-06-01 14:10:48.177,2206587633,740177,2,0.12158,0.38452,0.93188,-8.26,-33.046,15.595
2026-06-01 14:10:49.377,2206588833,740377,1,-0.23291,-0.13696,1.28882,12.496,-52.023,-5.023
2026-06-01 14:10:49.377,2206588833,740377,2,0.323,0.31445,0.88135,-4.42,-84.397,31.374
2026-06-01 14:10:49.577,2206589033,740577,1,-0.0061,-0.07275,1.13599,26.832,-104.565,-5.565
2026-06-01 14:10:49.577,2206589033,740577,2,0.68335,0.1731,0.48462,-3.542,-127.443,50.206
2026-06-01 14:10:49.973,2206589429,740973,1,0.79053,0.11035,0.47827,18.641,-94.794,3.405
2026-06-01 14:10:49.973,2206589429,740973,2,1.03589,-0.05298,-0.02173,-18.351,-72.779,32.305
2026-06-01 14:10:49.173,2206588629,741173,1,1.03174,0.14355,0.43726,1.962,-30.855,-0.985
2026-06-01 14:10:49.173,2206588629,741173,2,1.05835,-0.12109,-0.21216,-13.13,-26.145,9.26
2026-06-01 14:10:50.373,2206589829,741373,1,1.01855,0.14697,0.42261,9.809,-3.397,5.672
2026-06-01 14:10:50.373,2206589829,741373,2,1.01587,-0.1521,-0.27124,1.206,-3.313,1.405
2026-06-01 14:10:50.573,2206590029,741573,1,1.01953,0.15332,0.41724,2.145,3.641,1.878
2026-06-01 14:10:50.573,2206590029,741573,2,1.02002,-0.13892,-0.24219,-0.099,16.084,-3.122
2026-06-01 14:10:50.773,2206590229,741773,1,1.05518,0.14868,0.38574,-9.603,44.29,-0.649
2026-06-01 14:10:50.773,2206590229,741773,2,1.12622,-0.10645,-0.11011,13.55,51.878,-20.45
2026-06-01 14:10:50.973,2206590429,741973,1,0.78735,0.10767,0.42334,-20.863,117.977,-0.893
2026-06-01 14:10:50.973,2206590429,741973,2,0.94531,-0.04956,0.03101,3.0,119.435,-39.748
2026-06-01 14:10:50.173,2206589629,742173,1,0.21851,-0.00732,0.74878,-24.473,149.687,2.489
2026-06-01 14:10:50.173,2206589629,742173,2,0.74414,0.13696,0.46265,9.832,135.565,-47.496
2026-06-01 14:10:51.373,2206590829,742373,1,-0.17529,-0.08984,1.18433,-31.939,112.969,-5.122
2026-06-01 14:10:51.373,2206590829,742373,2,0.4502,0.25708,0.85693,9.031,112.008,-35.107
2026-06-01 14:10:51.573,2206591029,742573,1,-0.47754,-0.20215,1.29541,-7.802,59.939,2.84
2026-06-01 14:10:51.573,2206591029,742573,2,0.06299,0.36499,0.97241,4.13,44.641,-14.611
2026-06-01 14:10:51.773,2206591229,742773,1,-0.42749,-0.14844,1.0166,-3.115,11.855,
2026-06-01 14:10:51.773,2206591229,742773,2,0.04419,0.31152,0.85571,-1.817,13.282,-2.305
2026-06-01 14:10:51.973,2206591429,742973,1,-0.41675,-0.17383,1.00854,3.015,8.466,-3.061
2026-06-01 14:10:51.973,2206591429,742973,2,0.03174,0.34546,0.8894,3.0,5.878,-10.053
2026-06-01 14:10:51.173,2206590629,743173,1,-0.4541,-0.18579,1.12183,4.58,-1.74,-11.008
2026-06-01 14:10:51.173,2206590629,743173,2,-0.05908,0.33618,0.96362,3.802,-9.695,-7.473
2026-06-01 14:10:52.373,2206591829,743373,1,-0.49219,-0.17041,1.1626,3.237,-34.847,-10.122
2026-06-01 14:10:52.373,2206591829,743373,2,0.07471,0.35352,0.92529,-4.099,-63.305,22.656
2026-06-01 14:10:52.573,2206592029,743573,1,-0.34204,-0.17603,1.1604,11.29,-68.802,-7.756
2026-06-01 14:10:52.573,2206592029,743573,2,0.30493,0.27881,0.83911,-3.916,-91.405,39.069
2026-06-01 14:10:52.773,2206592229,743773,1,-0.00879,-0.06226,1.07715,22.55,-106.725,-2.328
2026-06-01 14:10:52.773,2206592229,743773,2,0.65381,0.20508,0.61548,1.214,-115.603,45.603
2026-06-01 14:10:52.973,2206592429,743973,1,0.32153,-0.07715,0.87134,48.916,-111.29,7.649
2026-06-01 14:10:52.973,2206592429,743973,2,0.92334,-0.01025,0.17798,4.962,-114.595,45.794
2026-06-01 14:10:52.173,2206591629,744173,1,0.86719,0.09448,0.44214,19.015,-96.603,5.557
2026-06-01 14:10:52.173,2206591629,744173,2,1.03394,-0.08447,-0.04736,-29.473,-75.13,37.496
2026-06-01 14:10:53.373,2206592829,744373,1,1.01367,0.12793,0.35254,9.107,-47.229,-6.099
2026-06-01 14:10:53.373,2206592829,744373,2,1.06738,-0.20752,-0.24683,-8.695,-30.71,12.962
2026-06-01 14:10:53.573,2206593029,744573,1,1.01563,0.14697,0.35767,0.076,-9.763,-2.901
2026-06-01 14:10:53.573,2206593029,744573,2,1.01807,-0.1853,-0.30591,2.26,-5.565,0.405
2026-06-01 14:10:53.773,2206593229,744773,1,0.99976,0.14404,0.37891,3.985,12.931,1.954
2026-06-01 14:10:53.773,2206593229,744773,2,1.02368,-0.1853,-0.34204,3.023,10.229,-3.969
2026-06-01 14:10:53.973,2206593429,744973,1,0.98169,0.14868,0.43286,4.214,15.504,0.595
2026-06-01 14:10:53.973,2206593429,744973,2,0.99023,-0.16431,-0.27197,1.137,13.298,-4.924
2026-06-01 14:10:53.173,2206592629,745173,1,0.97339,0.12061,0.48901,-3.031,22.87,1.733
2026-06-01 14:10:53.173,2206592629,745173,2,1.0498,-0.12866,-0.16309,6.382,28.427,-10.473
2026-06-01 14:10:54.373,2206593829,745373,1,0.92261,0.13525,0.45117,-4.71,72.794,6.534
2026-06-01 14:10:54.373,2206593829,745373,2,1.06787,-0.06323,0.03711,10.695,91.908,-35.374
2026-06-01 14:10:54.573,2206594029,745573,1,0.53271,0.08032,0.63306,-10.626,124.947,-2.74
2026-06-01 14:10:54.573,2206594029,745573,2,0.86914,0.0354,0.20532,2.504,128.901,-46.763
2026-06-01 14:10:54.773,2206594229,745773,1,0.08325,-0.0293,1.05322,-12.237,126.275,3.176
2026-06-01 14:10:54.773,2206594229,745773,2,0.52051,0.2251,0.68506,6.603,114.733,-40.817
2026-06-01 14:10:54.973,2206594429,745973,1,-0.2478,-0.12183,1.23145,-19.763,67.519,-4.015
2026-06-01 14:10:54.973,2206594429,745973,2,0.14038,0.3623,0.91626,5.954,78.908,-23.771
2026-06-01 14:10:54.173,2206593629,746173,1,-0.38257,-0.14819,1.21265,-7.649,43.099,0.099
2026-06-01 14:10:54.173,2206593629,746173,2,0.03271,0.40503,0.90601,6.511,38.145,-11.008
2026-06-01 14:10:55.373,2206594829,746373,1,-0.38013,-0.15308,1.09424,-2.076,12.076,-6.092
2026-06-01 14:10:55.373,2206594829,746373,2,-0.07178,0.3645,0.88086,2.672,10.153,-5.542
2026-06-01 14:10:55.573,2206595029,746573,1,-0.44995,-0.146,1.09888,4.687,-1.809,-3.992
2026-06-01 14:10:55.573,2206595029,746573,2,-0.12183,0.40186,0.90649,-2.305,-12.008,2.916
2026-06-01 14:10:55.773,2206595229,746773,1,-0.41089,-0.12817,1.17578,9.099,-34.382,-4.74
2026-06-01 14:10:55.773,2206595229,746773,2,-0.01367,0.44067,0.927,-6.153,-50.282,18.885
2026-06-01 14:10:55.973,2206595429,746973,1,-0.2439,-0.1377,1.2395,23.679,-66.802,-4.244
2026-06-01 14:10:55.973,2206595429,746973,2,0.31152,0.33472,0.85474,98.405,-103.656,88.145
2026-06-01 14:10:55.173,2206594629,747173,1,0.07568,-0.03174,1.03174,27.229,-104.168,-0.756
2026-06-01 14:10:55.173,2206594629,747173,2,0.75537,0.25293,0.43066,-11.71,-113.298,98.069
2026-06-01T14:12:06.371215,,,,,,,,,
2026-06-01 14:12:06.279,2206665735,8279,1,0.13428,-1.01392,-0.03564,0.405,1.718,-0.313
2026-06-01 14:12:06.279,2206665735,8279,2,0.0271,-0.75732,-0.73682,-1.053,0.511,0.573
2026-06-01 14:12:06.479,2206665935,8479,1,0.13623,-1.01318,-0.04346,0.55,1.748,-0.489
2026-06-01 14:12:06.479,2206665935,8479,2,0.02051,-0.7522,-0.73511,-1.328,0.42,0.359
2026-06-01 14:12:06.679,2206666135,8679,1,0.12622,-1.01074,-0.04492,0.542,1.931,-0.649
2026-06-01 14:12:06.679,2206666135,8679,2,0.02563,-0.75806,-0.73193,-1.397,0.359,0.458
2026-06-01 14:12:06.879,2206666335,8879,1,0.13086,-1.01221,-0.03979,0.344,1.802,-0.496
2026-06-01 14:12:06.879,2206666335,8879,2,0.02368,-0.75439,-0.73267,-1.244,0.344,0.626
2026-06-01 14:12:06.079,2206665535,9079,1,0.12329,-1.00879,-0.04468,-0.748,0.405,-0.015
2026-06-01 14:12:06.079,2206665535,9079,2,0.01807,-0.76074,-0.74097,-1.435,0.42,0.725
2026-06-01 14:12:07.279,2206666735,9279,1,0.12256,-1.0144,-0.03882,0.45,1.664,-0.427
2026-06-01 14:12:07.279,2206666735,9279,2,0.02905,-0.75586,-0.73291,-1.511,0.504,0.336
2026-06-01 14:12:07.479,2206666935,9479,1,0.12598,-1.01416,-0.04541,0.435,1.71,-0.55
2026-06-01 14:12:07.479,2206666935,9479,2,0.02417,-0.75098,-0.72974,-1.305,0.229,0.473
2026-06-01 14:12:07.679,2206667135,9679,1,0.12793,-1.00879,-0.04834,0.489,1.542,-0.527
2026-06-01 14:12:07.679,2206667135,9679,2,0.02222,-0.75684,-0.73267,-1.29,0.366,0.504
2026-06-01 14:12:07.879,2206667335,9879,1,0.13477,-1.01392,-0.04077,-0.382,0.695,-0.252
2026-06-01 14:12:07.879,2206667335,9879,2,0.02637,-0.75195,-0.73389,-1.527,0.756,0.702
2026-06-01 14:12:07.079,2206666535,10079,1,0.13477,-1.01392,-0.03638,0.359,1.443,-0.237
2026-06-01 14:12:07.079,2206666535,10079,2,0.02148,-0.75,-0.73218,-1.466,0.634,0.511
2026-06-01 14:12:08.279,2206667735,10279,1,0.12354,-1.01733,-0.04272,0.595,1.84,-0.481
2026-06-01 14:12:08.279,2206667735,10279,2,0.02051,-0.75098,-0.7334,-1.527,0.313,0.611
2026-06-01 14:12:08.479,2206667935,10479,1,0.1311,-1.00659,-0.04248,0.374,1.771,-0.527
2026-06-01 14:12:08.479,2206667935,10479,2,0.0188,-0.75244,-0.7356,-1.252,0.45,0.557
2026-06-01 14:12:08.679,2206668135,10679,1,0.12891,-1.01147,-0.04468,0.427,1.573,-0.458
2026-06-01 14:12:08.679,2206668135,10679,2,0.02368,-0.75513,-0.73071,-1.229,0.435,0.534
2026-06-01 14:12:08.879,2206668335,10879,1,0.12476,-1.01294,-0.05591,0.359,1.794,-0.511
2026-06-01 14:12:08.879,2206668335,10879,2,0.02393,-0.75732,-0.72803,-1.588,0.718,0.611
2026-06-01 14:12:08.079,2206667535,11079,1,0.12842,-1.00562,-0.04053,0.58,1.878,-0.275
2026-06-01 14:12:08.079,2206667535,11079,2,0.02124,-0.76025,-0.73389,-1.611,0.382,0.641
2026-06-01 14:12:09.279,2206668735,11279,1,0.1272,-1.00928,-0.04956,0.45,1.672,-0.611
2026-06-01 14:12:09.279,2206668735,11279,2,0.02124,-0.75342,-0.73535,-1.298,0.573,0.496
2026-06-01 14:12:09.479,2206668935,11479,1,0.12329,-1.01587,-0.05151,0.466,1.931,-0.42
2026-06-01 14:12:09.479,2206668935,11479,2,0.02466,-0.75781,-0.73779,-1.405,0.626,0.481
2026-06-01 14:12:09.679,2206669135,11679,1,0.12866,-1.01416,-0.0481,0.71,1.985,-0.382
2026-06-01 14:12:09.679,2206669135,11679,2,0.02441,-0.75293,-0.72827,-1.45,0.641,0.351
2026-06-01 14:12:09.879,2206669335,11879,1,0.12891,-1.01074,-0.04443,0.618,1.771,-0.565
2026-06-01 14:12:09.879,2206669335,11879,2,0.02661,-0.75562,-0.72656,-1.519,0.45,0.634
2026-06-01 14:12:09.079,2206668535,12079,1,0.12988,-1.01563,-0.04614,0.321,1.679,-0.626
2026-06-01 14:12:09.079,2206668535,12079,2,0.02075,-0.75977,-0.74097,-1.359,0.496,0.397
2026-06-01 14:12:10.279,2206669735,12279,1,0.12378,-1.01489,-0.04346,0.397,1.901,-0.595
2026-06-01 14:12:10.279,2206669735,12279,2,0.02905,-0.75024,-0.72949,-1.26,0.519,0.565
2026-06-01 14:12:10.479,2206669935,12479,1,0.1311,-1.00635,-0.04126,0.55,1.847,-0.687
2026-06-01 14:12:10.479,2206669935,12479,2,0.02026,-0.75171,-0.73071,-1.435,0.748,0.382
2026-06-01 14:12:10.679,2206670135,12679,1,0.13135,-1.00952,-0.04541,0.382,1.527,-0.511
2026-06-01 14:12:10.679,2206670135,12679,2,0.02563,-0.75439,-0.72437,-1.275,0.534,0.489
2026-06-01 14:12:10.879,2206670335,12879,1,0.13623,-1.01245,-0.04956,0.427,1.626,-0.366
2026-06-01 14:12:10.879,2206670335,12879,2,0.03125,-0.75415,-0.73828,-1.55,0.473,0.405
2026-06-01 14:12:10.079,2206669535,13079,1,0.1272,-1.01318,-0.04199,0.458,1.832,-0.595
2026-06-01 14:12:10.079,2206669535,13079,2,0.02661,-0.75708,-0.72778,-1.344,0.55,0.672
2026-06-01 14:12:11.279,2206670735,13279,1,0.12378,-1.01172,-0.04541,0.229,1.756,-0.534
2026-06-01 14:12:11.279,2206670735,13279,2,0.02661,-0.75317,-0.72534,-1.382,0.45,0.641
2026-06-01 14:12:11.479,2206670935,13479,1,0.13037,-1.00977,-0.04907,0.305,1.809,-0.618
2026-06-01 14:12:11.479,2206670935,13479,2,0.01514,-0.75195,-0.729,-1.183,0.565,0.29
2026-06-01 14:12:11.679,2206671135,13679,1,0.125,-1.01392,-0.0354,0.183,1.626,-0.557
2026-06-01 14:12:11.679,2206671135,13679,2,0.02979,-0.75879,-0.73486,-1.336,0.664,0.603
2026-06-01 14:12:11.879,2206671335,13879,1,0.12427,-1.01318,-0.04028,0.336,1.809,-0.786
2026-06-01 14:12:11.879,2206671335,13879,2,0.02856,-0.75366,-0.73364,-1.504,0.496,0.595
2026-06-01 14:12:11.079,2206670535,14079,1,0.13501,-1.00635,-0.04541,0.504,1.885,-0.656
2026-06-01 14:12:11.079,2206670535,14079,2,0.02148,-0.75537,-0.73315,-1.405,0.542,0.618
2026-06-01 14:12:12.279,2206671735,14279,1,0.12891,-1.0188,-0.04321,0.496,1.863,-0.267
2026-06-01 14:12:12.279,2206671735,14279,2,0.01807,-0.75708,-0.729,-1.26,0.389,0.427
2026-06-01 14:12:12.479,2206671935,14479,1,0.1333,-1.02002,-0.04468,0.504,1.756,-0.534
2026-06-01 14:12:12.479,2206671935,14479,2,0.02319,-0.75488,-0.73364,-1.145,0.504,0.389
2026-06-01 14:12:12.679,2206672135,14679,1,0.12915,-1.01196,-0.04639,0.649,1.817,-0.611
2026-06-01 14:12:12.679,2206672135,14679,2,0.02197,-0.75391,-0.72583,-1.198,0.489,0.786
2026-06-01 14:12:12.879,2206672335,14879,1,0.12598,-1.0144,-0.04443,0.779,1.786,-0.557
2026-06-01 14:12:12.879,2206672335,14879,2,0.02808,-0.75439,-0.72876,-1.412,0.466,0.443
2026-06-01 14:12:12.079,2206671535,15079,1,0.12671,-1.01392,-0.04907,0.389,1.84,-0.595
2026-06-01 14:12:12.079,2206671535,15079,2,0.02588,-0.7605,-0.72583,-1.489,0.481,0.366
2026-06-01 14:12:13.279,2206672735,15279,1,0.12769,-1.01196,-0.04272,0.489,1.58,-0.565
2026-06-01 14:12:13.279,2206672735,15279,2,0.0249,-0.7583,-0.73267,-1.405,0.427,0.534
2026-06-01 14:12:13.479,2206672935,15479,1,0.13159,-1.01318,-0.05273,0.58,1.511,-0.473
2026-06-01 14:12:13.479,2206672935,15479,2,0.02588,-0.76099,-0.73804,-1.405,0.374,0.481
2026-06-01 14:12:13.679,2206673135,15679,1,0.12744,-1.01172,-0.04443,0.382,1.779,-0.656
2026-06-01 14:12:13.679,2206673135,15679,2,0.021,-0.75806,-0.73438,-1.45,0.557,0.489
2026-06-01 14:12:13.879,2206673335,15879,1,0.12891,-1.01709,-0.04419,0.466,1.802,-0.412
2026-06-01 14:12:13.879,2206673335,15879,2,0.02881,-0.76245,-0.73022,-1.267,0.374,0.382
2026-06-01 14:12:13.140,2206672596,16140,1,0.12622,-1.00928,-0.04126,0.45,1.817,-0.55
2026-06-01 14:12:13.140,2206672596,16140,2,0.02612,-0.75562,-0.72876,-1.466,0.527,0.58
2026-06-01 14:12:14.408,2206673864,16408,1,0.12646,-1.0105,-0.05249,0.679,1.985,-0.542
2026-06-01 14:12:14.408,2206673864,16408,2,0.02222,-0.75415,-0.72656,-1.481,0.412,0.611
2026-06-01 14:12:14.608,2206674064,16608,1,0.13623,-1.01855,-0.03882,0.626,1.634,-0.374
2026-06-01 14:12:14.608,2206674064,16608,2,0.02271,-0.75342,-0.72876,-1.374,0.527,0.412
2026-06-01 14:12:14.808,2206674264,16808,1,0.13306,-1.01514,-0.03271,0.412,1.725,-0.504
2026-06-01 14:12:14.808,2206674264,16808,2,0.02295,-0.75317,-0.74219,-1.534,0.58,0.435
2026-06-01 14:12:14.008,2206673464,17008,1,0.12646,-1.01147,-0.04297,0.611,1.84,-0.565
2026-06-01 14:12:14.008,2206673464,17008,2,0.02344,-0.75366,-0.72876,-1.511,0.344,0.321
2026-06-01 14:12:14.208,2206673664,17208,1,0.13086,-1.0188,-0.05029,0.718,1.702,-0.313
2026-06-01 14:12:14.208,2206673664,17208,2,0.02197,-0.75732,-0.72607,-1.473,0.405,0.473
2026-06-01 14:12:15.408,2206674864,17408,1,0.12793,-1.00977,-0.04102,0.26,1.802,-0.466
2026-06-01 14:12:15.408,2206674864,17408,2,0.021,-0.75342,-0.72339,-1.427,0.328,0.458
2026-06-01 14:12:15.608,2206675064,17608,1,0.13062,-1.01489,-0.03833,0.473,1.74,-0.534
2026-06-01 14:12:15.608,2206675064,17608,2,0.02759,-0.75366,-0.73364,-1.366,0.58,0.458
2026-06-01 14:12:15.808,2206675264,17808,1,0.12622,-1.01392,-0.03369,0.519,1.672,-0.603
2026-06-01 14:12:15.808,2206675264,17808,2,0.02466,-0.75684,-0.72778,-1.443,0.611,0.443
2026-06-01 14:12:15.008,2206674464,18008,1,0.12817,-1.01538,-0.0437,0.282,1.573,-0.824
2026-06-01 14:12:15.008,2206674464,18008,2,0.02783,-0.75537,-0.72729,-1.611,0.473,0.504
2026-06-01 14:12:15.208,2206674664,18208,1,0.13159,-1.0188,-0.04004,0.573,1.565,-0.504
2026-06-01 14:12:15.208,2206674664,18208,2,0.02075,-0.75439,-0.73389,-1.16,0.565,0.595
2026-06-01 14:12:16.408,2206675864,18408,1,0.12134,-1.01294,-0.04761,0.626,1.916,-0.595
2026-06-01 14:12:16.408,2206675864,18408,2,0.02222,-0.75171,-0.72827,-1.504,0.473,0.527
2026-06-01 14:12:16.608,2206676064,18608,1,0.12183,-1.02026,-0.03687,0.863,1.748,-0.321
2026-06-01 14:12:16.608,2206676064,18608,2,0.02271,-0.75171,-0.7334,-1.206,0.344,0.405
2026-06-01 14:12:16.810,2206676266,18810,1,0.12671,-1.01294,-0.04175,0.42,1.695,-0.519
2026-06-01 14:12:16.810,2206676266,18810,2,0.02368,-0.75391,-0.7334,-1.45,0.344,0.489
2026-06-01 14:12:16.010,2206675466,19010,1,0.13232,-1.0144,-0.04932,0.153,1.756,-0.679
2026-06-01 14:12:16.010,2206675466,19010,2,0.02148,-0.75464,-0.73633,-1.351,0.565,0.511
2026-06-01 14:12:16.210,2206675666,19210,1,0.1355,-1.01343,-0.052,0.427,1.863,-0.557
2026-06-01 14:12:16.210,2206675666,19210,2,0.02295,-0.74805,-0.73413,-1.489,0.405,0.405
2026-06-01 14:12:17.410,2206676866,19410,1,0.13062,-1.01416,-0.04248,0.618,1.557,-0.55
2026-06-01 14:12:17.410,2206676866,19410,2,0.02148,-0.75586,-0.73413,-1.168,0.527,0.313
2026-06-01 14:12:17.610,2206677066,19610,1,0.12695,-1.0166,-0.03198,0.092,1.885,-0.702
2026-06-01 14:12:17.610,2206677066,19610,2,0.02197,-0.75024,-0.73315,-1.397,0.603,0.489
2026-06-01 14:12:17.810,2206677266,19810,1,0.12598,-1.00732,-0.04053,0.748,1.664,-0.45
2026-06-01 14:12:17.810,2206677266,19810,2,0.02539,-0.75195,-0.73169,-1.58,0.58,0.313
2026-06-01 14:12:17.010,2206676466,20010,1,0.12305,-1.01685,-0.04541,0.687,1.84,-0.55
2026-06-01 14:12:17.010,2206676466,20010,2,0.02563,-0.75439,-0.73901,-1.443,0.45,0.573
2026-06-01 14:12:17.210,2206676666,20210,1,0.1311,-1.01489,-0.03955,1.046,1.962,-0.252
2026-06-01 14:12:17.210,2206676666,20210,2,0.02563,-0.75049,-0.73462,-1.42,0.55,0.45
2026-06-01 14:12:18.410,2206677866,20410,1,0.12476,-1.01709,-0.03149,0.397,1.702,-0.557
2026-06-01 14:12:18.410,2206677866,20410,2,0.02222,-0.75586,-0.73315,-1.389,0.382,0.382
2026-06-01 14:12:18.639,2206678095,20639,1,0.13452,-1.01196,-0.04663,0.458,1.672,-0.473
2026-06-01 14:12:18.639,2206678095,20639,2,0.02734,-0.75635,-0.71997,-1.26,0.496,0.504
2026-06-01 14:12:18.839,2206678295,20839,1,0.12671,-1.02124,-0.04395,0.71,1.802,-0.481
2026-06-01 14:12:18.839,2206678295,20839,2,0.02466,-0.75195,-0.72632,-1.16,0.641,0.557
2026-06-01 14:12:18.039,2206677495,21039,1,0.12891,-1.01367,-0.03711,0.672,1.672,-0.489
2026-06-01 14:12:18.039,2206677495,21039,2,0.02515,-0.75,-0.73438,-1.519,0.458,0.435
2026-06-01 14:12:18.239,2206677695,21239,1,0.12915,-1.01392,-0.03979,0.359,1.527,-0.252
2026-06-01 14:12:18.239,2206677695,21239,2,0.01904,-0.74854,-0.72876,-1.366,0.573,0.542
2026-06-01 14:12:19.439,2206678895,21439,1,0.12378,-1.01025,-0.04126,0.458,1.725,-0.42
2026-06-01 14:12:19.439,2206678895,21439,2,0.02808,-0.75146,-0.74536,-1.282,0.443,0.573
2026-06-01 14:12:19.639,2206679095,21639,1,0.12744,-1.01733,-0.03955,0.595,1.939,-0.573
2026-06-01 14:12:19.639,2206679095,21639,2,0.02075,-0.74902,-0.73755,-1.206,0.496,0.641
2026-06-01 14:12:19.849,2206679305,21849,1,0.12817,-1.01196,-0.03296,0.344,1.55,-0.519
2026-06-01 14:12:19.849,2206679305,21849,2,0.0271,-0.75781,-0.73657,-1.458,0.405,0.435
2026-06-01 14:12:19.049,2206678505,22049,1,0.12598,-1.01416,-0.04224,0.496,1.733,-0.489
2026-06-01 14:12:19.049,2206678505,22049,2,0.02222,-0.75879,-0.7356,-1.42,0.351,0.626
2026-06-01 14:12:19.249,2206678705,22249,1,0.12744,-1.01538,-0.04395,0.267,1.74,-0.656
2026-06-01 14:12:19.249,2206678705,22249,2,0.02808,-0.75879,-0.72656,-1.16,0.359,0.382
2026-06-01 14:12:20.449,2206679905,22449,1,0.12427,-1.01587,-0.03857,0.252,1.809,-0.55
2026-06-01 14:12:20.449,2206679905,22449,2,0.02148,-0.75562,-0.73462,-1.344,0.336,0.618
2026-06-01 14:12:20.649,2206680105,22649,1,0.12622,-1.01245,-0.04932,0.573,1.809,-0.565
2026-06-01 14:12:20.649,2206680105,22649,2,0.02393,-0.75049,-0.73657,-1.366,0.489,0.351
2026-06-01 14:12:20.849,2206680305,22849,1,0.12427,-1.01318,-0.0415,0.511,1.672,-0.481
2026-06-01 14:12:20.849,2206680305,22849,2,0.02246,-0.75977,-0.73657,-1.473,0.534,0.649
2026-06-01 14:12:20.049,2206679505,23049,1,0.12158,-1.0144,-0.0354,0.397,1.954,-0.611
2026-06-01 14:12:20.049,2206679505,23049,2,0.02563,-0.75049,-0.73267,-1.366,0.527,0.351
2026-06-01 14:12:20.251,2206679707,23251,1,0.1311,-1.01563,-0.03784,0.489,1.519,-0.344
2026-06-01 14:12:20.251,2206679707,23251,2,0.02222,-0.75366,-0.72949,-1.313,0.466,0.458
2026-06-01 14:12:21.451,2206680907,23451,1,0.12476,-1.01733,-0.04761,0.412,1.847,-0.519
2026-06-01 14:12:21.451,2206680907,23451,2,0.02612,-0.75195,-0.73193,-1.382,0.565,0.595
2026-06-01 14:12:21.651,2206681107,23651,1,0.12378,-1.0166,-0.04199,0.427,1.809,-0.412
2026-06-01 14:12:21.651,2206681107,23651,2,0.02856,-0.75806,-0.72632,-1.366,0.427,0.511
2026-06-01 14:12:21.851,2206681307,23851,1,0.12915,-1.01294,-0.04028,0.458,1.695,-0.527
2026-06-01 14:12:21.851,2206681307,23851,2,0.02783,-0.75366,-0.72998,-1.237,0.511,0.336
2026-06-01 14:12:21.051,2206680507,24051,1,0.12646,-1.00806,-0.03906,0.481,1.977,-0.427
2026-06-01 14:12:21.051,2206680507,24051,2,0.02295,-0.75195,-0.73315,-1.42,0.42,0.382
2026-06-01 14:12:21.251,2206680707,24251,1,0.12866,-1.00854,-0.04272,0.786,1.87,-0.481
2026-06-01 14:12:21.251,2206680707,24251,2,0.02759,-0.75146,-0.7312,-1.336,0.58,0.443
2026-06-01 14:12:22.451,2206681907,24451,1,0.1311,-1.01636,-0.04712,0.634,1.809,-0.412
2026-06-01 14:12:22.451,2206681907,24451,2,0.0249,-0.75659,-0.72925,-1.336,0.481,0.687
2026-06-01 14:12:22.651,2206682107,24651,1,0.12744,-1.0105,-0.03979,0.29,1.824,-0.74
2026-06-01 14:12:22.651,2206682107,24651,2,0.02222,-0.75146,-0.73486,-1.237,0.389,0.336
2026-06-01 14:12:22.862,2206682318,24861,1,0.11597,-1.01929,-0.03735,0.702,1.87,-0.527
2026-06-01 14:12:22.862,2206682318,24861,2,0.02856,-0.7583,-0.73145,-1.191,0.733,0.45
2026-06-01 14:12:22.061,2206681517,25061,1,0.12793,-1.00781,-0.03638,0.672,1.74,-0.71
2026-06-01 14:12:22.061,2206681517,25061,2,0.02051,-0.75415,-0.73608,-1.55,0.473,0.557
2026-06-01 14:12:22.261,2206681717,25261,1,0.12329,-1.01978,-0.04248,0.58,1.847,-0.611
2026-06-01 14:12:22.261,2206681717,25261,2,0.02319,-0.74902,-0.73315,-1.267,0.58,0.504
2026-06-01 14:12:23.461,2206682917,25461,1,0.12646,-1.0144,-0.04492,0.153,1.351,-0.29
2026-06-01 14:12:23.461,2206682917,25461,2,0.02661,-0.75439,-0.72949,-1.473,0.939,0.389
2026-06-01 14:12:23.661,2206683117,25661,1,0.12769,-1.01465,-0.03662,0.351,1.687,-0.588
2026-06-01 14:12:23.661,2206683117,25661,2,0.01538,-0.7561,-0.7373,-1.344,0.26,0.473
2026-06-01 14:12:23.861,2206683317,25861,1,0.12329,-1.01538,-0.03613,0.611,1.779,-0.481
2026-06-01 14:12:23.861,2206683317,25861,2,0.02417,-0.75513,-0.73486,-1.282,0.374,0.656
2026-06-01 14:12:23.061,2206682517,26061,1,0.12964,-1.01172,-0.02759,0.489,1.649,-0.443
2026-06-01 14:12:23.061,2206682517,26061,2,0.02661,-0.75342,-0.72949,-1.359,0.481,0.466
2026-06-01 14:12:23.261,2206682717,26261,1,0.11743,-1.01733,-0.03906,0.405,1.771,-0.664
2026-06-01 14:12:23.261,2206682717,26261,2,0.02393,-0.75244,-0.72363,-1.29,0.489,0.473
2026-06-01 14:12:24.461,2206683917,26461,1,0.12842,-1.01343,-0.04443,0.55,1.725,-0.687
2026-06-01 14:12:24.461,2206683917,26461,2,0.02417,-0.74805,-0.7439,-1.275,0.656,0.557
