datetime,epoch_ms,ts_millis,mpu_id,ax,ay,az,gx,gy,gz
2026-06-02T16:41:55.861142,,,,,,,,,
2026-06-02T16:42:10.435850,,,,,,,,,
2026-06-02 16:42:10.339,2302069795,7339,1,0.3252,-1.00732,0.20435,30.618,36.13,15.023
2026-06-02 16:42:10.339,2302069795,7339,2,-0.63965,0.17773,1.2229,9.618,-42.947,-61.763
2026-06-02 16:42:10.539,2302069995,7539,1,0.51147,-0.60376,-0.1355,5.076,-67.412,-42.908
2026-06-02 16:42:10.539,2302069995,7539,2,-0.42139,0.13623,1.38159,-98.58,30.794,94.908
2026-06-02 16:42:10.739,2302070195,7739,1,0.67725,-0.60767,0.27417,146.817,-200.298,78.588
2026-06-02 16:42:10.739,2302070195,7739,2,-0.67163,0.21875,1.44385,-19.534,-20.29,177.71
2026-06-02 16:42:11.939,2302071395,7939,1,0.40527,-0.8855,-0.29663,-5.626,20.198,-12.443
2026-06-02 16:42:11.939,2302071395,7939,2,-0.49927,0.29419,1.28955,1.206,-33.473,15.229
2026-06-02 16:42:11.139,2302070595,8139,1,0.60742,-0.80273,-0.25317,-7.748,9.099,-15.13
2026-06-02 16:42:11.139,2302070595,8139,2,-0.37793,0.26074,1.34155,3.489,0.374,0.84
2026-06-02 16:42:11.339,2302070795,8339,1,0.71777,-0.69604,-0.35107,22.366,-51.901,6.832
2026-06-02 16:42:11.339,2302070795,8339,2,-0.38281,0.2666,1.30493,-7.687,-2.679,10.527
2026-06-02 16:42:11.539,2302070995,8539,1,0.55176,-0.74585,-0.28101,40.58,-45.939,38.969
2026-06-02 16:42:11.539,2302070995,8539,2,-0.35327,0.27075,1.2666,-4.55,8.748,12.069
2026-06-02 16:42:11.739,2302071195,8739,1,0.50171,-0.82446,-0.12964,7.985,-9.733,-3.107
2026-06-02 16:42:11.739,2302071195,8739,2,-0.37891,0.24756,1.29077,14.817,-19.45,14.099
2026-06-02 16:42:12.939,2302072395,8939,1,0.65601,-1.10278,-0.34399,2.511,2.015,-2.336
2026-06-02 16:42:12.939,2302072395,8939,2,-0.49146,0.25391,1.37109,22.038,-24.916,15.412
2026-06-02 16:42:12.139,2302071595,9139,1,0.7981,-0.97656,-0.5271,-8.641,53.931,-22.863
2026-06-02 16:42:12.139,2302071595,9139,2,-0.41235,0.31763,1.23193,-11.458,-3.282,-25.802
2026-06-02 16:42:12.339,2302071795,9339,1,0.77026,-0.72192,-0.13501,1.031,98.237,-7.992
2026-06-02 16:42:12.339,2302071795,9339,2,-0.46021,0.13794,1.52319,58.542,-92.412,-73.71
2026-06-02 16:42:12.539,2302071995,9539,1,0.69482,-0.88696,-0.10498,-20.802,27.763,-30.885
2026-06-02 16:42:12.539,2302071995,9539,2,-0.52734,-0.02563,1.37939,40.374,-15.053,2.87
2026-06-02 16:42:12.739,2302072195,9739,1,0.68506,-0.71997,0.2019,-5.405,4.863,-29.969
2026-06-02 16:42:12.739,2302072195,9739,2,-0.38916,0.12012,1.44897,-33.885,25.603,43.695
2026-06-02 16:42:13.939,2302073395,9939,1,0.73706,-0.58276,0.17871,5.023,5.412,-25.588
2026-06-02 16:42:13.939,2302073395,9939,2,-0.28979,-0.28491,1.41455,-96.802,-28.122,-112.397
2026-06-02 16:42:18.087,2302077543,15087,1,0.45776,-0.8689,-0.69043,26.992,-30.954,-75.809
2026-06-02 16:42:18.087,2302077543,15087,2,-0.07739,-0.9729,0.50928,-8.916,-10.809,-0.725
2026-06-02 16:42:18.287,2302077743,15287,1,0.56396,-0.78833,-0.55811,11.366,-12.237,-9.771
2026-06-02 16:42:18.287,2302077743,15287,2,-0.06299,-0.99146,0.49243,4.168,1.046,7.191
2026-06-02 16:42:18.487,2302077943,15487,1,0.59009,-0.83008,-0.52002,3.16,-10.969,-15.183
2026-06-02 16:42:18.487,2302077943,15487,2,-0.0835,-0.98169,0.48755,-5.405,-3.137,9.153
2026-06-02 16:42:18.687,2302078143,15687,1,0.61694,-0.7478,-0.58081,-4.16,-22.863,-14.267
2026-06-02 16:42:18.687,2302078143,15687,2,-0.08667,-0.97095,0.44507,15.053,9.481,-6.344
2026-06-02 16:42:19.887,2302079343,15887,1,0.6145,-0.75171,-0.64819,-24.107,26.916,1.16
2026-06-02 16:42:19.887,2302079343,15887,2,-0.10913,-0.98047,0.50928,4.824,12.71,-4.947
2026-06-02 16:42:19.087,2302078543,16087,1,0.52515,-0.7666,-0.6311,-17.565,3.397,23.183
2026-06-02 16:42:19.087,2302078543,16087,2,-0.08594,-0.98682,0.49561,0.939,11.672,0.405
2026-06-02 16:42:19.287,2302078743,16287,1,0.49536,-0.78687,-0.64453,4.221,-2.824,-0.198
2026-06-02 16:42:19.287,2302078743,16287,2,-0.08667,-0.96753,0.54053,0.687,1.252,3.336
2026-06-02 16:42:19.487,2302078943,16487,1,0.47656,-0.84766,-0.57349,40.275,3.779,4.756
2026-06-02 16:42:19.487,2302078943,16487,2,-0.09668,-0.96387,0.51978,-8.695,-9.824,-0.496
2026-06-02 16:42:19.687,2302079143,16687,1,0.50024,-0.86621,-0.52148,4.13,1.427,-2.298
2026-06-02 16:42:19.687,2302079143,16687,2,-0.09253,-0.97632,0.51074,-4.313,-5.458,-1.069
2026-06-02 16:42:20.887,2302080343,16887,1,0.49292,-0.86401,-0.51416,-5.901,1.092,-0.466
2026-06-02 16:42:20.887,2302080343,16887,2,-0.07251,-0.96899,0.51587,2.664,1.115,1.397
2026-06-02 16:42:20.151,2302079607,17151,1,0.49536,-0.83301,-0.55469,-5.267,-0.076,-2.649
2026-06-02 16:42:20.151,2302079607,17151,2,-0.07422,-0.9856,0.52441,0.305,-1.687,1.809
2026-06-02 16:42:20.351,2302079807,17351,1,0.50293,-0.85229,-0.5271,1.718,-4.618,-2.924
2026-06-02 16:42:20.351,2302079807,17351,2,-0.06982,-0.97046,0.52637,-5.779,-5.122,1.374
2026-06-02 16:42:20.551,2302080007,17551,1,0.49976,-0.86035,-0.51245,1.053,-1.305,-2.466
2026-06-02 16:42:20.551,2302080007,17551,2,-0.0647,-0.96924,0.50635,-3.687,-0.534,1.16
2026-06-02 16:42:20.751,2302080207,17751,1,0.49829,-0.8623,-0.52832,2.107,7.405,9.893
2026-06-02 16:42:20.751,2302080207,17751,2,-0.06177,-0.96875,0.50732,-1.611,-2.168,2.847
2026-06-02 16:42:21.951,2302081407,17951,1,0.35303,-0.86523,-0.52148,56.534,-79.237,59.626
2026-06-02 16:42:21.951,2302081407,17951,2,-0.06104,-0.96948,0.47876,-4.74,6.321,-0.397
2026-06-02 16:42:21.151,2302080607,18151,1,0.01538,-1.12622,-0.03198,172.931,-196.519,126.901
2026-06-02 16:42:21.151,2302080607,18151,2,-0.11987,-0.9353,0.48779,8.321,25.626,5.779
2026-06-02 16:42:21.351,2302080807,18351,1,-0.34106,-0.82642,0.26001,20.435,-28.076,26.992
2026-06-02 16:42:21.351,2302080807,18351,2,0.01367,-0.92822,0.38354,3.038,30.901,5.0
2026-06-02 16:42:21.551,2302081007,18551,1,-0.3186,-0.73462,0.36938,-4.542,7.565,-15.496
2026-06-02 16:42:21.551,2302081007,18551,2,-0.03296,-0.99438,0.49243,8.137,16.145,2.458
2026-06-02 16:42:21.751,2302081207,18751,1,-0.37354,-0.80933,0.30713,-33.183,40.679,-27.779
2026-06-02 16:42:21.751,2302081207,18751,2,-0.03149,-0.98315,0.49707,5.267,9.626,2.061
2026-06-02 16:42:22.951,2302082407,18951,1,-0.33057,-0.85156,0.24023,2.763,7.618,-6.809
2026-06-02 16:42:22.951,2302082407,18951,2,-0.02563,-0.97632,0.50781,6.29,2.916,2.962
2026-06-02 16:42:22.151,2302081607,19151,1,-0.28418,-0.86694,0.21655,-6.565,-0.664,-3.015
2026-06-02 16:42:22.151,2302081607,19151,2,-0.03418,-0.97632,0.50977,-2.458,-4.389,0.679
2026-06-02 16:42:22.351,2302081807,19351,1,-0.26099,-0.89209,0.19482,-10.366,0.008,-4.374
2026-06-02 16:42:22.351,2302081807,19351,2,-0.03784,-0.96191,0.51733,-8.878,-14.298,3.023
2026-06-02 16:42:22.551,2302082007,19551,1,-0.36914,-0.81177,0.12988,-14.519,-72.427,15.015
2026-06-02 16:42:22.551,2302082007,19551,2,-0.00317,-0.9707,0.53125,-2.328,1.412,1.634
2026-06-02 16:42:22.751,2302082207,19751,1,-0.25244,-1.03369,0.09961,57.183,-164.534,107.473
2026-06-02 16:42:22.751,2302082207,19751,2,-0.01929,-1.01465,0.73975,40.26,40.45,-14.672
2026-06-02 16:42:23.951,2302083407,19951,1,0.18066,-0.7915,0.1438,-57.466,-97.252,17.351
2026-06-02 16:42:23.951,2302083407,19951,2,0.19995,-1.19458,0.82568,18.756,-30.71,-48.359
2026-06-02 16:42:23.151,2302082607,20151,1,0.28345,-1.12939,0.00879,-218.71,151.168,-164.176
2026-06-02 16:42:23.151,2302082607,20151,2,0.12915,-0.75293,0.78418,78.466,6.802,-1.076
2026-06-02 16:42:23.351,2302082807,20351,1,0.58105,-0.82739,-0.21973,95.466,33.992,-58.389
2026-06-02 16:42:23.351,2302082807,20351,2,0.18018,-1.03442,0.86426,-7.275,120.947,18.153
2026-06-02 16:42:23.551,2302083007,20551,1,0.90088,-0.62305,0.1311,9.87,23.786,-30.351
2026-06-02 16:42:23.551,2302083007,20551,2,0.33936,-0.89136,0.67456,-35.542,15.779,-2.863
2026-06-02 16:42:23.751,2302083207,20751,1,0.87769,-0.50269,0.09595,-12.374,-30.412,-63.634
2026-06-02 16:42:23.751,2302083207,20751,2,-0.02612,-0.58594,0.479,-21.206,191.748,25.832
2026-06-02 16:42:24.951,2302084407,20951,1,0.85718,-0.19238,-0.68604,-154.031,-38.847,-43.046
2026-06-02 16:42:24.951,2302084407,20951,2,0.11304,-0.83765,0.91797,-38.718,86.855,-34.679
2026-06-02 16:42:24.151,2302083607,21151,1,1.01392,-0.7019,-0.69238,-111.481,75.16,7.176
2026-06-02 16:42:24.151,2302083607,21151,2,-0.01123,-0.91382,0.71924,-23.71,-22.427,10.244
2026-06-02 16:42:24.351,2302083807,21351,1,0.75,-0.39429,-0.35596,-1.519,-91.435,48.344
2026-06-02 16:42:24.351,2302083807,21351,2,-0.49902,-0.50415,0.44458,-62.069,-86.275,54.076
2026-06-02 16:42:24.551,2302084007,21551,1,1.05933,-0.76123,-0.56787,-26.649,18.725,-28.046
2026-06-02 16:42:24.551,2302084007,21551,2,-0.10059,-0.94897,0.52124,-27.542,-58.427,-10.374
2026-06-02 16:42:24.751,2302084207,21751,1,0.97681,-0.29492,-0.33325,133.252,-28.901,28.076
2026-06-02 16:42:24.751,2302084207,21751,2,-0.05225,-0.99707,0.60278,21.389,34.038,9.733
2026-06-02 16:42:25.951,2302085407,21951,1,0.28467,-1.56543,-0.54443,18.405,-71.015,40.153
2026-06-02 16:42:25.951,2302085407,21951,2,-0.19141,-0.88867,0.82129,81.695,-14.237,30.443
2026-06-02 16:42:25.151,2302084607,22151,1,0.21924,-1.13574,-0.17529,65.023,-107.954,59.534
2026-06-02 16:42:25.151,2302084607,22151,2,-0.16455,-0.66968,1.19263,96.496,2.412,26.137
2026-06-02 16:42:25.423,2302084879,22423,1,0.16797,-0.76758,-0.16528,-81.656,-87.527,-19.611
2026-06-02 16:42:25.423,2302084879,22423,2,-0.06519,-0.37939,1.40332,29.359,4.908,3.618
2026-06-02 16:42:25.623,2302085079,22623,1,0.34937,-1.5957,-1.22949,-8.542,54.954,-56.313
2026-06-02 16:42:25.623,2302085079,22623,2,0.04468,-0.42163,1.2041,-19.466,2.611,6.389
2026-06-02 16:42:26.823,2302086279,22823,1,0.64526,-0.72705,-0.13135,-13.244,51.725,-65.412
2026-06-02 16:42:26.823,2302086279,22823,2,0.05347,-0.45044,1.32446,6.076,6.847,-4.496
2026-06-02 16:42:26.023,2302085479,23023,1,0.96631,-0.72192,-0.59448,-11.389,8.473,-43.58
2026-06-02 16:42:26.023,2302085479,23023,2,0.11914,-0.53149,1.46289,1.13,-3.679,-14.336
2026-06-02 16:42:26.223,2302085679,23223,1,0.90186,-0.2998,-0.02734,24.092,-25.145,35.053
2026-06-02 16:42:26.223,2302085679,23223,2,0.13257,-0.3042,1.146,4.008,-13.221,-11.893
2026-06-02 16:42:26.423,2302085879,23423,1,0.81812,-0.61255,-0.12451,4.031,14.389,10.893
2026-06-02 16:42:26.423,2302085879,23423,2,0.16333,-0.30957,1.2937,-19.847,16.618,16.504
2026-06-02 16:42:26.639,2302086095,23639,1,0.61841,-0.55493,-0.1228,-23.992,28.71,4.664
2026-06-02 16:42:26.639,2302086095,23639,2,0.08813,-0.43042,1.24731,-59.962,46.733,65.725
2026-06-02 16:42:27.839,2302087295,23839,1,0.81323,-0.83154,-0.29468,-45.786,68.092,17.252
2026-06-02 16:42:27.839,2302087295,23839,2,0.02905,-0.57886,1.10938,-41.13,-35.214,33.252
2026-06-02 16:42:27.039,2302086495,24039,1,0.78638,-0.81812,-0.04883,9.565,-6.275,6.183
2026-06-02 16:42:27.039,2302086495,24039,2,0.11401,-0.80957,1.15991,-3.771,3.786,-9.931
2026-06-02 16:42:27.239,2302086695,24239,1,0.65308,-0.78076,-0.05762,16.679,16.763,3.893
2026-06-02 16:42:27.239,2302086695,24239,2,0.06226,-0.61572,1.18066,-10.458,3.534,-0.634
2026-06-02 16:42:27.439,2302086895,24439,1,0.68506,-0.80371,-0.06982,2.313,15.153,-10.74
2026-06-02 16:42:27.439,2302086895,24439,2,0.09546,-0.68335,1.05493,8.389,-10.595,3.237
2026-06-02 16:42:27.639,2302087095,24639,1,0.69141,-0.74438,0.08374,1.588,-5.328,0.504
2026-06-02 16:42:27.639,2302087095,24639,2,0.08301,-0.64014,1.1438,-3.328,-2.008,-9.122
2026-06-02 16:42:28.839,2302088295,24839,1,0.72705,-0.76538,0.04321,-1.634,-14.916,-12.298
2026-06-02 16:42:28.839,2302088295,24839,2,0.12671,-0.66431,1.16357,8.214,-4.351,-16.107
2026-06-02 16:42:28.039,2302087495,25039,1,0.69922,-0.35352,0.24243,35.458,-123.626,152.45
2026-06-02 16:42:28.039,2302087495,25039,2,0.18579,-0.53906,1.40967,9.069,-61.87,-39.977
2026-06-02 16:42:28.239,2302087695,25239,1,0.66431,-0.55469,-0.18604,-114.267,87.412,-137.618
2026-06-02 16:42:28.239,2302087695,25239,2,0.36328,-0.73828,1.23315,2.076,2.534,-5.344
2026-06-02 16:42:28.439,2302087895,25439,1,0.95117,-0.74243,-0.03271,-42.13,184.626,45.191
2026-06-02 16:42:28.439,2302087895,25439,2,0.46948,-0.56714,1.0874,74.878,-2.008,-66.153
2026-06-02 16:42:28.639,2302088095,25639,1,0.81567,-0.5957,0.07349,131.931,-25.489,28.015
2026-06-02 16:42:28.639,2302088095,25639,2,0.20801,-0.09253,1.229,25.611,51.824,-66.344
2026-06-02 16:42:29.839,2302089295,25839,1,0.73755,-0.44312,0.39453,-126.313,54.298,-147.534
2026-06-02 16:42:29.839,2302089295,25839,2,0.21338,-0.82324,1.11157,4.924,188.855,74.153
2026-06-02 16:42:29.039,2302088495,26039,1,0.82593,-0.03125,0.60498,65.389,-81.649,104.573
2026-06-02 16:42:29.039,2302088495,26039,2,0.12891,-0.19189,1.36792,-10.557,-32.756,7.397
2026-06-02 16:42:29.239,2302088695,26239,1,0.84668,-0.46021,0.32642,55.763,-34.206,65.473
2026-06-02 16:42:29.239,2302088695,26239,2,-0.42285,-0.38184,1.21216,-4.328,-1.863,-8.985
2026-06-02 16:42:29.439,2302088895,26439,1,0.8855,-0.41602,0.18896,5.237,-55.412,-7.969
2026-06-02 16:42:29.439,2302088895,26439,2,0.052,-0.39795,1.26636,1.511,15.771,28.145
2026-06-02 16:42:29.639,2302089095,26639,1,0.95117,-0.34766,-0.0144,-7.679,-65.992,50.992
2026-06-02 16:42:29.639,2302089095,26639,2,-0.2146,-0.34009,1.45215,-14.099,-61.718,-18.153
2026-06-02 16:42:30.839,2302090295,26839,1,0.95044,-0.42944,0.2793,15.412,-50.595,21.29
2026-06-02 16:42:30.839,2302090295,26839,2,-0.18604,-0.33643,1.34424,26.267,-22.29,40.397
2026-06-02 16:42:30.039,2302089495,27039,1,0.88281,-0.50317,0.12573,-11.672,23.031,-15.931
2026-06-02 16:42:30.039,2302089495,27039,2,-0.10107,-0.04565,1.33374,36.489,-2.298,-2.74
2026-06-02 16:42:30.239,2302089695,27239,1,0.83276,-0.49878,0.073,-75.611,24.328,6.229
2026-06-02 16:42:30.239,2302089695,27239,2,-0.13989,-0.30444,1.26074,-2.359,19.206,-19.771
2026-06-02 16:42:30.439,2302089895,27439,1,0.93164,-0.6311,0.13501,-29.733,44.076,13.183
2026-06-02 16:42:30.439,2302089895,27439,2,-0.18164,-0.24878,1.40747,-25.427,-43.221,-3.634
2026-06-02 16:42:30.639,2302090095,27639,1,0.65698,-0.42529,0.09302,34.084,5.893,3.542
2026-06-02 16:42:30.639,2302090095,27639,2,-0.15259,-0.13013,1.14014,-51.443,-21.84,12.771
2026-06-02 16:42:31.839,2302091295,27839,1,0.90967,-0.76196,0.41382,-48.107,57.397,-20.603
2026-06-02 16:42:31.839,2302091295,27839,2,-0.26807,-0.57129,1.62378,30.008,47.832,-48.595
2026-06-02 16:42:31.039,2302090495,28039,1,0.82764,-0.60376,0.01709,-20.321,-63.618,-44.267
2026-06-02 16:42:31.039,2302090495,28039,2,-0.11206,-0.32324,1.37964,19.985,6.084,38.061
2026-06-02 16:42:31.239,2302090695,28239,1,0.8938,-0.42383,-0.20874,75.046,-52.053,60.817
2026-06-02 16:42:31.239,2302090695,28239,2,-0.27075,-0.19482,1.47925,6.611,31.618,-1.939
2026-06-02 16:42:31.439,2302090895,28439,1,0.84033,-0.54761,0.00195,-21.588,18.664,-3.603
2026-06-02 16:42:31.439,2302090895,28439,2,-0.20728,-0.45361,1.40479,-56.298,-31.588,89.412
2026-06-02 16:42:31.670,2302091126,28670,1,1.0022,-0.6731,-0.04224,6.237,-3.641,-7.023
2026-06-02 16:42:31.670,2302091126,28670,2,-0.30225,-0.30835,1.5564,33.458,-20.374,-13.893
2026-06-02 16:42:32.870,2302092326,28870,1,0.90552,0.07153,0.10962,-250.137,116.634,-213.58
2026-06-02 16:42:32.870,2302092326,28870,2,-0.19971,-0.18359,1.22461,3.405,79.359,30.481
2026-06-02 16:42:32.070,2302091526,29070,1,0.6875,-0.50391,0.35474,26.443,-52.374,-12.542
2026-06-02 16:42:32.070,2302091526,29070,2,-0.30957,-0.30347,1.15454,-30.809,-22.405,-24.626
2026-06-02 16:42:32.270,2302091726,29270,1,1.24536,0.02246,-0.22754,-85.908,55.473,130.519
2026-06-02 16:42:32.270,2302091726,29270,2,-0.13647,-0.18872,1.48438,-50.855,-98.802,-108.374
2026-06-02 16:42:32.470,2302091926,29470,1,0.55347,-0.51733,0.59302,22.595,-65.359,-30.015
2026-06-02 16:42:32.470,2302091926,29470,2,-0.40454,-0.56372,1.14404,-26.382,56.16,73.015
2026-06-02 16:42:32.670,2302092126,29670,1,1.02295,-0.42505,0.12354,18.237,-13.794,-26.092
2026-06-02 16:42:32.670,2302092126,29670,2,-0.18164,-0.20654,1.54517,48.038,28.473,-25.069
2026-06-02 16:42:33.870,2302093326,29870,1,1.05225,-0.31372,-0.07031,-38.298,-41.527,-44.817
2026-06-02 16:42:33.870,2302093326,29870,2,-0.26563,-0.40112,1.41821,34.496,-160.611,74.511
2026-06-02 16:42:33.070,2302092526,30070,1,1.0415,-0.11206,-0.13477,-126.45,29.443,-41.954
2026-06-02 16:42:33.070,2302092526,30070,2,-0.45239,-0.0188,1.24854,-14.214,9.763,35.786
2026-06-02 16:42:33.270,2302092726,30270,1,1.00879,-0.18555,-0.03223,-155.153,2.344,-108.42
2026-06-02 16:42:33.270,2302092726,30270,2,-0.18921,-0.49756,0.9646,-32.618,178.641,38.42
2026-06-02 16:42:33.470,2302092926,30470,1,1.05469,0.08154,-0.01489,3.275,-26.412,-12.366
2026-06-02 16:42:33.470,2302092926,30470,2,-0.43677,-0.21582,1.35132,-21.237,-128.557,-35.519
2026-06-02 16:42:33.670,2302093126,30670,1,1.0957,0.29761,-0.11792,-76.305,-21.481,-77.13
2026-06-02 16:42:33.670,2302093126,30670,2,-0.41821,-0.23975,1.20532,-6.962,36.824,18.534
2026-06-02 16:42:34.870,2302094326,30870,1,0.96899,0.35498,-0.03247,-177.656,13.527,-116.214
2026-06-02 16:42:34.870,2302094326,30870,2,-0.20313,-0.42407,1.33838,-3.389,110.71,2.038
2026-06-02 16:42:34.070,2302093526,31070,1,0.87305,0.44092,0.24414,-27.977,1.878,-7.809
2026-06-02 16:42:34.070,2302093526,31070,2,-0.32471,-0.31689,1.37476,-9.565,-98.214,-26.977
2026-06-02 16:42:34.270,2302093726,31270,1,0.88452,0.44482,0.26196,75.931,-16.496,59.275
2026-06-02 16:42:34.270,2302093726,31270,2,-0.42334,-0.37891,1.11353,-3.641,24.519,6.985
2026-06-02 16:42:34.470,2302093926,31470,1,1.01221,0.26685,0.06055,6.649,-5.466,22.71
2026-06-02 16:42:34.470,2302093926,31470,2,-0.13599,-0.12842,1.5415,-2.71,17.351,-26.87
2026-06-02 16:42:34.670,2302094126,31670,1,1.02856,0.26978,-0.01099,215.092,-49.786,122.885
2026-06-02 16:42:34.670,2302094126,31670,2,-0.12183,-0.65161,1.16748,-6.427,-42.382,-4.931
2026-06-02 16:42:35.870,2302095326,31870,1,1.05322,-0.32788,-0.12354,193.718,-33.107,85.114
2026-06-02 16:42:35.870,2302095326,31870,2,-0.23901,-0.02515,1.37524,-25.458,6.969,-10.061
2026-06-02 16:42:35.070,2302094526,32070,1,0.98022,-0.41089,-0.07544,55.023,-9.611,26.137
2026-06-02 16:42:35.070,2302094526,32070,2,-0.04297,-0.49023,1.23877,-9.687,24.046,-42.443
2026-06-02 16:42:35.270,2302094726,32270,1,0.29272,-0.80542,0.24951,111.092,-16.496,-91.397
2026-06-02 16:42:35.270,2302094726,32270,2,-0.15186,-0.13989,1.17969,-20.931,59.802,102.13
2026-06-02 16:42:35.470,2302094926,32470,1,0.68481,-0.26685,0.68262,-29.382,44.435,62.244
2026-06-02 16:42:35.470,2302094926,32470,2,-0.4978,-0.4917,0.82983,-5.168,-64.664,-4.664
2026-06-02 16:42:35.670,2302095126,32670,1,0.88892,-0.2854,0.0564,26.695,26.092,3.397
2026-06-02 16:42:35.670,2302095126,32670,2,0.0686,-0.22607,1.22314,-39.13,29.023,-70.015
2026-06-02 16:42:36.870,2302096326,32870,1,0.6416,-0.82568,0.39063,-64.351,70.458,-5.061
2026-06-02 16:42:36.870,2302096326,32870,2,-0.08154,-0.58789,1.56738,-1.473,106.046,8.901
2026-06-02 16:42:36.070,2302095526,33070,1,0.7207,-0.38989,0.2644,-11.656,-32.382,3.84
2026-06-02 16:42:36.070,2302095526,33070,2,0.08447,-0.30444,1.3479,-6.634,6.954,-89.939
2026-06-02 16:42:36.270,2302095726,33270,1,0.90308,-1.13647,-0.29297,44.122,-35.855,50.977
2026-06-02 16:42:36.270,2302095726,33270,2,-0.12744,-0.64282,1.07153,-34.885,-72.504,-47.282
2026-06-02 16:42:36.470,2302095926,33470,1,0.84595,-0.4397,0.31421,107.45,-5.992,-73.832
2026-06-02 16:42:36.470,2302095926,33470,2,0.16943,-0.35425,1.7439,38.832,19.542,-63.695
2026-06-02 16:42:36.670,2302096126,33670,1,0.86304,-0.45068,0.32764,-45.26,-7.748,1.412
2026-06-02 16:42:36.670,2302096126,33670,2,0.06641,-0.59839,1.61401,37.29,-6.359,107.847
2026-06-02 16:42:37.870,2302097326,33870,1,1.02075,-0.28369,-0.46753,181.763,-19.053,65.71
2026-06-02 16:42:37.870,2302097326,33870,2,0.14844,-0.33936,1.49072,50.695,-12.878,20.153
2026-06-02 16:42:37.070,2302096526,34070,1,0.72388,-0.61011,-0.06982,-161.802,-51.183,71.771
2026-06-02 16:42:37.070,2302096526,34070,2,-0.1499,-0.36597,1.41821,-4.137,-78.176,48.84
2026-06-02 16:42:37.270,2302096726,34270,1,0.96338,-0.01392,0.05371,64.076,-4.656,74.351
2026-06-02 16:42:37.270,2302096726,34270,2,0.07935,-0.36475,1.59155,40.534,49.122,-4.985
2026-06-02 16:42:37.470,2302096926,34470,1,0.9585,-0.60767,-0.40942,-51.618,15.985,-22.168
2026-06-02 16:42:37.470,2302096926,34470,2,-0.03052,-0.50513,1.31812,-6.969,-62.321,58.573
2026-06-02 16:42:37.670,2302097126,34670,1,0.91577,-0.35181,-0.40088,-42.527,30.855,-37.916
2026-06-02 16:42:37.670,2302097126,34670,2,-0.26782,-0.41455,1.30591,-0.84,-41.588,-24.412
2026-06-02 16:42:38.870,2302098326,34870,1,1.09448,-0.0874,-0.46875,-23.214,38.344,-1.374
2026-06-02 16:42:38.870,2302098326,34870,2,-0.07129,-0.32544,1.24878,-20.527,2.092,-13.489
2026-06-02 16:42:38.070,2302097526,35070,1,0.97119,-0.36719,-0.26953,55.908,100.252,120.947
2026-06-02 16:42:38.070,2302097526,35070,2,-0.09741,-0.49731,1.35156,-10.763,-48.0,-48.42
2026-06-02 16:42:38.270,2302097726,35270,1,0.68213,-0.37817,0.21191,62.779,76.328,109.252
2026-06-02 16:42:38.270,2302097726,35270,2,0.03247,-0.35107,1.23486,-26.519,-69.382,55.519
2026-06-02 16:42:38.470,2302097926,35470,1,0.21143,-0.4812,0.76733,54.611,-40.969,-52.992
2026-06-02 16:42:38.470,2302097926,35470,2,-0.04883,-0.63989,1.00684,11.366,109.687,65.924
2026-06-02 16:42:38.670,2302098126,35670,1,0.53833,-0.17383,0.26563,-5.443,-49.389,-92.214
2026-06-02 16:42:38.670,2302098126,35670,2,0.02612,-0.33301,1.14478,-48.229,114.206,31.298
2026-06-02 16:42:39.870,2302099326,35870,1,0.37061,-0.30835,0.47485,-33.924,55.427,37.282
2026-06-02 16:42:39.870,2302099326,35870,2,0.02271,-0.51123,1.27002,-59.176,-126.573,-58.55
2026-06-02 16:42:39.070,2302098526,36070,1,0.39746,-0.69238,0.87646,-210.863,164.328,-89.649
2026-06-02 16:42:39.070,2302098526,36070,2,-0.03418,-0.89233,0.84302,-63.786,116.649,20.786
2026-06-02 16:42:39.270,2302098726,36270,1,0.23608,-0.41284,0.85693,81.985,59.931,-33.641
2026-06-02 16:42:39.270,2302098726,36270,2,0.41211,-0.46533,0.93384,0.29,-41.84,-41.351
2026-06-02 16:42:39.470,2302098926,36470,1,-0.08472,-0.57446,0.81006,13.191,115.542,39.725
2026-06-02 16:42:39.470,2302098926,36470,2,0.09155,-0.82031,1.11523,-1.046,14.481,16.405
2026-06-02 16:42:39.670,2302099126,36670,1,-0.15967,-0.51978,0.66235,-22.046,43.374,52.069
2026-06-02 16:42:39.670,2302099126,36670,2,-0.01563,-0.79663,1.05664,-6.489,31.053,15.863
2026-06-02 16:42:40.870,2302100326,36870,1,-0.45239,-0.65991,0.46313,-39.55,27.008,73.374
2026-06-02 16:42:40.870,2302100326,36870,2,0.04492,-0.82495,0.90625,21.519,-2.794,12.305
2026-06-02 16:42:40.070,2302099526,37070,1,-0.31323,-0.42358,0.62402,4.008,10.931,31.0
2026-06-02 16:42:40.070,2302099526,37070,2,-0.16138,-0.77563,0.94141,-19.756,10.992,-8.282
2026-06-02 16:42:40.270,2302099726,37270,1,-0.35034,-0.49097,0.74902,2.733,-0.893,18.206
2026-06-02 16:42:40.270,2302099726,37270,2,-0.20337,-0.77271,0.9021,28.939,28.786,50.145
2026-06-02 16:42:40.470,2302099926,37470,1,-0.36841,-0.49927,0.67334,-50.641,26.061,5.672
2026-06-02 16:42:40.470,2302099926,37470,2,-0.32202,-0.81201,0.90259,-4.756,10.802,20.893
2026-06-02 16:42:40.670,2302100126,37670,1,-0.39697,-0.50952,0.52637,0.069,-15.206,4.115
2026-06-02 16:42:40.670,2302100126,37670,2,-0.31885,-0.78906,0.8313,-13.931,9.885,4.87
2026-06-02 16:42:41.870,2302101326,37870,1,-0.40161,-0.52051,0.63989,8.824,9.656,-4.557
2026-06-02 16:42:41.870,2302101326,37870,2,-0.33203,-0.77173,0.84692,-14.626,3.595,20.267
2026-06-02 16:42:41.070,2302100526,38070,1,-0.13647,-0.28223,1.1311,122.695,-236.519,-65.176
2026-06-02 16:42:41.070,2302100526,38070,2,-0.43018,-0.99805,0.85669,188.504,-182.649,39.702
2026-06-02 16:42:41.270,2302100726,38270,1,0.43408,0.24658,1.15894,-6.061,-234.489,204.847
2026-06-02 16:42:41.270,2302100726,38270,2,-0.03735,-0.48877,1.64063,192.756,153.214,110.321
2026-06-02 16:42:41.470,2302100926,38470,1,0.43628,-0.55176,0.12939,-161.626,-61.718,-9.908
2026-06-02 16:42:41.470,2302100926,38470,2,0.03955,-0.13599,1.55078,94.13,239.137,6.076
2026-06-02 16:42:41.670,2302101126,38670,1,0.89648,-0.56104,-0.18408,-19.924,3.504,-19.756
2026-06-02 16:42:41.670,2302101126,38670,2,0.07178,-0.08057,1.51172,10.298,-60.031,-10.901
2026-06-02 16:42:42.870,2302102326,38870,1,0.68066,-0.78101,0.27783,-3.985,-20.679,41.115
2026-06-02 16:42:42.870,2302102326,38870,2,-0.34326,-0.08911,1.17651,44.794,-125.985,48.229
2026-06-02 16:42:42.070,2302101526,39070,1,0.74487,-0.67578,0.19238,-101.794,53.534,-106.908
2026-06-02 16:42:42.070,2302101526,39070,2,-0.46118,0.25122,1.27881,34.267,-66.076,134.099
2026-06-02 16:42:42.270,2302101726,39270,1,1.01123,-0.21631,0.05225,20.16,29.947,-20.466
2026-06-02 16:42:42.270,2302101726,39270,2,-0.13452,0.07446,1.43994,-81.374,146.832,94.519
2026-06-02 16:42:42.470,2302101926,39470,1,0.85181,-0.38672,0.24097,-12.176,14.0,19.092
2026-06-02 16:42:42.470,2302101926,39470,2,-0.09863,0.07739,1.51245,5.298,-2.557,-28.176
2026-06-02 16:42:42.670,2302102126,39670,1,0.8772,-0.44995,0.12988,11.748,1.695,25.603
2026-06-02 16:42:42.670,2302102126,39670,2,-0.27637,-0.14819,1.48218,12.565,-55.443,-11.412
2026-06-02 16:42:43.870,2302103326,39870,1,0.83032,-0.55518,0.15503,28.305,9.634,26.267
2026-06-02 16:42:43.870,2302103326,39870,2,-0.20728,0.04712,1.38965,-29.023,53.305,17.267
2026-06-02 16:42:43.070,2302102526,40070,1,0.79834,-0.60571,0.28271,-2.092,-7.71,-20.908
2026-06-02 16:42:43.070,2302102526,40070,2,-0.08667,-0.04443,1.31665,-8.221,30.664,-9.359
2026-06-02 16:42:43.270,2302102726,40270,1,0.9126,-0.34668,0.21143,9.908,1.069,-33.076
2026-06-02 16:42:43.270,2302102726,40270,2,-0.11182,-0.31714,1.41528,-2.053,-38.45,-14.412
2026-06-02 16:42:43.470,2302102926,40470,1,0.79077,-0.46533,0.31567,34.405,-26.237,39.71
2026-06-02 16:42:43.470,2302102926,40470,2,-0.21704,-0.0813,1.37695,13.916,-45.321,11.397
2026-06-02 16:42:43.670,2302103126,40670,1,0.82544,-0.56763,0.26685,5.817,-19.183,4.504
2026-06-02 16:42:43.670,2302103126,40670,2,-0.19409,-0.09497,1.40332,-10.718,40.565,25.344
2026-06-02 16:42:44.870,2302104326,40870,1,0.81177,-0.5332,0.27783,2.313,-9.885,4.649
2026-06-02 16:42:44.870,2302104326,40870,2,-0.13574,-0.16382,1.45166,-14.16,7.412,-4.931
2026-06-02 16:42:44.070,2302103526,41070,1,0.78149,-0.53149,0.23828,15.725,-12.863,18.565
2026-06-02 16:42:44.070,2302103526,41070,2,-0.18823,-0.07959,1.41553,1.611,-7.084,9.687
2026-06-02 16:42:44.270,2302103726,41270,1,0.83838,-0.59253,0.2395,7.962,-10.427,10.55
2026-06-02 16:42:44.270,2302103726,41270,2,-0.25659,-0.14331,1.3877,-0.55,-2.29,18.511
2026-06-02 16:42:44.470,2302103926,41470,1,0.82007,-0.56128,0.25122,-2.282,-1.58,-1.763
2026-06-02 16:42:44.470,2302103926,41470,2,-0.16089,-0.15234,1.47656,-47.641,16.771,171.359
2026-06-02 16:42:44.670,2302104126,41670,1,0.66821,-0.56079,0.40601,94.282,-13.962,46.206
2026-06-02 16:42:44.670,2302104126,41670,2,-0.15527,-0.18408,1.1709,11.672,-85.183,-38.656
2026-06-02 16:42:45.870,2302105326,41870,1,0.61401,-0.54517,0.39331,30.015,27.443,48.885
2026-06-02 16:42:45.870,2302105326,41870,2,-0.42529,-0.05078,1.67139,18.405,7.733,-23.504
2026-06-02 16:42:45.070,2302104526,42070,1,0.7605,-0.53418,0.22168,-56.405,-17.191,-53.74
2026-06-02 16:42:45.070,2302104526,42070,2,-0.3606,-1.05786,1.82861,39.061,150.344,12.786
2026-06-02 16:42:45.270,2302104726,42270,1,0.78394,-0.20752,0.38965,-100.099,119.962,-153.275
2026-06-02 16:42:45.270,2302104726,42270,2,-0.42847,-0.53784,1.56421,2.29,115.412,31.412
2026-06-02 16:42:45.470,2302104926,42470,1,0.95972,-0.25024,0.26782,-142.008,14.824,-139.908
2026-06-02 16:42:45.470,2302104926,42470,2,0.37549,0.05762,1.33301,-40.916,102.321,92.313
2026-06-02 16:42:45.670,2302105126,42670,1,1.03809,-0.00977,0.46094,-67.908,-45.366,191.481
2026-06-02 16:42:45.670,2302105126,42670,2,-0.41797,-1.08203,1.42944,-57.695,-39.519,-92.038
2026-06-02 16:42:46.870,2302106326,42870,1,0.64307,-0.1626,0.54858,250.13,-66.519,53.427
2026-06-02 16:42:46.870,2302106326,42870,2,-0.18506,-0.21899,1.4231,86.321,12.435,20.29
2026-06-02 16:42:46.070,2302105526,43070,1,0.9939,-0.02808,0.48047,-96.725,-20.969,11.55
2026-06-02 16:42:46.070,2302105526,43070,2,-0.3396,-0.90869,1.59155,68.321,28.237,103.092
2026-06-02 16:42:46.270,2302105726,43270,1,0.88184,-0.58496,0.42383,31.298,-149.763,231.756
2026-06-02 16:42:46.270,2302105726,43270,2,-0.55737,-0.40186,1.31567,24.496,-148.664,-144.725
2026-06-02 16:42:46.470,2302105926,43470,1,0.5708,1.99994,0.48755,-226.382,250.13,-231.29
2026-06-02 16:42:46.470,2302105926,43470,2,0.04907,0.11572,1.50586,-56.206,-239.366,-56.687
2026-06-02 16:42:46.670,2302106126,43670,1,0.20581,0.44263,0.92383,116.847,-8.534,-181.954
2026-06-02 16:42:46.670,2302106126,43670,2,0.25488,-0.90625,1.99994,16.443,173.618,-5.473
2026-06-02 16:42:47.870,2302107326,43870,1,0.61377,-0.45068,-0.37939,-9.313,-214.618,-4.626
2026-06-02 16:42:47.870,2302107326,43870,2,0.08911,-0.19629,1.03833,-39.061,102.298,80.511
2026-06-02 16:42:47.070,2302106526,44070,1,1.26099,0.40039,-0.09204,38.13,-82.42,56.229
2026-06-02 16:42:47.070,2302106526,44070,2,-0.32617,-0.73022,1.05322,21.565,224.458,144.664
2026-06-02 16:42:47.270,2302106726,44270,1,1.16748,0.17334,-0.49976,37.58,6.198,-1.794
2026-06-02 16:42:47.270,2302106726,44270,2,-0.56787,-0.43604,1.08228,15.84,9.015,-71.557
2026-06-02 16:42:47.470,2302106926,44470,1,1.0332,-0.28833,-0.15771,-14.977,124.878,56.473
2026-06-02 16:42:47.470,2302106926,44470,2,-0.6416,-0.48584,0.95386,83.038,45.756,8.603
2026-06-02 16:42:47.670,2302107126,44670,1,0.99512,-0.01294,-0.08472,16.924,2.947,29.397
2026-06-02 16:42:47.670,2302107126,44670,2,-0.58032,-0.55103,1.00391,14.069,-0.557,-7.351
2026-06-02 16:42:48.870,2302108326,44870,1,1.09277,-0.28296,-0.23706,14.397,9.13,-3.573
2026-06-02 16:42:48.870,2302108326,44870,2,-0.65039,-0.50366,1.1311,27.687,12.504,7.389
2026-06-02 16:42:48.070,2302107526,45070,1,0.99097,-0.28833,-0.12646,-3.099,7.191,1.389
2026-06-02 16:42:48.070,2302107526,45070,2,-0.65698,-0.47583,1.05322,-9.595,-11.672,-15.198
2026-06-02 16:42:48.270,2302107726,45270,1,1.12671,-0.21558,-0.16064,64.405,-14.443,29.588
2026-06-02 16:42:48.270,2302107726,45270,2,-2.0,-0.89014,0.73462,54.015,125.0,145.878
2026-06-02 16:42:48.470,2302107926,45470,1,0.99829,-0.46362,-0.00977,20.656,25.099,8.099
2026-06-02 16:42:48.470,2302107926,45470,2,-0.90894,-0.03906,0.86133,5.496,-43.931,-59.298
2026-06-02 16:42:48.670,2302108126,45670,1,0.98267,-0.47339,-0.0752,4.649,-6.947,4.389
2026-06-02 16:42:48.670,2302108126,45670,2,-0.83447,-0.28467,1.09033,6.962,18.679,2.29
2026-06-02 16:42:49.870,2302109326,45870,1,1.02612,-0.47656,0.0083,-22.435,36.069,-4.954
2026-06-02 16:42:49.870,2302109326,45870,2,-0.81299,-0.20532,0.95654,-1.153,-1.237,-3.45
2026-06-02 16:42:49.070,2302108526,46070,1,0.95703,-0.27979,-0.0708,-26.931,-58.244,9.893
2026-06-02 16:42:49.070,2302108526,46070,2,-0.68604,-0.36182,0.97583,-8.183,-6.214,-62.71
2026-06-02 16:42:49.270,2302108726,46270,1,0.99585,-0.40991,-0.10449,-60.74,19.008,-3.947
2026-06-02 16:42:49.270,2302108726,46270,2,-0.76953,-0.40112,0.92334,11.443,16.969,-71.45
2026-06-02 16:42:49.470,2302108926,46470,1,0.89868,-0.33667,0.03052,-150.527,107.817,-92.893
2026-06-02 16:42:49.470,2302108926,46470,2,-0.62744,-0.2666,1.48853,-5.832,49.786,76.588
2026-06-02 16:42:49.670,2302109126,46670,1,1.01367,-0.27661,-0.13696,-107.191,57.634,-28.13
2026-06-02 16:42:49.670,2302109126,46670,2,-0.60791,-0.44727,1.06689,25.611,-39.885,-98.336
2026-06-02 16:42:50.870,2302110326,46870,1,0.84937,0.33789,0.44751,-76.466,34.13,-57.947
2026-06-02 16:42:50.870,2302110326,46870,2,-0.45996,-0.37427,1.1499,10.656,-1.519,-36.756
2026-06-02 16:42:50.070,2302109526,47070,1,0.76538,0.03101,0.33032,-52.824,24.061,-50.053
2026-06-02 16:42:50.070,2302109526,47070,2,-0.37793,-0.31519,1.08521,-38.153,-42.954,7.527
2026-06-02 16:42:50.270,2302109726,47270,1,0.97266,-0.22998,0.2373,-55.664,-4.786,-11.847
2026-06-02 16:42:50.270,2302109726,47270,2,-0.45654,-0.68335,1.25293,14.718,81.16,40.206
2026-06-02 16:42:50.470,2302109926,47470,1,1.12915,0.03076,0.44702,47.382,14.794,-248.206
2026-06-02 16:42:50.470,2302109926,47470,2,-0.42212,-0.42554,1.31836,-65.504,-177.74,-96.58
2026-06-02 16:42:50.670,2302110126,47670,1,1.12524,0.31201,0.55005,93.763,-105.267,-26.092
2026-06-02 16:42:50.670,2302110126,47670,2,0.52563,-0.5376,1.47119,-10.74,-193.595,-40.908
2026-06-02 16:42:51.870,2302111326,47870,1,0.93237,0.43799,0.45215,-78.779,-32.206,-81.786
2026-06-02 16:42:51.870,2302111326,47870,2,0.34668,-0.33936,0.36914,-26.198,5.901,-35.183
2026-06-02 16:42:51.070,2302110526,48070,1,0.82495,0.30103,0.20728,-100.969,62.183,-57.557
2026-06-02 16:42:51.070,2302110526,48070,2,1.03931,0.45142,1.13843,-44.206,-9.046,-52.947
2026-06-02 16:42:51.270,2302110726,48270,1,0.8606,0.70996,0.24927,43.542,18.916,84.954
2026-06-02 16:42:51.270,2302110726,48270,2,1.12451,-0.65552,1.7937,44.0,121.351,91.252
2026-06-02 16:42:51.470,2302110926,48470,1,0.74463,0.37646,0.26538,-99.809,146.634,-57.397
2026-06-02 16:42:51.470,2302110926,48470,2,0.79297,0.18652,0.7605,-0.863,63.176,57.771
2026-06-02 16:42:51.670,2302111126,48670,1,0.32568,-0.01025,1.09448,-143.992,29.908,-20.305
2026-06-02 16:42:51.670,2302111126,48670,2,0.55957,0.19507,0.70166,35.092,-54.802,-0.489
2026-06-02 16:42:52.870,2302112326,48870,1,0.44653,-0.03125,0.55078,-21.244,-28.473,1.137
2026-06-02 16:42:52.870,2302112326,48870,2,0.82983,0.08838,0.61084,9.191,98.695,18.626
2026-06-02 16:42:52.070,2302111526,49070,1,0.53979,-0.09106,1.12695,-100.687,19.412,63.634
2026-06-02 16:42:52.070,2302111526,49070,2,0.68848,-0.64819,0.96069,-16.634,169.282,250.13
2026-06-02 16:42:52.270,2302111726,49270,1,0.22876,-0.88721,0.65991,13.748,72.702,31.947
2026-06-02 16:42:52.270,2302111726,49270,2,0.2771,-0.16748,0.70386,-80.626,90.603,11.733
2026-06-02 16:42:52.470,2302111926,49470,1,0.02051,-0.19629,0.83862,-93.16,19.87,-92.275
2026-06-02 16:42:52.470,2302111926,49470,2,-0.47119,-0.85889,0.93774,-61.664,72.855,-91.969
2026-06-02 16:42:52.670,2302112126,49670,1,0.58325,-1.09253,0.30298,-103.824,0.573,-131.656
2026-06-02 16:42:52.670,2302112126,49670,2,-0.65332,-0.81006,1.08057,-83.26,-9.382,157.13
2026-06-02 16:42:53.870,2302113326,49870,1,0.71875,-0.62549,0.34937,29.122,-6.504,24.053
2026-06-02 16:42:53.870,2302113326,49870,2,-0.30127,-0.47461,0.98291,133.359,-235.58,-62.924
2026-06-02 16:42:53.070,2302112526,50070,1,0.58472,-0.72144,0.49023,-89.099,13.374,-126.458
2026-06-02 16:42:53.070,2302112526,50070,2,-0.29199,1.99994,1.99994,250.13,205.618,250.13
2026-06-02 16:42:53.270,2302112726,50270,1,0.71411,-0.51611,0.38745,71.595,7.298,-32.588
2026-06-02 16:42:53.270,2302112726,50270,2,-1.0105,0.14404,0.25439,12.557,-3.901,-41.74
2026-06-02 16:42:53.470,2302112926,50470,1,0.8457,-0.43335,0.38501,-7.771,-13.435,-5.71
2026-06-02 16:42:53.470,2302112926,50470,2,-1.01099,0.22656,0.43481,-41.298,-78.725,24.29
2026-06-02 16:42:53.670,2302113126,50670,1,0.82031,-0.42822,0.38086,23.038,-4.71,14.908
2026-06-02 16:42:53.670,2302113126,50670,2,-1.27393,-0.09644,0.46484,-97.802,-59.962,-139.969
2026-06-02 16:42:54.870,2302114326,50870,1,0.67236,-0.54688,0.44092,18.13,-7.366,39.198
2026-06-02 16:42:54.870,2302114326,50870,2,-0.99048,-0.45532,0.87085,-35.29,-38.855,-2.756
2026-06-02 16:42:54.070,2302113526,51070,1,0.70874,-0.50903,0.4519,7.26,-9.275,11.206
2026-06-02 16:42:54.070,2302113526,51070,2,-0.95068,-0.28931,0.87256,-34.076,-15.641,-36.641
2026-06-02 16:42:54.270,2302113726,51270,1,0.74731,-0.55518,0.29199,-54.237,-4.374,-29.305
2026-06-02 16:42:54.270,2302113726,51270,2,-0.68115,-0.49683,0.45874,-69.221,40.916,115.954
2026-06-02 16:42:54.470,2302113926,51470,1,0.77002,-0.58105,0.28491,10.511,1.321,11.115
2026-06-02 16:42:54.470,2302113926,51470,2,-0.82495,-0.323,0.84277,7.191,-22.26,-16.87
2026-06-02 16:42:54.670,2302114126,51670,1,0.81836,-0.62183,0.42261,1.069,18.397,87.015
2026-06-02 16:42:54.670,2302114126,51670,2,-0.80469,-0.29736,0.9729,135.557,5.107,-16.977
2026-06-02 16:42:55.870,2302115326,51870,1,0.1394,-0.66797,0.42139,223.969,-78.16,50.84
2026-06-02 16:42:55.870,2302115326,51870,2,-0.76904,-0.22803,1.15039,-209.359,-28.733,30.87
2026-06-02 16:42:55.070,2302114526,52070,1,0.38354,-0.68311,0.65674,6.221,-66.962,22.809
2026-06-02 16:42:55.070,2302114526,52070,2,-0.79541,-0.30737,0.95508,-49.29,21.954,-19.878
2026-06-02 16:42:55.270,2302114726,52270,1,0.69922,-0.63257,0.40894,-20.771,-49.412,8.595
2026-06-02 16:42:55.270,2302114726,52270,2,-0.77441,-0.41357,0.91431,-12.176,-1.023,4.84
2026-06-02 16:42:55.470,2302114926,52470,1,0.63989,-0.72363,0.32739,-57.351,52.298,23.45
2026-06-02 16:42:55.470,2302114926,52470,2,-0.78247,-0.36182,0.9624,10.29,-14.878,10.374
2026-06-02 16:42:55.670,2302115126,52670,1,0.19556,-0.35522,0.89893,250.13,-149.656,250.13
2026-06-02 16:42:55.670,2302115126,52670,2,-0.73413,-0.38354,0.91406,6.107,-1.901,21.092
2026-06-02 16:42:56.870,2302116326,52870,1,0.50439,-0.54028,0.60156,37.687,41.55,-1.252
2026-06-02 16:42:56.870,2302116326,52870,2,-0.8291,-0.24438,1.2085,-38.985,-53.42,31.763
2026-06-02 16:42:56.070,2302115526,53070,1,0.35815,-0.14673,0.76733,62.298,12.794,37.824
2026-06-02 16:42:56.070,2302115526,53070,2,-0.66235,-0.09985,1.46021,69.191,-18.076,-57.145
2026-06-02 16:42:56.270,2302115726,53270,1,0.35132,-0.33276,0.68457,-53.252,11.603,-8.947
2026-06-02 16:42:56.270,2302115726,53270,2,-0.66235,-0.49902,0.85229,-16.656,77.092,78.298
2026-06-02 16:42:56.470,2302115926,53470,1,0.58057,-0.41455,0.56201,-19.878,-104.557,1.084
2026-06-02 16:42:56.470,2302115926,53470,2,-0.85474,-0.63232,0.40967,-83.679,206.58,227.656
2026-06-02 16:42:56.670,2302116126,53670,1,0.83789,-0.35107,0.48853,71.863,-87.405,10.458
2026-06-02 16:42:56.670,2302116126,53670,2,-0.15479,-0.52563,0.24194,86.374,205.74,-160.29
2026-06-02 16:42:57.870,2302117326,53870,1,0.65454,0.0332,0.61841,-48.985,9.519,27.893
2026-06-02 16:42:57.870,2302117326,53870,2,-0.35962,-0.2832,0.03394,20.55,-16.023,-93.954
2026-06-02 16:42:57.070,2302116526,54070,1,0.70264,-0.18726,0.60693,-8.718,-63.595,6.847
2026-06-02 16:42:57.070,2302116526,54070,2,-0.56006,-0.62891,0.91309,18.603,138.618,116.023
2026-06-02 16:42:57.270,2302116726,54270,1,0.70703,-0.15381,0.59058,-17.534,10.924,15.298
2026-06-02 16:42:57.270,2302116726,54270,2,-0.61475,-0.45313,1.01245,44.45,-48.527,-89.58
2026-06-02 16:42:57.470,2302116926,54470,1,0.6377,-0.10229,0.64868,-3.023,-2.122,3.809
2026-06-02 16:42:57.470,2302116926,54470,2,-0.57788,-0.38379,1.1189,5.313,70.115,42.084
2026-06-02 16:42:57.670,2302117126,54670,1,0.69092,-0.22632,0.573,-10.786,-9.489,4.298
2026-06-02 16:42:57.670,2302117126,54670,2,-0.56226,-0.49268,1.20215,8.458,-18.344,-42.954
2026-06-02 16:42:58.870,2302118326,54870,1,0.69482,-0.27002,0.60107,-1.16,9.824,7.107
2026-06-02 16:42:58.870,2302118326,54870,2,-0.56909,-0.38062,1.10303,2.084,2.145,-12.053
2026-06-02 16:42:58.070,2302117526,55070,1,0.68921,-0.22632,0.62842,-14.519,1.595,-7.092
2026-06-02 16:42:58.070,2302117526,55070,2,-0.52563,-0.48315,1.15649,2.611,2.282,2.656
2026-06-02 16:42:58.270,2302117726,55270,1,0.69507,-0.30029,0.58057,1.84,2.824,4.366
2026-06-02 16:42:58.270,2302117726,55270,2,-0.55273,-0.44482,1.13867,7.282,-6.351,-9.992
2026-06-02 16:42:58.470,2302117926,55470,1,0.60742,-0.24683,0.6687,-3.893,7.282,3.527
2026-06-02 16:42:58.470,2302117926,55470,2,-0.53052,-0.45313,1.15137,7.092,21.611,6.023
2026-06-02 16:42:58.670,2302118126,55670,1,0.68066,-0.32715,0.62817,-5.779,5.542,2.412
2026-06-02 16:42:58.670,2302118126,55670,2,-0.52881,-0.44238,1.1394,-1.489,-7.84,7.458
2026-06-02 16:42:59.870,2302119326,55870,1,0.60107,-0.24951,0.63525,0.855,-1.038,1.26
2026-06-02 16:42:59.870,2302119326,55870,2,-0.50146,-0.46851,1.14282,-3.832,-0.305,4.908
2026-06-02 16:42:59.070,2302118526,56070,1,0.6272,-0.28394,0.63867,-0.855,2.611,3.29
2026-06-02 16:42:59.070,2302118526,56070,2,-0.51367,-0.44287,1.15942,-1.473,0.809,6.198
2026-06-02 16:42:59.270,2302118726,56270,1,0.604,-0.27441,0.63306,-2.817,0.015,2.427
2026-06-02 16:42:59.270,2302118726,56270,2,-0.51929,-0.45996,1.14331,-2.626,4.313,4.244
2026-06-02 16:42:59.470,2302118926,56470,1,0.60864,-0.2937,0.67212,-0.771,-0.718,2.389
2026-06-02 16:42:59.470,2302118926,56470,2,-0.54004,-0.51733,1.15991,0.527,8.542,11.504
2026-06-02 16:42:59.670,2302119126,56670,1,0.5979,-0.30322,0.60278,-0.794,2.847,2.0
2026-06-02 16:42:59.670,2302119126,56670,2,-0.55396,-0.45874,1.1377,-16.359,-10.863,-28.573
2026-06-02 16:43:00.870,2302120326,56870,1,0.55322,-0.29883,0.63208,-13.137,7.527,-12.641
2026-06-02 16:43:00.870,2302120326,56870,2,-0.53394,-0.55347,1.07715,3.748,47.626,21.275
2026-06-02 16:43:00.070,2302119526,57070,1,0.59741,-0.25635,0.74316,-11.908,22.733,-20.122
2026-06-02 16:43:00.070,2302119526,57070,2,-0.50049,-0.5354,1.08618,29.344,14.855,-19.84
2026-06-02 16:43:00.270,2302119726,57270,1,0.62134,-0.27319,0.61133,-1.763,6.313,-6.076
2026-06-02 16:43:00.270,2302119726,57270,2,-0.54712,-0.54712,1.12231,26.969,-7.443,-20.565
2026-06-02 16:43:00.470,2302119926,57470,1,0.52881,-0.31226,0.69849,-18.412,-1.084,9.878
2026-06-02 16:43:00.470,2302119926,57470,2,-0.54297,-0.49463,1.15356,43.244,28.618,8.13
2026-06-02 16:43:00.670,2302120126,57670,1,0.58569,-0.34277,0.6001,-8.008,5.863,-2.153
2026-06-02 16:43:00.670,2302120126,57670,2,-0.45459,-0.4082,1.17773,29.191,-1.412,-18.573
2026-06-02 16:43:01.870,2302121326,57870,1,0.61987,-0.29297,0.68311,6.595,-2.061,-12.023
2026-06-02 16:43:01.870,2302121326,57870,2,-0.5332,-0.36572,1.20337,13.305,-23.099,0.099
2026-06-02 16:43:01.070,2302120526,58070,1,0.59912,-0.25708,0.61572,-6.916,-5.901,-0.084
2026-06-02 16:43:01.070,2302120526,58070,2,-0.52002,-0.46021,1.21729,-2.084,17.145,2.29
2026-06-02 16:43:01.270,2302120726,58270,1,0.65234,-0.30542,0.6084,-29.634,1.656,-16.504
2026-06-02 16:43:01.270,2302120726,58270,2,-0.45386,-0.39526,1.11084,10.603,5.985,35.634
2026-06-02 16:43:01.470,2302120926,58470,1,0.57813,-0.31372,0.61621,-0.573,7.344,-0.687
2026-06-02 16:43:01.470,2302120926,58470,2,-0.40063,-0.36719,1.13965,74.206,-139.244,14.458
2026-06-02 16:43:01.670,2302121126,58670,1,0.64136,-0.2937,0.64551,-4.954,7.611,0.511
2026-06-02 16:43:01.670,2302121126,58670,2,-0.28491,-0.06079,0.9458,-30.718,15.336,34.786
2026-06-02 16:43:02.870,2302122326,58870,1,0.65869,-0.25781,0.61792,5.695,0.885,-5.595
2026-06-02 16:43:02.870,2302122326,58870,2,-0.44238,-0.39014,1.1814,-37.756,-24.733,-20.931
2026-06-02 16:43:02.070,2302121526,59070,1,0.62695,-0.21313,0.6333,-5.038,-6.649,-2.542
2026-06-02 16:43:02.070,2302121526,59070,2,-0.47119,-0.5542,1.47388,46.168,10.611,-2.137
2026-06-02 16:43:02.270,2302121726,59270,1,0.6333,-0.18652,0.63745,18.901,-0.038,-0.374
2026-06-02 16:43:02.270,2302121726,59270,2,-0.27954,-0.0896,1.27466,-23.985,-41.977,-29.916
2026-06-02 16:43:02.470,2302121926,59470,1,0.61841,-0.16064,0.65698,21.099,-7.824,2.069
2026-06-02 16:43:02.470,2302121926,59470,2,-0.41528,-0.39111,1.26465,-21.176,-45.107,-29.153
2026-06-02 16:43:02.670,2302122126,59670,1,0.62378,-0.12793,0.66357,24.924,-1.885,-1.634
2026-06-02 16:43:02.670,2302122126,59670,2,-0.41357,-0.3584,1.32788,23.595,55.855,75.466
2026-06-02 16:43:03.870,2302123326,59870,1,0.52686,0.16528,0.64551,50.229,-42.519,-4.336
2026-06-02 16:43:03.870,2302123326,59870,2,-0.80786,-0.33325,1.229,51.336,194.916,186.435
2026-06-02 16:43:03.070,2302122526,60070,1,0.52148,0.09106,0.54175,-89.321,167.534,-47.687
2026-06-02 16:43:03.070,2302122526,60070,2,-0.81763,-0.07886,1.20874,-38.786,-222.267,-222.527
2026-06-02 16:43:03.270,2302122726,60270,1,0.73535,0.01636,0.61206,44.641,-57.527,29.519
2026-06-02 16:43:03.270,2302122726,60270,2,-0.75269,-0.22998,1.16309,20.786,85.832,112.321
2026-06-02 16:43:03.470,2302122926,60470,1,0.69116,-0.00244,0.38208,-12.405,7.939,27.588
2026-06-02 16:43:03.470,2302122926,60470,2,-0.72339,-0.25757,1.14624,7.168,-80.473,-9.924
2026-06-02 16:43:03.670,2302123126,60670,1,0.75415,0.37646,0.58032,57.038,-2.786,-16.038
2026-06-02 16:43:03.670,2302123126,60670,2,-0.57983,-0.2439,1.1875,-22.053,5.191,5.947
2026-06-02 16:43:04.870,2302124326,60870,1,0.7998,0.29541,0.62866,41.969,-34.702,23.565
2026-06-02 16:43:04.870,2302124326,60870,2,-0.67334,-0.19678,0.94458,7.015,14.038,92.168
2026-06-02 16:43:04.070,2302123526,61070,1,0.67358,0.77563,0.83765,-56.176,-34.321,-57.504
2026-06-02 16:43:04.070,2302123526,61070,2,-0.69629,-0.15845,1.07886,10.718,-80.824,-74.26
2026-06-02 16:43:04.270,2302123726,61270,1,0.78882,0.0603,0.5957,7.832,-106.45,84.588
2026-06-02 16:43:04.270,2302123726,61270,2,-0.41016,0.02051,1.31519,21.023,-2.084,-7.718
2026-06-02 16:43:04.470,2302123926,61470,1,1.21289,-0.36011,-0.3606,-9.252,-94.061,38.221
2026-06-02 16:43:04.470,2302123926,61470,2,-0.87012,-0.13672,1.02856,-26.58,2.008,-41.901
2026-06-02 16:43:04.670,2302124126,61670,1,0.85327,-0.56543,-0.26172,-33.977,65.962,-79.008
2026-06-02 16:43:04.670,2302124126,61670,2,-0.58398,-0.26489,1.10815,23.603,-3.099,-24.809
2026-06-02 16:43:05.870,2302125326,61870,1,0.9541,0.06934,0.30273,-28.565,16.374,-41.809
2026-06-02 16:43:05.870,2302125326,61870,2,-0.62549,-0.25537,1.13745,-9.389,21.672,-11.489
2026-06-02 16:43:05.070,2302124526,62070,1,0.95386,0.11816,0.36548,-26.305,0.664,-27.244
2026-06-02 16:43:05.070,2302124526,62070,2,-0.63672,-0.27954,1.12769,-3.237,-3.023,-4.008
2026-06-02 16:43:05.270,2302124726,62270,1,0.82568,0.08228,0.36182,-52.74,25.733,-32.153
2026-06-02 16:43:05.270,2302124726,62270,2,-0.54932,-0.46338,1.09375,-52.954,14.618,-39.947
2026-06-02 16:43:05.470,2302124926,62470,1,0.70776,0.36401,0.67603,8.527,6.366,-14.786
2026-06-02 16:43:05.470,2302124926,62470,2,-0.17603,0.03979,1.0791,-1.336,17.16,-5.168
2026-06-02 16:43:05.670,2302125126,62670,1,0.75317,-0.07227,0.21094,10.298,-99.053,55.985
2026-06-02 16:43:05.670,2302125126,62670,2,-0.83936,-0.74292,1.14868,56.397,110.939,18.74
2026-06-02 16:43:06.870,2302126326,62870,1,1.02271,0.20679,0.27515,-11.076,78.87,-25.947
2026-06-02 16:43:06.870,2302126326,62870,2,-0.54761,-0.6853,1.18359,-58.893,-29.794,-23.321
2026-06-02 16:43:06.070,2302125526,63070,1,0.71558,0.11133,0.61597,-32.489,69.0,-31.595
2026-06-02 16:43:06.070,2302125526,63070,2,-0.65332,-0.5835,0.84912,12.794,19.374,22.084
2026-06-02 16:43:06.270,2302125726,63270,1,0.39941,0.05225,0.85229,-30.985,101.168,-23.481
2026-06-02 16:43:06.270,2302125726,63270,2,-0.75146,-0.58228,0.71582,-8.756,-0.221,-10.794
2026-06-02 16:43:06.470,2302125926,63470,1,0.52173,-0.23511,0.62671,-0.031,-18.748,37.099
2026-06-02 16:43:06.470,2302125926,63470,2,-0.62183,-0.74878,0.76685,-7.061,-9.336,-2.58
2026-06-02 16:43:06.670,2302126126,63670,1,0.5835,-0.06738,0.64795,16.099,10.282,12.252
2026-06-02 16:43:06.670,2302126126,63670,2,-0.63281,-0.83813,0.90601,-8.985,-6.992,-6.962
2026-06-02 16:43:07.870,2302127326,63870,1,0.33398,0.06714,1.0769,0.069,33.611,-41.595
2026-06-02 16:43:07.870,2302127326,63870,2,-0.88745,-0.95654,0.58618,39.832,80.137,66.107
2026-06-02 16:43:07.070,2302126526,64070,1,0.20264,-0.00391,0.91895,-11.626,-28.565,13.351
2026-06-02 16:43:07.070,2302126526,64070,2,-0.65576,-0.61182,0.77075,-22.649,-5.435,33.863
2026-06-02 16:43:07.270,2302126726,64270,1,0.40454,0.0061,0.75391,5.527,10.771,-29.557
2026-06-02 16:43:07.270,2302126726,64270,2,-0.66309,-0.57861,0.95435,49.832,-6.824,-1.534
2026-06-02 16:43:07.470,2302126926,64470,1,0.38306,0.09497,0.67871,69.466,-17.328,-121.702
2026-06-02 16:43:07.470,2302126926,64470,2,-0.6814,-0.30127,0.94946,104.656,-4.221,31.916
2026-06-02 16:43:07.670,2302127126,64670,1,0.53198,0.48364,0.63354,73.252,-44.916,41.321
2026-06-02 16:43:07.670,2302127126,64670,2,-0.73193,-0.26782,1.11548,22.847,-1.42,-10.275
2026-06-02 16:43:08.870,2302128326,64870,1,0.70703,0.54614,0.46948,17.863,-35.389,59.87
2026-06-02 16:43:08.870,2302128326,64870,2,-0.67407,-0.37598,1.13403,5.046,30.16,-31.565
2026-06-02 16:43:08.070,2302127526,65070,1,0.87842,-0.17651,0.05786,60.382,-58.405,137.45
2026-06-02 16:43:08.070,2302127526,65070,2,-0.70776,-0.39014,0.99146,-16.641,4.458,-22.351
2026-06-02 16:43:08.270,2302127726,65270,1,0.99683,-0.09644,0.0708,5.878,-5.122,4.977
2026-06-02 16:43:08.270,2302127726,65270,2,-0.79492,-0.38281,0.948,-14.962,18.42,-7.527
2026-06-02 16:43:08.470,2302127926,65470,1,1.15283,0.01001,-0.25977,-0.977,-2.443,2.969
2026-06-02 16:43:08.470,2302127926,65470,2,-0.6853,-0.47852,0.92798,-39.603,-16.557,-14.534
2026-06-02 16:43:08.670,2302128126,65670,1,0.94971,-0.24121,0.26294,-14.962,38.427,27.656
2026-06-02 16:43:08.670,2302128126,65670,2,-0.67236,-0.51147,0.9209,-10.145,3.786,14.489
2026-06-02 16:43:09.870,2302129326,65870,1,1.01758,-0.03125,0.24683,17.321,10.885,-43.237
2026-06-02 16:43:09.870,2302129326,65870,2,-0.67871,-0.51392,0.97119,-1.916,4.008,27.458
2026-06-02 16:43:09.070,2302128526,66070,1,1.08716,0.20386,0.12598,25.023,-23.695,-11.641
2026-06-02 16:43:09.070,2302128526,66070,2,-0.7395,-0.45166,1.00781,-8.924,5.962,14.618
2026-06-02 16:43:09.270,2302128726,66270,1,0.89697,0.1355,0.3269,9.176,9.748,4.603
2026-06-02 16:43:09.270,2302128726,66270,2,-0.76172,-0.46265,0.89648,3.786,-5.802,22.702
2026-06-02 16:43:09.470,2302128926,66470,1,0.93726,0.34668,0.24829,45.374,-24.786,-1.565
2026-06-02 16:43:09.470,2302128926,66470,2,-0.64404,-0.35864,1.25854,18.901,15.412,60.992
2026-06-02 16:43:09.670,2302129126,66670,1,1.04858,0.34326,0.06348,8.71,-3.687,-4.397
2026-06-02 16:43:09.670,2302129126,66670,2,-1.03394,-0.18799,1.14478,65.565,-21.595,63.466
2026-06-02 16:43:10.870,2302130326,66870,1,0.79297,0.50415,0.04565,42.519,-31.015,-15.664
2026-06-02 16:43:10.870,2302130326,66870,2,-0.76514,0.82153,1.34326,-14.397,47.313,20.702
2026-06-02 16:43:10.070,2302129526,67070,1,0.72437,0.52954,0.01416,-17.557,1.725,-57.74
2026-06-02 16:43:10.070,2302129526,67070,2,-0.49048,0.28076,1.09985,-22.328,-32.519,-16.145
2026-06-02 16:43:10.270,2302129726,67270,1,0.67847,0.46191,0.27148,-37.55,34.763,-26.58
2026-06-02 16:43:10.270,2302129726,67270,2,-0.60522,0.4104,0.8938,31.733,-46.656,-79.458
2026-06-02 16:43:10.470,2302129926,67470,1,0.9895,0.60571,0.33618,-40.634,-22.527,-14.534
2026-06-02 16:43:10.470,2302129926,67470,2,-0.71216,0.24829,1.07739,23.947,-23.947,-39.267
2026-06-02 16:43:10.670,2302130126,67670,1,0.94165,0.48438,0.2373,-53.328,-25.626,-35.595
2026-06-02 16:43:10.670,2302130126,67670,2,-0.71875,0.11914,1.0354,18.26,-13.87,3.672
2026-06-02 16:43:11.870,2302131326,67870,1,0.83228,0.40381,0.31445,-71.611,-20.786,-56.527
2026-06-02 16:43:11.870,2302131326,67870,2,-0.31152,0.53809,1.04663,-54.87,66.733,37.977
2026-06-02 16:43:11.070,2302130526,68070,1,0.85254,0.26318,0.46411,-5.099,-5.916,38.183
2026-06-02 16:43:11.070,2302130526,68070,2,-0.65527,0.3186,0.98218,-27.168,-34.672,25.351
2026-06-02 16:43:11.270,2302130726,68270,1,0.78662,0.15015,0.42334,-21.45,-10.977,41.252
2026-06-02 16:43:11.270,2302130726,68270,2,-0.74194,0.07202,1.39478,64.969,89.763,149.748
2026-06-02 16:43:11.470,2302130926,68470,1,0.76831,0.33691,0.51294,-2.527,17.305,26.229
2026-06-02 16:43:11.470,2302130926,68470,2,-0.67651,0.39282,1.19165,-31.443,-14.924,-74.344
2026-06-02 16:43:11.670,2302131126,68670,1,0.90234,0.01733,0.27173,-78.435,26.435,-19.374
2026-06-02 16:43:11.670,2302131126,68670,2,-0.63818,-0.04688,1.26685,10.145,-4.641,-27.672
2026-06-02 16:43:12.894,2302132350,68894,1,0.8811,-0.34326,0.36719,-28.962,-4.58,-19.229
2026-06-02 16:43:12.894,2302132350,68894,2,-0.83081,-0.20483,1.20166,27.542,7.969,-21.389
2026-06-02 16:43:12.094,2302131550,69094,1,0.93188,-0.06787,0.51929,30.679,-31.58,-17.939
2026-06-02 16:43:12.094,2302131550,69094,2,-0.37817,-0.13086,1.08887,22.458,35.634,-3.427
2026-06-02 16:43:12.294,2302131750,69294,1,0.83301,0.42554,0.40283,9.313,-86.863,17.038
2026-06-02 16:43:12.294,2302131750,69294,2,-0.65967,-0.15259,0.85596,-29.954,-88.908,-33.55
2026-06-02 16:43:12.494,2302131950,69494,1,0.90112,0.1228,0.5415,-57.763,55.015,-1.756
2026-06-02 16:43:12.494,2302131950,69494,2,-0.67334,-0.0686,1.02856,-2.168,-60.359,-10.641
2026-06-02 16:43:12.694,2302132150,69694,1,0.86865,0.1167,0.36914,-34.038,29.504,-23.519
2026-06-02 16:43:12.694,2302132150,69694,2,-0.66455,0.00317,0.98877,15.588,18.527,-21.069
2026-06-02 16:43:13.894,2302133350,69894,1,0.9436,0.13745,0.41113,8.313,-53.374,38.878
2026-06-02 16:43:13.894,2302133350,69894,2,-0.4541,0.05933,1.09595,-28.229,-15.595,27.985
2026-06-02 16:43:13.094,2302132550,70094,1,0.9375,-0.03516,0.26733,28.771,-25.87,69.611
2026-06-02 16:43:13.094,2302132550,70094,2,-0.80566,-0.23706,1.08496,-29.313,-1.702,-1.069
2026-06-02 16:43:13.294,2302132750,70294,1,0.95581,-0.06616,0.29492,7.611,0.267,-0.336
2026-06-02 16:43:13.294,2302132750,70294,2,-0.7478,-0.16699,1.25,-16.031,67.038,49.901
2026-06-02 16:43:13.494,2302132950,70494,1,1.03467,0.25122,-0.22852,-86.969,63.519,5.153
2026-06-02 16:43:13.494,2302132950,70494,2,-0.52344,-0.14453,1.36475,25.824,-34.725,-6.053
2026-06-02 16:43:13.694,2302133150,70694,1,1.04224,-0.15381,0.25977,-26.29,-2.275,-5.87
2026-06-02 16:43:13.694,2302133150,70694,2,-0.94458,-0.19604,1.06152,42.015,48.565,74.061
2026-06-02 16:43:14.894,2302134350,70894,1,1.04834,0.0564,0.08398,8.031,-49.107,0.061
2026-06-02 16:43:14.894,2302134350,70894,2,-0.53516,0.03149,1.19409,20.382,-15.321,-30.954
2026-06-02 16:43:14.094,2302133550,71094,1,1.01123,-0.01221,0.19897,-10.618,18.71,17.206
2026-06-02 16:43:14.094,2302133550,71094,2,-0.71606,-0.14917,1.23804,-19.481,-72.023,-18.168
2026-06-02 16:43:14.294,2302133750,71294,1,1.02246,0.02759,0.13818,-9.84,2.802,-17.649
2026-06-02 16:43:14.294,2302133750,71294,2,-0.64917,-0.02148,1.10986,21.756,18.366,15.496
2026-06-02 16:43:14.494,2302133950,71494,1,1.02686,0.00684,0.15894,-13.634,-1.893,-6.183
2026-06-02 16:43:14.494,2302133950,71494,2,-0.62671,-0.08203,1.18896,15.763,7.183,8.198
2026-06-02 16:43:14.694,2302134150,71694,1,1.01563,0.02539,0.17163,4.908,4.695,3.718
2026-06-02 16:43:14.694,2302134150,71694,2,-0.68774,-0.09229,1.19751,-7.679,-26.519,-2.344
2026-06-02 16:43:15.894,2302135350,71894,1,1.01514,-0.0105,0.19897,2.473,5.71,-0.634
2026-06-02 16:43:15.894,2302135350,71894,2,-0.73242,-0.13281,1.23315,5.42,19.779,1.282
2026-06-02 16:43:15.094,2302134550,72094,1,1.01172,0.02197,0.18237,-5.336,-0.931,-10.122
2026-06-02 16:43:15.094,2302134550,72094,2,-0.54907,-0.04688,1.22388,-8.702,10.443,12.26
2026-06-02 16:43:15.294,2302134750,72294,1,1.00244,-0.01416,0.19507,1.092,-2.046,6.061
2026-06-02 16:43:15.294,2302134750,72294,2,-0.6897,-0.09229,1.13184,-12.122,-3.779,10.076
2026-06-02 16:43:15.494,2302134950,72494,1,0.99609,0.01489,0.20313,4.183,0.29,1.916
2026-06-02 16:43:15.494,2302134950,72494,2,-0.62695,-0.1394,1.21509,0.809,1.931,2.313
2026-06-02 16:43:15.694,2302135150,72694,1,1.00562,0.02368,0.20825,2.115,1.672,1.786
2026-06-02 16:43:15.694,2302135150,72694,2,-0.61401,-0.09155,1.20142,-14.771,10.191,35.878
2026-06-02 16:43:16.894,2302136350,72894,1,1.01392,-0.01172,0.18408,3.756,2.389,1.145
2026-06-02 16:43:16.894,2302136350,72894,2,-0.75293,-0.15601,1.28418,-27.481,-7.298,20.573
2026-06-02 16:43:16.094,2302135550,73094,1,1.02051,0.06152,0.20874,4.756,-0.366,-7.466
2026-06-02 16:43:16.094,2302135550,73094,2,-0.61597,-0.13623,1.20874,-23.214,14.924,20.695
2026-06-02 16:43:16.294,2302135750,73294,1,0.96948,0.03784,0.16748,10.542,4.076,19.122
2026-06-02 16:43:16.294,2302135750,73294,2,-0.63208,-0.02393,1.13477,-7.595,-6.038,-1.115
2026-06-02 16:43:16.494,2302135950,73494,1,0.9978,-0.03442,0.21997,7.618,5.229,23.656
2026-06-02 16:43:16.494,2302135950,73494,2,-0.72559,-0.1875,1.34326,39.817,41.008,-2.176
2026-06-02 16:43:16.694,2302136150,73694,1,0.99023,-0.05908,0.23901,9.992,-4.534,5.389
2026-06-02 16:43:16.694,2302136150,73694,2,-0.63696,-0.13306,1.48633,-22.137,-28.344,-40.084
2026-06-02 16:43:17.894,2302137350,73894,1,0.98413,-0.07837,0.18652,7.168,-4.099,6.985
2026-06-02 16:43:17.894,2302137350,73894,2,-0.63916,0.00317,1.09399,-15.969,17.725,10.763
2026-06-02 16:43:17.094,2302136550,74094,1,1.02002,-0.08765,0.2085,-1.954,-0.908,-2.58
2026-06-02 16:43:17.094,2302136550,74094,2,-0.5874,-0.05322,1.23486,11.092,22.397,-3.122
2026-06-02 16:43:17.294,2302136750,74294,1,1.00391,-0.08398,0.18188,0.206,-3.908,4.198
2026-06-02 16:43:17.294,2302136750,74294,2,-0.6062,-0.05664,1.21948,-9.664,-11.641,12.832
2026-06-02 16:43:17.494,2302136950,74494,1,0.99683,-0.08374,0.20703,5.71,0.748,1.649
2026-06-02 16:43:17.494,2302136950,74494,2,-0.60181,-0.01123,1.23877,-5.618,-9.947,-0.687
2026-06-02 16:43:17.694,2302137150,74694,1,1.00732,-0.07178,0.21362,-1.084,-0.908,0.031
2026-06-02 16:43:17.694,2302137150,74694,2,-0.65039,-0.11743,1.20972,-2.046,12.489,0.252
2026-06-02 16:43:18.894,2302138350,74894,1,0.99927,-0.12109,0.18774,0.519,-0.084,-0.038
2026-06-02 16:43:18.894,2302138350,74894,2,-0.57983,-0.00464,1.22046,-8.26,-4.672,2.718
2026-06-02 16:43:18.094,2302137550,75094,1,0.99927,-0.11206,0.20605,-4.115,1.412,-1.748
2026-06-02 16:43:18.094,2302137550,75094,2,-0.63672,-0.06299,1.20337,3.496,2.504,-8.618
2026-06-02 16:43:18.294,2302137750,75294,1,1.00708,-0.10181,0.20239,-2.863,1.794,-2.389
2026-06-02 16:43:18.294,2302137750,75294,2,-0.59229,-0.03149,1.23242,6.985,3.137,-3.038
2026-06-02 16:43:18.494,2302137950,75494,1,1.00366,-0.10303,0.19556,-1.122,0.924,0.397
2026-06-02 16:43:18.494,2302137950,75494,2,-0.5979,-0.05615,1.26025,-3.832,-7.962,-1.519
2026-06-02 16:43:18.694,2302138150,75694,1,1.00879,-0.09009,0.22119,-0.969,-0.366,0.557
2026-06-02 16:43:18.694,2302138150,75694,2,-0.60718,-0.03857,1.23364,-4.359,-1.244,5.542
2026-06-02 16:43:19.894,2302139350,75894,1,1.0,-0.09814,0.20996,-0.885,-0.176,1.038
2026-06-02 16:43:19.894,2302139350,75894,2,-0.59424,-0.04028,1.23438,1.611,4.321,-0.466
2026-06-02 16:43:19.094,2302138550,76094,1,1.00171,-0.09717,0.20288,-1.794,-0.084,-1.443
2026-06-02 16:43:19.094,2302138550,76094,2,-0.59375,-0.05981,1.24634,-6.137,-0.557,3.908
2026-06-02 16:43:19.294,2302138750,76294,1,0.99072,-0.11011,0.18872,-2.053,0.779,-1.58
2026-06-02 16:43:19.294,2302138750,76294,2,-0.57227,-0.00928,1.23267,-1.481,1.389,3.061
2026-06-02 16:43:19.494,2302138950,76494,1,0.99951,-0.09766,0.20483,-3.153,1.481,0.206
2026-06-02 16:43:19.494,2302138950,76494,2,-0.5957,-0.07373,1.25391,2.87,7.893,2.573
2026-06-02 16:43:19.694,2302139150,76694,1,0.99316,-0.0896,0.1936,-1.0,0.489,-1.183
2026-06-02 16:43:19.694,2302139150,76694,2,-0.58154,-0.03662,1.2439,-2.664,-6.046,0.863
2026-06-02 16:43:20.894,2302140350,76894,1,1.00684,-0.0957,0.20532,-1.55,0.45,0.145
2026-06-02 16:43:20.894,2302140350,76894,2,-0.69556,-0.17334,1.26343,2.588,-1.031,-11.679
2026-06-02 16:43:20.094,2302139550,77094,1,0.99756,-0.10132,0.21045,-4.397,0.71,-3.13
2026-06-02 16:43:20.094,2302139550,77094,2,-0.46826,-0.05957,1.26294,8.084,13.351,16.321
2026-06-02 16:43:20.294,2302139750,77294,1,0.99707,-0.07153,0.2168,-2.504,1.649,-1.107
2026-06-02 16:43:20.294,2302139750,77294,2,-0.72949,-0.06152,1.18823,35.336,15.779,-11.443
2026-06-02 16:43:20.494,2302139950,77494,1,1.00586,-0.0874,0.20215,-9.397,2.885,-2.58
2026-06-02 16:43:20.494,2302139950,77494,2,-0.57495,-0.01367,1.34814,-3.458,10.786,-40.412
2026-06-02 16:43:20.694,2302140150,77694,1,1.00269,-0.08374,0.19995,-4.916,3.344,-1.542
2026-06-02 16:43:20.694,2302140150,77694,2,-0.55298,-0.15381,1.18066,-21.313,-53.763,-42.489
2026-06-02 16:43:21.894,2302141350,77894,1,0.98462,-0.11499,0.26001,-3.16,-4.382,-5.771
2026-06-02 16:43:21.894,2302141350,77894,2,-0.70215,-0.15918,1.1438,13.336,26.061,32.71
2026-06-02 16:43:21.094,2302140550,78094,1,1.00952,-0.05127,0.16553,-4.0,-1.634,-7.824
2026-06-02 16:43:21.094,2302140550,78094,2,-0.40405,-0.1001,1.24414,-27.099,-26.74,-18.389
2026-06-02 16:43:21.294,2302140750,78294,1,1.0061,-0.02002,0.2002,-3.527,3.931,-0.191
2026-06-02 16:43:21.294,2302140750,78294,2,-0.5874,-0.17505,1.14819,3.916,22.71,14.504
2026-06-02 16:43:21.494,2302140950,78494,1,1.00122,-0.03174,0.20972,-19.115,5.053,-9.511
2026-06-02 16:43:21.494,2302140950,78494,2,-0.52393,-0.26733,1.28076,7.58,19.031,4.496
2026-06-02 16:43:21.694,2302141150,78694,1,1.00098,-0.02832,0.20776,-7.237,2.29,-2.779
2026-06-02 16:43:21.694,2302141150,78694,2,-0.59229,-0.1499,1.14478,10.771,-20.954,4.061
2026-06-02 16:43:22.894,2302142350,78894,1,0.99756,-0.01538,0.20825,-5.565,1.214,-2.702
2026-06-02 16:43:22.894,2302142350,78894,2,-0.58716,-0.09277,1.21533,9.397,-0.573,5.046
2026-06-02 16:43:22.094,2302141550,79094,1,1.07788,-0.02783,0.27393,-30.366,-5.725,-10.351
2026-06-02 16:43:22.094,2302141550,79094,2,-0.63306,-0.146,1.21948,8.092,1.939,10.863
2026-06-02 16:43:22.294,2302141750,79294,1,0.94751,0.00732,0.3418,-86.733,-10.252,4.313
2026-06-02 16:43:22.294,2302141750,79294,2,-0.4624,-0.10303,1.13232,12.298,4.366,-17.534
2026-06-02 16:43:22.494,2302141950,79494,1,1.0144,-0.24683,-0.10205,-48.008,-9.321,-47.366
2026-06-02 16:43:22.494,2302141950,79494,2,-0.59253,0.00073,1.87573,84.13,38.908,-7.947
2026-06-02 16:43:22.694,2302142150,79694,1,1.00903,0.10962,0.01685,19.29,-6.641,33.786
2026-06-02 16:43:22.694,2302142150,79694,2,-0.82813,-0.21509,1.2666,26.756,-32.427,-7.008
2026-06-02 16:43:23.894,2302143350,79894,1,1.09448,0.05396,0.18555,34.42,17.702,-24.992
2026-06-02 16:43:23.894,2302143350,79894,2,-0.646,-0.2334,1.22461,-11.458,-23.733,0.145
2026-06-02 16:43:23.094,2302142550,80094,1,0.94434,0.41821,0.33447,9.626,33.527,-53.0
2026-06-02 16:43:23.094,2302142550,80094,2,-0.46021,-0.10938,0.88916,-11.107,-36.618,-35.611
2026-06-02 16:43:23.294,2302142750,80294,1,0.93677,0.39697,0.06372,-14.634,12.015,-33.725
2026-06-02 16:43:23.294,2302142750,80294,2,-0.46802,-0.35718,1.23071,17.595,34.618,-9.573
2026-06-02 16:43:23.494,2302142950,80494,1,0.90405,0.35229,0.12402,15.115,-16.023,5.031
2026-06-02 16:43:23.494,2302142950,80494,2,-0.43774,-0.30664,1.18384,3.183,-30.985,-24.763
2026-06-02 16:43:23.694,2302143150,80694,1,1.05493,0.29688,0.07275,-17.13,-10.771,1.328
2026-06-02 16:43:23.694,2302143150,80694,2,-0.52319,-0.35913,1.38574,22.435,58.145,23.389
2026-06-02 16:43:24.894,2302144350,80894,1,0.93726,0.30737,0.1604,-17.0,4.779,-16.557
2026-06-02 16:43:24.894,2302144350,80894,2,-0.40503,-0.3501,1.26538,-9.611,7.656,5.824
2026-06-02 16:43:24.094,2302143550,81094,1,0.99927,0.20923,0.07642,24.985,0.618,7.466
2026-06-02 16:43:24.094,2302143550,81094,2,-0.38843,-0.35059,1.1333,-4.13,-31.405,-24.427
2026-06-02 16:43:24.294,2302143750,81294,1,1.02051,0.3125,0.01245,22.985,6.962,-21.244
2026-06-02 16:43:24.294,2302143750,81294,2,-0.49658,-0.27319,1.26733,-14.916,-24.733,-22.313
2026-06-02 16:43:24.494,2302143950,81494,1,0.96875,0.38013,0.03101,-14.153,5.092,-14.466
2026-06-02 16:43:24.494,2302143950,81494,2,-0.31519,-0.427,1.27856,9.168,12.893,7.214
2026-06-02 16:43:24.694,2302144150,81694,1,0.95337,0.39258,0.06299,4.542,3.099,3.458
2026-06-02 16:43:24.694,2302144150,81694,2,-0.41626,-0.33301,1.21655,-21.779,-27.763,-5.153
2026-06-02 16:43:25.894,2302145350,81894,1,0.94824,0.37134,0.0625,-12.924,-0.824,-1.336
2026-06-02 16:43:25.894,2302145350,81894,2,-0.36865,-0.33667,1.24487,-12.046,-5.71,-9.824
2026-06-02 16:43:25.094,2302144550,82094,1,0.94336,0.38477,0.07446,-11.099,-2.702,10.473
2026-06-02 16:43:25.094,2302144550,82094,2,-0.26514,-0.42822,1.26514,-0.046,2.725,7.878
2026-06-02 16:43:25.294,2302144750,82294,1,0.96387,0.37915,0.08545,-5.878,7.718,14.008
2026-06-02 16:43:25.294,2302144750,82294,2,-0.44092,-0.35059,1.13745,-12.427,-28.786,-6.618
2026-06-02 16:43:25.494,2302144950,82494,1,0.97363,0.38159,0.10083,-21.13,0.809,11.496
2026-06-02 16:43:25.494,2302144950,82494,2,-0.38013,-0.34741,1.15356,15.809,35.702,10.962
2026-06-02 16:43:25.694,2302145150,82694,1,1.03882,0.17456,0.19409,23.13,-20.344,27.435
2026-06-02 16:43:25.694,2302145150,82694,2,-0.50366,-0.27979,1.49194,7.878,-14.443,9.473
2026-06-02 16:43:26.894,2302146350,82894,1,0.89673,0.01733,0.23584,12.008,7.71,0.893
2026-06-02 16:43:26.894,2302146350,82894,2,-0.37573,0.05298,1.22095,9.763,-18.237,8.893
2026-06-02 16:43:26.094,2302145550,83094,1,0.9624,0.28027,0.22778,-25.74,4.718,14.115
2026-06-02 16:43:26.094,2302145550,83094,2,-0.55859,-0.36084,1.19678,-0.069,14.031,-24.45
2026-06-02 16:43:26.294,2302145750,83294,1,1.2522,0.22974,0.24683,-24.672,15.748,-12.053
2026-06-02 16:43:26.294,2302145750,83294,2,-0.50708,-0.26831,1.46899,77.954,14.893,39.267
2026-06-02 16:43:26.494,2302145950,83494,1,0.8833,0.2666,0.27271,11.603,-15.229,3.58
2026-06-02 16:43:26.494,2302145950,83494,2,-0.53076,-0.24927,1.31348,32.336,7.267,-11.863
2026-06-02 16:43:26.694,2302146150,83694,1,1.08984,0.07837,0.20654,-7.221,-35.252,67.305
2026-06-02 16:43:26.694,2302146150,83694,2,-0.67261,-0.20679,1.49829,68.168,7.511,-47.649
2026-06-02 16:43:27.894,2302147350,83894,1,0.87036,-0.14868,0.09155,-33.794,7.618,-20.183
2026-06-02 16:43:27.894,2302147350,83894,2,-0.45703,0.01978,1.2002,43.786,-21.153,-20.802
2026-06-02 16:43:27.094,2302146550,84094,1,1.1145,-0.30762,-0.25537,114.656,2.305,90.771
2026-06-02 16:43:27.094,2302146550,84094,2,-0.54492,0.34766,1.15405,24.847,-36.053,72.084
2026-06-02 16:43:27.294,2302146750,84294,1,0.96313,0.98706,-0.12329,-167.008,30.74,61.802
2026-06-02 16:43:27.294,2302146750,84294,2,-0.55859,0.31274,1.99994,14.885,92.405,122.779
2026-06-02 16:43:27.494,2302146950,84494,1,0.97778,-0.62891,-0.03662,59.489,-46.527,6.542
2026-06-02 16:43:27.494,2302146950,84494,2,-0.08691,0.18945,1.4978,-38.832,21.206,-15.504
2026-06-02 16:43:27.694,2302147150,84694,1,1.18213,-0.48901,-0.09131,120.58,-12.702,52.863
2026-06-02 16:43:27.694,2302147150,84694,2,-0.56836,0.20435,1.33374,-40.504,-195.053,-99.137
2026-06-02 16:43:28.894,2302148350,84894,1,1.05688,-0.42383,-0.01904,44.511,16.939,12.641
2026-06-02 16:43:28.894,2302148350,84894,2,-0.57788,0.09302,1.40552,-25.229,42.573,14.695
2026-06-02 16:43:28.094,2302147550,85094,1,0.91284,-0.33447,0.02441,-47.511,34.634,-65.427
2026-06-02 16:43:28.094,2302147550,85094,2,-0.60474,0.11816,1.39185,-12.29,58.183,-90.939
2026-06-02 16:43:28.294,2302147750,85294,1,0.95239,-0.15356,-0.1377,22.183,-37.618,-16.427
2026-06-02 16:43:28.294,2302147750,85294,2,-0.32935,0.07739,1.51001,-15.672,30.489,43.863
2026-06-02 16:43:28.535,2302147991,85535,1,0.98169,0.59473,0.5481,-104.527,148.725,-34.16
2026-06-02 16:43:28.535,2302147991,85535,2,-0.60498,0.17139,1.35229,-11.206,-57.893,19.466
2026-06-02 16:43:28.735,2302148191,85735,1,0.97852,0.09375,0.33057,96.008,-82.328,-32.595
2026-06-02 16:43:28.735,2302148191,85735,2,-0.84058,-0.21411,1.36963,-41.382,97.046,129.374
2026-06-02 16:43:29.935,2302149391,85935,1,1.14185,-0.14966,-0.51025,-204.092,-9.435,-27.458
2026-06-02 16:43:29.935,2302149391,85935,2,-0.40479,-0.16919,1.99994,-29.58,18.435,18.817
2026-06-02 16:43:29.135,2302148591,86135,1,1.02686,0.03101,-0.00342,32.519,51.511,-36.267
2026-06-02 16:43:29.135,2302148591,86135,2,-1.00244,-1.02173,1.28174,97.084,-0.115,91.313
2026-06-02 16:43:29.335,2302148791,86335,1,0.97656,0.41846,0.16113,11.214,69.802,-58.733
2026-06-02 16:43:29.335,2302148791,86335,2,-0.43848,-0.12354,0.78784,34.672,90.718,60.115
2026-06-02 16:43:29.535,2302148991,86535,1,0.8208,0.24902,0.51953,29.58,17.137,38.954
2026-06-02 16:43:29.535,2302148991,86535,2,-0.92139,-0.20972,1.15259,4.511,-3.206,12.221
2026-06-02 16:43:29.735,2302149191,86735,1,0.84253,0.43848,0.15405,29.466,18.931,-83.847
2026-06-02 16:43:29.735,2302149191,86735,2,-0.47607,-0.10181,0.99805,-46.969,-85.298,-30.786
2026-06-02 16:43:30.935,2302150391,86935,1,0.75757,0.4917,0.34155,-47.672,54.824,-40.565
2026-06-02 16:43:30.935,2302150391,86935,2,-0.52075,-0.22949,1.21948,3.817,-34.496,-7.748
2026-06-02 16:43:30.135,2302149591,87135,1,0.60669,0.47046,0.49829,8.725,7.748,5.405
2026-06-02 16:43:30.135,2302149591,87135,2,-0.14575,-0.22217,1.20459,-31.137,-86.901,-43.069
2026-06-02 16:43:30.335,2302149791,87335,1,0.66064,0.45898,0.43481,-1.015,-1.099,9.947
2026-06-02 16:43:30.335,2302149791,87335,2,-0.34766,-0.29077,1.40186,1.908,29.71,10.748
2026-06-02 16:43:30.535,2302149991,87535,1,0.65918,0.51294,0.4187,21.198,13.069,-6.267
2026-06-02 16:43:30.535,2302149991,87535,2,-0.38184,-0.21313,1.24146,6.069,-9.267,9.206
2026-06-02 16:43:30.735,2302150191,87735,1,0.6709,0.573,0.35376,-3.969,5.382,-8.504
2026-06-02 16:43:30.735,2302150191,87735,2,-0.28687,-0.19189,1.31714,4.885,52.191,25.947
2026-06-02 16:43:31.935,2302151391,87935,1,0.63599,0.57495,0.34888,-3.221,1.901,-2.031
2026-06-02 16:43:31.935,2302151391,87935,2,-0.38745,-0.32422,1.29492,7.664,40.176,14.351
2026-06-02 16:43:31.135,2302150591,88135,1,0.64038,0.55322,0.38501,-7.061,4.939,-0.458
2026-06-02 16:43:31.135,2302150591,88135,2,-0.48511,-0.22656,1.36523,-0.168,-7.275,-4.947
2026-06-02 16:43:31.335,2302150791,88335,1,0.64697,0.57617,0.37817,0.931,-1.107,4.374
2026-06-02 16:43:31.335,2302150791,88335,2,-0.41626,-0.2605,1.36133,-0.42,10.405,7.061
2026-06-02 16:43:31.535,2302150991,88535,1,0.59985,0.65259,0.35254,28.931,-10.977,19.901
2026-06-02 16:43:31.535,2302150991,88535,2,-0.38428,-0.25024,1.28101,-2.504,-1.145,0.122
2026-06-02 16:43:31.735,2302151191,88735,1,0.66089,0.60791,0.34155,-2.603,1.443,-1.458
2026-06-02 16:43:31.735,2302151191,88735,2,-0.4231,-0.23584,1.2959,-5.656,-7.863,-3.496
2026-06-02 16:43:32.935,2302152391,88935,1,0.66992,0.60352,0.33472,1.626,-0.229,3.336
2026-06-02 16:43:32.935,2302152391,88935,2,-0.43848,-0.23218,1.29639,-0.557,-1.328,-0.076
2026-06-02 16:43:32.135,2302151591,89135,1,0.6438,0.56812,0.36987,-29.626,-0.74,-13.328
2026-06-02 16:43:32.135,2302151591,89135,2,-0.39331,-0.2561,1.29688,-9.489,-17.115,-8.473
2026-06-02 16:43:32.335,2302151791,89335,1,0.65625,0.59497,0.35986,5.55,0.397,4.847
2026-06-02 16:43:32.335,2302151791,89335,2,-0.39746,-0.25781,1.29834,-1.191,-0.45,-1.496
2026-06-02 16:43:32.535,2302151991,89535,1,0.61182,0.5498,0.45581,-37.443,-12.267,-19.702
2026-06-02 16:43:32.535,2302151991,89535,2,-0.40381,-0.24976,1.28955,3.107,11.359,9.221
2026-06-02 16:43:32.735,2302152191,89735,1,0.62451,0.55444,0.46387,8.0,-2.634,6.069
2026-06-02 16:43:32.735,2302152191,89735,2,-0.46411,-0.21875,1.28369,0.893,7.16,4.649
2026-06-02 16:43:33.935,2302153391,89935,1,0.63843,0.56592,0.43042,1.046,-0.183,1.725
2026-06-02 16:43:33.935,2302153391,89935,2,-0.47583,-0.22583,1.29565,3.977,12.771,9.031
2026-06-02 16:43:33.135,2302152591,90135,1,0.63843,0.56421,0.37915,10.527,2.244,5.557
2026-06-02 16:43:33.135,2302152591,90135,2,-0.44824,-0.20679,1.2085,-6.382,1.863,0.336
2026-06-02 16:43:33.335,2302152791,90335,1,0.62866,0.55664,0.43921,-6.023,2.122,-3.779
2026-06-02 16:43:33.335,2302152791,90335,2,-0.58472,-0.24829,1.26343,-6.573,5.305,3.038
2026-06-02 16:43:33.535,2302152991,90535,1,0.62769,0.58691,0.38037,13.084,3.214,4.71
2026-06-02 16:43:33.535,2302152991,90535,2,-0.50342,-0.16211,1.1604,-1.695,-1.107,-1.985
2026-06-02 16:43:33.735,2302153191,90735,1,0.63525,0.61328,0.31421,51.595,30.427,10.153
2026-06-02 16:43:33.735,2302153191,90735,2,-0.4624,-0.14429,1.24219,-7.557,-16.794,-14.023
2026-06-02 16:43:34.935,2302154391,90935,1,0.41211,0.64502,0.31836,14.519,-1.695,-1.954
2026-06-02 16:43:34.935,2302154391,90935,2,-0.45142,-0.19897,1.27637,-15.061,-22.611,-14.275
2026-06-02 16:43:34.135,2302153591,91135,1,0.54517,0.69092,0.36206,-4.763,-0.435,-1.336
2026-06-02 16:43:34.135,2302153591,91135,2,-0.37402,-0.29346,1.30566,0.237,9.191,6.779
2026-06-02 16:43:34.335,2302153791,91335,1,0.55762,0.68555,0.37012,-5.908,-3.168,1.137
2026-06-02 16:43:34.335,2302153791,91335,2,-0.43823,-0.24878,1.26831,2.771,8.053,2.809
2026-06-02 16:43:34.535,2302153991,91535,1,0.52905,0.70044,0.35767,-5.008,1.885,-4.573
2026-06-02 16:43:34.535,2302153991,91535,2,-0.42554,-0.2793,1.32056,-2.695,-6.527,-0.756
2026-06-02 16:43:34.735,2302154191,91735,1,0.52466,0.69897,0.38403,-1.603,-0.244,0.504
2026-06-02 16:43:34.735,2302154191,91735,2,-0.37183,-0.27661,1.29614,-3.344,-2.527,-4.679
2026-06-02 16:43:35.935,2302155391,91935,1,0.5293,0.68628,0.35449,-3.878,1.893,0.511
2026-06-02 16:43:35.935,2302155391,91935,2,-0.34595,-0.28516,1.29907,-3.427,-8.962,-8.519
2026-06-02 16:43:35.135,2302154591,92135,1,0.52734,0.65552,0.38452,-7.855,0.305,1.412
2026-06-02 16:43:35.135,2302154591,92135,2,-0.31274,-0.31567,1.30615,2.733,4.176,2.008
2026-06-02 16:43:35.335,2302154791,92335,1,0.52954,0.66504,0.4165,-7.351,-2.145,0.015
2026-06-02 16:43:35.335,2302154791,92335,2,-0.24341,-0.33618,1.33813,-3.832,0.771,2.595
2026-06-02 16:43:35.535,2302154991,92535,1,0.52588,0.66895,0.42871,-0.969,-1.74,1.626
2026-06-02 16:43:35.535,2302154991,92535,2,-0.24268,-0.29077,1.32983,3.16,14.756,10.626
2026-06-02 16:43:35.735,2302155191,92735,1,0.53027,0.66675,0.4165,25.252,-48.756,38.649
2026-06-02 16:43:35.735,2302155191,92735,2,-0.42163,-0.27075,1.32178,18.427,71.863,53.519
2026-06-02 16:43:36.935,2302156391,92935,1,0.58276,0.64575,0.30176,0.809,6.45,-7.321
2026-06-02 16:43:36.935,2302156391,92935,2,-0.51294,-0.21313,1.33472,-6.481,-3.947,-26.221
2026-06-02 16:43:36.135,2302155591,93135,1,0.552,0.68481,0.34766,-9.183,13.29,-11.496
2026-06-02 16:43:36.135,2302155591,93135,2,-0.3252,-0.44604,1.4375,25.947,63.26,66.634
2026-06-02 16:43:36.335,2302155791,93335,1,0.5459,0.66626,0.29517,12.641,-2.496,-2.695
2026-06-02 16:43:36.335,2302155791,93335,2,-0.49097,-0.57251,0.9856,-82.588,-181.489,-37.618
2026-06-02 16:43:36.535,2302155991,93535,1,0.3562,0.4646,0.66138,-84.412,-7.435,-47.511
2026-06-02 16:43:36.535,2302155991,93535,2,0.49146,-0.58057,1.14624,-35.0,-76.534,-35.969
2026-06-02 16:43:36.735,2302156191,93735,1,0.60815,0.40161,0.65259,37.55,-44.443,-2.038
2026-06-02 16:43:36.735,2302156191,93735,2,0.50928,-0.42505,1.05811,28.504,-0.015,19.542
2026-06-02 16:43:37.935,2302157391,93935,1,0.63745,0.41504,0.43408,15.366,-20.756,-3.191
2026-06-02 16:43:37.935,2302157391,93935,2,0.41431,-0.45898,1.21631,15.069,57.046,14.901
2026-06-02 16:43:37.135,2302156591,94135,1,0.64502,0.47266,0.57715,21.679,-24.008,12.817
2026-06-02 16:43:37.135,2302156591,94135,2,0.1936,-0.15454,1.34863,47.244,83.534,21.992
2026-06-02 16:43:37.335,2302156791,94335,1,0.80054,0.4519,0.39771,-15.992,-0.29,-20.962
2026-06-02 16:43:37.335,2302156791,94335,2,-0.18286,-0.18408,1.27637,-2.031,7.099,39.206
2026-06-02 16:43:37.724,2302157180,94724,1,0.9541,0.44897,0.26099,-25.84,28.412,18.092
2026-06-02 16:43:37.724,2302157180,94724,2,0.00684,-0.30469,1.20996,16.061,-19.252,-5.29
2026-06-02 16:43:38.924,2302158380,94924,1,0.8916,0.23364,0.26733,-3.786,-3.924,-11.885
2026-06-02 16:43:38.924,2302158380,94924,2,0.18384,-0.41504,1.31909,-2.092,-46.618,-10.427
2026-06-02 16:43:38.124,2302157580,95124,1,0.82739,0.448,0.36865,-56.122,3.168,-10.702
2026-06-02 16:43:38.124,2302157580,95124,2,0.27051,-0.48315,1.34595,-5.137,-17.786,-5.534
2026-06-02 16:43:38.324,2302157780,95324,1,0.77954,0.4707,0.49512,-72.74,69.008,17.137
2026-06-02 16:43:38.324,2302157780,95324,2,0.08374,-0.32739,1.16479,-25.427,-26.328,-12.557
2026-06-02 16:43:38.524,2302157980,95524,1,0.61328,-0.04907,0.59741,10.748,16.008,65.519
2026-06-02 16:43:38.524,2302157980,95524,2,0.08643,-0.27148,1.27295,27.763,52.405,27.672
2026-06-02 16:43:38.724,2302158180,95724,1,0.81763,-0.29639,0.57886,59.771,-33.527,28.214
2026-06-02 16:43:38.724,2302158180,95724,2,-0.07202,-0.34888,1.52588,19.061,20.473,44.389
2026-06-02 16:43:39.924,2302159380,95924,1,0.74097,-0.16113,0.41821,46.977,-38.115,5.519
2026-06-02 16:43:39.924,2302159380,95924,2,-0.02197,-0.34888,1.31128,-5.237,9.42,1.977
2026-06-02 16:43:39.124,2302158580,96124,1,0.97021,0.05054,0.5249,2.008,24.756,16.55
2026-06-02 16:43:39.124,2302158580,96124,2,-0.10474,-0.39575,1.42236,-17.443,-25.695,-48.344
2026-06-02 16:43:39.324,2302158780,96324,1,0.76123,-0.04639,0.63599,3.542,39.122,-3.534
2026-06-02 16:43:39.324,2302158780,96324,2,-0.31885,-0.2876,1.29541,-7.748,12.275,-6.794
2026-06-02 16:43:39.524,2302158980,96524,1,0.85669,-0.03271,0.52173,26.023,-32.573,-30.244
2026-06-02 16:43:39.524,2302158980,96524,2,-0.17773,-0.42114,1.45972,-11.58,4.534,35.847
2026-06-02 16:43:39.724,2302159180,96724,1,0.7749,0.08838,0.47217,-8.031,22.718,-12.878
2026-06-02 16:43:39.724,2302159180,96724,2,-0.10132,-0.39429,1.3396,0.115,-14.824,-22.992
2026-06-02 16:43:40.924,2302160380,96924,1,0.71631,0.02441,0.6438,4.0,7.336,-2.076
2026-06-02 16:43:40.924,2302160380,96924,2,-0.22241,-0.31592,1.2915,5.962,8.977,17.298
2026-06-02 16:43:40.124,2302159580,97124,1,0.70923,0.11328,0.54688,-0.908,6.145,-6.679
2026-06-02 16:43:40.124,2302159580,97124,2,-0.17798,-0.3916,1.34009,-4.214,16.282,21.626
2026-06-02 16:43:40.324,2302159780,97324,1,0.72046,0.14673,0.59473,4.351,16.992,-13.985
2026-06-02 16:43:40.324,2302159780,97324,2,-0.1958,-0.44751,1.35547,-12.183,-15.053,-11.519
2026-06-02 16:43:40.524,2302159980,97524,1,0.64307,0.20459,0.63672,14.359,19.756,-17.473
2026-06-02 16:43:40.524,2302159980,97524,2,-0.15405,-0.26855,1.25244,11.893,35.435,33.71
2026-06-02 16:43:40.724,2302160180,97724,1,0.6062,0.25854,0.63843,11.511,12.84,-18.863
2026-06-02 16:43:40.724,2302160180,97724,2,-0.20288,-0.48608,1.32153,10.679,16.221,22.221
2026-06-02 16:43:41.940,2302161396,97940,1,0.61475,0.44922,0.59302,48.252,-16.206,-6.779
2026-06-02 16:43:41.940,2302161396,97940,2,-0.32227,-0.32104,1.31885,11.244,11.557,8.221
2026-06-02 16:43:41.140,2302160596,98140,1,0.56445,0.41919,0.50244,-6.443,-0.748,-17.534
2026-06-02 16:43:41.140,2302160596,98140,2,-0.2085,-0.27832,1.2312,12.427,14.107,27.023
2026-06-02 16:43:41.340,2302160796,98340,1,0.57715,0.42505,0.55835,-24.718,15.603,-4.87
2026-06-02 16:43:41.340,2302160796,98340,2,-0.27319,-0.19678,1.15674,-11.977,-25.282,13.672
2026-06-02 16:43:41.540,2302160996,98540,1,0.59741,0.43774,0.47754,-17.611,4.427,-2.511
2026-06-02 16:43:41.540,2302160996,98540,2,-0.48364,-0.29443,1.43481,12.71,35.809,-15.695
2026-06-02 16:43:41.740,2302161196,98740,1,0.46924,0.44214,0.53223,17.489,-13.336,-30.58
2026-06-02 16:43:41.740,2302161196,98740,2,-0.04004,-0.42529,1.50195,-24.84,-37.71,-23.397
2026-06-02 16:43:42.940,2302162396,98940,1,0.45215,0.57324,0.74316,-57.183,57.534,-7.107
2026-06-02 16:43:42.940,2302162396,98940,2,-0.4646,-0.41357,1.47217,0.496,-8.565,-4.733
2026-06-02 16:43:42.140,2302161596,99140,1,0.36719,0.46118,0.67261,7.115,-46.977,24.305
2026-06-02 16:43:42.140,2302161596,99140,2,-0.11206,-0.34131,1.13867,13.725,33.595,46.786
2026-06-02 16:43:42.340,2302161796,99340,1,0.61084,0.3894,0.57202,-18.58,23.534,2.053
2026-06-02 16:43:42.340,2302161796,99340,2,-0.13354,-0.45703,1.2749,-24.099,-59.328,-51.695
2026-06-02 16:43:42.540,2302161996,99540,1,0.5918,0.21973,0.60596,-12.664,6.863,-22.809
2026-06-02 16:43:42.540,2302161996,99540,2,-0.02148,-0.01074,0.97485,-25.802,2.641,-16.389
2026-06-02 16:43:42.740,2302162196,99740,1,0.7229,0.14282,0.61963,52.931,-54.687,26.26
2026-06-02 16:43:42.740,2302162196,99740,2,-0.09155,-0.31079,1.42944,-53.275,-51.908,-104.924
2026-06-02 16:43:43.940,2302163396,99940,1,0.80029,0.22974,0.48145,5.809,-8.863,41.183
2026-06-02 16:43:43.940,2302163396,99940,2,-0.42896,-0.46802,1.57422,62.336,40.626,73.336
2026-06-02 16:43:43.140,2302162596,100140,1,0.68042,0.14185,0.50342,-2.71,-34.015,47.13
2026-06-02 16:43:43.140,2302162596,100140,2,-0.3103,0.05542,1.34863,62.114,32.145,39.534
2026-06-02 16:43:43.340,2302162796,100340,1,0.97021,-0.09839,0.2959,-41.489,-27.076,66.855
2026-06-02 16:43:43.340,2302162796,100340,2,-0.13501,0.13574,1.47974,61.115,27.924,77.466
2026-06-02 16:43:43.540,2302162996,100540,1,0.87012,-0.28418,0.19336,-14.969,-28.573,61.947
2026-06-02 16:43:43.540,2302162996,100540,2,-0.45313,-0.02051,1.19653,16.611,10.099,35.137
2026-06-02 16:43:43.740,2302163196,100740,1,0.9751,-0.15771,0.23193,23.786,-30.405,44.992
2026-06-02 16:43:43.740,2302163196,100740,2,-0.3269,0.19678,1.32446,33.305,59.725,-12.405
2026-06-02 16:43:44.940,2302164396,100940,1,0.96045,-0.1731,0.14844,46.603,-2.695,45.611
2026-06-02 16:43:44.940,2302164396,100940,2,-0.396,0.08301,1.44434,12.061,-37.0,26.809
2026-06-02 16:43:44.140,2302163596,101140,1,0.82324,-0.44897,0.23291,0.626,-9.359,38.504
2026-06-02 16:43:44.140,2302163596,101140,2,-0.47168,0.04419,1.34058,-6.58,-17.237,4.237
2026-06-02 16:43:44.340,2302163796,101340,1,0.91187,-0.52515,0.08447,-105.344,-8.336,-12.947
2026-06-02 16:43:44.340,2302163796,101340,2,-0.43091,0.21973,1.38159,13.763,40.603,-23.374
2026-06-02 16:43:44.540,2302163996,101540,1,0.96436,-0.40356,-0.07373,-41.046,44.015,-18.321
2026-06-02 16:43:44.540,2302163996,101540,2,-0.38867,0.19995,1.24268,-5.13,-30.153,-10.763
2026-06-02 16:43:44.740,2302164196,101740,1,0.84546,-0.65576,-0.00098,-11.305,16.069,-8.092
2026-06-02 16:43:44.740,2302164196,101740,2,-0.01294,0.47705,1.31226,126.74,-136.634,50.985
2026-06-02 16:43:45.940,2302165396,101940,1,0.92456,-0.47388,0.0293,-3.015,3.733,-12.328
2026-06-02 16:43:45.940,2302165396,101940,2,-0.85547,-1.37427,1.99994,-107.885,109.565,208.634
2026-06-02 16:43:45.140,2302164596,102140,1,0.86304,-0.63379,0.11304,20.099,43.305,-20.992
2026-06-02 16:43:45.140,2302164596,102140,2,0.25903,0.97729,0.93604,120.153,235.321,99.252
2026-06-02 16:43:45.340,2302164796,102340,1,1.02808,-0.50146,0.14795,37.611,2.939,-27.321
2026-06-02 16:43:45.340,2302164796,102340,2,0.10718,0.88232,1.17358,-11.084,-208.519,0.603
2026-06-02 16:43:45.540,2302164996,102540,1,1.16504,-0.33398,0.22241,59.099,60.107,50.42
2026-06-02 16:43:45.540,2302164996,102540,2,0.21875,0.69971,1.99994,-32.198,72.802,66.802
2026-06-02 16:43:45.740,2302165196,102740,1,0.78833,-0.02051,0.56152,3.824,-5.374,47.542
2026-06-02 16:43:45.740,2302165196,102740,2,-0.11279,0.69043,0.89844,-19.847,-49.412,-14.939
2026-06-02 16:43:46.940,2302166396,102940,1,0.72778,-0.32471,0.25757,12.374,-38.702,77.099
2026-06-02 16:43:46.940,2302166396,102940,2,0.52734,0.75098,1.0166,59.344,-43.481,-22.878
2026-06-02 16:43:46.140,2302165596,103140,1,0.76782,-0.42065,0.05298,15.725,38.374,40.87
2026-06-02 16:43:46.140,2302165596,103140,2,0.04639,0.58862,0.927,-1.084,-25.649,-10.573
2026-06-02 16:43:46.340,2302165796,103340,1,0.54639,-0.38135,0.34424,-23.893,40.489,-58.282
2026-06-02 16:43:46.340,2302165796,103340,2,0.17505,0.52466,0.81787,-33.878,30.45,-116.947
2026-06-02 16:43:46.540,2302165996,103540,1,0.23169,1.15576,1.05542,-102.511,84.015,-250.137
2026-06-02 16:43:46.540,2302165996,103540,2,-0.13818,0.54712,0.97314,73.809,-221.588,-250.137
2026-06-02 16:43:46.740,2302166196,103740,1,0.94482,-0.40112,-0.45972,-250.137,-20.542,-31.427
2026-06-02 16:43:46.740,2302166196,103740,2,0.56787,0.46729,1.77637,76.802,-250.137,89.695
2026-06-02 16:43:47.940,2302167396,103940,1,0.76465,-0.18481,-0.39819,-18.901,160.084,136.527
2026-06-02 16:43:47.940,2302167396,103940,2,0.35327,0.86865,0.7417,-94.542,110.336,139.542
2026-06-02 16:43:47.140,2302166596,104140,1,1.05811,-0.82788,0.02539,180.779,-136.771,241.924
2026-06-02 16:43:47.140,2302166596,104140,2,0.76172,0.52637,1.39185,-36.534,-59.336,45.786
2026-06-02 16:43:47.340,2302166796,104340,1,0.94556,-0.87915,-0.35571,168.252,-42.359,250.13
2026-06-02 16:43:47.340,2302166796,104340,2,1.05811,0.50317,1.13086,-7.84,-75.229,-9.305
2026-06-02 16:43:47.540,2302166996,104540,1,0.39307,-0.87622,0.3457,-5.481,-76.366,48.519
2026-06-02 16:43:47.540,2302166996,104540,2,0.67822,0.53345,0.65088,-35.145,-25.802,-67.244
2026-06-02 16:43:47.740,2302167196,104740,1,0.27905,-0.88501,0.48584,-55.008,-125.786,106.198
2026-06-02 16:43:47.740,2302167196,104740,2,0.84839,0.05737,0.78906,-36.557,59.931,81.015
2026-06-02 16:43:48.940,2302168396,104940,1,0.20435,-1.02124,-0.04272,-4.771,-36.305,21.305
2026-06-02 16:43:48.940,2302168396,104940,2,0.74268,-0.1084,1.09082,37.244,48.695,122.0
2026-06-02 16:43:48.140,2302167596,105140,1,0.23438,-0.88135,0.51074,6.519,42.504,-17.282
2026-06-02 16:43:48.140,2302167596,105140,2,0.62622,-0.07813,1.07104,-17.252,5.0,-73.359
2026-06-02 16:43:48.340,2302167796,105340,1,0.40137,-0.85645,0.28638,17.649,10.382,-0.443
2026-06-02 16:43:48.340,2302167796,105340,2,0.72998,-0.00293,1.12158,-36.45,28.374,-33.099
2026-06-02 16:43:48.540,2302167996,105540,1,0.46875,-0.92896,0.00317,-44.458,-18.58,-25.115
2026-06-02 16:43:48.540,2302167996,105540,2,0.87012,0.05005,1.01294,-3.061,-7.45,75.015
2026-06-02 16:43:48.740,2302168196,105740,1,0.02075,-0.85254,0.46265,11.931,-12.29,37.206
2026-06-02 16:43:48.740,2302168196,105740,2,0.7229,0.01318,1.15991,-17.87,-2.29,5.206
2026-06-02 16:43:49.940,2302169396,105940,1,-0.13525,-1.40161,0.17676,-109.824,-29.542,121.183
2026-06-02 16:43:49.940,2302169396,105940,2,0.7561,0.25732,1.17676,154.313,63.481,60.702
2026-06-02 16:43:49.140,2302168596,106140,1,-0.16943,-1.10327,-0.06641,-38.786,-4.817,30.328
2026-06-02 16:43:49.140,2302168596,106140,2,0.71582,0.2749,0.96973,5.55,22.802,-20.107
2026-06-02 16:43:49.340,2302168796,106340,1,-0.25293,-1.00903,-0.15454,41.557,-31.427,130.336
2026-06-02 16:43:49.340,2302168796,106340,2,0.74561,0.39307,0.96704,-41.565,-34.038,0.725
2026-06-02 16:43:49.540,2302168996,106540,1,-0.35547,-1.11865,-0.17261,-35.061,1.031,-34.366
2026-06-02 16:43:49.540,2302168996,106540,2,0.3374,0.39063,1.09302,-18.038,-9.198,-2.931
2026-06-02 16:43:49.740,2302169196,106740,1,-0.26074,-1.16919,-0.43335,-2.084,-39.221,65.435
2026-06-02 16:43:49.740,2302169196,106740,2,0.92993,0.26685,1.25269,-9.107,35.458,-62.405
2026-06-02 16:43:50.940,2302170396,106940,1,-0.36353,-1.50879,-0.14063,-30.015,37.298,-140.008
2026-06-02 16:43:50.940,2302170396,106940,2,0.65796,0.28418,0.95361,14.16,52.55,27.863
2026-06-02 16:43:50.140,2302169596,107140,1,-0.04443,-0.979,-0.00439,-9.794,-99.069,71.588
2026-06-02 16:43:50.140,2302169596,107140,2,0.90454,0.32324,1.07642,-57.0,-4.16,-12.763
2026-06-02 16:43:50.340,2302169796,107340,1,-0.13184,-1.07275,-0.13794,26.779,9.26,10.099
2026-06-02 16:43:50.340,2302169796,107340,2,0.73389,0.33447,1.00757,-30.359,-7.145,-57.634
2026-06-02 16:43:50.540,2302169996,107540,1,-0.30566,-0.82544,0.06372,1.924,28.962,20.527
2026-06-02 16:43:50.540,2302169996,107540,2,0.45435,0.21313,1.06494,4.198,-45.718,25.824
2026-06-02 16:43:50.740,2302170196,107740,1,0.28076,-2.0,0.24976,250.13,-235.16,250.13
2026-06-02 16:43:50.740,2302170196,107740,2,0.99243,-0.00537,1.91064,114.26,88.71,3.298
2026-06-02 16:43:51.940,2302171396,107940,1,0.3103,-0.56714,-0.03491,17.481,-44.359,-108.855
2026-06-02 16:43:51.940,2302171396,107940,2,0.68481,0.42358,1.02246,-2.908,5.145,12.481
2026-06-02 16:43:51.140,2302170596,108140,1,0.84229,-0.21021,-0.13867,-25.855,-51.55,250.13
2026-06-02 16:43:51.140,2302170596,108140,2,0.91211,0.35571,1.16553,-59.237,36.985,-25.954
2026-06-02 16:43:51.340,2302170796,108340,1,-0.10522,-1.16943,0.31177,-13.466,-19.046,147.481
2026-06-02 16:43:51.340,2302170796,108340,2,0.60254,0.53418,1.0498,-21.397,11.221,-56.939
2026-06-02 16:43:51.540,2302170996,108540,1,-0.16675,-1.14331,0.29053,26.092,26.389,-101.954
2026-06-02 16:43:51.540,2302170996,108540,2,0.63086,0.29785,1.22778,34.55,9.191,42.344
2026-06-02 16:43:51.740,2302171196,108740,1,0.09888,-1.14746,0.12939,28.809,16.344,-72.359
2026-06-02 16:43:51.740,2302171196,108740,2,0.68335,0.38379,1.16846,26.878,6.198,6.702
2026-06-02 16:43:52.940,2302172396,108940,1,0.30225,-0.7478,0.00854,-44.626,-13.718,64.221
2026-06-02 16:43:52.940,2302172396,108940,2,0.5603,0.37231,1.14258,-50.374,-38.282,-16.863
2026-06-02 16:43:52.140,2302171596,109140,1,0.01001,-0.76831,0.43384,-0.542,65.176,56.099
2026-06-02 16:43:52.140,2302171596,109140,2,0.6582,0.37915,1.03906,-79.389,-49.626,-1.481
2026-06-02 16:43:52.340,2302171796,109340,1,0.32544,-0.83618,0.10693,8.076,-3.015,-6.748
2026-06-02 16:43:52.340,2302171796,109340,2,0.83496,-0.22021,1.14502,-117.802,-26.786,25.565
2026-06-02 16:43:52.540,2302171996,109540,1,-0.06226,-0.75073,0.3916,45.817,-3.466,-26.206
2026-06-02 16:43:52.540,2302171996,109540,2,0.68433,0.4873,1.14429,117.458,-15.427,59.374
2026-06-02 16:43:53.791,2302173247,109791,1,0.34448,-0.77246,0.34985,13.916,-3.595,-14.931
2026-06-02 16:43:53.791,2302173247,109791,2,0.84644,0.21338,0.88037,-43.969,-90.634,-24.115
2026-06-02 16:43:53.485,2302172941,110485,1,0.12061,-0.88257,0.125,-66.664,-36.618,-101.931
2026-06-02 16:43:53.485,2302172941,110485,2,0.98657,-0.41455,1.40356,-107.679,-108.58,-32.87
2026-06-02 16:43:53.739,2302173195,110739,1,-0.56177,-0.92871,1.31006,248.321,-250.137,-37.656
2026-06-02 16:43:53.739,2302173195,110739,2,0.10669,0.48364,1.51416,227.969,-117.824,250.13
2026-06-02 16:43:54.939,2302174395,110939,1,0.66919,-0.9187,0.32764,-62.26,-38.214,-40.595
2026-06-02 16:43:54.939,2302174395,110939,2,0.77368,0.20361,0.95044,-33.466,4.672,72.756
2026-06-02 16:43:54.139,2302173595,111139,1,1.00269,0.09985,-1.78589,-88.16,247.824,70.565
2026-06-02 16:43:54.139,2302173595,111139,2,1.07568,-0.22559,1.22388,-139.153,63.305,-70.756
2026-06-02 16:43:54.339,2302173795,111339,1,0.28467,-0.90723,0.74609,43.023,-16.405,-36.115
2026-06-02 16:43:54.339,2302173795,111339,2,0.67529,-0.28369,0.92896,59.534,-22.145,54.351
2026-06-02 16:43:54.539,2302173995,111539,1,0.84277,-0.69849,0.04468,18.145,5.87,-48.924
2026-06-02 16:43:54.539,2302173995,111539,2,0.61572,-0.36938,1.10254,-95.557,98.924,-126.046
2026-06-02 16:43:54.739,2302174195,111739,1,0.80249,-1.05029,0.15479,-250.137,119.412,-99.725
2026-06-02 16:43:54.739,2302174195,111739,2,0.32593,0.19141,0.88818,73.702,-124.344,40.122
2026-06-02 16:43:55.939,2302175395,111939,1,0.76758,-0.37793,0.44409,166.092,96.031,-47.87
2026-06-02 16:43:55.939,2302175395,111939,2,1.40845,0.30225,1.07178,-39.504,111.847,-160.008
2026-06-02 16:43:55.139,2302174595,112139,1,1.81177,1.37964,-0.23291,250.13,114.45,250.13
2026-06-02 16:43:55.139,2302174595,112139,2,0.51855,0.1875,1.7583,92.427,41.534,-103.252
2026-06-02 16:43:55.339,2302174795,112339,1,0.96826,-1.12915,-0.26489,-78.725,173.076,-159.916
2026-06-02 16:43:55.339,2302174795,112339,2,0.81909,0.44067,1.05469,-142.519,35.977,-144.008
2026-06-02 16:43:55.539,2302174995,112539,1,0.99561,-0.27393,0.53418,-80.969,26.191,-75.756
2026-06-02 16:43:55.539,2302174995,112539,2,0.58789,0.55835,1.12378,-63.092,32.443,-74.252
2026-06-02 16:43:55.739,2302175195,112739,1,0.85791,0.24976,0.18066,32.359,30.725,25.122
2026-06-02 16:43:55.739,2302175195,112739,2,0.67749,-0.03882,1.19824,-72.977,44.664,-65.916
2026-06-02 16:43:56.939,2302176395,112939,1,0.66895,-0.05737,1.40039,-150.183,103.687,-105.069
2026-06-02 16:43:56.939,2302176395,112939,2,0.58105,0.00024,1.31665,16.733,89.603,2.969
2026-06-02 16:43:56.139,2302175595,113139,1,1.29395,-0.0022,0.57788,213.626,-47.008,17.847
2026-06-02 16:43:56.139,2302175595,113139,2,-0.44116,-0.23682,1.99994,60.947,-138.031,-53.603
2026-06-02 16:43:56.339,2302175795,113339,1,0.80542,-0.04761,0.01318,-128.939,54.122,29.893
2026-06-02 16:43:56.339,2302175795,113339,2,0.76953,-0.12305,0.46729,90.076,250.13,66.084
2026-06-02 16:43:56.539,2302175995,113539,1,0.9104,-0.57397,-0.04565,140.412,-15.542,-70.26
2026-06-02 16:43:56.539,2302175995,113539,2,0.4624,0.38574,1.07422,-37.023,-119.382,-55.832
2026-06-02 16:43:56.739,2302176195,113739,1,0.87769,-0.55151,0.57446,102.771,67.145,-14.863
2026-06-02 16:43:56.739,2302176195,113739,2,-0.45801,-0.31812,1.88965,-6.26,230.641,22.74
2026-06-02 16:43:57.939,2302177395,113939,1,0.97876,-0.25049,0.03394,-7.687,25.893,-72.008
2026-06-02 16:43:57.939,2302177395,113939,2,0.72729,0.12427,0.98169,-54.916,45.29,-123.74
2026-06-02 16:43:57.139,2302176595,114139,1,0.62939,0.33032,0.1731,124.687,-159.84,38.534
2026-06-02 16:43:57.139,2302176595,114139,2,0.52441,0.22974,1.50122,85.878,35.42,92.794
2026-06-02 16:43:57.339,2302176795,114339,1,1.00244,-0.2771,0.08716,236.008,29.237,-9.29
2026-06-02 16:43:57.339,2302176795,114339,2,0.25024,0.59937,1.31226,-12.389,41.626,26.313
2026-06-02 16:43:57.564,2302177020,114563,1,0.83667,-0.16528,0.26294,-130.267,-153.595,44.985
2026-06-02 16:43:57.564,2302177020,114563,2,-0.26416,0.77222,1.35327,-30.649,-107.985,-15.84
2026-06-02 16:43:57.763,2302177219,114763,1,0.80737,-0.17358,-0.1145,124.389,49.992,-38.885
2026-06-02 16:43:57.763,2302177219,114763,2,-0.19263,0.58398,0.74634,-69.786,-67.298,-63.916
2026-06-02 16:43:58.963,2302178419,114963,1,1.0791,0.0188,0.10742,-13.847,-12.389,1.802
2026-06-02 16:43:58.963,2302178419,114963,2,0.18604,0.53003,1.22949,14.382,6.405,19.458
2026-06-02 16:43:58.163,2302177619,115163,1,0.75146,0.30908,0.05542,-26.832,-41.924,39.969
2026-06-02 16:43:58.163,2302177619,115163,2,0.1626,0.60474,1.23633,19.122,33.038,20.053
2026-06-02 16:43:58.363,2302177819,115363,1,0.94702,-0.09204,0.23486,-8.947,39.053,68.137
2026-06-02 16:43:58.363,2302177819,115363,2,0.1875,0.59985,1.17651,8.939,7.527,6.435
2026-06-02 16:43:58.563,2302178019,115563,1,0.96387,0.04224,0.4917,37.038,28.702,-26.504
2026-06-02 16:43:58.563,2302178019,115563,2,0.18579,0.64404,1.18286,1.015,-6.16,-3.931
2026-06-02 16:43:58.763,2302178219,115763,1,0.82251,0.04492,0.50195,-104.58,57.176,-7.198
2026-06-02 16:43:58.763,2302178219,115763,2,0.19067,0.646,1.13428,-5.885,-4.824,7.679
2026-06-02 16:43:59.963,2302179419,115963,1,0.8125,-0.06982,0.4585,-22.397,-36.221,-10.977
2026-06-02 16:43:59.963,2302179419,115963,2,0.25073,0.6189,1.18286,9.656,9.389,9.183
2026-06-02 16:43:59.163,2302178619,116163,1,0.81885,-0.23267,0.40845,-48.641,47.359,20.397
2026-06-02 16:43:59.163,2302178619,116163,2,0.28857,0.6543,1.12939,-0.519,-3.092,2.26
2026-06-02 16:43:59.363,2302178819,116363,1,0.67407,-0.08765,0.63452,187.893,-16.397,99.198
2026-06-02 16:43:59.363,2302178819,116363,2,0.26978,0.73584,1.27271,2.053,-12.824,3.061
2026-06-02 16:43:59.563,2302179019,116563,1,0.85693,-0.16846,0.40918,-0.183,0.244,1.076
2026-06-02 16:43:59.563,2302179019,116563,2,0.32104,0.59033,1.14014,-4.061,2.206,8.473
2026-06-02 16:43:59.763,2302179219,116763,1,0.89429,-0.12671,0.40405,2.137,-13.443,-4.275
2026-06-02 16:43:59.763,2302179219,116763,2,0.29346,0.60791,1.19556,-8.252,4.153,3.42
2026-06-02 16:44:00.963,2302180419,116963,1,0.93701,-0.11914,0.29614,-10.626,-2.656,1.237
2026-06-02 16:44:00.963,2302180419,116963,2,0.64063,1.65112,1.81104,250.13,250.13,16.435
2026-06-02 16:44:00.163,2302179619,117163,1,0.96167,-0.12842,0.38086,2.954,7.748,7.115
2026-06-02 16:44:00.163,2302179619,117163,2,12.125,-0.09424,,,,236.45
2026-06-02 16:44:00.363,2302179819,117363,1,0.91211,-0.13477,0.36768,-1.565,0.832,-0.115
2026-06-02 16:44:00.363,2302179819,117363,2,0.72363,0.24414,0.06177,-15.786,-39.527,91.313
2026-06-02 16:44:00.563,2302180019,117563,1,0.90552,-0.13745,0.36255,-5.656,-1.267,-3.427
2026-06-02 16:44:00.563,2302180019,117563,2,0.66479,0.26367,0.17236,-37.855,-50.985,-39.45
2026-06-02 16:44:00.763,2302180219,117763,1,0.92773,-0.14209,0.34961,-0.26,-4.267,-2.084
2026-06-02 16:44:00.763,2302180219,117763,2,0.52759,0.78418,-0.27905,60.176,-37.26,-65.832
2026-06-02 16:44:01.963,2302181419,117963,1,0.92358,-0.12939,0.36499,-3.87,1.221,0.786
2026-06-02 16:44:01.963,2302181419,117963,2,0.63599,0.32593,-0.25854,-52.954,99.374,167.191
2026-06-02 16:44:01.163,2302180619,118163,1,0.91504,-0.14307,0.3689,-9.87,-3.015,-3.382
2026-06-02 16:44:01.163,2302180619,118163,2,0.80591,0.08984,-0.06641,64.725,-28.244,-14.221
2026-06-02 16:44:01.363,2302180819,118363,1,0.92163,-0.12891,0.33643,-12.267,-1.557,-7.382
2026-06-02 16:44:01.363,2302180819,118363,2,1.23511,0.16162,0.28003,38.237,250.13,-56.863
2026-06-02 16:44:01.563,2302181019,118563,1,0.9375,-0.12036,0.34985,-13.191,3.344,-15.298
2026-06-02 16:44:01.563,2302181019,118563,2,0.6394,0.10254,-0.19336,-20.481,5.427,-104.13
2026-06-02 16:44:01.763,2302181219,118763,1,0.92578,-0.12378,0.34302,-12.725,2.435,-7.893
2026-06-02 16:44:01.763,2302181219,118763,2,0.8645,0.75708,0.4187,-250.137,37.595,-34.107
2026-06-02 16:44:02.963,2302182419,118963,1,0.9292,-0.1123,0.354,-21.763,60.573,-15.924
2026-06-02 16:44:02.963,2302182419,118963,2,0.57739,-0.43433,1.03613,-173.221,3.137,-23.84
2026-06-02 16:44:02.163,2302181619,119163,1,0.90308,-0.09106,0.3877,-2.931,12.947,2.389
2026-06-02 16:44:02.163,2302181619,119163,2,0.84448,-0.25854,0.84937,-60.389,-27.13,-19.443
2026-06-02 16:44:02.363,2302181819,119363,1,0.90771,-0.05444,0.375,11.626,-2.687,10.359
2026-06-02 16:44:02.363,2302181819,119363,2,0.5835,1.04517,0.18091,-2.252,-37.756,-17.58
2026-06-02 16:44:02.563,2302182019,119563,1,1.00977,-0.16553,0.39014,12.244,-10.802,8.038
2026-06-02 16:44:02.563,2302182019,119563,2,1.01172,-0.16309,1.35107,-5.244,88.42,-22.26
2026-06-02 16:44:02.763,2302182219,119763,1,0.93262,-0.05029,0.35547,5.374,-3.229,5.29
2026-06-02 16:44:02.763,2302182219,119763,2,0.77124,0.11084,0.78467,38.237,-51.634,16.076
2026-06-02 16:44:03.963,2302183419,119963,1,0.99487,-0.02368,0.28906,4.298,-2.153,1.687
2026-06-02 16:44:03.963,2302183419,119963,2,0.8894,0.05225,0.95068,-114.382,82.573,-4.718
2026-06-02 16:44:03.163,2302182619,120163,1,0.93066,-0.03784,0.33545,14.611,-6.718,5.023
2026-06-02 16:44:03.163,2302182619,120163,2,0.70752,-0.12476,0.94751,-21.489,55.863,5.481
2026-06-02 16:44:03.363,2302182819,120363,1,0.93579,-0.04175,0.33838,8.924,1.008,6.29
2026-06-02 16:44:03.363,2302182819,120363,2,0.7666,-0.06616,1.05933,10.71,-12.252,8.282
2026-06-02 16:44:03.563,2302183019,120563,1,0.92969,-0.04663,0.35645,5.26,3.611,8.359
2026-06-02 16:44:03.563,2302183019,120563,2,0.7876,-0.05762,0.93848,40.74,-14.015,9.267
2026-06-02 16:44:03.763,2302183219,120763,1,0.9187,-0.06104,0.36914,1.489,9.13,5.626
2026-06-02 16:44:03.763,2302183219,120763,2,0.89209,0.06323,0.87988,138.397,25.664,39.466
2026-06-02 16:44:04.963,2302184419,120963,1,0.91187,-0.04663,0.37964,-6.504,3.076,-0.282
2026-06-02 16:44:04.963,2302184419,120963,2,0.83008,0.09204,0.93628,8.794,2.893,8.618
2026-06-02 16:44:04.163,2302183619,121163,1,0.9082,-0.12549,0.3728,-1.481,-3.779,5.74
2026-06-02 16:44:04.163,2302183619,121163,2,0.82861,0.09521,1.00342,16.481,4.58,6.496
2026-06-02 16:44:04.363,2302183819,121363,1,0.9104,-0.08008,0.37183,6.389,-3.924,4.84
2026-06-02 16:44:04.363,2302183819,121363,2,0.83813,0.12476,0.91333,11.603,2.397,6.099
2026-06-02 16:44:04.563,2302184019,121563,1,0.94604,-0.07251,0.34131,-8.595,-4.191,-8.893
2026-06-02 16:44:04.563,2302184019,121563,2,0.83545,0.07568,0.92065,-14.519,-6.542,-2.0
2026-06-02 16:44:04.763,2302184219,121763,1,0.9519,-0.06567,0.33838,-3.405,-0.588,-3.962
2026-06-02 16:44:04.763,2302184219,121763,2,0.84106,0.09033,0.91382,-1.313,-0.573,1.412
2026-06-02 16:44:05.963,2302185419,121963,1,0.92773,-0.0769,0.35547,-5.748,1.244,-2.244
2026-06-02 16:44:05.963,2302185419,121963,2,0.84302,0.09521,0.90625,-4.099,-1.908,0.595
2026-06-02 16:44:05.163,2302184619,122163,1,0.92358,-0.06421,0.34717,-9.466,-0.023,-9.176
2026-06-02 16:44:05.163,2302184619,122163,2,0.85254,0.07764,0.90308,-4.931,-2.29,3.626
2026-06-02 16:44:05.363,2302184819,122363,1,0.93262,-0.0625,0.33838,-3.58,-0.328,-3.496
2026-06-02 16:44:05.363,2302184819,122363,2,0.84937,0.08447,0.8877,-2.29,1.023,1.527
2026-06-02 16:44:05.563,2302185019,122563,1,0.93848,-0.06763,0.33569,-7.679,1.947,-2.206
2026-06-02 16:44:05.563,2302185019,122563,2,0.85059,0.08301,0.89111,-1.534,0.038,2.542
2026-06-02 16:44:05.763,2302185219,122763,1,0.96265,-0.05737,0.35205,-7.634,4.344,-3.313
2026-06-02 16:44:05.763,2302185219,122763,2,0.85181,0.09521,0.88525,3.42,-1.069,7.107
2026-06-02 16:44:06.963,2302186419,122963,1,0.92603,-0.0564,0.35034,-5.931,0.481,-2.16
2026-06-02 16:44:06.963,2302186419,122963,2,0.84937,0.07568,0.88062,-3.702,-0.015,-0.427
2026-06-02 16:44:06.163,2302185619,123163,1,0.92505,-0.06226,0.35132,-2.252,-0.267,0.206
2026-06-02 16:44:06.163,2302185619,123163,2,0.85352,0.07349,0.88672,-2.641,0.023,2.176
2026-06-02 16:44:06.363,2302185819,123363,1,0.94116,-0.06201,0.34326,-4.618,0.015,-0.466
2026-06-02 16:44:06.363,2302185819,123363,2,0.86426,0.06348,0.87549,-0.275,0.504,2.496
2026-06-02 16:44:06.563,2302186019,123563,1,0.93921,-0.07056,0.35474,-2.374,-2.015,2.947
2026-06-02 16:44:06.563,2302186019,123563,2,0.86401,0.05591,0.86768,-6.626,1.069,-0.702
2026-06-02 16:44:07.814,2302187270,123814,1,0.92236,-0.09131,0.35645,-1.656,-0.809,2.405
2026-06-02 16:44:07.814,2302187270,123814,2,0.85864,0.05859,0.87622,-1.595,0.038,2.237
2026-06-02 16:44:07.014,2302186470,124014,1,0.93701,-0.07959,0.34229,0.405,0.847,1.084
2026-06-02 16:44:07.014,2302186470,124014,2,0.86304,0.05713,0.87036,1.313,1.885,1.29
2026-06-02 16:44:07.214,2302186670,124214,1,0.93848,-0.06494,0.34229,3.435,-0.947,-2.42
2026-06-02 16:44:07.214,2302186670,124214,2,0.85693,0.05444,0.87744,-1.183,2.527,1.489
2026-06-02 16:44:07.414,2302186870,124414,1,0.93311,-0.0686,0.34521,7.626,-3.641,5.55
2026-06-02 16:44:07.414,2302186870,124414,2,0.84668,0.07056,0.88379,0.573,0.176,1.191
2026-06-02 16:44:07.614,2302187070,124614,1,0.94141,-0.08301,0.34131,-4.0,4.473,1.55
2026-06-02 16:44:07.614,2302187070,124614,2,0.86694,0.07959,0.88037,-0.504,-1.076,2.809
2026-06-02 16:44:08.814,2302188270,124814,1,0.93628,-0.07739,0.3418,-3.053,2.779,-2.603
2026-06-02 16:44:08.814,2302188270,124814,2,0.95557,-0.00293,0.90552,13.0,18.557,11.359
2026-06-02 16:44:08.014,2302187470,125014,1,0.9314,-0.08228,0.35718,-7.237,6.847,-3.931
2026-06-02 16:44:08.014,2302187470,125014,2,0.84277,0.04517,0.86035,4.458,-2.863,-0.924
2026-06-02 16:44:08.214,2302187670,125214,1,0.9082,-0.08203,0.36572,4.229,-0.412,6.046
2026-06-02 16:44:08.214,2302187670,125214,2,0.95605,0.06226,0.88062,-6.473,44.359,-9.183
2026-06-02 16:44:08.414,2302187870,125414,1,0.92944,-0.0686,0.39917,-2.321,10.206,7.939
2026-06-02 16:44:08.414,2302187870,125414,2,0.5,-0.11328,0.73999,76.71,-77.985,28.053
2026-06-02 16:44:08.614,2302188070,125614,1,0.92017,-0.06348,0.38208,-7.962,14.305,4.802
2026-06-02 16:44:08.614,2302188070,125614,2,1.46729,0.19189,0.93018,-3.824,-65.405,4.679
2026-06-02 16:44:09.814,2302189270,125814,1,0.95752,-0.0459,0.33276,-47.55,68.634,19.298
2026-06-02 16:44:09.814,2302189270,125814,2,0.75854,0.03198,0.89233,27.756,-6.168,27.13
2026-06-02 16:44:09.014,2302188470,126014,1,0.9353,-0.06348,0.34717,15.107,-14.74,0.809
2026-06-02 16:44:09.014,2302188470,126014,2,0.6416,0.21509,1.11035,28.565,14.061,4.74
2026-06-02 16:44:09.214,2302188670,126214,1,0.92065,-0.08862,0.3584,-3.542,4.779,3.771
2026-06-02 16:44:09.214,2302188670,126214,2,0.85376,0.17358,1.03076,-2.74,4.573,6.634
2026-06-02 16:44:09.414,2302188870,126414,1,0.92603,-0.09204,0.36401,5.504,-1.351,0.702
2026-06-02 16:44:09.414,2302188870,126414,2,0.76245,0.19995,0.98584,0.702,8.489,-0.176
2026-06-02 16:44:09.614,2302189070,126614,1,0.9126,-0.10254,0.3645,-5.595,2.115,-2.672
2026-06-02 16:44:09.614,2302189070,126614,2,0.89453,0.104,0.89893,5.298,-0.298,13.473
2026-06-02 16:44:10.814,2302190270,126814,1,0.93604,-0.09961,0.36328,-5.931,7.794,-0.214
2026-06-02 16:44:10.814,2302190270,126814,2,0.45532,0.27148,1.03882,-10.13,45.809,-45.649
2026-06-02 16:44:10.014,2302189470,127014,1,0.89014,-0.10718,0.45215,-0.137,4.733,3.366
2026-06-02 16:44:10.014,2302189470,127014,2,0.73218,0.19897,1.08691,4.977,9.809,-1.695
2026-06-02 16:44:10.214,2302189670,127214,1,0.92993,-0.08545,0.42065,-12.466,-1.916,-8.588
2026-06-02 16:44:10.214,2302189670,127214,2,0.68726,0.14868,0.9375,-7.214,-41.252,-20.214
2026-06-02 16:44:10.414,2302189870,127414,1,0.88745,-0.15186,0.42944,-10.198,3.939,-3.092
2026-06-02 16:44:10.414,2302189870,127414,2,0.85376,0.28027,1.11719,19.794,-16.206,15.58
2026-06-02 16:44:10.614,2302190070,127614,1,0.81226,-0.18018,0.42114,28.809,-1.038,9.13
2026-06-02 16:44:10.614,2302190070,127614,2,1.00977,-0.03955,0.7793,100.656,26.618,46.221
2026-06-02 16:44:11.814,2302191270,127814,1,0.82251,-0.07764,0.47852,19.252,6.405,22.824
2026-06-02 16:44:11.814,2302191270,127814,2,0.73462,0.21313,0.74146,-5.634,7.71,-14.26
2026-06-02 16:44:11.014,2302190470,128014,1,0.81885,-0.09399,0.49292,1.687,-8.779,-11.733
2026-06-02 16:44:11.014,2302190470,128014,2,0.78394,0.15698,0.97192,12.87,10.725,29.542
2026-06-02 16:44:11.214,2302190670,128214,1,0.92358,-0.06738,0.47607,-25.786,-8.008,-25.321
2026-06-02 16:44:11.214,2302190670,128214,2,0.81958,0.17334,0.98779,-25.198,-18.908,-5.702
2026-06-02 16:44:11.414,2302190870,128414,1,0.86279,-0.10376,0.41943,-4.107,-5.542,-11.809
2026-06-02 16:44:11.414,2302190870,128414,2,0.91577,0.06201,0.91479,-25.153,-10.26,0.359
2026-06-02 16:44:11.614,2302191070,128614,1,0.89038,-0.03662,0.42578,3.321,-2.771,-10.252
2026-06-02 16:44:11.614,2302191070,128614,2,0.7981,0.18848,0.92896,-15.145,8.061,10.107
2026-06-02 16:44:12.814,2302192270,128814,1,0.91846,0.0188,0.42334,-22.901,-2.664,-35.45
2026-06-02 16:44:12.814,2302192270,128814,2,0.87134,0.06763,0.99756,-18.511,8.038,18.573
2026-06-02 16:44:12.014,2302191470,129014,1,0.87842,-0.0354,0.43384,-7.603,5.885,-6.511
2026-06-02 16:44:12.014,2302191470,129014,2,0.83716,0.10742,0.94824,17.427,13.687,-2.496
2026-06-02 16:44:12.214,2302191670,129214,1,0.82495,-0.00854,0.45068,-23.718,9.176,-10.802
2026-06-02 16:44:12.214,2302191670,129214,2,0.68481,0.09009,1.01807,-7.58,22.756,21.229
2026-06-02 16:44:12.414,2302191870,129414,1,0.89478,0.03491,0.45996,7.794,-8.389,1.321
2026-06-02 16:44:12.414,2302191870,129414,2,0.78003,0.13159,1.08862,10.046,3.962,4.397
2026-06-02 16:44:12.614,2302192070,129614,1,0.85107,-0.00659,0.48584,4.038,3.802,10.145
2026-06-02 16:44:12.614,2302192070,129614,2,0.7356,0.07373,1.02344,55.221,0.084,45.565
2026-06-02 16:44:13.814,2302193270,129814,1,0.83203,0.05176,0.49805,-4.618,2.969,-4.046
2026-06-02 16:44:13.814,2302193270,129814,2,0.85474,0.03613,0.90308,20.023,17.0,-0.573
2026-06-02 16:44:13.014,2302192470,130014,1,0.97314,0.12231,0.31592,-27.076,-12.786,-14.16
2026-06-02 16:44:13.014,2302192470,130014,2,0.75488,-0.03564,1.14478,-48.275,-8.931,-22.557
2026-06-02 16:44:13.214,2302192670,130214,1,0.82666,-0.0498,0.44678,-27.313,-2.695,-20.855
2026-06-02 16:44:13.214,2302192670,130214,2,0.77881,-0.01587,1.04858,-27.58,1.885,-18.924
2026-06-02 16:44:13.414,2302192870,130414,1,0.84766,-0.04077,0.46143,-36.779,3.153,-22.863
2026-06-02 16:44:13.414,2302192870,130414,2,0.73145,0.0542,1.01758,-15.603,29.153,-29.672
2026-06-02 16:44:13.614,2302193070,130614,1,0.86377,-0.05493,0.45898,-19.023,-3.267,-11.595
2026-06-02 16:44:13.614,2302193070,130614,2,0.73364,-0.00269,1.10645,-17.397,12.282,-16.153
2026-06-02 16:44:14.814,2302194270,130814,1,0.86011,-0.0957,0.43604,-28.282,-4.519,-8.924
2026-06-02 16:44:14.814,2302194270,130814,2,0.71484,0.01196,1.09473,-24.435,-3.031,-7.901
2026-06-02 16:44:14.014,2302193470,131014,1,0.88062,-0.11255,0.41455,-14.595,-5.481,-5.191
2026-06-02 16:44:14.014,2302193470,131014,2,0.7312,-0.0271,1.05273,-37.656,-10.176,-22.634
2026-06-02 16:44:14.214,2302193670,131214,1,0.91382,-0.12769,0.38208,-9.122,2.618,-1.214
2026-06-02 16:44:14.214,2302193670,131214,2,0.76099,0.03369,1.02563,24.061,3.832,0.504
2026-06-02 16:44:14.414,2302193870,131414,1,0.85864,-0.10181,0.44434,43.328,-6.107,13.015
2026-06-02 16:44:14.414,2302193870,131414,2,0.81665,0.2002,1.27466,7.275,44.664,-15.855
2026-06-02 16:44:14.614,2302194070,131614,1,0.88135,-0.08765,0.40698,24.466,-10.473,24.763
2026-06-02 16:44:14.614,2302194070,131614,2,0.71313,0.13647,1.08154,10.298,7.779,4.069
2026-06-02 16:44:15.814,2302195270,131814,1,0.90112,-0.07959,0.41333,27.534,0.603,17.802
2026-06-02 16:44:15.814,2302195270,131814,2,0.69067,0.19922,0.96558,-0.084,-51.427,17.962
2026-06-02 16:44:15.014,2302194470,132014,1,0.8269,-0.1062,0.45337,10.771,0.817,7.046
2026-06-02 16:44:15.014,2302194470,132014,2,0.67407,0.16064,1.0293,42.344,35.443,19.206
2026-06-02 16:44:15.214,2302194670,132214,1,0.91479,-0.03809,0.41846,-28.603,-3.023,-14.214
2026-06-02 16:44:15.214,2302194670,132214,2,0.78223,0.08887,1.0,-4.107,21.45,29.809
2026-06-02 16:44:15.414,2302194870,132414,1,0.91187,-0.07935,0.37891,-38.282,-10.756,-24.924
2026-06-02 16:44:15.414,2302194870,132414,2,0.7373,0.05737,1.08398,-47.817,-21.389,-12.763
2026-06-02 16:44:15.614,2302195070,132614,1,0.94019,-0.10303,0.33447,-21.985,-0.885,-18.504
2026-06-02 16:44:15.614,2302195070,132614,2,0.7832,-0.03931,1.04102,-44.046,-11.466,-25.0
2026-06-02 16:44:16.814,2302196270,132814,1,0.94653,-0.09082,0.33154,1.985,-1.618,-1.679
2026-06-02 16:44:16.814,2302196270,132814,2,0.76587,-0.03662,0.9856,-20.267,-9.206,-16.542
2026-06-02 16:44:16.014,2302195470,133014,1,0.93604,-0.08447,0.34985,10.947,-2.344,11.42
2026-06-02 16:44:16.014,2302195470,133014,2,0.88281,0.04785,0.99268,12.183,-8.733,3.557
2026-06-02 16:44:16.214,2302195670,133214,1,0.94531,-0.07544,0.32349,12.489,-2.351,9.038
2026-06-02 16:44:16.214,2302195670,133214,2,0.8313,0.06909,0.95313,21.977,27.29,0.244
2026-06-02 16:44:16.414,2302195870,133414,1,0.97192,-0.04419,0.31567,17.45,2.313,5.542
2026-06-02 16:44:16.414,2302195870,133414,2,0.79053,0.06323,0.93115,-6.924,-2.366,-20.641
2026-06-02 16:44:16.614,2302196070,133614,1,0.93188,-0.03101,0.35254,11.519,-0.473,10.351
2026-06-02 16:44:16.614,2302196070,133614,2,0.62061,0.05688,1.01538,34.695,-9.725,20.336
2026-06-02 16:44:17.814,2302197270,133814,1,0.92749,-0.07007,0.34766,-3.588,3.542,8.595
2026-06-02 16:44:17.814,2302197270,133814,2,1.03076,-0.28687,1.1272,44.069,21.099,5.702
2026-06-02 16:44:17.014,2302196470,134014,1,0.93823,-0.07837,0.33887,12.855,-2.893,6.122
2026-06-02 16:44:17.014,2302196470,134014,2,0.69604,0.15039,1.05054,-5.794,-14.832,-7.985
2026-06-02 16:44:17.214,2302196670,134214,1,0.95679,-0.03027,0.34619,18.733,2.214,7.718
2026-06-02 16:44:17.214,2302196670,134214,2,0.73193,0.17407,1.10254,15.511,-6.45,10.878
2026-06-02 16:44:17.414,2302196870,134414,1,0.94263,-0.05005,0.30957,19.489,-1.405,6.718
2026-06-02 16:44:17.414,2302196870,134414,2,0.73999,0.07617,0.98438,38.58,-6.725,49.656
2026-06-02 16:44:17.614,2302197070,134614,1,0.9187,-0.02637,0.34131,11.237,4.107,3.038
2026-06-02 16:44:17.614,2302197070,134614,2,0.8877,0.09375,0.90479,2.756,16.664,-0.771
2026-06-02 16:44:18.814,2302198270,134814,1,0.95703,-0.02515,0.33643,5.023,2.962,0.878
2026-06-02 16:44:18.814,2302198270,134814,2,0.87915,0.08374,0.89624,-3.496,-3.252,-0.649
2026-06-02 16:44:18.066,2302197522,135066,1,0.95142,-0.01221,0.31738,0.313,-6.053,-0.863
2026-06-02 16:44:18.066,2302197522,135066,2,0.81152,0.04761,0.87476,-2.458,7.168,-1.168
2026-06-02 16:44:18.266,2302197722,135266,1,0.95801,-0.04028,0.31641,-0.817,2.099,4.031
2026-06-02 16:44:18.266,2302197722,135266,2,0.80078,0.0647,0.85938,2.466,-7.122,2.58
2026-06-02 16:44:18.466,2302197922,135466,1,0.92407,-0.05591,0.32544,15.611,17.466,12.221
2026-06-02 16:44:18.466,2302197922,135466,2,0.84375,0.0791,0.89624,27.947,-10.626,15.176
2026-06-02 16:44:18.666,2302198122,135666,1,0.93384,-0.01294,0.34131,18.504,8.695,15.893
2026-06-02 16:44:18.666,2302198122,135666,2,0.87134,0.07715,0.86841,38.45,9.977,10.13
2026-06-02 16:44:19.866,2302199322,135866,1,0.9231,-0.05078,0.36816,25.595,-5.298,19.679
2026-06-02 16:44:19.866,2302199322,135866,2,0.89331,0.11157,0.83276,10.664,11.015,-4.504
2026-06-02 16:44:19.066,2302198522,136066,1,0.93066,-0.05859,0.37061,26.832,3.565,13.855
2026-06-02 16:44:19.066,2302198522,136066,2,0.85352,0.18726,0.8855,-4.664,-11.198,-31.939
2026-06-02 16:44:19.266,2302198722,136266,1,0.92432,-0.02393,0.38696,26.916,-0.893,16.931
2026-06-02 16:44:19.266,2302198722,136266,2,0.92456,0.30762,0.79956,21.183,-17.382,1.198
2026-06-02 16:44:19.466,2302198922,136466,1,0.8999,0.02832,0.40625,7.489,-4.618,2.298
2026-06-02 16:44:19.466,2302198922,136466,2,0.83521,0.22192,0.77002,12.626,4.824,17.237
2026-06-02 16:44:19.666,2302199122,136666,1,0.9248,-0.02271,0.38135,12.168,-2.573,7.527
2026-06-02 16:44:19.666,2302199122,136666,2,0.86108,0.16846,0.83032,35.176,-0.038,39.45
2026-06-02 16:44:20.866,2302200322,136866,1,0.88794,-0.01587,0.36621,20.756,-4.252,13.0
2026-06-02 16:44:20.866,2302200322,136866,2,0.91919,0.07471,0.71362,11.573,-2.038,16.305
2026-06-02 16:44:20.066,2302199522,137066,1,0.95166,-0.04272,0.33643,-0.702,-4.908,1.229
2026-06-02 16:44:20.066,2302199522,137066,2,0.87524,0.05249,0.75073,-1.237,1.863,6.809
2026-06-02 16:44:20.266,2302199722,137266,1,0.95532,-0.0354,0.32593,2.992,-4.16,1.26
2026-06-02 16:44:20.266,2302199722,137266,2,0.90845,0.06152,0.74316,-3.649,-0.137,1.458
2026-06-02 16:44:20.466,2302199922,137466,1,0.95288,-0.02466,0.32788,1.176,-1.29,2.107
2026-06-02 16:44:20.466,2302199922,137466,2,0.89502,0.06226,0.73804,5.611,6.237,-3.092
2026-06-02 16:44:20.666,2302200122,137666,1,0.94702,0.01123,0.36035,-6.298,7.496,-0.84
2026-06-02 16:44:20.666,2302200122,137666,2,0.54956,-0.0144,0.62427,26.053,-4.305,-11.527
2026-06-02 16:44:21.866,2302201322,137866,1,0.91772,-0.01904,0.35254,-3.924,-0.824,0.115
2026-06-02 16:44:21.866,2302201322,137866,2,0.85791,0.11572,0.83887,-11.221,3.863,-6.076
2026-06-02 16:44:21.066,2302200522,138066,1,0.95239,-0.0105,0.31421,-35.397,-5.748,-15.0
2026-06-02 16:44:21.066,2302200522,138066,2,0.87695,0.10962,0.84546,-37.305,1.092,-2.794
2026-06-02 16:44:21.266,2302200722,138266,1,1.00879,-0.03369,0.28467,-39.137,6.908,-5.931
2026-06-02 16:44:21.266,2302200722,138266,2,0.83374,0.07031,0.89429,-37.534,11.031,-11.282
2026-06-02 16:44:21.466,2302200922,138466,1,0.92041,-0.16724,0.37476,-37.092,19.336,-4.145
2026-06-02 16:44:21.466,2302200922,138466,2,0.83716,0.00488,0.94971,-0.168,12.267,-2.832
2026-06-02 16:44:21.666,2302201122,138666,1,0.88696,-0.19409,0.36523,-18.573,8.649,-10.198
2026-06-02 16:44:21.666,2302201122,138666,2,0.84058,-0.00781,0.97852,-1.115,1.313,3.908
2026-06-02 16:44:22.866,2302202322,138866,1,0.88892,-0.17163,0.34644,-6.542,5.351,1.13
2026-06-02 16:44:22.866,2302202322,138866,2,0.82837,0.05835,0.98901,14.565,5.366,2.031
2026-06-02 16:44:22.066,2302201522,139066,1,0.90137,-0.11548,0.40332,15.931,2.84,15.221
2026-06-02 16:44:22.066,2302201522,139066,2,0.59766,0.62817,0.27979,-108.267,-92.641,-28.924
2026-06-02 16:44:22.266,2302201722,139266,1,0.9104,-0.03906,0.31787,14.389,-8.595,16.489
2026-06-02 16:44:22.266,2302201722,139266,2,0.89648,-0.01709,0.89551,22.084,73.962,-35.649
2026-06-02 16:44:22.466,2302201922,139466,1,0.94067,-0.05786,0.39233,13.489,-35.725,22.985
2026-06-02 16:44:22.466,2302201922,139466,2,0.8855,0.15479,0.92236,-43.641,-34.145,-6.466
2026-06-02 16:44:22.666,2302202122,139666,1,0.80078,-0.1687,0.44336,19.137,-27.313,11.221
2026-06-02 16:44:22.666,2302202122,139666,2,0.78223,0.08911,0.91333,-15.214,-8.542,-11.748
2026-06-02 16:44:23.866,2302203322,139866,1,0.92065,-0.24805,0.35718,-27.534,12.29,-14.092
2026-06-02 16:44:23.866,2302203322,139866,2,0.81714,0.02173,0.85376,37.496,26.153,33.481
2026-06-02 16:44:23.066,2302202522,140066,1,0.88647,-0.24072,0.26636,-16.924,8.969,-9.458
2026-06-02 16:44:23.066,2302202522,140066,2,1.31128,-0.95166,-1.20117,-22.107,118.878,-9.176
2026-06-02 16:44:23.266,2302202722,140266,1,1.01782,-0.13599,0.39258,7.244,-16.076,-38.221
2026-06-02 16:44:23.266,2302202722,140266,2,0.80591,-0.34375,0.96533,-75.42,-103.725,16.267
2026-06-02 16:44:23.466,2302202922,140466,1,0.93921,0.0127,0.41235,-12.992,8.947,-24.725
2026-06-02 16:44:23.466,2302202922,140466,2,0.90161,-0.1731,0.74463,-54.122,-7.641,-16.969
2026-06-02 16:44:23.666,2302203122,140666,1,0.91064,0.00781,0.31592,-13.282,16.351,-0.092
2026-06-02 16:44:23.666,2302203122,140666,2,0.84302,-0.06299,0.91577,128.115,57.046,-6.183
2026-06-02 16:44:24.866,2302204322,140866,1,0.92139,-0.10059,0.29199,-4.771,-25.802,-10.382
2026-06-02 16:44:24.866,2302204322,140866,2,0.89233,0.02344,0.8833,-113.87,-25.87,-28.351
2026-06-02 16:44:24.066,2302203522,141066,1,0.9519,-0.10913,0.38623,-15.832,5.74,-4.718
2026-06-02 16:44:24.066,2302203522,141066,2,0.76587,0.17871,0.78174,33.679,-18.748,4.153
2026-06-02 16:44:24.266,2302203722,141266,1,0.91504,-0.17041,0.38208,-48.153,27.725,-20.206
2026-06-02 16:44:24.266,2302203722,141266,2,0.81909,-0.00708,0.85205,4.634,14.832,4.092
2026-06-02 16:44:24.466,2302203922,141466,1,0.89429,-0.17261,0.29443,-19.901,5.901,-8.702
2026-06-02 16:44:24.466,2302203922,141466,2,0.8457,-0.05615,0.84937,-5.282,2.87,1.626
2026-06-02 16:44:24.666,2302204122,141666,1,1.06738,-0.08594,0.28882,-17.672,-9.664,-29.198
2026-06-02 16:44:24.666,2302204122,141666,2,0.93848,-0.05786,1.00977,-58.947,7.702,-14.229
2026-06-02 16:44:25.866,2302205322,141866,1,0.75366,-0.15039,0.35913,-40.924,6.359,-16.908
2026-06-02 16:44:25.866,2302205322,141866,2,0.90723,0.20728,0.90063,13.695,32.107,-38.588
2026-06-02 16:44:25.066,2302204522,142066,1,0.90942,0.02222,0.29126,-76.74,15.305,-46.794
2026-06-02 16:44:25.066,2302204522,142066,2,0.83447,0.14526,0.76416,-82.237,-9.756,-50.435
2026-06-02 16:44:25.266,2302204722,142266,1,0.95776,0.05591,0.33911,-114.221,30.603,-72.023
2026-06-02 16:44:25.266,2302204722,142266,2,0.95825,0.12427,0.7854,-133.901,-1.718,-73.382
2026-06-02 16:44:25.466,2302204922,142466,1,0.71021,-0.4978,0.43481,-111.687,117.84,-65.092
2026-06-02 16:44:25.466,2302204922,142466,2,0.81372,-0.14331,0.82397,-124.237,-20.939,-117.366
2026-06-02 16:44:25.666,2302205122,142666,1,0.84082,-0.36157,0.36963,-111.527,47.985,-81.16
2026-06-02 16:44:25.666,2302205122,142666,2,0.78516,0.0686,1.04077,-111.824,-8.87,-81.229
2026-06-02 16:44:26.866,2302206322,142866,1,0.49927,-0.28027,0.54419,-32.267,79.618,-71.58
2026-06-02 16:44:26.866,2302206322,142866,2,0.54077,0.03125,1.15942,-127.908,3.618,-65.939
2026-06-02 16:44:26.066,2302205522,143066,1,0.55151,-0.20752,0.64307,-60.878,35.626,-42.389
2026-06-02 16:44:26.066,2302205522,143066,2,0.63184,0.29395,1.14722,-98.931,-6.42,-57.321
2026-06-02 16:44:26.266,2302205722,143266,1,0.49023,-0.50806,0.81396,-58.71,26.511,-18.061
2026-06-02 16:44:26.266,2302205722,143266,2,0.62305,0.07813,1.19019,-22.313,-7.466,-23.008
2026-06-02 16:44:26.466,2302205922,143466,1,0.58862,-0.40894,0.55029,-6.145,-4.939,-31.389
2026-06-02 16:44:26.466,2302205922,143466,2,0.66333,0.11841,1.1333,-17.298,-16.321,-16.069
2026-06-02 16:44:26.666,2302206122,143666,1,0.67456,-0.48193,0.54688,-12.748,4.641,-30.916
2026-06-02 16:44:26.666,2302206122,143666,2,0.74194,0.08936,1.10742,6.504,-11.71,-26.344
2026-06-02 16:44:27.866,2302207322,143866,1,0.61499,-0.35278,0.58008,1.397,15.611,-25.031
2026-06-02 16:44:27.866,2302207322,143866,2,0.66211,0.06226,1.24902,15.756,-14.412,5.847
2026-06-02 16:44:27.066,2302206522,144066,1,0.51685,-0.24756,0.68555,27.649,7.42,6.84
2026-06-02 16:44:27.066,2302206522,144066,2,0.62744,0.37598,1.07031,33.336,-0.015,-10.107
2026-06-02 16:44:27.266,2302206722,144266,1,0.49121,-0.23364,0.69263,-10.511,7.031,-4.489
2026-06-02 16:44:27.266,2302206722,144266,2,0.59058,0.42993,0.95947,12.519,-0.282,-2.305
2026-06-02 16:44:27.466,2302206922,144466,1,0.54443,-0.33545,0.71606,-18.084,0.29,-28.405
2026-06-02 16:44:27.466,2302206922,144466,2,0.70605,0.2373,1.11255,-26.137,-17.244,-11.13
2026-06-02 16:44:27.666,2302207122,144666,1,0.52832,-0.33154,0.66992,-20.794,-4.817,-44.397
2026-06-02 16:44:27.666,2302207122,144666,2,0.65869,0.29688,0.97632,-21.878,-27.748,-15.008
2026-06-02 16:44:28.866,2302208322,144866,1,0.67676,-0.12988,0.62744,-28.038,-5.916,-42.427
2026-06-02 16:44:28.866,2302208322,144866,2,0.78003,0.31201,0.94141,-16.809,-5.954,-8.519
2026-06-02 16:44:28.066,2302207522,145066,1,0.69531,-0.1189,0.66943,-14.924,12.573,-13.214
2026-06-02 16:44:28.066,2302207522,145066,2,0.81494,0.30615,0.94995,-62.496,-6.878,-24.198
2026-06-02 16:44:28.266,2302207722,145266,1,0.6582,-0.36987,0.55249,-37.557,31.458,-26.588
2026-06-02 16:44:28.266,2302207722,145266,2,0.70337,0.22632,1.05859,-52.336,12.237,-43.29
2026-06-02 16:44:28.466,2302207922,145466,1,0.54175,-0.53979,0.61426,-40.55,20.473,-13.817
2026-06-02 16:44:28.466,2302207922,145466,2,0.61987,0.11646,1.16138,-29.924,12.924,-20.244
2026-06-02 16:44:28.666,2302208122,145666,1,0.48438,-0.51221,0.57446,-2.389,9.71,7.038
2026-06-02 16:44:28.666,2302208122,145666,2,0.56274,0.12256,1.23853,-0.328,6.969,1.29
2026-06-02 16:44:29.866,2302209322,145866,1,0.47095,-0.54761,0.65308,9.466,-19.786,20.649
2026-06-02 16:44:29.866,2302209322,145866,2,0.56372,0.15674,1.20117,23.336,-4.282,25.313
2026-06-02 16:44:29.066,2302208522,146066,1,0.51172,-0.50269,0.61499,38.901,-33.748,22.099
2026-06-02 16:44:29.066,2302208522,146066,2,0.68799,0.26147,1.09985,50.748,-12.641,37.664
2026-06-02 16:44:29.266,2302208722,146266,1,0.63623,-0.2439,0.5874,37.42,-26.718,8.359
2026-06-02 16:44:29.266,2302208722,146266,2,0.72534,0.31348,0.93311,31.611,-13.321,36.893
2026-06-02 16:44:29.466,2302208922,146466,1,0.79688,-0.08228,0.54224,12.931,-21.046,-19.008
2026-06-02 16:44:29.466,2302208922,146466,2,0.76025,0.29541,0.93384,9.496,-8.725,14.115
2026-06-02 16:44:29.666,2302209122,146666,1,0.71729,-0.09106,0.62891,20.573,-1.443,4.58
2026-06-02 16:44:29.666,2302209122,146666,2,0.74829,0.16699,1.1499,11.817,7.183,12.656
2026-06-02 16:44:30.866,2302210322,146866,1,0.71997,-0.12842,0.59106,48.58,0.473,30.939
2026-06-02 16:44:30.866,2302210322,146866,2,0.81958,0.27856,0.97559,24.58,-2.122,12.115
2026-06-02 16:44:30.066,2302209522,147066,1,0.77686,-0.13818,0.45947,-21.473,-8.786,-8.74
2026-06-02 16:44:30.066,2302209522,147066,2,0.82275,0.09253,0.94702,-8.779,-4.099,6.672
2026-06-02 16:44:30.266,2302209722,147266,1,0.80688,-0.17041,0.48901,-2.924,-6.099,-4.855
2026-06-02 16:44:30.266,2302209722,147266,2,0.74121,0.17383,1.05566,-35.305,-3.779,-22.595
2026-06-02 16:44:30.466,2302209922,147466,1,0.7417,-0.1416,0.58521,-22.122,-1.389,-13.466
2026-06-02 16:44:30.466,2302209922,147466,2,0.77808,0.31055,1.05151,-29.45,-8.496,-10.069
2026-06-02 16:44:30.666,2302210122,147666,1,0.7605,-0.07959,0.55762,-37.29,-2.832,-21.443
2026-06-02 16:44:30.666,2302210122,147666,2,0.79883,0.14746,0.81152,-50.74,-2.878,-5.611
2026-06-02 16:44:31.866,2302211322,147866,1,0.89429,-0.10596,0.40356,-10.802,-3.389,-11.756
2026-06-02 16:44:31.866,2302211322,147866,2,0.86255,0.21851,0.88184,31.557,-4.924,2.679
2026-06-02 16:44:31.066,2302210522,148066,1,0.8772,-0.04761,0.42188,-4.87,-0.336,-8.489
2026-06-02 16:44:31.066,2302210522,148066,2,0.89063,0.12451,0.7832,4.099,-5.115,6.534
2026-06-02 16:44:31.277,2302210733,148277,1,0.875,-0.0918,0.47607,2.359,4.878,9.786
2026-06-02 16:44:31.277,2302210733,148277,2,0.78394,0.21167,0.99414,33.947,6.748,3.901
2026-06-02 16:44:31.477,2302210933,148477,1,0.71143,-0.13354,0.59253,9.84,10.115,3.053
2026-06-02 16:44:31.477,2302210933,148477,2,0.79004,0.22949,0.96948,-16.527,5.221,-7.13
2026-06-02 16:44:31.677,2302211133,148677,1,0.76074,-0.08813,0.57275,3.443,7.023,-9.725
2026-06-02 16:44:31.677,2302211133,148677,2,0.75513,0.19531,0.927,-33.374,-3.58,-15.046
2026-06-02 16:44:32.877,2302212333,148877,1,0.86963,-0.08105,0.43335,2.427,-1.794,-4.053
2026-06-02 16:44:32.877,2302212333,148877,2,0.84473,0.2373,0.93823,21.046,2.664,1.908
2026-06-02 16:44:32.077,2302211533,149077,1,0.85181,-0.08643,0.46753,-22.107,9.099,-8.763
2026-06-02 16:44:32.077,2302211533,149077,2,0.81616,0.17236,0.95874,9.145,4.214,-1.198
2026-06-02 16:44:32.277,2302211733,149277,1,0.77734,-0.10254,0.53223,9.634,-15.718,5.855
2026-06-02 16:44:32.277,2302211733,149277,2,0.80371,0.18286,0.95166,5.015,-0.901,14.038
2026-06-02 16:44:32.477,2302211933,149477,1,0.84546,-0.06763,0.46631,2.87,-11.481,-1.557
2026-06-02 16:44:32.477,2302211933,149477,2,0.8374,0.1687,0.8645,-12.405,-18.794,14.802
2026-06-02 16:44:32.677,2302212133,149677,1,0.97412,-0.06982,0.396,-50.718,-5.176,-30.573
2026-06-02 16:44:32.677,2302212133,149677,2,0.91772,0.14307,0.78271,-35.153,0.74,-25.053
2026-06-02 16:44:33.877,2302213333,149877,1,0.97632,-0.13599,0.31958,-91.527,14.809,-45.084
2026-06-02 16:44:33.877,2302213333,149877,2,0.92188,0.10864,0.77026,-84.786,-18.435,-47.58
2026-06-02 16:44:33.077,2302212533,150077,1,0.91284,-0.04126,0.4021,-83.832,21.954,-51.924
2026-06-02 16:44:33.077,2302212533,150077,2,0.86035,0.17993,0.75488,-126.939,-19.504,-62.542
2026-06-02 16:44:33.307,2302212763,150307,1,0.8042,-0.51001,0.45288,-62.29,7.702,-26.588
2026-06-02 16:44:33.307,2302212763,150307,2,0.79614,0.1145,1.04492,-15.641,-27.168,-33.412
2026-06-02 16:44:33.507,2302212963,150507,1,0.81689,-0.38672,0.46533,-13.031,-2.763,-30.962
2026-06-02 16:44:33.507,2302212963,150507,2,0.81885,0.21777,1.09424,14.87,4.443,-1.435
2026-06-02 16:44:33.707,2302213163,150707,1,0.84302,-0.32056,0.46729,47.183,-7.695,14.855
2026-06-02 16:44:33.707,2302213163,150707,2,0.75049,0.19824,1.02979,40.603,6.336,22.107
2026-06-02 16:44:34.907,2302214363,150907,1,0.99561,-0.07202,0.28296,74.145,4.229,39.908
2026-06-02 16:44:34.907,2302214363,150907,2,0.89453,0.2002,0.75562,113.336,35.885,67.206
2026-06-02 16:44:34.107,2302213563,151107,1,0.91504,-0.07593,0.37964,44.267,3.779,29.16
2026-06-02 16:44:34.107,2302213563,151107,2,0.86987,0.13086,0.76172,34.84,-1.13,24.481
2026-06-02 16:44:34.307,2302213763,151307,1,0.89771,-0.10986,0.37061,21.038,-14.191,25.626
2026-06-02 16:44:34.307,2302213763,151307,2,0.94092,0.1687,0.74805,33.855,4.573,17.397
2026-06-02 16:44:34.507,2302213963,151507,1,0.95776,-0.00488,0.32178,37.397,-4.321,18.992
2026-06-02 16:44:34.507,2302213963,151507,2,0.83789,0.13452,0.82178,49.397,13.519,29.962
2026-06-02 16:44:34.707,2302214163,151707,1,0.85498,0.03662,0.375,41.137,-4.328,28.008
2026-06-02 16:44:34.707,2302214163,151707,2,0.84766,0.21582,0.67773,36.695,15.55,31.55
2026-06-02 16:44:35.907,2302215363,151907,1,0.98877,-0.21143,0.42505,22.435,-12.481,16.267
2026-06-02 16:44:35.907,2302215363,151907,2,1.06689,0.28052,1.02783,39.931,5.176,2.893
2026-06-02 16:44:35.107,2302214563,152107,1,0.89795,-0.25122,0.27612,-32.969,31.595,-7.962
2026-06-02 16:44:35.107,2302214563,152107,2,0.77344,-0.05493,0.91211,-10.489,31.71,-18.275
2026-06-02 16:44:35.307,2302214763,152307,1,0.8728,-0.30298,0.40112,22.893,13.046,8.649
2026-06-02 16:44:35.307,2302214763,152307,2,0.78223,-0.08081,0.96533,30.595,4.336,7.74
2026-06-02 16:44:35.507,2302214963,152507,1,1.07935,-0.20215,0.46436,48.916,-15.473,25.58
2026-06-02 16:44:35.507,2302214963,152507,2,0.94702,0.24707,0.98877,59.992,50.237,-26.954
2026-06-02 16:44:35.707,2302215163,152707,1,0.6958,0.01514,0.54126,34.916,4.321,28.863
2026-06-02 16:44:35.707,2302215163,152707,2,0.74292,0.3894,0.78003,78.885,5.405,7.282
2026-06-02 16:44:36.907,2302216363,152907,1,0.87695,0.08398,0.46436,5.863,-12.046,2.786
2026-06-02 16:44:36.907,2302216363,152907,2,0.76587,0.40356,0.82788,-9.046,6.412,-8.008
2026-06-02 16:44:36.107,2302215563,153107,1,0.97314,-0.04272,0.43091,-34.405,-2.115,-17.366
2026-06-02 16:44:36.107,2302215563,153107,2,0.74365,0.21704,0.92407,-44.504,-3.183,-4.664
2026-06-02 16:44:36.307,2302215763,153307,1,0.87939,-0.07959,0.42578,-9.351,-7.206,-3.351
2026-06-02 16:44:36.307,2302215763,153307,2,0.80151,0.18945,0.96143,0.336,1.099,11.603
2026-06-02 16:44:36.507,2302215963,153507,1,0.91553,-0.11133,0.37598,9.351,-4.046,1.511
2026-06-02 16:44:36.507,2302215963,153507,2,0.81812,0.21924,0.88721,4.031,2.71,7.237
2026-06-02 16:44:36.707,2302216163,153707,1,0.97437,-0.125,0.34644,-29.527,47.565,-10.038
2026-06-02 16:44:36.707,2302216163,153707,2,0.86865,0.17554,0.95654,0.763,6.008,-24.588
2026-06-02 16:44:37.907,2302217363,153907,1,0.75708,-0.14233,0.51147,-4.748,48.0,-19.008
2026-06-02 16:44:37.907,2302217363,153907,2,0.78101,0.18481,0.97974,-14.145,11.359,-28.573
2026-06-02 16:44:37.107,2302216563,154107,1,0.66553,-0.03198,0.72827,-7.13,18.603,-9.977
2026-06-02 16:44:37.107,2302216563,154107,2,0.66577,0.2605,0.94775,-31.55,-1.992,-11.389
2026-06-02 16:44:37.307,2302216763,154307,1,0.63916,-0.08887,0.64966,-20.748,-27.809,-6.397
2026-06-02 16:44:37.307,2302216763,154307,2,0.66284,0.28857,0.94751,-13.359,-18.626,4.336
2026-06-02 16:44:37.507,2302216963,154507,1,0.76807,-0.11328,0.5249,-18.595,-45.221,-11.969
2026-06-02 16:44:37.507,2302216963,154507,2,0.76611,0.21899,0.95386,-7.389,-16.939,15.664
2026-06-02 16:44:37.707,2302217163,154707,1,0.91235,-0.12378,0.34839,-6.191,-38.924,-9.344
2026-06-02 16:44:37.707,2302217163,154707,2,0.83276,0.20654,0.9729,-5.618,-18.298,8.443
2026-06-02 16:44:38.907,2302218363,154907,1,1.01709,-0.07275,0.30981,-2.366,7.237,-5.977
2026-06-02 16:44:38.907,2302218363,154907,2,0.83154,0.18799,0.94141,17.954,3.954,8.802
2026-06-02 16:44:38.107,2302217563,155107,1,0.90527,0.02295,0.30664,33.84,46.115,14.565
2026-06-02 16:44:38.107,2302217563,155107,2,0.86792,0.26367,0.8667,79.061,31.458,-4.985
2026-06-02 16:44:38.307,2302217763,155307,1,0.72363,-0.00586,0.42822,24.176,82.641,11.824
2026-06-02 16:44:38.307,2302217763,155307,2,0.7417,0.41919,0.73804,39.214,55.954,-43.16
2026-06-02 16:44:38.507,2302217963,155507,1,0.3833,0.10864,0.77539,32.969,77.366,22.328
2026-06-02 16:44:38.507,2302217963,155507,2,0.64331,0.54126,0.97363,49.603,45.534,-24.885
2026-06-02 16:44:38.707,2302218163,155707,1,0.2478,0.1875,1.02222,-10.427,6.046,24.244
2026-06-02 16:44:38.707,2302218163,155707,2,0.52686,0.58887,1.05884,-30.947,8.947,8.695
2026-06-02 16:44:39.907,2302219363,155907,1,0.40308,-0.00293,0.78784,4.931,-7.443,42.099
2026-06-02 16:44:39.907,2302219363,155907,2,0.46118,0.51929,1.10376,-8.351,10.389,13.87
2026-06-02 16:44:39.107,2302218563,156107,1,0.39258,-0.04565,0.76489,2.443,2.069,31.031
2026-06-02 16:44:39.107,2302218563,156107,2,0.51392,0.53735,1.11035,9.679,20.336,21.55
2026-06-02 16:44:39.307,2302218763,156307,1,0.36401,-0.04297,0.77124,-1.237,0.267,24.405
2026-06-02 16:44:39.307,2302218763,156307,2,0.49194,0.52002,1.07764,5.985,11.29,10.603
2026-06-02 16:44:39.507,2302218963,156507,1,0.37109,-0.06421,0.78125,-6.71,2.412,-0.176
2026-06-02 16:44:39.507,2302218963,156507,2,0.49048,0.55786,1.1106,-5.16,1.382,-7.672
2026-06-02 16:44:39.713,2302219169,156713,1,0.34302,-0.03784,0.80347,-3.359,5.748,-17.763
2026-06-02 16:44:39.713,2302219169,156713,2,0.47534,0.51392,1.08398,-7.198,-6.489,-6.107
2026-06-02 16:44:40.913,2302220369,156913,1,0.34546,-0.01367,0.81909,-4.496,1.466,-13.84
2026-06-02 16:44:40.913,2302220369,156913,2,0.46899,0.49023,1.10693,-8.832,-5.84,-3.71
2026-06-02 16:44:40.113,2302219569,157113,1,0.28711,0.04297,0.94653,-29.13,-38.321,-17.092
2026-06-02 16:44:40.113,2302219569,157113,2,0.52588,0.45435,1.08276,-43.26,-35.26,17.977
2026-06-02 16:44:40.313,2302219769,157313,1,0.48193,-0.16309,0.65503,-31.618,-71.641,-26.191
2026-06-02 16:44:40.313,2302219769,157313,2,0.64063,0.30249,1.07324,-42.305,-51.137,9.504
2026-06-02 16:44:40.513,2302219969,157513,1,0.79956,-0.20776,0.46167,-28.954,-58.084,-21.84
2026-06-02 16:44:40.513,2302219969,157513,2,0.78296,0.16357,1.01538,-16.244,-35.595,16.641
2026-06-02 16:44:40.713,2302220169,157713,1,0.99512,-0.16309,0.39941,5.763,-25.695,-15.214
2026-06-02 16:44:40.713,2302220169,157713,2,0.88208,0.36426,0.94092,32.374,27.679,-7.901
2026-06-02 16:44:41.913,2302221369,157913,1,0.88208,0.00439,0.40063,2.954,-2.427,-17.565
2026-06-02 16:44:41.913,2302221369,157913,2,0.87402,0.15405,0.86719,5.237,1.076,11.672
2026-06-02 16:44:41.113,2302220569,158113,1,0.91406,0.00757,0.36792,6.374,-13.42,1.985
2026-06-02 16:44:41.113,2302220569,158113,2,0.87354,0.198,0.78467,2.389,-4.557,6.42
2026-06-02 16:44:41.313,2302220769,158313,1,0.92139,0.03955,0.32617,-11.458,-20.115,6.412
2026-06-02 16:44:41.313,2302220769,158313,2,0.93018,0.14868,0.8999,-8.55,-12.718,35.55
2026-06-02 16:44:41.513,2302220969,158513,1,0.92944,-0.146,0.18579,25.061,-13.405,15.748
2026-06-02 16:44:41.513,2302220969,158513,2,0.89014,0.11548,0.84839,11.214,0.405,22.305
2026-06-02 16:44:41.713,2302221169,158713,1,0.97534,-0.15698,0.26855,-7.313,-3.26,-8.359
2026-06-02 16:44:41.713,2302221169,158713,2,0.87573,0.01099,0.87378,-29.466,-4.374,-8.176
2026-06-02 16:44:42.913,2302222369,158913,1,0.93774,-0.11304,0.30396,-12.809,9.137,-6.725
2026-06-02 16:44:42.913,2302222369,158913,2,0.87012,0.01465,0.86963,-13.382,1.74,-8.763
2026-06-02 16:44:42.119,2302221575,159119,1,0.95508,-0.10571,0.29614,-3.756,1.183,-1.916
2026-06-02 16:44:42.119,2302221575,159119,2,0.8689,0.02539,0.85718,-2.985,1.221,-0.183
2026-06-02 16:44:42.319,2302221775,159319,1,0.96582,-0.10107,0.30762,-7.656,4.924,-8.565
2026-06-02 16:44:42.319,2302221775,159319,2,0.85645,0.05225,0.88232,-6.832,6.427,-7.351
2026-06-02 16:44:42.519,2302221975,159519,1,0.95044,-0.06519,0.3147,-11.626,4.771,-12.962
2026-06-02 16:44:42.519,2302221975,159519,2,0.83594,0.07227,0.89771,-10.611,1.649,-11.588
2026-06-02 16:44:42.719,2302222175,159719,1,0.94263,-0.03979,0.37451,-10.664,12.344,-8.336
2026-06-02 16:44:42.719,2302222175,159719,2,0.85132,0.09937,0.91016,4.618,4.0,-1.336
2026-06-02 16:44:43.919,2302223375,159919,1,0.90479,-0.07861,0.37988,-3.786,15.412,-0.321
2026-06-02 16:44:43.919,2302223375,159919,2,0.85034,0.1416,0.90649,17.321,16.16,-6.794
2026-06-02 16:44:43.119,2302222575,160119,1,0.84399,-0.10376,0.44629,-4.763,12.038,2.641
2026-06-02 16:44:43.119,2302222575,160119,2,0.80176,0.17871,0.92261,2.466,3.366,1.45
2026-06-02 16:44:43.319,2302222775,160319,1,0.85571,-0.10034,0.44507,-4.069,-1.321,-1.931
2026-06-02 16:44:43.319,2302222775,160319,2,0.81641,0.17749,0.9314,-4.588,-0.649,1.962
2026-06-02 16:44:43.519,2302222975,160519,1,0.87891,-0.08154,0.41187,-6.496,-9.282,-3.382
2026-06-02 16:44:43.519,2302222975,160519,2,0.8186,0.15332,0.9165,-14.038,-2.344,-1.0
2026-06-02 16:44:43.719,2302223175,160719,1,0.90454,-0.09253,0.37354,-8.87,-13.794,-4.626
2026-06-02 16:44:43.719,2302223175,160719,2,0.80322,0.09375,0.89722,-17.618,-9.489,11.168
2026-06-02 16:44:44.919,2302224375,160919,1,0.93799,-0.10498,0.32251,-5.412,-11.122,-2.443
2026-06-02 16:44:44.919,2302224375,160919,2,0.83789,0.08252,0.9104,-7.817,-5.191,6.153
2026-06-02 16:44:44.119,2302223575,161119,1,0.91528,-0.09106,0.31616,3.42,-1.099,-1.42
2026-06-02 16:44:44.119,2302223575,161119,2,0.84937,0.06738,0.89502,1.435,0.664,1.802
2026-06-02 16:44:44.319,2302223775,161319,1,0.95459,-0.08252,0.29834,0.344,1.908,2.168
2026-06-02 16:44:44.319,2302223775,161319,2,0.85205,0.07666,0.88257,4.344,2.267,2.908
2026-06-02 16:44:44.519,2302223975,161519,1,0.94971,-0.08838,0.30786,-1.015,1.198,-0.107
2026-06-02 16:44:44.519,2302223975,161519,2,0.85156,0.06934,0.88623,1.611,1.756,1.588
2026-06-02 16:44:44.719,2302224175,161719,1,0.95386,-0.08008,0.3186,-1.924,1.145,0.023
2026-06-02 16:44:44.719,2302224175,161719,2,0.85229,0.07764,0.88672,1.206,1.809,2.595
2026-06-02 16:44:45.919,2302225375,161919,1,0.94531,-0.08643,0.31104,-1.58,1.145,-1.267
2026-06-02 16:44:45.919,2302225375,161919,2,0.86108,0.07227,0.89575,-2.038,1.023,1.427
2026-06-02 16:44:45.119,2302224575,162119,1,0.93872,-0.08472,0.323,-2.076,1.824,-1.87
2026-06-02 16:44:45.119,2302224575,162119,2,0.85449,0.07227,0.87964,-0.229,1.55,2.015
2026-06-02 16:44:45.319,2302224775,162319,1,0.93237,-0.07275,0.3313,-1.679,1.641,-0.74
2026-06-02 16:44:45.319,2302224775,162319,2,0.85327,0.07422,0.89526,0.191,2.015,1.305
2026-06-02 16:44:45.519,2302224975,162519,1,0.94702,-0.06836,0.32837,-0.817,0.977,-0.122
2026-06-02 16:44:45.519,2302224975,162519,2,0.85059,0.08154,0.89575,1.771,1.771,1.649
2026-06-02 16:44:45.719,2302225175,162719,1,0.94507,-0.0791,0.34326,-1.84,2.031,0.649
2026-06-02 16:44:45.719,2302225175,162719,2,0.85352,0.08228,0.89014,0.573,2.763,1.008
2026-06-02 16:44:46.919,2302226375,162919,1,0.92725,-0.08154,0.34131,-2.634,1.382,0.885
2026-06-02 16:44:46.919,2302226375,162919,2,0.84204,0.08472,0.89185,0.084,1.252,1.733
2026-06-02 16:44:46.119,2302225575,163119,1,0.95435,-0.07617,0.32324,-1.58,4.115,0.282
2026-06-02 16:44:46.119,2302225575,163119,2,0.82031,0.09546,0.94409,11.084,4.015,-15.794
2026-06-02 16:44:46.322,2302225778,163321,1,0.89624,0.01733,0.28589,6.389,30.122,20.611
2026-06-02 16:44:46.322,2302225778,163321,2,0.91211,0.20166,0.87769,54.565,35.282,2.092
2026-06-02 16:44:46.521,2302225977,163521,1,0.9707,-0.12744,0.52686,-11.015,21.863,-6.664
2026-06-02 16:44:46.521,2302225977,163521,2,1.01318,0.1228,1.25317,-104.298,0.87,-65.496
2026-06-02 16:44:46.721,2302226177,163721,1,0.60449,-0.2334,0.61011,-16.244,-13.366,-23.237
2026-06-02 16:44:46.721,2302226177,163721,2,0.6333,0.15674,1.1145,-20.55,-27.427,6.71
2026-06-02 16:44:47.921,2302227377,163921,1,0.80884,-0.21924,0.47632,5.321,-24.672,-2.427
2026-06-02 16:44:47.921,2302227377,163921,2,0.76099,0.16992,1.0,16.26,-4.618,15.099
2026-06-02 16:44:47.121,2302226577,164121,1,0.89136,-0.11206,0.36255,13.168,-13.756,-0.794
2026-06-02 16:44:47.121,2302226577,164121,2,0.80518,0.19263,0.91821,15.305,6.924,8.641
2026-06-02 16:44:47.321,2302226777,164321,1,0.91016,-0.01025,0.39404,15.702,-4.046,6.794
2026-06-02 16:44:47.321,2302226777,164321,2,0.88623,0.19116,0.80591,15.763,0.29,15.336
2026-06-02 16:44:47.521,2302226977,164521,1,0.93335,-0.01953,0.35986,-5.153,-6.351,-3.611
2026-06-02 16:44:47.521,2302226977,164521,2,0.83789,0.16406,0.85815,-12.344,-2.061,9.351
2026-06-02 16:44:47.721,2302227177,164721,1,0.92285,-0.08984,0.32593,-12.42,-0.824,-5.244
2026-06-02 16:44:47.721,2302227177,164721,2,0.74072,0.16309,0.88184,-10.137,1.26,-0.557
2026-06-02 16:44:48.921,2302228377,164921,1,0.93237,-0.09375,0.33667,-10.931,2.137,-3.687
2026-06-02 16:44:48.921,2302228377,164921,2,0.82178,0.11108,0.93481,0.504,5.588,3.641
2026-06-02 16:44:48.121,2302227577,165121,1,0.92432,-0.11011,0.35107,-6.473,0.351,-0.069
2026-06-02 16:44:48.121,2302227577,165121,2,0.8291,0.11279,0.93652,-4.855,1.099,-0.13
2026-06-02 16:44:48.321,2302227777,165321,1,0.92212,-0.11694,0.34229,-6.13,-3.748,-0.664
2026-06-02 16:44:48.321,2302227777,165321,2,0.84155,0.10815,0.92847,-7.435,-0.771,1.031
2026-06-02 16:44:48.521,2302227977,165521,1,0.93433,-0.11987,0.31274,-4.191,-8.061,-2.992
2026-06-02 16:44:48.521,2302227977,165521,2,0.83423,0.07593,0.90869,-11.328,-4.748,3.0
2026-06-02 16:44:48.721,2302228177,165721,1,0.96069,-0.1084,0.302,-1.771,-7.061,-3.153
2026-06-02 16:44:48.721,2302228177,165721,2,0.8501,0.07275,0.89355,0.55,-3.298,5.603
2026-06-02 16:44:49.921,2302229377,165921,1,0.97314,-0.09155,0.27661,0.328,-1.336,-1.374
2026-06-02 16:44:49.921,2302229377,165921,2,0.854,0.0647,0.88354,1.985,-1.328,4.046
2026-06-02 16:44:49.121,2302228577,166121,1,0.96899,-0.08179,0.27588,2.718,1.443,-0.137
2026-06-02 16:44:49.121,2302228577,166121,2,0.86304,0.06348,0.88843,2.924,2.145,1.992
2026-06-02 16:44:49.321,2302228777,166321,1,0.96875,-0.07739,0.28882,0.351,5.145,2.084
2026-06-02 16:44:49.321,2302228777,166321,2,0.84692,0.07129,0.88672,2.511,1.977,2.786
2026-06-02 16:44:49.521,2302228977,166521,1,0.9519,-0.07764,0.2981,-1.069,4.771,3.557
2026-06-02 16:44:49.521,2302228977,166521,2,0.85107,0.07275,0.88184,1.992,4.275,0.863
2026-06-02 16:44:49.721,2302229177,166721,1,0.95483,-0.10205,0.31982,-2.023,5.29,4.656
2026-06-02 16:44:49.721,2302229177,166721,2,0.86548,0.07813,0.90845,3.267,5.527,-2.74
2026-06-02 16:44:50.921,2302230377,166921,1,0.93115,-0.13525,0.3335,0.069,9.191,8.779
2026-06-02 16:44:50.921,2302230377,166921,2,0.84009,0.09375,0.93579,3.55,7.649,-2.031
2026-06-02 16:44:50.121,2302229577,167121,1,0.90601,-0.17676,0.36475,2.435,10.023,7.42
2026-06-02 16:44:50.121,2302229577,167121,2,0.78931,0.09058,0.94897,5.931,4.405,-3.58
2026-06-02 16:44:50.321,2302229777,167321,1,0.86011,-0.17676,0.43408,9.145,9.595,6.198
2026-06-02 16:44:50.321,2302229777,167321,2,0.80078,0.17993,0.92212,12.748,2.985,4.695
2026-06-02 16:44:50.521,2302229977,167521,1,0.84106,-0.11743,0.4519,3.321,1.282,-1.809
2026-06-02 16:44:50.521,2302229977,167521,2,0.8186,0.19336,0.91602,3.756,-0.267,3.55
2026-06-02 16:44:50.721,2302230177,167721,1,0.87061,-0.1084,0.43018,2.527,-1.29,-4.679
2026-06-02 16:44:50.721,2302230177,167721,2,0.8208,0.19019,0.9165,2.435,0.588,2.275
2026-06-02 16:44:51.921,2302231377,167921,1,0.86304,-0.09204,0.43896,-2.687,-0.405,-8.786
2026-06-02 16:44:51.921,2302231377,167921,2,0.81128,0.19629,0.90723,-2.45,-0.969,-1.145
2026-06-02 16:44:51.121,2302230577,168121,1,0.85815,-0.0791,0.43994,-3.237,-4.824,-8.168
2026-06-02 16:44:51.121,2302230577,168121,2,0.81763,0.1665,0.92676,-8.481,0.763,-2.573
2026-06-02 16:44:51.321,2302230777,168321,1,0.88232,-0.05908,0.40845,2.229,-14.664,-2.931
2026-06-02 16:44:51.321,2302230777,168321,2,0.8042,0.16479,0.90967,-10.985,-3.687,2.366
2026-06-02 16:44:51.521,2302230977,168521,1,0.98828,-0.0354,0.35913,-1.687,-5.748,4.061
2026-06-02 16:44:51.521,2302230977,168521,2,0.83472,0.16528,0.92065,12.16,3.359,5.931
2026-06-02 16:44:51.721,2302231177,168721,1,0.93457,-0.05737,0.33765,3.779,0.489,6.565
2026-06-02 16:44:51.721,2302231177,168721,2,0.83447,0.16113,0.90796,2.412,0.076,6.053
2026-06-02 16:44:52.921,2302232377,168921,1,0.93506,-0.06494,0.33228,0.489,-4.389,3.122
2026-06-02 16:44:52.921,2302232377,168921,2,0.83643,0.14624,0.90576,0.015,0.275,6.183
2026-06-02 16:44:52.121,2302231577,169121,1,0.95142,-0.08325,0.31519,-0.466,-4.519,0.336
2026-06-02 16:44:52.121,2302231577,169121,2,0.84912,0.12744,0.8916,1.115,-2.023,5.672
2026-06-02 16:44:52.321,2302231777,169321,1,0.9624,-0.06812,0.2959,0.824,-3.664,-1.145
2026-06-02 16:44:52.321,2302231777,169321,2,0.85596,0.13428,0.87842,-0.321,-0.611,3.618
2026-06-02 16:44:52.521,2302231977,169521,1,0.97021,-0.06543,0.28735,-1.214,-0.458,-1.939
2026-06-02 16:44:52.521,2302231977,169521,2,0.8584,0.12646,0.89429,0.137,-0.687,4.0
2026-06-02 16:44:52.721,2302232177,169721,1,0.96704,-0.05151,0.28613,-2.809,0.756,-1.603
2026-06-02 16:44:52.721,2302232177,169721,2,0.84863,0.12378,0.88989,-0.305,1.779,1.954
2026-06-02 16:44:53.921,2302233377,169921,1,0.95557,-0.05933,0.29419,-5.412,1.244,-0.649
2026-06-02 16:44:53.921,2302233377,169921,2,0.85107,0.11768,0.88647,-4.099,0.74,1.076
2026-06-02 16:44:53.121,2302232577,170121,1,0.95898,-0.06665,0.29028,-4.26,0.664,0.176
2026-06-02 16:44:53.121,2302232577,170121,2,0.84619,0.11133,0.88037,-1.748,0.794,1.611
2026-06-02 16:44:53.321,2302232777,170321,1,0.94849,-0.07227,0.31152,-3.664,2.076,-0.282
2026-06-02 16:44:53.321,2302232777,170321,2,0.83618,0.10889,0.88477,-7.779,0.893,0.443
2026-06-02 16:44:53.521,2302232977,170521,1,0.95801,-0.07617,0.30908,-5.076,5.611,3.008
2026-06-02 16:44:53.521,2302232977,170521,2,0.85938,0.10474,0.87842,-0.176,3.618,0.695
2026-06-02 16:44:53.721,2302233177,170721,1,0.92871,-0.07788,0.33643,-5.107,4.206,-0.405
2026-06-02 16:44:53.721,2302233177,170721,2,0.84961,0.1272,0.89795,-1.542,4.824,-2.733
2026-06-02 16:44:54.921,2302234377,170921,1,0.9248,-0.08179,0.34839,-6.641,4.55,-1.122
2026-06-02 16:44:54.921,2302234377,170921,2,0.83618,0.12646,0.89673,-3.756,3.45,-2.206
2026-06-02 16:44:54.121,2302233577,171121,1,0.92529,-0.08643,0.34863,-7.504,1.595,-2.954
2026-06-02 16:44:54.121,2302233577,171121,2,0.83203,0.11938,0.92603,-6.267,1.847,-1.824
2026-06-02 16:44:54.321,2302233777,171321,1,0.97192,-0.15112,0.30273,14.092,8.153,-0.87
2026-06-02 16:44:54.321,2302233777,171321,2,0.8208,0.11792,0.95825,32.351,1.519,7.191
2026-06-02 16:44:54.521,2302233977,171521,1,0.875,0.04736,0.39355,49.901,8.168,23.137
2026-06-02 16:44:54.521,2302233977,171521,2,0.82446,0.22363,0.79126,62.679,23.122,16.947
2026-06-02 16:44:54.721,2302234177,171721,1,0.88208,0.10962,0.36426,-0.122,-8.794,13.481
2026-06-02 16:44:54.721,2302234177,171721,2,0.84717,0.26343,0.76904,-12.359,5.489,13.748
2026-06-02 16:44:55.921,2302235377,171921,1,0.92896,-0.09326,0.36279,-2.435,2.962,4.405
2026-06-02 16:44:55.921,2302235377,171921,2,0.85913,0.20166,0.82544,38.26,-17.015,8.099
2026-06-02 16:44:55.121,2302234577,172121,1,0.96167,-0.06274,0.3064,19.458,-19.046,-1.672
2026-06-02 16:44:55.121,2302234577,172121,2,0.75879,0.12451,1.0127,-26.031,-14.321,15.496
2026-06-02 16:44:55.321,2302234777,172321,1,0.93579,-0.12842,0.2937,2.16,0.023,6.084
2026-06-02 16:44:55.321,2302234777,172321,2,0.84595,0.01904,0.88354,17.16,4.74,32.053
2026-06-02 16:44:55.521,2302234977,172521,1,0.99219,-0.09009,0.23413,24.824,1.931,22.634
2026-06-02 16:44:55.521,2302234977,172521,2,0.92017,0.00488,0.78271,37.145,10.191,25.092
2026-06-02 16:44:55.721,2302235177,172721,1,0.99316,-0.05005,0.22974,25.427,-2.611,13.344
2026-06-02 16:44:55.721,2302235177,172721,2,0.88208,-0.0271,0.79419,8.748,1.084,20.473
2026-06-02 16:44:56.921,2302236377,172921,1,1.13672,-0.06982,0.2998,-17.489,-5.901,-15.305
2026-06-02 16:44:56.921,2302236377,172921,2,0.71558,-0.11694,0.83521,-10.687,6.496,2.885
2026-06-02 16:44:56.121,2302235577,173121,1,0.98022,-0.10571,0.32349,31.198,-5.275,16.656
2026-06-02 16:44:56.121,2302235577,173121,2,0.9082,0.08569,0.91357,76.992,36.916,-12.832
2026-06-02 16:44:56.321,2302235777,173321,1,0.9436,0.00293,0.22192,-19.786,6.473,-0.702
2026-06-02 16:44:56.321,2302235777,173321,2,0.802,0.05566,0.77881,-3.435,-1.817,-5.794
2026-06-02 16:44:56.521,2302235977,173521,1,1.0166,0.01147,0.21167,-19.435,0.023,-5.336
2026-06-02 16:44:56.521,2302235977,173521,2,1.02026,0.00854,0.86401,-28.763,-5.359,-21.092
2026-06-02 16:44:56.721,2302236177,173721,1,1.01904,-0.13477,0.32715,-4.939,-20.328,14.916
2026-06-02 16:44:56.721,2302236177,173721,2,0.52637,0.33789,0.97192,15.282,-23.779,3.573
2026-06-02 16:44:57.921,2302237377,173921,1,0.82764,-0.1731,0.23804,-22.802,7.954,-5.87
2026-06-02 16:44:57.921,2302237377,173921,2,0.80713,-0.07324,0.84961,22.573,7.336,21.748
2026-06-02 16:44:57.165,2302236621,174165,1,1.0979,-0.21973,0.21802,-6.45,-4.092,-8.908
2026-06-02 16:44:57.165,2302236621,174165,2,1.00659,0.02539,0.74683,4.267,3.244,-13.84
2026-06-02 16:44:57.365,2302236821,174365,1,0.97925,-0.20044,0.45386,3.893,-19.725,5.412
2026-06-02 16:44:57.365,2302236821,174365,2,0.802,0.16748,0.98193,69.87,22.748,-21.481
2026-06-02 16:44:57.565,2302237021,174565,1,0.92261,-0.10132,0.20264,-7.076,-2.832,-5.153
2026-06-02 16:44:57.565,2302237021,174565,2,0.86841,0.03906,0.79248,-7.405,-23.115,-17.053
2026-06-02 16:44:58.765,2302238221,174765,1,0.97485,0.05859,0.1875,-48.763,-3.221,-35.26
2026-06-02 16:44:58.765,2302238221,174765,2,1.03125,0.04688,0.67603,-98.664,-0.122,-32.557
2026-06-02 16:44:58.965,2302238421,174965,1,1.1145,-0.35059,0.30273,-1.42,5.496,1.321
2026-06-02 16:44:58.965,2302238421,174965,2,0.7644,0.24316,0.81201,192.389,29.74,2.221
2026-06-02 16:44:58.165,2302237621,175165,1,0.94263,-0.14429,0.36401,-5.0,34.069,-2.038
2026-06-02 16:44:58.165,2302237621,175165,2,0.89331,0.03198,0.83691,129.58,34.893,52.672
2026-06-02 16:44:58.365,2302237821,175365,1,0.86304,-0.15918,0.32617,18.725,-0.931,25.756
2026-06-02 16:44:58.365,2302237821,175365,2,0.80005,-0.02612,0.7749,3.824,-2.298,3.863
2026-06-02 16:44:58.565,2302238021,175565,1,0.83105,0.0022,0.38184,-11.145,0.122,-19.061
2026-06-02 16:44:58.565,2302238021,175565,2,0.79907,-0.04321,0.80664,-21.031,-29.397,43.038
2026-06-02 16:44:59.765,2302239221,175765,1,0.98242,0.01294,0.3042,-19.481,-9.885,-18.565
2026-06-02 16:44:59.765,2302239221,175765,2,0.94312,0.10449,0.87354,-66.115,-11.893,-33.145
2026-06-02 16:44:59.965,2302239421,175965,1,1.00342,0.04956,0.26733,-49.053,5.198,-20.397
2026-06-02 16:44:59.965,2302239421,175965,2,0.88574,0.02759,0.8252,-53.107,-0.374,-16.634
2026-06-02 16:44:59.165,2302238621,176165,1,0.98682,-0.02783,0.28564,-48.313,14.588,-20.412
2026-06-02 16:44:59.165,2302238621,176165,2,0.85156,-0.08569,0.91455,-42.092,12.137,-8.939
2026-06-02 16:44:59.365,2302238821,176365,1,0.95825,-0.05664,0.32593,-24.168,8.802,8.382
2026-06-02 16:44:59.365,2302238821,176365,2,0.89331,-0.01196,0.90918,-21.634,12.947,-20.626
2026-06-02 16:44:59.565,2302239021,176565,1,0.95264,-0.05835,0.26196,-44.473,13.779,-0.885
2026-06-02 16:44:59.565,2302239021,176565,2,0.86206,-0.02466,0.82178,-40.992,8.672,-40.168
2026-06-02 16:45:00.765,2302240221,176765,1,0.97266,-0.19067,0.26392,-56.527,0.618,-17.435
2026-06-02 16:45:00.765,2302240221,176765,2,0.89014,-0.09058,0.85156,-50.076,-0.344,-13.29
2026-06-02 16:45:00.965,2302240421,176965,1,0.93311,-0.21338,0.25684,-23.046,-2.366,-22.42
2026-06-02 16:45:00.965,2302240421,176965,2,0.85034,-0.11963,0.9021,-37.473,-12.26,-7.534
2026-06-02 16:45:00.165,2302239621,177165,1,0.97803,-0.16626,0.24927,1.763,-9.046,-5.481
2026-06-02 16:45:00.165,2302239621,177165,2,0.8501,-0.07959,0.88794,-7.084,-7.71,-2.397
2026-06-02 16:45:00.365,2302239821,177365,1,0.99023,-0.11865,0.2395,5.969,-2.687,0.435
2026-06-02 16:45:00.365,2302239821,177365,2,0.87476,-0.04517,0.85181,5.824,1.74,-4.908
2026-06-02 16:45:00.565,2302240021,177565,1,0.99878,-0.09961,0.22388,6.527,0.336,2.649
2026-06-02 16:45:00.565,2302240021,177565,2,0.87573,-0.00464,0.84546,10.191,5.901,2.687
2026-06-02 16:45:01.765,2302241221,177765,1,0.94922,-0.09106,0.26831,-6.664,12.153,-0.099
2026-06-02 16:45:01.765,2302241221,177765,2,0.87402,0.06885,0.86646,6.458,1.695,1.618
2026-06-02 16:45:01.965,2302241421,177965,1,0.96606,-0.11133,0.29639,5.206,4.374,5.718
2026-06-02 16:45:01.965,2302241421,177965,2,0.84619,0.05054,0.87744,13.374,5.198,6.511
2026-06-02 16:45:01.165,2302240621,178165,1,0.927,-0.10986,0.32275,13.794,-0.908,5.855
2026-06-02 16:45:01.165,2302240621,178165,2,0.84448,0.08228,0.87549,6.519,6.489,-1.962
2026-06-02 16:45:01.365,2302240821,178365,1,0.95508,-0.08545,0.31348,6.397,-0.504,-0.473
2026-06-02 16:45:01.365,2302240821,178365,2,0.85156,0.08276,0.90332,4.924,-2.115,9.237
2026-06-02 16:45:01.565,2302241021,178565,1,0.95703,-0.09326,0.29346,-2.962,1.595,-2.282
2026-06-02 16:45:01.565,2302241021,178565,2,0.84009,0.07007,0.88574,-1.947,0.947,-0.664
2026-06-02 16:45:02.765,2302242221,178765,1,0.96704,-0.08472,0.29932,-5.763,4.939,-0.954
2026-06-02 16:45:02.765,2302242221,178765,2,0.8479,0.0708,0.89453,-5.183,4.221,-5.298
2026-06-02 16:45:02.965,2302242421,178965,1,0.94189,-0.11621,0.3064,-9.817,2.099,-3.847
2026-06-02 16:45:02.965,2302242421,178965,2,0.83862,0.06738,0.90088,-10.076,2.58,-3.0
2026-06-02 16:45:02.165,2302241621,179165,1,0.94751,-0.11133,0.31787,-5.542,-0.58,-3.786
2026-06-02 16:45:02.165,2302241621,179165,2,0.83521,0.06738,0.92847,-9.336,-1.321,-0.687
2026-06-02 16:45:02.365,2302241821,179365,1,0.9519,-0.09888,0.29297,-4.573,2.489,-3.611
2026-06-02 16:45:02.365,2302241821,179365,2,0.84766,0.06616,0.91211,-0.908,1.763,0.046
2026-06-02 16:45:02.565,2302242021,179565,1,0.95605,-0.09448,0.29907,-2.168,0.847,-1.74
2026-06-02 16:45:02.565,2302242021,179565,2,0.82837,0.06689,0.91431,-0.527,-1.137,3.29
2026-06-02 16:45:03.765,2302243221,179765,1,0.95923,-0.08569,0.30664,1.405,0.519,1.87
2026-06-02 16:45:03.765,2302243221,179765,2,0.83862,0.06885,0.9248,1.863,2.466,2.313
2026-06-02 16:45:03.965,2302243421,179965,1,0.9563,-0.08252,0.32495,3.198,0.748,2.511
2026-06-02 16:45:03.965,2302243421,179965,2,0.83472,0.06494,0.88306,4.382,2.542,1.908
2026-06-02 16:45:03.165,2302242621,180165,1,0.96094,-0.09375,0.32056,0.901,-0.023,2.229
2026-06-02 16:45:03.165,2302242621,180165,2,0.84448,0.07324,0.91162,1.565,2.634,0.626
2026-06-02 16:45:03.365,2302242821,180365,1,0.94995,-0.09692,0.29297,-1.519,-2.893,1.069
2026-06-02 16:45:03.365,2302242821,180365,2,0.8269,0.08154,0.91968,5.084,-1.412,2.611
2026-06-02 16:45:03.565,2302243021,180565,1,0.95825,-0.0979,0.30249,1.542,-2.878,2.756
2026-06-02 16:45:03.565,2302243021,180565,2,0.84082,0.08447,0.91626,1.275,0.794,0.649
2026-06-02 16:45:04.765,2302244221,180765,1,0.96216,-0.09497,0.29932,-0.405,-1.145,3.038
2026-06-02 16:45:04.765,2302244221,180765,2,0.84644,0.10718,0.91699,1.13,0.496,2.969
2026-06-02 16:45:04.965,2302244421,180965,1,0.95752,-0.11353,0.29004,-1.069,0.847,0.008
2026-06-02 16:45:04.965,2302244421,180965,2,0.84082,0.08936,0.90967,-0.618,0.145,0.977
2026-06-02 16:45:04.165,2302243621,181165,1,0.94629,-0.10229,0.28784,-4.237,0.87,-6.198
2026-06-02 16:45:04.165,2302243621,181165,2,0.83862,0.07422,0.91406,-10.511,-0.13,-1.947
2026-06-02 16:45:04.365,2302243821,181365,1,0.95483,-0.09399,0.28735,-5.817,0.221,-9.305
2026-06-02 16:45:04.365,2302243821,181365,2,0.83423,0.0564,0.89893,-11.435,0.252,-1.786
2026-06-02 16:45:04.565,2302244021,181565,1,0.96289,-0.07642,0.27295,-19.359,-0.748,-19.015
2026-06-02 16:45:04.565,2302244021,181565,2,0.83862,0.00342,0.90747,-32.191,-8.137,4.198
2026-06-02 16:45:05.765,2302245221,181765,1,0.97534,-0.12573,0.24951,-38.702,1.0,-19.344
2026-06-02 16:45:05.765,2302245221,181765,2,0.84937,0.00146,0.86768,-30.26,10.351,-24.153
2026-06-02 16:45:05.965,2302245421,181965,1,1.01782,-0.02539,0.24292,-35.588,6.183,-14.031
2026-06-02 16:45:05.965,2302245421,181965,2,0.91089,0.08008,0.84839,-22.947,-8.13,-34.695
2026-06-02 16:45:05.165,2302244621,182165,1,0.96191,0.02026,0.26221,-25.191,7.916,-18.931
2026-06-02 16:45:05.165,2302244621,182165,2,0.86133,0.10352,0.79419,-20.74,-10.45,-34.122
2026-06-02 16:45:05.365,2302244821,182365,1,0.98584,0.05127,0.22754,-30.71,2.061,-19.076
2026-06-02 16:45:05.365,2302244821,182365,2,0.8728,0.06006,0.80493,-46.351,-4.664,-22.16
2026-06-02 16:45:05.565,2302245021,182565,1,0.97217,-0.02222,0.35059,-20.053,-15.718,-0.206
2026-06-02 16:45:05.565,2302245021,182565,2,1.04053,0.00439,1.00952,-64.397,-27.405,-8.176
2026-06-02 16:45:06.765,2302246221,182765,1,0.93091,-0.04639,0.34985,-2.45,-13.947,-6.282
2026-06-02 16:45:06.765,2302246221,182765,2,0.92456,0.24609,1.06274,-29.336,-1.511,17.557
2026-06-02 16:45:06.965,2302246421,182965,1,0.96143,-0.11475,0.21704,28.786,8.031,11.038
2026-06-02 16:45:06.965,2302246421,182965,2,0.80933,0.06226,0.89209,37.061,11.107,32.664
2026-06-02 16:45:06.165,2302245621,183165,1,0.97119,-0.09155,0.21484,48.26,11.405,19.84
2026-06-02 16:45:06.165,2302245621,183165,2,0.86475,-0.07056,0.84717,59.229,1.74,38.374
2026-06-02 16:45:06.365,2302245821,183365,1,1.04224,-0.06323,0.30103,27.153,9.252,25.786
2026-06-02 16:45:06.365,2302245821,183365,2,0.87329,0.05908,0.97656,41.809,13.817,4.153
2026-06-02 16:45:06.565,2302246021,183565,1,0.85791,0.1123,0.3877,58.145,23.557,41.198
2026-06-02 16:45:06.565,2302246021,183565,2,0.90112,0.27539,0.78369,80.924,25.145,16.015
2026-06-02 16:45:07.765,2302247221,183765,1,0.81738,0.16382,0.39575,38.107,12.763,30.847
2026-06-02 16:45:07.765,2302247221,183765,2,0.68872,0.32471,0.73633,7.053,13.595,15.924
2026-06-02 16:45:07.965,2302247421,183965,1,0.95801,-0.07007,0.4502,-8.115,-25.244,17.443
2026-06-02 16:45:07.965,2302247421,183965,2,0.85156,0.11133,0.82227,26.069,-2.802,9.74
2026-06-02 16:45:07.165,2302246621,184165,1,0.89478,-0.08301,0.40674,21.656,-9.55,16.863
2026-06-02 16:45:07.165,2302246621,184165,2,0.79565,0.09521,0.98462,-0.649,-1.817,9.206
2026-06-02 16:45:07.365,2302246821,184365,1,0.93237,-0.13013,0.3667,20.725,-10.305,21.519
2026-06-02 16:45:07.365,2302246821,184365,2,0.87085,0.11841,0.91455,24.015,13.0,1.832
2026-06-02 16:45:07.565,2302247021,184565,1,0.91919,-0.01343,0.34766,12.649,-0.809,16.374
2026-06-02 16:45:07.565,2302247021,184565,2,0.86084,0.18237,0.92725,11.832,5.985,23.412
2026-06-02 16:45:08.765,2302248221,184765,1,0.92529,-0.07837,0.3396,15.809,-7.725,18.282
2026-06-02 16:45:08.765,2302248221,184765,2,0.81641,0.1333,0.88452,16.992,3.313,19.397
2026-06-02 16:45:08.965,2302248421,184965,1,0.93896,-0.12012,0.32495,0.626,-6.901,12.443
2026-06-02 16:45:08.965,2302248421,184965,2,0.80908,0.13574,0.92749,-1.137,1.229,6.947
2026-06-02 16:45:08.165,2302247621,185165,1,0.94531,-0.17798,0.30347,0.664,-2.405,0.351
2026-06-02 16:45:08.165,2302247621,185165,2,0.81152,0.10107,0.94946,1.0,-0.985,3.084
2026-06-02 16:45:08.365,2302247821,185365,1,0.94482,-0.16406,0.30957,-0.244,-1.351,-4.366
2026-06-02 16:45:08.365,2302247821,185365,2,0.80664,0.07935,0.94604,-2.267,-2.031,1.947
2026-06-02 16:45:08.565,2302248021,185565,1,0.94702,-0.15161,0.29272,-2.046,-2.366,-5.435
2026-06-02 16:45:08.565,2302248021,185565,2,0.82129,0.07959,0.92749,-2.267,-2.664,3.053
2026-06-02 16:45:09.765,2302249221,185765,1,0.96924,-0.13281,0.27881,-2.069,-2.137,-3.656
2026-06-02 16:45:09.765,2302249221,185765,2,0.83032,0.07666,0.92065,1.71,-2.412,6.191
2026-06-02 16:45:09.965,2302249421,185965,1,0.96484,-0.12207,0.28296,1.099,-1.069,-0.153
2026-06-02 16:45:09.965,2302249421,185965,2,0.83691,0.0603,0.9082,4.267,1.053,4.275
2026-06-02 16:45:09.165,2302248621,186165,1,0.96729,-0.12134,0.27905,2.221,0.298,1.344
2026-06-02 16:45:09.165,2302248621,186165,2,0.84766,0.07495,0.91138,4.977,0.939,4.282
2026-06-02 16:45:09.398,2302248854,186398,1,0.95532,-0.12231,0.28394,-0.504,0.053,1.16
2026-06-02 16:45:09.398,2302248854,186398,2,0.83887,0.06323,0.89307,-1.076,0.802,2.092
2026-06-02 16:45:09.598,2302249054,186598,1,0.9707,-0.12695,0.26587,-3.115,-2.427,-0.26
2026-06-02 16:45:09.598,2302249054,186598,2,0.8418,0.05737,0.90625,-4.45,0.221,-0.122
2026-06-02 16:45:10.820,2302250276,186820,1,0.97144,-0.12939,0.26782,-2.145,-1.573,-0.748
2026-06-02 16:45:10.820,2302250276,186820,2,0.84351,0.06519,0.90747,-2.389,0.443,-0.183
2026-06-02 16:45:10.020,2302249476,187020,1,0.9707,-0.12354,0.27075,-0.168,0.466,-2.183
2026-06-02 16:45:10.020,2302249476,187020,2,0.83618,0.07471,0.90454,-0.664,0.023,-0.573
2026-06-02 16:45:10.220,2302249676,187220,1,0.96777,-0.11328,0.26807,-1.176,2.191,-3.366
2026-06-02 16:45:10.220,2302249676,187220,2,0.84985,0.07129,0.90381,0.115,0.992,1.191
2026-06-02 16:45:10.420,2302249876,187420,1,0.96875,-0.09521,0.2688,0.26,2.267,-2.985
2026-06-02 16:45:10.420,2302249876,187420,2,0.83643,0.08081,0.90259,-0.145,1.824,0.641
2026-06-02 16:45:10.620,2302250076,187620,1,0.97192,-0.0874,0.28491,-1.267,2.168,-2.45
2026-06-02 16:45:10.620,2302250076,187620,2,0.83984,0.09692,0.9209,-1.427,1.641,-0.206
2026-06-02 16:45:11.820,2302251276,187820,1,0.95703,-0.08765,0.29004,-0.069,4.13,-0.588
2026-06-02 16:45:11.820,2302251276,187820,2,0.83569,0.08032,0.90942,4.237,1.679,4.198
2026-06-02 16:45:11.020,2302250476,188020,1,0.95679,-0.08228,0.29443,1.176,1.405,1.229
2026-06-02 16:45:11.020,2302250476,188020,2,0.8396,0.07178,0.89868,1.771,1.611,2.336
2026-06-02 16:45:11.220,2302250676,188220,1,0.95532,-0.07568,0.29419,1.718,-0.221,2.252
2026-06-02 16:45:11.220,2302250676,188220,2,0.83521,0.08105,0.90479,2.26,1.412,1.519
2026-06-02 16:45:11.420,2302250876,188420,1,0.95825,-0.06885,0.30396,2.916,-1.015,4.649
2026-06-02 16:45:11.420,2302250876,188420,2,0.84155,0.09448,0.91113,2.038,2.733,2.618
2026-06-02 16:45:11.620,2302251076,188620,1,0.95581,-0.07813,0.29907,4.115,0.053,6.214
2026-06-02 16:45:11.620,2302251076,188620,2,0.84009,0.10767,0.90942,5.992,0.763,3.435
2026-06-02 16:45:12.820,2302252276,188820,1,0.96265,-0.09814,0.30835,-3.74,-0.153,0.244
2026-06-02 16:45:12.820,2302252276,188820,2,0.83447,0.10107,0.91797,-6.817,1.695,-1.527
2026-06-02 16:45:12.020,2302251476,189020,1,0.96021,-0.10986,0.30078,-6.664,-0.015,-3.29
2026-06-02 16:45:12.020,2302251476,189020,2,0.82642,0.08569,0.93311,-6.206,0.985,-0.718
2026-06-02 16:45:12.220,2302251676,189220,1,0.95288,-0.09766,0.29028,-3.954,1.168,-2.84
2026-06-02 16:45:12.220,2302251676,189220,2,0.82886,0.08887,0.91479,0.947,1.366,3.809
2026-06-02 16:45:12.420,2302251876,189420,1,0.95923,-0.09326,0.29175,5.275,-0.168,-0.023
2026-06-02 16:45:12.420,2302251876,189420,2,0.84155,0.08789,0.9043,5.695,0.053,2.947
2026-06-02 16:45:12.620,2302252076,189620,1,0.9563,-0.06885,0.302,4.504,-0.542,0.122
2026-06-02 16:45:12.620,2302252076,189620,2,0.83594,0.09619,0.90869,1.252,1.618,0.435
2026-06-02 16:45:13.820,2302253276,189820,1,0.96143,-0.06421,0.29712,0.687,0.366,1.924
2026-06-02 16:45:13.820,2302253276,189820,2,0.83081,0.12231,0.91699,2.115,1.26,3.038
2026-06-02 16:45:13.020,2302252476,190020,1,0.9541,-0.07495,0.30859,-0.885,1.847,1.969
2026-06-02 16:45:13.020,2302252476,190020,2,0.83252,0.10059,0.91064,2.397,1.405,3.832
2026-06-02 16:45:13.220,2302252676,190220,1,0.96655,-0.07861,0.30737,-4.481,0.382,2.71
2026-06-02 16:45:13.220,2302252676,190220,2,0.83154,0.0918,0.89526,-3.756,0.282,3.053
2026-06-02 16:45:13.420,2302252876,190420,1,0.96216,-0.09375,0.29614,-4.023,0.038,3.252
2026-06-02 16:45:13.420,2302252876,190420,2,0.83618,0.09814,0.90625,-1.634,1.664,0.382
2026-06-02 16:45:13.620,2302253076,190620,1,0.95654,-0.11133,0.30054,-5.29,0.427,1.305
2026-06-02 16:45:13.620,2302253076,190620,2,0.83374,0.10034,0.92212,-6.504,1.931,-1.992
2026-06-02 16:45:14.820,2302254276,190820,1,0.94727,-0.12817,0.31348,-7.962,0.313,-4.099
2026-06-02 16:45:14.820,2302254276,190820,2,0.81641,0.10815,0.93726,-11.519,-1.412,-4.16
2026-06-02 16:45:14.020,2302253476,191020,1,0.94922,-0.11011,0.30273,-0.771,5.153,1.198
2026-06-02 16:45:14.020,2302253476,191020,2,0.8252,0.08887,0.93677,4.214,2.725,-1.008
2026-06-02 16:45:14.220,2302253676,191220,1,0.94702,-0.11133,0.32422,0.695,1.366,0.366
2026-06-02 16:45:14.220,2302253676,191220,2,0.82813,0.12012,0.9292,1.053,5.069,-2.733
2026-06-02 16:45:14.420,2302253876,191420,1,0.93091,-0.12207,0.33228,-0.092,-0.115,-2.412
2026-06-02 16:45:14.420,2302253876,191420,2,0.81763,0.13135,0.90771,-4.603,-1.435,-4.702
2026-06-02 16:45:14.620,2302254076,191620,1,0.94531,-0.08765,0.33057,-13.198,0.336,-9.489
2026-06-02 16:45:14.620,2302254076,191620,2,0.82007,0.13428,0.90063,-17.565,-6.908,-4.206
2026-06-02 16:45:15.820,2302255276,191820,1,0.9397,-0.07837,0.31616,-12.13,-7.252,-11.405
2026-06-02 16:45:15.820,2302255276,191820,2,0.83472,0.13574,0.87939,-13.122,-9.038,1.336
2026-06-02 16:45:15.020,2302254476,192020,1,0.97266,-0.04858,0.26123,-9.069,-9.252,-10.702
2026-06-02 16:45:15.020,2302254476,192020,2,0.85327,0.09863,0.87354,-6.229,-7.565,4.794
2026-06-02 16:45:15.220,2302254676,192220,1,1.01416,-0.04565,0.23438,-7.817,-1.565,-3.328
2026-06-02 16:45:15.220,2302254676,192220,2,0.86743,0.06592,0.86719,-1.137,0.74,2.115
2026-06-02 16:45:15.420,2302254876,192420,1,0.97827,-0.08374,0.24561,-2.603,5.878,5.969
2026-06-02 16:45:15.420,2302254876,192420,2,0.88477,0.073,0.86304,7.053,3.802,3.924
2026-06-02 16:45:15.620,2302255076,192620,1,0.96875,-0.08301,0.26172,-5.275,7.351,4.672
2026-06-02 16:45:15.620,2302255076,192620,2,0.85254,0.07324,0.87256,-3.992,4.649,-4.382
2026-06-02 16:45:16.820,2302256276,192820,1,0.95288,-0.11182,0.29346,-10.878,6.489,-4.969
2026-06-02 16:45:16.820,2302256276,192820,2,0.86401,0.05835,0.89746,-14.695,1.191,-3.496
2026-06-02 16:45:16.020,2302255476,193020,1,0.95239,-0.12061,0.30176,-11.153,2.702,-6.84
2026-06-02 16:45:16.020,2302255476,193020,2,0.83984,0.05151,0.90063,-11.115,0.847,-0.924
2026-06-02 16:45:16.220,2302255676,193220,1,0.96826,-0.10278,0.2937,-6.992,0.641,-2.321
2026-06-02 16:45:16.220,2302255676,193220,2,0.84595,0.05054,0.89893,-3.893,1.847,1.16
2026-06-02 16:45:16.420,2302255876,193420,1,0.96509,-0.10303,0.30298,-3.771,0.802,3.664
2026-06-02 16:45:16.420,2302255876,193420,2,0.85034,0.07251,0.89331,0.939,4.649,0.16
2026-06-02 16:45:16.620,2302256076,193620,1,0.95947,-0.10913,0.30859,-5.779,5.122,10.985
2026-06-02 16:45:16.620,2302256076,193620,2,0.85791,0.07373,0.9043,-4.397,8.374,-1.58
2026-06-02 16:45:17.820,2302257276,193820,1,0.93726,-0.17676,0.31396,-6.565,5.618,9.58
2026-06-02 16:45:17.820,2302257276,193820,2,0.8208,0.08618,0.92139,-6.313,7.969,-5.206
2026-06-02 16:45:17.020,2302256476,194020,1,0.92163,-0.20288,0.32568,-8.115,4.382,0.13
2026-06-02 16:45:17.020,2302256476,194020,2,0.80054,0.08057,0.96094,-4.084,2.565,-1.176
2026-06-02 16:45:17.220,2302256676,194220,1,0.90552,-0.21094,0.33276,-2.679,2.557,-1.137
2026-06-02 16:45:17.220,2302256676,194220,2,0.81006,0.08228,0.9646,-1.496,3.015,-0.336
2026-06-02 16:45:17.420,2302256876,194420,1,0.91064,-0.20898,0.35815,-1.366,0.26,-1.305
2026-06-02 16:45:17.420,2302256876,194420,2,0.7998,0.09473,0.97852,-1.824,2.374,-1.183
2026-06-02 16:45:17.620,2302257076,194620,1,0.91504,-0.19019,0.34863,-5.359,-1.45,-0.931
2026-06-02 16:45:17.620,2302257076,194620,2,0.79736,0.0896,0.98901,-8.137,2.267,3.794
2026-06-02 16:45:18.820,2302258276,194820,1,0.92871,-0.19482,0.3186,-6.336,-1.206,0.481
2026-06-02 16:45:18.820,2302258276,194820,2,0.79858,0.07471,0.99023,-12.16,0.878,-3.74
2026-06-02 16:45:18.020,2302257476,195020,1,0.91089,-0.2915,0.37378,-6.985,9.336,-6.519
2026-06-02 16:45:18.020,2302257476,195020,2,0.77686,0.00049,1.05249,-2.229,-1.038,2.122
2026-06-02 16:45:18.220,2302257676,195220,1,0.86353,-0.35791,0.31958,28.847,-8.252,7.634
2026-06-02 16:45:18.220,2302257676,195220,2,0.90503,0.18457,1.03784,74.198,-4.443,4.084
2026-06-02 16:45:18.420,2302257876,195420,1,0.86694,0.00732,0.32715,71.855,20.779,15.511
2026-06-02 16:45:18.420,2302257876,195420,2,0.90381,0.32251,0.77344,73.412,10.641,6.756
2026-06-02 16:45:18.620,2302258076,195620,1,0.90479,0.12671,0.38867,-3.87,-0.412,-5.802
2026-06-02 16:45:18.620,2302258076,195620,2,0.88135,0.33545,0.71436,-11.023,-7.489,-3.336
2026-06-02 16:45:19.820,2302259276,195820,1,0.92578,0.01001,0.31396,-21.16,10.053,-5.679
2026-06-02 16:45:19.820,2302259276,195820,2,0.80884,0.31982,0.84155,-6.573,-3.046,-3.908
2026-06-02 16:45:19.020,2302258476,196020,1,0.89307,-0.19336,0.43579,-5.695,42.473,-12.824
2026-06-02 16:45:19.020,2302258476,196020,2,0.75098,0.23242,0.78735,1.832,14.183,-0.061
2026-06-02 16:45:19.395,2302258851,196395,1,0.7666,-0.05151,0.50366,-31.725,-7.412,-30.252
2026-06-02 16:45:19.395,2302258851,196395,2,0.93335,0.32544,0.86816,39.015,-12.252,10.427
2026-06-02 16:45:19.595,2302259051,196595,1,0.86499,-0.0957,0.47681,-69.863,3.855,-52.336
2026-06-02 16:45:19.595,2302259051,196595,2,0.79175,0.21289,0.99805,-84.046,-16.252,-36.153
2026-06-02 16:45:20.795,2302260251,196795,1,0.83667,-0.01221,0.49536,-15.198,19.481,-7.008
2026-06-02 16:45:20.795,2302260251,196795,2,0.81323,0.34277,0.87378,-4.412,7.344,-25.985
2026-06-02 16:45:20.995,2302260451,196995,1,0.74878,0.05103,0.54517,22.16,8.458,19.733
2026-06-02 16:45:20.995,2302260451,196995,2,0.78052,0.37134,0.82129,16.71,26.427,21.122
2026-06-02 16:45:20.195,2302259651,197195,1,0.71069,-0.06226,0.45654,35.328,-19.969,40.26
2026-06-02 16:45:20.195,2302259651,197195,2,0.68628,0.25537,0.89697,78.908,-8.71,54.947
2026-06-02 16:45:20.395,2302259851,197395,1,0.95898,-0.073,0.4209,39.824,-17.046,36.046
2026-06-02 16:45:20.395,2302259851,197395,2,0.84253,0.01489,0.91235,51.26,13.031,38.641
2026-06-02 16:45:20.595,2302260051,197595,1,0.99951,-0.27124,0.26465,94.611,-16.16,84.305
2026-06-02 16:45:20.595,2302260051,197595,2,0.89014,-0.16895,0.83325,94.916,6.832,68.718
2026-06-02 16:45:21.795,2302261251,197795,1,1.02271,-0.09204,0.37524,164.008,-40.954,131.649
2026-06-02 16:45:21.795,2302261251,197795,2,1.24463,0.66992,0.88818,250.13,124.023,115.42
2026-06-02 16:45:21.995,2302261451,197995,1,0.82813,0.05444,0.31299,116.595,-11.603,70.473
2026-06-02 16:45:21.995,2302261451,197995,2,1.95947,0.01563,0.97314,93.992,111.695,58.351
2026-06-02 16:45:21.195,2302260651,198195,1,0.82983,-0.19751,0.27344,40.916,31.71,54.092
2026-06-02 16:45:21.195,2302260651,198195,2,0.62549,0.30029,0.90308,90.092,22.824,29.748
2026-06-02 16:45:21.395,2302260851,198395,1,0.88989,-0.19019,0.21851,52.366,-33.84,-2.008
2026-06-02 16:45:21.395,2302260851,198395,2,0.92407,0.07349,0.83911,-60.641,-56.656,-1.763
2026-06-02 16:45:21.595,2302261051,198595,1,1.03809,0.05713,0.22217,-10.45,-33.687,-47.107
2026-06-02 16:45:21.595,2302261051,198595,2,0.94238,-0.05396,0.70264,-17.305,6.702,-28.305
2026-06-02 16:45:22.795,2302262251,198795,1,0.97559,0.04248,0.20386,17.336,9.313,29.038
2026-06-02 16:45:22.795,2302262251,198795,2,0.78125,0.15088,0.78076,27.0,12.511,-7.13
2026-06-02 16:45:22.995,2302262451,198995,1,0.87769,0.09326,0.30225,6.366,13.504,-0.672
2026-06-02 16:45:22.995,2302262451,198995,2,0.84546,0.2312,0.7666,11.84,25.595,8.084
2026-06-02 16:45:22.195,2302261651,199195,1,0.91382,0.02246,0.30811,-7.122,3.565,2.962
2026-06-02 16:45:22.195,2302261651,199195,2,0.81323,0.21436,0.78271,1.855,7.389,2.931
2026-06-02 16:45:22.395,2302261851,199395,1,0.95264,0.0686,0.30444,0.481,-12.092,1.328
2026-06-02 16:45:22.395,2302261851,199395,2,0.71899,0.0376,0.76245,-8.366,-10.061,-3.061
2026-06-02 16:45:22.595,2302262051,199595,1,0.98999,-0.02856,0.19556,-21.145,-12.557,-23.878
2026-06-02 16:45:22.595,2302262051,199595,2,0.89722,0.05444,0.77905,14.221,8.176,7.374
2026-06-02 16:45:23.795,2302263251,199795,1,1.03809,-0.0127,0.27661,-50.397,5.794,-1.893
2026-06-02 16:45:23.795,2302263251,199795,2,0.87036,-0.00024,0.76685,5.275,16.626,3.038
2026-06-02 16:45:23.995,2302263451,199995,1,0.95801,0.10156,0.35986,12.992,-5.489,9.275
2026-06-02 16:45:23.995,2302263451,199995,2,0.88037,0.22998,0.77686,3.863,-12.885,2.084
2026-06-02 16:45:23.195,2302262651,200195,1,0.90063,0.08862,0.34473,28.252,1.198,-6.603
2026-06-02 16:45:23.195,2302262651,200195,2,1.07886,-0.03198,0.86816,-7.908,-6.344,15.71
2026-06-02 16:45:23.395,2302262851,200395,1,0.93384,0.06152,0.25781,21.046,12.069,21.336
2026-06-02 16:45:23.395,2302262851,200395,2,0.94141,0.06421,0.51221,6.046,-67.015,2.313
2026-06-02 16:45:23.595,2302263051,200595,1,0.97583,0.0542,0.24438,15.603,0.527,7.458
2026-06-02 16:45:23.595,2302263051,200595,2,0.96338,0.02051,0.60718,-2.252,46.504,-2.71
2026-06-02 16:45:24.795,2302264251,200795,1,0.91919,0.07788,0.2937,1.023,5.153,-1.183
2026-06-02 16:45:24.795,2302264251,200795,2,0.98413,0.01123,0.71606,-5.84,-11.603,5.145
2026-06-02 16:45:24.995,2302264451,200995,1,0.97778,0.13159,0.28833,-8.511,-3.977,-7.45
2026-06-02 16:45:24.995,2302264451,200995,2,0.9375,0.03418,0.62646,-34.298,-33.313,-23.084
2026-06-02 16:45:24.195,2302263651,201195,1,1.01025,0.05566,0.27783,-22.916,4.916,-6.87
2026-06-02 16:45:24.195,2302263651,201195,2,0.91235,0.16357,0.61475,2.885,30.527,-2.939
2026-06-02 16:45:24.395,2302263851,201395,1,0.96436,0.10718,0.31494,21.534,-4.794,8.443
2026-06-02 16:45:24.395,2302263851,201395,2,0.85107,0.17554,0.71655,20.466,0.489,19.992
2026-06-02 16:45:24.595,2302264051,201595,1,1.052,0.09009,0.16528,17.878,-0.992,16.176
2026-06-02 16:45:24.595,2302264051,201595,2,0.91406,0.07935,0.70435,0.374,-24.58,15.008
2026-06-02 16:45:25.795,2302265251,201795,1,0.96558,0.04565,0.24463,-4.336,3.626,-2.191
2026-06-02 16:45:25.795,2302265251,201795,2,0.94727,0.08765,0.59058,3.947,9.435,1.183
2026-06-02 16:45:25.995,2302265451,201995,1,0.94727,0.08667,0.2063,-3.191,3.305,-2.954
2026-06-02 16:45:25.995,2302265451,201995,2,0.96143,0.06006,0.6499,-4.183,12.282,-1.481
2026-06-02 16:45:25.195,2302264651,202195,1,0.97021,0.05273,0.27344,-12.153,-0.359,-5.504
2026-06-02 16:45:25.195,2302264651,202195,2,0.88696,0.11914,0.70825,-3.031,-4.275,-4.908
2026-06-02 16:45:25.395,2302264851,202395,1,0.97656,0.08862,0.26392,6.42,-0.557,7.038
2026-06-02 16:45:25.395,2302264851,202395,2,0.92871,0.10669,0.6543,-8.427,-9.42,5.87
2026-06-02 16:45:25.595,2302265051,202595,1,0.99341,-0.11328,0.24512,-23.649,-0.099,-15.687
2026-06-02 16:45:25.595,2302265051,202595,2,1.00098,0.00293,0.59229,-7.099,4.954,-17.389
2026-06-02 16:45:26.795,2302266251,202795,1,1.00464,0.0813,0.32275,17.16,13.832,10.137
2026-06-02 16:45:26.795,2302266251,202795,2,0.78491,0.17432,0.53223,-16.466,-16.756,-20.511
2026-06-02 16:45:26.995,2302266451,202995,1,0.87207,0.1582,0.34619,-0.496,6.603,-3.015
2026-06-02 16:45:26.995,2302266451,202995,2,0.8916,0.19482,0.66431,-5.55,40.107,20.298
2026-06-02 16:45:26.195,2302265651,203195,1,1.00952,0.02881,0.33472,-10.145,9.214,-4.153
2026-06-02 16:45:26.195,2302265651,203195,2,0.97192,0.17163,0.69043,-6.595,-2.26,2.076
2026-06-02 16:45:26.395,2302265851,203395,1,0.96875,0.04907,0.31567,0.756,8.344,0.42
2026-06-02 16:45:26.395,2302265851,203395,2,0.9231,0.08154,0.6748,10.092,-5.298,4.534
2026-06-02 16:45:26.595,2302266051,203595,1,0.93262,0.01733,0.34009,-6.496,12.588,2.763
2026-06-02 16:45:26.595,2302266051,203595,2,0.89063,0.11157,0.62402,9.092,12.115,1.855
2026-06-02 16:45:27.795,2302267251,203795,1,0.90137,0.04541,0.38672,1.908,-0.145,2.16
2026-06-02 16:45:27.795,2302267251,203795,2,0.92725,0.09961,0.70825,0.061,2.58,4.786
2026-06-02 16:45:27.995,2302267451,203995,1,0.9812,0.02808,0.35352,-0.015,-0.916,-2.626
2026-06-02 16:45:27.995,2302267451,203995,2,0.93994,0.07544,0.71191,-8.901,-9.908,1.069
2026-06-02 16:45:27.195,2302266651,204195,1,0.97632,0.05396,0.34033,-9.107,1.687,-4.015
2026-06-02 16:45:27.195,2302266651,204195,2,0.92651,0.13428,0.67944,-10.489,-16.519,-7.481
2026-06-02 16:45:27.395,2302266851,204395,1,0.89819,0.08667,0.34375,-11.42,-4.595,-6.679
2026-06-02 16:45:27.395,2302266851,204395,2,0.94678,0.13647,0.69727,-4.725,-7.038,-4.061
2026-06-02 16:45:27.595,2302267051,204595,1,0.90283,0.00879,0.33618,-7.382,-16.847,-4.305
2026-06-02 16:45:27.595,2302267051,204595,2,0.9541,0.08276,0.74805,-3.687,1.237,-4.244
2026-06-02 16:45:28.795,2302268251,204795,1,0.95728,0.10376,0.31421,-4.405,-3.893,-4.282
2026-06-02 16:45:28.795,2302268251,204795,2,0.93506,0.12769,0.64966,-10.038,-29.824,-12.443
2026-06-02 16:45:28.995,2302268451,204995,1,0.95215,0.06006,0.30957,0.611,0.389,3.664
2026-06-02 16:45:28.995,2302268451,204995,2,0.9353,0.15625,0.6438,-2.023,16.183,4.618
2026-06-02 16:45:28.195,2302267651,205195,1,0.95898,0.0603,0.30664,-2.053,2.282,-1.779
2026-06-02 16:45:28.195,2302267651,205195,2,0.93237,0.13696,0.66455,1.649,-7.748,0.374
2026-06-02 16:45:28.395,2302267851,205395,1,0.96167,0.07544,0.30273,-0.16,-1.191,-0.718
2026-06-02 16:45:28.395,2302267851,205395,2,0.93408,0.15112,0.6377,-3.252,-0.725,-0.718
2026-06-02 16:45:28.595,2302268051,205595,1,0.95166,0.07178,0.29565,-0.076,1.412,0.924
2026-06-02 16:45:28.595,2302268051,205595,2,0.94287,0.14575,0.64844,-1.573,1.366,0.908
2026-06-02 16:45:29.916,2302269372,205916,1,0.92773,0.0791,0.29639,-1.145,-3.053,-5.42
2026-06-02 16:45:29.916,2302269372,205916,2,0.93311,0.15454,0.6543,-2.145,-1.015,-0.061
2026-06-02 16:45:29.279,2302268735,206279,1,0.9563,0.09521,0.31665,-3.382,0.565,-0.16
2026-06-02 16:45:29.279,2302268735,206279,2,0.9314,0.15405,0.6543,-3.588,-0.992,-0.359
2026-06-02 16:45:29.479,2302268935,206479,1,0.95508,0.08496,0.2959,-2.382,0.321,0.183
2026-06-02 16:45:29.479,2302268935,206479,2,0.93921,0.14893,0.64502,-0.45,1.046,2.122
2026-06-02 16:45:29.679,2302269135,206679,1,0.95947,0.09131,0.29297,-4.198,1.183,2.252
2026-06-02 16:45:29.679,2302269135,206679,2,0.93652,0.14307,0.65454,-3.076,4.504,1.802
2026-06-02 16:45:30.879,2302270335,206879,1,0.9563,0.06299,0.29028,-8.611,-0.763,3.206
2026-06-02 16:45:30.879,2302270335,206879,2,0.93555,0.15332,0.64795,-4.405,-2.908,-1.756
2026-06-02 16:45:30.079,2302269535,207079,1,0.96851,0.0791,0.29736,1.298,-0.511,6.557
2026-06-02 16:45:30.079,2302269535,207079,2,0.92773,0.15112,0.62524,4.733,-11.046,2.099
2026-06-02 16:45:30.279,2302269735,207279,1,0.96631,0.09839,0.27954,8.214,-0.985,2.366
2026-06-02 16:45:30.279,2302269735,207279,2,0.94922,0.15063,0.62842,3.153,13.679,7.481
2026-06-02 16:45:30.479,2302269935,207479,1,0.94873,0.03296,0.28613,-2.008,-1.099,-0.611
2026-06-02 16:45:30.479,2302269935,207479,2,0.94287,0.12988,0.64258,-5.504,-3.779,-1.939
2026-06-02 16:45:30.679,2302270135,207679,1,0.98096,0.09229,0.30347,-6.107,-0.786,-5.885
2026-06-02 16:45:30.679,2302270135,207679,2,0.93311,0.15308,0.65381,-0.389,3.0,1.153
2026-06-02 16:45:31.879,2302271335,207879,1,0.96655,0.05151,0.28906,0.45,-0.466,4.427
2026-06-02 16:45:31.879,2302271335,207879,2,0.93286,0.15308,0.63696,3.26,-1.0,5.977
2026-06-02 16:45:31.079,2302270535,208079,1,0.95288,0.04272,0.31079,3.931,-1.74,2.809
2026-06-02 16:45:31.079,2302270535,208079,2,1.03052,0.17236,0.63477,0.901,-4.29,3.191
2026-06-02 16:45:31.279,2302270735,208279,1,0.95654,0.06006,0.27686,2.863,2.412,0.817
2026-06-02 16:45:31.279,2302270735,208279,2,0.94849,0.13794,0.58569,3.298,1.084,3.023
2026-06-02 16:45:31.479,2302270935,208479,1,0.95728,0.09448,0.28174,-1.679,-3.435,1.405
2026-06-02 16:45:31.479,2302270935,208479,2,0.94409,0.14136,0.64819,-7.496,2.42,-2.756
2026-06-02 16:45:31.679,2302271135,208679,1,0.94629,0.05835,0.2959,-6.687,0.733,-1.611
2026-06-02 16:45:31.679,2302271135,208679,2,0.94116,0.13452,0.64648,-3.656,3.038,-0.672
2026-06-02 16:45:32.879,2302272335,208879,1,0.96069,0.07861,0.28882,-0.985,0.458,-0.626
2026-06-02 16:45:32.879,2302272335,208879,2,0.95215,0.14575,0.63867,0.221,-4.237,-0.008
2026-06-02 16:45:32.079,2302271535,209079,1,0.96436,0.07544,0.28735,-3.145,1.206,0.023
2026-06-02 16:45:32.079,2302271535,209079,2,0.94019,0.13916,0.63184,-0.092,1.45,1.863
2026-06-02 16:45:32.279,2302271735,209279,1,0.96265,0.0498,0.29102,7.336,-2.023,4.305
2026-06-02 16:45:32.279,2302271735,209279,2,0.93726,0.1521,0.60889,4.008,6.55,5.511
2026-06-02 16:45:32.479,2302271935,209479,1,0.96313,0.05591,0.28735,-2.397,1.527,-0.061
2026-06-02 16:45:32.479,2302271935,209479,2,0.92456,0.13647,0.66528,-3.427,3.786,1.069
2026-06-02 16:45:32.679,2302272135,209679,1,0.97192,0.06689,0.28589,3.664,-5.191,0.298
2026-06-02 16:45:32.679,2302272135,209679,2,0.92969,0.14893,0.62817,-4.588,3.786,-0.405
2026-06-02 16:45:33.879,2302273335,209879,1,0.99316,0.06763,0.28882,4.924,0.267,1.901
2026-06-02 16:45:33.879,2302273335,209879,2,0.94653,0.15674,0.60278,2.443,10.298,5.786
2026-06-02 16:45:33.079,2302272535,210079,1,0.9917,0.03613,0.30542,-0.534,-0.244,-1.603
2026-06-02 16:45:33.079,2302272535,210079,2,0.94556,0.13574,0.65552,4.244,-4.473,3.832
2026-06-02 16:45:33.279,2302272735,210279,1,0.95605,0.06494,0.28394,-1.901,-0.321,-0.924
2026-06-02 16:45:33.279,2302272735,210279,2,0.93726,0.1438,0.63477,-1.618,2.046,0.931
2026-06-02 16:45:33.479,2302272935,210479,1,0.96191,0.06934,0.28418,-3.473,-0.511,-0.573
2026-06-02 16:45:33.479,2302272935,210479,2,0.94043,0.14136,0.65234,-1.206,-0.687,0.374
2026-06-02 16:45:33.679,2302273135,210679,1,0.96069,0.08398,0.27734,-2.763,0.305,-0.13
2026-06-02 16:45:33.679,2302273135,210679,2,0.93896,0.13062,0.65405,-0.145,-2.115,0.435
2026-06-02 16:45:34.879,2302274335,210879,1,0.96021,0.01782,0.22632,3.191,4.176,-5.206
2026-06-02 16:45:34.879,2302274335,210879,2,1.01538,0.2002,0.65283,61.305,-26.489,19.817
2026-06-02 16:45:34.090,2302273546,211090,1,0.98535,0.14307,0.33472,28.13,6.252,32.832
2026-06-02 16:45:34.090,2302273546,211090,2,0.97485,0.21436,0.61426,89.046,20.847,26.534
2026-06-02 16:45:34.290,2302273746,211290,1,0.93213,0.19507,0.28174,-7.435,,8.122
2026-06-02 16:45:34.290,2302273746,211290,2,0.89502,0.31152,0.53345,-2.641,6.351,7.55
2026-06-02 16:45:34.490,2302273946,211490,1,1.03809,0.0752,0.47925,-51.183,11.351,-34.603
2026-06-02 16:45:34.490,2302273946,211490,2,1.03784,0.22412,0.86572,-61.42,26.649,-20.344
2026-06-02 16:45:34.690,2302274146,211690,1,0.83911,-0.06787,0.30859,-124.282,-4.0,-57.496
2026-06-02 16:45:34.690,2302274146,211690,2,0.85327,0.11377,0.58936,-169.42,-16.779,-65.282
2026-06-02 16:45:35.890,2302275346,211890,1,1.0813,-0.12524,0.25952,-149.679,2.0,-82.168
2026-06-02 16:45:35.890,2302275346,211890,2,0.91211,-0.04346,0.8103,-173.504,-7.634,-67.794
2026-06-02 16:45:35.090,2302274546,212090,1,1.02588,-0.06616,0.28735,-112.099,11.962,-64.038
2026-06-02 16:45:35.090,2302274546,212090,2,0.88721,0.01904,0.61084,-115.237,0.023,-42.756
2026-06-02 16:45:35.290,2302274746,212290,1,0.92358,0.07349,0.25928,-81.374,-5.45,-49.733
2026-06-02 16:45:35.290,2302274746,212290,2,0.88599,0.1123,0.65381,-86.023,-15.153,-25.55
2026-06-02 16:45:35.490,2302274946,212490,1,1.1355,-0.08276,0.25439,-41.969,3.389,-22.137
2026-06-02 16:45:35.490,2302274946,212490,2,0.86597,0.14404,0.66284,-12.076,7.183,-14.733
2026-06-02 16:45:35.690,2302275146,212690,1,0.94312,-0.07324,0.2793,-30.885,5.588,-13.511
2026-06-02 16:45:35.690,2302275146,212690,2,0.94531,0.03296,0.74902,-46.069,-5.214,-19.672
2026-06-02 16:45:36.890,2302276346,212890,1,0.95239,-0.14453,0.28296,-37.298,3.084,-17.443
2026-06-02 16:45:36.890,2302276346,212890,2,0.92529,-0.02759,0.7041,-29.885,7.748,-7.924
2026-06-02 16:45:36.090,2302275546,213090,1,0.96436,-0.11182,0.30811,-8.931,1.122,-9.183
2026-06-02 16:45:36.090,2302275546,213090,2,0.91968,0.00928,0.77124,-1.725,-0.214,0.489
2026-06-02 16:45:36.290,2302275746,213290,1,0.948,-0.05127,0.31714,-7.427,0.893,-9.221
2026-06-02 16:45:36.290,2302275746,213290,2,0.9043,0.02612,0.77954,2.099,-0.359,1.313
2026-06-02 16:45:36.490,2302275946,213490,1,0.95459,-0.0271,0.31836,-5.366,-0.282,-4.443
2026-06-02 16:45:36.490,2302275946,213490,2,0.91211,0.02979,0.78442,-2.489,1.206,1.847
2026-06-02 16:45:36.690,2302276146,213690,1,0.9231,-0.05298,0.32129,3.939,5.237,7.176
2026-06-02 16:45:36.690,2302276146,213690,2,0.8833,-0.1084,0.72485,39.328,43.153,61.878
2026-06-02 16:45:37.890,2302277346,213890,1,0.88794,-0.05811,0.37378,25.702,2.573,20.832
2026-06-02 16:45:37.890,2302277346,213890,2,0.875,-0.03003,0.80713,36.336,4.015,24.038
2026-06-02 16:45:37.090,2302276546,214090,1,0.95239,0.00073,0.34644,16.481,-0.008,7.74
2026-06-02 16:45:37.090,2302276546,214090,2,0.8938,0.0022,0.80298,8.695,2.733,6.458
2026-06-02 16:45:37.290,2302276746,214290,1,0.88379,-0.16895,0.34546,-12.13,10.58,-5.924
2026-06-02 16:45:37.290,2302276746,214290,2,0.78979,-0.13452,0.66553,-19.954,-6.58,-7.939
2026-06-02 16:45:37.490,2302276946,214490,1,0.91748,0.03735,0.2207,36.71,21.473,-9.397
2026-06-02 16:45:37.490,2302276946,214490,2,1.05859,-0.1582,0.75586,-47.13,-12.359,11.267
2026-06-02 16:45:37.690,2302277146,214690,1,0.88916,-0.02466,0.42749,-22.061,13.863,-12.626
2026-06-02 16:45:37.690,2302277146,214690,2,0.90186,0.08667,0.8418,-12.817,29.809,-18.87
2026-06-02 16:45:38.890,2302278346,214890,1,0.8689,0.02856,0.40967,18.29,7.229,-0.55
2026-06-02 16:45:38.890,2302278346,214890,2,0.83569,0.0957,0.81909,13.71,16.786,-2.282
2026-06-02 16:45:38.090,2302277546,215090,1,0.86572,0.08984,0.41577,12.183,-4.061,9.58
2026-06-02 16:45:38.090,2302277546,215090,2,0.89063,0.09985,0.76733,5.489,-3.359,4.947
2026-06-02 16:45:38.290,2302277746,215290,1,0.90137,0.10742,0.3811,-2.389,-8.496,6.58
2026-06-02 16:45:38.290,2302277746,215290,2,0.8623,0.09766,0.81763,-10.534,-0.611,1.58
2026-06-02 16:45:38.490,2302277946,215490,1,0.92065,0.05127,0.35522,-14.748,5.58,3.084
2026-06-02 16:45:38.490,2302277946,215490,2,0.88843,0.08521,0.83472,-12.183,6.565,-0.74
2026-06-02 16:45:38.690,2302278146,215690,1,0.90674,-0.02612,0.40625,-14.046,9.573,3.817
2026-06-02 16:45:38.690,2302278146,215690,2,0.8811,0.07227,0.82202,-5.237,7.489,0.992
2026-06-02 16:45:39.890,2302279346,215890,1,0.86792,-0.06787,0.43018,-7.771,6.748,1.817
2026-06-02 16:45:39.890,2302279346,215890,2,0.86426,0.05762,0.85132,-5.053,4.092,-0.321
2026-06-02 16:45:39.090,2302278546,216090,1,0.86572,-0.07031,0.44141,-5.595,1.855,-4.229
2026-06-02 16:45:39.090,2302278546,216090,2,0.86304,0.05957,0.86963,-7.153,1.275,-3.351
2026-06-02 16:45:39.290,2302278746,216290,1,0.87085,-0.0498,0.44043,-2.489,-0.885,-6.855
2026-06-02 16:45:39.290,2302278746,216290,2,0.85864,0.06104,0.87866,-3.282,1.107,-0.786
2026-06-02 16:45:39.490,2302278946,216490,1,0.88013,-0.01025,0.42529,0.427,-0.29,-5.053
2026-06-02 16:45:39.490,2302278946,216490,2,0.86646,0.07471,0.86646,0.176,1.298,0.176
2026-06-02 16:45:39.690,2302279146,216690,1,0.88184,0.00952,0.43701,-2.901,0.282,-3.29
2026-06-02 16:45:39.690,2302279146,216690,2,0.8623,0.08276,0.86597,-1.557,-0.313,1.931
2026-06-02 16:45:40.890,2302280346,216890,1,0.88843,-0.00464,0.42871,-8.985,-0.252,-5.748
2026-06-02 16:45:40.890,2302280346,216890,2,0.8667,0.07617,0.85767,-5.336,1.198,-0.031
2026-06-02 16:45:40.090,2302279546,217090,1,0.88354,-0.00366,0.41602,-6.992,-0.137,-7.977
2026-06-02 16:45:40.090,2302279546,217090,2,0.86011,0.08105,0.86377,-6.0,1.336,-0.382
2026-06-02 16:45:40.290,2302279746,217290,1,0.87476,0.02295,0.43066,-6.588,1.053,-8.573
2026-06-02 16:45:40.290,2302279746,217290,2,0.86597,0.07471,0.87646,-4.198,0.626,-1.992
2026-06-02 16:45:40.490,2302279946,217490,1,0.87598,0.00879,0.4375,-6.412,1.076,-8.092
2026-06-02 16:45:40.490,2302279946,217490,2,0.86743,0.0769,0.85815,-4.107,-0.595,-2.893
2026-06-02 16:45:40.690,2302280146,217690,1,0.87354,0.04956,0.42676,1.29,1.527,-5.939
2026-06-02 16:45:40.690,2302280146,217690,2,0.85815,0.09863,0.86523,2.771,-0.573,-0.832
2026-06-02 16:45:41.890,2302281346,217890,1,0.87402,0.07397,0.4397,-0.824,0.527,2.336
2026-06-02 16:45:41.890,2302281346,217890,2,0.86523,0.10645,0.85742,1.87,0.634,2.992
2026-06-02 16:45:41.090,2302280546,218090,1,0.87964,0.05884,0.43164,-2.611,1.305,3.809
2026-06-02 16:45:41.090,2302280546,218090,2,0.86865,0.11206,0.84131,2.183,0.916,2.687
2026-06-02 16:45:41.290,2302280746,218290,1,0.86768,0.03906,0.44653,-5.603,2.351,4.573
2026-06-02 16:45:41.290,2302280746,218290,2,0.87354,0.10864,0.83813,-2.244,2.137,2.924
2026-06-02 16:45:41.490,2302280946,218490,1,0.8667,0.01147,0.44116,-4.359,0.649,1.832
2026-06-02 16:45:41.490,2302280946,218490,2,0.87134,0.10474,0.84814,-2.733,-0.489,1.557
2026-06-02 16:45:41.690,2302281146,218690,1,0.87061,0.0022,0.44556,-1.183,1.878,-0.939
2026-06-02 16:45:41.690,2302281146,218690,2,0.86499,0.09985,0.85474,-1.038,1.046,-0.099
2026-06-02 16:45:42.890,2302282346,218890,1,0.86035,0.01978,0.4458,-0.015,2.023,-2.046
2026-06-02 16:45:42.890,2302282346,218890,2,0.8645,0.10571,0.85742,-0.664,1.511,-0.252
2026-06-02 16:45:42.090,2302281546,219090,1,0.84497,0.03784,0.4502,-2.107,1.832,-1.977
2026-06-02 16:45:42.090,2302281546,219090,2,0.86304,0.11499,0.86182,-0.802,1.374,0.649
2026-06-02 16:45:42.290,2302281746,219290,1,0.84595,0.03418,0.47217,0.779,1.107,-0.282
2026-06-02 16:45:42.290,2302281746,219290,2,0.86084,0.11475,0.85034,3.725,0.863,2.122
2026-06-02 16:45:42.490,2302281946,219490,1,0.83691,0.03027,0.45947,-0.656,0.603,-2.832
2026-06-02 16:45:42.490,2302281946,219490,2,0.87256,0.09961,0.82886,-8.359,3.611,-3.374
2026-06-02 16:45:42.690,2302282146,219690,1,0.8479,0.0481,0.44946,-0.282,-5.771,-2.656
2026-06-02 16:45:42.690,2302282146,219690,2,0.86328,0.09839,0.85254,-6.221,0.397,1.58
2026-06-02 16:45:43.890,2302283346,219890,1,0.88232,0.02856,0.42456,4.908,-4.817,-1.992
2026-06-02 16:45:43.890,2302283346,219890,2,0.87378,0.09351,0.85156,5.496,-4.733,1.58
2026-06-02 16:45:43.090,2302282546,220090,1,0.89209,0.09131,0.41089,3.802,1.191,0.58
2026-06-02 16:45:43.090,2302282546,220090,2,0.87183,0.09131,0.84741,5.58,0.122,3.42
2026-06-02 16:45:43.290,2302282746,220290,1,0.85303,0.05591,0.45825,-0.42,1.771,5.275
2026-06-02 16:45:43.290,2302282746,220290,2,0.88892,0.07544,0.85449,2.847,4.267,-0.718
2026-06-02 16:45:43.490,2302282946,220490,1,0.88013,0.0437,0.41577,48.786,23.824,45.336
2026-06-02 16:45:43.490,2302282946,220490,2,0.802,0.16309,0.83252,56.122,18.786,8.443
2026-06-02 16:45:43.690,2302283146,220690,1,0.78223,0.11401,0.5249,37.405,-0.718,36.313
2026-06-02 16:45:43.690,2302283146,220690,2,0.83691,0.23291,0.79297,-11.214,6.328,22.687
2026-06-02 16:45:44.890,2302284346,220890,1,0.8313,0.09497,0.49194,41.198,-5.389,36.58
2026-06-02 16:45:44.890,2302284346,220890,2,0.81128,0.24634,0.86816,51.893,-1.107,41.092
2026-06-02 16:45:44.090,2302283546,221090,1,0.83423,0.04663,0.45361,45.153,-5.74,33.542
2026-06-02 16:45:44.090,2302283546,221090,2,0.94995,0.11133,0.91431,47.42,-0.725,31.45
2026-06-02 16:45:44.290,2302283746,221290,1,0.91479,-0.04248,0.34839,85.153,-7.069,52.901
2026-06-02 16:45:44.290,2302283746,221290,2,0.9231,-0.01978,0.75879,99.748,-1.626,54.145
2026-06-02 16:45:44.490,2302283946,221490,1,1.0415,-0.0127,0.25195,90.664,4.618,59.267
2026-06-02 16:45:44.490,2302283946,221490,2,0.95947,0.04468,0.73633,105.969,6.267,50.702
2026-06-02 16:45:44.690,2302284146,221690,1,0.93384,0.03369,0.26831,73.763,9.679,52.298
2026-06-02 16:45:44.690,2302284146,221690,2,0.95557,0.05518,0.61865,80.397,4.29,29.641
2026-06-02 16:45:45.890,2302285346,221890,1,0.78564,-0.25244,0.35693,33.313,5.595,13.611
2026-06-02 16:45:45.890,2302285346,221890,2,0.90088,0.03442,0.6543,-11.115,30.893,4.473
2026-06-02 16:45:45.090,2302284546,222090,1,1.01392,0.04175,0.43359,-11.038,-4.053,-9.412
2026-06-02 16:45:45.090,2302284546,222090,2,0.98071,0.03833,0.92041,-60.099,21.687,-21.916
2026-06-02 16:45:45.290,2302284746,222290,1,0.9126,0.14575,0.4668,41.664,12.092,37.954
2026-06-02 16:45:45.290,2302284746,222290,2,0.83569,0.06665,0.78247,34.389,-19.527,-0.298
2026-06-02 16:45:45.490,2302284946,222490,1,0.7937,0.125,0.38623,24.099,0.763,37.656
2026-06-02 16:45:45.490,2302284946,222490,2,0.87476,0.20532,0.65674,27.588,0.389,9.183
2026-06-02 16:45:45.690,2302285146,222690,1,0.9165,0.09546,0.30908,28.389,-33.282,14.015
2026-06-02 16:45:45.690,2302285146,222690,2,1.23657,0.07593,1.07129,17.313,-21.939,29.847
2026-06-02 16:45:46.890,2302286346,222890,1,0.94629,0.02246,0.45532,54.519,-10.29,7.435
2026-06-02 16:45:46.890,2302286346,222890,2,0.81567,-0.06323,0.77759,67.267,16.565,37.733
2026-06-02 16:45:46.090,2302285546,223090,1,0.95386,0.04907,0.23364,59.718,7.336,50.916
2026-06-02 16:45:46.090,2302285546,223090,2,0.90308,-0.00464,0.61914,67.092,4.122,38.931
2026-06-02 16:45:46.290,2302285746,223290,1,0.91479,0.0918,0.24414,38.206,0.954,20.023
2026-06-02 16:45:46.290,2302285746,223290,2,0.96362,-0.03101,0.71021,24.542,2.885,23.298
2026-06-02 16:45:46.490,2302285946,223490,1,1.0144,-0.05664,0.39648,-4.908,8.74,-6.237
2026-06-02 16:45:46.490,2302285946,223490,2,0.71606,-0.0022,1.09424,26.008,4.634,13.466
2026-06-02 16:45:46.690,2302286146,223690,1,0.81152,0.11499,0.30566,37.076,13.443,38.153
2026-06-02 16:45:46.690,2302286146,223690,2,0.79297,0.11084,0.77783,62.336,26.221,10.351
2026-06-02 16:45:47.890,2302287346,223890,1,0.95313,0.18994,0.36108,30.015,-6.763,22.863
2026-06-02 16:45:47.890,2302287346,223890,2,1.02051,0.13623,0.65869,4.702,17.519,13.191
2026-06-02 16:45:47.090,2302286546,224090,1,0.92163,0.00806,0.42798,39.55,-10.176,6.473
2026-06-02 16:45:47.090,2302286546,224090,2,0.88232,-0.01636,0.91406,27.282,31.519,17.328
2026-06-02 16:45:47.290,2302286746,224290,1,0.90576,-0.04297,0.20508,74.641,11.527,48.336
2026-06-02 16:45:47.290,2302286746,224290,2,0.94775,-0.11157,0.73633,125.427,2.107,58.603
2026-06-02 16:45:47.490,2302286946,224490,1,1.15869,0.26196,0.40283,132.748,8.878,120.954
2026-06-02 16:45:47.490,2302286946,224490,2,0.87671,0.34814,0.95752,121.679,6.901,43.832
2026-06-02 16:45:47.690,2302287146,224690,1,0.82935,0.09644,0.33862,87.237,5.527,105.595
2026-06-02 16:45:47.690,2302287146,224690,2,0.89551,0.35522,0.80054,139.336,11.122,54.145
2026-06-02 16:45:48.890,2302288346,224890,1,1.57471,0.19409,0.04248,-1.412,-17.939,18.763
2026-06-02 16:45:48.890,2302288346,224890,2,1.03833,0.02539,0.87354,101.916,-28.756,20.511
2026-06-02 16:45:48.090,2302287546,225090,1,0.85474,-0.05444,0.32373,60.061,-8.45,29.481
2026-06-02 16:45:48.090,2302287546,225090,2,0.79053,0.0166,0.81152,59.481,-6.985,43.359
2026-06-02 16:45:48.290,2302287746,225290,1,0.91016,-0.15527,0.42188,76.985,-10.321,54.641
2026-06-02 16:45:48.290,2302287746,225290,2,1.13452,0.26001,0.85693,147.366,13.969,78.763
2026-06-02 16:45:48.490,2302287946,225490,1,0.93506,0.08252,0.42529,11.42,-11.115,6.176
2026-06-02 16:45:48.490,2302287946,225490,2,0.80371,0.07007,0.76343,16.405,-10.046,-13.046
2026-06-02 16:45:49.780,2302289236,225780,1,0.87329,-0.03076,0.4165,31.122,-4.885,9.519
2026-06-02 16:45:49.780,2302289236,225780,2,0.84375,0.01489,0.87451,17.527,13.237,5.183
2026-06-02 16:45:49.980,2302289436,225980,1,0.86035,-0.0459,0.42749,18.008,-2.679,5.542
2026-06-02 16:45:49.980,2302289436,225980,2,0.88989,0.04077,0.81177,-18.168,-4.206,-12.878
2026-06-02 16:45:49.180,2302288636,226180,1,0.88867,-0.05347,0.40479,-1.992,-5.252,-14.198
2026-06-02 16:45:49.180,2302288636,226180,2,0.8584,-0.04932,0.89404,-10.282,-2.817,1.504
2026-06-02 16:45:49.380,2302288836,226380,1,0.90015,-0.02441,0.40698,6.298,-4.084,-7.702
2026-06-02 16:45:49.380,2302288836,226380,2,0.86133,0.0249,0.84692,7.107,-3.29,1.26
2026-06-02 16:45:49.580,2302289036,226580,1,0.91479,0.02271,0.38354,0.107,-3.908,-5.878
2026-06-02 16:45:49.580,2302289036,226580,2,0.87231,0.04053,0.84399,1.321,-1.786,1.954
2026-06-02 16:45:50.780,2302290236,226780,1,0.91992,0.02783,0.37183,-7.229,0.084,-4.031
2026-06-02 16:45:50.780,2302290236,226780,2,0.88086,0.03711,0.84692,-4.092,1.519,1.198
2026-06-02 16:45:50.980,2302290436,226980,1,0.88501,0.02002,0.40454,-2.947,0.366,0.954
2026-06-02 16:45:50.980,2302290436,226980,2,0.8772,0.02026,0.82275,-5.756,1.061,0.908
2026-06-02 16:45:50.180,2302289636,227180,1,0.95117,0.03857,0.35303,-3.473,5.0,4.023
2026-06-02 16:45:50.180,2302289636,227180,2,0.91016,0.03345,0.84375,7.977,3.641,4.084
2026-06-02 16:45:50.380,2302289836,227380,1,0.91138,-0.05054,0.40015,-6.702,17.969,1.87
2026-06-02 16:45:50.380,2302289836,227380,2,0.86646,0.02246,0.89551,1.718,9.321,-9.137
2026-06-02 16:45:50.580,2302290036,227580,1,0.86377,0.11328,0.44385,8.763,27.183,8.649
2026-06-02 16:45:50.580,2302290036,227580,2,0.93188,0.14697,0.84863,10.603,31.137,3.206
2026-06-02 16:45:51.780,2302291236,227780,1,0.68408,0.04419,0.44922,-49.107,67.527,3.107
2026-06-02 16:45:51.780,2302291236,227780,2,0.62524,0.06494,0.85254,-87.939,37.183,-54.985
2026-06-02 16:45:51.980,2302291436,227980,1,0.28735,-0.37305,0.47095,-29.29,97.71,22.145
2026-06-02 16:45:51.980,2302291436,227980,2,0.45752,-0.05786,0.97754,-27.229,69.794,-13.992
2026-06-02 16:45:51.180,2302290636,228180,1,0.00342,-0.25342,0.85303,7.122,43.221,23.336
2026-06-02 16:45:51.180,2302290636,228180,2,0.40503,0.17139,1.0979,-51.779,-18.008,-5.977
2026-06-02 16:45:51.380,2302290836,228380,1,0.16821,-0.30322,0.94263,17.626,-47.679,-22.382
2026-06-02 16:45:51.380,2302290836,228380,2,0.76196,0.1123,1.34839,-37.634,-64.458,12.626
2026-06-02 16:45:51.580,2302291036,228580,1,0.72778,-0.41528,1.34692,-6.603,11.183,-12.206
2026-06-02 16:45:51.580,2302291036,228580,2,0.67651,-0.03101,0.9812,5.115,33.031,-1.046
2026-06-02 16:45:52.780,2302292236,228780,1,0.24683,-0.11084,0.49463,32.504,-24.305,-2.13
2026-06-02 16:45:52.780,2302292236,228780,2,0.823,0.06616,1.11035,-13.679,-48.26,6.389
2026-06-02 16:45:52.980,2302292436,228980,1,0.52173,-0.04175,0.89844,-1.893,10.947,-5.336
2026-06-02 16:45:52.980,2302292436,228980,2,0.64868,0.04468,0.927,-0.931,20.809,-1.687
2026-06-02 16:45:52.180,2302291636,229180,1,0.39771,-0.0957,0.78003,-2.107,-8.626,2.595
2026-06-02 16:45:52.180,2302291636,229180,2,0.91235,0.05884,1.16382,6.351,-8.466,5.16
2026-06-02 16:45:52.380,2302291836,229380,1,0.36304,-0.07349,0.69458,6.313,7.924,1.931
2026-06-02 16:45:52.380,2302291836,229380,2,0.65527,0.06934,0.94653,-0.099,-5.618,2.656
2026-06-02 16:45:52.580,2302292036,229580,1,0.47314,-0.0686,0.85034,0.046,-3.496,-0.397
2026-06-02 16:45:52.580,2302292036,229580,2,0.77734,0.06201,1.03589,-0.13,7.015,0.435
2026-06-02 16:45:53.780,2302293236,229780,1,0.40234,-0.07178,0.7522,-0.29,-3.336,0.534
2026-06-02 16:45:53.780,2302293236,229780,2,0.79175,0.05859,1.04736,-2.237,-7.664,2.443
2026-06-02 16:45:53.980,2302293436,229980,1,0.4231,-0.05493,0.7644,2.221,2.511,-1.107
2026-06-02 16:45:53.980,2302293436,229980,2,0.74292,0.05493,0.99097,-2.023,-0.435,0.687
2026-06-02 16:45:53.180,2302292636,230180,1,0.43921,-0.04761,0.80298,5.748,-0.305,-0.71
2026-06-02 16:45:53.180,2302292636,230180,2,0.78613,0.06934,1.02637,-0.221,1.328,0.618
2026-06-02 16:45:53.380,2302292836,230380,1,0.42017,-0.02197,0.76489,2.763,-1.58,0.298
2026-06-02 16:45:53.380,2302292836,230380,2,0.79224,0.0647,1.01538,1.137,-1.969,1.336
2026-06-02 16:45:53.580,2302293036,230580,1,0.43311,-0.00903,0.76978,0.053,1.26,0.71
2026-06-02 16:45:53.580,2302293036,230580,2,0.79028,0.08057,1.00537,-0.794,1.588,1.634
2026-06-02 16:45:54.813,2302294269,230813,1,0.43115,-0.0022,0.78125,-3.229,1.275,-0.679
2026-06-02 16:45:54.813,2302294269,230813,2,0.77979,0.06836,1.00049,-1.863,2.313,2.053
2026-06-02 16:45:54.013,2302293469,231013,1,0.42676,-0.02466,0.77124,-5.634,0.679,0.489
2026-06-02 16:45:54.013,2302293469,231013,2,0.7793,0.06567,0.9978,-0.954,0.908,2.55
2026-06-02 16:45:54.213,2302293669,231213,1,0.43408,-0.03394,0.76514,-5.664,-0.237,0.733
2026-06-02 16:45:54.213,2302293669,231213,2,0.77954,0.06714,0.99976,-0.969,0.916,2.115
2026-06-02 16:45:54.413,2302293869,231413,1,0.43066,-0.052,0.77246,-5.069,-0.038,0.076
2026-06-02 16:45:54.413,2302293869,231413,2,0.78296,0.05737,0.99365,-1.099,1.038,1.641
2026-06-02 16:45:54.613,2302294069,231613,1,0.43359,-0.05249,0.78491,-3.168,-0.076,0.053
2026-06-02 16:45:54.613,2302294069,231613,2,0.77954,0.05713,1.00342,-0.878,1.183,1.076
2026-06-02 16:45:55.813,2302295269,231813,1,0.43506,-0.05566,0.77588,-1.695,0.427,-0.191
2026-06-02 16:45:55.813,2302295269,231813,2,0.78027,0.07056,0.99927,-0.328,0.649,1.206
2026-06-02 16:45:55.013,2302294469,232013,1,0.43042,-0.04712,0.77026,-1.855,-0.076,-0.382
2026-06-02 16:45:55.013,2302294469,232013,2,0.78174,0.0647,0.99097,-1.221,0.534,1.122
2026-06-02 16:45:55.213,2302294669,232213,1,0.43921,-0.05396,0.76782,-2.252,-0.29,-0.725
2026-06-02 16:45:55.213,2302294669,232213,2,0.7876,0.06494,0.99194,-1.168,0.565,1.252
2026-06-02 16:45:55.413,2302294869,232413,1,0.44507,-0.05811,0.7793,-3.908,-2.458,-0.695
2026-06-02 16:45:55.413,2302294869,232413,2,0.79028,0.06128,0.99683,0.496,3.237,1.099
2026-06-02 16:45:55.613,2302295069,232613,1,0.44702,-0.08716,0.77002,-8.634,-6.137,-5.595
2026-06-02 16:45:55.613,2302295069,232613,2,0.78735,0.05762,1.0061,1.107,1.763,-1.786
2026-06-02 16:45:56.813,2302296269,232813,1,0.48804,-0.05005,0.75952,5.519,4.954,-1.443
2026-06-02 16:45:56.813,2302296269,232813,2,0.80737,0.09326,1.0166,-0.046,7.038,-1.687
2026-06-02 16:45:56.013,2302295469,233013,1,0.40967,-0.08862,0.72705,-10.641,7.443,3.405
2026-06-02 16:45:56.013,2302295469,233013,2,0.75171,0.08008,1.0459,0.076,7.489,1.511
2026-06-02 16:45:56.213,2302295669,233213,1,0.39502,-0.08423,0.79321,0.847,9.214,3.756
2026-06-02 16:45:56.213,2302295669,233213,2,0.72266,0.08984,1.05981,-1.718,6.618,3.42
2026-06-02 16:45:56.413,2302295869,233413,1,0.37036,-0.12354,0.78931,-10.519,1.802,-0.992
2026-06-02 16:45:56.413,2302295869,233413,2,0.72827,0.0874,1.0708,-0.626,2.099,1.71
2026-06-02 16:45:56.613,2302296069,233613,1,0.39868,-0.16309,0.76221,-18.206,-3.481,-1.832
2026-06-02 16:45:56.613,2302296069,233613,2,0.72998,0.06958,1.05957,-1.008,-0.878,1.771
2026-06-02 16:45:57.813,2302297269,233813,1,0.3999,-0.18506,0.79565,-2.336,-1.206,3.328
2026-06-02 16:45:57.813,2302297269,233813,2,0.74561,0.07471,1.05029,-2.611,1.977,2.359
2026-06-02 16:45:57.013,2302296469,234013,1,0.3811,-0.1499,0.76392,19.412,12.763,5.672
2026-06-02 16:45:57.013,2302296469,234013,2,0.74731,0.08691,1.05054,-2.74,-1.893,0.908
2026-06-02 16:45:57.213,2302296669,234213,1,0.35669,-0.08716,0.80249,8.252,2.031,2.985
2026-06-02 16:45:57.213,2302296669,234213,2,0.74658,0.07739,1.05347,0.267,2.046,1.687
2026-06-02 16:45:57.413,2302296869,234413,1,0.34546,-0.06592,0.82031,3.008,1.321,0.931
2026-06-02 16:45:57.413,2302296869,234413,2,0.73901,0.10571,1.04712,-1.489,2.672,0.092
2026-06-02 16:45:57.613,2302297069,234613,1,0.32935,-0.05518,0.79541,-24.351,-9.374,-2.221
2026-06-02 16:45:57.613,2302297069,234613,2,0.74609,0.08203,1.05957,2.443,3.137,1.954
2026-06-02 16:45:58.813,2302298269,234813,1,0.36768,-0.12231,0.78052,-15.634,5.191,0.366
2026-06-02 16:45:58.813,2302298269,234813,2,0.7334,0.09131,1.08057,-2.916,5.336,0.237
2026-06-02 16:45:58.013,2302297469,235013,1,0.41479,-0.70947,0.0188,10.359,32.863,2.885
2026-06-02 16:45:58.013,2302297469,235013,2,0.70337,0.07861,1.08984,7.702,7.618,2.237
2026-06-02 16:45:58.213,2302297669,235213,1,0.32715,-0.08423,0.80615,2.748,2.328,-0.099
2026-06-02 16:45:58.213,2302297669,235213,2,0.73193,0.09521,1.08716,-5.382,-0.313,0.71
2026-06-02 16:45:58.413,2302297869,235413,1,0.3855,-0.1936,0.7395,-14.069,21.015,10.977
2026-06-02 16:45:58.413,2302297869,235413,2,0.74219,0.11182,1.11499,-2.145,12.351,3.336
2026-06-02 16:45:58.613,2302298069,235613,1,0.31641,-0.25244,0.7439,-28.412,12.374,-9.115
2026-06-02 16:45:58.613,2302298069,235613,2,0.70093,0.03369,1.25269,-19.443,6.458,0.802
2026-06-02 16:45:59.813,2302299269,235813,1,0.34131,-0.09229,0.95239,71.977,91.58,22.824
2026-06-02 16:45:59.813,2302299269,235813,2,0.68604,0.14307,1.21362,12.565,95.046,-2.237
2026-06-02 16:45:59.013,2302298469,236013,1,-0.17285,-0.10962,0.85254,-12.763,39.237,-7.611
2026-06-02 16:45:59.013,2302298469,236013,2,0.31104,0.14233,1.27637,-1.893,14.87,-3.847
2026-06-02 16:45:59.213,2302298669,236213,1,-0.24438,-0.16382,0.88306,-2.069,-26.076,-6.504
2026-06-02 16:45:59.213,2302298669,236213,2,0.40063,0.0752,1.21167,-4.595,-48.252,4.015
2026-06-02 16:45:59.413,2302298869,236413,1,0.10669,-0.05542,0.66382,22.282,-93.656,-2.702
2026-06-02 16:45:59.413,2302298869,236413,2,0.53174,0.04492,0.93066,-7.595,-66.756,8.786
2026-06-02 16:45:59.613,2302299069,236613,1,0.40747,-0.04419,0.54834,-33.359,-122.962,-34.87
2026-06-02 16:45:59.613,2302299069,236613,2,0.78027,-0.03223,0.93481,-27.0,-64.916,3.061
2026-06-02 16:46:00.813,2302300269,236813,1,0.74927,-0.05786,0.36133,0.985,-65.008,-17.588
2026-06-02 16:46:00.813,2302300269,236813,2,0.90674,-0.04761,0.91846,-30.87,-41.244,3.427
2026-06-02 16:46:00.013,2302299469,237013,1,0.93384,0.00952,0.39063,6.107,-8.542,-5.863
2026-06-02 16:46:00.013,2302299469,237013,2,0.93018,-0.05688,0.76978,-13.153,-10.046,2.901
2026-06-02 16:46:00.213,2302299669,237213,1,0.9165,0.05103,0.37402,-2.405,6.214,-0.26
2026-06-02 16:46:00.213,2302299669,237213,2,0.89941,0.01318,0.74438,12.137,12.947,6.893
2026-06-02 16:46:00.413,2302299869,237413,1,0.86206,-0.021,0.45605,-2.061,15.076,4.763
2026-06-02 16:46:00.413,2302299869,237413,2,0.88843,-0.01294,0.82935,1.511,7.817,1.191
2026-06-02 16:46:00.613,2302300069,237613,1,0.94556,0.01196,0.40234,-1.977,6.45,2.336
2026-06-02 16:46:00.613,2302300069,237613,2,0.87207,0.00317,1.01294,21.817,19.008,5.771
2026-06-02 16:46:01.813,2302301269,237813,1,0.44995,0.02197,0.36499,-16.939,96.229,15.771
2026-06-02 16:46:01.813,2302301269,237813,2,0.6709,0.01978,0.78394,-17.344,96.481,-36.16
2026-06-02 16:46:01.013,2302300469,238013,1,0.42017,-0.15503,0.5813,-18.366,97.023,26.542
2026-06-02 16:46:01.013,2302300469,238013,2,0.59546,0.02759,1.021,-25.435,81.672,-11.405
2026-06-02 16:46:01.213,2302300669,238213,1,0.10229,-0.16772,0.97729,-9.328,74.038,-7.962
2026-06-02 16:46:01.213,2302300669,238213,2,0.55518,0.07983,1.36646,0.832,45.847,-2.16
2026-06-02 16:46:01.413,2302300869,238413,1,-0.25659,-0.09009,0.81665,6.305,36.725,-5.855
2026-06-02 16:46:01.413,2302300869,238413,2,0.26416,0.1106,1.25073,-9.473,13.099,-8.939
2026-06-02 16:46:01.613,2302301069,238613,1,-0.29736,-0.0481,0.84033,4.618,-29.42,-10.573
2026-06-02 16:46:01.613,2302301069,238613,2,0.43018,0.13306,1.45044,-3.069,-36.687,3.847
2026-06-02 16:46:02.813,2302302269,238813,1,-0.17188,-0.12036,0.99365,-12.466,-30.832,5.588
2026-06-02 16:46:02.813,2302302269,238813,2,0.60425,0.14307,1.46973,5.718,-1.832,10.382
2026-06-02 16:46:02.013,2302301469,239013,1,-0.13965,-0.1748,1.02954,-12.756,-1.221,0.115
2026-06-02 16:46:02.013,2302301469,239013,2,0.46533,0.05859,1.50146,-0.611,20.099,0.29
2026-06-02 16:46:02.213,2302301669,239213,1,-0.10181,-0.17969,0.98877,11.58,-32.244,-4.794
2026-06-02 16:46:02.213,2302301669,239213,2,0.39697,0.07202,1.32715,-9.282,-29.489,8.168
2026-06-02 16:46:02.413,2302301869,239413,1,0.1189,-0.08643,0.81494,17.679,-66.618,0.939
2026-06-02 16:46:02.413,2302301869,239413,2,0.56323,0.02417,1.18652,5.031,-40.046,3.763
2026-06-02 16:46:02.613,2302302069,239613,1,0.32202,0.01807,0.67334,0.229,-60.87,7.496
2026-06-02 16:46:02.613,2302302069,239613,2,0.54565,0.06177,0.95996,14.527,-41.565,8.313
2026-06-02 16:46:03.813,2302303269,239813,1,0.45898,-0.00244,0.48633,-7.649,-77.328,-14.359
2026-06-02 16:46:03.813,2302303269,239813,2,0.68018,0.09351,0.89575,-11.313,-36.649,7.473
2026-06-02 16:46:03.013,2302302469,240013,1,0.78491,0.03784,0.42383,-11.489,-53.122,-21.191
2026-06-02 16:46:03.013,2302302469,240013,2,0.8125,-0.02539,0.86841,-26.878,-29.229,4.069
2026-06-02 16:46:03.213,2302302669,240213,1,0.91064,-0.14526,0.43213,2.55,-19.237,-2.924
2026-06-02 16:46:03.213,2302302669,240213,2,0.95557,-0.12744,0.81616,11.099,-13.702,1.099
2026-06-02 16:46:03.413,2302302869,240413,1,0.93872,-0.05542,0.42944,32.863,-20.237,18.725
2026-06-02 16:46:03.413,2302302869,240413,2,0.89966,-0.03052,0.79614,-12.702,6.656,-1.786
2026-06-02 16:46:03.613,2302303069,240613,1,0.96826,0.01392,0.33472,2.244,-0.962,10.458
2026-06-02 16:46:03.613,2302303069,240613,2,0.88135,0.00928,0.75146,11.344,4.351,0.954
2026-06-02 16:46:04.813,2302304269,240813,1,0.9209,0.12109,0.38623,-4.412,-7.0,1.847
2026-06-02 16:46:04.813,2302304269,240813,2,0.9021,0.01147,0.72607,-8.664,-18.435,4.901
2026-06-02 16:46:04.013,2302303469,241013,1,1.08032,0.03223,0.27002,-10.542,3.008,-5.748
2026-06-02 16:46:04.013,2302303469,241013,2,0.95166,-0.02661,0.79541,27.832,23.053,8.168
2026-06-02 16:46:04.213,2302303669,241213,1,0.6189,-0.17139,0.26196,-30.206,113.382,21.046
2026-06-02 16:46:04.213,2302303669,241213,2,0.65356,-0.03491,0.93994,-11.237,63.809,-48.435
2026-06-02 16:46:04.413,2302303869,241413,1,0.11621,-0.13672,0.6167,-5.099,114.458,31.015
2026-06-02 16:46:04.413,2302303869,241413,2,0.27832,-0.1062,0.9231,-8.473,72.42,-22.115
2026-06-02 16:46:04.613,2302304069,241613,1,-0.05298,-0.38647,0.91357,-10.641,39.061,13.626
2026-06-02 16:46:04.613,2302304069,241613,2,0.40381,0.22217,1.16602,21.26,0.023,5.733
2026-06-02 16:46:05.813,2302305269,241813,1,0.10107,-0.19165,1.22144,38.756,-56.16,0.069
2026-06-02 16:46:05.813,2302305269,241813,2,0.7583,0.20996,1.59473,-22.435,-78.832,20.702
2026-06-02 16:46:05.013,2302304469,242013,1,0.39282,-0.13647,1.02075,-4.55,11.809,-0.023
2026-06-02 16:46:05.013,2302304469,242013,2,0.39404,0.11377,0.92627,0.023,16.916,-8.977
2026-06-02 16:46:05.213,2302304669,242213,1,0.32715,-0.06641,0.69287,7.985,-26.534,-6.939
2026-06-02 16:46:05.213,2302304669,242213,2,0.88525,0.177,1.25708,-21.076,-30.351,-2.382
2026-06-02 16:46:05.413,2302304869,242413,1,0.39331,-0.03271,0.74976,-8.29,12.733,-5.908
2026-06-02 16:46:05.413,2302304869,242413,2,0.57642,0.1145,1.00342,-2.275,9.412,2.092
2026-06-02 16:46:05.613,2302305069,242613,1,0.44263,-0.09399,0.79907,-20.901,7.214,-6.42
2026-06-02 16:46:05.613,2302305069,242613,2,0.73462,0.1001,1.19604,-8.206,25.305,-0.802
2026-06-02 16:46:06.813,2302306269,242813,1,0.14429,-0.25073,0.82666,2.496,18.458,9.496
2026-06-02 16:46:06.813,2302306269,242813,2,0.43945,0.13159,1.1377,-1.405,18.725,6.542
2026-06-02 16:46:08.498,2302307954,245498,1,0.06079,-0.08594,0.90869,1.573,21.206,-1.496
2026-06-02 16:46:08.498,2302307954,245498,2,0.55225,0.18311,1.23926,0.313,-12.221,-0.183
2026-06-02 16:46:08.698,2302308154,245698,1,0.21777,-0.07129,0.9978,7.298,-24.122,-5.031
2026-06-02 16:46:08.698,2302308154,245698,2,0.73608,0.11719,1.47461,-18.466,-5.519,-2.412
2026-06-02 16:46:09.898,2302309354,245898,1,0.26782,-0.10352,1.09033,-18.565,18.374,2.664
2026-06-02 16:46:09.898,2302309354,245898,2,0.71509,-0.05347,1.46387,11.313,30.71,12.802
2026-06-02 16:46:09.099,2302308555,246099,1,0.03076,-0.09131,0.78247,-18.679,13.84,12.802
2026-06-02 16:46:09.099,2302308555,246099,2,0.35278,0.05151,1.22876,-13.13,11.0,-6.718
2026-06-02 16:46:09.299,2302308755,246299,1,0.05176,-0.17456,0.84546,-17.885,-13.305,-11.603
2026-06-02 16:46:09.299,2302308755,246299,2,0.44873,0.13501,1.3833,-4.893,5.366,-13.42
2026-06-02 16:46:09.499,2302308955,246499,1,0.03662,-0.18896,0.95264,-3.496,-1.87,-17.649
2026-06-02 16:46:09.499,2302308955,246499,2,0.71191,0.00854,1.80762,-12.008,24.863,1.321
2026-06-02 16:46:09.699,2302309155,246699,1,0.05762,-0.20361,1.09473,14.412,-25.733,5.626
2026-06-02 16:46:09.699,2302309155,246699,2,0.37402,0.12891,1.30835,-0.725,-19.832,17.198
2026-06-02 16:46:10.899,2302310355,246899,1,0.27783,-0.08521,0.84131,28.947,-68.183,-5.55
2026-06-02 16:46:10.899,2302310355,246899,2,0.52393,0.03931,1.19849,9.58,-54.221,21.313
2026-06-02 16:46:10.099,2302309555,247099,1,0.42529,-0.01099,0.59546,-16.519,-65.908,-4.481
2026-06-02 16:46:10.099,2302309555,247099,2,0.49194,0.02588,0.9707,-15.618,-46.824,3.198
2026-06-02 16:46:10.299,2302309755,247299,1,0.41455,-0.05713,0.52881,2.969,-67.153,-11.885
2026-06-02 16:46:10.299,2302309755,247299,2,0.62231,-0.01099,0.86475,-0.313,-48.313,16.702
2026-06-02 16:46:10.499,2302309955,247499,1,0.9585,0.17163,0.38501,-57.603,19.672,-16.275
2026-06-02 16:46:10.499,2302309955,247499,2,0.69604,-0.07544,0.89917,-109.885,-110.878,15.817
2026-06-02 16:46:10.699,2302310155,247699,1,0.95532,-0.02563,0.3645,-3.542,8.924,-13.282
2026-06-02 16:46:10.699,2302310155,247699,2,0.87671,-0.09912,0.78149,-5.198,5.229,-0.878
2026-06-02 16:46:11.899,2302311355,247899,1,0.85254,0.08496,0.49854,17.229,19.015,-6.542
2026-06-02 16:46:11.899,2302311355,247899,2,0.86621,-0.08203,0.80811,-18.962,2.534,-10.191
2026-06-02 16:46:11.099,2302310555,248099,1,0.81885,0.04102,0.47925,-11.809,8.466,-17.305
2026-06-02 16:46:11.099,2302310555,248099,2,0.8855,-0.07886,0.85327,-0.84,7.076,-9.786
2026-06-02 16:46:11.299,2302310755,248299,1,0.76733,0.10474,0.53296,-1.588,14.664,-15.687
2026-06-02 16:46:11.299,2302310755,248299,2,0.85376,-0.05688,0.83618,-4.786,0.931,-9.763
2026-06-02 16:46:11.499,2302310955,248499,1,0.74292,0.15186,0.54907,-0.557,10.13,-11.13
2026-06-02 16:46:11.499,2302310955,248499,2,0.8938,-0.03003,0.82593,-3.267,-1.252,-3.977
2026-06-02 16:46:11.699,2302311155,248699,1,0.73608,0.15747,0.54858,-8.443,2.122,-8.74
2026-06-02 16:46:11.699,2302311155,248699,2,0.88208,-0.05615,0.82251,-7.985,0.435,-1.389
2026-06-02 16:46:12.899,2302312355,248899,1,0.75,0.14526,0.5415,2.244,-0.305,-5.489
2026-06-02 16:46:12.899,2302312355,248899,2,0.88721,-0.05908,0.83984,1.122,1.267,-0.168
2026-06-02 16:46:12.099,2302311555,249099,1,0.70728,0.23389,0.59277,10.092,-3.038,8.084
2026-06-02 16:46:12.099,2302311555,249099,2,0.89453,-0.0437,0.81763,-13.771,8.046,-0.45
2026-06-02 16:46:12.299,2302311755,249299,1,0.80151,0.15381,0.50122,-10.359,-12.374,27.069
2026-06-02 16:46:12.299,2302311755,249299,2,0.85474,-0.06567,0.90747,-6.71,20.45,-3.809
2026-06-02 16:46:12.499,2302311955,249499,1,0.85498,0.07153,0.35791,-16.893,42.176,41.557
2026-06-02 16:46:12.499,2302311955,249499,2,0.65186,-0.02686,0.81128,80.267,74.557,-10.496
2026-06-02 16:46:12.699,2302312155,249699,1,0.18604,-0.07739,0.21387,-20.489,123.817,40.534
2026-06-02 16:46:12.699,2302312155,249699,2,0.40332,-0.0437,0.55713,-10.115,81.664,-31.649
2026-06-02 16:46:13.899,2302313355,249899,1,0.10669,-0.22949,0.95532,-2.115,42.244,19.046
2026-06-02 16:46:13.899,2302313355,249899,2,0.51929,0.22656,1.24414,3.649,5.229,-6.282
2026-06-02 16:46:13.099,2302312555,250099,1,0.21826,-0.28809,1.10864,1.137,-30.069,-6.992
2026-06-02 16:46:13.099,2302312555,250099,2,0.72119,0.09131,1.45947,-30.58,-30.954,3.527
2026-06-02 16:46:13.299,2302312755,250299,1,0.43091,-0.23828,1.12744,4.412,-1.382,-1.542
2026-06-02 16:46:13.299,2302312755,250299,2,0.77954,0.05493,1.40771,31.733,7.466,21.992
2026-06-02 16:46:13.499,2302312955,250499,1,0.26025,-0.10742,0.75244,7.015,-10.099,19.015
2026-06-02 16:46:13.499,2302312955,250499,2,0.59961,0.16553,1.10303,-2.855,-19.74,10.626
2026-06-02 16:46:13.699,2302313155,250699,1,0.44922,-0.13037,0.84375,7.206,20.145,-0.603
2026-06-02 16:46:13.699,2302313155,250699,2,0.96777,0.18262,1.47949,-0.221,25.855,2.557
2026-06-02 16:46:14.949,2302314405,250949,1,-0.03394,-0.0498,0.99829,0.534,65.893,13.053
2026-06-02 16:46:14.949,2302314405,250949,2,0.37891,0.12598,1.21289,31.183,49.092,3.985
2026-06-02 16:46:14.149,2302313605,251149,1,-0.17456,-0.09619,0.88867,-6.191,-0.427,1.015
2026-06-02 16:46:14.149,2302313605,251149,2,0.27051,0.16699,1.25391,-10.718,-16.595,10.389
2026-06-02 16:46:14.349,2302313805,251349,1,-0.03833,-0.073,0.81665,14.0,-70.809,-0.824
2026-06-02 16:46:14.349,2302313805,251349,2,0.46997,0.09351,1.03613,-29.214,-73.779,10.641
2026-06-02 16:46:14.549,2302314005,251549,1,0.27173,-0.02075,0.55151,22.771,-110.038,-0.908
2026-06-02 16:46:14.549,2302314005,251549,2,0.55151,0.00122,0.94678,-23.84,-59.886,-3.359
2026-06-02 16:46:14.749,2302314205,251749,1,0.63867,-0.1106,0.479,-4.656,-87.916,-16.26
2026-06-02 16:46:14.749,2302314205,251749,2,0.86353,-0.05127,0.92847,-38.221,-38.771,2.107
2026-06-02 16:46:15.949,2302315405,251949,1,0.94189,0.06836,0.4021,6.519,-30.229,-1.26
2026-06-02 16:46:15.949,2302315405,251949,2,0.87891,-0.13428,0.79614,18.893,-1.0,22.053
2026-06-02 16:46:15.149,2302314605,252149,1,0.90552,0.03296,0.37671,0.443,-5.336,4.779
2026-06-02 16:46:15.149,2302314605,252149,2,0.89966,-0.09619,0.76514,6.038,-0.122,4.802
2026-06-02 16:46:15.349,2302314805,252349,1,0.91431,0.02173,0.36768,-2.748,5.496,4.527
2026-06-02 16:46:15.349,2302314805,252349,2,0.90186,-0.06421,0.83789,12.298,11.832,0.191
2026-06-02 16:46:15.549,2302315005,252549,1,0.927,0.04102,0.34326,-10.122,43.267,8.344
2026-06-02 16:46:15.549,2302315005,252549,2,0.79956,0.05469,0.92456,17.672,41.55,-26.786
2026-06-02 16:46:15.749,2302315205,252749,1,0.60205,-0.03223,0.52148,-16.237,76.008,8.107
2026-06-02 16:46:15.749,2302315205,252749,2,0.71826,-0.0188,0.75806,2.214,67.397,-28.473
2026-06-02 16:46:16.949,2302316405,252949,1,0.37134,-0.12744,0.63818,-28.824,71.573,17.885
2026-06-02 16:46:16.949,2302316405,252949,2,0.49121,0.10791,1.11548,-11.237,25.718,-18.893
2026-06-02 16:46:16.149,2302315605,253149,1,0.13184,-0.18896,0.87427,47.794,62.672,9.802
2026-06-02 16:46:16.149,2302315605,253149,2,0.5083,0.08911,1.06421,9.802,10.137,5.298
2026-06-02 16:46:16.349,2302315805,253349,1,0.07764,-0.13989,0.91284,6.626,-13.939,-13.947
2026-06-02 16:46:16.349,2302315805,253349,2,0.69189,0.11328,1.26001,-12.389,-28.061,3.038
2026-06-02 16:46:16.549,2302316005,253549,1,0.25293,0.02246,1.03857,19.672,-14.0,-3.214
2026-06-02 16:46:16.549,2302316005,253549,2,0.80811,0.15332,1.31689,9.901,-11.847,16.0
2026-06-02 16:46:16.749,2302316205,253749,1,0.26709,-0.01221,1.04126,-14.198,18.527,8.313
2026-06-02 16:46:16.749,2302316205,253749,2,0.74097,0.07202,1.28076,9.55,30.466,0.679
2026-06-02 16:46:17.949,2302317405,253949,1,0.05151,-0.146,0.75854,-26.962,12.595,-2.145
2026-06-02 16:46:17.949,2302317405,253949,2,0.39136,0.05884,1.15894,9.282,2.931,0.137
2026-06-02 16:46:17.149,2302316605,254149,1,0.16577,-0.13843,0.87329,-6.573,-3.076,7.977
2026-06-02 16:46:17.149,2302316605,254149,2,0.63354,0.13501,1.25952,12.099,7.885,2.58
2026-06-02 16:46:17.349,2302316805,254349,1,0.11011,-0.19165,0.82642,-1.908,0.733,5.55
2026-06-02 16:46:17.349,2302316805,254349,2,0.51074,0.15454,1.21899,3.031,5.435,2.176
2026-06-02 16:46:17.549,2302317005,254549,1,0.17993,-0.17603,0.85107,0.885,-13.221,9.832
2026-06-02 16:46:17.549,2302317005,254549,2,0.51221,0.17871,1.24976,13.321,-10.947,12.679
2026-06-02 16:46:17.749,2302317205,254749,1,0.40186,-0.34473,1.24683,-23.725,16.565,-22.321
2026-06-02 16:46:17.749,2302317205,254749,2,0.82593,0.13135,1.42236,2.916,32.863,-21.481
2026-06-02 16:46:18.949,2302318405,254949,1,0.06958,-0.21167,0.81348,18.511,4.046,-6.313
2026-06-02 16:46:18.949,2302318405,254949,2,0.4165,0.16528,1.20825,-2.122,-18.031,6.374
2026-06-02 16:46:18.149,2302317605,255149,1,0.19897,-0.03027,0.83203,25.855,-47.405,-0.947
2026-06-02 16:46:18.149,2302317605,255149,2,0.60669,0.20996,1.08447,3.206,-37.924,6.748
2026-06-02 16:46:18.349,2302317805,255349,1,0.40918,-0.05884,0.68213,1.565,-52.366,-13.45
2026-06-02 16:46:18.349,2302317805,255349,2,0.57178,0.05835,1.04858,-33.389,-26.298,0.031
2026-06-02 16:46:18.549,2302318005,255549,1,0.40234,-0.09131,0.59766,-50.45,-55.893,2.221
2026-06-02 16:46:18.549,2302318005,255549,2,0.62256,0.00977,0.98608,-4.008,-31.0,4.885
2026-06-02 16:46:18.749,2302318205,255749,1,0.6853,0.04248,0.53564,12.344,-50.42,2.649
2026-06-02 16:46:18.749,2302318205,255749,2,0.78003,-0.01685,0.86914,0.649,-35.405,11.672
2026-06-02 16:46:19.949,2302319405,255949,1,0.81982,0.02954,0.41504,7.977,-49.084,-3.863
2026-06-02 16:46:19.949,2302319405,255949,2,0.94263,-0.0498,0.83447,-9.74,-38.954,17.015
2026-06-02 16:46:19.149,2302318605,256149,1,0.95703,0.02832,0.32349,0.267,-18.282,-2.137
2026-06-02 16:46:19.149,2302318605,256149,2,0.92896,-0.06128,0.79028,5.626,-0.779,4.863
2026-06-02 16:46:19.361,2302318817,256361,1,0.93945,0.03369,0.34717,2.267,-2.718,0.26
2026-06-02 16:46:19.361,2302318817,256361,2,0.92017,-0.07837,0.77563,2.763,-0.405,3.481
2026-06-02 16:46:19.561,2302319017,256561,1,0.92236,0.01489,0.36768,-10.374,-4.954,-9.29
2026-06-02 16:46:19.561,2302319017,256561,2,0.89282,-0.08032,0.75513,-15.794,-3.359,3.748
2026-06-02 16:46:19.761,2302319217,256761,1,0.95654,-0.00464,0.26611,-30.771,4.565,-10.847
2026-06-02 16:46:19.761,2302319217,256761,2,0.90747,-0.1106,0.7417,-11.809,7.832,-5.466
2026-06-02 16:46:20.961,2302320417,256961,1,0.93115,-0.02124,0.3186,-12.84,18.794,6.16
2026-06-02 16:46:20.961,2302320417,256961,2,0.89722,-0.07129,0.75342,9.221,5.885,4.389
2026-06-02 16:46:20.161,2302319617,257161,1,0.92847,-0.02295,0.35938,-0.099,7.664,1.45
2026-06-02 16:46:20.161,2302319617,257161,2,0.89233,-0.06714,0.76514,7.031,4.16,0.466
2026-06-02 16:46:20.361,2302319817,257361,1,0.99219,0.0647,0.31128,-8.45,23.084,-1.298
2026-06-02 16:46:20.361,2302319817,257361,2,0.86841,-0.00806,0.93457,3.435,32.672,-24.015
2026-06-02 16:46:20.561,2302320017,257561,1,0.48633,-0.00854,0.02661,-39.931,157.099,31.809
2026-06-02 16:46:20.561,2302320017,257561,2,0.60449,0.04297,0.56396,43.489,75.137,-41.145
2026-06-02 16:46:20.761,2302320217,257761,1,0.17114,-0.20679,0.64966,-13.26,96.939,26.061
2026-06-02 16:46:20.761,2302320217,257761,2,0.51416,0.24829,1.1438,-1.053,56.58,-13.733
2026-06-02 16:46:21.961,2302321417,257961,1,0.00342,-0.21094,1.02319,5.847,5.336,-4.099
2026-06-02 16:46:21.961,2302321417,257961,2,0.50317,0.19751,1.32178,-24.237,-28.328,5.275
2026-06-02 16:46:21.161,2302320617,258161,1,0.18799,-0.21216,1.17725,10.565,-37.29,-3.275
2026-06-02 16:46:21.161,2302320617,258161,2,0.7793,0.14282,1.47021,-28.351,-43.374,8.137
2026-06-02 16:46:21.361,2302320817,258361,1,0.25122,-0.10327,0.91406,20.107,13.649,15.344
2026-06-02 16:46:21.361,2302320817,258361,2,0.55688,0.16162,1.0603,15.939,12.802,8.115
2026-06-02 16:46:21.561,2302321017,258561,1,0.31543,-0.0979,0.77612,12.924,-14.366,16.649
2026-06-02 16:46:21.561,2302321017,258561,2,0.79272,0.14893,1.21094,-9.26,-5.099,4.344
2026-06-02 16:46:21.761,2302321217,258761,1,0.28052,,1.02124,16.496,26.489,12.206
2026-06-02 16:46:21.761,2302321217,258761,2,1.28003,0.17749,1.56787,7.832,19.122,19.511
2026-06-02 16:46:22.961,2302322417,258961,1,0.04663,0.09912,0.92725,-2.878,68.817,-1.504
2026-06-02 16:46:22.961,2302322417,258961,2,0.47437,0.09229,1.21094,-11.16,56.031,-10.183
2026-06-02 16:46:22.161,2302321617,259161,1,-0.21875,0.06396,0.90234,2.336,3.168,6.198
2026-06-02 16:46:22.161,2302321617,259161,2,0.28833,0.12988,1.24341,-1.924,-23.542,5.74
2026-06-02 16:46:22.361,2302321817,259361,1,-0.0752,0.09326,0.82568,17.359,-81.229,21.328
2026-06-02 16:46:22.361,2302321817,259361,2,0.60327,0.20801,0.95898,9.809,-79.618,24.122
2026-06-02 16:46:22.561,2302322017,259561,1,0.23291,-0.11035,0.35425,-33.901,-152.893,-18.618
2026-06-02 16:46:22.561,2302322017,259561,2,0.57739,0.10913,0.84546,-17.893,-77.229,32.321
2026-06-02 16:46:22.761,2302322217,259761,1,0.76538,0.13843,0.29395,-18.565,-96.641,-21.336
2026-06-02 16:46:22.761,2302322217,259761,2,0.8208,0.01416,0.84937,-18.099,-43.962,21.313
2026-06-02 16:46:23.961,2302323417,259961,1,1.04297,0.07007,0.20435,-5.053,-11.092,-0.267
2026-06-02 16:46:23.961,2302323417,259961,2,0.96753,-0.01392,0.61621,-0.176,-10.84,-1.153
2026-06-02 16:46:23.161,2302322617,260161,1,0.94702,0.02075,0.29443,-2.817,13.359,1.053
2026-06-02 16:46:23.161,2302322617,260161,2,0.93677,-0.04126,0.63843,14.687,11.733,1.863
2026-06-02 16:46:23.361,2302322817,260361,1,0.97388,0.06006,0.29834,1.649,17.55,6.214
2026-06-02 16:46:23.361,2302322817,260361,2,0.93726,0.00659,0.80396,10.076,32.351,-7.656
2026-06-02 16:46:23.561,2302323017,260561,1,0.59326,0.02417,0.2771,-30.244,102.534,12.29
2026-06-02 16:46:23.561,2302323017,260561,2,0.79712,0.01953,0.83154,16.969,62.382,-7.588
2026-06-02 16:46:23.761,2302323217,260761,1,0.43677,0.02417,0.65991,-19.527,105.557,6.351
2026-06-02 16:46:23.761,2302323217,260761,2,0.59302,0.29199,1.146,-65.542,64.595,-36.16
2026-06-02 16:46:24.961,2302324417,260961,1,-0.03809,-0.26904,0.80811,16.153,105.473,19.802
2026-06-02 16:46:24.961,2302324417,260961,2,0.50806,0.14453,1.0769,0.29,20.557,-5.504
2026-06-02 16:46:24.161,2302323617,261161,1,-0.05347,-0.16113,0.90796,7.87,-5.824,-11.305
2026-06-02 16:46:24.161,2302323617,261161,2,0.56665,0.15479,1.16382,-5.527,-39.023,3.405
2026-06-02 16:46:24.361,2302323817,261361,1,0.1853,-0.10596,1.09473,15.42,-19.863,-13.153
2026-06-02 16:46:24.361,2302323817,261361,2,0.74756,0.05469,1.33789,2.13,-14.237,-7.466
2026-06-02 16:46:24.561,2302324017,261561,1,0.2832,-0.11182,0.99219,-2.824,5.374,-1.0
2026-06-02 16:46:24.561,2302324017,261561,2,0.82715,0.0293,1.28125,5.382,20.969,8.992
2026-06-02 16:46:24.761,2302324217,261761,1,0.10962,-0.1145,0.7832,-51.908,-1.107,5.389
2026-06-02 16:46:24.761,2302324217,261761,2,0.55542,0.02441,1.10986,-2.519,20.939,-1.076
2026-06-02 16:46:25.961,2302325417,261961,1,0.08594,-0.25659,0.85767,-8.641,-5.511,5.916
2026-06-02 16:46:25.961,2302325417,261961,2,0.58032,0.14038,1.30298,-3.931,5.137,8.435
2026-06-02 16:46:25.161,2302324617,262161,1,0.12134,-0.29224,0.79443,6.382,-6.137,9.26
2026-06-02 16:46:25.161,2302324617,262161,2,0.44995,0.11084,1.23218,1.992,2.511,3.679
2026-06-02 16:46:25.361,2302324817,262361,1,0.05981,-0.33472,0.81689,6.389,-6.42,11.595
2026-06-02 16:46:25.361,2302324817,262361,2,0.55298,0.12573,1.21411,8.313,-5.046,3.046
2026-06-02 16:46:25.561,2302325017,262561,1,0.17065,-0.29517,0.8606,4.901,-14.046,-8.504
2026-06-02 16:46:25.561,2302325017,262561,2,0.60352,0.08154,1.19702,-4.137,-14.115,-0.481
2026-06-02 16:46:25.761,2302325217,262761,1,0.2312,-0.22046,0.80688,27.573,-10.702,-3.71
2026-06-02 16:46:25.761,2302325217,262761,2,0.6189,0.09131,1.15771,3.053,-17.718,2.26
2026-06-02 16:46:26.961,2302326417,262961,1,0.33643,-0.11768,0.80713,12.244,4.038,-4.031
2026-06-02 16:46:26.961,2302326417,262961,2,0.76392,0.11841,1.13745,4.328,2.618,-7.885
2026-06-02 16:46:26.161,2302325617,263161,1,0.40405,-0.07251,1.44116,3.611,31.344,-32.802
2026-06-02 16:46:26.161,2302325617,263161,2,0.80469,0.0354,1.2583,-26.947,29.885,-1.305
2026-06-02 16:46:26.361,2302325817,263361,1,-0.01123,-0.02734,0.84839,19.153,-21.748,9.198
2026-06-02 16:46:26.361,2302325817,263361,2,0.49902,0.10669,1.12329,-7.046,-37.534,5.618
2026-06-02 16:46:26.561,2302326017,263561,1,0.25464,0.08008,0.78027,17.603,-60.992,5.519
2026-06-02 16:46:26.561,2302326017,263561,2,0.67603,0.07227,1.03638,-5.107,-42.198,13.489
2026-06-02 16:46:26.761,2302326217,263761,1,0.4043,0.09863,0.61304,-4.473,-61.87,6.534
2026-06-02 16:46:26.761,2302326217,263761,2,0.68799,0.0708,0.87183,-6.786,-34.244,3.695
2026-06-02 16:46:27.961,2302327417,263961,1,0.53345,0.0625,0.50049,-37.015,-66.176,4.305
2026-06-02 16:46:27.961,2302327417,263961,2,0.72705,0.07837,0.83105,-4.832,-28.718,1.786
2026-06-02 16:46:27.161,2302326617,264161,1,0.79688,0.03467,0.41943,-4.137,-37.794,-9.374
2026-06-02 16:46:27.161,2302326617,264161,2,0.85645,0.0293,0.84131,-15.099,-25.351,4.695
2026-06-02 16:46:27.361,2302326817,264361,1,0.93237,-0.00146,0.38037,-10.794,-14.924,-14.115
2026-06-02 16:46:27.361,2302326817,264361,2,0.93042,0.00781,0.75049,5.641,-7.496,-2.328
2026-06-02 16:46:27.561,2302327017,264561,1,0.97949,0.06445,0.3811,14.153,-3.16,3.221
2026-06-02 16:46:27.561,2302327017,264561,2,0.89233,0.021,0.75708,27.405,15.649,-6.405
2026-06-02 16:46:27.761,2302327217,264761,1,0.93091,0.05786,0.3667,11.107,3.908,13.756
2026-06-02 16:46:27.761,2302327217,264761,2,0.91382,0.0481,0.70557,10.061,7.412,6.023
2026-06-02 16:46:28.961,2302328417,264961,1,0.97485,-0.08667,0.28418,36.076,57.756,42.481
2026-06-02 16:46:28.961,2302328417,264961,2,1.02563,0.10132,0.76294,37.634,32.496,-6.534
2026-06-02 16:46:28.161,2302327617,265161,1,0.72437,-0.00464,0.13135,-31.771,109.29,13.351
2026-06-02 16:46:28.161,2302327617,265161,2,0.46045,0.10913,0.62817,37.634,94.802,-13.061
2026-06-02 16:46:28.361,2302327817,265361,1,0.12549,-0.1394,0.53906,-39.237,116.985,8.626
2026-06-02 16:46:28.361,2302327817,265361,2,0.45142,0.052,0.86499,-3.779,87.107,-6.916
2026-06-02 16:46:28.561,2302328017,265561,1,0.0625,-0.27563,0.97168,-19.771,39.679,5.939
2026-06-02 16:46:28.561,2302328017,265561,2,0.45654,0.16284,1.19189,-4.137,-8.603,2.542
2026-06-02 16:46:28.761,2302328217,265761,1,0.10083,-0.30933,1.19531,3.366,-61.908,-35.794
2026-06-02 16:46:28.761,2302328217,265761,2,1.24536,-0.11377,1.71582,31.504,-21.939,-0.053
2026-06-02 16:46:29.961,2302329417,265961,1,0.35938,-0.23364,0.82715,-1.863,7.489,18.802
2026-06-02 16:46:29.961,2302329417,265961,2,0.42993,0.06763,0.87061,29.725,17.641,11.58
2026-06-02 16:46:29.161,2302328617,266161,1,0.35132,-0.17578,0.66528,0.618,-9.366,2.687
2026-06-02 16:46:29.161,2302328617,266161,2,0.83423,0.04883,1.229,-41.885,-24.84,-5.206
2026-06-02 16:46:29.361,2302328817,266361,1,0.38306,-0.19873,1.24487,29.885,63.42,-18.603
2026-06-02 16:46:29.361,2302328817,266361,2,0.65723,0.02808,1.10669,0.588,71.099,0.458
2026-06-02 16:46:29.561,2302329017,266561,1,-0.17041,-0.18726,0.83252,-19.053,52.87,13.282
2026-06-02 16:46:29.561,2302329017,266561,2,0.31177,0.11035,1.1875,11.931,28.733,3.74
2026-06-02 16:46:29.761,2302329217,266761,1,-0.23486,-0.22388,0.89502,-2.374,-24.771,0.214
2026-06-02 16:46:29.761,2302329217,266761,2,0.39185,0.14771,1.1936,9.16,-39.962,10.412
2026-06-02 16:46:30.961,2302330417,266961,1,-0.02344,-0.09937,0.71167,9.908,-104.618,-9.069
2026-06-02 16:46:30.961,2302330417,266961,2,0.62793,0.11206,0.90674,-21.176,-95.45,-2.099
2026-06-02 16:46:30.161,2302329617,267161,1,0.58521,0.01416,0.38843,66.992,-125.023,-14.115
2026-06-02 16:46:30.161,2302329617,267161,2,0.86548,0.06543,0.89673,32.695,-34.733,14.229
2026-06-02 16:46:30.361,2302329817,267361,1,0.90283,0.09692,0.31787,16.015,-50.244,-9.29
2026-06-02 16:46:30.361,2302329817,267361,2,0.9397,0.08154,0.88062,10.115,-1.336,12.115
2026-06-02 16:46:30.561,2302330017,267561,1,0.83496,0.04907,0.43262,-7.542,0.824,-1.58
2026-06-02 16:46:30.561,2302330017,267561,2,0.83765,-0.00635,0.86646,-3.214,2.618,11.244
2026-06-02 16:46:30.761,2302330217,267761,1,0.95068,0.07007,0.33179,-7.969,19.695,4.038
2026-06-02 16:46:30.761,2302330217,267761,2,0.88477,0.14307,0.91968,13.878,34.908,-15.397
2026-06-02 16:46:31.961,2302331417,267961,1,0.45557,-0.04419,0.33472,-29.092,92.618,5.046
2026-06-02 16:46:31.961,2302331417,267961,2,0.62256,0.06885,0.70508,41.634,70.412,-8.748
2026-06-02 16:46:31.161,2302330617,268161,1,0.1814,-0.15527,0.76563,13.313,102.42,5.802
2026-06-02 16:46:31.161,2302330617,268161,2,0.58398,0.1521,1.23413,-4.244,46.366,-2.656
2026-06-02 16:46:31.361,2302330817,268361,1,0.00122,0.0481,1.0166,14.679,26.573,0.359
2026-06-02 16:46:31.361,2302330817,268361,2,0.55005,0.18774,1.22388,-1.893,-3.718,-6.389
2026-06-02 16:46:31.561,2302331017,268561,1,0.21533,0.00098,1.06226,2.954,-10.473,2.695
2026-06-02 16:46:31.561,2302331017,268561,2,0.7832,0.2959,1.37183,-14.145,-6.458,-19.275
2026-06-02 16:46:31.761,2302331217,268761,1,0.29663,0.03833,1.02271,-14.634,14.924,-0.534
2026-06-02 16:46:31.761,2302331217,268761,2,0.66406,0.07349,1.36743,7.282,22.282,1.366
2026-06-02 16:46:32.961,2302332417,268961,1,0.11987,-0.20459,0.94531,-1.328,52.962,3.931
2026-06-02 16:46:32.961,2302332417,268961,2,0.47583,0.2019,1.17578,1.206,50.634,-10.84
2026-06-02 16:46:32.161,2302331617,269161,1,-0.14429,-0.10742,0.70239,-19.45,12.42,0.038
2026-06-02 16:46:32.161,2302331617,269161,2,0.50244,0.13745,1.53101,-13.794,9.412,8.504
2026-06-02 16:46:32.361,2302331817,269361,1,-0.25244,-0.13647,1.14429,41.038,-26.534,-3.763
2026-06-02 16:46:32.361,2302331817,269361,2,0.44165,0.16675,1.43237,-17.405,-19.328,12.412
2026-06-02 16:46:32.561,2302332017,269561,1,0.08765,0.04468,0.91479,32.519,-79.985,3.756
2026-06-02 16:46:32.561,2302332017,269561,2,0.5896,-0.00806,1.25586,-10.031,-70.29,10.427
2026-06-02 16:46:32.761,2302332217,269761,1,0.34277,0.09009,0.67554,4.389,-70.557,18.588
2026-06-02 16:46:32.761,2302332217,269761,2,0.7041,0.09302,0.94336,5.954,-54.015,10.832
2026-06-02 16:46:33.961,2302333417,269961,1,0.42041,-0.0271,0.4231,-21.832,-79.534,9.122
2026-06-02 16:46:33.961,2302333417,269961,2,0.66138,0.04785,0.78906,15.863,-62.015,8.061
2026-06-02 16:46:33.161,2302332617,270161,1,0.78735,0.12622,0.32715,25.969,-64.26,8.992
2026-06-02 16:46:33.161,2302332617,270161,2,0.8396,0.06787,0.80737,24.397,-21.382,31.427
2026-06-02 16:46:33.361,2302332817,270361,1,0.97632,0.1123,0.32642,11.435,-10.656,12.718
2026-06-02 16:46:33.361,2302332817,270361,2,0.93579,0.06812,0.75146,1.969,-3.832,2.351
2026-06-02 16:46:33.561,2302333017,270561,1,0.948,0.05884,0.30542,2.71,-0.634,4.466
2026-06-02 16:46:33.561,2302333017,270561,2,0.91772,0.04468,0.75293,11.969,2.031,2.679
2026-06-02 16:46:33.761,2302333217,270761,1,0.91284,0.08813,0.34106,6.183,7.687,5.252
2026-06-02 16:46:33.761,2302333217,270761,2,0.92529,0.05591,0.7207,11.198,3.588,3.252
2026-06-02 16:46:34.961,2302334417,270961,1,0.90283,0.08423,0.37231,-3.214,2.916,0.198
2026-06-02 16:46:34.961,2302334417,270961,2,0.91943,0.06152,0.74756,-5.504,5.107,1.389
2026-06-02 16:46:34.161,2302333617,271161,1,0.91162,0.07568,0.37085,-12.733,0.458,-4.74
2026-06-02 16:46:34.161,2302333617,271161,2,0.91064,0.05518,0.76978,-12.649,3.695,0.489
2026-06-02 16:46:34.361,2302333817,271361,1,0.90674,0.06909,0.37817,-10.382,0.84,-4.466
2026-06-02 16:46:34.361,2302333817,271361,2,0.90063,0.03955,0.78442,-7.336,-0.008,5.603
2026-06-02 16:46:34.561,2302334017,271561,1,0.90479,0.06714,0.36426,3.084,6.756,-2.389
2026-06-02 16:46:34.561,2302334017,271561,2,0.88354,0.04004,0.72925,6.069,4.885,5.679
2026-06-02 16:46:34.761,2302334217,271761,1,0.88477,0.0459,0.41797,1.008,7.252,8.588
2026-06-02 16:46:34.761,2302334217,271761,2,0.90381,0.02515,0.7915,-6.588,9.542,-2.893
2026-06-02 16:46:35.961,2302335417,271961,1,0.85693,0.02563,0.4397,0.779,5.336,-3.351
2026-06-02 16:46:35.961,2302335417,271961,2,0.90552,0.00903,0.81738,-5.496,4.084,-0.847
2026-06-02 16:46:35.161,2302334617,272161,1,0.84692,0.01611,0.46753,-8.29,6.489,-4.962
2026-06-02 16:46:35.161,2302334617,272161,2,0.88281,-0.01587,0.78784,-9.267,3.771,-2.733
2026-06-02 16:46:35.361,2302334817,272361,1,0.90259,0.05005,0.44946,-23.504,12.84,-5.893
2026-06-02 16:46:35.361,2302334817,272361,2,0.82666,0.01147,0.81226,-16.87,7.031,-6.458
2026-06-02 16:46:35.561,2302335017,272561,1,0.79077,0.01025,0.53979,-21.802,9.504,-4.855
2026-06-02 16:46:35.561,2302335017,272561,2,0.86621,0.01831,0.81055,-14.588,8.023,-0.916
2026-06-02 16:46:35.761,2302335217,272761,1,0.82104,0.00391,0.53931,-16.763,-0.763,-4.397
2026-06-02 16:46:35.761,2302335217,272761,2,0.94702,0.04346,0.72876,-6.588,20.992,-7.885
2026-06-02 16:46:36.961,2302336417,272961,1,0.81177,-0.02759,0.52905,-2.336,-1.275,-0.206
2026-06-02 16:46:36.961,2302336417,272961,2,0.86108,0.01685,0.78174,-17.695,0.183,6.099
2026-06-02 16:46:36.161,2302335617,273161,1,0.86304,0.0459,0.48999,-5.084,6.603,3.939
2026-06-02 16:46:36.161,2302335617,273161,2,0.90088,0.07422,0.75684,9.496,13.397,0.916
2026-06-02 16:46:36.361,2302335817,273361,1,0.84009,-0.01367,0.43701,-7.939,10.893,4.779
2026-06-02 16:46:36.361,2302335817,273361,2,0.96094,0.06274,0.79077,-6.389,12.137,-14.969
2026-06-02 16:46:36.561,2302336017,273561,1,0.80396,-0.03613,0.52222,-2.901,-8.397,1.603
2026-06-02 16:46:36.561,2302336017,273561,2,0.84448,0.08984,0.91724,7.298,-11.618,5.473
2026-06-02 16:46:36.761,2302336217,273761,1,0.79883,-0.13477,0.49927,1.947,-2.74,-0.069
2026-06-02 16:46:36.761,2302336217,273761,2,0.88965,0.02515,0.84058,20.71,3.885,-1.511
2026-06-02 16:46:37.961,2302337417,273961,1,0.84595,-0.10449,0.5,-3.244,5.206,1.214
2026-06-02 16:46:37.961,2302337417,273961,2,0.8916,-0.00806,0.77246,-5.947,9.412,-1.366
2026-06-02 16:46:37.161,2302336617,274161,1,0.83325,-0.0437,0.46606,12.099,-8.382,0.244
2026-06-02 16:46:37.161,2302336617,274161,2,0.89673,0.04761,0.80542,10.618,-9.084,1.374
2026-06-02 16:46:37.361,2302336817,274361,1,0.81738,0.01929,0.49146,20.298,-3.824,-4.244
2026-06-02 16:46:37.361,2302336817,274361,2,0.93262,0.09131,0.85767,30.198,-3.565,1.275
2026-06-02 16:46:37.561,2302337017,274561,1,0.92432,0.13135,0.3772,5.939,29.321,5.939
2026-06-02 16:46:37.561,2302337017,274561,2,0.96265,0.1416,0.71216,-1.611,24.733,-14.687
2026-06-02 16:46:37.761,2302337217,274761,1,0.68066,0.14136,0.50098,-15.435,62.519,9.855
2026-06-02 16:46:37.761,2302337217,274761,2,0.82837,0.23901,0.81738,-17.588,36.733,1.916
2026-06-02 16:46:38.961,2302338417,274961,1,0.42139,-0.24146,0.30127,-67.137,140.855,13.351
2026-06-02 16:46:38.961,2302338417,274961,2,0.7395,-0.03247,0.95313,50.389,116.008,-10.756
2026-06-02 16:46:38.161,2302337617,275161,1,-0.53247,-0.3103,0.86865,16.092,132.878,27.282
2026-06-02 16:46:38.161,2302337617,275161,2,0.25244,0.05542,1.36304,-8.145,97.58,-5.275
2026-06-02 16:46:38.361,2302337817,275361,1,-0.67993,-0.3606,0.9353,-20.282,35.099,4.206
2026-06-02 16:46:38.361,2302337817,275361,2,-0.01343,0.0271,1.51367,2.565,12.74,-3.977
2026-06-02 16:46:38.561,2302338017,275561,1,-0.52271,-0.17407,0.77295,37.107,-14.16,-13.145
2026-06-02 16:46:38.561,2302338017,275561,2,0.18457,0.04004,1.55127,-4.122,-30.344,2.71
2026-06-02 16:46:39.863,2302339319,275863,1,-0.33081,-0.0835,0.90576,39.878,-112.137,-6.939
2026-06-02 16:46:39.863,2302339319,275863,2,0.58228,0.11108,1.09106,8.649,-119.878,8.557
2026-06-02 16:46:39.063,2302338519,276063,1,0.24072,0.1521,0.41943,-14.733,-150.221,17.878
2026-06-02 16:46:39.063,2302338519,276063,2,0.61865,0.2063,0.98389,-35.695,-100.046,23.038
2026-06-02 16:46:39.263,2302338719,276263,1,0.43042,-0.07568,0.59888,21.405,-1.595,24.405
2026-06-02 16:46:39.263,2302338719,276263,2,0.65552,-0.28027,0.58154,73.748,23.031,-5.107
2026-06-02 16:46:39.463,2302338919,276463,1,0.64819,-0.01953,0.85181,-17.504,76.87,-17.389
2026-06-02 16:46:39.463,2302338919,276463,2,1.11328,-0.11597,1.07104,38.947,72.313,-7.275
2026-06-02 16:46:39.663,2302339119,276663,1,0.13379,0.18433,0.81641,4.061,65.534,15.031
2026-06-02 16:46:39.663,2302339119,276663,2,0.59741,0.21191,1.05615,-30.42,39.588,-18.573
2026-06-02 16:46:40.863,2302340319,276863,1,0.07495,-0.0481,0.82788,-14.435,42.466,4.389
2026-06-02 16:46:40.863,2302340319,276863,2,0.54248,0.21094,1.18921,-7.122,32.374,2.87
2026-06-02 16:46:40.063,2302339519,277063,1,-0.10107,-0.12036,0.80542,-14.817,26.046,-4.511
2026-06-02 16:46:40.063,2302339519,277063,2,0.46362,0.1814,1.16479,-3.504,21.214,-2.153
2026-06-02 16:46:40.263,2302339719,277263,1,-0.06421,-0.1272,0.80029,-1.954,15.656,-19.244
2026-06-02 16:46:40.263,2302339719,277263,2,0.5,0.14063,1.28247,-16.29,8.779,-17.802
2026-06-02 16:46:40.463,2302339919,277463,1,-0.24316,-0.0249,1.14063,-3.947,38.412,5.931
2026-06-02 16:46:40.463,2302339919,277463,2,0.48291,0.30835,1.47998,-8.305,14.954,-2.802
2026-06-02 16:46:40.663,2302340119,277663,1,-0.23975,-0.15015,0.81909,1.725,14.305,9.13
2026-06-02 16:46:40.663,2302340119,277663,2,0.36816,0.19897,1.2832,11.771,13.641,0.595
2026-06-02 16:46:41.863,2302341319,277863,1,-0.23877,-0.07471,0.82349,-5.321,10.198,5.206
2026-06-02 16:46:41.863,2302341319,277863,2,0.38623,0.14209,1.40552,-4.115,10.321,3.779
2026-06-02 16:46:41.063,2302340519,278063,1,-0.32495,-0.13477,0.91089,-15.954,9.458,7.718
2026-06-02 16:46:41.063,2302340519,278063,2,0.30615,0.16162,1.36597,-5.282,8.427,14.626
2026-06-02 16:46:41.263,2302340719,278263,1,-0.31396,-0.17041,0.79272,-13.412,-25.84,6.611
2026-06-02 16:46:41.263,2302340719,278263,2,0.28906,0.09692,1.30518,-11.198,-15.038,9.412
2026-06-02 16:46:41.463,2302340919,278463,1,-0.09082,-0.12305,0.65894,-18.855,-29.74,19.771
2026-06-02 16:46:41.463,2302340919,278463,2,0.35352,0.11694,1.26807,-8.763,-16.74,18.817
2026-06-02 16:46:41.663,2302341119,278663,1,-0.0332,-0.25439,0.75806,-19.267,-5.763,18.542
2026-06-02 16:46:41.663,2302341119,278663,2,0.40625,0.06177,1.25952,-3.565,5.687,13.221
2026-06-02 16:46:42.863,2302342319,278863,1,-0.11133,-0.26611,0.79272,-9.885,-14.679,20.779
2026-06-02 16:46:42.863,2302342319,278863,2,0.34546,0.03174,1.30835,8.565,-8.504,33.656
2026-06-02 16:46:42.063,2302341519,279063,1,-0.0813,-0.30176,0.87964,-0.55,-32.099,39.786
2026-06-02 16:46:42.063,2302341519,279063,2,0.52979,0.01709,1.36255,20.611,-20.313,32.046
2026-06-02 16:46:42.263,2302341719,279263,1,0.03687,-0.16455,0.78125,8.756,-37.939,23.321
2026-06-02 16:46:42.263,2302341719,279263,2,0.52637,0.19043,1.19556,5.42,-28.771,20.641
2026-06-02 16:46:42.463,2302341919,279463,1,0.15625,-0.10498,0.76465,-9.527,-22.641,-17.252
2026-06-02 16:46:42.463,2302341919,279463,2,0.58057,0.18799,1.20337,-42.305,-22.076,-6.87
2026-06-02 16:46:42.663,2302342119,279663,1,0.12549,-0.40845,0.88721,17.641,-20.313,19.595
2026-06-02 16:46:42.663,2302342119,279663,2,0.68188,0.15405,1.11401,26.656,-38.405,-9.725
2026-06-02 16:46:43.863,2302343319,279863,1,0.43384,-0.29321,0.81909,9.679,-72.901,-12.832
2026-06-02 16:46:43.863,2302343319,279863,2,0.81104,-0.01514,0.93213,-17.618,-55.679,4.565
2026-06-02 16:46:43.063,2302342519,280063,1,0.66357,-0.1521,0.51489,-22.969,-77.466,-31.099
2026-06-02 16:46:43.063,2302342519,280063,2,0.86206,-0.05029,0.7959,-50.0,-39.305,-10.145
2026-06-02 16:46:43.263,2302342719,280263,1,0.83594,-0.14136,0.34692,-34.931,-47.939,-40.214
2026-06-02 16:46:43.263,2302342719,280263,2,0.91528,0.04077,0.68628,-64.832,-30.244,-22.74
2026-06-02 16:46:43.463,2302342919,280463,1,0.91602,-0.09082,0.34229,-26.84,-33.176,-51.244
2026-06-02 16:46:43.463,2302342919,280463,2,0.88281,0.04443,0.6626,-39.527,-51.221,-29.931
2026-06-02 16:46:43.663,2302343119,280663,1,0.93237,-0.05273,0.26538,13.29,-15.588,-17.611
2026-06-02 16:46:43.663,2302343119,280663,2,0.98657,0.03638,0.49976,17.198,-17.641,-4.939
2026-06-02 16:46:44.863,2302344319,280863,1,1.03857,0.12817,0.19019,7.733,-12.687,-8.55
2026-06-02 16:46:44.863,2302344319,280863,2,0.97339,0.13159,0.42554,11.145,-15.977,6.595
2026-06-02 16:46:44.063,2302343519,281063,1,1.01343,0.09424,0.16919,6.511,-7.824,-4.244
2026-06-02 16:46:44.063,2302343519,281063,2,0.98169,0.09033,0.3877,-10.229,-1.359,-2.832
2026-06-02 16:46:44.263,2302343719,281263,1,1.0293,0.10034,0.18555,4.832,2.122,3.817
2026-06-02 16:46:44.263,2302343719,281263,2,0.96777,0.09766,0.38696,-5.542,-0.061,-2.679
2026-06-02 16:46:44.463,2302343919,281463,1,1.01489,0.10986,0.18726,11.076,2.534,7.084
2026-06-02 16:46:44.463,2302343919,281463,2,0.96265,0.13062,0.36938,-0.87,0.87,5.092
2026-06-02 16:46:44.663,2302344119,281663,1,1.03857,0.12305,0.13965,-0.458,-1.725,-0.031
2026-06-02 16:46:44.663,2302344119,281663,2,0.99292,0.07349,0.34302,-12.71,4.931,4.115
2026-06-02 16:46:45.863,2302345319,281863,1,1.0415,-0.06128,0.11182,-5.748,22.412,-0.397
2026-06-02 16:46:45.863,2302345319,281863,2,0.9729,0.0625,0.39258,8.794,21.412,-3.718
2026-06-02 16:46:45.063,2302344519,282063,1,1.00562,0.02222,0.17822,19.534,33.206,7.824
2026-06-02 16:46:45.063,2302344519,282063,2,0.98877,0.05103,0.3689,32.595,31.695,-7.053
2026-06-02 16:46:45.263,2302344719,282263,1,1.12354,0.02344,0.19116,18.122,43.466,-3.992
2026-06-02 16:46:45.263,2302344719,282263,2,1.05591,0.15991,0.69214,120.412,87.947,-9.046
2026-06-02 16:46:45.463,2302344919,282463,1,0.59131,0.21606,0.5498,36.405,111.427,7.649
2026-06-02 16:46:45.463,2302344919,282463,2,0.69409,0.41748,0.74829,47.466,71.916,-32.115
2026-06-02 16:46:45.663,2302345119,282663,1,0.17554,0.45483,0.81323,69.45,57.214,25.649
2026-06-02 16:46:45.663,2302345119,282663,2,0.62476,0.56177,0.85669,63.214,22.588,-19.84
2026-06-02 16:46:46.863,2302346319,282863,1,0.3103,0.44458,0.65405,-6.901,-4.275,6.298
2026-06-02 16:46:46.863,2302346319,282863,2,0.68408,0.52686,0.85889,22.405,-4.489,8.267
2026-06-02 16:46:46.063,2302345519,283063,1,0.41309,0.43359,0.6311,0.267,-3.427,4.634
2026-06-02 16:46:46.063,2302345519,283063,2,0.72583,0.57349,0.8147,3.16,2.29,1.076
2026-06-02 16:46:46.263,2302345719,283263,1,0.41577,0.45728,0.63184,-9.427,0.374,-9.878
2026-06-02 16:46:46.263,2302345719,283263,2,0.73022,0.53076,0.83301,-19.672,-6.191,-1.695
2026-06-02 16:46:46.678,2302346134,283678,1,0.41895,0.41675,0.67505,-33.55,-26.107,-13.84
2026-06-02 16:46:46.678,2302346134,283678,2,0.73682,0.50171,0.80615,-50.298,-21.359,3.664
2026-06-02 16:46:47.899,2302347355,283899,1,0.45337,0.35986,0.65674,-54.603,-41.328,-23.115
2026-06-02 16:46:47.899,2302347355,283899,2,0.7146,0.48242,0.81006,-70.122,-35.374,5.931
2026-06-02 16:46:47.099,2302346555,284099,1,0.78979,0.01807,0.59741,-66.191,-54.802,-22.985
2026-06-02 16:46:47.099,2302346555,284099,2,0.89429,0.03101,0.80615,-25.71,-31.573,-7.29
2026-06-02 16:46:47.299,2302346755,284299,1,0.88647,0.05786,0.42163,-27.427,-34.527,-5.313
2026-06-02 16:46:47.299,2302346755,284299,2,1.00879,0.10278,0.59106,-53.053,-22.824,18.824
2026-06-02 16:46:47.499,2302346955,284499,1,0.92163,-0.12085,0.34448,-52.771,-25.092,-1.496
2026-06-02 16:46:47.499,2302346955,284499,2,0.99536,0.01245,0.61987,-25.863,-14.42,11.885
2026-06-02 16:46:47.699,2302347155,284699,1,0.92334,-0.18188,0.34399,-11.817,-5.656,16.939
2026-06-02 16:46:47.699,2302347155,284699,2,0.9375,-0.03247,0.61646,-3.237,-8.87,14.763
2026-06-02 16:46:48.899,2302348355,284899,1,0.94116,-0.1853,0.31177,0.405,-4.412,5.748
2026-06-02 16:46:48.899,2302348355,284899,2,0.98608,-0.01245,0.59888,-1.977,-5.58,0.405
2026-06-02 16:46:48.122,2302347578,285122,1,0.92944,-0.20752,0.31494,-7.58,1.947,-7.679
2026-06-02 16:46:48.122,2302347578,285122,2,0.97534,-0.03052,0.52417,8.702,-0.733,-6.061
2026-06-02 16:46:48.322,2302347778,285322,1,0.93262,-0.14404,0.32349,5.237,0.74,-8.366
2026-06-02 16:46:48.322,2302347778,285322,2,0.97021,-0.0166,0.57397,2.695,5.473,-9.427
2026-06-02 16:46:48.522,2302347978,285522,1,0.93457,-0.12817,0.33521,1.489,4.328,-11.71
2026-06-02 16:46:48.522,2302347978,285522,2,0.96362,0.00244,0.60913,-7.405,6.748,-10.573
2026-06-02 16:46:48.722,2302348178,285722,1,0.91748,-0.13696,0.36548,2.58,5.595,-8.267
2026-06-02 16:46:48.722,2302348178,285722,2,0.93921,-0.04028,0.62305,-7.084,-0.939,-7.534
2026-06-02 16:46:49.922,2302349378,285922,1,0.88965,-0.0481,0.36597,6.939,1.954,-1.427
2026-06-02 16:46:49.922,2302349378,285922,2,0.896,0.07617,0.6106,2.977,0.542,9.695
2026-06-02 16:46:49.122,2302348578,286122,1,0.88086,0.05664,0.38208,17.046,-1.565,6.779
2026-06-02 16:46:49.122,2302348578,286122,2,0.93457,0.18872,0.60474,24.061,2.962,10.305
2026-06-02 16:46:49.322,2302348778,286322,1,0.9397,0.04736,0.35913,7.435,-7.855,8.809
2026-06-02 16:46:49.322,2302348778,286322,2,0.94458,0.17358,0.62158,10.985,-4.58,-8.908
2026-06-02 16:46:49.522,2302348978,286522,1,0.92358,0.04492,0.34204,7.832,-0.664,0.321
2026-06-02 16:46:49.522,2302348978,286522,2,0.9353,0.12158,0.57056,3.015,-0.206,5.702
2026-06-02 16:46:49.722,2302349178,286722,1,0.95605,0.02026,0.31738,1.412,-12.985,-0.664
2026-06-02 16:46:49.722,2302349178,286722,2,0.96265,0.12891,0.57275,7.282,-2.328,3.107
2026-06-02 16:46:50.922,2302350378,286922,1,0.95752,0.02661,0.29858,5.0,-2.618,-0.847
2026-06-02 16:46:50.922,2302350378,286922,2,0.96606,0.13574,0.55029,1.756,1.282,-2.176
2026-06-02 16:46:50.122,2302349578,287122,1,0.95435,0.04639,0.29858,-1.885,0.855,-4.397
2026-06-02 16:46:50.122,2302349578,287122,2,0.94702,0.11816,0.56445,-8.336,-0.115,-3.038
2026-06-02 16:46:50.322,2302349778,287322,1,0.96704,0.04761,0.30347,-5.45,0.672,-4.427
2026-06-02 16:46:50.322,2302349778,287322,2,0.95313,0.14307,0.56519,4.534,3.649,1.389
2026-06-02 16:46:50.522,2302349978,287522,1,0.96094,0.04468,0.30615,-4.015,0.611,-4.145
2026-06-02 16:46:50.522,2302349978,287522,2,0.95752,0.13232,0.57153,-10.908,-0.084,-1.756
2026-06-02 16:46:50.722,2302350178,287722,1,0.96338,0.04736,0.30371,-4.679,0.725,-2.885
2026-06-02 16:46:50.722,2302350178,287722,2,0.95581,0.13599,0.57251,-2.763,0.832,1.137
2026-06-02 16:46:51.922,2302351378,287922,1,0.95776,0.05591,0.30908,-2.252,1.481,-0.695
2026-06-02 16:46:51.922,2302351378,287922,2,0.95874,0.13916,0.57813,-1.405,1.214,1.275
2026-06-02 16:46:51.122,2302350578,288122,1,0.95215,0.04492,0.31152,-2.954,1.221,0.084
2026-06-02 16:46:51.122,2302350578,288122,2,0.95215,0.13208,0.57202,-0.718,0.366,0.786
2026-06-02 16:46:51.322,2302350778,288322,1,0.94775,0.05396,0.30591,-1.992,-0.313,0.389
2026-06-02 16:46:51.322,2302350778,288322,2,0.95044,0.14233,0.58423,-3.427,0.275,-0.473
2026-06-02 16:46:51.522,2302350978,288522,1,0.95313,0.05054,0.3186,-0.565,-0.908,0.053
2026-06-02 16:46:51.522,2302350978,288522,2,0.94238,0.15161,0.58179,1.702,0.817,0.557
2026-06-02 16:46:51.722,2302351178,288722,1,0.96143,0.06396,0.29712,0.939,-0.061,-0.344
2026-06-02 16:46:51.722,2302351178,288722,2,0.94751,0.14111,0.57886,3.328,1.786,1.282
2026-06-02 16:46:52.922,2302352378,288922,1,0.95337,0.05591,0.30908,1.427,0.962,1.092
2026-06-02 16:46:52.922,2302352378,288922,2,0.94556,0.14771,0.57349,1.237,2.214,0.382
2026-06-02 16:46:52.122,2302351578,289122,1,0.95679,0.06494,0.31299,-0.076,1.824,0.496
2026-06-02 16:46:52.122,2302351578,289122,2,0.94458,0.16455,0.58423,3.221,0.84,2.206
2026-06-02 16:46:52.322,2302351778,289322,1,0.94214,0.06323,0.31421,-1.924,0.908,-0.29
2026-06-02 16:46:52.322,2302351778,289322,2,0.95142,0.16235,0.57104,0.855,1.992,0.771
2026-06-02 16:46:52.522,2302351978,289522,1,0.95093,0.06494,0.3208,1.061,0.511,1.153
2026-06-02 16:46:52.522,2302351978,289522,2,0.94824,0.16406,0.57813,2.519,1.748,1.565
2026-06-02 16:46:52.722,2302352178,289722,1,0.96313,0.07104,0.30859,1.397,1.496,3.023
2026-06-02 16:46:52.722,2302352178,289722,2,0.94263,0.15723,0.59229,1.328,2.252,1.771
2026-06-02 16:46:53.922,2302353378,289922,1,0.94141,0.05859,0.31616,0.542,2.87,2.42
2026-06-02 16:46:53.922,2302353378,289922,2,0.94214,0.15479,0.58423,0.435,2.573,2.023
2026-06-02 16:46:53.122,2302352578,290122,1,0.94629,0.05249,0.31641,-0.656,1.389,1.214
2026-06-02 16:46:53.122,2302352578,290122,2,0.94946,0.15552,0.57935,-0.13,1.061,1.885
2026-06-02 16:46:53.322,2302352778,290322,1,0.94409,0.04736,0.32202,-2.496,-0.008,0.855
2026-06-02 16:46:53.322,2302352778,290322,2,0.94702,0.15308,0.59326,-2.55,1.038,1.58
2026-06-02 16:46:53.522,2302352978,290522,1,0.94556,0.04297,0.32471,-2.718,-1.038,1.344
2026-06-02 16:46:53.522,2302352978,290522,2,0.948,0.1521,0.58667,-1.809,0.931,1.145
2026-06-02 16:46:53.722,2302353178,290722,1,0.94409,0.04395,0.3252,-2.176,-0.656,0.611
2026-06-02 16:46:53.722,2302353178,290722,2,0.94409,0.15381,0.59277,-3.603,1.198,0.321
2026-06-02 16:46:54.922,2302354378,290922,1,0.95483,0.04004,0.3147,1.053,0.893,1.542
2026-06-02 16:46:54.922,2302354378,290922,2,0.94629,0.15552,0.59644,5.84,0.115,1.519
2026-06-02 16:46:54.122,2302353578,291122,1,0.96338,0.06055,0.28979,8.076,2.588,1.748
2026-06-02 16:46:54.122,2302353578,291122,2,0.93408,0.1853,0.57227,16.779,9.588,2.817
2026-06-02 16:46:54.322,2302353778,291322,1,0.94067,0.10498,0.30176,6.26,6.557,4.0
2026-06-02 16:46:54.322,2302353778,291322,2,0.92505,0.22192,0.52246,-1.13,6.565,-3.656
2026-06-02 16:46:54.522,2302353978,291522,1,0.90674,0.13647,0.33032,-25.534,-4.962,-12.351
2026-06-02 16:46:54.522,2302353978,291522,2,0.93115,0.16333,0.58423,-11.725,-0.954,13.305
2026-06-02 16:46:54.722,2302354178,291722,1,0.93555,0.0127,0.29468,-10.847,-7.84,17.153
2026-06-02 16:46:54.722,2302354178,291722,2,0.92798,0.16187,0.62573,-15.802,-10.74,-5.344
2026-06-02 16:46:55.922,2302355378,291922,1,0.9707,-0.08765,0.30908,-24.794,-2.107,-9.092
2026-06-02 16:46:55.922,2302355378,291922,2,0.95313,0.11548,0.66064,-12.473,-0.863,-2.962
2026-06-02 16:46:55.122,2302354578,292122,1,0.93286,-0.07617,0.33643,-14.626,-0.076,-15.366
2026-06-02 16:46:55.122,2302354578,292122,2,0.948,0.06812,0.62793,-13.092,-1.595,1.679
2026-06-02 16:46:55.322,2302354778,292322,1,0.97876,-0.02661,0.30811,-12.397,-1.481,-20.817
2026-06-02 16:46:55.322,2302354778,292322,2,0.95215,0.06152,0.59521,-12.313,-6.412,8.42
2026-06-02 16:46:55.522,2302354978,292522,1,0.9812,0.05859,0.28589,-2.023,1.313,0.519
2026-06-02 16:46:55.522,2302354978,292522,2,0.95972,0.06665,0.58032,11.061,4.824,9.863
2026-06-02 16:46:55.722,2302355178,292722,1,1.01221,0.04907,0.24414,18.107,18.221,10.0
2026-06-02 16:46:55.722,2302355178,292722,2,0.96777,0.10181,0.60718,39.847,19.534,-7.427
2026-06-02 16:46:56.922,2302356378,292922,1,0.8584,0.15967,0.42432,48.092,30.771,19.969
2026-06-02 16:46:56.922,2302356378,292922,2,0.87378,0.25146,0.53076,44.015,13.191,-3.962
2026-06-02 16:46:56.122,2302355578,293122,1,0.81201,0.25903,0.43042,6.962,-10.924,2.221
2026-06-02 16:46:56.122,2302355578,293122,2,0.89526,0.27563,0.54004,-10.931,-12.595,7.695
2026-06-02 16:46:56.322,2302355778,293322,1,0.91846,0.1604,0.3396,-17.382,-20.771,-12.466
2026-06-02 16:46:56.322,2302355778,293322,2,0.92285,0.16162,0.55713,9.534,-15.313,14.954
2026-06-02 16:46:56.522,2302355978,293522,1,0.95386,0.11719,0.25439,9.336,-8.916,6.969
2026-06-02 16:46:56.522,2302355978,293522,2,0.9353,0.13599,0.55493,14.038,-3.313,-8.458
2026-06-02 16:46:56.722,2302356178,293722,1,0.91724,0.11963,0.27173,16.137,-2.237,6.733
2026-06-02 16:46:56.722,2302356178,293722,2,0.89233,0.16235,0.59448,-11.71,-4.229,-13.382
2026-06-02 16:46:57.922,2302357378,293922,1,1.04663,0.12256,0.27051,-2.229,1.954,-8.183
2026-06-02 16:46:57.922,2302357378,293922,2,1.021,0.11475,0.43433,-19.786,1.374,13.557
2026-06-02 16:46:57.122,2302356578,294122,1,0.95776,0.09448,0.23584,-35.389,-3.504,-8.786
2026-06-02 16:46:57.122,2302356578,294122,2,0.97217,0.104,0.47607,-33.832,-3.298,10.748
2026-06-02 16:46:57.322,2302356778,294322,1,0.97827,0.09326,0.23486,-26.947,-6.435,-7.008
2026-06-02 16:46:57.322,2302356778,294322,2,0.9707,0.07495,0.50781,-35.298,-2.252,11.282
2026-06-02 16:46:57.522,2302356978,294522,1,1.01685,0.03442,0.23584,-9.107,1.763,9.458
2026-06-02 16:46:57.522,2302356978,294522,2,0.9707,0.08008,0.50854,11.115,7.092,4.878
2026-06-02 16:46:57.762,2302357218,294761,1,0.98682,0.05273,0.26782,-1.985,6.58,5.221
2026-06-02 16:46:57.762,2302357218,294761,2,0.98315,0.08667,0.52344,-2.183,8.573,5.282
2026-06-02 16:46:58.961,2302358417,294961,1,0.95044,0.03735,0.28687,6.901,2.916,1.092
2026-06-02 16:46:58.961,2302358417,294961,2,0.9458,0.08301,0.53491,11.183,9.206,3.908
2026-06-02 16:46:58.161,2302357617,295161,1,0.96729,0.05615,0.29663,-22.382,0.427,-0.71
2026-06-02 16:46:58.161,2302357617,295161,2,0.92188,0.10571,0.53882,-11.29,5.427,2.824
2026-06-02 16:46:58.361,2302357817,295361,1,0.9021,0.01489,0.31421,-4.527,-1.038,-9.672
2026-06-02 16:46:58.361,2302357817,295361,2,0.9668,0.06543,0.58936,5.107,-0.718,3.336
2026-06-02 16:46:58.561,2302358017,295561,1,0.93726,0.04077,0.29907,-0.71,-1.168,-1.466
2026-06-02 16:46:58.561,2302358017,295561,2,0.96436,0.0603,0.56592,5.74,1.397,0.771
2026-06-02 16:46:58.761,2302358217,295761,1,0.92603,0.03857,0.31982,-12.26,-4.74,0.26
2026-06-02 16:46:58.761,2302358217,295761,2,0.93359,0.10303,0.54272,6.389,-9.351,11.863
2026-06-02 16:46:59.961,2302359417,295961,1,1.01978,-0.00879,0.21338,-31.153,7.832,-13.008
2026-06-02 16:46:59.961,2302359417,295961,2,0.96484,0.00854,0.48462,-26.786,2.374,-4.267
2026-06-02 16:46:59.161,2302358617,296161,1,0.94043,0.02246,0.3208,-23.015,12.313,-16.618
2026-06-02 16:46:59.161,2302358617,296161,2,0.94482,-0.0022,0.53345,2.878,8.351,7.565
2026-06-02 16:46:59.361,2302358817,296361,1,0.91309,0.02539,0.3623,-45.893,1.702,-18.718
2026-06-02 16:46:59.361,2302358817,296361,2,0.96729,0.01172,0.49634,-13.351,-2.42,11.664
2026-06-02 16:46:59.561,2302359017,296561,1,0.96094,0.0293,0.31543,-64.405,4.229,-39.321
2026-06-02 16:46:59.561,2302359017,296561,2,0.96436,-0.05493,0.51025,-12.74,0.214,10.069
2026-06-02 16:46:59.761,2302359217,296761,1,0.89868,0.03027,0.38037,12.817,21.29,-6.87
2026-06-02 16:46:59.761,2302359217,296761,2,0.96411,-0.0498,0.54639,33.153,4.519,7.893
2026-06-02 16:47:00.961,2302360417,296961,1,0.79272,0.20581,0.54688,5.282,8.863,-11.053
2026-06-02 16:47:00.961,2302360417,296961,2,0.93848,-0.00171,0.49243,14.672,-4.427,-0.084
2026-06-02 16:47:00.161,2302359617,297161,1,0.79565,0.20215,0.50513,5.198,-14.771,-10.183
2026-06-02 16:47:00.161,2302359617,297161,2,1.0166,-0.09619,0.52319,21.954,-9.557,33.931
2026-06-02 16:47:00.361,2302359817,297361,1,0.8479,0.20337,0.48633,-13.0,-3.305,4.466
2026-06-02 16:47:00.361,2302359817,297361,2,0.90283,-0.0769,0.63623,43.206,9.511,35.29
2026-06-02 16:47:00.561,2302360017,297561,1,0.81494,0.11694,0.50317,-29.183,-8.137,-2.603
2026-06-02 16:47:00.561,2302360017,297561,2,0.85498,-0.35425,0.64526,-58.344,12.237,-29.466
2026-06-02 16:47:00.761,2302360217,297761,1,0.84277,0.09106,0.45483,-4.45,-3.366,6.076
2026-06-02 16:47:00.761,2302360217,297761,2,0.85718,-0.35254,0.68872,-7.763,3.275,4.534
2026-06-02 16:47:01.961,2302361417,297961,1,0.86548,0.07129,0.44141,-11.153,-4.45,1.397
2026-06-02 16:47:01.961,2302361417,297961,2,0.84814,-0.3689,0.67749,-16.29,3.718,-6.565
2026-06-02 16:47:01.161,2302360617,298161,1,0.90063,0.05249,0.4126,-4.275,-6.061,6.489
2026-06-02 16:47:01.161,2302360617,298161,2,0.87109,-0.35718,0.6626,-7.229,0.649,-6.267
2026-06-02 16:47:01.361,2302360817,298361,1,0.89355,0.02319,0.40381,-1.008,-0.55,8.076
2026-06-02 16:47:01.361,2302360817,298361,2,0.87476,-0.33154,0.6521,4.092,-0.328,3.55
2026-06-02 16:47:01.561,2302361017,298561,1,0.91846,-0.01196,0.39893,5.885,-4.366,5.443
2026-06-02 16:47:01.561,2302361017,298561,2,0.87549,-0.33423,0.65869,0.313,-0.656,1.756
2026-06-02 16:47:01.761,2302361217,298761,1,0.90283,0.00977,0.40137,-0.282,-2.13,3.107
2026-06-02 16:47:01.761,2302361217,298761,2,0.86255,-0.31885,0.66675,-6.038,2.366,-5.229
2026-06-02 16:47:02.961,2302362417,298961,1,0.90576,-0.01538,0.40552,-2.267,-2.092,3.939
2026-06-02 16:47:02.961,2302362417,298961,2,0.88379,-0.32007,0.66528,-0.916,2.122,1.71
2026-06-02 16:47:02.161,2302361617,299161,1,0.90625,-0.02173,0.38843,1.137,2.427,5.244
2026-06-02 16:47:02.161,2302361617,299161,2,0.87915,-0.31885,0.66992,1.046,1.809,1.802
2026-06-02 16:47:02.361,2302361817,299361,1,0.90894,-0.01636,0.39258,2.267,-2.802,3.855
2026-06-02 16:47:02.361,2302361817,299361,2,0.89429,-0.29541,0.66455,-7.885,3.038,-7.504
2026-06-02 16:47:02.561,2302362017,299561,1,0.9375,-0.02026,0.36963,8.176,-2.145,6.069
2026-06-02 16:47:02.561,2302362017,299561,2,0.81055,-0.15283,0.6853,-24.519,9.366,-66.824
2026-06-02 16:47:02.761,2302362217,299761,1,0.91772,-0.04956,0.36206,8.313,-3.267,12.038
2026-06-02 16:47:02.761,2302362217,299761,2,0.93433,-0.18286,0.67212,-29.756,4.489,-40.931
2026-06-02 16:47:03.961,2302363417,299961,1,0.91699,-0.09595,0.34521,-0.389,0.42,8.573
2026-06-02 16:47:03.961,2302363417,299961,2,0.96094,-0.1665,0.66724,44.313,14.031,10.053
2026-06-02 16:47:03.161,2302362617,300161,1,0.95313,-0.07861,0.34277,-2.359,1.634,-1.046
2026-06-02 16:47:03.161,2302362617,300161,2,0.90991,-0.04126,0.50244,-30.924,-22.939,-37.847
2026-06-02 16:47:03.361,2302362817,300361,1,0.93652,-0.11304,0.36987,19.366,4.015,9.191
2026-06-02 16:47:03.361,2302362817,300361,2,0.95532,-0.09692,0.62646,-24.13,-6.061,-11.229
2026-06-02 16:47:03.561,2302363017,300561,1,0.89771,-0.03174,0.38159,9.107,-12.137,5.031
2026-06-02 16:47:03.561,2302363017,300561,2,0.91699,0.02051,0.70386,13.802,6.45,-6.588
2026-06-02 16:47:03.761,2302363217,300761,1,0.92261,-0.03345,0.3606,16.076,3.985,27.359
2026-06-02 16:47:03.761,2302363217,300761,2,0.93823,0.10815,0.71045,20.336,7.595,-15.458
2026-06-02 16:47:04.961,2302364417,300961,1,0.87378,-0.0437,0.46045,7.366,8.985,4.84
2026-06-02 16:47:04.961,2302364417,300961,2,0.90259,0.16772,0.68213,-11.015,2.42,-13.779
2026-06-02 16:47:04.161,2302363617,301161,1,0.85645,-0.04248,0.42798,10.504,-4.748,-8.076
2026-06-02 16:47:04.161,2302363617,301161,2,0.97046,0.1814,0.73535,-2.763,6.916,6.16
2026-06-02 16:47:04.361,2302363817,301361,1,0.85791,0.05029,0.35376,5.573,-23.214,-6.282
2026-06-02 16:47:04.361,2302363817,301361,2,0.98218,0.08179,0.75659,-37.305,-3.145,-6.0
2026-06-02 16:47:04.561,2302364017,301561,1,0.94214,0.01807,0.396,-4.641,2.817,-2.855
2026-06-02 16:47:04.561,2302364017,301561,2,0.87671,-0.12524,0.79492,-5.466,5.076,-8.176
2026-06-02 16:47:04.761,2302364217,301761,1,0.91748,0.03442,0.37305,3.069,3.725,-4.069
2026-06-02 16:47:04.761,2302364217,301761,2,0.92358,0.11475,0.698,8.298,4.053,-0.046
2026-06-02 16:47:05.961,2302365417,301961,1,0.90967,0.0354,0.42505,-3.176,-4.031,-5.435
2026-06-02 16:47:05.961,2302365417,301961,2,0.87207,0.09326,0.65991,3.809,2.481,1.015
2026-06-02 16:47:05.161,2302364617,302161,1,0.90186,0.01563,0.38354,-14.435,4.015,0.733
2026-06-02 16:47:05.161,2302364617,302161,2,0.9187,0.08423,0.73364,-4.885,-6.763,-3.458
2026-06-02 16:47:05.361,2302364817,302361,1,0.88208,0.0603,0.3999,-20.55,7.305,-3.496
2026-06-02 16:47:05.361,2302364817,302361,2,0.90308,0.13965,0.677,-3.817,-1.519,3.885
2026-06-02 16:47:05.561,2302365017,302561,1,0.84204,-0.0083,0.45459,-9.29,-3.863,-8.359
2026-06-02 16:47:05.561,2302365017,302561,2,0.92017,0.12744,0.65698,-2.305,10.229,-3.122
2026-06-02 16:47:05.761,2302365217,302761,1,0.91187,0.02734,0.35254,13.244,0.252,2.718
2026-06-02 16:47:05.761,2302365217,302761,2,0.93188,0.10034,0.6709,-12.855,4.145,1.076
2026-06-02 16:47:06.961,2302366417,302961,1,0.84277,-0.00659,0.41382,2.275,6.496,2.992
2026-06-02 16:47:06.961,2302366417,302961,2,0.92847,0.09106,0.75024,-17.458,0.542,0.366
2026-06-02 16:47:06.161,2302365617,303161,1,0.87671,-0.02051,0.43652,-3.679,4.901,1.153
2026-06-02 16:47:06.161,2302365617,303161,2,0.92749,0.08618,0.69995,8.237,5.847,3.183
2026-06-02 16:47:06.361,2302365817,303361,1,0.90186,-0.00464,0.41919,2.702,0.947,1.214
2026-06-02 16:47:06.361,2302365817,303361,2,0.95972,0.10205,0.70776,11.412,-1.679,4.351
2026-06-02 16:47:06.561,2302366017,303561,1,0.90112,0.03491,0.40942,4.389,-2.389,-0.252
2026-06-02 16:47:06.561,2302366017,303561,2,0.93408,0.07666,0.71558,-16.71,-2.076,3.763
2026-06-02 16:47:06.761,2302366217,303761,1,0.90649,0.021,0.39551,0.679,-0.412,-1.168
2026-06-02 16:47:06.761,2302366217,303761,2,0.92676,0.07666,0.67993,-2.389,3.649,0.634
2026-06-02 16:47:07.961,2302367417,303961,1,0.93018,0.02734,0.40015,-0.374,-0.733,0.908
2026-06-02 16:47:07.961,2302367417,303961,2,0.92212,0.08691,0.71436,10.389,1.71,1.695
2026-06-02 16:47:07.161,2302366617,304161,1,0.9043,0.0376,0.39258,-3.389,-2.092,-0.053
2026-06-02 16:47:07.161,2302366617,304161,2,0.92578,0.09766,0.69482,-0.023,1.573,1.397
2026-06-02 16:47:07.361,2302366817,304361,1,0.9209,0.06372,0.34009,-13.351,3.313,-0.244
2026-06-02 16:47:07.361,2302366817,304361,2,0.9812,0.09277,0.67847,-4.611,3.092,2.656
2026-06-02 16:47:07.561,2302367017,304561,1,0.89795,0.01147,0.41675,-6.763,6.534,-0.328
2026-06-02 16:47:07.561,2302367017,304561,2,0.92212,0.10474,0.69775,-2.107,10.74,-4.969
2026-06-02 16:47:07.761,2302367217,304761,1,0.88501,0.02905,0.42749,-3.344,1.496,-0.916
2026-06-02 16:47:07.761,2302367217,304761,2,0.95605,0.09326,0.72852,6.733,-2.145,0.626
2026-06-02 16:47:08.961,2302368417,304961,1,0.89478,0.0083,0.41455,1.649,-4.481,2.0
2026-06-02 16:47:08.961,2302368417,304961,2,0.93018,0.09961,0.72046,-12.786,-2.916,3.252
2026-06-02 16:47:08.161,2302367617,305161,1,1.03516,0.0332,0.4187,1.992,-1.008,3.779
2026-06-02 16:47:08.161,2302367617,305161,2,0.95483,0.00659,0.62134,35.603,,8.672
2026-06-02 16:47:08.361,2302367817,305361,1,0.99731,0.06494,0.33887,-4.397,2.511,6.687
2026-06-02 16:47:08.361,2302367817,305361,2,0.90576,0.05078,0.67896,-18.588,9.656,-3.45
2026-06-02 16:47:08.592,2302368048,305592,1,1.00171,0.052,0.36548,1.969,-3.023,5.145
2026-06-02 16:47:08.592,2302368048,305592,2,0.98999,0.10449,0.71094,5.275,6.29,-4.076
2026-06-02 16:47:09.792,2302369248,305792,1,1.00366,0.07275,0.38306,10.252,0.847,4.702
2026-06-02 16:47:09.792,2302369248,305792,2,0.90649,0.07202,0.75269,3.183,-10.328,3.443
2026-06-02 16:47:09.992,2302369448,305992,1,0.90186,-0.00854,0.37207,-3.29,-1.046,-1.412
2026-06-02 16:47:09.992,2302369448,305992,2,0.87231,0.0647,0.80103,-6.153,-17.802,5.351
2026-06-02 16:47:09.192,2302368648,306192,1,0.91406,0.00781,0.38916,0.061,-2.824,-2.794
2026-06-02 16:47:09.192,2302368648,306192,2,0.92993,0.10254,0.71021,15.191,1.634,3.031
2026-06-02 16:47:09.392,2302368848,306392,1,0.8645,-0.00049,0.40283,1.855,-0.099,-1.977
2026-06-02 16:47:09.392,2302368848,306392,2,0.9082,0.06982,0.77222,-17.26,-0.267,0.893
2026-06-02 16:47:09.592,2302369048,306592,1,0.92188,0.01685,0.38232,0.809,-2.511,1.183
2026-06-02 16:47:09.592,2302369048,306592,2,0.9187,0.07251,0.73047,-3.916,-2.305,1.244
2026-06-02 16:47:10.792,2302370248,306792,1,0.91479,0.01245,0.35498,-0.756,0.84,-1.214
2026-06-02 16:47:10.792,2302370248,306792,2,0.88232,0.07275,0.81567,-5.878,-2.74,1.519
2026-06-02 16:47:10.992,2302370448,306992,1,0.88159,-0.01074,0.43018,-2.397,-0.137,-6.015
2026-06-02 16:47:10.992,2302370448,306992,2,0.91162,0.09912,0.72144,5.847,4.282,-1.71
2026-06-02 16:47:10.192,2302369648,307192,1,0.86914,0.02539,0.3938,2.947,-0.924,-6.733
2026-06-02 16:47:10.192,2302369648,307192,2,0.93091,0.09326,0.70337,-11.664,2.786,-3.855
2026-06-02 16:47:10.392,2302369848,307392,1,0.87939,0.04614,0.4126,-6.229,-4.366,-5.542
2026-06-02 16:47:10.392,2302369848,307392,2,0.93481,0.0979,0.73682,-9.481,-3.397,2.763
2026-06-02 16:47:10.592,2302370048,307592,1,0.8728,0.03931,0.36768,-7.031,-5.992,-1.206
2026-06-02 16:47:10.592,2302370048,307592,2,0.93408,0.09839,0.72827,-9.802,5.382,-0.489
2026-06-02 16:47:11.792,2302371248,307792,1,0.90503,0.03613,0.36938,0.107,-1.763,2.015
2026-06-02 16:47:11.792,2302371248,307792,2,0.93066,0.10669,0.69873,-6.198,-0.634,0.725
2026-06-02 16:47:11.992,2302371448,307992,1,0.90698,0.05664,0.36108,2.344,-1.061,3.863
2026-06-02 16:47:11.992,2302371448,307992,2,0.93164,0.09912,0.66626,3.534,3.275,-0.176
2026-06-02 16:47:11.192,2302370648,308192,1,0.9458,0.03589,0.32349,3.45,0.397,5.756
2026-06-02 16:47:11.192,2302370648,308192,2,0.93506,0.10156,0.67163,4.931,-0.122,3.168
2026-06-02 16:47:11.392,2302370848,308392,1,0.93774,0.04785,0.34009,0.267,3.015,2.641
2026-06-02 16:47:11.392,2302370848,308392,2,0.93774,0.09399,0.67114,-1.977,2.137,1.412
2026-06-02 16:47:11.592,2302371048,308592,1,0.92041,0.0437,0.3562,-0.786,5.603,-1.336
2026-06-02 16:47:11.592,2302371048,308592,2,0.93164,0.09204,0.68286,2.321,3.992,2.756
2026-06-02 16:47:12.792,2302372248,308792,1,0.91016,0.04395,0.36597,-16.45,2.26,-0.336
2026-06-02 16:47:12.792,2302372248,308792,2,0.93335,0.11328,0.68823,5.557,6.725,-0.71
2026-06-02 16:47:12.992,2302372448,308992,1,0.90259,0.02612,0.4043,-3.008,0.969,-2.023
2026-06-02 16:47:12.992,2302372448,308992,2,0.91235,0.09741,0.71826,-3.107,1.603,0.122
2026-06-02 16:47:12.192,2302371648,309192,1,0.90723,0.02856,0.3877,-0.962,-1.939,-0.687
2026-06-02 16:47:12.192,2302371648,309192,2,0.91528,0.09204,0.71533,2.046,-0.794,3.344
2026-06-02 16:47:12.392,2302371848,309392,1,0.92017,0.03296,0.36743,6.061,-6.969,3.992
2026-06-02 16:47:12.392,2302371848,309392,2,0.92651,0.08643,0.67603,6.969,-4.061,4.595
2026-06-02 16:47:12.592,2302372048,309592,1,0.95142,0.04712,0.34058,3.031,-4.649,3.595
2026-06-02 16:47:12.592,2302372048,309592,2,0.92627,0.09814,0.68872,-1.878,0.87,0.534
2026-06-02 16:47:13.792,2302373248,309792,1,0.93188,0.04614,0.33447,-2.603,1.481,0.374
2026-06-02 16:47:13.792,2302373248,309792,2,0.90796,0.10352,0.6709,-2.992,-2.473,
2026-06-02 16:47:13.992,2302373448,309992,1,0.97363,0.05469,0.31641,-9.038,-5.947,-5.527
2026-06-02 16:47:13.992,2302373448,309992,2,0.93652,0.08228,0.68433,6.344,-2.076,-1.305
2026-06-02 16:47:13.192,2302372648,310192,1,0.94092,0.04565,0.33374,-8.901,2.84,-0.542
2026-06-02 16:47:13.192,2302372648,310192,2,0.93799,0.11157,0.66357,-9.802,1.885,1.649
2026-06-02 16:47:13.392,2302372848,310392,1,0.91284,0.02612,0.35059,-13.893,0.725,-3.237
2026-06-02 16:47:13.392,2302372848,310392,2,0.93677,0.02539,0.68701,-12.573,2.061,0.374
2026-06-02 16:47:13.592,2302373048,310592,1,1.00952,0.06763,0.24658,-23.076,-0.588,-6.855
2026-06-02 16:47:13.592,2302373048,310592,2,0.98438,0.10327,0.60596,-16.969,-2.87,-6.046
2026-06-02 16:47:14.792,2302374248,310792,1,0.92114,-0.00562,0.32422,7.794,20.55,12.534
2026-06-02 16:47:14.792,2302374248,310792,2,0.9397,0.11255,0.63135,-7.71,16.725,2.137
2026-06-02 16:47:14.992,2302374448,310992,1,0.95483,0.02808,0.28687,5.817,43.458,9.221
2026-06-02 16:47:14.992,2302374448,310992,2,0.95728,0.14014,0.66846,-4.649,45.969,-0.374
2026-06-02 16:47:14.192,2302373648,311192,1,0.62573,-0.16528,0.25293,-23.504,141.55,27.695
2026-06-02 16:47:14.192,2302373648,311192,2,0.90454,0.14966,0.88696,73.16,127.565,-19.351
2026-06-02 16:47:14.392,2302373848,311392,1,-0.19702,-0.35938,0.48389,-21.008,147.481,8.176
2026-06-02 16:47:14.392,2302373848,311392,2,0.31787,0.21899,1.27856,-10.733,84.191,2.672
2026-06-02 16:47:14.592,2302374048,311592,1,-0.53442,-0.39307,0.93188,-4.466,57.321,-4.16
2026-06-02 16:47:14.592,2302374048,311592,2,0.12573,0.11841,1.52588,-10.969,39.122,8.206
2026-06-02 16:47:15.792,2302375248,311792,1,-0.48145,-0.32935,0.76465,-10.26,-1.84,11.534
2026-06-02 16:47:15.792,2302375248,311792,2,0.16309,0.10034,1.44922,5.168,4.13,2.519
2026-06-02 16:47:15.992,2302375448,311992,1,-0.36597,-0.29956,0.69849,-2.847,2.565,1.534
2026-06-02 16:47:15.992,2302375448,311992,2,0.12744,0.12012,1.36377,5.008,-1.962,4.191
2026-06-02 16:47:15.192,2302374648,312192,1,-0.42896,-0.26929,0.69971,5.809,-5.702,-0.603
2026-06-02 16:47:15.192,2302374648,312192,2,0.15723,0.1106,1.4353,-1.878,-16.031,0.748
2026-06-02 16:47:15.392,2302374848,312392,1,-0.49463,-0.34839,0.94873,18.214,-28.466,-0.42
2026-06-02 16:47:15.392,2302374848,312392,2,0.22168,0.12012,1.42896,0.344,-42.305,4.496
2026-06-02 16:47:15.592,2302375048,312592,1,-0.24634,-0.24756,0.86792,38.275,-87.321,-7.626
2026-06-02 16:47:15.592,2302375048,312592,2,0.4939,0.09521,1.22705,0.573,-88.817,8.008
2026-06-02 16:47:16.792,2302376248,312792,1,0.19189,-0.04785,0.67065,29.16,-105.939,10.053
2026-06-02 16:47:16.792,2302376248,312792,2,0.62744,0.125,0.98682,26.183,-90.084,1.588
2026-06-02 16:47:16.992,2302376448,312992,1,0.58301,-0.03491,0.62305,55.534,-98.26,8.359
2026-06-02 16:47:16.992,2302376448,312992,2,0.83984,0.10303,0.83887,16.908,-53.55,-0.573
2026-06-02 16:47:16.192,2302375648,313192,1,0.79492,0.16235,0.38721,39.176,-56.565,18.855
2026-06-02 16:47:16.192,2302375648,313192,2,0.84302,0.17017,0.76489,23.412,-41.069,22.412
2026-06-02 16:47:16.392,2302375848,313392,1,1.00732,0.1001,0.28174,13.298,-7.641,15.305
2026-06-02 16:47:16.392,2302375848,313392,2,0.98657,0.08008,0.71143,18.275,16.847,15.412
2026-06-02 16:47:16.592,2302376048,313592,1,0.92236,0.01001,0.29492,-7.893,57.237,0.511
2026-06-02 16:47:16.592,2302376048,313592,2,0.95166,0.06836,0.83472,-7.466,49.878,-17.176
2026-06-02 16:47:17.792,2302377248,313792,1,0.46069,-0.07397,0.38013,-36.038,135.863,10.359
2026-06-02 16:47:17.792,2302377248,313792,2,0.61816,0.01611,0.62476,-16.29,119.229,-39.099
2026-06-02 16:47:17.992,2302377448,313992,1,-0.13232,-0.21973,0.87207,-15.053,146.229,6.252
2026-06-02 16:47:17.992,2302377448,313992,2,0.40747,0.16284,1.26758,-37.58,84.16,-18.137
2026-06-02 16:47:17.192,2302376648,314192,1,-0.48315,-0.21045,0.95313,-6.573,73.145,7.878
2026-06-02 16:47:17.192,2302376648,314192,2,0.23242,0.15894,1.42944,0.649,40.053,-7.878
2026-06-02 16:47:17.392,2302376848,314392,1,-0.53857,-0.24536,0.70825,-6.557,23.328,6.397
2026-06-02 16:47:17.392,2302376848,314392,2,0.12183,0.2041,1.41016,-1.069,11.084,2.794
2026-06-02 16:47:17.592,2302377048,314592,1,-0.50952,-0.23096,0.6543,-1.084,9.473,0.565
2026-06-02 16:47:17.592,2302377048,314592,2,0.0957,0.20776,1.36328,0.115,10.687,0.718
2026-06-02 16:47:18.792,2302378248,314792,1,-0.62183,-0.2854,0.64453,-8.473,-26.229,-9.473
2026-06-02 16:47:18.792,2302378248,314792,2,-0.05029,0.15503,1.30762,-8.847,-27.137,5.672
2026-06-02 16:47:18.992,2302378448,314992,1,-0.52734,-0.32227,0.96313,21.397,-66.244,-12.74
2026-06-02 16:47:18.992,2302378448,314992,2,0.48901,0.14722,1.63965,-8.168,-55.824,4.901
2026-06-02 16:47:18.192,2302377648,315192,1,-0.18628,-0.22217,0.91113,23.42,-82.229,-7.55
2026-06-02 16:47:18.192,2302377648,315192,2,0.51733,0.06006,1.22607,-6.977,-72.13,0.183
2026-06-02 16:47:18.392,2302377848,315392,1,0.19897,-0.09155,0.70313,8.313,-116.641,-2.435
2026-06-02 16:47:18.392,2302377848,315392,2,0.63745,0.08667,0.90869,10.931,-75.298,14.603
2026-06-02 16:47:18.592,2302378048,315592,1,0.5498,-0.04932,0.4751,10.519,-103.458,-12.305
2026-06-02 16:47:18.592,2302378048,315592,2,0.8291,0.04565,0.85303,-12.969,-54.351,17.42
2026-06-02 16:47:19.792,2302379248,315792,1,0.72827,-0.06592,0.3645,-13.191,-61.435,-18.969
2026-06-02 16:47:19.792,2302379248,315792,2,0.91504,0.02173,0.75,-7.267,-30.649,4.977
2026-06-02 16:47:19.992,2302379448,315992,1,0.99658,-0.0127,0.29639,-40.779,-21.947,-19.046
2026-06-02 16:47:19.992,2302379448,315992,2,0.95532,0.01929,0.72925,4.382,-7.496,4.13
2026-06-02 16:47:19.192,2302378648,316192,1,1.05957,-0.02368,0.23901,53.076,9.863,22.099
2026-06-02 16:47:19.192,2302378648,316192,2,1.00391,0.0144,0.76563,39.519,15.511,1.282
2026-06-02 16:47:19.392,2302378848,316392,1,0.90674,0.06641,0.26953,-15.771,83.557,22.061
2026-06-02 16:47:19.392,2302378848,316392,2,1.01904,-0.12402,0.6748,45.763,46.389,1.893
2026-06-02 16:47:19.592,2302379048,316592,1,0.36157,-0.03223,0.25488,-25.359,186.878,40.496
2026-06-02 16:47:19.592,2302379048,316592,2,0.74414,0.10132,0.70142,-27.626,155.198,-38.504
2026-06-02 16:47:20.792,2302380248,316792,1,-0.27002,-0.40137,0.77246,-39.443,118.145,13.702
2026-06-02 16:47:20.792,2302380248,316792,2,0.24951,0.15332,1.24585,-20.641,60.809,-15.198
2026-06-02 16:47:20.992,2302380448,316992,1,-0.46753,-0.38403,0.83691,-12.191,17.382,-12.053
2026-06-02 16:47:20.992,2302380448,316992,2,0.23755,0.11084,1.50415,-8.603,8.557,-5.008
2026-06-02 16:47:20.192,2302379648,317192,1,-0.3999,-0.43384,0.89038,12.176,-9.015,-8.496
2026-06-02 16:47:20.192,2302379648,317192,2,0.36743,0.16748,1.71704,-6.595,-28.359,6.214
2026-06-02 16:47:20.392,2302379848,317392,1,-0.35425,-0.36572,1.073,20.45,-6.489,-9.817
2026-06-02 16:47:20.392,2302379848,317392,2,0.31763,0.13037,1.56616,10.893,-7.359,2.412
2026-06-02 16:47:20.592,2302380048,317592,1,-0.34424,-0.34229,0.83496,16.588,-50.985,-7.221
2026-06-02 16:47:20.592,2302380048,317592,2,0.33643,0.09741,1.20825,9.664,-69.008,5.855
2026-06-02 16:47:21.792,2302381248,317792,1,0.03687,-0.13794,0.63184,29.351,-133.153,-18.115
2026-06-02 16:47:21.792,2302381248,317792,2,0.57227,0.10376,0.9646,1.748,-125.794,14.038
2026-06-02 16:47:21.992,2302381448,317992,1,0.53174,0.00464,0.37061,3.557,-129.779,-26.389
2026-06-02 16:47:21.992,2302381448,317992,2,0.79858,0.06323,0.86694,1.229,-59.679,13.015
2026-06-02 16:47:21.192,2302380648,318192,1,0.92456,0.08594,0.25977,22.168,-64.198,5.183
2026-06-02 16:47:21.192,2302380648,318192,2,1.01563,0.01099,0.7063,-11.832,-30.084,17.656
2026-06-02 16:47:21.392,2302380848,318392,1,1.03931,0.03564,0.22729,5.794,2.87,11.176
2026-06-02 16:47:21.392,2302380848,318392,2,0.95386,0.04736,0.6355,16.229,13.42,8.168
2026-06-02 16:47:21.592,2302381048,318592,1,0.91772,0.0415,0.33838,-4.931,37.237,12.603
2026-06-02 16:47:21.592,2302381048,318592,2,0.94678,0.00317,0.7981,5.137,42.687,-4.092
2026-06-02 16:47:22.792,2302382248,318792,1,0.59961,-0.05591,0.31299,-18.817,115.351,28.031
2026-06-02 16:47:22.792,2302382248,318792,2,0.65356,-0.03247,0.50024,37.634,110.359,-23.115
2026-06-02 16:47:22.061,2302381517,319061,1,-0.05298,-0.24634,0.65259,-33.023,116.42,23.145
2026-06-02 16:47:22.061,2302381517,319061,2,0.41699,0.12915,1.18286,-21.351,56.527,-14.824
2026-06-02 16:47:22.261,2302381717,319261,1,-0.302,-0.3855,0.8728,-6.053,35.679,-3.137
2026-06-02 16:47:22.261,2302381717,319261,2,0.43286,0.21265,1.38184,11.626,13.023,-2.641
2026-06-02 16:47:22.461,2302381917,319461,1,-0.23804,-0.31299,0.88867,10.122,-1.244,-4.115
2026-06-02 16:47:22.461,2302381917,319461,2,0.4502,0.15576,1.43701,-8.779,-5.954,-1.832
2026-06-02 16:47:22.661,2302382117,319661,1,-0.12402,-0.28491,0.87549,3.489,9.13,-2.214
2026-06-02 16:47:22.661,2302382117,319661,2,0.4519,0.13525,1.48193,0.87,15.603,1.153
2026-06-02 16:47:23.861,2302383317,319861,1,-0.48535,-0.3606,1.10181,8.069,-9.511,3.878
2026-06-02 16:47:23.861,2302383317,319861,2,0.34741,0.17139,1.61816,-2.771,-4.58,8.519
2026-06-02 16:47:23.061,2302382517,320061,1,-0.20483,-0.19531,0.93262,31.237,-57.237,10.42
2026-06-02 16:47:23.061,2302382517,320061,2,0.39502,0.15747,1.27173,12.244,-50.87,6.29
2026-06-02 16:47:23.261,2302382717,320261,1,0.03149,-0.10645,0.64502,11.626,-98.962,-10.786
2026-06-02 16:47:23.261,2302382717,320261,2,0.44458,0.13062,0.94458,-20.481,-74.183,6.244
2026-06-02 16:47:23.461,2302382917,320461,1,0.3833,-0.08154,0.54883,8.153,-102.435,-20.664
2026-06-02 16:47:23.461,2302382917,320461,2,0.70435,0.06592,0.90454,-1.069,-57.16,5.71
2026-06-02 16:47:23.661,2302383117,320661,1,0.61963,-0.0061,0.45581,11.679,-94.702,-17.534
2026-06-02 16:47:23.661,2302383117,320661,2,0.91577,0.05103,0.74146,5.198,-79.069,25.305
2026-06-02 16:47:24.861,2302384317,320861,1,1.05029,0.0332,0.21289,1.511,-31.901,1.053
2026-06-02 16:47:24.861,2302384317,320861,2,0.96313,-0.02222,0.74927,1.176,-17.84,10.275
2026-06-02 16:47:24.061,2302383517,321061,1,1.08105,0.03369,0.19019,-5.992,11.618,-2.45
2026-06-02 16:47:24.061,2302383517,321061,2,0.97217,-0.05786,0.58813,10.908,13.519,2.038
2026-06-02 16:47:24.261,2302383717,321261,1,0.95728,0.03955,0.29126,13.519,28.863,8.71
2026-06-02 16:47:24.261,2302383717,321261,2,0.9436,0.0271,0.72974,13.473,28.672,-2.511
2026-06-02 16:47:24.461,2302383917,321461,1,0.92407,0.02368,0.29517,-10.817,79.053,5.847
2026-06-02 16:47:24.461,2302383917,321461,2,1.04199,0.01416,0.69849,21.779,36.527,-15.977
2026-06-02 16:47:24.661,2302384117,321661,1,0.43115,-0.02417,0.2395,-35.962,183.496,23.534
2026-06-02 16:47:24.661,2302384117,321661,2,0.65405,0.11499,0.75854,18.954,161.71,-43.168
2026-06-02 16:47:25.861,2302385317,321861,1,-0.33936,-0.13232,0.62305,-19.71,125.542,-4.359
2026-06-02 16:47:25.861,2302385317,321861,2,0.24438,0.13745,1.24023,-25.924,59.427,-20.901
2026-06-02 16:47:25.061,2302384517,322061,1,-0.48047,-0.26587,1.01196,-14.695,20.42,-7.649
2026-06-02 16:47:25.061,2302384517,322061,2,0.21387,0.17969,1.52393,-8.855,-3.534,7.076
2026-06-02 16:47:25.261,2302384717,322261,1,-0.45361,-0.25684,1.06494,-1.511,-4.595,-2.275
2026-06-02 16:47:25.261,2302384717,322261,2,0.45605,0.0105,1.76196,-21.321,-10.435,1.435
2026-06-02 16:47:25.461,2302384917,322461,1,-0.4375,-0.25903,1.02197,10.763,23.908,-4.855
2026-06-02 16:47:25.461,2302384917,322461,2,0.24243,0.04639,1.5271,15.13,13.359,-5.534
2026-06-02 16:47:25.661,2302385117,322661,1,-0.49219,-0.19897,0.83228,22.565,-35.282,6.244
2026-06-02 16:47:25.661,2302385117,322661,2,0.2207,0.16846,1.25537,10.725,-45.504,6.221
2026-06-02 16:47:26.861,2302386317,322861,1,-0.21191,-0.05786,0.68945,47.992,-110.443,13.595
2026-06-02 16:47:26.861,2302386317,322861,2,0.53369,0.12793,1.06372,7.031,-115.672,30.695
2026-06-02 16:47:26.061,2302385517,323061,1,0.26709,-0.15137,0.44116,-76.374,-157.947,-20.695
2026-06-02 16:47:26.061,2302385517,323061,2,0.85718,0.07642,0.85303,-24.374,-86.519,5.16
2026-06-02 16:47:26.261,2302385717,323261,1,0.8064,0.06152,0.31714,26.931,-87.237,0.031
2026-06-02 16:47:26.261,2302385717,323261,2,0.8999,0.12695,0.76685,49.473,-48.046,21.42
2026-06-02 16:47:26.461,2302385917,323461,1,0.95923,0.11035,0.323,-0.496,-23.695,5.16
2026-06-02 16:47:26.461,2302385917,323461,2,0.95923,0.05249,0.67139,1.458,-9.168,8.038
2026-06-02 16:47:26.661,2302386117,323661,1,0.9978,0.0647,0.29321,-8.359,17.595,-1.351
2026-06-02 16:47:26.661,2302386117,323661,2,0.95557,0.05566,0.69653,3.427,26.008,-1.023
2026-06-02 16:47:27.861,2302387317,323861,1,0.84937,0.05371,0.24365,-16.649,87.55,4.58
2026-06-02 16:47:27.861,2302387317,323861,2,0.73535,0.11157,0.66406,-7.206,50.947,-20.076
2026-06-02 16:47:27.061,2302386517,324061,1,0.35449,-0.05005,0.57666,-50.359,135.679,-11.061
2026-06-02 16:47:27.061,2302386517,324061,2,0.68457,0.01318,1.08154,-37.015,109.641,-39.481
2026-06-02 16:47:27.261,2302386717,324261,1,-0.25098,-0.15845,0.85889,-12.992,117.29,24.466
2026-06-02 16:47:27.261,2302386717,324261,2,0.32861,0.27417,1.30029,-27.763,52.519,-7.542
2026-06-02 16:47:27.461,2302386917,324461,1,-0.44019,-0.26294,0.95386,0.947,43.26,-2.901
2026-06-02 16:47:27.461,2302386917,324461,2,0.28223,0.14624,1.48096,-7.481,18.595,-6.107
2026-06-02 16:47:27.661,2302387117,324661,1,-0.4021,-0.29175,0.80103,2.015,6.076,5.473
2026-06-02 16:47:27.661,2302387117,324661,2,0.30396,0.18701,1.39771,11.58,4.786,-3.595
2026-06-02 16:47:28.861,2302388317,324861,1,-0.29614,-0.26563,0.84204,4.015,14.351,-0.962
2026-06-02 16:47:28.861,2302388317,324861,2,0.17749,0.16895,1.48828,7.954,8.26,-0.473
2026-06-02 16:47:28.061,2302387517,325061,1,-0.62915,-0.31201,1.06494,-4.359,-24.183,-8.122
2026-06-02 16:47:28.061,2302387517,325061,2,0.29468,0.24292,1.56738,-22.733,-25.084,11.107
2026-06-02 16:47:28.261,2302387717,325261,1,-0.26221,-0.27075,0.8125,16.58,-65.985,-10.29
2026-06-02 16:47:28.261,2302387717,325261,2,0.3186,0.08105,1.22339,-14.046,-65.191,-1.992
2026-06-02 16:47:28.461,2302387917,325461,1,0.05396,-0.19067,0.64136,16.656,-112.695,-17.229
2026-06-02 16:47:28.461,2302387917,325461,2,0.50439,0.11987,0.96899,3.985,-85.687,6.939
2026-06-02 16:47:28.661,2302388117,325661,1,0.39844,-0.08276,0.52759,-5.947,-103.0,-19.489
2026-06-02 16:47:28.661,2302388117,325661,2,0.78174,-0.02222,0.91602,-1.221,-57.763,2.58
2026-06-02 16:47:29.861,2302389317,325861,1,0.76245,0.00244,0.40283,25.0,-94.641,0.954
2026-06-02 16:47:29.861,2302389317,325861,2,0.85425,-0.04858,0.8855,20.779,-28.702,15.168
2026-06-02 16:47:29.061,2302388517,326061,1,0.95728,0.00293,0.27734,20.71,-24.099,1.389
2026-06-02 16:47:29.061,2302388517,326061,2,0.98975,0.03052,0.71289,4.885,-15.817,7.733
2026-06-02 16:47:29.261,2302388717,326261,1,0.95679,0.04126,0.34204,4.695,2.198,-0.924
2026-06-02 16:47:29.261,2302388717,326261,2,0.94775,0.01514,0.69897,6.214,3.481,1.786
2026-06-02 16:47:29.461,2302388917,326461,1,0.8999,0.0437,0.38354,2.977,12.183,6.878
2026-06-02 16:47:29.461,2302388917,326461,2,0.92236,0.03198,0.72266,6.351,2.847,7.351
2026-06-02 16:47:29.661,2302389117,326661,1,0.96533,0.03418,0.323,-1.504,23.221,8.954
2026-06-02 16:47:29.661,2302389117,326661,2,0.97754,0.01416,0.88843,-4.985,30.427,-8.115
2026-06-02 16:47:30.861,2302390317,326861,1,0.69263,0.01294,0.12109,-11.084,141.534,27.969
2026-06-02 16:47:30.861,2302390317,326861,2,0.85327,0.01709,0.73975,7.931,100.84,-21.916
2026-06-02 16:47:30.061,2302389517,327061,1,-0.1377,-0.15186,0.67896,-51.405,186.237,2.244
2026-06-02 16:47:30.061,2302389517,327061,2,0.25757,0.15283,1.06006,-20.26,134.847,-33.489
2026-06-02 16:47:30.261,2302389717,327261,1,-0.54565,-0.3689,0.81689,-19.092,64.137,-5.977
2026-06-02 16:47:30.261,2302389717,327261,2,0.09009,-0.00098,1.45435,-25.74,22.206,-4.992
2026-06-02 16:47:30.461,2302389917,327461,1,-0.5459,-0.34644,0.80396,4.969,-21.298,-10.183
2026-06-02 16:47:30.461,2302389917,327461,2,0.1228,0.15112,1.61694,-6.695,-26.763,3.137
2026-06-02 16:47:30.661,2302390117,327661,1,-0.33887,-0.28735,0.84253,11.237,-8.885,-4.092
2026-06-02 16:47:30.661,2302390117,327661,2,0.40723,0.19019,1.56177,-1.809,-4.817,5.885
2026-06-02 16:47:31.861,2302391317,327861,1,-0.4397,-0.25977,1.01538,8.718,6.405,2.573
2026-06-02 16:47:31.861,2302391317,327861,2,0.21509,0.18579,1.49097,16.702,0.641,8.679
2026-06-02 16:47:31.061,2302390517,328061,1,-0.45581,-0.23315,0.80151,17.489,-49.924,-2.954
2026-06-02 16:47:31.061,2302390517,328061,2,0.28271,0.1123,1.2793,-9.954,-63.382,7.954
2026-06-02 16:47:31.261,2302390717,328261,1,-0.08252,-0.12354,0.70532,21.443,-120.84,-4.527
2026-06-02 16:47:31.261,2302390717,328261,2,0.48584,0.07886,0.97461,-2.771,-104.71,11.145
2026-06-02 16:47:31.461,2302390917,328461,1,0.42554,-0.08618,0.48657,15.542,-134.313,-30.695
2026-06-02 16:47:31.461,2302390917,328461,2,0.78638,0.04028,0.875,-4.198,-77.435,11.092
2026-06-02 16:47:31.661,2302391117,328661,1,0.72412,-0.0498,0.27344,28.504,-82.305,-2.863
2026-06-02 16:47:31.661,2302391117,328661,2,0.96045,-0.04663,0.75659,-2.489,-27.786,7.351
2026-06-02 16:47:32.861,2302392317,328861,1,1.02173,0.0437,0.26563,9.191,-9.542,8.122
2026-06-02 16:47:32.861,2302392317,328861,2,0.9895,0.05786,0.67969,17.275,16.298,6.924
2026-06-02 16:47:32.061,2302391517,329061,1,0.96021,0.021,0.2666,-10.069,49.55,4.351
2026-06-02 16:47:32.061,2302391517,329061,2,0.95239,0.04199,0.79541,25.527,49.817,-15.74
2026-06-02 16:47:32.261,2302391717,329261,1,0.43896,0.07593,0.32788,-21.275,158.244,22.084
2026-06-02 16:47:32.261,2302391717,329261,2,0.73364,0.47437,1.05615,0.206,124.557,-48.397
2026-06-02 16:47:32.461,2302391917,329461,1,-0.0376,-0.26099,0.65942,-61.084,157.763,2.962
2026-06-02 16:47:32.461,2302391917,329461,2,0.38281,0.09253,1.16431,-53.015,99.489,-31.115
2026-06-02 16:47:32.661,2302392117,329661,1,-0.50854,-0.37183,0.91699,3.053,75.244,17.511
2026-06-02 16:47:32.661,2302392117,329661,2,0.16943,0.21924,1.59424,5.763,43.061,-16.405
2026-06-02 16:47:33.861,2302393317,329861,1,-0.59497,-0.26099,0.78271,11.221,31.496,6.084
2026-06-02 16:47:33.861,2302393317,329861,2,0.03345,0.27515,1.41772,16.718,19.374,-0.588
2026-06-02 16:47:33.061,2302392517,330061,1,-0.54224,-0.18945,0.6438,0.366,-3.916,-0.718
2026-06-02 16:47:33.061,2302392517,330061,2,0.12524,0.27441,1.3877,-3.115,-2.74,4.641
2026-06-02 16:47:33.261,2302392717,330261,1,-0.57251,-0.27319,0.79224,0.985,-13.015,-7.649
2026-06-02 16:47:33.261,2302392717,330261,2,0.08105,0.36914,1.64453,-8.389,-7.0,2.145
2026-06-02 16:47:33.461,2302392917,330461,1,-0.65698,-0.24878,0.9165,10.885,-39.038,-8.718
2026-06-02 16:47:33.461,2302392917,330461,2,0.13696,0.20898,1.41382,-30.885,-38.084,10.718
2026-06-02 16:47:33.661,2302393117,330661,1,-0.28003,-0.21777,0.63843,14.885,-115.626,-13.298
2026-06-02 16:47:33.661,2302393117,330661,2,0.39697,0.1377,1.10913,-8.282,-112.282,20.336
2026-06-02 16:47:34.861,2302394317,330861,1,0.21533,-0.13379,0.59131,15.748,-116.87,-14.634
2026-06-02 16:47:34.861,2302394317,330861,2,0.5686,0.052,1.00684,-16.771,-69.504,8.863
2026-06-02 16:47:34.061,2302393517,331061,1,0.5249,-0.04858,0.66211,-20.794,-94.931,2.656
2026-06-02 16:47:34.061,2302393517,331061,2,0.77734,0.0459,0.85327,11.55,-61.969,12.115
2026-06-02 16:47:34.261,2302393717,331261,1,0.84302,-0.00757,0.23364,9.695,-85.863,-26.359
2026-06-02 16:47:34.261,2302393717,331261,2,1.00806,-0.00195,0.66406,4.313,-58.954,27.58
2026-06-02 16:47:34.461,2302393917,331461,1,1.0647,0.14111,0.18555,24.626,-24.527,4.511
2026-06-02 16:47:34.461,2302393917,331461,2,1.01758,0.00244,0.56323,10.153,-10.672,5.321
2026-06-02 16:47:34.661,2302394117,331661,1,1.04663,0.13843,0.177,6.939,8.634,7.099
2026-06-02 16:47:34.661,2302394117,331661,2,0.99902,-0.01172,0.62891,33.229,13.305,1.893
2026-06-02 16:47:35.861,2302395317,331861,1,0.96216,0.09619,0.27686,-14.458,22.374,-0.244
2026-06-02 16:47:35.861,2302395317,331861,2,0.896,0.01758,0.65088,-2.687,17.527,-0.42
2026-06-02 16:47:35.061,2302394517,332061,1,0.98511,0.03223,0.29248,-6.45,41.351,14.45
2026-06-02 16:47:35.061,2302394517,332061,2,0.91504,0.01978,0.8645,13.16,37.939,-14.26
2026-06-02 16:47:35.261,2302394717,332261,1,0.62183,0.05811,0.05029,-50.344,180.061,28.809
2026-06-02 16:47:35.261,2302394717,332261,2,0.77954,0.00684,0.63232,30.092,170.603,-19.267
2026-06-02 16:47:35.461,2302394917,332461,1,-0.14453,-0.20532,0.61157,-31.252,171.275,18.359
2026-06-02 16:47:35.461,2302394917,332461,2,0.20972,0.10864,1.17896,-33.855,115.229,-26.595
2026-06-02 16:47:35.661,2302395117,332661,1,-0.6001,-0.36377,0.896,-13.321,52.435,-2.962
2026-06-02 16:47:35.661,2302395117,332661,2,-0.00537,0.11182,1.41235,10.466,27.832,-1.771
2026-06-02 16:47:36.861,2302396317,332861,1,-0.61157,-0.26465,0.81201,20.412,-32.267,-4.908
2026-06-02 16:47:36.861,2302396317,332861,2,0.26636,0.13696,1.71875,-10.382,-53.618,18.282
2026-06-02 16:47:36.061,2302395517,333061,1,-0.4707,-0.23438,1.07202,51.71,-18.588,12.26
2026-06-02 16:47:36.061,2302395517,333061,2,0.28638,0.19092,1.53711,-6.282,-23.962,-6.84
2026-06-02 16:47:36.261,2302395717,333261,1,-0.36426,-0.03931,0.79834,30.13,-78.786,9.802
2026-06-02 16:47:36.261,2302395717,333261,2,0.32617,0.07349,1.11426,14.908,-95.847,7.733
2026-06-02 16:47:36.461,2302395917,333461,1,0.07104,0.07007,0.62524,-17.679,-143.916,19.847
2026-06-02 16:47:36.461,2302395917,333461,2,0.59229,0.14502,0.84595,8.382,-106.282,26.664
2026-06-02 16:47:36.661,2302396117,333661,1,0.62256,0.0564,0.41382,-2.855,-121.382,-12.282
2026-06-02 16:47:36.661,2302396117,333661,2,1.00464,0.05322,0.70654,13.412,-53.649,14.641
2026-06-02 16:47:37.861,2302397317,333861,1,0.99707,0.12866,0.14648,-0.359,-61.443,15.16
2026-06-02 16:47:37.861,2302397317,333861,2,1.00073,-0.01953,0.7207,-28.947,-22.847,10.214
2026-06-02 16:47:37.061,2302396517,334061,1,1.10498,0.00293,0.12646,-9.466,2.397,8.046
2026-06-02 16:47:37.061,2302396517,334061,2,1.00513,0.0249,0.63965,35.924,17.962,5.924
2026-06-02 16:47:37.261,2302396717,334261,1,1.021,0.03101,0.15039,-9.908,68.664,8.969
2026-06-02 16:47:37.261,2302396717,334261,2,0.97144,0.02051,0.74829,25.29,73.832,-21.427
2026-06-02 16:47:37.461,2302396917,334461,1,0.5332,-0.02905,0.66772,-68.16,145.573,6.008
2026-06-02 16:47:37.461,2302396917,334461,2,0.86108,0.19897,0.99146,-34.573,67.817,-17.153
2026-06-02 16:47:37.661,2302397117,334661,1,0.0769,-0.11743,0.66992,-32.817,147.153,0.74
2026-06-02 16:47:37.661,2302397117,334661,2,0.54175,0.16016,1.04248,-26.122,114.214,-25.87
2026-06-02 16:47:38.861,2302398317,334861,1,-0.40723,-0.3396,0.84204,-6.534,93.725,8.58
2026-06-02 16:47:38.861,2302398317,334861,2,0.33325,0.12427,1.3645,14.595,66.87,-7.42
2026-06-02 16:47:38.061,2302397517,335061,1,-0.56812,-0.24634,0.82788,1.573,37.824,3.718
2026-06-02 16:47:38.061,2302397517,335061,2,0.05933,0.23706,1.43848,-2.702,25.771,-1.443
2026-06-02 16:47:38.261,2302397717,335261,1,-0.47681,-0.23047,0.6394,-4.702,7.511,-0.885
2026-06-02 16:47:38.261,2302397717,335261,2,-0.03467,0.15454,1.49023,-1.473,11.779,-4.198
2026-06-02 16:47:38.461,2302397917,335461,1,-0.73486,-0.35718,0.84814,13.137,-7.603,-1.664
2026-06-02 16:47:38.461,2302397917,335461,2,-0.01855,0.20313,1.646,3.817,-17.198,4.58
2026-06-02 16:47:38.661,2302398117,335661,1,-0.54102,-0.29272,0.84717,11.542,-68.809,4.214
2026-06-02 16:47:38.661,2302398117,335661,2,0.16919,0.14795,1.35645,1.031,-63.481,6.817
2026-06-02 16:47:39.861,2302399317,335861,1,-0.09375,-0.19385,0.62451,9.015,-109.298,-7.305
2026-06-02 16:47:39.861,2302399317,335861,2,0.46094,0.11523,1.08887,3.649,-94.58,10.023
2026-06-02 16:47:39.061,2302398517,336061,1,0.25659,0.01147,0.625,61.672,-98.267,31.664
2026-06-02 16:47:39.061,2302398517,336061,2,0.68262,0.13843,0.99976,17.725,-51.42,14.916
2026-06-02 16:47:39.261,2302398717,336261,1,0.5332,-0.03247,0.63037,12.473,-75.389,-2.71
2026-06-02 16:47:39.261,2302398717,336261,2,0.78418,0.12524,0.90576,13.809,-50.229,14.893
2026-06-02 16:47:39.461,2302398917,336461,1,0.76685,-0.00732,0.46997,4.389,-62.13,-2.649
2026-06-02 16:47:39.461,2302398917,336461,2,0.94678,0.07373,0.77051,21.038,-23.511,21.069
2026-06-02 16:47:39.661,2302399117,336661,1,0.93726,0.04224,0.39063,-6.412,-41.809,-4.908
2026-06-02 16:47:39.661,2302399117,336661,2,0.91406,0.08057,0.80933,-7.115,-10.038,12.656
2026-06-02 16:47:40.861,2302400317,336861,1,0.91455,0.07007,0.36426,-34.053,-8.282,-8.595
2026-06-02 16:47:40.861,2302400317,336861,2,0.89185,0.06006,0.69165,-31.885,-7.336,7.931
2026-06-02 16:47:40.061,2302399517,337061,1,1.04053,-0.01953,0.34375,70.702,-57.504,9.443
2026-06-02 16:47:40.061,2302399517,337061,2,0.90552,-0.09351,0.59473,-24.298,-12.153,-0.595
2026-06-02 16:47:40.261,2302399717,337261,1,1.04761,0.01978,0.19922,10.115,9.55,-2.527
2026-06-02 16:47:40.261,2302399717,337261,2,0.99194,0.00293,0.60889,6.275,6.305,1.191
2026-06-02 16:47:40.461,2302399917,337461,1,0.93335,0.15015,0.35107,56.298,65.573,19.878
2026-06-02 16:47:40.461,2302399917,337461,2,1.05981,0.01758,0.65063,28.298,57.443,-15.809
2026-06-02 16:47:40.661,2302400117,337661,1,0.7749,0.15991,0.48022,3.183,15.534,25.511
2026-06-02 16:47:40.661,2302400117,337661,2,0.86719,0.21216,0.61475,22.145,7.71,5.229
2026-06-02 16:47:41.861,2302401317,337861,1,0.802,0.24146,0.4563,14.908,8.473,8.786
2026-06-02 16:47:41.861,2302401317,337861,2,1.05322,0.02197,0.85938,13.176,13.45,9.84
2026-06-02 16:47:41.061,2302400517,338061,1,0.77759,-0.16553,0.61597,42.053,-9.519,27.84
2026-06-02 16:47:41.061,2302400517,338061,2,0.9668,0.03345,0.86743,31.084,10.977,-7.305
2026-06-02 16:47:41.261,2302400717,338261,1,0.82886,0.01025,0.42212,-20.42,-19.55,19.855
2026-06-02 16:47:41.261,2302400717,338261,2,0.83765,0.08105,0.64819,36.908,-5.718,29.626
2026-06-02 16:47:41.461,2302400917,338461,1,0.93262,-0.04761,0.3501,1.45,0.595,-4.489
2026-06-02 16:47:41.461,2302400917,338461,2,0.92139,-0.052,0.57495,25.145,5.954,9.481
2026-06-02 16:47:41.661,2302401117,338661,1,1.01709,-0.01636,0.34106,13.916,-6.473,-9.992
2026-06-02 16:47:41.661,2302401117,338661,2,1.00464,-0.25635,0.7605,24.298,6.863,7.405
2026-06-02 16:47:42.861,2302402317,338861,1,0.7085,0.08838,0.49243,14.473,1.42,21.58
2026-06-02 16:47:42.861,2302402317,338861,2,0.89673,0.16162,0.82422,-6.573,3.015,-23.893
2026-06-02 16:47:42.061,2302401517,339061,1,0.75537,0.13159,0.44385,-4.756,-4.321,12.191
2026-06-02 16:47:42.061,2302401517,339061,2,0.90845,0.18579,0.66577,24.626,-1.496,13.206
2026-06-02 16:47:42.261,2302401717,339261,1,0.90991,0.18677,0.43457,3.557,-12.412,9.74
2026-06-02 16:47:42.261,2302401717,339261,2,0.95068,0.13525,0.52466,3.969,-8.863,-0.527
2026-06-02 16:47:42.461,2302401917,339461,1,0.96997,0.03198,0.29712,-37.863,-21.427,-9.092
2026-06-02 16:47:42.461,2302401917,339461,2,0.84595,0.08008,0.74902,-25.26,-21.183,-2.198
2026-06-02 16:47:42.661,2302402117,339661,1,0.91187,-0.09131,0.37695,12.916,23.374,7.344
2026-06-02 16:47:42.661,2302402117,339661,2,0.91309,-0.03271,0.52148,-17.214,14.573,7.603
2026-06-02 16:47:43.861,2302403317,339861,1,0.86548,-0.073,0.33496,15.214,11.634,13.397
2026-06-02 16:47:43.861,2302403317,339861,2,0.93237,-0.07593,0.48291,3.695,9.038,-3.29
2026-06-02 16:47:43.061,2302402517,340061,1,1.32764,0.03613,0.2124,30.351,-5.084,1.275
2026-06-02 16:47:43.061,2302402517,340061,2,1.14282,-0.03003,0.80713,-4.855,27.885,8.511
2026-06-02 16:47:43.261,2302402717,340261,1,0.74878,0.07153,0.54443,19.641,-5.893,20.863
2026-06-02 16:47:43.261,2302402717,340261,2,0.92651,0.16895,0.72925,-21.481,1.84,-12.588
2026-06-02 16:47:43.461,2302402917,340461,1,0.89478,0.15747,0.42578,0.58,-9.855,-4.618
2026-06-02 16:47:43.461,2302402917,340461,2,0.86523,0.19385,0.59009,21.336,5.763,-3.771
2026-06-02 16:47:43.661,2302403117,340661,1,0.90283,0.2334,0.32764,6.229,-0.695,11.626
2026-06-02 16:47:43.661,2302403117,340661,2,0.93066,0.1106,0.52515,3.695,5.397,16.321
2026-06-02 16:47:44.861,2302404317,340861,1,1.07227,-0.00317,0.43164,-16.496,-15.87,20.969
2026-06-02 16:47:44.861,2302404317,340861,2,0.94727,0.38843,0.67358,41.802,-16.481,5.496
2026-06-02 16:47:44.061,2302403517,341061,1,0.98633,-0.25659,0.2981,41.046,11.458,15.565
2026-06-02 16:47:44.061,2302403517,341061,2,1.07642,0.04248,0.51489,136.183,43.015,33.992
2026-06-02 16:47:44.261,2302403717,341261,1,0.92188,-0.15112,0.24634,4.939,-14.0,5.214
2026-06-02 16:47:44.261,2302403717,341261,2,0.86987,-0.01196,0.61133,60.038,-9.153,12.153
2026-06-02 16:47:44.461,2302403917,341461,1,0.96338,-0.02417,0.19092,12.069,-3.924,-3.55
2026-06-02 16:47:44.461,2302403917,341461,2,1.33252,-0.0686,0.48657,84.061,-8.0,27.573
2026-06-02 16:47:44.661,2302404117,341661,1,0.66772,-0.0625,0.3689,-0.282,27.214,29.107
2026-06-02 16:47:44.661,2302404117,341661,2,0.7605,0.13965,0.64282,123.427,31.58,30.519
2026-06-02 16:47:45.861,2302405317,341861,1,0.82007,0.07739,0.46655,67.824,8.191,53.969
2026-06-02 16:47:45.861,2302405317,341861,2,0.8833,0.39526,0.4353,133.969,26.191,6.351
2026-06-02 16:47:45.061,2302404517,342061,1,0.77051,0.20361,0.43457,35.519,-4.832,23.267
2026-06-02 16:47:45.061,2302404517,342061,2,0.86523,0.28662,0.41333,2.901,1.183,19.794
2026-06-02 16:47:45.261,2302404717,342261,1,0.8479,-0.01172,0.39917,12.695,-26.977,11.115
2026-06-02 16:47:45.261,2302404717,342261,2,0.88403,-0.08765,0.87793,-68.679,-12.206,-11.336
2026-06-02 16:47:45.461,2302404917,342461,1,0.9248,-0.12695,0.41626,19.221,16.427,11.702
2026-06-02 16:47:45.461,2302404917,342461,2,0.94043,-0.05371,0.59082,-26.328,-1.71,23.183
2026-06-02 16:47:45.661,2302405117,342661,1,0.84399,-0.20435,0.34937,36.214,-7.466,15.771
2026-06-02 16:47:45.661,2302405117,342661,2,0.98657,-0.00024,0.42285,44.84,-8.611,-0.015
2026-06-02 16:47:46.861,2302406317,342861,1,1.04297,0.08325,0.37085,61.771,2.565,7.382
2026-06-02 16:47:46.861,2302406317,342861,2,0.90918,0.02222,0.58301,111.893,3.626,22.153
2026-06-02 16:47:46.061,2302405517,343061,1,0.95898,0.12158,0.30371,47.603,-10.763,33.008
2026-06-02 16:47:46.061,2302405517,343061,2,1.02832,0.15088,0.57861,21.969,7.405,-0.649
2026-06-02 16:47:46.261,2302405717,343261,1,0.87817,0.18042,0.33618,41.748,17.328,19.573
2026-06-02 16:47:46.261,2302405717,343261,2,0.98535,0.16016,0.48779,-4.16,9.618,18.382
2026-06-02 16:47:46.600,2302406056,343600,1,0.94849,-0.05688,0.40332,-12.466,7.076,2.405
2026-06-02 16:47:46.600,2302406056,343600,2,0.87573,0.13574,0.61621,-17.565,-6.916,-13.176
2026-06-02 16:47:47.800,2302407256,343800,1,0.95508,-0.14258,0.41602,12.954,0.939,-8.977
2026-06-02 16:47:47.800,2302407256,343800,2,0.98926,-0.12134,0.57788,53.924,1.504,-1.794
2026-06-02 16:47:47.000,2302406456,344000,1,0.94141,-0.08081,0.26953,-5.641,-8.634,2.435
2026-06-02 16:47:47.000,2302406456,344000,2,0.92407,0.07422,0.47534,96.168,5.321,18.519
2026-06-02 16:47:47.200,2302406656,344200,1,0.97559,0.04468,0.21313,25.588,7.84,6.74
2026-06-02 16:47:47.200,2302406656,344200,2,0.94946,-0.01904,0.44189,18.664,-1.0,10.611
2026-06-02 16:47:47.400,2302406856,344400,1,1.20288,-0.00586,0.4436,33.58,-12.183,-5.664
2026-06-02 16:47:47.400,2302406856,344400,2,1.23486,-0.04834,0.64771,-24.656,10.916,9.42
2026-06-02 16:47:47.600,2302407056,344600,1,0.85962,-0.03906,0.3938,-35.695,-24.321,-3.649
2026-06-02 16:47:47.600,2302407056,344600,2,1.02344,0.11646,0.60767,-22.687,28.847,-24.466
2026-06-02 16:47:48.800,2302408256,344800,1,0.87109,-0.04565,0.35815,-96.511,-8.832,-38.229
2026-06-02 16:47:48.800,2302408256,344800,2,0.99365,0.07446,0.56226,-127.55,-5.901,-33.725
2026-06-02 16:47:48.000,2302407456,345000,1,0.98389,0.02051,0.2644,-124.908,-2.87,-59.473
2026-06-02 16:47:48.000,2302407456,345000,2,0.90234,-0.00293,0.48975,-113.13,-18.603,-13.115
2026-06-02 16:47:48.200,2302407656,345200,1,0.96631,0.02881,0.13989,-75.588,-13.237,-34.496
2026-06-02 16:47:48.200,2302407656,345200,2,0.9563,-0.05908,0.40747,-89.26,-11.328,17.458
2026-06-02 16:47:48.400,2302407856,345400,1,1.03125,-0.19702,0.17041,-140.107,67.565,-21.611
2026-06-02 16:47:48.400,2302407856,345400,2,0.78247,-0.0249,0.6582,-48.122,20.389,-25.13
2026-06-02 16:47:48.600,2302408056,345600,1,0.84351,-0.18384,0.36328,-58.733,8.092,-19.641
2026-06-02 16:47:48.600,2302408056,345600,2,0.91406,-0.12402,0.56226,-56.191,-4.74,13.489
2026-06-02 16:47:49.800,2302409256,345800,1,0.95972,-0.20654,0.24658,-32.565,-5.107,-12.153
2026-06-02 16:47:49.800,2302409256,345800,2,0.91187,-0.13525,0.5022,7.183,-3.908,10.672
2026-06-02 16:47:49.000,2302408456,346000,1,1.02686,-0.20605,0.10718,-29.611,7.137,-14.137
2026-06-02 16:47:49.000,2302408456,346000,2,0.97925,-0.18164,0.42383,30.221,-3.122,-7.214
2026-06-02 16:47:49.200,2302408656,346200,1,1.01514,-0.13501,0.27417,18.718,4.076,-29.656
2026-06-02 16:47:49.200,2302408656,346200,2,1.23901,0.1604,0.7019,10.595,-7.87,-11.74
2026-06-02 16:47:49.400,2302408856,346400,1,0.84033,-0.14478,0.47363,0.435,-10.137,7.893
2026-06-02 16:47:49.400,2302408856,346400,2,0.78174,0.1543,0.62891,-39.962,-0.58,-34.695
2026-06-02 16:47:49.600,2302409056,346600,1,0.9187,0.0144,0.3313,-24.252,-4.13,3.305
2026-06-02 16:47:49.600,2302409056,346600,2,0.91431,0.00928,0.58911,-69.87,8.557,-27.55
2026-06-02 16:47:50.800,2302410256,346800,1,0.93042,-0.03149,0.22363,-38.863,-0.847,-12.115
2026-06-02 16:47:50.800,2302410256,346800,2,0.87646,0.06494,0.3667,-27.802,2.153,8.641
2026-06-02 16:47:50.000,2302409456,347000,1,1.30786,0.00977,0.12646,-15.794,-7.87,-12.58
2026-06-02 16:47:50.000,2302409456,347000,2,1.13477,0.05249,0.60107,12.198,-18.435,-23.603
2026-06-02 16:47:50.200,2302409656,347200,1,0.95703,-0.08252,0.32349,30.924,30.595,-10.275
2026-06-02 16:47:50.200,2302409656,347200,2,1.06226,-0.15332,0.57153,-63.893,18.733,10.824
2026-06-02 16:47:50.400,2302409856,347400,1,0.89917,-0.11694,0.26978,-52.947,-2.221,-18.489
2026-06-02 16:47:50.400,2302409856,347400,2,0.92798,-0.13647,0.4751,27.679,-5.183,22.053
2026-06-02 16:47:50.600,2302410056,347600,1,1.02197,-0.09448,0.20093,0.496,-11.42,-11.802
2026-06-02 16:47:50.600,2302410056,347600,2,1.18066,-0.09985,0.646,16.015,6.305,17.336
2026-06-02 16:47:51.800,2302411256,347800,1,0.87183,-0.10938,0.26563,-51.855,-11.878,-17.153
2026-06-02 16:47:51.800,2302411256,347800,2,0.97559,-0.01343,0.66528,35.191,3.885,10.885
2026-06-02 16:47:51.000,2302410456,348000,1,0.98926,-0.00635,0.27539,-18.641,-4.351,-4.511
2026-06-02 16:47:51.000,2302410456,348000,2,0.81299,0.01074,0.59277,-15.412,7.748,-16.84
2026-06-02 16:47:51.200,2302410656,348200,1,0.82275,0.02441,0.3479,-10.84,7.42,-16.527
2026-06-02 16:47:51.200,2302410656,348200,2,1.0376,-0.11938,0.49487,-53.496,-17.313,1.145
2026-06-02 16:47:51.400,2302410856,348400,1,1.073,-0.03857,0.33521,-14.901,1.366,-31.397
2026-06-02 16:47:51.400,2302410856,348400,2,0.79419,-0.00903,0.58521,-26.214,9.099,-9.328
2026-06-02 16:47:51.600,2302411056,348600,1,0.97314,-0.08521,0.34717,-9.947,4.55,-10.198
2026-06-02 16:47:51.600,2302411056,348600,2,0.98804,-0.12915,0.56934,32.809,12.58,15.618
2026-06-02 16:47:52.800,2302412256,348800,1,0.91138,-0.07202,0.34375,11.29,-1.763,10.137
2026-06-02 16:47:52.800,2302412256,348800,2,0.98193,-0.06738,0.51636,9.977,0.038,1.084
2026-06-02 16:47:52.000,2302411456,349000,1,0.948,0.04883,0.33472,4.611,-2.809,2.275
2026-06-02 16:47:52.000,2302411456,349000,2,0.99121,-0.12915,0.5354,-2.336,-1.031,5.015
2026-06-02 16:47:52.200,2302411656,349200,1,0.91895,0.01318,0.28052,-10.771,0.336,-7.534
2026-06-02 16:47:52.200,2302411656,349200,2,0.92139,-0.14014,0.49707,-17.26,-4.198,6.939
2026-06-02 16:47:52.400,2302411856,349400,1,0.82056,0.0603,0.21924,-23.153,1.985,-8.092
2026-06-02 16:47:52.400,2302411856,349400,2,0.87988,-0.03149,0.49146,17.137,12.626,51.397
2026-06-02 16:47:52.600,2302412056,349600,1,1.18823,0.04541,0.37988,-72.214,-16.473,-19.595
2026-06-02 16:47:52.600,2302412056,349600,2,0.93701,-0.11475,0.54175,18.687,-2.557,-21.191
2026-06-02 16:47:53.800,2302413256,349800,1,0.81616,0.00098,0.37476,13.42,11.031,-11.832
2026-06-02 16:47:53.800,2302413256,349800,2,0.92651,-0.24268,0.52002,-34.13,0.084,-5.916
2026-06-02 16:47:53.000,2302412456,350000,1,0.95264,0.04712,0.26074,19.954,-1.824,6.977
2026-06-02 16:47:53.000,2302412456,350000,2,0.9353,-0.13013,0.54443,20.26,-2.298,-7.565
2026-06-02 16:47:53.200,2302412656,350200,1,0.99609,0.10791,0.34814,34.13,2.611,27.863
2026-06-02 16:47:53.200,2302412656,350200,2,0.99341,-0.13794,0.47534,27.969,6.099,-6.542
2026-06-02 16:47:53.400,2302412856,350400,1,0.93774,0.01245,0.30127,16.344,-2.878,27.664
2026-06-02 16:47:53.400,2302412856,350400,2,0.88379,0.01465,0.4917,27.267,10.511,-12.305
2026-06-02 16:47:53.600,2302413056,350600,1,0.97729,0.00879,0.34058,8.122,19.183,7.71
2026-06-02 16:47:53.600,2302413056,350600,2,1.03394,0.02319,0.48413,28.603,14.305,-6.756
2026-06-02 16:47:54.800,2302414256,350800,1,0.94141,0.02881,0.32007,-0.771,4.489,11.206
2026-06-02 16:47:54.800,2302414256,350800,2,0.9187,0.06885,0.47998,8.359,12.664,-18.702
2026-06-02 16:47:54.060,2302413516,351060,1,0.90283,-0.04077,0.36206,-47.855,-3.427,-11.863
2026-06-02 16:47:54.060,2302413516,351060,2,0.97363,0.19946,0.6543,-27.542,0.954,-28.076
2026-06-02 16:47:54.260,2302413716,351260,1,0.81055,-0.11523,0.41089,-93.427,30.374,-50.061
2026-06-02 16:47:54.260,2302413716,351260,2,1.01294,0.09399,0.59033,-103.237,8.031,-23.931
2026-06-02 16:47:54.460,2302413916,351460,1,0.88721,-0.16064,0.33203,-125.069,11.557,-68.985
2026-06-02 16:47:54.460,2302413916,351460,2,0.91968,-0.02832,0.59814,-176.779,-18.542,-25.084
2026-06-02 16:47:54.660,2302414116,351660,1,0.90332,-0.19116,0.40454,-106.45,12.511,-64.458
2026-06-02 16:47:54.660,2302414116,351660,2,0.97046,-0.05054,0.61938,-132.855,-4.832,-23.672
2026-06-02 16:47:55.860,2302415316,351860,1,0.91772,-0.18823,0.38208,-70.115,5.885,-55.275
2026-06-02 16:47:55.860,2302415316,351860,2,0.93652,-0.12793,0.60913,-47.618,-10.069,1.137
2026-06-02 16:47:55.060,2302414516,352060,1,0.93848,-0.16235,0.3584,-11.55,-5.55,-7.603
2026-06-02 16:47:55.060,2302414516,352060,2,0.95239,-0.03003,0.62427,16.519,1.534,-3.824
2026-06-02 16:47:55.260,2302414716,352260,1,0.84961,-0.04419,0.37744,-32.992,-4.29,0.908
2026-06-02 16:47:55.260,2302414716,352260,2,0.94385,0.08008,0.60303,16.206,-3.305,10.176
2026-06-02 16:47:55.460,2302414916,352460,1,0.99976,-0.09668,0.27295,-42.763,-13.061,-18.321
2026-06-02 16:47:55.460,2302414916,352460,2,0.96973,-0.00366,0.52954,-13.55,-3.863,6.275
2026-06-02 16:47:55.660,2302415116,352660,1,1.00366,-0.15015,0.21289,-14.931,-3.847,-7.786
2026-06-02 16:47:55.660,2302415116,352660,2,0.98462,-0.04395,0.5249,-4.595,-7.847,3.267
2026-06-02 16:47:56.860,2302416316,352860,1,0.96997,-0.1377,0.2312,-21.008,-9.656,-8.794
2026-06-02 16:47:56.860,2302416316,352860,2,0.96802,-0.0376,0.43042,-9.985,-19.954,13.931
2026-06-02 16:47:56.060,2302415516,353060,1,1.02612,-0.10034,0.1582,-10.443,-5.573,-9.931
2026-06-02 16:47:56.060,2302415516,353060,2,0.9834,-0.06348,0.41089,-14.061,-1.931,1.809
2026-06-02 16:47:56.260,2302415716,353260,1,1.02588,-0.09155,0.16821,-14.924,1.313,-7.573
2026-06-02 16:47:56.260,2302415716,353260,2,0.97144,-0.07593,0.41504,-9.863,-0.366,0.672
2026-06-02 16:47:56.460,2302415916,353460,1,1.02197,-0.10107,0.16699,-13.794,4.626,-6.382
2026-06-02 16:47:56.460,2302415916,353460,2,0.96509,-0.09253,0.41968,4.321,3.008,1.26
2026-06-02 16:47:56.660,2302416116,353660,1,1.01953,-0.10083,0.18384,-2.962,-0.389,-2.557
2026-06-02 16:47:56.660,2302416116,353660,2,0.97021,-0.08716,0.4248,4.656,2.359,-6.191
2026-06-02 16:47:57.939,2302417395,353939,1,1.0332,-0.05981,0.18823,12.023,16.733,1.893
2026-06-02 16:47:57.939,2302417395,353939,2,1.01367,-0.06787,0.41138,8.374,10.947,-3.13
2026-06-02 16:47:57.139,2302416595,354139,1,1.01587,-0.07837,0.19385,-7.718,3.282,-3.58
2026-06-02 16:47:57.139,2302416595,354139,2,0.95532,-0.06836,0.4502,3.656,5.802,2.519
2026-06-02 16:47:57.339,2302416795,354339,1,0.9917,-0.10596,0.2041,-14.076,6.58,-3.679
2026-06-02 16:47:57.339,2302416795,354339,2,0.91211,-0.04248,0.42456,-75.832,-1.985,-12.901
2026-06-02 16:47:57.577,2302417033,354577,1,0.97827,-0.09961,0.23438,-3.55,5.885,0.023
2026-06-02 16:47:57.577,2302417033,354577,2,0.98047,-0.11572,0.47266,53.687,14.679,56.969
2026-06-02 16:47:58.777,2302418233,354777,1,0.97949,-0.09131,0.22314,1.542,-0.473,-0.87
2026-06-02 16:47:58.777,2302418233,354777,2,0.94507,-0.15723,0.50464,-1.733,6.511,7.58
2026-06-02 16:47:58.977,2302418433,354977,1,0.98071,-0.08765,0.23145,4.16,-0.496,2.443
2026-06-02 16:47:58.977,2302418433,354977,2,0.93066,-0.1958,0.52637,43.916,7.992,40.695
2026-06-02 16:47:58.177,2302417633,355177,1,0.98901,-0.08057,0.2417,0.779,-0.29,0.183
2026-06-02 16:47:58.177,2302417633,355177,2,0.94043,-0.31348,0.62769,-81.71,-5.565,-10.038
2026-06-02 16:47:58.377,2302417833,355377,1,0.98438,-0.09375,0.23145,8.893,-8.603,9.672
2026-06-02 16:47:58.377,2302417833,355377,2,0.92041,-0.1521,0.54932,-39.924,-8.076,-13.305
2026-06-02 16:47:58.577,2302418033,355577,1,0.98682,-0.1123,0.22485,9.397,-3.809,13.55
2026-06-02 16:47:58.577,2302418033,355577,2,0.93384,-0.23315,0.59814,45.496,11.954,21.687
2026-06-02 16:47:59.777,2302419233,355777,1,0.97339,-0.12061,0.24902,-4.023,6.481,-2.893
2026-06-02 16:47:59.777,2302419233,355777,2,0.6853,-0.41895,0.81519,121.733,60.473,83.122
2026-06-02 16:47:59.977,2302419433,355977,1,0.99609,-0.11499,0.24146,-25.481,10.962,-19.214
2026-06-02 16:47:59.977,2302419433,355977,2,0.90112,-0.25073,0.59277,-50.977,-6.863,-14.817
2026-06-02 16:47:59.177,2302418633,356177,1,0.99683,-0.10034,0.21533,-2.534,-0.603,-1.878
2026-06-02 16:47:59.177,2302418633,356177,2,0.94946,-0.25732,0.55664,-54.244,-20.809,-59.664
2026-06-02 16:47:59.377,2302418833,356377,1,1.0061,-0.10669,0.25317,8.527,-8.802,10.573
2026-06-02 16:47:59.377,2302418833,356377,2,0.90869,-0.12036,0.66187,-44.115,-9.504,-1.71
2026-06-02 16:47:59.577,2302419033,356577,1,1.00122,-0.10278,0.24463,7.779,-5.26,1.947
2026-06-02 16:47:59.577,2302419033,356577,2,0.95142,-0.12158,0.5603,12.802,8.267,1.71
2026-06-02 16:48:00.777,2302420233,356777,1,0.98145,-0.10083,0.23755,0.779,1.71,-0.718
2026-06-02 16:48:00.777,2302420233,356777,2,0.9563,-0.13232,0.57349,-11.305,-0.733,1.084
2026-06-02 16:48:00.977,2302420433,356977,1,0.97827,-0.10205,0.25024,6.817,-2.481,3.55
2026-06-02 16:48:00.977,2302420433,356977,2,0.93579,-0.1311,0.59351,-32.74,-5.763,-5.359
2026-06-02 16:48:00.177,2302419633,357177,1,0.97583,-0.10962,0.25562,1.725,1.344,2.099
2026-06-02 16:48:00.177,2302419633,357177,2,0.93628,-0.06958,0.48975,21.802,-7.168,-1.137
2026-06-02 16:48:00.377,2302419833,357377,1,1.00366,-0.09839,0.23779,-32.473,11.076,-21.038
2026-06-02 16:48:00.377,2302419833,357377,2,1.03833,-0.12915,0.55078,56.817,7.397,14.183
2026-06-02 16:48:00.577,2302420033,357577,1,0.9812,-0.0625,0.21436,-25.038,5.832,-24.641
2026-06-02 16:48:00.577,2302420033,357577,2,1.01831,-0.20435,0.51001,-26.405,7.176,-1.267
2026-06-02 16:48:01.777,2302421233,357777,1,0.99683,-0.08716,0.21265,16.74,3.275,14.214
2026-06-02 16:48:01.777,2302421233,357777,2,0.95972,-0.11523,0.51733,-42.695,-9.702,-8.481
2026-06-02 16:48:01.977,2302421433,357977,1,0.99927,-0.06982,0.19531,6.191,-6.71,5.885
2026-06-02 16:48:01.977,2302421433,357977,2,0.97314,-0.09888,0.49707,9.725,-0.527,-3.435
2026-06-02 16:48:01.177,2302420633,358177,1,0.97144,-0.0752,0.21899,-8.573,18.321,-9.099
2026-06-02 16:48:01.177,2302420633,358177,2,0.90918,-0.07202,0.55127,45.267,9.672,8.695
2026-06-02 16:48:01.377,2302420833,358377,1,1.00464,-0.0481,0.20264,-9.725,1.855,-9.672
2026-06-02 16:48:01.377,2302420833,358377,2,1.02954,0.1665,0.32788,-25.427,-58.282,-6.908
2026-06-02 16:48:01.577,2302421033,358577,1,1.03613,-0.08984,0.19043,6.221,4.992,20.389
