datetime,epoch_ms,ts_millis,mpu_id,ax,ay,az,gx,gy,gz
2026-05-20 12:57:08.387,1165367843,9387,1,,,,,,
2026-05-20 12:57:08.387,1165367843,9387,2,-0.30933,-0.78955,-0.59741,-1.229,0.557,0.412
2026-05-20 12:57:09.587,1165369043,9587,1,,,,,,
2026-05-20 12:57:09.587,1165369043,9587,2,-0.30444,-0.78174,-0.5979,-1.443,0.527,0.634
2026-05-20 12:57:09.835,1165369291,9835,1,,,,,,
2026-05-20 12:57:09.835,1165369291,9835,2,-0.30762,-0.78979,-0.60352,-1.252,0.656,0.328
2026-05-20 12:57:09.117,1165368573,10117,1,,,,,,
2026-05-20 12:57:09.117,1165368573,10117,2,-0.30249,-0.78345,-0.59888,-1.382,0.45,0.534
2026-05-20 12:57:09.390,1165368846,10390,1,,,,,,
2026-05-20 12:57:09.390,1165368846,10390,2,-0.30493,-0.78931,-0.59644,-1.344,0.45,0.45
2026-05-20 12:57:10.703,1165370159,10703,1,,,,,,
2026-05-20 12:57:10.703,1165370159,10703,2,-0.30762,-0.78271,-0.59961,-1.366,0.504,0.45
2026-05-20 12:57:10.075,1165369531,11075,1,,,,,,
2026-05-20 12:57:10.075,1165369531,11075,2,-0.14844,-0.89551,-0.50781,2.916,19.969,1.756
2026-05-20 12:57:10.467,1165369923,11467,1,,,,,,
2026-05-20 12:57:10.467,1165369923,11467,2,-0.33862,-0.82422,-0.63037,6.588,15.26,-1.992
2026-05-20 12:57:11.684,1165371140,11684,1,,,,,,
2026-05-20 12:57:11.684,1165371140,11684,2,0.12427,-0.45508,-0.2373,-5.504,-38.351,-59.053
2026-05-20 12:57:11.935,1165371391,11935,1,,,,,,
2026-05-20 12:57:11.935,1165371391,11935,2,-0.41016,-0.78442,-0.60229,-7.084,-3.656,2.931
2026-05-20 12:57:11.135,1165370591,12135,1,,,,,,
2026-05-20 12:57:11.135,1165370591,12135,2,-0.375,-0.7644,-0.6001,6.595,4.397,6.672
2026-05-20 12:57:11.335,1165370791,12335,1,,,,,,
2026-05-20 12:57:11.335,1165370791,12335,2,-0.43042,-0.69556,-0.57129,-8.374,-13.55,23.924
2026-05-20 12:57:11.535,1165370991,12535,1,,,,,,
2026-05-20 12:57:11.535,1165370991,12535,2,-0.63843,-1.81519,-0.96875,88.71,-5.809,78.641
2026-05-20 12:57:12.735,1165372191,12735,1,,,,,,
2026-05-20 12:57:12.735,1165372191,12735,2,-0.42188,-0.73193,-0.5769,-1.328,0.58,0.305
2026-05-20 12:57:14.401,1165373857,15401,1,,,,,,
2026-05-20 12:57:14.401,1165373857,15401,2,-0.53296,-0.73438,-0.61328,16.405,50.015,-86.244
2026-05-20 12:57:15.698,1165375154,15698,1,,,,,,
2026-05-20 12:57:15.698,1165375154,15698,2,-0.39746,-0.75952,-0.5481,4.305,6.198,-12.824
2026-05-20 12:57:15.898,1165375354,15898,1,,,,,,
2026-05-20 12:57:15.898,1165375354,15898,2,-0.36792,-0.77954,-0.64673,-0.145,-12.061,11.305
2026-05-20 12:57:15.098,1165374554,16098,1,,,,,,
2026-05-20 12:57:15.098,1165374554,16098,2,-0.42529,-0.74438,-0.58081,-1.985,2.977,-0.252
2026-05-20 12:57:15.335,1165374791,16335,1,,,,,,
2026-05-20 12:57:15.335,1165374791,16335,2,-0.49561,-0.73633,-0.66431,-4.366,-9.069,5.908
2026-05-20 12:57:15.535,1165374991,16535,1,,,,,,
2026-05-20 12:57:15.535,1165374991,16535,2,-0.39355,-0.76001,-0.5249,14.244,6.55,-33.443
2026-05-20 12:57:16.735,1165376191,16735,1,,,,,,
2026-05-20 12:57:16.735,1165376191,16735,2,-0.41064,-0.78174,-0.59814,-0.985,-4.244,17.42
2026-05-20 12:57:16.935,1165376391,16935,1,,,,,,
2026-05-20 12:57:16.935,1165376391,16935,2,-0.40356,-0.75195,-0.58398,0.931,-0.656,-1.664
2026-05-20 12:57:16.135,1165375591,17135,1,,,,,,
2026-05-20 12:57:16.135,1165375591,17135,2,-0.3855,-0.75708,-0.56787,-2.168,1.397,0.962
2026-05-20 12:57:16.335,1165375791,17335,1,,,,,,
2026-05-20 12:57:16.335,1165375791,17335,2,-0.39185,-0.77075,-0.63208,-2.695,-4.023,0.542
2026-05-20 12:57:16.535,1165375991,17535,1,,,,,,
2026-05-20 12:57:16.535,1165375991,17535,2,-0.49951,-0.71851,-0.58032,-6.427,-10.733,-4.382
2026-05-20 12:57:17.837,1165377293,17837,1,,,,,,
2026-05-20 12:57:17.837,1165377293,17837,2,-0.32642,-0.73999,-0.57227,-14.191,1.847,33.824
2026-05-20 12:57:17.037,1165376493,18037,1,,,,,,
2026-05-20 12:57:17.037,1165376493,18037,2,-0.37842,-0.75708,-0.56421,-0.206,0.168,2.779
2026-05-20 12:57:17.237,1165376693,18237,1,,,,,,
2026-05-20 12:57:17.237,1165376693,18237,2,-0.70239,-0.96997,-0.64795,-91.687,100.71,121.809
2026-05-20 12:57:17.437,1165376893,18437,1,,,,,,
2026-05-20 12:57:17.437,1165376893,18437,2,-0.35571,0.04395,-1.00781,-31.45,-42.153,40.786
2026-05-20 12:57:20.122,1165379578,21122,1,,,,,,
2026-05-20 12:57:20.122,1165379578,21122,2,-0.43945,0.2002,-0.94702,-14.511,-62.26,35.26
2026-05-20 12:57:20.322,1165379778,21322,1,,,,,,
2026-05-20 12:57:20.322,1165379778,21322,2,0.84253,0.03149,0.52319,-64.229,15.679,-8.008
2026-05-20 12:57:23.327,1165382783,24327,1,,,,,,
2026-05-20 12:57:39.271,1165398727,7271,1,-0.12085,0.58325,-0.70288,1.779,1.466,-0.611
2026-05-20 12:57:39.271,1165398727,7271,2,0.74902,-0.3855,0.51416,-1.168,0.336,0.542
2026-05-20 12:57:39.471,1165398927,7471,1,-0.11914,0.58032,-0.71484,2.489,1.687,-0.664
2026-05-20 12:57:39.471,1165398927,7471,2,0.75635,-0.38062,0.5144,-1.107,0.55,0.519
2026-05-20 12:57:39.705,1165399161,7705,1,-0.1145,0.5708,-0.70996,1.809,1.206,-0.664
2026-05-20 12:57:39.705,1165399161,7705,2,0.75317,-0.38696,0.50391,-1.16,0.641,0.496
2026-05-20 12:57:40.905,1165400361,7905,1,-0.12012,0.56885,-0.72681,1.763,1.389,-0.664
2026-05-20 12:57:40.905,1165400361,7905,2,0.75732,-0.38916,0.5144,-0.511,0.794,0.252
2026-05-20 12:57:40.105,1165399561,8105,1,-0.11694,0.55981,-0.72827,1.863,1.244,-1.191
2026-05-20 12:57:40.105,1165399561,8105,2,0.77197,-0.38525,0.54736,-1.565,0.252,0.305
2026-05-20 12:57:45.500,1165404956,13499,1,-0.125,0.51294,-0.74585,-1.885,1.756,0.076
2026-05-20 12:57:45.500,1165404956,13499,2,0.75098,-0.39111,0.52612,-0.328,-6.794,-3.947
2026-05-20 12:57:45.699,1165405155,13699,1,-0.10791,0.51367,-0.75049,0.382,0.603,2.038
2026-05-20 12:57:45.699,1165405155,13699,2,0.77979,-0.40405,0.50049,-0.344,2.824,5.656
2026-05-20 12:57:46.899,1165406355,13899,1,-0.12646,0.50977,-0.74976,-0.366,0.779,0.695
2026-05-20 12:57:46.899,1165406355,13899,2,0.76538,-0.35938,0.50977,-0.282,-5.718,-3.137
2026-05-20 12:57:46.099,1165405555,14099,1,-0.11963,0.51489,-0.75635,1.557,1.076,-0.214
2026-05-20 12:57:46.099,1165405555,14099,2,0.75049,-0.39233,0.5293,-1.046,4.198,0.618
2026-05-20 12:57:46.301,1165405757,14301,1,-0.12451,0.5105,-0.75195,0.916,1.405,0.031
2026-05-20 12:57:46.301,1165405757,14301,2,0.74805,-0.37012,0.52344,-2.756,-0.481,1.076
2026-05-20 12:57:46.501,1165405957,14501,1,-0.12744,0.51831,-0.75903,-3.115,1.954,0.496
2026-05-20 12:57:46.501,1165405957,14501,2,0.75024,-0.36572,0.51758,-1.16,1.496,3.115
2026-05-20 12:57:46.701,1165406157,14701,1,-0.12329,0.50854,-0.76318,1.573,0.794,-0.748
2026-05-20 12:57:46.701,1165406157,14701,2,0.75708,-0.35571,0.52686,-0.695,-0.183,-1.656
2026-05-20 12:57:47.178,1165406634,15178,1,-0.12012,0.5105,-0.75366,0.389,1.229,-0.611
2026-05-20 12:57:47.178,1165406634,15178,2,0.73511,-0.35425,0.54834,-0.954,-8.183,0.099
2026-05-20 12:57:47.378,1165406834,15378,1,-0.13232,0.50708,-0.76123,-0.985,1.122,-0.092
2026-05-20 12:57:47.378,1165406834,15378,2,0.76465,-0.35474,0.521,-1.725,2.076,2.763
2026-05-20 12:57:47.623,1165407079,15623,1,-0.12183,0.50928,-0.74634,-0.908,1.481,-0.137
2026-05-20 12:57:47.623,1165407079,15623,2,0.76147,-0.354,0.52588,-0.962,1.458,0.908
2026-05-20 12:57:48.823,1165408279,15823,1,-0.11816,0.51294,-0.7666,0.122,1.145,-0.412
2026-05-20 12:57:48.823,1165408279,15823,2,0.75635,-0.35767,0.5249,-1.298,0.359,0.313
2026-05-20 12:57:48.023,1165407479,16023,1,-0.12305,0.51514,-0.74878,-0.229,1.328,-0.466
2026-05-20 12:57:48.023,1165407479,16023,2,0.75269,-0.35718,0.53247,-1.221,1.382,1.038
2026-05-20 12:57:48.223,1165407679,16223,1,-0.12207,0.51074,-0.74829,5.427,0.344,-2.756
2026-05-20 12:57:48.223,1165407679,16223,2,0.7605,-0.35278,0.53247,-2.275,1.466,3.824
2026-05-20 12:57:48.423,1165407879,16423,1,-0.12378,0.51367,-0.75464,1.168,1.031,-0.924
2026-05-20 12:57:48.423,1165407879,16423,2,0.7522,-0.38184,0.51758,-1.168,0.092,-0.321
2026-05-20 12:57:51.205,1165410661,19205,1,-0.12231,0.51318,-0.75708,-0.634,1.328,-0.427
2026-05-20 12:57:51.205,1165410661,19205,2,0.75635,-0.38208,0.50781,-1.26,0.924,0.954
2026-05-20 12:57:51.458,1165410914,19458,1,-0.12134,0.51611,-0.76099,-0.313,1.374,-0.359
2026-05-20 12:57:51.458,1165410914,19458,2,0.7522,-0.37402,0.52368,-1.366,0.916,0.649
2026-05-20 12:57:54.318,1165413774,22318,1,-0.12671,0.51196,-0.75635,-1.344,1.74,-0.29
2026-05-20 12:57:54.318,1165413774,22318,2,0.75146,-0.36621,0.52051,-1.038,,-0.145
2026-05-20 12:57:54.518,1165413974,22518,1,-0.12671,0.50342,-0.76172,0.153,1.168,-0.618
2026-05-20 12:57:54.518,1165413974,22518,2,0.76489,-0.36816,0.53174,-0.908,-1.397,-1.412
2026-05-20 12:57:54.718,1165414174,22718,1,-0.13062,0.49316,-0.76196,1.763,0.985,-0.649
2026-05-20 12:57:54.718,1165414174,22718,2,0.76587,-0.36987,0.52832,-1.389,0.344,0.336
2026-05-20 12:57:40.105,1165399561,8105,2,0.77197,-0.38525,0.54736,-1.565,0.252,0.305
2026-05-20 12:57:57.785,1165417241,25785,1,-0.12817,0.46826,-0.76782,-53.763,20.702,18.504
2026-05-20 12:57:57.785,1165417241,25785,2,0.64722,-0.08423,0.73877,-3.863,-14.107,10.611
2026-05-20 12:58:01.856,1165421312,28856,1,-0.125,0.52222,-0.74243,2.046,0.824,-0.832
2026-05-20 12:58:01.856,1165421312,28856,2,0.71509,-0.21655,0.63452,-1.786,-0.214,1.176
2026-05-20 12:58:01.056,1165420512,29056,1,-0.12524,0.51587,-0.74658,1.298,1.153,-0.924
2026-05-20 12:58:01.056,1165420512,29056,2,0.71436,-0.21997,0.63525,-2.137,-0.443,0.557
2026-05-20 12:58:01.256,1165420712,29256,1,-0.12402,0.51709,-0.72461,-4.397,3.893,
2026-05-20 12:58:01.256,1165420712,29256,2,0.71509,-0.22925,0.64429,-1.901,0.534,-0.282
2026-05-20 12:58:01.485,1165420941,29485,1,-0.12451,0.53491,-0.7312,-2.634,-0.229,1.992
2026-05-20 12:58:01.485,1165420941,29485,2,0.72485,-0.21338,0.64966,-4.168,9.42,10.176
2026-05-20 12:58:01.685,1165421141,29685,1,-0.13208,0.52002,-0.75293,5.313,0.252,-2.389
2026-05-20 12:58:01.685,1165421141,29685,2,0.71753,-0.21484,0.62256,0.015,1.718,-0.252
2026-05-20 12:58:02.885,1165422341,29885,1,-0.13037,0.52588,-0.75903,-0.237,1.214,-0.359
2026-05-20 12:58:02.885,1165422341,29885,2,0.71753,-0.21851,0.62939,-1.489,0.198,0.802
2026-05-20 12:58:02.085,1165421541,30085,1,-0.13354,0.52124,-0.75366,0.336,0.824,-0.55
2026-05-20 12:58:02.085,1165421541,30085,2,0.71826,-0.21753,0.63574,-1.924,0.122,0.931
2026-05-20 12:58:02.285,1165421741,30285,1,-0.12598,0.51782,-0.73169,0.412,1.412,-0.656
2026-05-20 12:58:02.285,1165421741,30285,2,0.72266,-0.22046,0.62622,-1.305,-0.023,0.389
2026-05-20 12:58:05.258,1165424714,33258,1,-0.13281,0.5166,-0.75342,-0.351,1.13,-0.366
2026-05-20 12:58:05.258,1165424714,33258,2,0.71997,-0.21826,0.63159,-1.122,0.527,0.366
2026-05-20 12:58:05.458,1165424914,33458,1,-0.12524,0.51758,-0.74756,-3.427,1.992,-0.366
2026-05-20 12:58:05.458,1165424914,33458,2,0.72681,-0.22339,0.63721,-1.252,-0.397,0.389
2026-05-20 12:58:05.658,1165425114,33658,1,-0.12354,0.51807,-0.75317,0.076,1.267,-0.573
2026-05-20 12:58:05.658,1165425114,33658,2,0.72144,-0.22339,0.62598,-1.26,0.725,0.618
2026-05-20 12:58:08.609,1165428065,36609,1,-0.13306,0.51025,-0.75464,0.282,0.992,-0.275
2026-05-20 13:18:42.455,1166661911,5455,1,0.96558,-0.15332,0.48706,-0.443,2.458,-0.015
2026-05-20 13:18:42.455,1166661911,5455,2,0.94604,-0.32544,0.18774,0.847,-2.115,0.183
2026-05-20 13:18:42.655,1166662111,5655,1,0.96045,-0.16089,0.51636,-0.832,2.275,0.031
2026-05-20 13:18:42.655,1166662111,5655,2,0.94873,-0.28442,0.23218,-4.565,-0.58,-0.802
2026-05-20 13:18:43.855,1166663311,5855,1,0.95435,-0.16479,0.49976,-1.344,0.847,-0.969
2026-05-20 13:18:43.855,1166663311,5855,2,0.96021,-0.29248,0.19189,4.84,0.534,0.733
2026-05-20 13:18:43.055,1166662511,6055,1,0.96606,-0.14282,0.50073,3.412,1.954,-2.313
2026-05-20 13:18:43.055,1166662511,6055,2,0.95801,-0.30005,0.22046,-0.771,-1.496,-0.397
2026-05-20 13:18:43.255,1166662711,6255,1,0.96509,-0.14038,0.50342,0.824,1.679,-1.527
2026-05-20 13:18:43.255,1166662711,6255,2,0.94897,-0.30811,0.19653,1.985,-0.58,0.733
2026-05-20 13:18:43.478,1166662934,6477,1,0.96411,-0.14575,0.50366,1.725,1.679,0.229
2026-05-20 13:18:43.478,1166662934,6477,2,0.95093,-0.30176,0.19995,1.504,-1.168,0.954
2026-05-20 13:18:43.677,1166663133,6677,1,0.95605,-0.14502,0.50439,0.985,0.916,1.153
2026-05-20 13:18:43.677,1166663133,6677,2,0.94873,-0.29956,0.19849,3.794,0.519,2.099
2026-05-20 13:18:44.877,1166664333,6877,1,0.9624,-0.14624,0.50464,2.008,-0.183,1.153
2026-05-20 13:18:44.877,1166664333,6877,2,0.9519,-0.3042,0.198,1.351,1.29,1.221
2026-05-20 13:18:44.177,1166663633,7177,1,0.95996,-0.14478,0.49121,-1.389,1.084,-1.382
2026-05-20 13:18:44.177,1166663633,7177,2,0.95068,-0.30225,0.1814,-4.87,3.496,0.534
2026-05-20 13:18:44.377,1166663833,7377,1,0.96118,-0.14648,0.50684,-0.595,2.618,-1.359
2026-05-20 13:18:44.377,1166663833,7377,2,0.96484,-0.28735,0.21362,-5.473,-1.229,-1.092
2026-05-20 13:18:44.577,1166664033,7577,1,0.95752,-0.14111,0.50928,-1.389,2.137,-0.794
2026-05-20 13:18:44.577,1166664033,7577,2,0.94873,-0.29565,0.21777,-5.443,2.015,-0.107
2026-05-20 13:18:44.777,1166664233,7777,1,0.95044,-0.14063,0.51221,-1.702,3.008,-1.008
2026-05-20 13:18:44.777,1166664233,7777,2,0.9624,-0.23706,0.24243,-3.0,1.824,-2.771
2026-05-20 13:18:45.977,1166665433,7977,1,0.95361,-0.15381,0.52979,1.863,0.977,-0.557
2026-05-20 13:18:45.977,1166665433,7977,2,0.95313,-0.2998,0.2124,-6.611,2.122,1.588
2026-05-20 13:18:45.177,1166664633,8177,1,0.9624,-0.13647,0.52368,0.511,0.824,-0.298
2026-05-20 13:18:45.177,1166664633,8177,2,0.95044,-0.29761,0.18652,-12.519,4.069,-1.588
2026-05-20 13:18:45.377,1166664833,8377,1,0.95801,-0.12939,0.51563,0.702,0.954,-0.924
2026-05-20 13:18:45.377,1166664833,8377,2,0.94702,-0.32007,0.19922,-3.389,-1.679,-0.824
2026-05-20 13:18:45.577,1166665033,8577,1,0.96216,-0.13306,0.51733,-0.511,-2.656,1.672
2026-05-20 13:18:45.577,1166665033,8577,2,0.96362,-0.29834,0.21265,-2.344,-0.389,-0.267
2026-05-20 13:18:48.257,1166667713,11257,1,0.96655,-0.13306,0.51318,1.206,3.229,-1.122
2026-05-20 13:18:48.257,1166667713,11257,2,0.94678,-0.30347,0.19995,0.817,-0.046,0.244
2026-05-20 13:18:48.457,1166667913,11457,1,0.95117,-0.13184,0.50537,-0.008,1.176,-0.824
2026-05-20 13:18:48.457,1166667913,11457,2,0.94946,-0.34082,0.18628,-14.756,0.214,0.977
2026-05-20 13:18:56.263,1166675719,19263,1,0.97412,-0.19434,0.46533,-1.74,0.42,-0.733
2026-05-20 13:18:56.263,1166675719,19263,2,0.92896,-0.37109,0.23779,-2.565,1.481,-0.405
2026-05-20 13:18:56.463,1166675919,19463,1,0.9646,-0.18481,0.45679,0.183,1.443,-4.656
2026-05-20 13:18:56.463,1166675919,19463,2,0.89575,-0.38892,0.23193,-1.901,0.16,-0.824
2026-05-20 13:18:56.463,1166675919,19463,2,0.89575,-0.38892,0.23193,-1.901,0.16,-0.824
2026-05-20 13:19:01.565,1166681021,24565,1,0.96265,-0.10303,0.49048,-0.908,1.382,-0.328
2026-05-20 13:19:01.565,1166681021,24565,2,0.96289,-0.27441,0.09521,52.282,-9.931,11.336
2026-05-20 13:19:12.580,1166692036,35580,1,0.96338,0.04834,0.54907,-59.656,2.122,-28.481
2026-05-20 13:19:12.580,1166692036,35580,1,0.96338,0.04834,0.54907,-59.656,2.122,-28.481
2026-05-20 13:19:12.580,1166692036,35580,2,0.94897,0.13452,0.06543,0.137,18.267,-9.183
2026-05-20 13:19:12.580,1166692036,35580,2,0.94897,0.13452,0.06543,0.137,18.267,-9.183
2026-05-20 13:19:25.738,1166705194,48738,1,0.84106,-0.02246,0.68896,1.412,-1.137,3.229
2026-05-20 13:19:25.738,1166705194,48738,2,0.99268,-0.15503,0.15137,-1.702,-0.763,2.756
2026-05-20 13:19:26.938,1166706394,48938,1,0.86377,-0.01807,0.68262,1.977,-0.634,-3.985
2026-05-20 13:19:26.938,1166706394,48938,2,0.96582,-0.14819,0.16504,-1.115,-2.863,2.527
2026-05-20 13:19:26.138,1166705594,49138,1,0.86523,-0.0166,0.68726,-0.771,0.015,-3.084
2026-05-20 13:19:26.138,1166705594,49138,2,0.99194,-0.14771,0.14844,-6.58,-1.328,1.87
2026-05-20 13:19:26.338,1166705794,49338,1,0.87695,-0.00537,0.68555,-1.611,-4.122,-3.137
2026-05-20 13:19:26.338,1166705794,49338,2,1.00391,-0.16968,0.12476,0.237,-2.58,2.031
2026-05-20 13:19:26.538,1166705994,49538,1,0.90576,-0.02075,0.62354,-1.351,-3.023,-4.229
2026-05-20 13:19:26.538,1166705994,49538,2,1.0249,-0.1521,0.12891,-1.771,-0.954,-0.435
2026-05-20 13:19:26.738,1166706194,49738,1,0.89453,0.05493,0.63452,0.328,-9.244,-1.344
2026-05-20 13:19:26.738,1166706194,49738,2,1.01465,-0.18018,0.08862,-5.435,1.031,3.595
2026-05-20 13:19:27.938,1166707394,49938,1,0.90454,-0.00415,0.61377,-4.382,-4.13,-3.916
2026-05-20 13:19:27.938,1166707394,49938,2,0.99902,-0.16919,0.10205,-4.656,3.359,1.557
2026-05-20 13:19:27.228,1166706684,50228,1,0.92822,-0.04468,0.60181,-3.695,-4.183,-2.0
2026-05-20 13:19:27.228,1166706684,50228,2,1.00073,-0.17651,0.06372,3.374,-4.733,3.0
2026-05-20 13:19:27.428,1166706884,50428,1,0.93286,-0.00366,0.55273,8.763,-1.0,4.031
2026-05-20 13:19:27.428,1166706884,50428,2,1.01563,-0.15552,0.12451,-1.038,2.458,1.229
2026-05-20 13:19:27.628,1166707084,50628,1,0.91528,0.01074,0.59277,3.71,-0.092,1.718
2026-05-20 13:19:27.628,1166707084,50628,2,1.00562,-0.20801,0.11011,-0.351,2.634,4.267
2026-05-20 13:19:28.828,1166708284,50828,1,0.90503,-0.01465,0.5896,4.557,-2.061,3.947
2026-05-20 13:19:28.828,1166708284,50828,2,1.01587,-0.19824,0.12354,2.588,-1.679,0.443
2026-05-20 13:19:28.063,1166707519,51063,1,0.95532,-0.01318,0.58057,1.977,-3.466,-2.519
2026-05-20 13:19:28.063,1166707519,51063,2,1.01636,-0.22705,0.12158,-0.084,-2.267,-2.13
2026-05-20 13:19:28.263,1166707719,51263,1,0.96899,0.00073,0.53247,-1.244,-4.084,1.053
2026-05-20 13:19:28.263,1166707719,51263,2,1.00391,-0.2041,0.10474,-11.321,5.687,5.191
2026-05-20 13:19:28.463,1166707919,51463,1,0.94873,-0.01538,0.53149,11.198,-0.908,8.168
2026-05-20 13:19:28.463,1166707919,51463,2,0.90918,-0.15942,0.10889,-7.069,-1.191,-2.733
2026-05-20 13:19:29.833,1166709289,51833,1,0.96948,-0.09375,0.52051,-10.069,-15.191,4.183
2026-05-20 13:19:29.833,1166709289,51833,2,1.05957,-0.19482,0.02124,3.229,-8.908,1.099
2026-05-20 13:19:29.033,1166708489,52033,1,0.99341,-0.14136,0.50073,8.183,-1.947,-0.626
2026-05-20 13:19:29.033,1166708489,52033,2,1.01001,-0.21289,0.0874,-3.382,-7.076,3.244
2026-05-20 13:19:29.233,1166708689,52233,1,0.97925,-0.07813,0.46045,10.985,-8.115,4.847
2026-05-20 13:19:29.233,1166708689,52233,2,1.00757,-0.25293,0.06079,9.397,-1.443,3.656
2026-05-20 13:19:29.433,1166708889,52433,1,1.01172,0.01221,0.43921,11.618,1.099,0.206
2026-05-20 13:19:29.433,1166708889,52433,2,0.92847,-0.15479,0.1582,-9.863,9.573,-2.244
2026-05-20 13:19:29.633,1166709089,52633,1,0.96753,0.02368,0.47339,-9.435,2.603,-14.099
2026-05-20 13:19:29.633,1166709089,52633,2,1.03491,-0.16479,0.0896,-17.771,9.71,-3.405
2026-05-20 13:19:30.833,1166710289,52833,1,1.00488,0.04028,0.45508,-12.489,-0.489,-8.061
2026-05-20 13:19:30.833,1166710289,52833,2,0.98486,-0.17065,0.16797,-15.206,5.336,-1.618
2026-05-20 13:19:30.033,1166709489,53033,1,0.96655,0.00928,0.47534,-9.534,1.718,-3.275
2026-05-20 13:19:30.033,1166709489,53033,2,0.99463,-0.18896,0.14355,-7.687,2.74,-1.718
2026-05-20 13:19:30.293,1166709749,53293,1,0.97437,-0.00195,0.45532,-3.45,-0.061,-1.389
2026-05-20 13:19:30.293,1166709749,53293,2,0.99072,-0.1958,0.13184,-3.053,-0.382,1.496
2026-05-20 13:19:30.493,1166709949,53493,1,0.99316,0.00366,0.44556,2.458,3.153,-0.359
2026-05-20 13:19:30.493,1166709949,53493,2,0.99707,-0.20044,0.11328,2.466,-0.977,2.084
2026-05-20 13:19:30.693,1166710149,53693,1,1.00195,0.00073,0.45923,1.901,3.802,3.794
2026-05-20 13:19:30.693,1166710149,53693,2,0.99341,-0.21826,0.1106,-4.893,0.794,1.565
2026-05-20 13:19:33.423,1166712879,56423,1,1.00684,-0.00757,0.42139,5.336,-5.031,2.489
2026-05-20 13:19:33.423,1166712879,56423,2,0.99121,-0.20532,0.125,3.954,-2.275,1.504
2026-05-20 13:19:33.623,1166713079,56623,1,1.02197,-0.021,0.40527,-9.237,9.496,-4.397
2026-05-20 13:19:33.623,1166713079,56623,2,1.02026,-0.18701,0.08765,-12.053,3.26,0.076
2026-05-20 13:19:34.823,1166714279,56823,1,0.99023,-0.03149,0.49463,-32.534,14.153,-32.046
2026-05-20 13:19:34.823,1166714279,56823,2,1.01587,-0.22266,0.0918,-20.542,8.359,-2.916
2026-05-20 13:19:36.476,1166715932,59475,1,0.96362,-0.01807,0.56079,-3.748,17.145,-0.015
2026-05-20 13:19:36.476,1166715932,59475,2,0.9812,-0.19336,0.12012,1.435,-2.26,6.969
2026-05-20 13:19:36.675,1166716131,59675,1,0.95947,-0.02026,0.53491,-0.573,1.588,1.511
2026-05-20 13:19:36.675,1166716131,59675,2,0.94897,-0.20459,0.12988,2.87,0.015,4.42
2026-05-20 13:19:39.553,1166719009,62552,1,0.95679,-0.02246,0.53442,9.0,1.771,4.55
2026-05-20 13:19:39.553,1166719009,62552,2,0.98755,-0.20361,0.16406,7.473,-2.16,2.237
2026-05-20 13:19:40.873,1166720329,62872,1,0.96167,-0.01416,0.52881,7.015,0.565,3.504
2026-05-20 13:19:40.873,1166720329,62872,2,0.99707,-0.20532,0.14966,8.664,-1.779,1.374
2026-05-20 13:19:40.072,1166719528,63072,1,0.96606,0.01978,0.51685,12.397,3.672,2.794
2026-05-20 13:19:40.072,1166719528,63072,2,0.89038,-0.15991,0.24561,-3.947,-3.756,-6.137
2026-05-20 13:19:40.272,1166719728,63272,1,0.95825,-0.02124,0.50659,22.954,-1.618,16.015
2026-05-20 13:19:40.272,1166719728,63272,2,0.9187,-0.26147,0.25024,-28.534,17.763,-1.641
2026-05-20 13:19:43.302,1166722758,66302,1,0.94727,-0.10034,0.5813,-27.008,4.954,-10.939
2026-05-20 13:19:43.302,1166722758,66302,2,0.95044,-0.31958,0.24048,-20.092,7.16,-0.611
2026-05-20 13:19:43.559,1166723015,66559,1,0.93042,-0.17676,0.56812,-14.305,-1.26,5.824
2026-05-20 13:19:43.559,1166723015,66559,2,0.94434,-0.33008,0.23096,-13.313,0.847,-0.137
2026-05-20 13:19:43.759,1166723215,66759,1,0.94922,-0.23315,0.53662,11.74,-2.366,9.824
2026-05-20 13:19:43.759,1166723215,66759,2,0.92896,-0.35352,0.2832,18.55,-2.321,8.611
2026-05-20 13:19:46.356,1166725812,69356,1,1.08569,-0.19629,0.32251,19.855,-0.389,-6.099
2026-05-20 13:19:46.356,1166725812,69356,2,1.13403,-0.27856,-0.00635,-45.26,6.931,-30.031
2026-05-20 13:19:46.556,1166726012,69556,1,0.99487,0.16992,0.41699,19.893,6.298,12.443
2026-05-20 13:19:46.556,1166726012,69556,2,1.10156,-0.19189,-0.02637,-26.588,0.672,5.702
2026-05-20 13:19:46.756,1166726212,69756,1,1.02734,0.2124,0.43677,11.344,-6.115,19.504
2026-05-20 13:19:46.756,1166726212,69756,2,0.99707,-0.21802,0.06348,-54.855,6.969,-24.519
2026-05-20 13:19:47.035,1166726491,70035,1,0.85864,0.05884,0.55859,-45.13,10.863,-14.695
2026-05-20 13:19:47.035,1166726491,70035,2,0.96851,-0.19043,0.12085,-50.275,3.496,-6.649
2026-05-20 13:19:47.235,1166726691,70235,1,0.91602,-0.03198,0.55518,-71.069,-4.565,-17.672
2026-05-20 13:19:47.235,1166726691,70235,2,0.98975,-0.18604,0.12842,-56.58,5.496,-7.412
2026-05-20 13:19:47.435,1166726891,70435,1,0.90063,-0.08643,0.55835,-70.718,21.893,-34.595
2026-05-20 13:19:47.435,1166726891,70435,2,0.94507,-0.29297,0.10718,-73.649,24.015,-19.244
2026-05-20 13:19:47.435,1166726891,70435,2,0.94507,-0.29297,0.10718,-73.649,24.015,-19.244
2026-05-20 13:19:55.557,1166735013,78557,1,0.88403,-0.02979,0.59253,16.519,6.435,8.084
2026-05-20 13:19:55.557,1166735013,78557,2,1.04028,-0.06519,0.16528,-1.603,-13.26,-9.435
2026-05-20 13:19:58.998,1166738454,80998,1,0.86304,0.00464,0.64038,0.076,7.87,19.023
2026-05-20 13:19:58.998,1166738454,80998,2,1.06616,-0.03833,0.06543,4.489,-1.328,0.275
2026-05-20 13:19:58.198,1166737654,81198,1,0.89014,0.17627,0.64429,-16.382,3.809,-18.374
2026-05-20 13:19:58.198,1166737654,81198,2,1.00903,-0.10425,0.11279,-71.183,16.244,-12.527
2026-05-20 13:19:58.398,1166737854,81398,1,0.89282,-0.00562,0.6355,-59.336,-3.878,-25.0
2026-05-20 13:19:58.398,1166737854,81398,2,0.94043,-0.16846,0.04492,5.153,21.802,-6.527
2026-05-20 13:20:01.120,1166740576,84120,1,0.95215,-0.03931,0.5188,-35.176,44.099,-14.763
2026-05-20 13:20:01.120,1166740576,84120,2,1.00293,-0.06909,0.44067,-21.26,11.664,-14.695
2026-05-20 13:20:01.320,1166740776,84320,1,0.82593,0.04346,0.73315,1.55,15.435,5.626
2026-05-20 13:20:01.320,1166740776,84320,2,1.02002,-0.10547,0.16895,29.786,-2.473,13.947
2026-05-20 13:20:04.154,1166743610,87154,1,0.94189,-0.03931,0.61719,19.786,8.405,8.519
2026-05-20 13:20:04.154,1166743610,87154,2,1.00049,-0.06543,0.17969,15.672,6.458,-2.557
2026-05-20 13:20:04.354,1166743810,87354,1,0.80908,0.13086,0.67993,-1.29,-4.191,1.191
2026-05-20 13:20:04.354,1166743810,87354,2,0.95801,0.00464,0.07495,-15.435,-2.252,5.641
2026-05-20 13:20:04.554,1166744010,87554,1,1.11108,0.10059,0.50513,-47.977,-7.565,-23.664
2026-05-20 13:20:04.554,1166744010,87554,2,1.09717,-0.13599,0.16138,-63.931,22.443,-13.58
2026-05-20 13:20:04.754,1166744210,87754,1,0.8606,-0.15527,0.51929,-16.496,42.443,-1.412
2026-05-20 13:20:04.754,1166744210,87754,2,0.90308,-0.06226,0.28149,18.519,22.275,-21.107
2026-05-20 13:20:05.954,1166745410,87954,1,0.58032,0.15625,0.84814,43.618,40.802,25.069
2026-05-20 13:20:05.954,1166745410,87954,2,0.91797,-0.1272,0.24658,-23.26,-3.916,2.702
2026-05-20 13:20:05.154,1166744610,88154,1,0.68457,0.12354,0.84448,-23.718,6.885,-4.885
2026-05-20 13:20:05.154,1166744610,88154,2,0.98853,-0.18311,0.38794,-31.023,11.328,26.305
2026-05-20 13:20:08.237,1166747693,91237,1,0.90649,-0.46582,0.55786,-66.351,22.313,-21.023
2026-05-20 13:20:08.237,1166747693,91237,2,0.89063,-0.3877,0.30225,-93.985,24.252,-25.55
2026-05-20 13:20:08.437,1166747893,91437,1,0.74023,-0.51245,0.62036,-13.137,13.191,-13.611
2026-05-20 13:20:08.437,1166747893,91437,2,0.86816,-0.44922,0.34229,-18.29,8.55,-7.099
2026-05-20 13:20:08.637,1166748093,91637,1,0.81592,-0.40112,0.61035,-17.359,0.45,-11.534
2026-05-20 13:20:08.637,1166748093,91637,2,0.83057,-0.50488,0.32983,-26.008,16.443,23.809
2026-05-20 13:20:09.837,1166749293,91837,1,0.90527,-0.58838,0.45923,-7.313,-9.351,9.656
2026-05-20 13:20:09.837,1166749293,91837,1,0.90527,-0.58838,0.45923,-7.313,-9.351,9.656
2026-05-20 13:20:09.837,1166749293,91837,2,1.02417,0.00171,0.34741,4.145,-29.466,14.702
2026-05-20 13:20:19.349,1166758805,102349,1,0.65088,-0.13892,1.03003,14.557,-42.267,-16.13
2026-05-20 13:20:19.349,1166758805,102349,2,0.9939,-0.06299,0.35889,-1.534,-34.481,10.496
2026-05-20 13:20:19.549,1166759005,102549,1,0.62988,0.2251,0.61719,26.969,-47.58,6.229
2026-05-20 13:20:19.549,1166759005,102549,2,1.05786,-0.177,0.16162,-37.733,-4.252,11.679
2026-05-20 13:20:20.887,1166760343,102886,1,0.86914,-0.03369,0.60205,-26.183,-6.885,-6.557
2026-05-20 13:20:20.887,1166760343,102886,2,0.99463,-0.21362,0.13574,-17.305,5.427,6.748
2026-05-20 13:20:20.086,1166759542,103086,1,0.95288,-0.05688,0.60669,-6.656,-4.221,4.855
2026-05-20 13:20:20.086,1166759542,103086,2,1.02612,-0.14136,0.10303,6.603,0.863,5.023
2026-05-20 13:20:20.286,1166759742,103286,1,0.89771,-0.07324,0.5874,3.351,17.489,10.305
2026-05-20 13:20:20.286,1166759742,103286,2,1.04541,-0.06714,0.11353,22.237,-0.092,-2.344
2026-05-20 13:20:20.486,1166759942,103486,1,0.94531,-0.04175,0.69043,-5.038,11.634,0.214
2026-05-20 13:20:20.486,1166759942,103486,2,0.77173,-0.02026,0.53809,-20.298,-9.366,-36.328
2026-05-20 13:20:23.900,1166763356,105900,1,0.40454,0.0752,1.16797,16.649,10.015,-37.504
2026-05-20 13:20:23.900,1166763356,105900,2,0.80615,-0.19336,0.54834,-11.046,-10.626,-8.344
2026-05-20 13:20:23.100,1166762556,106100,1,0.6189,-0.16895,1.02124,51.313,-16.634,56.824
2026-05-20 13:20:23.100,1166762556,106100,2,0.99878,0.41162,0.42847,83.931,3.649,14.901
2026-05-20 13:20:23.300,1166762756,106300,1,0.14233,0.3374,0.7771,8.344,32.542,44.206
2026-05-20 13:20:23.300,1166762756,106300,2,0.43628,0.63989,0.01587,-25.275,12.893,24.359
2026-05-20 13:20:26.900,1166766356,108900,1,0.49414,-0.01587,1.17017,-9.954,-12.55,-20.153
2026-05-20 13:20:26.900,1166766356,108900,2,0.88477,0.11621,0.52124,-2.901,9.137,-11.145
2026-05-20 13:20:26.100,1166765556,109100,1,0.4646,-0.2085,0.9436,-25.679,-17.847,-5.763
2026-05-20 13:20:26.100,1166765556,109100,2,0.67065,-0.15283,0.55273,-16.969,-9.481,11.328
2026-05-20 13:20:29.982,1166769438,111982,1,0.70068,-0.28564,0.79858,3.221,-4.511,2.565
2026-05-20 13:20:29.982,1166769438,111982,2,0.88232,-0.17969,0.46167,-9.374,-2.198,-0.061
2026-05-20 13:20:29.182,1166768638,112182,1,0.88867,-0.2666,0.83276,-22.908,0.725,-8.557
2026-05-20 13:20:29.182,1166768638,112182,2,1.0603,0.00513,0.44214,22.053,32.466,-5.168
2026-05-20 13:20:29.382,1166768838,112382,1,0.70605,-0.48633,0.62183,-26.878,25.55,-12.58
2026-05-20 13:20:29.382,1166768838,112382,2,0.8833,0.18408,0.28076,2.26,4.992,-19.893
2026-05-20 13:20:35.234,1166774690,118234,1,0.64746,-0.07397,0.90771,-5.511,9.107,-7.595
2026-05-20 13:20:35.234,1166774690,118234,2,0.86694,0.03174,0.49976,-10.969,6.527,-5.435
2026-05-20 13:20:35.434,1166774890,118434,1,0.45703,-0.06616,0.98389,-15.221,18.153,-11.16
2026-05-20 13:20:35.434,1166774890,118434,2,0.79785,-0.05054,0.46875,-21.74,-14.733,21.992
2026-05-20 13:20:35.634,1166775090,118634,1,0.66846,-0.11987,0.92725,6.061,-15.153,14.985
2026-05-20 13:20:35.634,1166775090,118634,2,0.89697,-0.13013,0.52612,10.275,-30.0,7.321
2026-05-20 13:20:38.305,1166777761,121305,1,0.72021,-0.10742,0.89697,24.206,-6.344,14.878
2026-05-20 13:20:38.305,1166777761,121305,2,0.9624,-0.07715,0.46094,16.053,-20.702,1.198
2026-05-20 13:20:38.505,1166777961,121505,1,0.64014,-0.03784,0.90015,-8.221,1.267,-4.191
2026-05-20 13:20:38.505,1166777961,121505,2,0.91504,-0.01343,0.40015,0.802,-5.42,-3.282
2026-05-20 13:20:41.280,1166780736,124280,1,0.69702,-0.07983,0.90039,0.137,1.229,-4.702
2026-05-20 13:20:41.280,1166780736,124280,2,0.9187,0.02905,0.44287,-19.153,1.901,-2.695
2026-05-20 13:20:41.480,1166780936,124480,1,0.69531,-0.02295,0.85229,11.328,9.321,5.473
2026-05-20 13:20:41.480,1166780936,124480,2,0.94067,0.03271,0.46509,5.305,12.878,-3.412
2026-05-20 13:20:41.680,1166781136,124680,1,0.81689,-0.22729,0.92896,19.145,38.893,40.527
2026-05-20 13:20:41.680,1166781136,124680,2,1.11108,0.23242,0.71582,29.427,94.466,-33.328
2026-05-20 13:20:42.908,1166782364,124908,1,0.19946,-0.13721,1.00903,-5.092,105.733,-7.878
2026-05-20 13:20:42.908,1166782364,124908,2,0.44971,0.10522,0.64893,-16.756,77.145,-30.031
2026-05-20 13:20:42.108,1166781564,125108,1,0.00952,0.03467,1.00439,11.962,49.221,-6.328
2026-05-20 13:20:42.108,1166781564,125108,2,0.21606,0.12305,0.41846,3.901,28.466,-17.351
2026-05-20 13:20:42.308,1166781764,125308,1,-0.19336,0.00098,1.03784,13.924,-52.466,-3.29
2026-05-20 13:20:42.308,1166781764,125308,2,0.84326,0.08643,0.47681,-23.786,-3.412,-2.359
2026-05-20 13:20:45.499,1166784955,128499,1,0.43262,0.07251,1.04834,-4.046,10.443,-12.977
2026-05-20 13:20:45.499,1166784955,128499,2,0.86963,0.03027,0.4812,-21.328,-1.977,-0.885
2026-05-20 13:20:45.699,1166785155,128699,1,0.47388,-0.0896,1.09546,-31.534,-21.511,4.565
2026-05-20 13:20:45.699,1166785155,128699,2,0.9126,-0.09424,0.5332,-11.824,-2.198,13.191
2026-05-20 13:20:46.899,1166786355,128899,1,0.45215,-0.1853,0.93726,-48.252,-32.443,4.221
2026-05-20 13:20:46.899,1166786355,128899,2,0.8147,-0.13721,0.51025,-9.145,-9.618,22.191
2026-05-20 13:20:46.099,1166785555,129099,1,0.63354,-0.2439,0.823,-18.702,-18.885,5.985
2026-05-20 13:20:46.099,1166785555,129099,2,0.86841,-0.14233,0.45068,19.321,-0.466,-0.588
2026-05-20 13:20:46.331,1166785787,129331,1,0.61572,-0.22192,0.86182,52.053,12.901,11.038
2026-05-20 13:20:46.331,1166785787,129331,2,0.91431,-0.03198,0.44629,8.008,2.626,-10.099
2026-05-20 13:20:46.531,1166785987,129531,1,0.53979,-0.09033,1.02759,19.191,15.87,-6.473
2026-05-20 13:20:46.531,1166785987,129531,2,0.89771,-0.04346,0.43506,8.969,-0.16,-13.382
2026-05-20 13:20:49.494,1166788950,132494,1,-0.02466,0.0874,1.21704,16.023,62.244,-2.42
2026-05-20 13:20:49.494,1166788950,132494,2,0.28857,0.33228,0.92041,6.252,-3.573,4.29
2026-05-20 13:20:50.821,1166790277,132821,1,-0.15161,0.14917,1.35767,-10.603,-39.901,-0.069
2026-05-20 13:20:50.821,1166790277,132821,2,0.36597,0.27515,0.82642,-19.901,-53.16,27.13
2026-05-20 13:20:50.021,1166789477,133021,1,0.20508,0.02563,1.18994,-16.672,-108.878,7.427
2026-05-20 13:20:50.021,1166789477,133021,2,0.72778,-0.01758,0.50635,5.832,-113.87,43.763
2026-05-20 13:20:50.221,1166789677,133221,1,0.18262,-0.07642,0.47559,19.916,-78.214,-1.939
2026-05-20 13:20:50.221,1166789677,133221,2,0.69897,-0.10181,0.43384,57.527,-71.832,51.679
2026-05-20 13:20:50.421,1166789877,133421,1,0.96997,0.11255,0.45874,52.405,-19.847,24.573
2026-05-20 13:20:50.421,1166789877,133421,2,0.87793,-0.01611,0.46973,-1.664,5.863,-6.924
2026-05-20 13:20:53.050,1166792506,136049,1,0.49219,-0.16016,0.96729,-17.496,23.046,4.16
2026-05-20 13:20:53.050,1166792506,136049,2,0.88232,0.05981,0.44775,8.824,0.947,-9.038
2026-05-20 13:20:53.249,1166792705,136249,1,0.66382,0.07056,0.95068,5.389,-10.427,7.534
2026-05-20 13:20:53.249,1166792705,136249,2,0.93506,0.09839,0.39038,19.344,-9.275,7.427
2026-05-20 13:20:53.449,1166792905,136449,1,0.64575,0.03833,0.89404,9.969,-1.725,14.008
2026-05-20 13:20:53.449,1166792905,136449,2,0.93408,0.12891,0.35181,4.885,-10.427,12.137
2026-05-20 13:20:54.833,1166794289,136833,1,0.69238,0.04883,0.89404,15.344,-1.122,10.908
2026-05-20 13:20:54.833,1166794289,136833,2,0.97168,0.1582,0.30103,25.664,-3.031,5.191
2026-05-20 13:20:54.033,1166793489,137033,1,0.66455,0.10449,0.90283,3.137,5.099,3.595
2026-05-20 13:20:54.033,1166793489,137033,2,1.04248,0.03369,0.40503,-21.473,4.977,2.954
2026-05-20 13:20:54.318,1166793774,137317,1,0.70557,0.02441,0.81836,-4.885,-0.809,-3.695
2026-05-20 13:20:54.318,1166793774,137317,2,0.92358,0.02197,0.39697,-12.382,5.977,2.954
2026-05-20 13:20:54.517,1166793973,137517,1,0.66748,-0.05981,0.90259,-8.947,-7.679,3.473
2026-05-20 13:20:54.517,1166793973,137517,2,0.97656,0.00146,0.36597,-2.321,-5.87,14.824
2026-05-20 13:20:54.717,1166794173,137717,1,0.72778,-0.04688,0.84521,-45.107,-12.908,-1.687
2026-05-20 13:20:54.717,1166794173,137717,2,0.99561,0.01294,0.29004,-27.893,-0.763,15.779
2026-05-20 13:20:54.717,1166794173,137717,2,0.99561,0.01294,0.29004,-27.893,-0.763,15.779
2026-05-20 13:21:00.816,1166800272,142816,1,0.5083,0.0459,1.00293,-4.405,-1.198,-9.412
2026-05-20 13:21:00.816,1166800272,142816,2,0.89038,0.03613,0.4812,-8.153,-2.733,-1.626
2026-05-20 13:21:00.046,1166799502,143046,1,0.89917,0.01196,1.05737,9.725,45.198,0.229
2026-05-20 13:21:00.046,1166799502,143046,2,1.38794,0.10547,0.86255,11.229,68.603,-29.519
2026-05-20 13:21:03.285,1166802741,146285,1,-0.30176,0.15552,1.28271,-7.779,-28.427,-19.809
2026-05-20 13:21:03.285,1166802741,146285,2,0.34961,0.34277,0.82324,-17.924,-64.214,17.282
2026-05-20 13:21:03.485,1166802941,146485,1,-0.1377,0.18579,1.02759,-30.977,-139.374,-0.641
2026-05-20 13:21:03.485,1166802941,146485,2,0.77881,0.11523,0.44312,-14.29,-120.405,62.496
2026-05-20 13:21:06.299,1166805755,149298,1,1.00952,-0.06738,0.49438,-9.366,2.84,4.977
2026-05-20 13:21:06.299,1166805755,149298,2,0.95215,-0.15894,0.12036,3.153,-3.099,-1.954
2026-05-20 13:21:06.498,1166805954,149498,1,0.96021,-0.03784,0.54517,5.145,6.489,-0.893
2026-05-20 13:21:06.498,1166805954,149498,2,1.00586,-0.24634,0.12769,10.374,-5.588,2.42
2026-05-20 13:21:06.698,1166806154,149698,1,0.95459,-0.0376,0.5144,7.916,-6.115,5.351
2026-05-20 13:21:06.698,1166806154,149698,2,0.98364,-0.28467,0.11182,-1.84,4.71,8.366
2026-05-20 13:21:07.200,1166806656,150199,1,0.94897,-0.04663,0.51245,-18.794,13.641,-2.427
2026-05-20 13:21:07.200,1166806656,150199,2,1.05298,-0.2627,0.11816,-14.473,15.015,-4.389
2026-05-20 13:21:07.399,1166806855,150399,1,0.94116,-0.10645,0.55884,-23.565,21.588,-5.443
2026-05-20 13:21:07.399,1166806855,150399,2,0.98291,-0.24292,0.14307,-0.412,0.664,1.351
2026-05-20 13:21:10.400,1166809856,153400,1,0.9397,-0.12036,0.54712,-6.115,-0.237,1.519
2026-05-20 13:21:10.400,1166809856,153400,2,0.98926,-0.25098,0.14038,-1.298,1.779,2.641
2026-05-20 13:21:10.600,1166810056,153600,1,0.98071,-0.14185,0.56494,-6.069,0.435,-6.137
2026-05-20 13:21:10.600,1166810056,153600,2,0.98218,-0.27905,0.12427,-8.779,1.603,-1.504
2026-05-20 13:21:10.800,1166810256,153800,1,0.95679,-0.10645,0.51367,-7.053,2.122,-4.107
2026-05-20 13:21:10.800,1166810256,153800,2,0.98608,-0.25781,0.13525,-1.412,0.115,1.137
2026-05-20 13:21:14.893,1166814349,156893,1,0.98853,-0.08496,0.46021,3.366,0.13,0.603
2026-05-20 13:21:14.893,1166814349,156893,2,0.99951,-0.29419,0.09448,4.489,12.893,-3.641
2026-05-20 13:21:14.893,1166814349,156893,2,0.99951,-0.29419,0.09448,4.489,12.893,-3.641
2026-05-20 13:21:19.013,1166818469,162013,1,1.03809,-0.23218,1.13892,20.656,55.931,-4.771
2026-05-20 13:21:19.013,1166818469,162013,2,0.90405,-0.08472,0.34058,-18.008,10.878,27.786
2026-05-20 13:21:22.067,1166821523,165067,1,0.7937,-0.09644,0.93115,-32.817,35.603,-5.053
2026-05-20 13:21:22.067,1166821523,165067,2,0.89746,0.09375,0.49316,-33.527,27.397,-9.176
2026-05-20 13:21:22.267,1166821723,165267,1,0.63965,-0.26782,0.9248,-10.595,6.084,4.695
2026-05-20 13:21:22.267,1166821723,165267,2,0.81592,-0.12183,0.302,12.893,1.931,4.336
2026-05-20 13:21:22.467,1166821923,165467,1,0.81641,-0.09424,0.74365,16.939,-17.954,-0.656
2026-05-20 13:21:22.467,1166821923,165467,2,0.9624,-0.11035,0.29224,-5.748,-8.817,15.962
2026-05-20 13:21:22.693,1166822149,165693,1,0.78638,-0.12964,0.75439,6.985,-19.053,-1.603
2026-05-20 13:21:22.693,1166822149,165693,2,1.01904,-0.08105,0.25488,-2.359,-18.183,15.366
2026-05-20 13:21:23.893,1166823349,165893,1,0.88232,-0.08691,0.68384,-11.183,-11.939,-23.038
2026-05-20 13:21:23.893,1166823349,165893,2,1.03662,-0.1228,0.23071,-11.519,-7.969,-0.649
2026-05-20 13:21:23.093,1166822549,166093,1,0.86353,-0.00415,0.64355,22.328,-1.847,-3.092
2026-05-20 13:21:23.093,1166822549,166093,2,0.98438,-0.09644,0.12769,14.588,-10.321,-5.809
2026-05-20 13:21:23.293,1166822749,166293,1,0.91016,0.03271,0.63599,-5.763,10.244,-1.107
2026-05-20 13:21:23.293,1166822749,166293,2,1.03687,-0.13501,0.22876,0.046,41.237,-15.504
2026-05-20 13:21:23.493,1166822949,166493,1,1.24561,0.01587,0.76929,23.939,80.794,26.229
2026-05-20 13:21:23.493,1166822949,166493,2,1.40991,0.14917,0.40356,31.443,117.344,-75.511
2026-05-20 13:21:23.693,1166823149,166693,1,0.20508,-0.09985,1.25,1.931,86.496,-0.275
2026-05-20 13:21:23.693,1166823149,166693,2,0.55396,0.15527,0.45093,-8.069,43.893,-33.687
2026-05-20 13:21:24.893,1166824349,166893,1,0.28345,0.01001,1.16772,-1.26,-40.847,3.183
2026-05-20 13:21:24.893,1166824349,166893,2,0.64575,0.19116,0.67822,-0.756,-29.878,23.519
2026-05-20 13:21:24.093,1166823549,167093,1,0.78296,-0.29053,-0.00488,11.206,-34.55,1.198
2026-05-20 13:21:24.093,1166823549,167093,2,0.97632,-0.11353,0.21924,-118.046,-42.466,-14.145
2026-05-20 13:21:27.163,1166826619,170163,1,0.71362,-0.21631,0.64063,-76.878,-15.176,-70.565
2026-05-20 13:21:27.163,1166826619,170163,2,0.94727,-0.2356,0.15479,-109.977,-30.947,2.534
2026-05-20 13:21:27.363,1166826819,170363,1,0.9126,-0.24463,0.54517,-70.611,-12.115,-66.176
2026-05-20 13:21:27.363,1166826819,170363,2,0.97534,-0.30518,0.24536,-88.641,-6.695,-13.214
2026-05-20 13:21:27.563,1166827019,170563,1,0.94189,-0.15527,0.55176,-22.519,-5.87,-31.947
2026-05-20 13:21:27.563,1166827019,170563,2,1.00342,-0.16797,0.22803,-65.237,-7.504,-28.252
2026-05-20 13:21:27.563,1166827019,170563,2,1.00342,-0.16797,0.22803,-65.237,-7.504,-28.252
2026-05-20 13:21:32.661,1166832117,175661,1,0.94629,-0.16455,0.59521,16.053,8.511,-1.214
2026-05-20 13:21:32.661,1166832117,175661,2,1.03931,-0.19165,0.18896,6.489,9.908,-17.977
2026-05-20 13:21:33.861,1166833317,175861,1,0.76758,-0.14722,0.69312,24.13,49.733,-4.565
2026-05-20 13:21:33.861,1166833317,175861,1,0.76758,-0.14722,0.69312,24.13,49.733,-4.565
2026-05-20 13:21:33.861,1166833317,175861,2,1.16309,-0.17432,0.07935,-1.725,-7.573,13.954
2026-05-20 13:21:40.767,1166840223,183766,1,1.06348,-0.16479,0.5061,13.023,-11.817,2.145
2026-05-20 13:21:40.767,1166840223,183766,2,0.74658,0.21094,0.16699,11.489,54.015,-81.29
2026-05-20 13:21:41.201,1166840657,184201,1,0.26245,0.13745,0.88965,-2.252,78.305,-33.122
2026-05-20 13:21:41.201,1166840657,184201,2,0.44385,0.35742,0.27612,-9.023,15.595,-56.366
2026-05-20 13:21:41.401,1166840857,184401,1,0.37061,0.0293,0.86523,-12.702,15.053,-27.008
2026-05-20 13:21:41.401,1166840857,184401,2,0.56201,0.30371,0.28687,-23.069,13.534,-43.718
2026-05-20 13:21:41.601,1166841057,184601,1,0.30713,-0.03906,1.03467,-11.687,-21.847,-14.733
2026-05-20 13:21:41.601,1166841057,184601,2,0.67163,0.14746,0.41846,-13.229,-32.626,7.885
2026-05-20 13:21:41.601,1166841057,184601,2,0.67163,0.14746,0.41846,-13.229,-32.626,7.885
2026-05-20 13:21:46.707,1166846163,189707,1,1.12695,-0.26001,0.20825,28.076,53.198,-6.802
2026-05-20 13:21:46.707,1166846163,189707,2,0.90869,0.16968,0.22974,-27.618,53.832,-58.557
2026-05-20 13:21:47.067,1166846523,190066,1,0.38477,0.11255,1.00903,7.046,136.061,-31.71
2026-05-20 13:21:47.067,1166846523,190066,2,0.79517,0.66675,0.82788,-30.13,68.962,-66.214
2026-05-20 13:21:47.266,1166846722,190266,1,0.17383,0.0415,1.33887,9.176,75.298,-19.542
2026-05-20 13:21:47.266,1166846722,190266,2,0.67456,0.39063,0.70776,-19.076,25.16,-20.916
2026-05-20 13:21:47.528,1166846984,190528,1,0.07813,0.10205,1.12476,4.779,-27.664,-0.443
2026-05-20 13:21:47.528,1166846984,190528,2,0.57275,0.37085,0.73535,1.817,-14.962,17.015
2026-05-20 13:21:47.728,1166847184,190728,1,0.11792,0.09985,1.06934,-22.092,-39.71,-21.405
2026-05-20 13:21:47.728,1166847184,190728,2,0.65454,0.27222,0.68433,-5.298,-33.863,27.046
2026-05-20 13:21:48.928,1166848384,190928,1,0.29663,0.02637,1.05835,-19.435,-28.053,-5.847
2026-05-20 13:21:48.928,1166848384,190928,2,0.77124,0.2019,0.60278,1.473,-22.366,12.046
2026-05-20 13:21:48.128,1166847584,191128,1,0.35181,-0.03857,0.99854,-14.466,-24.947,-10.702
2026-05-20 13:21:48.128,1166847584,191128,2,0.85571,0.12646,0.50854,-6.756,-21.542,15.168
2026-05-20 13:21:48.328,1166847784,191328,1,0.55664,-0.00513,0.90479,-0.718,-13.969,1.405
2026-05-20 13:21:48.328,1166847784,191328,2,0.86328,0.13062,0.50342,-1.42,5.901,1.489
2026-05-20 13:21:48.528,1166847984,191528,1,0.49658,-0.13428,0.83984,-14.985,15.695,0.634
2026-05-20 13:21:48.528,1166847984,191528,2,0.78613,-0.11597,0.66992,-0.099,31.794,-22.275
2026-05-20 13:21:48.728,1166848184,191728,1,0.15259,0.07739,0.7915,18.092,27.962,9.802
2026-05-20 13:21:48.728,1166848184,191728,2,0.55859,0.10474,0.31177,-7.855,20.786,-12.55
2026-05-20 13:21:49.928,1166849384,191928,1,0.20093,0.03442,1.06274,17.038,-0.901,3.718
2026-05-20 13:21:49.928,1166849384,191928,2,1.85669,-0.11279,0.54272,-0.656,-9.359,8.344
2026-05-20 13:21:49.394,1166848850,192394,1,0.7373,-0.11719,0.77441,-23.084,-31.595,-3.87
2026-05-20 13:21:49.394,1166848850,192394,2,0.5813,-0.08569,0.03198,17.992,-10.481,5.053
2026-05-20 13:21:49.594,1166849050,192594,1,0.95605,-0.06055,0.71729,-28.656,-38.053,-27.015
2026-05-20 13:21:49.594,1166849050,192594,2,1.05396,-0.16895,0.02637,20.115,-29.26,-18.137
2026-05-20 13:21:52.445,1166851901,195444,1,0.91309,-0.11304,0.61963,25.275,0.275,9.229
2026-05-20 13:21:52.445,1166851901,195444,2,0.9873,-0.19897,0.18994,-1.099,4.008,-2.832
2026-05-20 13:21:55.514,1166854970,198514,1,0.91943,-0.11523,0.58862,-8.145,3.939,-3.962
2026-05-20 13:21:55.514,1166854970,198514,2,0.96362,-0.19971,0.19092,5.26,-4.763,-0.405
2026-05-20 13:21:55.715,1166855171,198715,1,0.89673,-0.12476,0.59253,7.244,1.687,2.359
2026-05-20 13:21:55.715,1166855171,198715,2,0.99316,-0.19312,0.1936,1.191,-1.084,-1.42
2026-05-20 13:21:56.915,1166856371,198915,1,0.9248,-0.15527,0.61206,,3.298,-1.687
2026-05-20 13:21:56.915,1166856371,198915,2,0.9978,-0.16968,0.20215,4.695,-2.725,-1.71
2026-05-20 13:21:56.115,1166855571,199115,1,0.92456,-0.0752,0.61987,12.053,1.359,5.527
2026-05-20 13:21:56.115,1166855571,199115,2,1.01611,-0.11255,0.09033,7.847,-1.229,0.992
2026-05-20 13:21:59.028,1166858484,202028,1,0.9314,0.021,0.60352,-0.954,1.84,0.809
2026-05-20 13:21:59.028,1166858484,202028,2,0.94629,0.06958,0.34399,-15.733,9.427,5.931
2026-05-20 13:22:02.112,1166861568,205112,1,0.66064,-0.01953,0.94263,-13.023,9.817,-2.809
2026-05-20 13:22:02.112,1166861568,205112,2,0.90942,0.02832,0.35205,5.771,-3.214,5.374
2026-05-20 13:22:02.312,1166861768,205312,1,0.64648,0.0686,0.89526,-5.244,-0.443,10.122
2026-05-20 13:22:02.312,1166861768,205312,2,0.95898,0.06152,0.36157,0.137,-0.969,4.389
2026-05-20 13:22:02.512,1166861968,205512,1,0.6394,-0.0105,0.94385,1.573,1.13,4.794
2026-05-20 13:22:02.512,1166861968,205512,2,0.93481,0.05615,0.34399,-11.939,4.137,-1.16
2026-05-20 13:22:02.712,1166862168,205712,1,0.67944,-0.45483,0.78735,-22.191,-4.168,-11.267
2026-05-20 13:22:02.712,1166862168,205712,2,0.89038,-0.08398,0.49194,-15.099,23.153,-23.214
2026-05-20 13:22:03.912,1166863368,205912,1,0.6604,0.08203,1.02246,26.237,-46.817,29.893
2026-05-20 13:22:03.912,1166863368,205912,2,1.06689,-0.13696,0.5022,81.115,9.076,35.366
2026-05-20 13:22:03.112,1166862568,206112,1,0.53784,0.07373,1.1543,76.351,6.328,81.473
2026-05-20 13:22:03.112,1166862568,206112,2,1.1123,0.27393,0.12646,28.962,-23.038,36.84
2026-05-20 13:22:03.312,1166862768,206312,1,0.74658,0.22925,0.77637,-40.893,-21.344,-52.122
2026-05-20 13:22:03.312,1166862768,206312,2,1.01123,0.08594,0.2832,-53.282,-22.374,-22.992
2026-05-20 13:22:06.131,1166865587,209131,1,0.802,-0.11206,0.7981,-8.099,-3.023,-4.214
2026-05-20 13:22:06.131,1166865587,209131,2,1.01904,-0.11646,0.26807,-4.939,-4.878,0.076
2026-05-20 13:22:06.331,1166865787,209331,1,0.75171,0.00708,0.78906,-3.275,-4.672,-1.992
2026-05-20 13:22:06.331,1166865787,209331,2,1.02734,-0.06934,0.24902,-10.267,5.023,2.511
2026-05-20 13:22:06.531,1166865987,209531,1,0.82446,-0.02954,0.78882,-2.0,8.191,-0.557
2026-05-20 13:22:06.531,1166865987,209531,2,0.72339,-0.3313,0.52051,-48.977,0.229,13.947
2026-05-20 13:22:09.248,1166868704,212247,1,0.67163,-0.67822,0.74072,6.74,-13.298,1.511
2026-05-20 13:22:09.248,1166868704,212247,2,0.97485,-0.08276,0.36255,-2.29,5.015,1.176
2026-05-20 13:22:14.346,1166873802,217346,1,0.72876,-0.05811,0.8335,0.74,2.206,-4.916
2026-05-20 13:22:14.346,1166873802,217346,2,0.98462,-0.04102,0.38232,-3.885,3.374,-4.702
2026-05-20 13:22:17.489,1166876945,220489,1,0.75269,0.01685,0.80371,8.031,11.855,-1.092
2026-05-20 13:22:17.489,1166876945,220489,2,0.96973,-0.00366,0.39404,1.664,12.779,-6.351
2026-05-20 13:22:17.689,1166877145,220689,1,0.63843,0.01563,0.91211,-0.847,-7.969,-5.176
2026-05-20 13:22:17.689,1166877145,220689,2,0.85205,0.08203,0.43481,4.282,7.496,-8.412
2026-05-20 13:22:18.889,1166878345,220889,1,0.70166,-0.01294,0.88892,4.947,11.489,6.42
2026-05-20 13:22:18.889,1166878345,220889,2,0.92334,0.03491,0.47656,4.748,5.198,-6.611
2026-05-20 13:22:18.089,1166877545,221089,1,0.62012,0.05493,0.93506,-0.962,-6.519,-4.336
2026-05-20 13:22:18.089,1166877545,221089,2,0.82959,0.09937,0.48413,0.374,-6.496,3.84
2026-05-20 13:22:18.289,1166877745,221289,1,0.64673,0.05249,0.92603,2.718,-3.55,5.382
2026-05-20 13:22:18.289,1166877745,221289,2,0.88184,0.03906,0.42358,-7.618,-13.069,14.008
2026-05-20 13:22:18.489,1166877945,221489,1,0.73145,0.01294,0.87769,-9.679,-1.504,7.481
2026-05-20 13:22:18.489,1166877945,221489,2,0.94873,0.01465,0.37769,-9.748,-7.214,10.771
2026-05-20 13:22:18.689,1166878145,221689,1,0.74536,-0.0437,0.80811,-8.344,-2.71,-4.664
2026-05-20 13:22:18.689,1166878145,221689,2,0.97046,-0.07324,0.3667,-7.427,-4.756,8.718
2026-05-20 13:22:19.889,1166879345,221889,1,0.72412,-0.06152,0.8291,0.298,1.656,-0.542
2026-05-20 13:22:19.889,1166879345,221889,2,0.96313,-0.07935,0.35303,-9.824,-0.412,0.84
2026-05-20 13:22:19.089,1166878545,222089,1,0.72632,-0.02124,0.85767,-5.221,0.313,2.344
2026-05-20 13:22:19.089,1166878545,222089,2,1.07129,-0.25293,0.09351,-33.786,-21.038,16.756
2026-05-20 13:22:22.997,1166882453,224997,1,1.06665,-0.20044,0.24121,3.763,6.031,8.176
2026-05-20 13:22:22.997,1166882453,224997,2,1.05786,-0.11084,0.04688,14.458,-3.878,-0.763
2026-05-20 13:22:22.197,1166881653,225197,1,1.06909,-0.18335,0.23193,3.664,19.725,-7.13
2026-05-20 13:22:22.197,1166881653,225197,2,1.06396,-0.20874,0.06445,4.527,6.832,-8.267
2026-05-20 13:22:22.397,1166881853,225397,1,1.0083,-0.14038,0.35352,-1.412,27.153,-7.802
2026-05-20 13:22:22.397,1166881853,225397,2,0.95215,-0.11157,0.13452,-12.015,18.863,-15.809
2026-05-20 13:22:22.603,1166882059,225603,1,1.02515,-0.10986,0.53491,-12.29,18.344,-2.26
2026-05-20 13:22:22.603,1166882059,225603,2,0.93213,0.05347,0.39258,-0.244,-3.763,-1.542
2026-05-20 13:22:28.544,1166888000,231544,1,0.73853,0.07007,0.82324,-7.313,2.893,-4.733
2026-05-20 13:22:28.544,1166888000,231544,2,0.92944,0.04077,0.3855,-1.802,-3.527,-2.206
2026-05-20 13:22:28.744,1166888200,231744,1,0.74316,0.06274,0.84644,-6.977,-0.534,-3.55
2026-05-20 13:22:28.744,1166888200,231744,2,0.93335,0.03491,0.39771,1.405,0.305,0.901
2026-05-20 13:22:29.944,1166889400,231944,1,0.77246,0.03516,0.81934,-8.832,6.328,-0.855
2026-05-20 13:22:29.944,1166889400,231944,2,0.96753,0.01367,0.17944,20.191,3.069,18.252
2026-05-20 13:22:31.594,1166891050,234594,1,0.9436,0.00586,0.56128,4.053,11.763,6.359
2026-05-20 13:22:31.594,1166891050,234594,2,1.07617,0.06445,0.16309,8.176,1.252,7.916
2026-05-20 13:22:31.794,1166891250,234794,1,0.76367,0.03345,0.7832,11.313,18.427,0.122
2026-05-20 13:22:31.794,1166891250,234794,2,0.95996,0.03833,0.29126,9.641,12.046,-9.221
2026-05-20 13:22:32.994,1166892450,234994,1,0.8252,-0.08496,0.58838,14.244,40.168,20.099
2026-05-20 13:22:32.994,1166892450,234994,2,0.79004,0.07495,0.33984,83.374,43.405,-20.435
2026-05-20 13:22:32.194,1166891650,235194,1,0.65112,0.10205,0.72974,-20.992,-1.939,-21.969
2026-05-20 13:22:32.194,1166891650,235194,2,0.73267,-0.02808,0.41919,-54.229,12.733,-17.519
2026-05-20 13:22:32.394,1166891850,235394,1,0.5957,-0.11206,0.76758,-12.901,-10.023,5.939
2026-05-20 13:22:32.394,1166891850,235394,2,0.66504,-0.02246,0.39453,-11.603,-14.908,10.634
2026-05-20 13:22:32.594,1166892050,235594,1,0.59717,-0.10718,0.76392,3.397,-50.107,3.16
2026-05-20 13:22:32.594,1166892050,235594,2,0.97754,0.07642,0.29736,-10.649,-53.473,44.099
2026-05-20 13:22:32.794,1166892250,235794,1,1.99994,-0.22461,0.89209,39.397,10.374,-44.153
2026-05-20 13:22:32.794,1166892250,235794,2,1.06104,-0.14087,0.14453,8.176,12.962,-29.115
2026-05-20 13:22:33.994,1166893450,235994,1,0.69116,-0.01196,0.60205,-3.939,35.855,-2.664
2026-05-20 13:22:33.994,1166893450,235994,2,0.83667,0.01758,0.28271,1.672,8.656,17.771
2026-05-20 13:22:33.194,1166892650,236194,1,0.91748,-0.24463,0.76074,-28.511,43.618,-5.832
2026-05-20 13:22:33.194,1166892650,236194,2,1.04102,-0.02026,0.30176,-6.366,6.733,-4.725
2026-05-20 13:22:33.394,1166892850,236394,1,0.75781,-0.05811,0.95923,6.336,32.679,-11.565
2026-05-20 13:22:33.394,1166892850,236394,2,0.89087,0.00122,0.35864,1.42,21.809,-15.046
2026-05-20 13:22:33.594,1166893050,236594,1,0.64624,-0.02393,0.88843,-4.832,16.817,-8.55
2026-05-20 13:22:33.594,1166893050,236594,2,0.84424,0.00342,0.47046,-3.557,3.458,-5.527
2026-05-20 13:22:33.794,1166893250,236794,1,0.53955,0.09668,0.96655,-23.893,-1.542,12.664
2026-05-20 13:22:33.794,1166893250,236794,2,0.89038,0.00732,0.40063,-12.557,-1.153,12.511
2026-05-20 13:22:34.994,1166894450,236994,1,0.65283,-0.13672,0.93286,-23.275,-26.191,12.794
2026-05-20 13:22:34.994,1166894450,236994,2,0.91528,-0.08325,0.44849,-7.489,-1.092,5.107
2026-05-20 13:22:37.256,1166896712,240256,1,0.71191,-0.18018,0.83276,-0.817,1.412,-2.26
2026-05-20 13:22:37.256,1166896712,240256,2,0.91919,-0.12085,0.39575,-6.74,2.344,0.611
2026-05-20 13:22:37.456,1166896912,240456,1,0.68701,-0.17554,0.85132,1.527,1.412,-0.664
2026-05-20 13:22:37.456,1166896912,240456,2,0.92334,-0.09253,0.37866,0.183,-0.229,-0.55
2026-05-20 13:22:37.656,1166897112,240656,1,0.70093,-0.18506,0.86255,-1.634,1.679,-1.145
2026-05-20 13:22:37.656,1166897112,240656,2,0.927,-0.10449,0.38892,-1.855,0.809,0.099
2026-05-20 13:22:38.089,1166897545,241089,1,0.69678,-0.18384,0.84814,-2.489,0.794,-0.046
2026-05-20 13:22:38.089,1166897545,241089,2,0.92188,-0.09888,0.39551,-2.634,0.267,0.168
2026-05-20 13:22:38.289,1166897745,241289,1,0.70044,-0.1853,0.8501,1.954,2.916,-0.954
2026-05-20 13:22:38.289,1166897745,241289,2,0.93335,-0.10962,0.38477,-6.603,0.595,0.794
2026-05-20 13:22:38.489,1166897945,241489,1,0.69263,-0.18066,0.84253,-0.206,2.237,-1.237
2026-05-20 13:22:38.489,1166897945,241489,2,0.91675,-0.11694,0.38867,-5.229,-0.756,-0.183
2026-05-20 13:22:38.689,1166898145,241689,1,0.72168,-0.19873,0.854,-0.031,-1.924,1.29
2026-05-20 13:22:38.689,1166898145,241689,2,0.85693,-0.17358,0.34741,53.435,0.901,-2.198
2026-05-20 13:22:39.889,1166899345,241889,1,0.74292,-0.2478,0.65698,105.641,-24.832,30.061
2026-05-20 13:22:39.889,1166899345,241889,2,0.80713,0.12134,0.31299,87.29,9.832,-50.282
2026-05-20 13:22:39.089,1166898545,242089,1,0.77881,0.07422,0.98364,-19.885,35.641,-30.863
2026-05-20 13:22:39.089,1166898545,242089,2,0.94067,0.13599,0.46167,-24.466,0.687,7.244
2026-05-20 13:22:39.289,1166898745,242289,1,0.64038,-0.09766,0.89258,-37.496,13.351,-5.275
2026-05-20 13:22:39.289,1166898745,242289,2,0.948,0.03442,0.48047,-6.557,1.817,15.58
2026-05-20 13:22:39.489,1166898945,242489,1,0.76807,-0.04321,0.81323,-17.878,-8.206,2.214
2026-05-20 13:22:39.489,1166898945,242489,2,0.8584,0.02466,0.46924,-12.725,12.191,6.519
2026-05-20 13:22:39.689,1166899145,242689,1,0.6936,-0.22021,0.91919,4.344,9.939,17.26
2026-05-20 13:22:39.689,1166899145,242689,2,0.93799,-0.08716,0.49536,-8.763,-10.695,9.023
2026-05-20 13:22:40.889,1166900345,242889,1,0.80737,-0.16235,0.75952,-8.45,3.16,6.45
2026-05-20 13:22:40.889,1166900345,242889,2,0.94727,-0.08496,0.37012,-13.496,-3.962,5.382
2026-05-20 13:22:46.844,1166906300,248844,1,0.69751,-0.08008,0.78662,16.0,61.985,-9.344
2026-05-20 13:22:46.844,1166906300,248844,2,0.78638,0.43555,0.66406,-59.389,55.122,-57.061
2026-05-20 13:22:46.044,1166905500,249044,1,0.4292,-0.21118,0.80493,4.061,33.137,36.679
2026-05-20 13:22:46.044,1166905500,249044,2,0.27954,0.12427,0.54419,76.626,106.473,23.191
2026-05-20 13:22:46.244,1166905700,249244,1,0.30566,-0.05249,0.96582,-15.71,-8.588,7.824
2026-05-20 13:22:46.244,1166905700,249244,2,0.46875,0.28223,0.68066,-50.901,-50.809,30.626
2026-05-20 13:22:46.444,1166905900,249444,1,0.52417,-0.16919,0.87134,-1.847,-54.389,-17.786
2026-05-20 13:22:46.444,1166905900,249444,2,1.99994,0.40918,1.55566,-120.718,-96.962,83.656
2026-05-20 13:22:46.706,1166906162,249706,1,1.99994,-0.20337,0.86255,-11.733,31.947,-31.038
2026-05-20 13:22:46.706,1166906162,249706,2,1.55322,-0.14673,0.67041,53.168,31.145,-6.099
2026-05-20 13:22:47.906,1166907362,249906,1,0.53418,-0.05688,0.70386,-2.061,18.74,-11.412
2026-05-20 13:22:47.906,1166907362,249906,2,0.74951,0.10962,0.29639,-14.061,-15.084,7.534
2026-05-20 13:22:47.106,1166906562,250106,1,0.97363,-0.11646,0.73047,-7.74,18.382,-4.099
2026-05-20 13:22:47.106,1166906562,250106,2,0.81519,-0.07739,0.4519,-8.42,3.26,6.023
2026-05-20 13:22:47.306,1166906762,250306,1,0.77246,-0.00293,0.80981,7.031,5.344,2.573
2026-05-20 13:22:47.306,1166906762,250306,2,0.99536,0.13257,0.48877,-1.053,5.565,-0.985
2026-05-20 13:22:47.506,1166906962,250506,1,0.67383,-0.0647,0.89893,-6.634,11.405,-0.809
2026-05-20 13:22:47.506,1166906962,250506,2,0.82764,0.0979,0.41797,-14.542,-4.168,-2.412
2026-05-20 13:22:47.706,1166907162,250706,1,0.75952,-0.0708,0.82324,-12.107,-1.145,-4.802
2026-05-20 13:22:47.706,1166907162,250706,2,0.92236,0.03857,0.479,2.679,-1.237,6.45
2026-05-20 13:22:48.906,1166908362,250906,1,0.75513,-0.07153,0.79126,-0.947,-2.473,4.702
2026-05-20 13:22:48.906,1166908362,250906,2,0.92017,0.03442,0.43457,-3.824,1.168,1.786
2026-05-20 13:22:51.127,1166910583,254127,1,0.72388,-0.05493,0.87305,-1.557,5.718,2.511
2026-05-20 13:22:51.127,1166910583,254127,2,0.91309,0.08032,0.48511,-1.542,2.977,2.809
2026-05-20 13:22:51.327,1166910783,254327,1,0.71997,-0.05151,0.82153,2.611,0.092,1.405
2026-05-20 13:22:51.327,1166910783,254327,2,0.87476,0.07397,0.4375,-0.969,1.176,3.252
2026-05-20 13:22:51.527,1166910983,254527,1,0.72998,-0.11377,0.83203,-0.504,1.267,1.389
2026-05-20 13:22:51.527,1166910983,254527,2,0.91309,0.07959,0.48828,-4.931,0.58,-0.168
2026-05-20 13:22:52.840,1166912296,254840,1,0.83911,-0.09839,0.83667,7.687,10.511,1.069
2026-05-20 13:22:52.840,1166912296,254840,2,0.97876,0.06812,0.53589,21.969,16.183,-14.611
2026-05-20 13:22:52.040,1166911496,255040,1,0.58594,-0.00122,0.87329,1.191,4.74,-1.344
2026-05-20 13:22:52.040,1166911496,255040,2,0.79663,0.15503,0.40381,-10.679,-2.534,0.817
2026-05-20 13:22:52.240,1166911696,255240,1,1.04492,-0.09326,0.9248,8.863,32.427,-4.641
2026-05-20 13:22:52.240,1166911696,255240,2,1.5752,0.07715,0.87012,42.977,54.145,-48.092
2026-05-20 13:22:52.611,1166912067,255611,1,0.29126,0.07568,1.01929,30.55,42.916,6.046
2026-05-20 13:22:52.611,1166912067,255611,2,0.41699,0.32129,0.65234,-5.863,49.176,-30.198
2026-05-20 13:22:52.811,1166912267,255811,1,0.13745,0.12744,1.03638,-2.107,45.595,-12.786
2026-05-20 13:22:52.811,1166912267,255811,2,0.2561,0.40063,0.6665,1.336,29.023,-14.947
2026-05-20 13:22:53.011,1166912467,256011,1,0.10376,0.13354,1.1228,-0.679,13.252,-5.977
2026-05-20 13:22:53.011,1166912467,256011,2,0.26489,0.42603,0.78516,4.786,-10.977,6.313
2026-05-20 13:22:53.211,1166912667,256211,1,0.08936,0.14331,1.12988,1.336,15.664,-7.809
2026-05-20 13:22:53.211,1166912667,256211,2,0.271,0.48169,0.82007,-3.817,-3.519,-0.137
2026-05-20 13:22:53.411,1166912867,256411,1,0.00806,0.12915,1.11792,0.878,0.466,-2.931
2026-05-20 13:22:53.411,1166912867,256411,2,0.22021,0.53296,0.88232,-2.229,-5.985,3.687
2026-05-20 13:22:53.611,1166913067,256611,1,-0.02075,0.13818,1.47729,-2.84,-16.107,-5.573
2026-05-20 13:22:53.611,1166913067,256611,2,0.38696,0.60693,0.77905,-4.443,-38.824,23.565
2026-05-20 13:22:53.811,1166913267,256811,1,0.12402,0.18921,1.28516,11.015,-74.908,11.702
2026-05-20 13:22:53.811,1166913267,256811,2,0.61157,0.16968,0.2312,1.336,25.023,-14.336
2026-05-20 13:22:56.698,1166916154,259697,1,0.45728,0.03296,0.71973,-6.611,17.527,-6.473
2026-05-20 13:22:56.698,1166916154,259697,2,0.82642,0.17285,0.47632,-7.84,4.45,3.397
2026-05-20 13:22:59.763,1166919219,262763,1,0.56323,-0.01245,0.95801,-10.313,2.573,0.557
2026-05-20 13:22:59.763,1166919219,262763,2,0.32886,0.58569,0.7522,48.023,-0.954,-4.137
2026-05-20 13:23:02.224,1166921680,265224,1,0.33545,0.30908,1.38013,-6.061,1.733,-1.313
2026-05-20 13:23:02.224,1166921680,265224,2,0.43237,0.48242,0.7854,-2.702,-15.756,18.855
2026-05-20 13:23:02.424,1166921880,265424,1,0.31348,0.11694,1.16724,-5.099,-90.13,16.412
2026-05-20 13:23:02.424,1166921880,265424,2,0.68896,0.1377,0.46948,-25.809,-100.656,80.244
2026-05-20 13:23:02.624,1166922080,265624,1,0.57642,0.05664,0.48633,-26.473,-111.84,19.229
2026-05-20 13:23:02.624,1166922080,265624,2,0.64795,0.44067,0.51563,32.695,-56.443,45.084
2026-05-20 13:23:05.259,1166924715,268259,1,0.31641,0.02075,1.08716,0.351,-104.496,0.672
2026-05-20 13:23:05.259,1166924715,268259,2,0.84009,0.37842,0.2688,-69.824,-83.015,75.168
2026-05-20 13:23:05.459,1166924915,268459,1,1.99994,-0.32983,1.27563,-51.214,18.634,-55.168
2026-05-20 13:23:05.459,1166924915,268459,2,0.93091,-0.05151,0.36816,-1.962,0.328,0.237
2026-05-20 13:23:10.547,1166930003,273547,1,0.65942,-0.06982,0.88208,-0.748,1.527,-0.351
2026-05-20 13:23:10.547,1166930003,273547,1,0.65942,-0.06982,0.88208,-0.748,1.527,-0.351
2026-05-20 13:23:10.547,1166930003,273547,2,0.90869,-0.08423,0.41968,-3.679,-0.733,-0.405
2026-05-20 13:23:15.644,1166935100,278644,1,0.61401,-0.02783,0.92383,1.618,2.0,-0.336
2026-05-20 13:23:15.644,1166935100,278644,2,0.91797,-0.09204,0.39697,0.252,0.504,1.092
2026-05-20 13:23:16.844,1166936300,278844,1,0.59839,-0.03564,0.9314,0.275,2.069,2.229
2026-05-20 13:23:16.844,1166936300,278844,2,0.91064,-0.07715,0.42896,-5.16,0.168,0.412
2026-05-20 13:23:18.510,1166937966,281509,1,0.61206,-0.05884,0.9375,-0.183,2.557,-0.748
2026-05-20 13:23:18.510,1166937966,281509,2,0.90967,-0.07837,0.41797,-4.252,-0.061,0.198
2026-05-20 13:23:18.709,1166938165,281709,1,0.61084,-0.04248,0.93604,0.527,2.687,0.115
2026-05-20 13:23:18.709,1166938165,281709,2,0.99121,0.20532,0.2002,13.489,-9.053,-11.924
2026-05-20 13:23:26.807,1166946263,289807,1,0.66748,0.13989,0.88965,30.176,6.824,-13.71
2026-05-20 13:23:26.807,1166946263,289807,2,1.01025,0.1814,0.18335,0.603,-6.13,-1.908
2026-05-20 13:23:27.007,1166946463,290007,1,0.67603,0.15356,0.85864,3.748,-0.198,-7.679
2026-05-20 13:23:27.007,1166946463,290007,2,0.96924,0.19116,0.1748,-0.824,-2.038,-1.45
2026-05-20 13:23:27.207,1166946663,290207,1,0.74854,0.14233,0.80347,3.695,-8.382,-7.847
2026-05-20 13:23:27.207,1166946663,290207,2,1.02734,0.13208,0.22998,0.519,14.496,3.847
2026-05-20 13:23:27.407,1166946863,290407,1,0.71484,0.12329,0.8269,7.092,20.87,3.489
2026-05-20 13:23:27.407,1166946863,290407,2,1.02246,0.14795,0.23804,15.076,4.557,0.237
2026-05-20 13:23:27.761,1166947217,290761,1,0.5979,0.23267,0.71094,-14.214,29.618,-6.84
2026-05-20 13:23:27.761,1166947217,290761,2,0.9231,0.22339,0.27612,-3.244,6.565,-10.733
2026-05-20 13:23:28.961,1166948417,290961,1,0.53198,0.25024,0.98877,-4.321,1.74,1.382
2026-05-20 13:23:28.961,1166948417,290961,2,0.94092,0.25488,0.22998,0.878,2.435,6.053
2026-05-20 13:23:28.161,1166947617,291161,1,0.60767,0.23657,0.90625,-3.718,-2.046,0.565
2026-05-20 13:23:28.161,1166947617,291161,2,0.93994,0.25244,0.28516,-5.168,-0.328,0.191
2026-05-20 13:23:31.876,1166951332,293876,1,0.53271,0.18604,0.95532,0.878,2.221,-0.817
2026-05-20 13:23:31.876,1166951332,293876,2,0.92749,0.25049,0.27881,-5.031,-0.359,0.122
2026-05-20 13:23:31.076,1166950532,294076,1,0.5354,0.18726,0.9563,0.275,2.771,-0.313
2026-05-20 13:23:31.076,1166950532,294076,2,0.92896,0.19238,0.31812,5.267,1.359,3.817
2026-05-20 13:23:34.223,1166953679,297223,1,0.48779,0.16846,1.01416,4.557,4.58,3.16
2026-05-20 13:23:34.223,1166953679,297223,2,0.91797,0.18433,0.34937,1.473,0.031,4.84
2026-05-20 13:23:34.423,1166953879,297423,1,0.48926,0.1814,0.96558,6.107,4.191,3.092
2026-05-20 13:23:34.423,1166953879,297423,2,0.93823,0.22729,0.31714,1.542,-0.962,0.198
2026-05-20 13:23:34.623,1166954079,297623,1,0.4812,0.21191,0.98511,10.137,5.053,-1.107
2026-05-20 13:23:34.623,1166954079,297623,2,0.9436,0.21997,0.30322,4.382,-4.351,-8.099
2026-05-20 13:23:37.573,1166957029,300573,1,0.52515,0.177,0.92529,-7.389,-92.985,33.084
2026-05-20 13:23:37.573,1166957029,300573,2,0.61108,-0.02832,0.33521,-8.588,0.344,-17.641
2026-05-20 13:23:40.681,1166960137,303681,1,0.58838,-0.09302,0.75024,27.534,1.916,-1.893
2026-05-20 13:23:40.681,1166960137,303681,2,1.00537,0.2207,0.56104,36.962,-15.954,1.809
2026-05-20 13:23:41.881,1166961337,303881,1,0.96289,-0.01001,0.86255,-9.878,5.847,-3.863
2026-05-20 13:23:41.881,1166961337,303881,2,0.91504,0.20386,0.53638,-31.534,35.901,-25.397
2026-05-20 13:23:41.081,1166960537,304081,1,0.63184,-0.03125,0.89478,41.176,-9.847,-27.496
2026-05-20 13:23:41.081,1166960537,304081,2,0.83252,0.17725,0.47217,3.893,-10.038,4.855
2026-05-20 13:23:41.281,1166960737,304281,1,0.70923,0.05322,0.87939,23.603,-0.557,6.244
2026-05-20 13:23:41.281,1166960737,304281,2,0.86475,0.2627,0.41382,33.817,-8.58,-3.237
2026-05-20 13:23:41.486,1166960942,304485,1,0.73755,0.02808,0.82739,-10.542,3.947,6.489
2026-05-20 13:23:41.486,1166960942,304485,2,0.89697,0.24707,0.43042,-11.71,4.427,9.534
2026-05-20 13:23:41.685,1166961141,304685,1,0.71167,0.00684,0.82275,-33.855,4.237,-5.687
2026-05-20 13:23:41.685,1166961141,304685,2,0.81592,0.17603,0.50024,-23.412,9.786,5.389
2026-05-20 13:23:42.885,1166962341,304885,1,0.69067,-0.01538,0.83057,7.817,4.817,-1.939
2026-05-20 13:23:42.885,1166962341,304885,2,0.84888,0.14893,0.48511,-15.099,-0.969,2.153
2026-05-20 13:23:44.706,1166964162,307705,1,1.05103,-0.01343,0.18628,-29.229,-152.237,23.908
2026-05-20 13:23:44.706,1166964162,307705,2,1.00513,-0.18433,0.19019,-7.542,-34.382,61.099
2026-05-20 13:23:45.905,1166965361,307905,1,1.09375,-0.33569,0.14087,-36.389,-47.786,-1.229
2026-05-20 13:23:45.905,1166965361,307905,2,0.20068,0.25806,0.61523,-11.305,-124.107,52.748
2026-05-20 13:23:47.790,1166967246,310790,1,-0.2749,0.17822,0.97021,-13.74,-154.542,-6.931
2026-05-20 13:23:47.790,1166967246,310790,2,0.76147,0.21704,0.4812,-6.405,-172.733,68.282
2026-05-20 13:23:48.088,1166967544,311088,1,0.78979,-0.05371,0.77124,-24.656,14.115,-25.802
2026-05-20 13:23:48.088,1166967544,311088,2,0.5603,-0.07397,0.23364,24.954,29.649,-38.588
2026-05-20 13:23:48.288,1166967744,311288,1,0.48901,0.0835,0.8186,-17.397,-35.496,-4.786
2026-05-20 13:23:48.288,1166967744,311288,2,1.00684,0.11426,0.48145,-0.649,-38.885,32.466
2026-05-20 13:23:48.488,1166967944,311488,1,0.73047,-0.1333,0.86621,-22.641,-4.313,17.641
2026-05-20 13:23:48.488,1166967944,311488,2,0.8877,0.02612,0.4668,-23.359,-4.122,-3.45
2026-05-20 13:23:48.756,1166968212,311756,1,0.64087,0.01172,0.96045,11.588,3.84,-7.679
2026-05-20 13:23:48.756,1166968212,311756,2,0.94336,0.01294,0.51343,-2.855,-1.725,-4.153
2026-05-20 13:23:49.956,1166969412,311956,1,0.5896,-0.04492,0.91968,-23.031,-5.374,16.824
2026-05-20 13:23:49.956,1166969412,311956,2,0.90625,0.09521,0.41504,4.786,0.237,-1.969
2026-05-20 13:23:49.156,1166968612,312156,1,0.69385,-0.1333,0.83374,-32.198,-20.229,-44.763
2026-05-20 13:23:49.156,1166968612,312156,2,0.79395,0.03247,0.58838,-7.893,19.985,-17.908
2026-05-20 13:23:49.356,1166968812,312356,1,0.62402,0.11328,0.94165,14.824,5.214,-15.0
2026-05-20 13:23:49.356,1166968812,312356,2,0.88574,0.10645,0.50293,20.969,-17.908,6.885
2026-05-20 13:23:49.556,1166969012,312556,1,0.73511,0.02393,0.83179,3.565,-9.565,23.443
2026-05-20 13:23:49.556,1166969012,312556,2,0.93018,0.21875,0.38745,18.374,-2.275,13.664
2026-05-20 13:23:49.756,1166969212,312756,1,0.72217,0.11768,0.79541,15.962,-1.443,1.267
2026-05-20 13:23:49.756,1166969212,312756,2,0.90479,0.22192,0.36572,2.275,1.344,-8.031
2026-05-20 13:23:50.956,1166970412,312956,1,0.68799,-0.02954,0.86328,-18.16,13.527,-0.214
2026-05-20 13:23:50.956,1166970412,312956,2,1.03247,0.2395,0.47095,-1.573,23.16,-11.229
2026-05-20 13:23:50.156,1166969612,313156,1,1.03564,0.10474,1.03125,-17.427,38.435,-0.687
2026-05-20 13:23:50.156,1166969612,313156,2,1.1023,0.56006,0.38135,20.557,-37.832,37.466
2026-05-20 13:23:53.009,1166972465,316008,1,1.66675,0.07349,0.82617,26.374,-20.901,-15.656
2026-05-20 13:23:53.009,1166972465,316008,2,1.30151,-0.08838,0.34106,-1.405,-24.412,27.29
2026-05-20 13:23:56.084,1166975540,319084,1,0.98193,-0.28271,0.32642,13.0,20.603,-21.42
2026-05-20 13:23:56.084,1166975540,319084,2,0.9856,-0.31372,0.16089,-1.557,-6.153,-2.344
2026-05-20 13:23:56.284,1166975740,319284,1,1.05884,-0.15479,0.39038,36.824,14.733,9.42
2026-05-20 13:23:56.284,1166975740,319284,2,0.9126,-0.1084,0.14648,52.855,0.733,-14.336
2026-05-20 13:23:56.484,1166975940,319484,1,1.05908,-0.16431,0.36963,29.053,3.13,17.664
2026-05-20 13:23:56.484,1166975940,319484,2,0.99829,-0.16235,0.19238,54.145,6.687,-5.42
2026-05-20 13:23:56.684,1166976140,319684,1,0.94287,-0.11353,0.49585,14.076,16.756,5.481
2026-05-20 13:23:56.684,1166976140,319684,2,0.96997,-0.07275,0.22266,5.733,-0.038,4.084
2026-05-20 13:23:57.884,1166977340,319884,1,0.95166,-0.1106,0.49658,21.359,-1.916,9.534
2026-05-20 13:23:57.884,1166977340,319884,2,0.96313,-0.06738,0.20874,14.481,-5.397,4.656
2026-05-20 13:23:57.084,1166976540,320084,1,1.0022,-0.14087,0.45801,1.008,-0.695,-2.656
2026-05-20 13:23:57.084,1166976540,320084,2,0.95605,-0.03076,0.22437,-4.458,2.771,-5.397
2026-05-20 13:23:57.284,1166976740,320284,1,0.95361,-0.16626,0.50977,-12.786,9.412,-2.527
2026-05-20 13:23:57.284,1166976740,320284,2,0.97461,-0.0813,0.25366,-6.725,0.733,-2.336
2026-05-20 13:23:57.484,1166976940,320484,1,1.00391,-0.19727,0.41528,-0.618,36.229,-1.863
2026-05-20 13:23:57.484,1166976940,320484,2,0.92822,,0.13574,4.649,22.718,-14.702
2026-05-20 13:23:57.684,1166977140,320684,1,0.84131,-0.16113,0.5542,21.252,65.855,3.725
2026-05-20 13:23:57.684,1166977140,320684,2,0.91528,0.08862,0.28418,34.679,37.679,-30.74
2026-05-20 13:23:58.884,1166978340,320884,1,0.4707,-0.01611,0.60938,-1.153,36.618,-18.069
2026-05-20 13:23:58.884,1166978340,320884,2,0.46997,0.05713,0.10522,-46.351,34.374,-54.405
2026-05-20 13:23:58.084,1166977540,321084,1,0.71509,0.11914,0.8999,45.496,20.687,-18.26
2026-05-20 13:23:58.084,1166977540,321084,2,0.6311,0.63428,0.53174,19.885,-115.87,91.771
2026-05-20 13:24:01.135,1166980591,324135,1,0.60156,-0.15771,1.14014,-29.733,-141.389,-19.863
2026-05-20 13:24:01.135,1166980591,324135,2,0.75757,0.30469,0.36768,-120.328,-61.794,53.26
2026-05-20 13:24:01.335,1166980791,324335,1,0.73364,0.03687,0.28662,-59.275,-61.939,-9.198
2026-05-20 13:24:01.335,1166980791,324335,2,1.03198,-0.00171,0.42627,-75.573,-43.802,45.748
2026-05-20 13:24:01.535,1166980991,324535,1,1.06885,-0.21533,0.2688,-35.924,-70.244,0.489
2026-05-20 13:24:01.535,1166980991,324535,2,0.98804,-0.17285,0.2417,-29.023,-17.634,6.076
2026-05-20 13:24:01.735,1166981191,324735,1,1.1084,-0.24072,0.23242,0.168,-19.779,1.779
2026-05-20 13:24:01.735,1166981191,324735,2,0.98145,-0.17065,0.23267,-5.992,-0.618,-6.168
2026-05-20 13:24:07.153,1166986609,330153,1,0.10034,-0.05688,1.28271,-21.275,-35.725,-15.542
2026-05-20 13:24:07.153,1166986609,330153,2,0.52808,0.28833,0.68481,-7.473,-48.748,33.313
2026-05-20 13:24:07.353,1166986809,330353,1,0.33496,-0.04639,1.08569,-15.954,-81.405,-4.817
2026-05-20 13:24:07.353,1166986809,330353,2,0.8689,0.05957,0.49414,-20.824,-82.084,55.275
2026-05-20 13:24:07.553,1166987009,330553,1,0.4939,-0.01904,0.60327,-9.366,-95.656,17.137
2026-05-20 13:24:07.553,1166987009,330553,2,0.86597,-0.06665,0.28174,-5.71,3.168,-4.603
2026-05-20 13:24:08.036,1166987492,331036,1,0.97803,-0.17554,0.51245,11.382,1.779,5.603
2026-05-20 13:24:08.036,1166987492,331036,2,1.11353,-0.06348,0.18311,18.237,-9.0,-0.557
2026-05-20 13:24:08.236,1166987692,331236,1,0.85254,-0.01245,0.65723,2.832,6.756,0.55
2026-05-20 13:24:08.236,1166987692,331236,2,1.02173,0.00098,0.20459,-0.947,0.466,0.16
2026-05-20 13:24:01.735,1166981191,324735,2,0.98145,-0.17065,0.23267,-5.992,-0.618,-6.168
2026-05-20 13:24:08.436,1166987892,331436,1,0.93042,-0.1106,0.60938,-11.672,6.069,-2.885
2026-05-20 13:24:08.436,1166987892,331436,2,1.03735,-0.10596,0.48755,31.817,9.611,13.87
2026-05-20 13:24:11.472,1166990928,334472,1,0.61938,0.02441,0.84888,-0.191,11.45,8.718
2026-05-20 13:24:11.472,1166990928,334472,2,0.76733,0.0979,0.36255,-12.053,7.351,-0.229
2026-05-20 13:24:11.672,1166991128,334672,1,0.67358,0.01416,0.9375,-10.55,-0.931,-9.74
2026-05-20 13:24:11.672,1166991128,334672,2,0.99365,-0.00708,0.55444,-3.947,-12.076,-0.573
2026-05-20 13:24:12.872,1166992328,334872,1,0.57202,0.02417,0.89551,-4.397,4.252,-5.29
2026-05-20 13:24:12.872,1166992328,334872,2,0.76318,0.08228,0.64429,3.351,-11.229,46.977
2026-05-20 13:24:13.138,1166992594,336137,1,0.26831,-0.2395,1.17261,-32.198,-35.695,10.687
2026-05-20 13:24:13.138,1166992594,336137,2,0.80518,0.11084,0.54785,-4.763,-32.855,27.924
2026-05-20 13:24:13.337,1166992793,336337,1,0.37061,-0.24023,0.93481,-4.969,-106.092,-4.084
2026-05-20 13:24:13.337,1166992793,336337,2,0.83545,-0.01611,0.29736,67.931,-73.618,44.191
2026-05-20 13:24:13.537,1166992993,336537,1,0.47461,-0.13794,0.50488,20.969,-132.702,-17.977
2026-05-20 13:24:13.537,1166992993,336537,2,0.98169,0.02441,0.20752,-36.855,-18.122,13.962
2026-05-20 13:24:13.737,1166993193,336737,1,1.1145,-0.16943,0.32324,-36.786,-17.45,-4.672
2026-05-20 13:24:13.737,1166993193,336737,2,0.97046,0.05908,0.31714,1.443,14.038,0.901
2026-05-20 13:24:14.937,1166994393,336937,1,0.9502,-0.12744,0.49487,-22.626,17.969,-19.145
2026-05-20 13:24:14.937,1166994393,336937,2,0.99536,-0.146,0.19556,-15.092,7.305,-8.863
2026-05-20 13:24:14.269,1166993725,337269,1,0.96484,-0.16357,0.49878,5.29,-4.473,5.916
2026-05-20 13:24:14.269,1166993725,337269,2,0.99634,-0.09424,0.2229,8.771,-6.458,4.198
2026-05-20 13:24:14.469,1166993925,337469,1,0.91895,-0.19434,0.51758,-21.275,16.29,-28.466
2026-05-20 13:24:14.469,1166993925,337469,2,1.00171,-0.13306,0.20605,-26.061,2.13,-4.481
2026-05-20 13:24:14.669,1166994125,337669,1,0.98633,-0.11426,0.47363,5.809,9.13,-12.435
2026-05-20 13:24:14.669,1166994125,337669,2,1.00659,-0.15137,0.21069,-9.321,4.786,-2.198
2026-05-20 13:24:15.869,1166995325,337869,1,0.91724,-0.02222,0.57349,4.252,-0.55,-2.718
2026-05-20 13:24:15.869,1166995325,337869,2,1.02124,-0.11084,0.23608,5.824,2.985,-3.878
2026-05-20 13:24:15.069,1166994525,338069,1,0.96533,-0.01709,0.51343,7.74,4.611,8.191
2026-05-20 13:24:15.069,1166994525,338069,2,0.97607,-0.11304,0.22485,6.916,9.809,-5.489
2026-05-20 13:24:15.269,1166994725,338269,1,0.81226,-0.04395,0.62329,10.557,30.031,10.206
2026-05-20 13:24:15.269,1166994725,338269,2,0.8938,-0.01245,0.24463,10.733,24.702,-26.046
2026-05-20 13:24:15.469,1166994925,338469,1,0.4585,0.021,0.57422,46.908,86.145,-2.275
2026-05-20 13:24:15.469,1166994925,338469,2,0.43091,0.08667,0.16187,26.473,46.053,-46.962
2026-05-20 13:24:15.669,1166995125,338669,1,0.5625,0.01758,0.8103,7.382,32.069,0.992
2026-05-20 13:24:15.669,1166995125,338669,2,0.8894,0.19824,0.44995,4.076,8.244,0.878
2026-05-20 13:24:18.704,1166998160,341704,1,0.50269,0.02002,1.0083,-8.977,4.74,-7.244
2026-05-20 13:24:18.704,1166998160,341704,2,0.86157,0.19971,0.44946,2.176,7.748,1.511
2026-05-20 13:24:19.904,1166999360,341904,1,0.49536,0.00928,1.00073,-7.191,5.74,-4.275
2026-05-20 13:24:19.904,1166999360,341904,2,0.85205,0.21313,0.45581,0.779,5.519,-2.29
2026-05-20 13:24:19.104,1166998560,342104,1,0.47119,0.00195,1.00757,-6.809,6.267,-5.802
2026-05-20 13:24:19.104,1166998560,342104,2,0.86475,0.17896,0.47046,-6.924,5.55,-3.389
2026-05-20 13:24:19.304,1166998760,342304,1,0.42603,-0.00928,1.03125,-3.977,7.153,-4.832
2026-05-20 13:24:19.304,1166998760,342304,2,0.8208,0.19067,0.50342,-4.656,2.885,-1.328
2026-05-20 13:24:19.504,1166998960,342504,1,0.42993,-0.02246,0.99243,3.244,6.733,8.687
2026-05-20 13:24:19.504,1166998960,342504,2,0.81396,0.21631,0.51147,2.695,-0.702,-8.733
2026-05-20 13:24:19.704,1166999160,342704,1,0.43335,-0.01416,1.06982,-4.84,10.74,-4.076
2026-05-20 13:24:19.704,1166999160,342704,2,0.82446,0.19727,0.50928,-10.901,6.794,-3.13
2026-05-20 13:24:20.904,1167000360,342904,1,0.41504,0.00269,1.02173,-3.489,1.481,0.115
2026-05-20 13:24:20.904,1167000360,342904,2,0.07617,0.53296,0.80078,12.412,43.153,-1.863
2026-05-20 13:24:22.693,1167002149,345693,1,-0.28149,0.23975,1.4873,-10.122,-6.397,27.321
2026-05-20 13:24:22.693,1167002149,345693,2,0.11792,0.62378,0.64771,11.122,-22.962,46.328
2026-05-20 13:24:23.893,1167003349,345893,1,-0.10083,0.1687,1.12866,-30.718,-119.969,25.427
2026-05-20 13:24:23.893,1167003349,345893,2,0.78076,0.17358,0.32983,-6.893,-137.626,111.153
2026-05-20 13:24:23.111,1167002567,346111,1,0.20337,0.1123,0.64771,-61.504,-155.87,2.588
2026-05-20 13:24:23.111,1167002567,346111,2,0.78027,0.09131,0.27197,-33.336,-96.389,89.496
2026-05-20 13:24:23.311,1167002767,346311,1,0.80591,-0.125,0.17847,-14.901,-89.405,-13.87
2026-05-20 13:24:23.311,1167002767,346311,2,1.02637,-0.04541,0.25342,-30.511,-61.496,47.336
2026-05-20 13:24:23.511,1167002967,346511,1,1.19727,-0.14624,0.17334,-14.71,-43.29,-6.153
2026-05-20 13:24:23.511,1167002967,346511,2,1.11401,-0.28101,0.04248,-0.137,-12.954,5.351
2026-05-20 13:24:24.970,1167004426,346970,1,1.0376,-0.12695,0.28345,-9.511,18.267,-6.855
2026-05-20 13:24:24.970,1167004426,346970,2,1.02002,-0.23486,0.05591,-4.58,10.718,-4.786
2026-05-20 13:24:24.170,1167003626,347170,1,1.08228,-0.14355,0.31348,1.275,21.183,0.656
2026-05-20 13:24:24.170,1167003626,347170,2,1.00195,-0.1958,0.14941,12.13,24.29,-10.656
2026-05-20 13:24:24.370,1167003826,347370,1,1.00806,-0.14087,0.37671,20.183,36.443,10.267
2026-05-20 13:24:24.370,1167003826,347370,2,0.97461,-0.08716,0.26392,46.328,29.496,-20.511
2026-05-20 13:24:24.570,1167004026,347570,1,0.88379,-0.10986,0.3042,25.092,90.351,4.061
2026-05-20 13:24:24.570,1167004026,347570,2,0.85767,-0.00366,0.32666,66.863,83.313,-64.107
2026-05-20 13:24:24.770,1167004226,347770,1,0.2937,0.09448,0.76855,39.42,138.87,35.313
2026-05-20 13:24:24.770,1167004226,347770,2,0.7439,0.30127,0.56323,14.015,92.885,-72.924
2026-05-20 13:24:25.970,1167005426,347970,1,-0.01099,-0.00024,0.98022,2.351,130.542,34.0
2026-05-20 13:24:25.970,1167005426,347970,2,0.10449,0.34253,0.56152,9.802,134.893,-69.718
2026-05-20 13:24:25.170,1167004626,348170,1,-0.65674,0.15259,1.23071,54.0,147.702,5.313
2026-05-20 13:24:25.170,1167004626,348170,2,0.57568,0.08179,0.45239,-65.603,-9.42,9.038
2026-05-20 13:24:25.370,1167004826,348370,1,-0.70703,0.0874,1.09204,-5.282,-98.45,-17.115
2026-05-20 13:24:25.370,1167004826,348370,2,0.12305,0.37598,0.78369,1.374,-117.145,35.664
2026-05-20 13:24:25.570,1167005026,348570,1,-0.20313,0.17896,0.96509,-8.42,-123.595,-12.42
2026-05-20 13:24:25.570,1167005026,348570,2,0.48071,0.27441,0.49512,-38.733,-141.504,54.366
2026-05-20 13:24:25.770,1167005226,348770,1,0.47729,0.13745,1.00586,-51.656,-154.794,-36.351
2026-05-20 13:24:25.770,1167005226,348770,2,0.89771,0.09253,0.42432,-11.229,-2.183,1.412
2026-05-20 13:24:32.913,1167012369,354913,1,0.74731,0.13843,0.77759,-16.84,1.832,0.137
2026-05-20 13:24:32.913,1167012369,354913,2,0.89941,0.14893,0.41113,-7.985,3.443,-1.626
2026-05-20 13:24:32.113,1167011569,355113,1,0.69263,0.05005,0.88672,6.954,7.244,-2.962
2026-05-20 13:24:32.113,1167011569,355113,2,0.89673,0.16943,0.42285,-1.13,-1.786,0.817
2026-05-20 13:24:32.313,1167011769,355313,1,0.69165,0.06006,0.88721,0.076,7.985,-1.611
2026-05-20 13:24:32.313,1167011769,355313,2,1.12305,-0.17871,-0.04053,-39.26,-11.29,21.015
2026-05-20 13:24:35.991,1167015447,357990,1,1.17896,-0.14355,0.0835,-31.908,-3.153,-14.71
2026-05-20 13:24:35.991,1167015447,357990,2,1.03296,-0.24512,0.03882,-36.504,-1.603,12.489
2026-05-20 13:24:35.190,1167014646,358190,1,1.16553,-0.09839,0.09741,-15.084,20.947,-3.855
2026-05-20 13:24:35.190,1167014646,358190,2,1.05176,-0.31055,0.00024,-10.038,26.595,-2.695
2026-05-20 13:24:38.992,1167018448,360991,1,0.62769,0.02588,0.91479,6.099,-2.756,2.214
2026-05-20 13:24:38.992,1167018448,360991,2,0.92554,0.1416,0.55298,-0.511,-0.176,1.565
2026-05-20 13:24:38.191,1167017647,361191,1,0.6543,0.09155,0.90527,4.718,-17.885,-21.214
2026-05-20 13:24:38.191,1167017647,361191,2,0.88843,0.1543,0.52368,32.267,12.069,-24.763
2026-05-20 13:24:38.391,1167017847,361391,1,0.96313,0.19385,1.04688,42.832,-21.374,-1.252
2026-05-20 13:24:38.391,1167017847,361391,2,0.76245,0.35815,0.61206,-40.969,56.481,14.885
2026-05-20 13:24:38.591,1167018047,361591,1,0.52734,0.104,0.96826,-3.252,5.656,11.588
2026-05-20 13:24:38.591,1167018047,361591,2,0.52246,0.07153,0.47852,4.588,-17.305,-1.076
2026-05-20 13:24:38.791,1167018247,361791,1,0.74414,0.06885,0.99976,-37.45,-25.046,26.832
2026-05-20 13:24:38.791,1167018247,361791,2,0.66455,0.17041,0.41602,9.145,-32.267,58.71
2026-05-20 13:24:39.991,1167019447,361991,1,0.71753,-0.16382,0.69116,-93.412,-96.863,17.061
2026-05-20 13:24:39.991,1167019447,361991,2,0.66479,0.33789,0.49121,-70.504,-75.435,116.206
2026-05-20 13:24:42.241,1167021697,365241,1,0.37085,0.1416,1.15332,-71.924,-133.695,25.252
2026-05-20 13:24:42.241,1167021697,365241,2,1.89258,0.34106,1.53198,-174.756,-74.504,77.084
2026-05-20 13:24:42.441,1167021897,365441,1,0.23828,-0.15527,0.55542,-67.366,38.809,-45.099
2026-05-20 13:24:42.441,1167021897,365441,2,0.36133,-0.13574,0.32324,-82.901,32.298,-14.206
2026-05-20 13:24:42.641,1167022097,365641,1,0.58374,-0.07739,1.20508,18.908,-15.962,-23.763
2026-05-20 13:24:42.641,1167022097,365641,2,1.22754,-0.31958,0.81323,-25.298,-50.198,17.237
2026-05-20 13:24:43.980,1167023436,365980,1,0.49805,-0.15869,0.9856,17.221,-20.122,30.29
2026-05-20 13:24:43.980,1167023436,365980,2,0.96802,-0.17212,0.50098,15.069,-34.756,16.466
2026-05-20 13:24:43.180,1167022636,366180,1,0.55981,-0.11694,0.93188,2.397,0.359,-2.733
2026-05-20 13:24:43.180,1167022636,366180,2,0.80273,-0.16797,0.39282,7.145,-15.687,-6.679
2026-05-20 13:24:43.380,1167022836,366380,1,0.56714,0.00244,0.98535,9.634,-8.687,0.214
2026-05-20 13:24:43.380,1167022836,366380,2,0.71802,-0.44409,0.35474,16.672,-5.885,-2.84
2026-05-20 13:24:46.816,1167026272,368816,1,0.72729,-0.33081,0.72021,17.916,-5.191,3.397
2026-05-20 13:24:46.816,1167026272,368816,2,0.75439,-0.48145,0.35547,-1.763,3.656,5.931
2026-05-20 13:24:46.016,1167025472,369016,1,0.74463,-0.36792,0.73096,9.42,-1.26,7.947
2026-05-20 13:24:46.016,1167025472,369016,2,0.80615,-0.48584,0.33765,1.656,-8.084,-0.466
2026-05-20 13:24:46.216,1167025672,369216,1,0.76807,-0.32739,0.72803,2.87,-7.008,-9.405
2026-05-20 13:24:46.216,1167025672,369216,2,0.9248,0.01807,0.27466,-76.412,1.847,-20.046
2026-05-20 13:24:49.903,1167029359,371903,1,0.76611,0.06934,0.75732,-20.817,-3.802,-36.092
2026-05-20 13:24:49.903,1167029359,371903,2,0.9375,-0.08325,0.40845,-49.71,3.115,-15.038
2026-05-20 13:24:49.103,1167028559,372103,1,0.7168,-0.06079,0.78906,-10.908,15.809,13.496
2026-05-20 13:24:49.103,1167028559,372103,2,0.95142,0.07251,0.38818,9.206,2.481,-0.305
2026-05-20 13:24:49.319,1167028775,372319,1,0.69873,-0.0708,0.90576,0.275,15.214,3.626
2026-05-20 13:24:49.319,1167028775,372319,2,0.90967,0.07861,0.38892,-7.092,10.008,-12.031
2026-05-20 13:24:49.519,1167028975,372519,1,0.64844,-0.03662,0.91235,-0.954,15.908,-9.489
2026-05-20 13:24:49.519,1167028975,372519,2,0.89502,0.03564,0.45581,-12.206,5.336,-5.046
2026-05-20 13:24:49.719,1167029175,372719,1,0.57935,-0.0603,0.94653,-2.389,5.786,2.466
2026-05-20 13:24:49.719,1167029175,372719,2,0.85718,0.06909,0.46094,-5.13,1.634,-0.153
2026-05-20 13:24:50.919,1167030375,372919,1,0.61011,-0.04907,0.93384,1.305,0.634,1.328
2026-05-20 13:24:50.919,1167030375,372919,2,0.89282,0.0498,0.45044,3.206,-1.863,2.687
2026-05-20 13:24:50.919,1167030375,372919,2,0.89282,0.0498,0.45044,3.206,-1.863,2.687
2026-05-20 13:24:58.058,1167037514,381058,1,0.70947,-0.00708,0.85767,-0.893,1.702,-0.687
2026-05-20 13:24:58.058,1167037514,381058,2,0.93945,-0.00122,0.34229,-5.0,-0.084,0.893
2026-05-20 13:24:58.258,1167037714,381258,1,0.73975,-0.04248,0.82788,-2.718,2.389,1.916
2026-05-20 13:24:58.258,1167037714,381258,2,0.95386,-0.01074,0.34131,-1.443,3.153,-1.053
2026-05-20 13:24:58.458,1167037914,381458,1,0.69629,-0.0083,0.84741,1.092,-1.046,1.702
2026-05-20 13:24:58.458,1167037914,381458,2,0.9353,-0.00464,0.35107,-4.069,0.672,0.809
2026-05-20 13:24:58.658,1167038114,381658,1,0.70313,-0.02661,0.8457,0.473,3.969,1.015
2026-05-20 13:24:58.658,1167038114,381658,2,0.93945,-0.01953,0.35034,0.87,1.42,0.176
2026-05-20 13:24:59.858,1167039314,381858,1,0.70654,-0.02002,0.85425,-0.779,1.023,0.038
2026-05-20 13:24:59.858,1167039314,381858,2,0.93164,-0.00146,0.36426,7.038,-0.809,2.26
2026-05-20 13:25:01.654,1167041110,384654,1,0.75049,-0.02368,0.82593,-1.58,1.458,0.191
2026-05-20 13:25:01.654,1167041110,384654,2,0.94287,0.01855,0.3479,-1.206,0.382,0.244
2026-05-20 13:25:04.686,1167044142,387686,1,0.73071,-0.0271,0.84009,-0.481,2.305,-0.702
2026-05-20 13:25:04.686,1167044142,387686,2,0.94946,0.01514,0.35449,-2.626,0.351,0.534
2026-05-20 13:25:05.886,1167045342,387886,1,0.72388,-0.02222,0.84302,-0.679,1.733,-0.115
2026-05-20 13:25:05.886,1167045342,387886,2,0.93774,0.01147,0.36328,-2.466,-0.038,0.664
2026-05-20 13:25:05.086,1167044542,388086,1,0.73413,-0.02612,0.83228,-0.458,1.947,-0.366
2026-05-20 13:25:05.086,1167044542,388086,2,0.9436,0.01196,0.35791,-1.076,0.649,0.489
2026-05-20 13:25:05.286,1167044742,388286,1,0.7207,-0.02783,0.84888,-0.832,1.496,-0.389
2026-05-20 13:25:05.286,1167044742,388286,2,0.94873,0.01367,0.35718,-1.771,0.29,0.748
2026-05-20 13:25:05.486,1167044942,388486,1,0.72974,-0.0249,0.83984,-0.779,1.107,-0.458
2026-05-20 13:25:05.486,1167044942,388486,2,0.94043,0.01685,0.34326,-0.26,0.397,0.718
2026-05-20 13:25:05.686,1167045142,388686,1,0.73096,-0.02734,0.84229,-0.313,2.282,-0.244
2026-05-20 13:25:05.686,1167045142,388686,2,0.94702,0.01416,0.36157,-1.206,0.328,0.618
2026-05-20 13:25:06.886,1167046342,388886,1,0.71851,-0.03564,0.84814,0.275,2.168,-1.031
2026-05-20 13:25:06.886,1167046342,388886,2,0.94189,0.01953,0.35352,-0.13,0.611,0.908
2026-05-20 13:25:06.086,1167045542,389086,1,0.72461,-0.03125,0.83911,-0.725,1.168,-0.16
2026-05-20 13:25:06.086,1167045542,389086,2,0.95068,0.00977,0.35669,-2.679,0.824,-0.374
2026-05-20 13:25:06.286,1167045742,389286,1,0.77197,-0.02734,0.87012,1.252,-1.786,-1.336
2026-05-20 13:25:06.286,1167045742,389286,2,0.94629,-0.00391,0.34253,3.137,2.832,-4.351
2026-05-20 13:25:06.486,1167045942,389486,1,0.72754,-0.00879,0.83252,-0.924,3.183,-1.252
2026-05-20 13:25:06.486,1167045942,389486,2,0.95825,0.09229,0.39355,27.305,4.649,-10.496
2026-05-20 13:25:06.686,1167046142,389686,1,0.70337,0.04834,0.84009,4.282,-5.855,7.931
2026-05-20 13:25:06.686,1167046142,389686,2,0.96216,0.08911,0.35181,-11.718,-2.366,3.634
2026-05-20 13:25:07.911,1167047367,389911,1,0.75537,-0.02954,0.79248,-7.206,-6.305,4.756
2026-05-20 13:25:07.911,1167047367,389911,2,0.9353,0.1123,0.36963,-13.847,0.321,-0.366
2026-05-20 13:25:07.111,1167046567,390111,1,0.73315,0.00171,0.8667,1.435,14.267,1.305
2026-05-20 13:25:07.111,1167046567,390111,2,0.94556,0.07568,0.35229,-5.885,14.603,-5.473
2026-05-20 13:25:07.311,1167046767,390311,1,0.67651,0.02222,0.85303,2.885,4.985,3.863
2026-05-20 13:25:07.311,1167046767,390311,2,0.86572,0.11963,0.42847,-0.832,6.725,-0.237
2026-05-20 13:25:10.362,1167049818,393362,1,0.72241,-0.03564,0.84448,-0.008,3.16,-1.893
2026-05-20 13:25:10.362,1167049818,393362,2,0.95459,0.00513,0.30615,-5.664,1.076,-0.137
2026-05-20 13:25:10.562,1167050018,393562,1,0.72656,-0.04785,0.84473,2.076,3.176,0.282
2026-05-20 13:25:10.562,1167050018,393562,2,0.95947,-0.0188,0.31494,-5.908,1.321,0.863
2026-05-20 13:25:10.762,1167050218,393762,1,0.72095,-0.05151,0.85278,1.702,2.702,-0.412
2026-05-20 13:25:10.762,1167050218,393762,2,0.95605,-0.0144,0.30396,-11.786,1.031,-0.405
2026-05-20 13:25:11.962,1167051418,393962,1,0.70898,-0.03345,0.85474,1.137,1.076,-1.145
2026-05-20 13:25:11.962,1167051418,393962,2,0.96387,-0.02417,0.31274,3.191,-0.137,0.305
2026-05-20 13:25:16.059,1167055515,399058,1,0.66504,-0.02148,0.89258,1.794,2.336,-0.893
2026-05-20 13:25:16.059,1167055515,399058,2,0.95239,0.00269,0.33325,-10.267,0.366,-0.076
2026-05-20 13:25:19.035,1167058491,402035,1,0.58765,-0.05347,0.94604,1.947,0.412,-1.58
2026-05-20 13:25:19.035,1167058491,402035,2,0.89575,0.09448,0.43286,-0.649,-0.183,1.153
2026-05-20 13:25:22.304,1167061760,405304,1,0.60083,-0.03076,0.93799,-1.069,1.29,-0.504
2026-05-20 13:25:22.304,1167061760,405304,2,0.9021,0.08911,0.42261,-1.366,0.626,0.443
2026-05-20 13:25:22.504,1167061960,405504,1,0.59766,-0.03198,0.93823,0.275,1.878,-0.107
2026-05-20 13:25:22.504,1167061960,405504,2,0.89917,0.09082,0.43262,-2.939,0.13,0.473
2026-05-20 13:25:22.704,1167062160,405704,1,0.59302,-0.02539,0.93945,0.244,1.679,-0.519
2026-05-20 13:25:22.704,1167062160,405704,2,0.90161,0.08398,0.41821,-0.969,0.26,0.748
2026-05-20 13:25:26.948,1167066404,408947,1,0.59033,-0.01855,0.94531,-0.496,1.107,-0.107
2026-05-20 13:25:26.948,1167066404,408947,2,0.91382,0.08545,0.42212,-0.763,0.389,0.847
2026-05-20 13:25:26.147,1167065603,409147,1,0.58911,-0.01318,0.93921,-1.092,1.336,-0.466
2026-05-20 13:25:26.147,1167065603,409147,2,0.90674,0.08862,0.41724,-2.527,0.298,0.489
2026-05-20 13:25:26.347,1167065803,409347,1,0.58643,-0.02344,0.94824,-0.29,0.771,-0.305
2026-05-20 13:25:26.347,1167065803,409347,2,0.90649,0.08496,0.40356,-5.427,-0.511,0.58
2026-05-20 13:25:26.547,1167066003,409547,1,0.5918,-0.00464,0.94751,0.443,2.076,-0.595
2026-05-20 13:25:26.547,1167066003,409547,2,0.91406,0.08765,0.40308,-10.107,0.298,0.496
2026-05-20 13:25:29.364,1167068820,412364,1,0.58374,-0.02197,0.94189,1.069,2.718,-1.481
2026-05-20 13:25:29.364,1167068820,412364,2,0.91431,0.0144,0.36841,-1.084,-3.878,-9.687
2026-05-20 13:25:34.768,1167074224,417768,1,0.70581,0.03149,0.88574,7.969,-5.626,-25.145
2026-05-20 13:25:34.768,1167074224,417768,2,0.87231,0.00854,0.37476,5.786,-15.046,0.435
2026-05-20 13:25:35.968,1167075424,417968,1,0.82129,0.26172,0.77588,0.16,-39.137,1.534
2026-05-20 13:25:35.968,1167075424,417968,2,0.93945,0.12329,0.26929,17.733,-12.351,14.656
2026-05-20 13:25:35.404,1167074860,418403,1,0.75366,0.04297,0.74292,8.603,-7.16,1.389
2026-05-20 13:25:35.404,1167074860,418403,2,0.93921,0.03174,0.30811,10.87,0.107,1.557
2026-05-20 13:25:35.603,1167075059,418603,1,0.80396,0.05786,0.7688,-6.496,9.153,1.076
2026-05-20 13:25:35.603,1167075059,418603,2,0.96289,0.02808,0.30859,3.374,4.565,-4.489
2026-05-20 13:25:35.803,1167075259,418803,1,0.81885,0.15088,0.73193,1.779,0.802,5.45
2026-05-20 13:25:35.803,1167075259,418803,2,0.9104,0.08643,0.32202,12.534,9.74,-2.992
2026-05-20 13:25:29.364,1167068820,412364,1,0.58374,-0.02197,0.94189,1.069,2.718,-1.481
2026-05-20 13:25:36.003,1167075459,419003,1,0.72656,0.08032,0.79077,-10.855,6.168,12.473
2026-05-20 13:25:36.003,1167075459,419003,2,0.83228,0.03931,0.28955,33.229,3.504,-10.664
2026-05-20 13:25:39.025,1167078481,422025,1,0.7644,0.09326,0.94092,4.634,10.916,-5.237
2026-05-20 13:25:39.025,1167078481,422025,2,0.97559,0.19653,0.28394,-0.344,-1.947,14.779
2026-05-20 13:25:39.225,1167078681,422225,1,0.73462,-0.20313,0.6106,-7.099,14.008,-30.847
2026-05-20 13:25:39.225,1167078681,422225,2,0.7627,-0.06348,0.3479,-47.649,-0.832,-20.794
2026-05-20 13:25:39.425,1167078881,422425,1,0.89624,-0.06274,0.79321,0.84,-7.282,11.55
2026-05-20 13:25:39.425,1167078881,422425,2,1.00366,-0.15356,0.43213,26.237,4.603,13.496
2026-05-20 13:25:42.548,1167082004,425548,1,1.99994,-0.10449,1.29712,-36.069,-47.107,-3.656
2026-05-20 13:25:42.548,1167082004,425548,2,0.39819,-0.11719,0.04785,-16.534,1.137,6.412
2026-05-20 13:25:43.827,1167083283,425827,1,0.49927,-0.02759,0.78662,-12.718,-23.267,11.84
2026-05-20 13:25:43.827,1167083283,425827,2,1.24268,0.03638,0.74951,-6.817,-54.466,36.252
2026-05-20 13:25:43.027,1167082483,426027,1,0.57104,0.01563,0.72192,2.107,31.0,-0.099
2026-05-20 13:25:43.027,1167082483,426027,2,0.59326,0.10986,0.23877,32.954,14.26,-20.275
2026-05-20 13:25:43.227,1167082683,426227,1,0.85522,0.0376,0.95923,-4.046,-16.443,-2.847
2026-05-20 13:25:43.227,1167082683,426227,2,0.8562,0.09424,0.49341,-10.664,-0.962,0.885
2026-05-20 13:25:46.303,1167085759,429303,1,0.64771,-0.02808,0.90869,1.718,1.229,0.038
2026-05-20 13:25:46.303,1167085759,429303,2,0.85791,0.08765,0.50879,-4.282,-1.527,0.924
2026-05-20 13:25:46.503,1167085959,429503,1,0.63672,0.00977,0.86572,1.191,7.389,-2.229
2026-05-20 13:25:46.503,1167085959,429503,2,0.83936,0.12915,0.47632,-7.382,5.206,-7.504
2026-05-20 13:25:46.703,1167086159,429703,1,0.71973,-0.09375,0.90649,-12.305,-14.374,10.099
2026-05-20 13:25:46.703,1167086159,429703,2,0.85425,0.00806,0.59961,-1.481,11.061,2.679
2026-05-20 13:25:47.977,1167087433,429977,1,0.68066,-0.1228,0.87158,8.42,3.916,-2.763
2026-05-20 13:25:47.977,1167087433,429977,2,0.71558,0.22241,0.4939,64.496,64.695,-36.405
2026-05-20 13:25:50.832,1167090288,432832,1,0.70337,-0.04199,0.78564,28.137,96.954,25.87
2026-05-20 13:25:50.832,1167090288,432832,2,0.89746,0.10767,0.40015,2.374,-1.595,2.206
2026-05-20 13:25:53.894,1167093350,435894,1,0.72217,-0.03076,0.85913,1.618,1.939,-0.046
2026-05-20 13:25:53.894,1167093350,435894,2,0.93774,0.12012,0.39868,1.588,-0.267,1.374
2026-05-20 13:25:53.094,1167092550,436094,1,0.71069,-0.0354,0.84692,-0.267,2.672,-0.595
2026-05-20 13:25:53.094,1167092550,436094,2,0.91992,0.11206,0.37402,1.626,0.191,-0.366
2026-05-20 13:25:53.294,1167092750,436294,1,0.73071,-0.02734,0.84473,-1.824,2.565,-0.595
2026-05-20 13:25:53.294,1167092750,436294,2,0.9563,0.17236,0.40649,13.382,9.985,-6.061
2026-05-20 13:25:58.391,1167097847,441391,1,1.17993,-0.30127,0.85083,-119.153,-34.947,90.924
2026-05-20 13:25:58.391,1167097847,441391,2,0.83594,-0.3562,0.09521,44.344,51.756,21.565
2026-05-20 13:25:58.591,1167098047,441591,1,0.88574,-0.47339,0.58276,-74.053,8.29,-10.221
2026-05-20 13:25:58.591,1167098047,441591,2,0.74121,-0.62598,0.34692,-13.756,16.389,-4.153
2026-05-20 13:25:59.820,1167099276,441820,1,0.82153,-0.41479,0.62671,-10.008,8.084,3.55
2026-05-20 13:25:59.820,1167099276,441820,2,0.7334,-0.58398,0.35693,16.298,3.664,-1.893
2026-05-20 13:25:59.020,1167098476,442020,1,0.8252,-0.34302,0.68481,16.534,4.656,1.74
2026-05-20 13:25:59.020,1167098476,442020,2,0.81812,-0.45728,0.33691,24.252,-10.481,-7.618
2026-05-20 13:25:59.220,1167098676,442220,1,0.81226,-0.31079,0.69995,-2.29,1.55,-8.26
2026-05-20 13:25:59.220,1167098676,442220,2,0.73218,-0.65088,0.30981,21.435,-10.13,-2.893
2026-05-20 13:26:05.181,1167104637,448181,1,0.83398,-0.37646,0.60303,4.221,-15.145,8.992
2026-05-20 13:26:05.181,1167104637,448181,2,0.82642,-0.53564,0.28809,-8.527,-1.527,8.237
2026-05-20 13:26:08.267,1167107723,451267,1,0.90527,-0.49854,0.37842,-1.061,-1.664,1.344
2026-05-20 13:26:08.267,1167107723,451267,2,0.77441,-0.59058,0.24854,2.084,1.038,0.725
2026-05-20 13:26:08.467,1167107923,451467,1,0.8916,-0.50146,0.36646,-0.282,4.702,-3.153
2026-05-20 13:26:08.467,1167107923,451467,2,0.78247,-0.59814,0.26929,-6.275,5.29,0.87
2026-05-20 13:26:08.667,1167108123,451667,1,0.89844,-0.4939,0.40137,4.542,1.947,-0.641
2026-05-20 13:26:08.667,1167108123,451667,2,0.78003,-0.59424,0.24854,0.557,-2.26,0.427
2026-05-20 13:26:11.788,1167111244,454788,1,0.88403,-0.46851,0.43311,-14.252,-1.908,0.794
2026-05-20 13:26:11.788,1167111244,454788,2,0.77612,-0.58813,0.2749,-5.802,9.458,1.672
2026-05-20 13:26:14.343,1167113799,457343,1,0.88818,-0.45972,0.46338,-4.511,3.664,-1.198
2026-05-20 13:26:14.343,1167113799,457343,2,0.76978,-0.59888,0.2522,-4.847,3.023,1.176
2026-05-20 13:26:14.543,1167113999,457543,1,0.87988,-0.46851,0.42529,1.641,-0.122,1.908
2026-05-20 13:26:14.543,1167113999,457543,2,0.78247,-0.60083,0.25562,-0.382,1.985,0.168
2026-05-20 13:26:14.743,1167114199,457743,1,0.88086,-0.45044,0.47217,2.061,1.794,-4.542
2026-05-20 13:26:14.743,1167114199,457743,2,0.77417,-0.58911,0.28345,-3.885,-0.008,2.603
2026-05-20 13:26:15.943,1167115399,457943,1,0.87036,-0.45288,0.45654,1.893,-2.153,-1.954
2026-05-20 13:26:15.943,1167115399,457943,2,0.77026,-0.59399,0.24927,0.87,-2.344,1.443
2026-05-20 13:26:15.143,1167114599,458143,1,0.90308,-0.44043,0.42725,-3.328,0.557,-2.878
2026-05-20 13:26:15.143,1167114599,458143,2,0.77808,-0.604,0.23193,-0.252,-0.29,0.679
2026-05-20 13:26:15.343,1167114799,458343,1,0.90601,-0.44531,0.42603,3.305,2.542,-1.519
2026-05-20 13:26:15.343,1167114799,458343,2,0.77637,-0.59277,0.24854,-0.962,3.29,-0.519
2026-05-20 13:26:15.543,1167114999,458543,1,0.90552,-0.42822,0.44531,3.908,1.603,-2.397
2026-05-20 13:26:15.543,1167114999,458543,2,0.77637,-0.59546,0.24487,-0.557,2.031,-4.198
2026-05-20 13:26:15.743,1167115199,458743,1,0.91846,-0.38184,0.5105,3.153,-3.13,3.84
2026-05-20 13:26:15.743,1167115199,458743,2,0.77759,-0.57813,0.25439,-8.557,3.641,-7.405
2026-05-20 13:26:16.943,1167116399,458943,1,0.90601,-0.41846,0.45776,5.443,1.672,2.397
2026-05-20 13:26:16.943,1167116399,458943,2,0.80664,-0.57129,0.26147,-1.924,-0.527,-1.649
2026-05-20 13:26:16.195,1167115651,459195,1,0.90356,-0.42065,0.47534,16.069,7.603,-1.069
2026-05-20 13:26:16.195,1167115651,459195,2,0.79907,-0.57373,0.24268,0.557,0.87,-1.58
2026-05-20 13:26:16.395,1167115851,459395,1,0.86108,-0.34375,0.56348,19.626,8.282,-1.885
2026-05-20 13:26:16.395,1167115851,459395,2,0.80884,-0.53052,0.27271,17.954,0.733,2.153
2026-05-20 13:26:16.595,1167116051,459595,1,0.88062,-0.3623,0.56201,4.115,1.534,-0.565
2026-05-20 13:26:16.595,1167116051,459595,2,0.77783,-0.57153,0.28955,2.328,-2.26,1.008
2026-05-20 13:26:16.795,1167116251,459795,1,0.87817,-0.3728,0.55396,-0.611,0.374,-0.298
2026-05-20 13:26:16.795,1167116251,459795,2,0.80591,-0.55811,0.26978,4.595,-7.42,-1.328
2026-05-20 13:26:17.995,1167117451,459995,1,0.87476,-0.36011,0.53271,1.893,3.542,2.977
2026-05-20 13:26:17.995,1167117451,459995,2,0.83643,-0.52881,0.22754,-1.252,-1.191,-4.282
2026-05-20 13:26:17.196,1167116652,460196,1,0.86401,-0.33423,0.57813,-0.832,3.084,1.389
2026-05-20 13:26:17.196,1167116652,460196,2,0.83862,-0.52563,0.23682,-1.985,0.672,-0.534
2026-05-20 13:26:17.396,1167116852,460396,1,0.86084,-0.33643,0.58838,-6.618,0.74,-1.802
2026-05-20 13:26:17.396,1167116852,460396,2,0.82666,-0.54248,0.24805,-5.519,3.443,3.481
2026-05-20 13:26:17.596,1167117052,460596,1,0.86621,-0.39502,0.52783,-25.878,-3.389,-5.198
2026-05-20 13:26:17.596,1167117052,460596,2,0.8042,-0.52979,0.24243,-7.351,7.763,7.87
2026-05-20 13:26:17.796,1167117252,460796,1,0.8938,-0.5127,0.39258,-36.534,-4.687,-5.527
2026-05-20 13:26:17.796,1167117252,460796,2,0.79126,-0.60156,0.2478,13.328,1.244,1.992
2026-05-20 13:26:18.996,1167118452,460996,1,0.87451,-0.43481,0.48438,7.282,2.511,-4.58
2026-05-20 13:26:18.996,1167118452,460996,2,0.77686,-0.56519,0.26514,0.198,0.321,2.282
2026-05-20 13:26:18.196,1167117652,461196,1,0.8689,-0.43042,0.50903,3.0,-0.74,-7.0
2026-05-20 13:26:18.196,1167117652,461196,2,0.80835,-0.57227,0.21729,-2.29,-1.191,-0.504
2026-05-20 13:26:21.997,1167121453,463997,1,0.91919,-0.37231,0.46118,7.45,3.13,0.893
2026-05-20 13:26:21.997,1167121453,463997,2,0.81543,-0.57104,0.2041,-1.015,-2.382,-1.45
2026-05-20 13:26:21.197,1167120653,464197,1,0.90137,-0.35742,0.48242,2.634,3.275,1.305
2026-05-20 13:26:21.197,1167120653,464197,2,0.8147,-0.54883,0.1853,-7.557,1.611,-1.176
2026-05-20 13:26:21.407,1167120863,464407,1,0.90674,-0.37988,0.49292,1.015,1.626,-1.489
2026-05-20 13:26:21.407,1167120863,464407,2,0.81641,-0.57275,0.20068,-1.565,2.053,0.412
2026-05-20 13:26:21.607,1167121063,464607,1,0.91064,-0.35449,0.49121,-1.779,1.397,-3.397
2026-05-20 13:26:21.607,1167121063,464607,2,0.81323,-0.57227,0.1936,-3.244,1.565,1.794
2026-05-20 13:26:21.807,1167121263,464807,1,0.92432,-0.34937,0.48486,-1.641,-1.16,-3.176
2026-05-20 13:26:21.807,1167121263,464807,2,0.8186,-0.59399,0.19214,-2.84,1.71,1.618
2026-05-20 14:15:05.287,1170044743,8287,1,-0.30811,0.53418,-0.67163,-0.458,1.298,-0.382
2026-05-20 14:15:05.287,1170044743,8287,2,0.45996,0.43896,-0.85303,-0.954,1.046,0.443
2026-05-20 14:15:05.487,1170044943,8487,1,-0.31274,0.54004,-0.67261,-0.389,1.198,-0.328
2026-05-20 14:15:05.487,1170044943,8487,2,0.46094,0.4248,-0.86304,-1.695,0.321,0.229
2026-05-20 14:15:05.687,1170045143,8687,1,-0.31421,0.54199,-0.66919,-0.344,1.366,-0.313
2026-05-20 14:15:05.687,1170045143,8687,2,0.46069,0.43652,-0.85596,-1.374,0.237,0.565
2026-05-20 14:15:06.887,1170046343,8887,1,-0.31177,0.54321,-0.66772,-0.389,1.389,-0.321
2026-05-20 14:15:06.887,1170046343,8887,2,0.46606,0.4292,-0.85352,-1.145,0.55,0.466
2026-05-20 14:15:06.087,1170045543,9087,1,-0.31689,0.54028,-0.67017,-0.13,1.145,-0.435
2026-05-20 14:15:06.087,1170045543,9087,2,0.46704,0.43677,-0.85571,-0.679,0.924,0.534
2026-05-20 14:15:06.287,1170045743,9287,1,-0.31177,0.54297,-0.67627,-0.473,1.183,-0.389
2026-05-20 14:15:06.287,1170045743,9287,2,0.45703,0.43359,-0.86377,-1.748,0.076,0.382
2026-05-20 14:15:06.487,1170045943,9487,1,-0.31372,0.53809,-0.66748,-0.145,1.145,-0.374
2026-05-20 14:15:06.487,1170045943,9487,2,0.46313,0.43506,-0.85352,-1.0,0.489,0.534
2026-05-20 14:15:06.687,1170046143,9687,1,-0.3147,0.54224,-0.6709,-0.137,1.061,-0.282
2026-05-20 14:15:06.687,1170046143,9687,2,0.45898,0.42944,-0.85107,-1.863,0.046,0.29
2026-05-20 14:15:07.887,1170047343,9887,1,-0.3103,0.53784,-0.66919,-0.267,1.153,-0.496
2026-05-20 14:15:07.887,1170047343,9887,2,0.46094,0.43286,-0.8501,-1.74,0.084,0.511
2026-05-20 14:15:07.087,1170046543,10087,1,-0.33057,0.56055,-0.66406,2.695,-3.298,-1.183
2026-05-20 14:15:07.087,1170046543,10087,2,0.45581,0.42944,-0.84033,-0.389,1.305,0.908
2026-05-20 14:15:07.306,1170046762,10306,1,-0.31348,0.5271,-0.68066,-1.359,1.763,-0.183
2026-05-20 14:15:07.306,1170046762,10306,2,0.45947,0.42578,-0.85571,0.344,1.489,1.336
2026-05-20 14:22:31.744,1170491200,6744,1,0.85767,-0.23389,0.49243,35.13,-8.321,22.618
2026-05-20 14:22:31.744,1170491200,6744,2,1.19043,0.04248,0.02197,55.336,-19.084,-24.458
2026-05-20 14:22:31.944,1170491400,6944,1,0.87573,0.06738,0.50024,27.176,43.527,-6.344
2026-05-20 14:22:31.944,1170491400,6944,2,1.24805,-0.00806,0.10181,-0.901,-7.137,45.015
2026-05-20 14:22:31.148,1170490604,7148,1,0.93286,-0.14722,0.53833,-0.42,25.076,6.603
2026-05-20 14:22:31.148,1170490604,7148,2,1.07813,-0.08887,0.04761,20.443,-16.046,-16.71
2026-05-20 14:22:31.348,1170490804,7348,1,0.81445,-0.13159,0.58008,33.817,6.954,12.908
2026-05-20 14:22:31.348,1170490804,7348,2,0.96753,-0.04468,-0.06445,-6.321,-30.71,-15.832
2026-05-20 14:22:31.548,1170491004,7548,1,0.94751,0.00586,0.57275,5.466,-10.16,-24.695
2026-05-20 14:22:31.548,1170491004,7548,2,1.03784,-0.03247,0.09521,-10.16,5.336,-0.076
2026-05-20 14:22:32.754,1170492210,7754,1,0.89844,-0.10693,0.573,-7.099,3.168,-6.031
2026-05-20 14:22:32.754,1170492210,7754,2,1.02002,-0.06128,-0.07617,-14.168,-27.656,-19.504
2026-05-20 14:22:32.954,1170492410,7954,1,0.95605,0.03638,0.5083,-12.916,2.611,-58.046
2026-05-20 14:22:32.954,1170492410,7954,2,1.12524,0.05688,-0.06348,-36.031,-45.45,-19.832
2026-05-20 14:22:32.154,1170491610,8154,1,0.8645,0.18726,0.52734,-42.588,-1.26,-42.344
2026-05-20 14:22:32.154,1170491610,8154,2,0.98804,0.07056,-0.05371,-40.137,-0.13,4.206
2026-05-20 14:22:32.354,1170491810,8354,1,0.91016,0.16797,0.56006,-25.305,-4.298,-13.16
2026-05-20 14:22:32.354,1170491810,8354,2,1.05029,0.0293,-0.11255,-1.924,9.275,15.45
2026-05-20 14:22:32.554,1170492010,8554,1,0.9458,0.25366,0.53076,7.237,-1.672,12.206
2026-05-20 14:22:32.554,1170492010,8554,2,1.00562,0.0625,-0.11377,7.985,4.336,14.321
2026-05-20 14:22:33.754,1170493210,8754,1,0.90308,0.16943,0.53003,2.359,-1.863,10.046
2026-05-20 14:22:33.754,1170493210,8754,2,1.13208,-0.05322,0.02148,0.718,-13.565,6.229
2026-05-20 14:22:33.968,1170493424,8967,1,0.89282,0.04785,0.47632,22.046,8.748,19.015
2026-05-20 14:22:33.968,1170493424,8967,2,1.06274,-0.04297,-0.14551,-3.267,-27.481,-19.458
2026-05-20 14:22:33.167,1170492623,9167,1,1.01074,0.1272,0.4646,16.847,-4.145,-5.214
2026-05-20 14:22:33.167,1170492623,9167,2,1.02002,-0.03931,-0.04565,23.771,8.786,16.817
2026-05-20 14:22:33.367,1170492823,9367,1,0.92334,0.07764,0.44775,4.664,-0.214,22.687
2026-05-20 14:22:33.367,1170492823,9367,2,1.36157,0.02954,-0.08447,2.176,-11.145,3.725
2026-05-20 14:22:33.567,1170493023,9567,1,1.00659,-0.09009,0.44922,-13.969,50.191,7.519
2026-05-20 14:22:33.567,1170493023,9567,2,0.88867,-0.28857,-0.01416,22.962,45.382,-6.863
2026-05-20 14:22:34.861,1170494317,9861,1,0.83472,-0.19897,0.59863,109.137,-19.855,77.878
2026-05-20 14:22:34.861,1170494317,9861,2,0.98901,-0.05469,-0.03882,215.664,25.435,47.16
2026-05-20 14:22:34.061,1170493517,10061,1,1.07324,-0.03271,0.58179,102.168,-23.107,74.221
2026-05-20 14:22:34.061,1170493517,10061,2,1.09302,-0.18726,0.06812,47.847,24.328,-95.092
2026-05-20 14:22:34.288,1170493744,10288,1,1.14502,-0.09131,0.49341,-16.053,15.794,-23.183
2026-05-20 14:22:34.288,1170493744,10288,2,1.12061,0.02051,-0.05103,-53.496,-11.534,-13.504
2026-05-20 14:22:34.488,1170493944,10488,1,0.90405,0.13916,0.47925,-58.16,24.412,-40.473
2026-05-20 14:22:34.488,1170493944,10488,2,0.95801,0.07275,-0.09229,-86.588,35.931,-15.832
2026-05-20 14:22:34.688,1170494144,10688,1,1.28491,-0.21118,0.41675,-102.237,25.626,-86.733
2026-05-20 14:22:34.688,1170494144,10688,2,1.00171,0.06738,-0.0686,-136.466,-4.649,18.756
2026-05-20 14:22:35.902,1170495358,10902,1,0.96631,-0.31934,0.48657,-164.71,22.634,-68.374
2026-05-20 14:22:35.902,1170495358,10902,2,1.12207,-0.43213,-0.15015,-250.137,-14.802,-22.809
2026-05-20 14:22:35.102,1170494558,11102,1,0.90356,-0.41211,0.46069,-69.679,14.931,-39.611
2026-05-20 14:22:35.102,1170494558,11102,2,0.96899,-0.479,-0.07129,-46.458,19.664,26.282
2026-05-20 14:22:35.302,1170494758,11302,1,0.9248,-0.41479,0.44336,-24.153,-8.321,-11.405
2026-05-20 14:22:35.302,1170494758,11302,2,1.01807,-0.31885,-0.03662,-45.366,-2.214,-14.344
2026-05-20 14:22:35.502,1170494958,11502,1,1.1582,-0.41064,0.48584,-28.183,-6.473,-13.519
2026-05-20 14:22:35.502,1170494958,11502,2,0.94775,-0.1355,0.04395,22.137,32.55,-21.115
2026-05-20 14:22:35.702,1170495158,11702,1,0.92139,-0.23682,0.52026,-11.519,-6.29,-9.42
2026-05-20 14:22:35.702,1170495158,11702,2,1.05688,-0.15845,0.11816,-4.237,-19.595,8.198
2026-05-20 14:22:41.807,1170501263,16806,1,1.03223,-0.08594,0.25513,21.298,38.221,2.985
2026-05-20 14:22:41.807,1170501263,16806,2,1.00708,-0.27441,-0.14844,26.573,1.252,-10.015
2026-05-20 14:22:41.006,1170500462,17006,1,0.89795,-0.104,0.43628,-1.542,22.626,2.748
2026-05-20 14:22:41.006,1170500462,17006,2,0.99341,-0.19556,-0.11279,-7.405,5.878,-11.0
2026-05-20 14:22:41.282,1170500738,17282,1,1.09204,-0.12964,0.35474,-8.008,-6.504,-1.977
2026-05-20 14:22:41.282,1170500738,17282,2,1.13647,-0.16968,-0.04736,-6.405,-20.328,-0.214
2026-05-20 14:22:41.482,1170500938,17482,1,1.02539,-0.16846,0.43677,8.023,48.573,6.244
2026-05-20 14:22:41.482,1170500938,17482,2,0.99536,-0.15259,-0.03931,1.817,47.275,-41.557
2026-05-20 14:22:41.682,1170501138,17682,1,0.67334,-0.13013,0.75439,38.595,24.985,22.71
2026-05-20 14:22:41.682,1170501138,17682,2,1.01318,-0.01392,0.00464,31.664,-14.901,0.863
2026-05-20 14:22:42.070,1170501526,18070,1,0.99512,-0.09204,0.49487,-8.29,-29.176,-16.183
2026-05-20 14:22:42.070,1170501526,18070,2,1.03491,-0.07935,-0.03345,-26.412,-20.71,3.069
2026-05-20 14:22:42.270,1170501726,18270,1,1.05908,-0.06445,0.42822,-4.504,-2.038,-0.756
2026-05-20 14:22:42.270,1170501726,18270,2,1.03711,-0.11353,-0.06519,-2.397,-21.916,19.359
2026-05-20 14:22:42.470,1170501926,18470,1,1.01196,-0.12231,0.41333,-6.527,-2.115,1.595
2026-05-20 14:22:42.470,1170501926,18470,2,1.04395,-0.14014,-0.07617,26.588,2.359,-9.641
2026-05-20 14:22:42.672,1170502128,18672,1,0.91162,-0.09863,0.47559,-4.481,13.252,-1.061
2026-05-20 14:22:42.672,1170502128,18672,2,1.02148,-0.13672,-0.12671,-12.878,4.687,2.557
2026-05-20 14:22:43.872,1170503328,18872,1,1.01709,-0.1167,0.45972,-14.641,1.023,-4.756
2026-05-20 14:22:43.872,1170503328,18872,2,1.04321,-0.10718,-0.09863,-7.618,-9.672,1.466
2026-05-20 14:22:43.072,1170502528,19072,1,0.96777,-0.10596,0.44971,-2.313,-6.137,-3.504
2026-05-20 14:22:43.072,1170502528,19072,2,1.01953,-0.13965,-0.10327,-0.359,-2.031,-0.221
2026-05-20 14:22:43.272,1170502728,19272,1,1.01099,-0.10864,0.42334,0.038,-1.885,-3.405
2026-05-20 14:22:43.272,1170502728,19272,2,1.03638,-0.13062,-0.05933,-0.878,4.504,2.924
2026-05-20 14:22:43.501,1170502957,19501,1,1.01172,-0.06763,0.45337,0.527,5.634,-3.992
2026-05-20 14:22:43.501,1170502957,19501,2,1.03027,-0.06836,-0.0791,-14.916,-1.397,-2.695
2026-05-20 14:22:43.701,1170503157,19701,1,1.01123,0.01514,0.40576,-19.992,18.748,-8.473
2026-05-20 14:22:43.701,1170503157,19701,2,1.03662,-0.1145,-0.19971,-58.038,-18.618,3.435
2026-05-20 14:22:44.901,1170504357,19901,1,0.97876,-0.13818,0.44092,-30.947,-12.649,-6.527
2026-05-20 14:22:44.901,1170504357,19901,2,1.02344,-0.19385,-0.09253,-11.786,-3.664,25.71
2026-05-20 14:22:44.101,1170503557,20101,1,0.9812,-0.17554,0.43164,4.176,-2.565,8.626
2026-05-20 14:22:44.101,1170503557,20101,2,1.03638,-0.20386,-0.11011,12.351,-1.534,-0.237
2026-05-20 14:22:44.301,1170503757,20301,1,0.95361,-0.14404,0.45557,11.504,8.267,3.16
2026-05-20 14:22:44.301,1170503757,20301,2,0.99316,-0.16455,-0.1167,1.313,8.893,-3.74
2026-05-20 14:22:44.501,1170503957,20501,1,0.98633,-0.0874,0.51416,-2.763,18.023,-12.168
2026-05-20 14:22:44.501,1170503957,20501,2,1.02466,-0.18042,-0.11084,8.145,-7.13,-1.191
2026-05-20 14:22:44.701,1170504157,20701,1,0.96216,-0.05981,0.50537,8.115,0.206,3.076
2026-05-20 14:22:44.701,1170504157,20701,2,1.01343,-0.1499,-0.13208,4.565,-8.656,11.351
2026-05-20 14:22:45.901,1170505357,20901,1,0.98706,-0.0769,0.5127,-8.275,8.565,-2.229
2026-05-20 14:22:45.901,1170505357,20901,2,1.02612,-0.19409,-0.05884,-7.038,14.58,-1.832
2026-05-20 14:22:45.101,1170504557,21101,1,0.96265,-0.14819,0.49438,-11.992,18.305,-3.214
2026-05-20 14:22:45.101,1170504557,21101,2,0.99756,-0.20703,-0.10522,-1.198,18.252,-16.969
2026-05-20 14:22:45.301,1170504757,21301,1,0.90796,-0.22021,0.63867,1.679,23.725,-2.412
2026-05-20 14:22:45.301,1170504757,21301,2,0.98853,-0.19727,-0.06445,0.519,19.977,-15.802
2026-05-20 14:22:45.501,1170504957,21501,1,0.93091,-0.25732,0.7002,-20.695,-18.756,0.145
2026-05-20 14:22:45.501,1170504957,21501,2,0.98315,-0.14111,-0.04736,27.893,23.023,-0.29
2026-05-20 14:22:45.701,1170505157,21701,1,0.97437,-0.05518,0.55542,10.336,-12.542,1.588
2026-05-20 14:22:45.701,1170505157,21701,2,1.05469,-0.13599,0.02051,18.282,-6.771,11.87
2026-05-20 14:22:46.901,1170506357,21901,1,0.93774,-0.09814,0.55811,18.328,5.679,4.756
2026-05-20 14:22:46.901,1170506357,21901,2,1.02441,-0.14453,-0.07129,17.107,1.679,-6.855
2026-05-20 14:22:46.101,1170505557,22101,1,0.94141,-0.03394,0.56958,19.756,3.412,6.336
2026-05-20 14:22:46.101,1170505557,22101,2,1.02637,-0.12598,-0.06055,19.786,4.824,-2.565
2026-05-20 14:22:46.301,1170505757,22301,1,0.92627,-0.03735,0.5752,8.618,1.641,-0.107
2026-05-20 14:22:46.301,1170505757,22301,2,1.01953,-0.13037,-0.06689,2.954,-0.176,-0.099
2026-05-20 14:22:46.501,1170505957,22501,1,0.93579,-0.03882,0.56934,-2.366,-0.947,-0.771
2026-05-20 14:22:46.501,1170505957,22501,2,1.02295,-0.12134,-0.07104,-6.0,-7.756,7.153
2026-05-20 14:22:46.731,1170506187,22731,1,0.94067,-0.0603,0.56958,-5.191,-5.931,-1.244
2026-05-20 14:22:46.731,1170506187,22731,2,1.0144,-0.14404,-0.07471,-12.282,-3.847,5.908
2026-05-20 14:22:47.931,1170507387,22931,1,0.94067,-0.04932,0.51953,-13.878,-7.672,-5.366
2026-05-20 14:22:47.931,1170507387,22931,2,1.00049,-0.14941,-0.0791,-24.0,4.275,3.992
2026-05-20 14:22:47.131,1170506587,23131,1,0.98267,-0.052,0.4873,-30.374,-9.443,-15.573
2026-05-20 14:22:47.131,1170506587,23131,2,1.06152,-0.15894,-0.052,-48.336,9.275,-5.679
2026-05-20 14:22:47.331,1170506787,23331,1,0.97119,-0.09399,0.46094,-50.046,-0.725,-22.031
2026-05-20 14:22:47.331,1170506787,23331,2,1.00757,-0.23828,-0.09229,-28.916,-1.824,13.504
2026-05-20 14:22:47.531,1170506987,23531,1,1.00269,-0.12549,0.45288,-14.504,-0.733,-3.672
2026-05-20 14:22:47.531,1170506987,23531,2,1.00879,-0.24487,-0.07495,-5.832,0.718,4.374
2026-05-20 14:22:47.731,1170507187,23731,1,0.99243,-0.11157,0.45117,7.298,3.748,8.832
2026-05-20 14:22:47.731,1170507187,23731,2,1.0083,-0.23779,-0.09009,16.382,-1.29,-0.969
2026-05-20 14:22:48.931,1170508387,23931,1,0.96973,-0.12085,0.4729,15.863,5.221,11.962
2026-05-20 14:22:48.931,1170508387,23931,2,1.02026,-0.23315,-0.07227,8.962,8.053,-8.137
2026-05-20 14:22:48.131,1170507587,24131,1,0.96875,-0.13135,0.48218,14.443,3.366,9.191
2026-05-20 14:22:48.131,1170507587,24131,2,1.02319,-0.19165,-0.08691,9.58,-3.145,-2.71
2026-05-20 14:22:48.331,1170507787,24331,1,0.96509,-0.1189,0.48657,6.031,1.191,2.817
2026-05-20 14:22:48.331,1170507787,24331,2,1.01367,-0.19653,-0.09277,2.267,-2.733,2.099
2026-05-20 14:22:48.531,1170507987,24531,1,0.96558,-0.12744,0.49731,-4.725,2.084,-2.328
2026-05-20 14:22:48.531,1170507987,24531,2,1.01367,-0.20825,-0.07373,-9.863,-4.573,1.29
2026-05-20 14:22:48.731,1170508187,24731,1,0.96436,-0.15015,0.49097,-5.076,2.863,-3.145
2026-05-20 14:22:48.731,1170508187,24731,2,1.00488,-0.22119,-0.07861,-1.817,0.557,1.481
2026-05-20 14:22:49.931,1170509387,24931,1,1.05615,-0.18555,0.38696,-17.305,-7.527,-2.389
2026-05-20 14:22:49.931,1170509387,24931,2,1.02026,-0.24414,-0.17236,-3.794,1.489,1.336
2026-05-20 14:22:49.131,1170508587,25131,1,0.97729,-0.1814,0.47803,18.389,11.649,9.107
2026-05-20 14:22:49.131,1170508587,25131,2,1.02368,-0.16016,-0.06177,22.427,-2.908,-2.214
2026-05-20 14:22:49.351,1170508807,25351,1,0.90234,-0.14258,0.56274,11.397,12.344,-5.023
2026-05-20 14:22:49.351,1170508807,25351,2,0.98218,-0.18628,-0.00488,2.069,0.534,-6.542
2026-05-20 14:22:49.554,1170509010,25554,1,0.927,-0.19482,0.54126,1.939,-3.611,0.649
2026-05-20 14:22:49.554,1170509010,25554,2,0.98022,-0.26904,-0.12793,14.031,3.092,5.519
2026-05-20 14:22:50.754,1170510210,25754,1,0.94434,-0.06982,0.51343,23.42,-3.489,1.527
2026-05-20 14:22:50.754,1170510210,25754,2,1.0415,-0.15552,-0.1167,21.351,21.511,6.321
2026-05-20 14:22:50.954,1170510410,25954,1,0.98145,-0.06836,0.4436,7.443,-10.122,3.198
2026-05-20 14:22:50.954,1170510410,25954,2,1.0481,-0.16187,-0.10986,22.145,17.824,2.489
2026-05-20 14:22:50.154,1170509610,26154,1,0.98242,-0.06738,0.46973,6.878,2.977,1.298
2026-05-20 14:22:50.154,1170509610,26154,2,1.01636,-0.16577,-0.07251,6.557,-19.427,2.076
2026-05-20 14:22:50.354,1170509810,26354,1,1.02393,0.02393,0.41138,0.053,5.954,9.473
2026-05-20 14:22:50.354,1170509810,26354,2,1.12817,-0.05933,-0.17749,22.679,60.527,-19.794
2026-05-20 14:22:50.554,1170510010,26554,1,0.87695,-0.10327,0.52832,-4.038,0.557,-7.183
2026-05-20 14:22:50.554,1170510010,26554,2,0.99243,-0.08838,0.09326,-11.344,9.649,-6.863
2026-05-20 14:22:51.754,1170511210,26754,1,0.87085,-0.14624,0.4458,7.595,-2.473,7.168
2026-05-20 14:22:51.754,1170511210,26754,2,1.15918,-0.0293,0.01001,-18.939,0.695,-24.122
2026-05-20 14:22:51.954,1170511410,26954,1,0.88599,-0.17896,0.4436,-15.824,7.168,-14.092
2026-05-20 14:22:51.954,1170511410,26954,2,1.08716,-0.07471,-0.05396,-1.847,5.0,-0.931
2026-05-20 14:22:51.193,1170510649,27193,1,0.95801,-0.16357,0.46411,11.191,-5.092,-10.076
2026-05-20 14:22:51.193,1170510649,27193,2,1.06567,-0.12549,-0.01978,25.191,3.13,-3.641
2026-05-20 14:22:51.393,1170510849,27393,1,0.91748,-0.06104,0.46997,-5.13,8.328,-7.252
2026-05-20 14:22:51.393,1170510849,27393,2,1.0498,-0.07324,-0.02832,13.84,6.092,-1.366
2026-05-20 14:22:51.593,1170511049,27593,1,0.88721,-0.06885,0.55737,5.0,9.641,4.87
2026-05-20 14:22:51.593,1170511049,27593,2,1.02026,-0.05371,0.01343,-0.855,-6.954,3.695
2026-05-20 14:22:52.793,1170512249,27793,1,1.02197,-0.09814,0.46753,20.634,-3.565,10.809
2026-05-20 14:22:52.793,1170512249,27793,2,1.04736,-0.11304,-0.00488,-19.26,-12.237,22.832
2026-05-20 14:22:52.004,1170511460,28004,1,0.97046,-0.10352,0.39697,-62.603,-36.313,-22.771
2026-05-20 14:22:52.004,1170511460,28004,2,0.96533,-0.24048,-0.10913,-28.565,-13.779,8.321
2026-05-20 14:22:52.204,1170511660,28204,1,0.98047,-0.0957,0.37939,-21.931,-14.893,8.901
2026-05-20 14:22:52.204,1170511660,28204,2,1.00879,-0.23193,-0.13159,-21.214,2.702,11.473
2026-05-20 14:22:52.404,1170511860,28404,1,1.03369,-0.10718,0.36353,-12.511,2.328,-5.115
2026-05-20 14:22:52.404,1170511860,28404,2,1.00488,-0.24878,-0.1106,-13.473,-0.924,-0.053
2026-05-20 14:22:52.607,1170512063,28607,1,1.02417,-0.10474,0.35596,-3.992,-1.427,-1.603
2026-05-20 14:22:52.607,1170512063,28607,2,0.99463,-0.26611,-0.13599,-3.099,-0.42,2.809
2026-05-20 14:22:53.879,1170513335,28878,1,1.04492,-0.1062,0.35059,1.305,3.786,-0.534
2026-05-20 14:22:53.879,1170513335,28878,2,0.98877,-0.25806,-0.14551,-8.107,4.008,0.916
2026-05-20 14:22:53.125,1170512581,29125,1,1.02734,-0.10425,0.35962,-4.969,-0.718,-2.855
2026-05-20 14:22:53.125,1170512581,29125,2,0.98633,-0.26489,-0.14014,0.267,1.885,2.26
2026-05-20 14:22:53.614,1170513070,29614,1,1.00879,-0.10791,0.36987,1.015,-3.595,2.557
2026-05-20 14:22:53.614,1170513070,29614,2,0.99878,-0.25439,-0.11206,-3.794,0.481,3.122
2026-05-20 14:22:54.814,1170514270,29814,1,1.01636,-0.09668,0.36426,0.557,3.611,-1.626
2026-05-20 14:22:54.814,1170514270,29814,2,0.99756,-0.27612,-0.12109,-2.282,1.115,0.305
2026-05-20 14:22:54.014,1170513470,30014,1,1.02148,-0.10352,0.37012,-0.443,-1.061,-0.099
2026-05-20 14:22:54.014,1170513470,30014,2,0.99194,-0.26831,-0.11157,-0.374,-0.42,0.466
2026-05-20 14:22:54.214,1170513670,30214,1,1.02344,-0.10132,0.3728,1.229,1.252,1.756
2026-05-20 14:22:54.214,1170513670,30214,2,0.99341,-0.26099,-0.11353,-1.504,-0.153,0.702
2026-05-20 14:22:54.414,1170513870,30414,1,1.01733,-0.09814,0.35669,-1.794,1.183,0.168
2026-05-20 14:22:54.414,1170513870,30414,2,0.99097,-0.2749,-0.13452,-4.603,1.412,2.107
2026-05-20 14:22:54.614,1170514070,30614,1,1.01611,-0.10938,0.37451,-3.275,2.458,-0.931
2026-05-20 14:22:54.614,1170514070,30614,2,0.99536,-0.2749,-0.12427,-4.351,1.511,2.13
2026-05-20 14:22:55.839,1170515295,30839,1,1.01709,-0.10669,0.36743,-3.588,1.977,-0.718
2026-05-20 14:22:55.839,1170515295,30839,2,0.99829,-0.26514,-0.11084,6.023,-0.748,0.496
2026-05-20 14:22:55.096,1170514552,31096,1,1.0144,-0.11694,0.37622,-3.069,1.71,-2.649
2026-05-20 14:22:55.096,1170514552,31096,2,0.9917,-0.30762,-0.12964,4.244,2.977,-2.29
2026-05-20 14:22:55.296,1170514752,31296,1,1.00464,-0.10571,0.39771,0.878,3.458,0.053
2026-05-20 14:22:55.296,1170514752,31296,2,0.98462,-0.26904,-0.1311,2.389,1.786,0.466
2026-05-20 14:22:55.496,1170514952,31496,1,1.01563,-0.11646,0.39355,1.13,-1.298,1.527
2026-05-20 14:22:55.496,1170514952,31496,2,0.99854,-0.26538,-0.15137,-1.763,2.008,-0.107
2026-05-20 14:22:56.765,1170516221,31765,1,1.0144,-0.12231,0.37378,-2.916,-5.191,0.076
2026-05-20 14:22:56.765,1170516221,31765,2,0.99512,-0.27222,-0.12305,-0.267,0.26,-3.405
2026-05-20 14:22:56.965,1170516421,31965,1,1.01978,-0.12085,0.354,-3.076,1.794,1.954
2026-05-20 14:22:56.965,1170516421,31965,2,0.99194,-0.25928,-0.14331,-2.252,0.511,0.771
2026-05-20 14:22:56.165,1170515621,32165,1,1.02051,-0.125,0.36426,-1.038,4.45,-0.321
2026-05-20 14:22:56.165,1170515621,32165,2,0.98853,-0.27051,-0.14111,-3.29,-0.924,1.618
2026-05-20 14:22:56.365,1170515821,32365,1,1.00317,-0.14575,0.37695,0.038,4.763,2.16
2026-05-20 14:22:56.365,1170515821,32365,2,0.99268,-0.26807,-0.15552,0.168,0.87,-1.153
2026-05-20 14:22:56.565,1170516021,32565,1,0.99756,-0.146,0.38745,3.55,-0.176,1.221
2026-05-20 14:22:56.565,1170516021,32565,2,0.9895,-0.25342,-0.12769,1.359,0.756,-2.0
2026-05-20 14:22:57.765,1170517221,32765,1,0.99731,-0.14307,0.3916,4.374,2.298,1.527
2026-05-20 14:22:57.765,1170517221,32765,2,0.99097,-0.23755,-0.13672,0.702,-0.298,-0.809
2026-05-20 14:22:57.965,1170517421,32965,1,1.00488,-0.14014,0.38721,1.786,0.733,1.26
2026-05-20 14:22:57.965,1170517421,32965,2,1.00171,-0.25562,-0.12964,0.588,-1.611,0.298
2026-05-20 14:22:57.165,1170516621,33165,1,1.00098,-0.14819,0.38306,2.557,2.908,0.061
2026-05-20 14:22:57.165,1170516621,33165,2,0.99438,-0.25537,-0.16626,-3.237,2.634,0.664
2026-05-20 14:22:57.365,1170516821,33365,1,0.99878,-0.14917,0.37964,-0.328,-1.313,-0.954
2026-05-20 14:22:57.365,1170516821,33365,2,1.00977,-0.25537,-0.16357,-6.473,1.198,-1.824
2026-05-20 14:22:57.618,1170517074,33618,1,1.0376,-0.12427,0.34766,-3.305,-0.534,-5.962
2026-05-20 14:22:57.618,1170517074,33618,2,0.99609,-0.24414,-0.1582,-6.725,9.939,3.023
2026-05-20 14:22:58.818,1170518274,33818,1,1.02881,-0.17261,0.40039,-0.321,33.557,-6.427
2026-05-20 14:22:58.818,1170518274,33818,2,1.06104,-0.25342,-0.10498,1.969,1.664,-13.214
2026-05-20 14:22:58.018,1170517474,34018,1,0.93921,-0.18481,0.51318,1.16,15.756,1.916
2026-05-20 14:22:58.018,1170517474,34018,2,1.01196,-0.27417,-0.14624,5.061,,-5.489
2026-05-20 14:22:58.218,1170517674,34218,1,0.9895,-0.09668,0.50098,-3.534,1.695,-7.511
2026-05-20 14:22:58.218,1170517674,34218,2,0.99341,-0.19971,-0.13013,13.939,4.008,-0.244
2026-05-20 14:22:58.418,1170517874,34418,1,0.9353,-0.08569,0.53735,12.13,-0.099,5.092
2026-05-20 14:22:58.418,1170517874,34418,2,1.01465,-0.16797,-0.04395,-0.84,-3.71,0.42
2026-05-20 14:22:58.618,1170518074,34618,1,0.97754,-0.10352,0.49951,-1.947,1.458,-2.924
2026-05-20 14:22:58.618,1170518074,34618,2,1.02002,-0.17334,-0.05322,-11.55,0.878,-4.58
2026-05-20 14:22:59.014,1170518470,35014,1,0.94849,-0.09058,0.51953,-6.916,-3.458,-3.015
2026-05-20 14:22:59.014,1170518470,35014,2,1.02734,-0.18286,-0.05322,-10.649,-7.336,2.595
2026-05-20 14:22:59.242,1170518698,35242,1,1.00293,-0.10181,0.45825,-7.198,-6.817,7.107
2026-05-20 14:22:59.242,1170518698,35242,2,1.02612,-0.15991,-0.05444,0.023,-1.198,8.962
2026-05-20 14:22:59.442,1170518898,35442,1,0.95605,-0.12891,0.45947,-19.817,8.496,0.069
2026-05-20 14:22:59.442,1170518898,35442,2,1.02393,-0.18555,-0.07446,-6.893,-1.366,14.405
2026-05-20 14:22:59.642,1170519098,35642,1,0.96143,-0.14917,0.48364,-18.481,4.916,-9.275
2026-05-20 14:22:59.642,1170519098,35642,2,0.99829,-0.2251,-0.06689,-24.519,1.45,-1.687
2026-05-20 14:23:00.842,1170520298,35842,1,0.95435,-0.13574,0.49268,-20.076,1.901,-8.504
2026-05-20 14:23:00.842,1170520298,35842,2,0.99878,-0.23779,-0.08301,-16.305,3.084,7.557
2026-05-20 14:23:00.042,1170519498,36042,1,0.95654,-0.1604,0.46387,-15.763,-10.573,-2.336
2026-05-20 14:23:00.042,1170519498,36042,2,1.00488,-0.27466,-0.05859,-18.595,-0.924,2.626
2026-05-20 14:23:00.242,1170519698,36242,1,0.98975,-0.18872,0.41113,-2.557,0.412,2.046
2026-05-20 14:23:00.242,1170519698,36242,2,0.9895,-0.26514,-0.0979,-1.794,3.794,0.687
2026-05-20 14:23:00.442,1170519898,36442,1,0.99219,-0.17456,0.4231,1.603,-4.672,4.42
2026-05-20 14:23:00.442,1170519898,36442,2,0.99365,-0.25684,-0.07813,3.366,0.305,4.29
2026-05-20 14:23:00.642,1170520098,36642,1,1.00024,-0.18848,0.39624,5.916,-2.504,1.229
2026-05-20 14:23:00.642,1170520098,36642,2,1.02393,-0.27271,-0.08667,5.977,4.611,-2.947
2026-05-20 14:23:01.842,1170521298,36842,1,0.99463,-0.17383,0.42651,0.405,2.802,0.908
2026-05-20 14:23:01.842,1170521298,36842,2,0.99707,-0.25269,-0.06543,0.534,-3.145,2.427
2026-05-20 14:23:01.042,1170520498,37042,1,0.98438,-0.21143,0.42139,2.916,3.969,2.71
2026-05-20 14:23:01.042,1170520498,37042,2,0.98511,-0.28174,-0.10059,6.221,-3.412,1.206
2026-05-20 14:23:01.242,1170520698,37242,1,0.97241,-0.21167,0.39868,14.137,-3.595,4.74
2026-05-20 14:23:01.242,1170520698,37242,2,1.01147,-0.26025,-0.11182,13.603,3.618,-4.061
2026-05-20 14:23:01.442,1170520898,37442,1,1.01099,-0.23975,0.3877,21.29,-6.397,-3.725
2026-05-20 14:23:01.442,1170520898,37442,2,1.03809,-0.2251,-0.05908,13.817,0.664,-23.756
2026-05-20 14:23:01.642,1170521098,37642,1,1.03076,-0.15112,0.40601,59.115,21.756,3.282
2026-05-20 14:23:01.642,1170521098,37642,2,1.01855,-0.16968,-0.08472,41.695,-4.74,-17.656
2026-05-20 14:23:02.842,1170522298,37842,1,0.9541,-0.05298,0.48511,36.786,9.374,1.809
2026-05-20 14:23:02.842,1170522298,37842,2,1.0293,-0.10693,-0.09888,31.947,4.214,-7.611
2026-05-20 14:23:02.042,1170521498,38042,1,0.93774,-0.02368,0.52783,22.069,-1.466,-0.031
2026-05-20 14:23:02.042,1170521498,38042,2,1.01563,-0.07471,-0.06738,16.061,-0.863,-3.481
2026-05-20 14:23:02.242,1170521698,38242,1,0.97607,0.00391,0.51221,9.916,-3.664,1.191
2026-05-20 14:23:02.242,1170521698,38242,2,1.0376,-0.05566,-0.06128,4.046,1.977,-1.74
2026-05-20 14:23:02.442,1170521898,38442,1,0.98291,-0.00244,0.49121,-4.107,1.748,-1.756
2026-05-20 14:23:02.442,1170521898,38442,2,1.03809,-0.07739,-0.04175,-8.786,1.977,1.489
2026-05-20 14:23:02.718,1170522174,38718,1,0.96948,-0.03076,0.51074,-6.534,3.504,-3.847
2026-05-20 14:23:02.718,1170522174,38718,2,1.02905,-0.08032,-0.04517,-5.924,0.878,1.038
2026-05-20 14:23:03.918,1170523374,38918,1,0.95728,-0.02393,0.51538,-1.763,0.863,-1.992
2026-05-20 14:23:03.918,1170523374,38918,2,1.02197,-0.08374,-0.03833,-1.176,-0.191,0.634
2026-05-20 14:23:03.118,1170522574,39118,1,0.97095,-0.01343,0.52026,1.198,1.504,-0.107
2026-05-20 14:23:03.118,1170522574,39118,2,1.02808,-0.09033,-0.04199,0.382,0.244,1.328
2026-05-20 14:23:03.318,1170522774,39318,1,0.97217,-0.01392,0.50342,0.344,1.176,0.55
2026-05-20 14:23:03.318,1170522774,39318,2,1.02856,-0.08862,-0.05103,-1.664,0.168,0.595
2026-05-20 14:23:03.518,1170522974,39518,1,0.96533,-0.0166,0.50928,-1.534,2.13,-0.954
2026-05-20 14:23:03.518,1170522974,39518,2,1.02759,-0.0874,-0.05518,-3.237,0.542,1.145
2026-05-20 14:23:03.718,1170523174,39718,1,0.96924,-0.0127,0.51636,-2.443,0.626,-1.603
2026-05-20 14:23:03.718,1170523174,39718,2,1.02344,-0.09204,-0.04736,-3.939,0.855,1.313
2026-05-20 14:23:04.918,1170524374,39918,1,0.96777,-0.02563,0.51343,-4.962,-0.305,-2.473
2026-05-20 14:23:04.918,1170524374,39918,2,1.02905,-0.09937,-0.03394,-5.779,2.13,0.969
2026-05-20 14:23:04.118,1170523574,40118,1,0.97632,-0.04028,0.51514,-0.115,-0.687,2.229
2026-05-20 14:23:04.118,1170523574,40118,2,1.02124,-0.13232,-0.02686,7.305,-8.351,10.87
2026-05-20 14:23:04.318,1170523774,40318,1,0.9707,-0.09521,0.48706,20.023,-8.702,24.13
2026-05-20 14:23:04.318,1170523774,40318,2,1.03735,-0.11768,-0.07104,39.55,-0.282,-21.122
2026-05-20 14:23:04.627,1170524083,40627,1,1.02979,-0.1062,0.41162,31.206,-10.71,20.87
2026-05-20 14:23:04.627,1170524083,40627,2,1.02441,-0.02344,-0.06616,17.473,-9.939,3.695
2026-05-20 14:23:05.827,1170525283,40827,1,0.98608,-0.11719,0.43237,1.802,7.275,-2.008
2026-05-20 14:23:05.827,1170525283,40827,2,1.03418,-0.0791,-0.17017,-5.069,0.771,1.557
2026-05-20 14:23:05.027,1170524483,41027,1,1.00024,-0.09375,0.4353,-7.137,3.29,-6.908
2026-05-20 14:23:05.027,1170524483,41027,2,1.02637,-0.0769,-0.12183,-15.145,-3.893,9.42
2026-05-20 14:23:05.227,1170524683,41227,1,0.97339,-0.1106,0.45898,-17.473,7.122,-9.733
2026-05-20 14:23:05.227,1170524683,41227,2,1.03345,-0.09863,-0.13086,-14.58,4.87,4.626
2026-05-20 14:23:05.427,1170524883,41427,1,0.99316,-0.11401,0.45654,-12.229,2.229,-4.924
2026-05-20 14:23:05.427,1170524883,41427,2,1.02124,-0.10742,-0.09766,-8.908,1.947,2.557
2026-05-20 14:23:05.627,1170525083,41627,1,1.03076,-0.07935,0.44629,-16.84,-3.099,1.939
2026-05-20 14:23:05.627,1170525083,41627,2,1.00659,-0.11328,-0.17554,13.511,8.977,12.198
2026-05-20 14:23:06.827,1170526283,41827,1,0.9624,-0.11597,0.4751,-0.748,-0.863,-2.313
2026-05-20 14:23:06.827,1170526283,41827,2,1.02515,-0.11963,-0.1123,-0.382,2.786,3.214
2026-05-20 14:23:06.027,1170525483,42027,1,0.97485,-0.1189,0.44824,-5.366,3.489,-4.45
2026-05-20 14:23:06.027,1170525483,42027,2,1.03442,-0.14429,-0.07056,-8.023,-0.183,3.206
2026-05-20 14:23:06.227,1170525683,42227,1,0.97437,-0.13257,0.45703,-4.435,0.794,-4.649
2026-05-20 14:23:06.227,1170525683,42227,2,1.02466,-0.14478,-0.06421,-7.137,2.664,0.863
2026-05-20 14:23:06.427,1170525883,42427,1,1.00757,-0.12134,0.43164,-1.237,-3.237,-4.847
2026-05-20 14:23:06.427,1170525883,42427,2,1.02734,-0.15161,-0.11426,-7.565,2.802,0.45
2026-05-20 14:23:06.627,1170526083,42627,1,0.99902,-0.10669,0.43408,-4.107,6.137,-0.87
2026-05-20 14:23:06.627,1170526083,42627,2,1.00684,-0.15308,-0.08667,-4.771,3.74,-1.405
2026-05-20 14:23:07.827,1170527283,42827,1,0.99487,-0.1189,0.43042,-2.725,1.939,-0.855
2026-05-20 14:23:07.827,1170527283,42827,2,1.02344,-0.14893,-0.10229,-3.794,4.634,-3.618
2026-05-20 14:23:07.027,1170526483,43027,1,0.98389,-0.11938,0.44165,-2.412,5.504,-1.328
2026-05-20 14:23:07.027,1170526483,43027,2,1.01074,-0.13403,-0.08887,-1.13,-0.58,0.527
2026-05-20 14:23:07.227,1170526683,43227,1,0.96948,-0.13232,0.46118,-1.0,4.878,-0.015
2026-05-20 14:23:07.227,1170526683,43227,2,1.0127,-0.14233,-0.10571,-5.878,-1.809,-3.412
2026-05-20 14:23:07.427,1170526883,43427,1,0.9895,-0.11646,0.46313,6.58,1.573,2.603
2026-05-20 14:23:07.427,1170526883,43427,2,1.021,-0.12817,-0.07739,1.031,1.038,-3.321
2026-05-20 14:23:07.627,1170527083,43627,1,1.0022,-0.10571,0.44556,3.527,0.855,4.695
2026-05-20 14:23:07.627,1170527083,43627,2,1.03516,-0.10474,-0.07861,6.969,0.573,0.298
2026-05-20 14:23:08.901,1170528357,43901,1,0.95508,-0.13867,0.49634,-3.053,6.74,1.389
2026-05-20 14:23:08.901,1170528357,43901,2,1.00879,-0.09253,-0.10596,2.771,-3.817,1.252
2026-05-20 14:23:08.150,1170527606,44150,1,1.00049,-0.13525,0.4873,5.282,-1.191,-11.305
2026-05-20 14:23:08.150,1170527606,44150,2,1.07275,-0.0979,-0.04614,21.168,8.45,0.74
2026-05-20 14:23:08.350,1170527806,44350,1,0.90503,-0.13867,0.48926,-3.618,36.649,-9.656
2026-05-20 14:23:08.350,1170527806,44350,2,0.93384,-0.13696,-0.09473,-7.939,-10.435,3.511
2026-05-20 14:23:08.550,1170528006,44550,1,0.94629,-0.07227,0.54346,4.626,1.481,7.069
2026-05-20 14:23:08.550,1170528006,44550,2,0.95825,-0.1416,-0.07251,13.206,11.382,0.26
2026-05-20 14:23:09.750,1170529206,44750,1,0.93921,-0.08936,0.52588,7.634,-1.275,4.321
2026-05-20 14:23:09.750,1170529206,44750,2,1.03345,-0.10742,-0.08057,-18.71,2.099,-0.16
2026-05-20 14:23:09.055,1170528511,45055,1,0.97583,-0.08521,0.49927,-12.084,5.008,-8.573
2026-05-20 14:23:09.055,1170528511,45055,2,1.02515,-0.12646,-0.05249,-10.45,4.969,-1.237
2026-05-20 14:23:09.255,1170528711,45255,1,0.96167,-0.09229,0.51367,-9.42,2.58,-5.298
2026-05-20 14:23:09.255,1170528711,45255,2,1.02808,-0.13721,-0.05298,-7.099,-0.649,5.374
2026-05-20 14:23:09.455,1170528911,45455,1,0.96436,-0.09912,0.50903,-5.405,1.885,-0.45
2026-05-20 14:23:09.455,1170528911,45455,2,1.02124,-0.14746,-0.06763,-6.893,2.748,0.771
2026-05-20 14:23:09.655,1170529111,45655,1,0.95996,-0.10083,0.51489,-7.282,3.359,-0.069
2026-05-20 14:23:09.655,1170529111,45655,2,1.01465,-0.1499,-0.05615,-5.84,-0.527,3.863
2026-05-20 14:23:10.855,1170530311,45855,1,0.94824,-0.12622,0.52637,-3.237,-0.863,2.229
2026-05-20 14:23:10.855,1170530311,45855,2,1.02246,-0.15308,-0.05688,-6.145,1.29,0.611
2026-05-20 14:23:10.055,1170529511,46055,1,0.96313,-0.13379,0.51147,-1.611,-0.779,0.687
2026-05-20 14:23:10.055,1170529511,46055,2,1.02148,-0.14648,-0.04907,-1.176,1.55,0.954
2026-05-20 14:23:10.255,1170529711,46255,1,0.95166,-0.125,0.51953,0.664,1.0,0.397
2026-05-20 14:23:10.255,1170529711,46255,2,1.02612,-0.1521,-0.05347,-0.489,-0.656,0.87
2026-05-20 14:23:10.455,1170529911,46455,1,0.95361,-0.12646,0.51416,0.412,1.45,-0.221
2026-05-20 14:23:10.455,1170529911,46455,2,1.02026,-0.15186,-0.05884,-0.74,0.519,0.855
2026-05-20 14:23:10.663,1170530119,46663,1,0.927,-0.1272,0.53516,0.519,-4.954,0.962
2026-05-20 14:23:10.663,1170530119,46663,2,1.00879,-0.13403,-0.05518,-0.412,1.45,7.45
2026-05-20 14:23:11.863,1170531319,46863,1,1.01294,-0.14478,0.49219,-3.802,-3.031,3.954
2026-05-20 14:23:11.863,1170531319,46863,2,1.01758,-0.17383,-0.08081,2.924,10.382,1.573
2026-05-20 14:23:11.063,1170530519,47063,1,0.98608,-0.16528,0.46655,-5.939,5.16,-0.542
2026-05-20 14:23:11.063,1170530519,47063,2,1.02832,-0.19238,-0.07642,-8.267,1.298,-2.573
2026-05-20 14:23:11.263,1170530719,47263,1,0.9292,-0.16211,0.4939,-17.191,11.183,-6.802
2026-05-20 14:23:11.263,1170530719,47263,2,0.98657,-0.17334,-0.04272,-26.885,7.275,-2.176
2026-05-20 14:23:11.463,1170530919,47463,1,0.93652,-0.18945,0.4978,-38.397,-2.542,-15.817
2026-05-20 14:23:11.463,1170530919,47463,2,1.01538,-0.21851,-0.03784,-39.664,8.87,8.298
2026-05-20 14:23:11.663,1170531119,47663,1,1.00781,-0.20654,0.4248,-18.603,9.26,-9.817
2026-05-20 14:23:11.663,1170531119,47663,2,1.05029,-0.198,0.03296,10.0,1.427,-0.382
2026-05-20 14:23:12.863,1170532319,47863,1,0.94043,-0.18799,0.51123,14.237,41.466,19.351
2026-05-20 14:23:12.863,1170532319,47863,2,0.95142,-0.09595,-0.15918,25.16,9.855,-27.443
2026-05-20 14:23:12.063,1170531519,48063,1,0.90186,-0.11816,0.56006,23.496,-6.611,-4.176
2026-05-20 14:23:12.063,1170531519,48063,2,1.00098,-0.0022,-0.0437,-20.924,-14.817,0.084
2026-05-20 14:23:12.263,1170531719,48263,1,0.98389,-0.10034,0.54077,-20.771,-9.458,-26.687
2026-05-20 14:23:12.263,1170531719,48263,2,1.08057,-0.14355,-0.0459,-40.405,14.962,-11.229
2026-05-20 14:23:12.465,1170531921,48465,1,0.94556,-0.0647,0.51099,-25.55,18.107,-15.344
2026-05-20 14:23:12.465,1170531921,48465,2,1.07837,-0.21021,-0.02734,5.45,2.427,11.023
2026-05-20 14:23:12.665,1170532121,48665,1,0.89282,-0.03223,0.57495,35.641,7.076,19.603
2026-05-20 14:23:12.665,1170532121,48665,2,1.0415,-0.20557,0.04248,-13.366,6.473,0.901
2026-05-20 14:23:13.018,1170532474,49018,1,1.06836,-0.02686,0.51318,4.817,-9.008,9.137
2026-05-20 14:23:13.018,1170532474,49018,2,0.97217,-0.14404,-0.07153,-10.847,0.244,-9.573
2026-05-20 14:23:13.237,1170532693,49237,1,0.89282,-0.03882,0.46997,4.794,-26.198,3.008
2026-05-20 14:23:13.237,1170532693,49237,2,1.05005,-0.01416,0.11499,-27.832,-16.244,-21.359
2026-05-20 14:23:13.437,1170532893,49437,1,0.93677,-0.09082,0.45776,-64.443,29.344,-33.695
2026-05-20 14:23:13.437,1170532893,49437,2,0.95264,-0.20313,-0.03833,-8.947,16.695,5.534
2026-05-20 14:23:13.637,1170533093,49637,1,1.05737,-0.11743,0.45288,-28.275,18.542,6.733
2026-05-20 14:23:13.637,1170533093,49637,2,1.05151,-0.19043,-0.12134,-32.618,39.298,-9.901
2026-05-20 14:23:14.837,1170534293,49837,1,0.9292,-0.17529,0.49854,-20.656,4.939,-18.71
2026-05-20 14:23:14.837,1170534293,49837,2,1.02881,-0.20972,0.01172,-8.031,2.252,5.87
2026-05-20 14:23:14.037,1170533493,50037,1,1.02002,-0.11597,0.50586,-12.473,14.954,-10.405
2026-05-20 14:23:14.037,1170533493,50037,2,0.9895,-0.25806,-0.06689,-25.267,14.985,1.397
2026-05-20 14:23:14.243,1170533699,50243,1,0.88135,-0.25854,0.52759,10.443,-13.702,36.351
2026-05-20 14:23:14.243,1170533699,50243,2,1.03882,-0.17334,-0.09326,34.542,-25.176,8.198
2026-05-20 14:23:14.499,1170533955,50499,1,1.04639,-0.19263,0.43872,28.878,-20.588,10.878
2026-05-20 14:23:14.499,1170533955,50499,2,1.02075,-0.1582,-0.00708,0.87,4.015,-6.977
2026-05-20 14:23:14.699,1170534155,50699,1,0.98364,-0.23682,0.41992,-9.74,10.13,-11.168
2026-05-20 14:23:14.699,1170534155,50699,2,0.97632,-0.32422,-0.04541,-11.855,3.305,-2.115
2026-05-20 14:23:15.944,1170535400,50944,1,0.95459,-0.33008,0.43042,7.176,-1.0,14.344
2026-05-20 14:23:15.944,1170535400,50944,2,1.05347,-0.2605,-0.01465,24.87,-9.679,4.588
2026-05-20 14:23:15.144,1170534600,51144,1,0.84131,-0.27344,0.45093,48.344,-0.756,14.771
2026-05-20 14:23:15.144,1170534600,51144,2,1.052,-0.11475,-0.12549,18.122,-16.878,1.183
2026-05-20 14:23:15.403,1170534859,51403,1,1.09058,-0.23706,0.41016,-6.076,-11.389,-5.244
2026-05-20 14:23:15.403,1170534859,51403,2,1.00586,-0.25293,-0.08447,-14.954,4.13,6.878
2026-05-20 14:23:15.687,1170535143,51687,1,0.92236,-0.15234,0.46851,-0.313,-8.802,4.252
2026-05-20 14:23:15.687,1170535143,51687,2,1.04956,-0.18018,-0.0542,5.779,11.473,-5.023
2026-05-20 14:23:16.922,1170536378,51922,1,1.10913,-0.06177,0.38135,0.832,-14.046,1.718
2026-05-20 14:23:16.922,1170536378,51922,2,1.06274,-0.14526,-0.12256,-7.908,-6.313,11.931
2026-05-20 14:23:16.168,1170535624,52168,1,1.02124,-0.05713,0.39795,10.061,6.611,-4.511
2026-05-20 14:23:16.168,1170535624,52168,2,1.00952,-0.17993,-0.17505,11.008,-5.443,2.237
2026-05-20 14:23:16.368,1170535824,52368,1,1.0896,-0.06055,0.38062,-7.397,1.641,0.626
2026-05-20 14:23:16.368,1170535824,52368,2,1.07031,-0.14209,-0.10229,-0.038,-7.71,11.359
2026-05-20 14:23:16.568,1170536024,52568,1,1.05029,-0.12622,0.4585,-29.191,35.168,-17.008
2026-05-20 14:23:16.568,1170536024,52568,2,0.99243,-0.27734,-0.08618,0.74,-0.481,0.351
2026-05-20 14:23:22.826,1170542282,57826,1,0.91943,-0.19067,0.59888,21.74,-7.366,21.351
2026-05-20 14:23:22.826,1170542282,57826,2,1.00415,-0.14209,0.06934,31.664,-0.748,-0.092
2026-05-20 14:23:22.026,1170541482,58026,1,0.90552,-0.1814,0.58521,39.344,-15.641,29.435
2026-05-20 14:23:22.026,1170541482,58026,2,1.01855,-0.0166,-0.02197,17.244,-17.649,5.58
2026-05-20 14:23:22.226,1170541682,58226,1,0.9502,-0.19971,0.53467,14.237,-11.206,12.16
2026-05-20 14:23:22.226,1170541682,58226,2,1.06787,-0.09937,0.00098,-4.061,-5.099,-8.618
2026-05-20 14:23:22.426,1170541882,58426,1,0.9563,-0.1897,0.49023,-5.282,-13.046,4.427
2026-05-20 14:23:22.426,1170541882,58426,2,0.99854,-0.08081,-0.03003,-21.198,-5.221,0.695
2026-05-20 14:23:22.626,1170542082,58626,1,0.92871,-0.1687,0.48535,-36.405,1.153,-15.198
2026-05-20 14:23:22.626,1170542082,58626,2,1.02197,-0.08569,-0.06104,-40.122,1.901,23.244
2026-05-20 14:23:23.826,1170543282,58826,1,1.02881,-0.22803,0.4248,-45.672,27.489,-25.863
2026-05-20 14:23:23.826,1170543282,58826,2,0.93018,-0.40552,-0.06152,5.962,-29.443,18.359
2026-05-20 14:23:23.078,1170542534,59078,1,1.08521,-0.36499,0.36426,38.817,-20.397,15.168
2026-05-20 14:23:23.078,1170542534,59078,2,0.90894,-0.29858,0.08057,41.71,-2.542,-11.466
2026-05-20 14:23:23.278,1170542734,59278,1,1.07813,-0.34668,0.48145,28.809,-21.313,22.489
2026-05-20 14:23:23.278,1170542734,59278,2,1.01782,-0.11157,-0.04199,59.244,22.573,-0.641
2026-05-20 14:23:23.478,1170542934,59478,1,0.91699,-0.09229,0.43188,34.702,32.626,-9.969
2026-05-20 14:23:23.478,1170542934,59478,2,1.01074,-0.05127,0.05103,-8.748,-21.855,-31.099
2026-05-20 14:23:23.679,1170543135,59679,1,0.95557,-0.10474,0.44189,-41.092,11.588,-25.74
2026-05-20 14:23:23.679,1170543135,59679,2,0.9231,-0.02393,0.02856,11.45,9.023,-20.71
2026-05-20 14:23:24.879,1170544335,59879,1,0.95752,0.06104,0.49048,2.145,4.847,-18.863
2026-05-20 14:23:24.879,1170544335,59879,2,1.02051,-0.0647,-0.06641,-14.336,-1.115,2.092
2026-05-20 14:23:24.079,1170543535,60079,1,0.91553,-0.1521,0.52954,-50.87,32.351,-25.015
2026-05-20 14:23:24.079,1170543535,60079,2,1.00952,-0.14941,0.01343,-19.618,2.557,-2.397
2026-05-20 14:23:24.316,1170543772,60316,1,0.9458,-0.06519,0.55396,-1.863,-8.832,-20.847
2026-05-20 14:23:24.316,1170543772,60316,2,0.98022,-0.1167,-0.00391,16.252,-8.282,4.847
2026-05-20 14:23:24.516,1170543972,60516,1,0.95068,0.02148,0.51587,18.298,-6.893,9.916
2026-05-20 14:23:24.516,1170543972,60516,2,1.02393,-0.07593,-0.07642,10.168,-0.847,2.718
2026-05-20 14:23:24.716,1170544172,60716,1,0.97949,-0.11328,0.45508,-6.374,-0.183,8.817
2026-05-20 14:23:24.716,1170544172,60716,2,1.05493,-0.12671,-0.01343,28.924,3.13,3.328
2026-05-20 14:23:25.916,1170545372,60916,1,0.95068,0.00806,0.49609,40.328,2.42,19.634
2026-05-20 14:23:25.916,1170545372,60916,2,1.02759,-0.08252,-0.04736,51.275,6.405,7.962
2026-05-20 14:23:25.116,1170544572,61116,1,0.9502,-0.09741,0.46899,63.458,16.916,36.947
2026-05-20 14:23:25.116,1170544572,61116,2,0.9104,-0.07422,-0.10645,60.466,-12.115,-10.099
2026-05-20 14:23:25.316,1170544772,61316,1,0.93018,-0.04663,0.55103,26.863,-5.84,19.046
2026-05-20 14:23:25.316,1170544772,61316,2,1.05396,-0.04517,-0.0144,18.389,-1.405,-0.71
2026-05-20 14:23:25.516,1170544972,61516,1,0.92847,-0.08984,0.5022,23.931,-6.336,15.298
2026-05-20 14:23:25.516,1170544972,61516,2,1.0459,-0.07446,0.01563,1.786,4.458,0.84
2026-05-20 14:23:25.716,1170545172,61716,1,0.97192,-0.09375,0.51099,5.305,3.16,8.611
2026-05-20 14:23:25.716,1170545172,61716,2,0.99194,-0.08398,0.05542,-11.817,3.534,-2.695
2026-05-20 14:23:26.923,1170546379,61923,1,0.95508,-0.05835,0.49023,8.595,-7.817,0.519
2026-05-20 14:23:26.923,1170546379,61923,2,0.98511,-0.09521,0.104,0.824,-0.626,4.435
2026-05-20 14:23:26.123,1170545579,62123,1,0.93188,-0.11377,0.51929,18.595,-7.71,2.84
2026-05-20 14:23:26.123,1170545579,62123,2,0.99951,-0.11353,0.03418,29.855,-6.748,1.634
2026-05-20 14:23:26.329,1170545785,62329,1,1.09058,-0.14014,0.44141,35.191,-2.893,2.939
2026-05-20 14:23:26.329,1170545785,62329,2,1.0437,-0.05078,0.02222,34.405,1.71,-11.29
2026-05-20 14:23:26.529,1170545985,62529,1,0.88403,-0.05469,0.5437,28.718,10.985,-5.519
2026-05-20 14:23:26.529,1170545985,62529,2,1.13525,-0.12476,0.00928,48.405,4.511,-7.573
2026-05-20 14:23:26.729,1170546185,62729,1,1.05225,0.03247,0.46143,36.74,26.855,24.916
2026-05-20 14:23:26.729,1170546185,62729,2,1.07886,0.00708,-0.07886,37.84,21.0,-5.267
2026-05-20 14:23:27.929,1170547385,62929,1,0.88159,-0.01782,0.53638,15.26,20.847,40.473
2026-05-20 14:23:27.929,1170547385,62929,2,1.06372,0.03101,0.03906,22.336,39.183,-26.702
2026-05-20 14:23:27.129,1170546585,63129,1,0.85498,-0.15332,0.5144,27.962,27.305,28.649
2026-05-20 14:23:27.129,1170546585,63129,2,0.84326,0.34888,0.1123,-38.832,20.053,-1.779
2026-05-20 14:23:27.329,1170546785,63329,1,0.73853,-0.11792,0.79443,-22.557,3.565,3.176
2026-05-20 14:23:27.329,1170546785,63329,2,1.11035,0.05835,0.18823,-52.107,-10.687,16.382
2026-05-20 14:23:27.529,1170546985,63529,1,0.95679,-0.32983,0.56494,-13.176,19.176,21.573
2026-05-20 14:23:27.529,1170546985,63529,2,0.98413,-0.01294,0.14453,-13.664,23.359,14.969
2026-05-20 14:23:27.729,1170547185,63729,1,0.79663,-0.32275,0.65698,20.954,1.649,16.084
2026-05-20 14:23:27.729,1170547185,63729,2,0.98633,0.01904,0.25635,10.511,-5.977,26.214
2026-05-20 14:23:28.929,1170548385,63929,1,0.73755,-0.21338,0.68701,16.748,-13.061,-8.656
2026-05-20 14:23:28.929,1170548385,63929,2,1.02051,-0.00586,0.26001,-14.573,-1.489,-15.153
2026-05-20 14:23:28.129,1170547585,64129,1,0.82886,-0.32251,0.70044,-11.74,-2.382,-5.092
2026-05-20 14:23:28.129,1170547585,64129,2,0.98193,-0.01025,0.32959,-5.389,-4.405,13.023
2026-05-20 14:23:28.329,1170547785,64329,1,0.80664,-0.3584,0.64575,-3.092,11.412,2.122
2026-05-20 14:23:28.329,1170547785,64329,2,0.98315,-0.03101,0.24316,-0.015,4.55,-0.031
2026-05-20 14:23:28.529,1170547985,64529,1,0.77246,-0.32837,0.69775,6.115,7.534,1.176
2026-05-20 14:23:28.529,1170547985,64529,2,0.9707,-0.05957,0.39673,5.908,14.664,24.557
2026-05-20 14:23:29.818,1170549274,64818,1,0.67017,-0.43457,0.7915,-48.786,21.29,-19.252
2026-05-20 14:23:29.818,1170549274,64818,2,0.92627,-0.13037,0.28149,-31.847,-6.214,-19.924
2026-05-20 14:23:29.048,1170548504,65048,1,0.81958,-0.36792,0.67896,-18.802,-3.038,-24.397
2026-05-20 14:23:29.048,1170548504,65048,2,1.00244,-0.12598,0.1792,-32.817,-8.267,-5.527
2026-05-20 14:23:29.378,1170548834,65377,1,0.77612,-0.31934,0.69922,16.099,7.16,-12.565
2026-05-20 14:23:29.378,1170548834,65377,2,1.00732,-0.03467,0.22656,-4.733,-12.626,-15.511
2026-05-20 14:23:29.641,1170549097,65641,1,0.82935,-0.26318,0.68555,-2.45,-1.672,-38.656
2026-05-20 14:23:29.641,1170549097,65641,2,0.97339,-0.0979,0.18774,7.099,-17.374,7.985
2026-05-20 14:23:30.942,1170550398,65942,1,0.84741,-0.08716,0.573,3.351,-24.786,-13.275
2026-05-20 14:23:30.942,1170550398,65942,2,0.99634,-0.01733,0.0752,17.916,-44.275,16.924
2026-05-20 14:23:30.503,1170549959,66503,1,0.89063,0.01172,0.58057,-2.26,2.069,3.939
2026-05-20 14:23:30.503,1170549959,66503,2,1.01514,-0.07861,-0.11548,-9.626,5.763,6.809
2026-05-20 14:23:31.797,1170551253,66796,1,0.92407,-0.0481,0.54175,-36.458,-12.458,-3.939
2026-05-20 14:23:31.797,1170551253,66796,2,1.01978,-0.17334,0.07739,-36.573,24.542,-10.229
2026-05-20 14:23:31.102,1170550558,67102,1,1.04199,-0.07178,0.44971,8.038,-3.137,4.542
2026-05-20 14:23:31.102,1170550558,67102,2,1.0564,-0.20898,-0.05737,18.031,-13.137,3.931
2026-05-20 14:23:31.306,1170550762,67306,1,0.95117,-0.0603,0.46606,35.137,5.679,13.947
2026-05-20 14:23:31.306,1170550762,67306,2,1.02612,-0.09253,0.04321,32.382,-1.107,24.16
2026-05-20 14:23:31.533,1170550989,67533,1,0.92456,-0.06445,0.54053,40.542,13.298,17.412
2026-05-20 14:23:31.533,1170550989,67533,2,1.02319,-0.04956,0.01318,50.45,-15.29,20.046
2026-05-20 14:23:32.761,1170552217,67761,1,0.93213,-0.03516,0.49561,-2.557,45.16,26.885
2026-05-20 14:23:32.761,1170552217,67761,2,0.89185,-0.27856,0.14014,-8.863,24.626,-22.779
2026-05-20 14:23:32.042,1170551498,68042,1,0.76196,-0.11621,0.60278,-25.695,-33.481,5.588
2026-05-20 14:23:32.042,1170551498,68042,2,1.01953,-0.21875,0.03735,-44.336,4.275,26.115
2026-05-20 14:23:32.242,1170551698,68242,1,1.052,-0.23779,0.41724,-22.321,-14.405,-1.702
2026-05-20 14:23:32.242,1170551698,68242,2,1.03491,-0.25098,0.05811,-3.412,-1.954,7.443
2026-05-20 14:23:32.597,1170552053,68597,1,0.91479,-0.24854,0.49268,24.313,17.0,13.718
2026-05-20 14:23:32.597,1170552053,68597,2,1.03638,-0.24219,0.06519,17.977,23.084,-3.237
2026-05-20 14:23:33.797,1170553253,68797,1,0.92554,-0.24023,0.55249,22.641,22.802,16.855
2026-05-20 14:23:33.797,1170553253,68797,2,1.11621,-0.2312,0.08398,8.122,39.733,-20.847
2026-05-20 14:23:33.997,1170553453,68997,1,0.72168,-0.30908,0.72925,47.267,37.099,28.672
2026-05-20 14:23:33.997,1170553453,68997,2,0.96631,-0.06812,0.10229,25.832,9.389,-5.053
2026-05-20 14:23:33.197,1170552653,69197,1,0.81958,-0.2605,0.78296,15.153,15.969,0.756
2026-05-20 14:23:33.197,1170552653,69197,2,0.94946,-0.125,0.23413,26.939,-0.046,1.893
2026-05-20 14:23:33.397,1170552853,69397,1,0.7876,-0.23047,0.72461,25.901,5.099,17.885
2026-05-20 14:23:33.397,1170552853,69397,2,1.03687,-0.11938,0.23706,43.947,11.71,4.916
2026-05-20 14:23:33.597,1170553053,69597,1,0.6897,-0.16309,0.80908,39.351,8.237,8.458
2026-05-20 14:23:33.597,1170553053,69597,2,1.0542,-0.07031,-0.11475,45.45,-0.221,-24.344
2026-05-20 14:23:36.392,1170555848,72391,1,0.9126,0.08716,0.56079,25.626,-4.687,11.351
2026-05-20 14:23:36.392,1170555848,72391,2,1.03735,-0.05859,-0.09424,-10.16,-5.511,-4.275
2026-05-20 14:23:36.591,1170556047,72591,1,0.92041,-0.0564,0.59277,-17.565,-4.16,-2.0
2026-05-20 14:23:36.591,1170556047,72591,2,0.99512,-0.0481,-0.04443,-14.649,7.359,0.527
2026-05-20 14:23:37.791,1170557247,72791,1,0.93091,-0.08301,0.58008,-16.931,-4.939,-7.725
2026-05-20 14:23:37.791,1170557247,72791,2,1.02026,-0.08472,0.01416,-24.969,0.84,9.298
2026-05-20 14:23:37.991,1170557447,72991,1,0.96118,-0.10229,0.54248,-31.908,-0.641,-20.824
2026-05-20 14:23:37.991,1170557447,72991,2,1.02612,-0.14795,-0.07324,-31.893,-3.252,7.145
2026-05-20 14:23:37.249,1170556705,73249,1,0.97168,-0.10449,0.52588,-22.71,5.031,-14.359
2026-05-20 14:23:37.249,1170556705,73249,2,1.03125,-0.15796,-0.0376,-9.824,7.893,-4.191
2026-05-20 14:23:37.487,1170556943,73486,1,0.93628,-0.10181,0.54785,6.885,7.435,3.977
2026-05-20 14:23:37.487,1170556943,73486,2,1.01587,-0.1228,-0.0896,1.588,-16.58,3.053
2026-05-20 14:23:38.774,1170558230,73774,1,0.94409,-0.18604,0.59717,-9.588,4.893,1.557
2026-05-20 14:23:38.774,1170558230,73774,2,1.01367,-0.2312,-0.11768,21.366,12.191,7.061
2026-05-20 14:23:38.992,1170558448,73992,1,0.88623,-0.17651,0.54102,15.985,-11.611,14.168
2026-05-20 14:23:38.992,1170558448,73992,2,0.99048,-0.27148,-0.11157,2.794,3.511,3.115
2026-05-20 14:23:38.192,1170557648,74192,1,0.95752,-0.21753,0.51489,14.305,-15.962,18.489
2026-05-20 14:23:38.192,1170557648,74192,2,1.01489,-0.17358,-0.15332,19.168,-11.565,5.244
2026-05-20 14:23:38.392,1170557848,74392,1,0.99658,-0.09375,0.50317,1.702,-11.718,5.115
2026-05-20 14:23:38.392,1170557848,74392,2,1.00708,-0.12891,-0.05957,5.649,4.748,12.313
2026-05-20 14:23:38.599,1170558055,74599,1,0.96484,-0.16724,0.48975,7.282,3.092,3.725
2026-05-20 14:23:38.599,1170558055,74599,2,1.02124,-0.16919,-0.12939,-1.366,-5.885,-3.305
2026-05-20 14:23:39.882,1170559338,74882,1,0.98364,-0.13867,0.46558,-4.641,6.351,-5.374
2026-05-20 14:23:39.882,1170559338,74882,2,1.02197,-0.23926,-0.15552,-13.084,1.901,-1.137
2026-05-20 14:23:39.229,1170558685,75229,1,1.04712,-0.2373,0.4187,-20.832,4.626,-2.947
2026-05-20 14:23:39.229,1170558685,75229,2,0.96338,-0.3042,-0.18018,-9.74,21.748,-2.282
2026-05-20 14:23:39.429,1170558885,75429,1,0.854,-0.29956,0.5022,-2.26,3.702,-6.863
2026-05-20 14:23:39.429,1170558885,75429,2,0.94946,-0.30054,-0.18262,8.939,-22.71,4.626
2026-05-20 14:23:39.629,1170559085,75629,1,1.09839,-0.07813,0.45044,35.237,-19.366,3.855
2026-05-20 14:23:39.629,1170559085,75629,2,0.93066,-0.14038,-0.05054,20.588,4.473,6.565
2026-05-20 14:23:40.829,1170560285,75829,1,0.96313,-0.06274,0.49365,2.855,11.656,-6.565
2026-05-20 14:23:40.829,1170560285,75829,2,1.00366,-0.07886,-0.08789,-17.229,6.458,-15.672
2026-05-20 14:23:40.029,1170559485,76029,1,1.00586,-0.11157,0.49414,-28.908,21.74,-14.885
2026-05-20 14:23:40.029,1170559485,76029,2,0.97681,-0.21753,-0.14697,-14.053,4.71,2.672
2026-05-20 14:23:40.229,1170559685,76229,1,0.95239,-0.14063,0.50317,-7.58,-4.863,6.641
2026-05-20 14:23:40.229,1170559685,76229,2,1.00757,-0.22485,-0.10815,-3.382,-2.389,2.656
2026-05-20 14:23:40.544,1170560000,76543,1,0.97729,-0.16064,0.48169,-2.069,-2.519,5.893
2026-05-20 14:23:40.544,1170560000,76543,2,0.99854,-0.22021,-0.15405,-2.832,-3.282,9.16
2026-05-20 14:23:41.792,1170561248,76791,1,0.99341,-0.18213,0.46387,-3.603,5.511,3.344
2026-05-20 14:23:41.792,1170561248,76791,2,1.00659,-0.22534,-0.1333,-4.481,0.183,0.328
2026-05-20 14:23:41.991,1170561447,76991,1,0.94897,-0.19092,0.49316,-4.321,5.626,0.58
2026-05-20 14:23:41.991,1170561447,76991,2,1.00659,-0.2395,-0.13013,-0.26,1.702,3.061
2026-05-20 14:23:41.191,1170560647,77191,1,0.95508,-0.2207,0.49927,1.153,2.626,3.0
2026-05-20 14:23:41.191,1170560647,77191,2,0.98462,-0.25244,-0.13965,0.542,-0.046,3.481
2026-05-20 14:23:41.391,1170560847,77391,1,0.95752,-0.20923,0.479,-4.092,-6.794,1.863
2026-05-20 14:23:41.391,1170560847,77391,2,1.00952,-0.24561,-0.12012,-3.588,-3.786,7.557
2026-05-20 14:23:41.591,1170561047,77591,1,0.96948,-0.21875,0.47046,1.16,-5.695,0.534
2026-05-20 14:23:41.591,1170561047,77591,2,0.99365,-0.24731,-0.11963,0.359,0.489,0.046
2026-05-20 14:23:42.791,1170562247,77791,1,0.97681,-0.23413,0.43994,2.718,-2.74,-0.092
2026-05-20 14:23:42.791,1170562247,77791,2,0.99976,-0.26563,-0.05591,10.198,2.427,-3.015
2026-05-20 14:23:42.167,1170561623,78166,1,0.7644,-0.32373,0.5127,19.176,16.176,14.748
2026-05-20 14:23:42.167,1170561623,78166,2,1.0874,-0.28809,-0.11938,-7.359,-13.397,-15.771
2026-05-20 14:23:42.504,1170561960,78504,1,0.94971,-0.20044,0.44946,-11.939,-3.641,-12.191
2026-05-20 14:23:42.504,1170561960,78504,2,1.00537,-0.23608,-0.07349,-10.557,-5.275,15.931
2026-05-20 14:23:43.751,1170563207,78751,1,0.9231,-0.20972,0.4729,-21.038,-1.206,-18.16
2026-05-20 14:23:43.751,1170563207,78751,2,1.00317,-0.24683,-0.07129,-21.13,4.947,8.786
2026-05-20 14:23:43.027,1170562483,79027,1,0.98413,-0.14307,0.44653,-17.588,7.985,-4.931
2026-05-20 14:23:43.027,1170562483,79027,2,0.9668,-0.32373,-0.12671,-4.351,-10.145,25.397
2026-05-20 14:23:43.227,1170562683,79227,1,0.93848,-0.24634,0.45337,-11.702,-5.206,-0.084
2026-05-20 14:23:43.227,1170562683,79227,2,0.97046,-0.35132,-0.10474,3.099,1.0,-2.885
2026-05-20 14:23:43.582,1170563038,79582,1,0.98511,-0.29126,0.38232,14.634,-6.466,7.229
2026-05-20 14:23:43.582,1170563038,79582,2,1.01416,-0.32153,-0.09424,27.008,-3.504,-3.031
2026-05-20 14:23:44.825,1170564281,79825,1,0.98853,-0.20337,0.39771,26.244,-3.351,9.389
2026-05-20 14:23:44.825,1170564281,79825,2,0.99512,-0.25537,-0.09058,-1.229,6.237,-7.466
2026-05-20 14:23:44.025,1170563481,80025,1,1.02612,-0.28101,0.37744,-17.885,11.565,-11.618
2026-05-20 14:23:44.025,1170563481,80025,2,1.03491,-0.25317,-0.06128,-31.237,2.13,-29.847
2026-05-20 14:23:44.225,1170563681,80225,1,0.93091,-0.19116,0.47241,-24.771,18.695,-21.893
2026-05-20 14:23:44.225,1170563681,80225,2,0.99731,-0.26904,-0.01953,-23.176,5.382,-8.977
2026-05-20 14:23:44.425,1170563881,80425,1,0.99634,-0.23755,0.48633,18.351,14.748,-5.763
2026-05-20 14:23:44.425,1170563881,80425,2,1.021,-0.3418,-0.01514,35.168,-2.931,-2.588
2026-05-20 14:23:44.625,1170564081,80625,1,0.802,-0.32959,0.50659,49.603,-14.725,32.771
2026-05-20 14:23:44.625,1170564081,80625,2,1.00024,-0.0957,0.02466,50.42,-24.71,-8.427
2026-05-20 14:23:45.825,1170565281,80825,1,1.04419,-0.15186,0.5896,31.237,-17.969,25.168
2026-05-20 14:23:45.825,1170565281,80825,2,0.93384,-0.22705,0.0061,35.16,-13.878,37.191
2026-05-20 14:23:45.025,1170564481,81025,1,0.91309,-0.26465,0.49341,16.359,-11.878,18.427
2026-05-20 14:23:45.025,1170564481,81025,2,1.00513,-0.1936,-0.00171,38.015,-0.718,23.031
2026-05-20 14:23:45.256,1170564712,81256,1,0.99878,-0.23511,0.4502,23.298,-16.702,30.115
2026-05-20 14:23:45.256,1170564712,81256,2,0.98438,-0.11401,-0.06323,53.13,-43.725,19.183
2026-05-20 14:23:45.562,1170565018,81562,1,1.01611,-0.14429,0.45654,-3.45,4.71,-7.206
2026-05-20 14:23:45.562,1170565018,81562,2,1.00342,-0.2085,-0.08008,-7.916,-20.061,21.313
2026-05-20 14:23:46.762,1170566218,81762,1,0.93213,-0.16455,0.41333,-18.893,0.565,-22.267
2026-05-20 14:23:46.762,1170566218,81762,2,1.02417,-0.20142,-0.02783,-58.786,6.573,2.748
2026-05-20 14:23:46.962,1170566418,81962,1,0.92627,-0.2251,0.49585,-16.0,0.504,-26.023
2026-05-20 14:23:46.962,1170566418,81962,2,1.04272,-0.20264,0.10498,-6.29,0.74,-6.008
2026-05-20 14:23:46.184,1170565640,82184,1,0.90479,-0.17847,0.50952,15.282,6.931,6.443
2026-05-20 14:23:46.184,1170565640,82184,2,0.93726,-0.31152,-0.09888,35.015,-31.557,22.183
2026-05-20 14:23:46.483,1170565939,82483,1,1.01807,-0.19775,0.37915,64.748,-11.267,19.893
2026-05-20 14:23:46.483,1170565939,82483,2,1.14209,-0.30615,0.07104,96.733,23.702,-31.985
2026-05-20 14:23:46.683,1170566139,82683,1,0.6709,-0.18286,0.64209,30.366,58.969,20.405
2026-05-20 14:23:46.683,1170566139,82683,2,0.93921,-0.12866,0.06738,28.595,-2.863,-19.84
2026-05-20 14:23:47.883,1170567339,82883,1,0.68262,-0.29297,0.6897,-16.237,42.229,-8.008
2026-05-20 14:23:47.883,1170567339,82883,2,1.07104,-0.39038,-0.16187,-62.0,9.344,-49.962
2026-05-20 14:23:47.083,1170566539,83083,1,1.2356,-0.41089,0.64722,-3.855,-6.031,-6.664
2026-05-20 14:23:47.083,1170566539,83083,2,0.88232,-0.03687,0.02563,56.908,-4.412,5.115
2026-05-20 14:23:47.283,1170566739,83283,1,0.84399,-0.24146,0.76489,20.947,-18.137,-7.008
2026-05-20 14:23:47.283,1170566739,83283,2,0.99487,0.05493,-0.03589,52.794,1.092,5.855
2026-05-20 14:23:47.483,1170566939,83483,1,0.86255,-0.05884,0.60132,3.84,-27.328,-21.718
2026-05-20 14:23:47.483,1170566939,83483,2,1.24048,0.24487,-0.15869,-48.389,-42.45,-24.313
2026-05-20 14:23:47.683,1170567139,83683,1,0.95093,-0.04883,0.67188,-0.405,-21.84,0.809
2026-05-20 14:23:47.683,1170567139,83683,2,1.06274,0.05127,-0.00854,21.847,-2.115,-4.511
2026-05-20 14:23:48.092,1170567548,84092,1,0.823,-0.02539,0.62744,35.504,-21.695,-9.786
2026-05-20 14:23:48.092,1170567548,84092,2,1.06372,0.04443,-0.12061,35.084,-11.267,-4.038
2026-05-20 14:23:48.496,1170567952,84496,1,0.87842,0.12817,0.65381,9.176,3.275,-2.817
2026-05-20 14:23:48.496,1170567952,84496,2,1.03296,0.09351,-0.05054,5.221,3.145,6.489
2026-05-20 14:23:48.696,1170568152,84696,1,0.91577,0.08472,0.55713,-7.405,-12.29,17.695
2026-05-20 14:23:48.696,1170568152,84696,2,1.05542,0.01904,-0.06445,-6.634,5.634,13.672
2026-05-20 14:23:49.911,1170569367,84911,1,0.9873,0.05518,0.50171,-16.206,-3.557,10.344
2026-05-20 14:23:49.911,1170569367,84911,2,1.01465,0.01636,0.01465,-10.42,22.473,-3.275
2026-05-20 14:23:49.111,1170568567,85111,1,0.96387,-0.05103,0.49585,15.092,21.519,-13.435
2026-05-20 14:23:49.111,1170568567,85111,2,0.96582,0.21021,-0.03589,56.832,27.992,-0.962
2026-05-20 14:23:49.478,1170568934,85478,1,0.80933,0.25122,0.52783,-23.817,-13.641,-6.206
2026-05-20 14:23:49.478,1170568934,85478,2,1.02686,0.11353,0.00293,-28.496,-22.557,8.733
2026-05-20 14:23:49.679,1170569135,85679,1,0.74609,0.00879,0.64502,21.13,-36.595,14.603
2026-05-20 14:23:49.679,1170569135,85679,2,1.10986,0.02979,-0.09717,-113.122,-34.351,3.802
2026-05-20 14:23:50.879,1170570335,85879,1,0.8064,-0.04053,0.47803,-122.779,-8.13,-62.321
2026-05-20 14:23:50.879,1170570335,85879,2,0.97485,-0.20264,0.02124,-139.588,0.931,12.092
2026-05-20 14:23:50.115,1170569571,86115,1,1.0437,-0.16577,0.49707,-49.931,11.824,-19.985
2026-05-20 14:23:50.115,1170569571,86115,2,1.06348,-0.12451,-0.0376,3.489,-7.771,13.992
2026-05-20 14:23:50.315,1170569771,86315,1,0.87378,-0.20654,0.51172,-15.122,-12.832,6.366
2026-05-20 14:23:50.315,1170569771,86315,2,1.06958,-0.19556,-0.01343,-9.031,0.71,11.466
2026-05-20 14:23:50.515,1170569971,86515,1,0.92554,-0.13672,0.51709,2.534,0.695,4.84
2026-05-20 14:23:50.515,1170569971,86515,2,1.02295,-0.12646,-0.05981,17.969,-9.046,5.679
2026-05-20 14:23:51.827,1170571283,86826,1,0.93823,-0.1731,0.49463,12.0,-2.282,15.053
2026-05-20 14:23:51.827,1170571283,86826,2,1.05005,-0.13916,-0.06445,-13.26,-6.351,0.092
2026-05-20 14:23:51.030,1170570486,87029,1,0.9353,-0.23975,0.45605,-3.191,4.763,0.664
2026-05-20 14:23:51.030,1170570486,87029,2,1.02197,-0.21094,-0.08154,6.542,-7.389,8.069
2026-05-20 14:23:51.229,1170570685,87229,1,0.95215,-0.21704,0.47754,27.061,9.718,2.305
2026-05-20 14:23:51.229,1170570685,87229,2,0.99316,-0.23975,-0.03833,-12.725,7.412,-16.809
2026-05-20 14:23:51.429,1170570885,87429,1,0.90796,-0.14502,0.59961,8.344,-15.908,7.702
2026-05-20 14:23:51.429,1170570885,87429,2,1.0437,-0.198,-0.05859,-68.634,-95.695,34.718
2026-05-20 14:23:51.650,1170571106,87650,1,1.03589,-0.17529,0.47144,40.015,-5.504,26.305
2026-05-20 14:23:51.650,1170571106,87650,2,1.06665,-0.24756,-0.06909,12.061,-0.099,-25.305
2026-05-20 14:23:52.925,1170572381,87925,1,1.01489,-0.02856,0.44946,92.863,26.038,19.252
2026-05-20 14:23:52.925,1170572381,87925,2,1.00049,-0.02124,-0.12793,100.351,-4.695,-6.252
2026-05-20 14:23:52.166,1170571622,88165,1,0.84961,0.1377,0.55298,56.282,-8.344,19.634
2026-05-20 14:23:52.166,1170571622,88165,2,1.11987,-0.59082,0.06714,-1.473,34.275,-49.534
2026-05-20 14:23:52.404,1170571860,88404,1,0.83472,0.15454,0.58374,98.267,-32.023,105.427
2026-05-20 14:23:52.404,1170571860,88404,2,1.18164,-0.36792,-0.15039,82.733,-11.328,54.282
2026-05-20 14:23:52.604,1170572060,88604,1,1.01831,-0.12427,0.39893,-18.435,-16.519,35.679
2026-05-20 14:23:52.604,1170572060,88604,2,0.74878,-0.25415,-0.08594,-7.824,40.008,17.145
2026-05-20 14:23:53.804,1170573260,88804,1,0.83228,-0.40356,0.58984,29.84,76.076,26.634
2026-05-20 14:23:53.804,1170573260,88804,2,0.81836,-0.38843,-0.14844,54.756,11.244,-38.168
2026-05-20 14:23:53.004,1170572460,89004,1,0.68286,-0.05933,0.74487,56.511,13.435,-2.985
2026-05-20 14:23:53.004,1170572460,89004,2,1.13013,0.0459,-0.10303,-88.176,-27.389,12.282
2026-05-20 14:23:53.204,1170572660,89204,1,0.55591,-0.17139,0.88135,-94.244,2.443,-53.191
2026-05-20 14:23:53.204,1170572660,89204,2,1.01636,-0.24976,0.20313,-59.511,-24.313,55.26
2026-05-20 14:23:53.404,1170572860,89404,1,0.78345,-0.13794,0.76392,-20.855,-10.084,0.824
2026-05-20 14:23:53.404,1170572860,89404,2,0.94189,-0.00903,-0.01929,-37.595,27.962,-29.145
2026-05-20 14:23:53.604,1170573060,89604,1,0.72656,0.09619,0.63525,-93.198,15.786,-72.511
2026-05-20 14:23:53.604,1170573060,89604,2,1.55591,-0.50928,0.55273,-250.137,-196.977,7.267
2026-05-20 14:23:54.857,1170574313,89857,1,0.677,-0.12939,0.39624,-62.42,52.58,-115.763
2026-05-20 14:23:54.857,1170574313,89857,2,0.85498,-0.31152,0.2229,-171.244,-44.328,-8.977
2026-05-20 14:23:54.057,1170573513,90057,1,0.90137,-0.43018,0.75732,-46.74,14.206,-55.015
2026-05-20 14:23:54.057,1170573513,90057,2,1.03735,-0.07153,0.09375,-21.183,9.664,-25.863
2026-05-20 14:23:54.257,1170573713,90257,1,0.84204,-0.20801,0.64233,-31.916,-8.237,-19.641
2026-05-20 14:23:54.257,1170573713,90257,2,1.07227,-0.14941,0.02539,-1.473,-12.656,23.924
2026-05-20 14:23:54.457,1170573913,90457,1,0.84961,-0.0896,0.71167,-25.901,-38.779,-8.412
2026-05-20 14:23:54.457,1170573913,90457,2,1.46509,-0.09326,0.04907,-37.214,-37.763,44.626
2026-05-20 14:23:54.657,1170574113,90657,1,0.7561,-0.17114,0.62769,-17.985,-10.031,8.321
2026-05-20 14:23:54.657,1170574113,90657,2,1.28149,0.2207,-0.20117,-27.168,53.435,-56.191
2026-05-20 14:23:55.857,1170575313,90857,1,0.93384,0.0376,0.62964,-27.634,-18.725,-25.763
2026-05-20 14:23:55.857,1170575313,90857,2,1.10425,-0.0625,-0.13379,-55.847,-1.527,5.168
2026-05-20 14:23:55.057,1170574513,91057,1,1.01855,-0.02124,0.46826,-63.435,4.046,-47.939
2026-05-20 14:23:55.057,1170574513,91057,2,1.05933,-0.16113,-0.11401,-99.206,-0.672,12.405
2026-05-20 14:23:55.401,1170574857,91401,1,0.92212,-0.12646,0.46313,-28.405,-3.466,2.397
2026-05-20 14:23:55.401,1170574857,91401,2,1.0083,-0.12231,-0.00684,-11.916,10.618,27.267
2026-05-20 14:23:55.601,1170575057,91601,1,0.92456,-0.1543,0.46021,7.756,-7.145,-5.16
2026-05-20 14:23:55.601,1170575057,91601,2,1.09375,-0.177,0.00879,25.885,-18.725,-8.069
2026-05-20 14:23:56.801,1170576257,91801,1,0.93286,-0.08618,0.53613,51.573,9.053,30.359
2026-05-20 14:23:56.801,1170576257,91801,2,0.90576,-0.0022,0.11597,55.786,-8.58,15.244
2026-05-20 14:23:56.001,1170575457,92001,1,1.06738,-0.28198,0.58789,19.176,38.878,30.779
2026-05-20 14:23:56.001,1170575457,92001,2,1.00464,-0.25854,0.05933,25.389,-2.916,5.198
2026-05-20 14:23:56.201,1170575657,92201,1,0.83716,-0.28711,0.61816,47.183,-12.496,37.481
2026-05-20 14:23:56.201,1170575657,92201,2,1.0083,-0.23779,-0.00049,59.275,-27.481,20.74
2026-05-20 14:23:56.401,1170575857,92401,1,0.9165,-0.25122,0.52417,47.137,-20.443,46.191
2026-05-20 14:23:56.401,1170575857,92401,2,1.073,-0.17236,0.01514,26.458,-4.191,4.191
2026-05-20 14:23:56.614,1170576070,92614,1,0.9104,-0.34155,0.52759,92.473,116.977,39.008
2026-05-20 14:23:56.614,1170576070,92614,2,0.88892,0.05737,0.06494,42.679,51.29,13.16
2026-05-20 14:23:57.814,1170577270,92814,1,0.63525,-0.29004,0.83545,-13.046,17.58,26.725
2026-05-20 14:23:57.814,1170577270,92814,2,1.01221,-0.13623,0.27319,-1.702,28.473,4.031
2026-05-20 14:23:57.014,1170576470,93014,1,0.66895,-0.50977,0.78345,-2.084,33.015,-1.786
2026-05-20 14:23:57.014,1170576470,93014,2,0.86572,-0.24341,0.37744,51.244,7.344,-29.893
2026-05-20 14:23:57.214,1170576670,93214,1,0.34375,0.03223,0.79785,166.42,-2.153,34.847
2026-05-20 14:23:57.214,1170576670,93214,2,1.30908,0.89746,0.09131,122.374,60.053,-18.939
2026-05-20 14:23:57.414,1170576870,93414,1,0.56763,0.19653,0.89868,5.962,-26.733,-10.122
2026-05-20 14:23:57.414,1170576870,93414,2,0.7478,0.47412,-0.1145,-59.87,7.29,-17.053
2026-05-20 14:23:57.614,1170577070,93614,1,0.65283,-0.91455,1.05981,7.763,27.87,0.74
2026-05-20 14:23:57.614,1170577070,93614,2,1.03516,0.14063,0.31226,-164.71,29.985,-54.985
2026-05-20 14:23:58.913,1170578369,93913,1,0.88135,-0.25171,0.69922,-64.695,-0.168,-30.733
2026-05-20 14:23:58.913,1170578369,93913,2,1.07886,-0.22998,0.30078,-74.298,-23.397,27.366
2026-05-20 14:23:58.113,1170577569,94113,1,0.93921,-0.26538,0.51929,-42.298,0.221,5.664
2026-05-20 14:23:58.113,1170577569,94113,2,0.99341,-0.27588,0.05005,-28.725,-0.038,9.908
2026-05-20 14:23:58.313,1170577769,94313,1,0.8772,-0.24854,0.54761,5.947,-20.145,20.634
2026-05-20 14:23:58.313,1170577769,94313,2,1.11377,-0.23218,-0.00366,15.924,11.397,10.191
2026-05-20 14:23:58.513,1170577969,94513,1,0.91138,-0.12036,0.5415,5.771,-9.267,0.595
2026-05-20 14:23:58.513,1170577969,94513,2,1.03271,-0.11865,0.06323,69.191,9.344,29.153
2026-05-20 14:23:58.713,1170578169,94713,1,0.92188,-0.0874,0.54785,67.229,-13.58,33.382
2026-05-20 14:23:58.713,1170578169,94713,2,1.03638,-0.00391,-0.06909,21.351,-22.458,-24.55
2026-05-20 14:23:59.913,1170579369,94913,1,0.98486,-0.01563,0.49634,17.092,-7.427,1.412
2026-05-20 14:23:59.913,1170579369,94913,2,1.06543,-0.05908,-0.03735,-12.824,0.42,-9.824
2026-05-20 14:23:59.113,1170578569,95113,1,0.9231,-0.12964,0.52075,8.71,0.947,-4.519
2026-05-20 14:23:59.113,1170578569,95113,2,0.97803,-0.06372,0.00854,10.832,-6.931,-4.107
2026-05-20 14:23:59.313,1170578769,95313,1,0.98828,-0.07813,0.46753,6.328,-6.366,5.824
2026-05-20 14:23:59.313,1170578769,95313,2,1.02344,-0.00537,-0.00708,0.55,3.557,-8.992
2026-05-20 14:23:59.531,1170578987,95531,1,0.9834,-0.10938,0.48657,-28.099,6.038,-19.878
2026-05-20 14:23:59.531,1170578987,95531,2,1.03296,-0.07617,0.12378,-6.58,6.252,17.802
2026-05-20 14:24:00.797,1170580253,95797,1,0.96899,-0.10034,0.48315,-9.191,2.481,-1.885
2026-05-20 14:24:00.797,1170580253,95797,2,1.02393,-0.11841,0.06885,-10.763,1.702,1.42
2026-05-20 14:24:00.128,1170579584,96127,1,0.97095,-0.12769,0.4873,-6.504,4.481,-0.328
2026-05-20 14:24:00.128,1170579584,96127,2,1.0188,-0.11768,0.05518,-4.038,-0.053,-1.015
2026-05-20 14:24:00.382,1170579838,96382,1,0.96362,-0.10376,0.49121,-2.832,2.656,-0.695
2026-05-20 14:24:00.382,1170579838,96382,2,1.02026,-0.12354,0.05347,-2.374,0.412,1.221
2026-05-20 14:24:00.635,1170580091,96635,1,0.97607,-0.12744,0.49854,-1.046,-0.527,1.405
2026-05-20 14:24:00.635,1170580091,96635,2,1.01831,-0.10327,0.04883,-2.786,1.641,0.908
2026-05-20 14:24:01.890,1170581346,96890,1,0.96313,-0.13013,0.50024,-4.87,2.244,-2.374
2026-05-20 14:24:01.890,1170581346,96890,2,1.01978,-0.11353,0.06665,-7.397,1.099,0.817
2026-05-20 14:24:01.190,1170580646,97190,1,0.92944,-0.12427,0.50244,-7.733,0.244,-8.87
2026-05-20 14:24:01.190,1170580646,97190,2,1.01465,-0.11035,0.06226,-10.42,4.87,-2.985
2026-05-20 14:24:01.623,1170581079,97623,1,1.03125,-0.14087,0.47046,-3.229,3.718,-3.939
2026-05-20 14:24:01.623,1170581079,97623,2,0.99585,-0.20996,-0.00854,-0.939,-14.595,-6.634
2026-05-20 14:24:02.823,1170582279,97823,1,0.99268,-0.09985,0.48267,22.321,-12.275,5.733
2026-05-20 14:24:02.823,1170582279,97823,2,1.03271,-0.12061,0.02319,19.748,-2.855,3.374
2026-05-20 14:24:02.023,1170581479,98023,1,0.98364,-0.05884,0.45215,6.344,-3.794,0.26
2026-05-20 14:24:02.023,1170581479,98023,2,1.02368,-0.08521,-0.01953,-4.122,-0.641,-1.527
2026-05-20 14:24:02.223,1170581679,98223,1,0.91479,-0.05859,0.48438,-15.107,9.405,-11.397
2026-05-20 14:24:02.223,1170581679,98223,2,1.00415,-0.10986,0.02319,-16.641,8.695,-3.992
2026-05-20 14:24:02.423,1170581879,98423,1,0.93921,-0.08154,0.50439,-20.527,-1.198,-8.351
2026-05-20 14:24:02.423,1170581879,98423,2,0.97363,-0.23828,0.02466,-10.542,-26.885,27.863
2026-05-20 14:24:02.637,1170582093,98637,1,0.83887,-0.24365,0.36255,37.511,-18.435,-5.397
2026-05-20 14:24:02.637,1170582093,98637,2,0.94092,-0.36182,-0.0083,14.809,-64.573,-4.115
2026-05-20 14:24:03.850,1170583306,98850,1,1.25513,-0.3042,0.37036,38.626,-1.504,-6.099
2026-05-20 14:24:03.850,1170583306,98850,2,0.9978,-0.28711,-0.1814,160.366,1.16,0.374
2026-05-20 14:24:03.143,1170582599,99143,1,0.99878,0.00513,0.32007,173.069,64.183,74.099
2026-05-20 14:24:03.143,1170582599,99143,2,1.00732,-0.23999,-0.47534,130.237,-30.382,-24.229
2026-05-20 14:24:03.343,1170582799,99343,1,1.02515,0.06836,0.34546,140.489,-26.298,56.405
2026-05-20 14:24:03.343,1170582799,99343,2,0.8772,-0.11328,-0.11572,90.191,23.26,-17.71
2026-05-20 14:24:03.543,1170582999,99543,1,1.11768,-0.0105,0.39038,-36.336,22.0,-1.763
2026-05-20 14:24:03.543,1170582999,99543,2,1.01538,-0.0686,-0.15161,-52.122,19.344,-1.687
2026-05-20 14:24:04.743,1170584199,99743,1,0.94116,-0.25171,0.46948,-107.321,46.756,-46.443
2026-05-20 14:24:04.743,1170584199,99743,2,0.9917,-0.23901,-0.18042,-92.137,27.107,-15.618
2026-05-20 14:24:04.943,1170584399,99943,1,1.11938,-0.31177,0.4502,-18.16,-37.008,17.954
2026-05-20 14:24:04.943,1170584399,99943,2,1.01636,-0.06201,-0.05371,23.336,73.359,-27.344
2026-05-20 14:24:04.307,1170583763,100306,1,0.78003,-0.37158,0.66016,-40.565,29.519,-11.313
2026-05-20 14:24:04.307,1170583763,100306,2,0.97363,-0.05688,0.2334,-33.695,-6.71,-7.053
2026-05-20 14:24:04.550,1170584006,100549,1,0.72095,-0.50195,0.65576,-15.115,7.863,1.191
2026-05-20 14:24:04.550,1170584006,100549,2,0.92334,-0.12402,0.22705,4.26,2.687,12.595
2026-05-20 14:24:05.749,1170585205,100749,1,0.81592,-0.42847,0.59058,3.053,-11.824,2.695
2026-05-20 14:24:05.749,1170585205,100749,2,0.99146,-0.06738,0.18555,-5.267,0.29,2.931
2026-05-20 14:24:05.061,1170584517,101061,1,0.82349,-0.44287,0.56567,-4.985,2.0,0.603
2026-05-20 14:24:05.061,1170584517,101061,2,1.01147,-0.1001,0.16602,-6.802,2.969,-2.725
2026-05-20 14:24:05.458,1170584914,101458,1,0.78613,-0.50244,0.58276,-4.389,11.916,-1.221
2026-05-20 14:24:05.458,1170584914,101458,2,1.00195,-0.14282,0.18677,8.824,-5.046,0.542
2026-05-20 14:24:06.781,1170586237,101781,1,0.80396,-0.50635,0.58911,24.756,-10.733,9.061
2026-05-20 14:24:06.781,1170586237,101781,2,0.98364,-0.04248,0.1394,29.702,-5.969,-3.985
2026-05-20 14:24:06.990,1170586446,101990,1,0.83716,-0.37817,0.59424,13.336,-15.252,-8.779
2026-05-20 14:24:06.990,1170586446,101990,2,1.00342,-0.00464,0.12305,9.458,-8.733,0.641
2026-05-20 14:24:06.303,1170585759,102303,1,0.90259,-0.34058,0.53345,1.267,-10.298,-1.664
2026-05-20 14:24:06.303,1170585759,102303,2,1.02832,-0.00366,0.10669,4.924,-3.29,4.351
2026-05-20 14:24:06.503,1170585959,102503,1,0.89819,-0.35205,0.52246,-2.29,-5.534,0.275
2026-05-20 14:24:06.503,1170585959,102503,2,1.03296,-0.02441,0.08228,-1.115,-3.611,3.763
2026-05-20 14:24:06.703,1170586159,102703,1,0.92944,-0.36963,0.48657,1.557,-1.504,2.588
2026-05-20 14:24:06.703,1170586159,102703,2,1.03027,-0.0498,0.06543,-0.718,-0.305,3.076
2026-05-20 14:24:07.903,1170587359,102903,1,0.89722,-0.38477,0.49536,0.107,1.275,2.542
2026-05-20 14:24:07.903,1170587359,102903,2,1.021,-0.05469,0.07642,-2.229,2.038,1.519
2026-05-20 14:24:07.103,1170586559,103103,1,0.90356,-0.39551,0.47925,-2.053,4.069,-0.771
2026-05-20 14:24:07.103,1170586559,103103,2,1.02954,-0.0603,0.08008,-4.84,-1.74,-1.481
2026-05-20 14:24:07.303,1170586759,103303,1,0.88623,-0.39233,0.51001,0.664,4.687,2.107
2026-05-20 14:24:07.303,1170586759,103303,2,1.01514,-0.04834,0.0752,-0.13,1.084,2.069
2026-05-20 14:24:07.662,1170587118,103662,1,0.88989,-0.39233,0.50391,-0.939,0.176,-0.031
2026-05-20 14:24:07.662,1170587118,103662,2,1.02075,-0.05103,0.08936,-2.145,4.504,2.771
2026-05-20 14:24:08.862,1170588318,103862,1,0.8855,-0.38745,0.5022,-3.176,-0.015,-2.275
2026-05-20 14:24:08.862,1170588318,103862,2,1.02173,-0.05005,0.09863,-4.534,-1.733,1.725
2026-05-20 14:24:08.062,1170587518,104062,1,0.90308,-0.39648,0.49365,-1.595,0.763,-2.55
2026-05-20 14:24:08.062,1170587518,104062,2,1.02417,-0.06885,0.06226,-3.046,-1.443,1.802
2026-05-20 14:24:08.393,1170587849,104393,1,0.89429,-0.38867,0.48999,-1.794,3.511,-3.412
2026-05-20 14:24:08.393,1170587849,104393,2,1.03076,-0.08032,0.06128,-0.771,0.122,-1.237
2026-05-20 14:24:08.647,1170588103,104647,1,0.89282,-0.38184,0.50562,4.832,2.466,0.626
2026-05-20 14:24:08.647,1170588103,104647,2,1.02051,-0.05322,0.05884,-0.954,1.802,-1.107
2026-05-20 14:24:09.847,1170589303,104847,1,0.89063,-0.38062,0.5188,0.832,2.672,-3.779
2026-05-20 14:24:09.847,1170589303,104847,2,1.02173,-0.07153,0.07202,0.321,1.58,-3.115
2026-05-20 14:24:09.047,1170588503,105047,1,0.88306,-0.35278,0.52271,-1.542,-1.351,-1.328
2026-05-20 14:24:09.047,1170588503,105047,2,1.02344,-0.04785,0.06738,-3.168,-1.122,2.275
2026-05-20 14:24:09.247,1170588703,105247,1,0.90625,-0.35962,0.50903,-2.786,1.443,-2.542
2026-05-20 14:24:09.247,1170588703,105247,2,1.02124,-0.05835,0.0686,-1.267,-0.046,0.588
2026-05-20 14:24:09.560,1170589016,105559,1,0.89917,-0.35059,0.52197,-0.137,1.405,-0.893
2026-05-20 14:24:09.560,1170589016,105559,2,1.02173,-0.06006,0.05103,-2.557,-0.511,0.344
2026-05-20 14:24:10.824,1170590280,105823,1,0.89941,-0.36182,0.51221,-1.26,1.718,-0.924
2026-05-20 14:24:10.824,1170590280,105823,2,1.01855,-0.05835,0.05762,-3.176,0.809,0.656
2026-05-20 14:24:10.023,1170589479,106023,1,0.90112,-0.37256,0.51563,-1.435,1.687,-0.985
2026-05-20 14:24:10.023,1170589479,106023,2,1.02368,-0.05737,0.06201,-2.565,0.466,0.649
2026-05-20 14:24:10.223,1170589679,106223,1,0.90503,-0.36133,0.51807,-1.344,2.0,-0.824
2026-05-20 14:24:10.223,1170589679,106223,2,1.02686,-0.07349,0.04688,-1.504,2.427,0.504
2026-05-20 14:24:10.423,1170589879,106423,1,0.90063,-0.37744,0.50513,12.336,6.0,2.863
2026-05-20 14:24:10.423,1170589879,106423,2,1.03271,-0.03345,0.05005,0.656,-1.374,5.221
2026-05-20 14:24:10.643,1170590099,106643,1,0.90454,-0.35205,0.52563,-7.878,2.702,-7.137
2026-05-20 14:24:10.643,1170590099,106643,2,1.01514,-0.07959,0.05933,-6.435,2.534,3.229
2026-05-20 14:24:11.926,1170591382,106926,1,0.89258,-0.37231,0.52344,-3.786,3.992,-2.053
2026-05-20 14:24:11.926,1170591382,106926,2,1.01514,-0.08838,0.07349,-1.328,0.351,-0.053
2026-05-20 14:24:11.237,1170590693,107237,1,0.90356,-0.35156,0.52563,0.153,1.038,-1.817
2026-05-20 14:24:11.237,1170590693,107237,2,1.02222,-0.06714,0.06543,-1.802,0.069,-0.008
2026-05-20 14:24:11.448,1170590904,107448,1,0.90674,-0.34497,0.51733,1.389,2.0,-1.176
2026-05-20 14:24:11.448,1170590904,107448,2,1.00439,-0.07886,0.08203,2.267,1.481,0.122
2026-05-20 14:24:11.648,1170591104,107648,1,0.9021,-0.33936,0.53174,1.008,-0.641,0.534
2026-05-20 14:24:11.648,1170591104,107648,2,1.02393,-0.07861,0.06616,-1.252,-0.351,1.519
2026-05-20 14:24:12.848,1170592304,107848,1,0.90234,-0.34204,0.53027,-1.725,1.031,-0.115
2026-05-20 14:24:12.848,1170592304,107848,2,1.01831,-0.07056,0.07153,-2.695,1.16,1.473
2026-05-20 14:24:12.048,1170591504,108048,1,0.90063,-0.34717,0.51807,-1.573,1.985,-1.557
2026-05-20 14:24:12.048,1170591504,108048,2,1.01978,-0.07764,0.05957,-1.977,-0.336,0.496
2026-05-20 14:24:12.329,1170591785,108329,1,0.90063,-0.3418,0.52856,-1.863,1.473,-1.008
2026-05-20 14:24:12.329,1170591785,108329,2,1.02368,-0.09033,0.05371,-2.466,-0.176,0.168
2026-05-20 14:24:12.547,1170592003,108547,1,0.90356,-0.33472,0.53052,0.031,2.0,0.412
2026-05-20 14:24:12.547,1170592003,108547,2,1.00977,-0.07813,0.052,-1.397,1.55,0.55
2026-05-20 14:24:13.747,1170593203,108747,1,0.90137,-0.34229,0.5293,0.382,1.298,0.389
2026-05-20 14:24:13.747,1170593203,108747,2,1.02295,-0.07617,0.06665,-1.641,1.061,1.16
2026-05-20 14:24:13.947,1170593403,108947,1,0.89746,-0.34619,0.52734,-1.29,2.069,-1.008
2026-05-20 14:24:13.947,1170593403,108947,2,1.0188,-0.07422,0.07178,-3.099,0.878,0.427
2026-05-20 14:24:13.147,1170592603,109147,1,0.89331,-0.33984,0.5354,-1.473,1.519,-1.58
2026-05-20 14:24:13.147,1170592603,109147,2,1.02344,-0.08545,0.06104,-2.366,0.183,1.214
2026-05-20 14:24:13.347,1170592803,109347,1,0.89526,-0.34473,0.52905,4.603,-0.336,2.221
2026-05-20 14:24:13.347,1170592803,109347,2,1.01782,-0.08521,0.05249,4.504,2.351,1.374
2026-05-20 14:24:13.547,1170593003,109547,1,0.89917,-0.34741,0.5271,1.275,-0.588,-0.481
2026-05-20 14:24:13.547,1170593003,109547,2,1.01831,-0.08252,0.07813,-0.939,-2.084,0.565
2026-05-20 14:24:14.837,1170594293,109837,1,0.89868,-0.3335,0.52319,-2.336,0.611,-3.786
2026-05-20 14:24:14.837,1170594293,109837,2,1.00928,-0.05322,0.06812,-0.603,1.168,3.779
2026-05-20 14:24:14.037,1170593493,110037,1,0.92163,-0.31909,0.52075,-8.779,2.366,-14.084
2026-05-20 14:24:14.037,1170593493,110037,2,1.03687,-0.05786,0.05322,-8.954,3.191,-6.015
2026-05-20 14:24:14.237,1170593693,110237,1,0.89966,-0.1936,0.52661,-17.069,-11.748,-14.16
2026-05-20 14:24:14.237,1170593693,110237,2,1.03979,-0.12964,0.08911,-18.74,-4.351,0.244
2026-05-20 14:24:14.437,1170593893,110437,1,0.98169,-0.23193,0.48706,-14.366,4.588,-7.702
2026-05-20 14:24:14.437,1170593893,110437,2,1.01563,-0.11841,0.07349,-17.298,4.382,1.74
2026-05-20 14:24:14.637,1170594093,110637,1,0.91577,-0.32471,0.4917,-11.053,8.649,3.985
2026-05-20 14:24:14.637,1170594093,110637,2,1.02734,-0.13623,0.08472,-11.985,6.153,-1.481
2026-05-20 14:24:15.837,1170595293,110837,1,0.90015,-0.34399,0.52148,-4.16,5.405,4.031
2026-05-20 14:24:15.837,1170595293,110837,2,1.00073,-0.11328,0.11865,-2.969,4.328,1.855
2026-05-20 14:24:15.037,1170594493,111037,1,0.89111,-0.36304,0.53516,1.107,2.527,2.382
2026-05-20 14:24:15.037,1170594493,111037,2,1.00488,-0.12061,0.10303,2.038,-0.672,1.573
2026-05-20 14:24:15.237,1170594693,111237,1,0.89722,-0.35205,0.53711,2.824,-0.618,0.702
2026-05-20 14:24:15.237,1170594693,111237,2,1.021,-0.10767,0.09399,0.435,-0.42,-0.664
2026-05-20 14:24:15.437,1170594893,111437,1,0.90381,-0.33765,0.5249,0.405,1.336,1.099
2026-05-20 14:24:15.437,1170594893,111437,2,1.01001,-0.10938,0.08545,-2.817,0.519,0.107
2026-05-20 14:24:15.637,1170595093,111637,1,0.90381,-0.3374,0.5271,-0.901,1.878,1.702
2026-05-20 14:24:15.637,1170595093,111637,2,1.01392,-0.10156,0.09766,-0.496,1.55,1.954
2026-05-20 14:24:16.837,1170596293,111837,1,0.89355,-0.33911,0.53687,-2.87,1.725,-0.458
2026-05-20 14:24:16.837,1170596293,111837,2,1.00781,-0.09399,0.11108,1.313,-1.733,0.405
2026-05-20 14:24:16.037,1170595493,112037,1,0.80054,-0.45239,0.5105,-11.084,-3.168,-19.84
2026-05-20 14:24:16.037,1170595493,112037,2,0.98291,-0.19019,0.11548,16.244,7.588,2.794
2026-05-20 14:24:16.237,1170595693,112237,1,0.92163,-0.3479,0.51929,-3.656,5.359,-6.489
2026-05-20 14:24:16.237,1170595693,112237,2,0.98779,-0.15967,0.09399,-3.45,0.038,8.71
2026-05-20 14:24:16.437,1170595893,112437,1,0.87598,-0.33936,0.52905,-5.832,-1.42,-8.916
2026-05-20 14:24:16.437,1170595893,112437,2,0.99561,-0.17676,0.10669,1.725,2.809,1.069
2026-05-20 14:24:16.637,1170596093,112637,1,0.94897,-0.31348,0.49976,-9.817,-3.504,-10.985
2026-05-20 14:24:16.637,1170596093,112637,2,1.07446,-0.21973,0.12305,-30.267,-14.298,4.115
2026-05-20 14:24:17.837,1170597293,112837,1,0.93921,-0.23706,0.4917,-37.298,1.153,-33.855
2026-05-20 14:24:17.837,1170597293,112837,2,1.09888,-0.10205,0.00317,-39.573,-7.099,-5.183
2026-05-20 14:24:17.043,1170596499,113043,1,1.06201,-0.15283,0.44189,-50.893,58.198,-41.061
2026-05-20 14:24:17.043,1170596499,113043,2,1.01611,-0.20532,-0.00049,-73.244,41.305,-33.58
2026-05-20 14:24:17.243,1170596699,113243,1,0.70801,-0.43286,0.71802,21.13,3.321,0.992
2026-05-20 14:24:17.243,1170596699,113243,2,0.97021,-0.16113,0.0752,31.221,-6.183,-13.229
2026-05-20 14:24:17.443,1170596899,113443,1,0.92969,-0.28296,0.62036,8.756,-34.069,19.992
2026-05-20 14:24:17.443,1170596899,113443,2,1.00854,-0.04297,0.04077,-0.26,24.359,1.855
2026-05-20 14:24:18.770,1170598226,113770,1,1.02466,-0.17822,0.55786,37.931,2.26,28.779
2026-05-20 14:24:18.770,1170598226,113770,2,0.96533,-0.06519,-0.0625,52.855,8.313,-20.908
2026-05-20 14:24:18.260,1170597716,114260,1,0.94604,-0.03955,0.53735,27.412,-7.718,10.382
2026-05-20 14:24:18.260,1170597716,114260,2,1.05054,-0.14453,0.07593,-38.954,-11.176,14.603
2026-05-20 14:24:19.845,1170599301,114845,1,0.89893,-0.17358,0.48291,-13.519,-17.221,-1.427
2026-05-20 14:24:19.845,1170599301,114845,2,0.98511,-0.08008,0.04614,-9.267,-3.183,-4.885
2026-05-20 14:24:19.072,1170598528,115072,1,0.99902,-0.15454,0.50391,-9.244,-9.466,-9.153
2026-05-20 14:24:19.072,1170598528,115072,2,1.02637,-0.09131,0.06226,-24.023,-8.779,-1.992
2026-05-20 14:24:19.297,1170598753,115297,1,0.96973,-0.20996,0.50122,-23.252,13.634,-13.122
2026-05-20 14:24:19.297,1170598753,115297,2,1.05957,-0.11255,-0.00317,-12.328,-2.634,9.985
2026-05-20 14:24:19.497,1170598953,115497,1,0.90356,-0.17285,0.51245,-13.214,2.687,2.275
2026-05-20 14:24:19.497,1170598953,115497,2,1.05127,-0.08276,0.02075,-44.641,9.74,-9.321
2026-05-20 14:24:20.785,1170600241,115785,1,0.98584,-0.20728,0.46777,-32.855,0.603,-0.397
2026-05-20 14:24:20.785,1170600241,115785,2,1.03735,-0.02832,0.02148,-52.374,8.565,-9.275
2026-05-20 14:24:20.985,1170600441,115985,1,0.98535,-0.27466,0.45361,-32.076,16.817,-12.969
2026-05-20 14:24:20.985,1170600441,115985,2,1.03442,-0.05859,0.01147,-28.84,6.885,-2.702
2026-05-20 14:24:20.185,1170599641,116185,1,0.90332,-0.23169,0.49683,-16.794,22.542,-21.565
2026-05-20 14:24:20.185,1170599641,116185,2,1.0752,-0.1062,-0.04639,-16.511,9.183,3.832
2026-05-20 14:24:20.385,1170599841,116385,1,0.927,-0.19556,0.44214,0.298,0.489,-8.87
2026-05-20 14:24:20.385,1170599841,116385,2,1.02319,-0.03882,0.10181,13.313,18.16,-17.031
2026-05-20 14:24:20.585,1170600041,116585,1,1.09863,-0.12769,0.51978,20.534,7.695,-5.954
2026-05-20 14:24:20.585,1170600041,116585,2,0.94653,-0.16089,-0.01685,17.008,3.641,7.061
2026-05-20 14:24:21.785,1170601241,116785,1,1.00879,-0.1062,0.48804,24.504,-2.16,4.374
2026-05-20 14:24:21.785,1170601241,116785,2,1.03394,-0.00781,0.00806,8.733,0.321,1.718
2026-05-20 14:24:21.985,1170601441,116985,1,0.98047,-0.07959,0.46924,3.076,-2.366,-0.924
2026-05-20 14:24:21.985,1170601441,116985,2,1.0293,0.01318,0.04346,-2.924,-0.412,-6.115
2026-05-20 14:24:21.185,1170600641,117185,1,0.98755,-0.09229,0.47583,-8.595,2.13,-2.557
2026-05-20 14:24:21.185,1170600641,117185,2,1.02319,-0.01001,0.00415,-16.519,-1.779,-1.786
2026-05-20 14:24:21.562,1170601018,117562,1,0.97803,-0.09668,0.44873,-15.527,-3.664,-6.107
2026-05-20 14:24:21.562,1170601018,117562,2,1.00635,-0.03906,0.01489,-5.206,-5.84,9.901
2026-05-20 14:24:22.762,1170602218,117762,1,0.95923,-0.11353,0.43945,0.244,-9.0,2.183
2026-05-20 14:24:22.762,1170602218,117762,2,1.02759,-0.0144,0.00513,5.626,1.107,-2.695
2026-05-20 14:24:22.962,1170602418,117962,1,1.02051,-0.08813,0.44043,12.344,-7.55,2.229
2026-05-20 14:24:22.962,1170602418,117962,2,1.01392,-0.00366,0.03174,22.031,-22.985,16.595
2026-05-20 14:24:22.213,1170601669,118213,1,1.06958,-0.21045,0.45264,15.687,10.626,9.71
2026-05-20 14:24:22.213,1170601669,118213,2,1.10205,-0.2417,-0.0979,34.519,-7.702,4.405
2026-05-20 14:24:22.413,1170601869,118413,1,0.91113,-0.22559,0.41333,48.901,5.221,26.389
2026-05-20 14:24:22.413,1170601869,118413,2,0.98438,-0.27808,0.02637,75.168,0.45,16.588
2026-05-20 14:24:22.613,1170602069,118613,1,0.97583,-0.1543,0.50146,71.573,-6.221,56.885
2026-05-20 14:24:22.613,1170602069,118613,2,1.04541,-0.22266,-0.01978,75.588,-2.863,52.45
2026-05-20 14:24:23.956,1170603412,118956,1,0.99438,-0.28174,0.47852,104.786,3.565,50.244
2026-05-20 14:24:23.956,1170603412,118956,2,1.06885,-0.11621,-0.09106,92.511,-12.916,-65.992
2026-05-20 14:24:23.156,1170602612,119156,1,0.96899,0.09668,0.50073,42.176,-7.45,-5.84
2026-05-20 14:24:23.156,1170602612,119156,2,1.04834,0.00024,-0.0835,0.061,-6.794,15.267
2026-05-20 14:24:23.368,1170602824,119368,1,0.98169,-0.00269,0.50244,-18.947,-8.153,-16.061
2026-05-20 14:24:23.368,1170602824,119368,2,0.99561,-0.0332,-0.07031,-30.969,14.084,-6.802
2026-05-20 14:24:23.568,1170603024,119568,1,1.10181,0.05273,0.44873,-18.061,-2.557,-9.023
2026-05-20 14:24:23.568,1170603024,119568,2,1.1333,-0.06079,0.07739,-12.649,-18.74,28.824
2026-05-20 14:24:24.768,1170604224,119768,1,0.88501,-0.1062,0.53394,-26.573,4.122,-12.168
2026-05-20 14:24:24.768,1170604224,119768,2,1.03931,-0.11011,-0.02222,-7.061,4.145,9.344
2026-05-20 14:24:24.968,1170604424,119968,1,0.98682,-0.02246,0.50854,-13.527,-4.595,3.542
2026-05-20 14:24:24.968,1170604424,119968,2,1.04199,0.01978,-0.05469,1.191,15.901,-5.412
2026-05-20 14:24:24.173,1170603629,120173,1,1.0918,0.00171,0.57959,-10.069,-4.794,-12.985
2026-05-20 14:24:24.173,1170603629,120173,2,1.00317,-0.14087,-0.01416,-19.359,-14.71,11.137
2026-05-20 14:24:24.470,1170603926,120469,1,0.98511,-0.11743,0.47534,-61.588,5.855,-23.679
2026-05-20 14:24:24.470,1170603926,120469,2,1.05298,-0.17822,-0.03418,-93.42,-24.191,9.435
2026-05-20 14:24:24.669,1170604125,120669,1,0.94995,-0.23242,0.48364,-59.595,9.603,-19.519
2026-05-20 14:24:24.669,1170604125,120669,2,0.98511,-0.38013,-0.07153,-51.779,-8.489,30.366
2026-05-20 14:24:25.869,1170605325,120869,1,0.96411,-0.31616,0.43091,18.153,-21.282,36.58
2026-05-20 14:24:25.869,1170605325,120869,2,0.98267,-0.24805,-0.1438,23.931,-5.71,8.397
2026-05-20 14:24:25.069,1170604525,121069,1,1.03467,-0.22681,0.44702,19.153,-5.366,15.992
2026-05-20 14:24:25.069,1170604525,121069,2,0.99976,-0.21167,-0.09546,9.382,16.809,-0.031
2026-05-20 14:24:25.269,1170604725,121269,1,0.9668,-0.28857,0.45654,-15.267,8.183,4.282
2026-05-20 14:24:25.269,1170604725,121269,2,1.03491,-0.21313,-0.10522,-29.504,0.26,-14.58
2026-05-20 14:24:25.469,1170604925,121469,1,0.96558,-0.31543,0.46094,-14.351,12.901,-9.725
2026-05-20 14:24:25.469,1170604925,121469,2,0.99219,-0.27124,-0.05811,-0.832,2.046,1.191
2026-05-20 14:24:26.810,1170606266,121810,1,0.96851,-0.29541,0.42407,17.756,-6.87,4.687
2026-05-20 14:24:26.810,1170606266,121810,2,1.02905,-0.20801,-0.05713,19.603,-17.374,-7.328
2026-05-20 14:24:26.010,1170605466,122010,1,0.95435,-0.33081,0.44165,24.374,-2.771,0.542
2026-05-20 14:24:26.010,1170605466,122010,2,0.99438,-0.27051,-0.1416,28.084,-9.13,-1.344
2026-05-20 14:24:26.210,1170605666,122210,1,1.00146,-0.34619,0.39185,37.962,-2.16,7.725
2026-05-20 14:24:26.210,1170605666,122210,2,1.04419,-0.3291,-0.09595,20.076,4.046,-22.969
2026-05-20 14:24:26.410,1170605866,122410,1,0.94946,-0.11377,0.50562,49.756,6.954,9.267
2026-05-20 14:24:26.410,1170605866,122410,2,0.896,-0.10767,-0.05688,61.13,32.351,13.519
2026-05-20 14:24:26.610,1170606066,122610,1,0.88403,-0.125,0.59473,27.038,11.977,4.847
2026-05-20 14:24:26.610,1170606066,122610,2,1.03687,-0.08862,-0.02246,41.168,-2.901,1.969
2026-05-20 14:24:27.810,1170607266,122810,1,0.95752,-0.05664,0.56885,17.13,-3.588,3.443
2026-05-20 14:24:27.810,1170607266,122810,2,1.01563,-0.08252,-0.11841,40.298,6.664,10.58
2026-05-20 14:24:27.010,1170606466,123010,1,0.99829,-0.03467,0.50635,0.084,-3.168,4.351
2026-05-20 14:24:27.010,1170606466,123010,2,1.02393,-0.10352,-0.05688,-23.405,4.664,-4.656
2026-05-20 14:24:27.308,1170606764,123308,1,0.93408,-0.11182,0.52124,-31.55,-0.718,-14.679
2026-05-20 14:24:27.308,1170606764,123308,2,1.01953,-0.14063,-0.06592,-56.427,-2.802,-6.275
2026-05-20 14:24:27.519,1170606975,123519,1,0.96851,-0.10962,0.48413,-46.053,2.153,-27.008
2026-05-20 14:24:27.519,1170606975,123519,2,0.99902,-0.17871,-0.11792,-72.229,-4.16,-3.855
2026-05-20 14:24:27.719,1170607175,123719,1,1.02075,-0.24292,0.48926,-42.466,9.573,-24.511
2026-05-20 14:24:27.719,1170607175,123719,2,1.06152,-0.28857,-0.15771,-17.618,-8.824,19.13
2026-05-20 14:24:28.919,1170608375,123919,1,0.9585,-0.17114,0.46118,2.763,-6.565,10.603
2026-05-20 14:24:28.919,1170608375,123919,2,1.0647,-0.24658,-0.05884,17.412,8.053,3.153
2026-05-20 14:24:28.162,1170607618,124162,1,0.94287,-0.23877,0.50342,1.198,4.397,8.26
2026-05-20 14:24:28.162,1170607618,124162,2,0.9729,-0.24487,-0.09839,11.473,-0.542,1.542
2026-05-20 14:24:28.362,1170607818,124362,1,0.95605,-0.23047,0.49902,30.611,-3.748,18.305
2026-05-20 14:24:28.362,1170607818,124362,2,1.01025,-0.21582,-0.08447,25.069,1.504,-3.382
2026-05-20 14:24:28.562,1170608018,124562,1,0.95972,-0.25342,0.51367,20.756,-4.359,11.863
2026-05-20 14:24:28.562,1170608018,124562,2,1.02222,-0.12549,-0.11108,7.855,4.588,-8.817
2026-05-20 14:24:29.780,1170609236,124780,1,0.93604,-0.15479,0.51245,-1.221,2.542,-0.878
2026-05-20 14:24:29.780,1170609236,124780,2,1.02002,-0.12524,-0.10034,-17.733,2.29,5.16
2026-05-20 14:24:29.062,1170608518,125062,1,0.93359,-0.20093,0.52344,-24.855,11.931,-13.565
2026-05-20 14:24:29.062,1170608518,125062,2,0.99829,-0.18921,-0.13599,-16.084,-0.542,3.962
2026-05-20 14:24:29.262,1170608718,125262,1,0.93872,-0.17432,0.50366,-14.939,-1.901,-15.557
2026-05-20 14:24:29.262,1170608718,125262,2,1.00513,-0.12598,-0.09399,-28.382,2.45,-4.969
2026-05-20 14:24:29.535,1170608991,125535,1,0.9458,-0.24878,0.53442,-26.832,6.962,-11.511
2026-05-20 14:24:29.535,1170608991,125535,2,0.98755,-0.27319,-0.17236,0.565,10.786,0.267
2026-05-20 14:24:30.836,1170610292,125836,1,0.97412,-0.20337,0.47656,19.435,-5.87,11.183
2026-05-20 14:24:30.836,1170610292,125836,2,1.01465,-0.22583,-0.13672,18.573,-8.282,0.45
2026-05-20 14:24:30.036,1170609492,126036,1,0.99097,-0.27832,0.47461,0.939,3.267,1.405
2026-05-20 14:24:30.036,1170609492,126036,2,0.96899,-0.18164,-0.20679,-5.466,8.603,-9.954
2026-05-20 14:24:30.281,1170609737,126280,1,0.98804,-0.12061,0.45923,-22.351,14.168,-32.053
2026-05-20 14:24:30.281,1170609737,126280,2,1.11353,-0.1394,-0.18726,-28.046,-14.542,4.618
2026-05-20 14:24:30.532,1170609988,126532,1,0.91772,-0.10181,0.61353,-22.382,-0.542,-8.786
2026-05-20 14:24:30.532,1170609988,126532,2,0.94995,-0.16455,-0.09814,-11.656,19.26,3.55
2026-05-20 14:24:30.732,1170610188,126732,1,0.95166,-0.15063,0.59961,-12.672,-18.244,-7.588
2026-05-20 14:24:30.732,1170610188,126732,2,1.07983,-0.16602,-0.03027,-20.947,-19.748,-4.282
2026-05-20 14:24:31.932,1170611388,126932,1,0.97266,0.07324,0.50928,11.748,-10.183,3.847
2026-05-20 14:24:31.932,1170611388,126932,2,1.01855,-0.06128,-0.25903,-59.45,18.481,-31.282
2026-05-20 14:24:31.184,1170610640,127184,1,0.88794,0.1499,0.50488,-40.695,2.832,-11.504
2026-05-20 14:24:31.184,1170610640,127184,2,0.98071,-0.10107,-0.18359,-50.588,25.748,5.756
2026-05-20 14:24:31.384,1170610840,127384,1,1.50464,-0.15161,0.47339,-89.511,-74.969,-42.863
2026-05-20 14:24:31.384,1170610840,127384,2,0.84033,0.00977,-0.53296,-152.832,67.473,-88.313
2026-05-20 14:24:31.584,1170611040,127584,1,1.42725,-0.18774,0.28784,-207.565,24.412,-89.557
2026-05-20 14:24:31.584,1170611040,127584,2,1.13794,-0.229,-0.12622,-120.557,16.954,89.809
2026-05-20 14:24:32.784,1170612240,127784,1,0.79565,-0.38281,0.59229,-57.832,-2.603,-16.504
2026-05-20 14:24:32.784,1170612240,127784,2,0.94336,-0.25952,0.05713,-71.168,-41.702,15.809
2026-05-20 14:24:32.038,1170611494,128038,1,0.92603,-0.29077,0.45264,12.527,-42.893,9.519
2026-05-20 14:24:32.038,1170611494,128038,2,1.15601,-0.11011,0.03345,12.649,-2.931,-11.183
2026-05-20 14:24:32.238,1170611694,128238,1,0.97046,-0.12451,0.4231,18.863,0.466,6.321
2026-05-20 14:24:32.238,1170611694,128238,2,1.06909,-0.07275,-0.0127,25.046,23.351,4.183
2026-05-20 14:24:32.438,1170611894,128438,1,0.96533,-0.17139,0.40723,14.298,8.229,-6.16
2026-05-20 14:24:32.438,1170611894,128438,2,1.04199,-0.12158,-0.03467,22.695,-5.435,3.084
2026-05-20 14:24:32.690,1170612146,128690,1,1.05859,-0.11743,0.38843,30.313,3.496,13.382
2026-05-20 14:24:32.690,1170612146,128690,2,1.06274,-0.14136,-0.11108,40.191,-2.298,-6.832
2026-05-20 14:24:33.890,1170613346,128890,1,0.93726,-0.00781,0.43262,22.855,4.649,13.626
2026-05-20 14:24:33.890,1170613346,128890,2,0.99438,-0.05005,-0.19165,3.511,0.718,3.145
2026-05-20 14:24:33.090,1170612546,129090,1,0.99805,0.00928,0.44604,-7.359,-13.122,-2.824
2026-05-20 14:24:33.090,1170612546,129090,2,1.01831,-0.08081,-0.02148,-32.557,-0.748,12.076
2026-05-20 14:24:33.290,1170612746,129290,1,1.06177,-0.07275,0.35889,-12.992,-14.489,1.664
2026-05-20 14:24:33.290,1170612746,129290,2,1.06909,-0.11206,-0.04102,-71.496,-22.84,-13.878
2026-05-20 14:24:33.490,1170612946,129490,1,1.01147,-0.1521,0.41724,-92.679,14.176,-50.267
2026-05-20 14:24:33.490,1170612946,129490,2,1.06323,-0.24146,0.00928,-101.763,5.382,3.359
2026-05-20 14:24:33.690,1170613146,129690,1,0.97803,-0.28809,0.44458,-44.908,26.84,-19.176
2026-05-20 14:24:33.690,1170613146,129690,2,0.99341,-0.15894,-0.125,-12.985,-2.557,-6.107
2026-05-20 14:24:34.939,1170614395,129939,1,1.01196,-0.15723,0.4502,21.237,-7.435,9.786
2026-05-20 14:24:34.939,1170614395,129939,2,1.01123,-0.07324,-0.01123,23.84,-12.847,-3.275
2026-05-20 14:24:34.176,1170613632,130176,1,1.02222,-0.15308,0.47241,19.595,-2.687,3.344
2026-05-20 14:24:34.176,1170613632,130176,2,0.99756,-0.19775,-0.03052,11.58,3.947,-1.969
2026-05-20 14:24:34.376,1170613832,130376,1,0.90918,-0.3042,0.56274,3.305,-4.053,17.305
2026-05-20 14:24:34.376,1170613832,130376,2,1.0542,-0.07178,-0.03247,18.687,3.412,-23.191
2026-05-20 14:24:34.576,1170614032,130576,1,0.96802,-0.11255,0.46045,4.977,-5.221,9.565
2026-05-20 14:24:34.576,1170614032,130576,2,0.96289,-0.10132,-0.04932,10.26,6.641,9.397
2026-05-20 14:24:35.788,1170615244,130788,1,0.94971,-0.11792,0.5498,21.756,-5.099,-9.107
2026-05-20 14:24:35.788,1170615244,130788,2,1.02466,-0.07739,-0.01807,23.901,-1.809,14.489
2026-05-20 14:24:35.988,1170615444,130988,1,0.87842,-0.05396,0.59692,-1.023,-32.847,6.519
2026-05-20 14:24:35.988,1170615444,130988,2,1.02173,-0.12598,-0.03809,-47.954,3.832,17.29
2026-05-20 14:24:38.415,1170617871,134415,1,0.99243,-0.15674,0.43921,-15.229,1.733,-4.901
2026-05-20 14:24:38.415,1170617871,134415,2,1.01025,-0.17456,-0.22485,-21.328,2.634,4.634
2026-05-20 14:24:38.615,1170618071,134615,1,1.02271,-0.1853,0.37378,-14.473,4.42,-9.321
2026-05-20 14:24:38.615,1170618071,134615,2,1.01758,-0.19312,-0.21655,-14.13,-10.107,4.748
2026-05-20 14:24:39.815,1170619271,134815,1,1.01465,-0.19092,0.42236,-8.191,15.679,-3.924
2026-05-20 14:24:39.815,1170619271,134815,2,1.00439,-0.26636,-0.22559,13.611,25.885,2.679
2026-05-20 14:24:39.015,1170618471,135015,1,0.89917,-0.18579,0.45972,1.344,20.847,8.214
2026-05-20 14:24:39.015,1170618471,135015,2,1.00562,-0.27319,-0.05469,-3.115,40.26,1.13
2026-05-20 14:24:39.420,1170618876,135420,1,0.92651,-0.15234,0.5835,38.527,-6.092,13.595
2026-05-20 14:24:39.420,1170618876,135420,2,1.0332,-0.0752,-0.02246,58.458,2.466,-23.275
2026-05-20 14:24:39.620,1170619076,135620,1,0.87036,0.02417,0.60791,46.725,10.634,10.397
2026-05-20 14:24:39.620,1170619076,135620,2,0.99976,0.0188,-0.04346,4.756,-2.924,-16.527
2026-05-20 14:24:40.820,1170620276,135820,1,0.90088,-0.01245,0.63794,-2.023,4.275,-8.29
2026-05-20 14:24:40.820,1170620276,135820,2,0.89331,-0.0293,-0.02905,-3.618,9.214,-3.916
2026-05-20 14:24:40.020,1170619476,136020,1,0.87329,-0.08325,0.60107,-10.321,-35.275,3.053
2026-05-20 14:24:40.020,1170619476,136020,2,0.91357,-0.07959,0.09692,-15.16,-41.153,11.038
2026-05-20 14:24:40.220,1170619676,136220,1,0.86328,-0.10107,0.53418,-6.145,5.962,6.855
2026-05-20 14:24:40.220,1170619676,136220,2,0.98657,-0.11938,0.01318,-30.641,-9.008,13.916
2026-05-20 14:24:40.420,1170619876,136420,1,0.95996,-0.21826,0.54565,-20.771,-5.061,-7.038
2026-05-20 14:24:40.420,1170619876,136420,2,1.09766,-0.15259,0.00488,-13.26,-16.634,-1.221
2026-05-20 14:24:40.648,1170620104,136648,1,0.82813,-0.00122,0.43506,13.641,7.534,-1.641
2026-05-20 14:24:40.648,1170620104,136648,2,1.19312,-0.14722,0.13892,-31.176,-24.733,2.779
2026-05-20 14:24:41.848,1170621304,136848,1,0.74878,-0.14819,0.57544,27.427,40.351,15.092
2026-05-20 14:24:41.848,1170621304,136848,2,0.59497,-0.00464,0.09253,-99.458,-80.206,-25.122
2026-05-20 14:24:41.055,1170620511,137055,1,1.2041,-0.3042,0.573,-52.282,12.305,-21.237
2026-05-20 14:24:41.055,1170620511,137055,2,0.86377,-0.04248,0.1062,88.099,72.58,15.137
2026-05-20 14:24:41.260,1170620716,137260,1,0.90112,-0.18506,0.54028,1.496,7.794,3.511
2026-05-20 14:24:41.260,1170620716,137260,2,1.57935,0.2373,-0.84741,-106.992,92.176,-83.031
2026-05-20 14:24:41.460,1170620916,137460,1,0.99438,-0.1311,0.55225,-4.565,3.55,-1.733
2026-05-20 14:24:41.460,1170620916,137460,2,0.97803,-0.04736,0.0874,2.573,-21.237,20.031
2026-05-20 14:24:41.660,1170621116,137660,1,0.91992,-0.15967,0.50391,4.802,12.511,-0.702
2026-05-20 14:24:41.660,1170621116,137660,2,1.08154,-0.14819,-0.11353,2.687,-49.863,27.183
2026-05-20 14:24:42.877,1170622333,137877,1,0.85962,-0.09448,0.63989,57.901,20.588,12.145
2026-05-20 14:24:42.877,1170622333,137877,2,1.11694,-0.0874,-0.01587,23.42,20.649,-34.389
2026-05-20 14:24:42.098,1170621554,138097,1,0.95801,-0.00146,0.48779,28.565,80.794,-9.939
2026-05-20 14:24:42.098,1170621554,138097,2,0.53955,0.06348,0.13965,-11.336,69.267,-58.191
2026-05-20 14:24:42.297,1170621753,138297,1,0.24927,0.00879,0.62305,-14.901,68.443,-39.634
2026-05-20 14:24:42.297,1170621753,138297,2,0.51221,0.19116,0.11914,-8.267,108.893,-87.458
2026-05-20 14:24:42.497,1170621953,138497,1,0.32861,0.11865,1.12036,-22.427,6.237,2.939
2026-05-20 14:24:42.497,1170621953,138497,2,0.65796,0.38062,0.46387,8.679,26.718,-6.214
2026-05-20 14:24:42.697,1170622153,138697,1,0.31323,-0.00586,0.97485,-24.42,-53.107,26.473
2026-05-20 14:24:42.697,1170622153,138697,2,0.72266,0.12256,0.51318,-38.87,-25.962,22.786
2026-05-20 14:24:43.897,1170623353,138897,1,1.61353,0.00342,1.29907,-2.885,-83.908,7.809
2026-05-20 14:24:43.897,1170623353,138897,2,1.2478,0.22949,0.45508,-30.603,16.832,-22.947
2026-05-20 14:24:43.097,1170622553,139097,1,0.61084,-0.10815,0.76514,-22.588,8.427,-26.87
2026-05-20 14:24:43.097,1170622553,139097,2,0.77832,0.23462,0.38477,-38.267,-101.031,-2.718
2026-05-20 14:24:43.297,1170622753,139297,1,0.77295,-0.10034,0.83423,-10.45,-15.015,-33.061
2026-05-20 14:24:43.297,1170622753,139297,2,0.94507,0.12378,0.36206,-19.107,-39.679,-11.267
2026-05-20 14:24:43.497,1170622953,139497,1,0.76416,0.07617,0.76489,1.084,-1.763,-24.092
2026-05-20 14:24:43.497,1170622953,139497,2,0.93091,0.19751,0.27173,-2.244,-3.779,-7.893
2026-05-20 14:24:44.757,1170624213,139757,1,0.74927,0.177,0.83447,13.679,10.374,-3.687
2026-05-20 14:24:44.757,1170624213,139757,2,0.90601,0.29858,0.29492,4.847,-4.626,1.595
2026-05-20 14:24:44.003,1170623459,140003,1,0.74316,0.24365,0.94238,-16.42,-16.45,-12.16
2026-05-20 14:24:44.003,1170623459,140003,2,0.91455,0.19287,0.36206,8.023,-16.45,23.427
2026-05-20 14:24:44.203,1170623659,140203,1,0.771,0.09009,0.73633,-12.473,-32.13,36.84
2026-05-20 14:24:44.203,1170623659,140203,2,0.98389,0.16089,0.18408,3.863,-29.107,45.55
2026-05-20 14:24:44.403,1170623859,140403,1,0.87866,-0.18066,0.69824,4.893,-1.382,30.618
2026-05-20 14:24:44.403,1170623859,140403,2,0.88281,0.09229,0.27368,3.55,5.038,0.718
2026-05-20 14:24:44.664,1170624120,140664,1,0.87231,-0.2417,0.76807,9.87,23.252,24.427
2026-05-20 14:24:44.664,1170624120,140664,2,1.0,-0.0625,0.20898,22.588,25.481,-15.863
2026-05-20 14:24:45.864,1170625320,140864,1,0.72314,0.03125,0.82178,15.0,-1.42,11.611
2026-05-20 14:24:45.864,1170625320,140864,2,1.01147,0.19287,0.24951,-6.504,-1.29,10.74
2026-05-20 14:24:45.074,1170624530,141074,1,0.86646,-0.08813,0.71191,-37.359,7.71,-15.992
2026-05-20 14:24:45.074,1170624530,141074,2,0.94531,0.04956,0.29614,-19.031,-2.267,3.878
2026-05-20 14:24:45.365,1170624821,141365,1,0.80322,-0.18311,0.77148,-6.939,2.351,-1.145
2026-05-20 14:24:45.365,1170624821,141365,2,0.93872,0.04077,0.32495,-6.534,-8.176,11.542
2026-05-20 14:24:45.652,1170625108,141651,1,0.75171,-0.22778,0.78003,1.565,7.038,0.664
2026-05-20 14:24:45.652,1170625108,141651,2,0.97266,0.01367,0.3125,-0.832,1.015,-0.16
2026-05-20 14:24:46.971,1170626427,141971,1,0.71289,-0.21558,0.78271,-7.328,6.427,-8.504
2026-05-20 14:24:46.971,1170626427,141971,2,1.0127,0.05664,0.23755,3.046,-8.55,3.634
2026-05-20 14:24:46.321,1170625777,142321,1,0.80029,-0.20752,0.74146,0.656,-0.977,-3.382
2026-05-20 14:24:46.321,1170625777,142321,2,0.9856,0.06812,0.28101,-0.641,-6.534,-2.786
2026-05-20 14:24:46.530,1170625986,142530,1,0.79956,-0.12378,0.77002,-5.206,2.794,-3.313
2026-05-20 14:24:46.530,1170625986,142530,2,0.97314,0.04907,0.28198,-6.282,1.557,1.13
2026-05-20 14:24:46.730,1170626186,142730,1,0.75562,-0.14502,0.76538,8.282,3.023,0.198
2026-05-20 14:24:46.730,1170626186,142730,2,0.96582,0.06128,0.28564,1.656,-2.366,0.359
2026-05-20 14:24:47.930,1170627386,142930,1,0.86011,-0.12988,0.71191,30.687,10.344,1.176
2026-05-20 14:24:47.930,1170627386,142930,2,0.88843,0.07568,0.36938,0.137,11.832,-7.45
2026-05-20 14:24:47.130,1170626586,143130,1,0.73022,0.22852,1.13257,-15.137,-59.962,-22.313
2026-05-20 14:24:47.130,1170626586,143130,2,1.50293,-0.20557,0.52637,-112.557,-176.931,13.481
2026-05-20 14:24:47.330,1170626786,143330,1,0.5708,-0.30542,0.69116,12.298,14.809,0.015
2026-05-20 14:24:47.330,1170626786,143330,2,0.75513,-0.04932,0.33301,55.832,-59.901,11.725
2026-05-20 14:24:47.530,1170626986,143530,1,0.96216,-0.00708,0.8811,53.206,-2.092,38.71
2026-05-20 14:24:47.530,1170626986,143530,2,0.99219,0.31006,0.24414,64.939,28.382,8.565
2026-05-20 14:24:47.730,1170627186,143730,1,0.66553,0.12549,0.79199,19.992,8.382,9.977
2026-05-20 14:24:47.730,1170627186,143730,2,0.802,0.35962,0.29736,-4.275,-2.725,-12.901
2026-05-20 14:24:48.930,1170628386,143930,1,0.75757,0.11572,0.85962,-33.275,0.931,-18.061
2026-05-20 14:24:48.930,1170628386,143930,2,0.92383,0.22559,0.42407,-42.931,-2.962,-7.481
2026-05-20 14:24:48.130,1170627586,144130,1,0.71533,-0.09155,0.85547,-20.863,1.366,-7.206
2026-05-20 14:24:48.130,1170627586,144130,2,0.91675,0.07544,0.57813,-1.206,9.298,-1.695
2026-05-20 14:24:48.372,1170627828,144372,1,0.948,-0.0459,0.94409,-4.626,-7.496,13.733
2026-05-20 14:24:48.372,1170627828,144372,2,1.29272,0.31299,0.63867,-1.939,-18.13,-10.641
2026-05-20 14:24:48.574,1170628030,144574,1,0.66553,0.05884,1.02002,4.305,43.099,2.985
2026-05-20 14:24:48.574,1170628030,144574,2,0.62305,0.24341,0.50122,-3.015,56.695,-11.282
2026-05-20 14:24:49.774,1170629230,144774,1,0.59839,-0.09546,0.88965,-11.382,-56.718,3.695
2026-05-20 14:24:49.774,1170629230,144774,2,0.98975,0.1604,0.4624,11.931,-10.802,17.618
2026-05-20 14:24:49.974,1170629430,144974,1,0.89648,-0.12476,0.92944,-13.878,-92.328,7.26
2026-05-20 14:24:49.974,1170629430,144974,2,1.16675,0.04956,0.30273,-22.924,-39.076,40.618
2026-05-20 14:24:49.174,1170628630,145174,1,0.31543,-0.00293,0.09473,13.412,24.718,3.565
2026-05-20 14:24:49.174,1170628630,145174,2,-0.06934,-0.20874,0.17603,-0.405,10.496,37.481
2026-05-20 14:24:49.374,1170628830,145374,1,1.29688,-0.28076,0.50439,49.115,15.878,3.443
2026-05-20 14:24:49.374,1170628830,145374,2,0.85889,-0.33447,-0.19507,-21.992,-0.137,-4.053
2026-05-20 14:24:49.574,1170629030,145574,1,1.09717,-0.21143,0.39624,-0.481,10.58,2.725
2026-05-20 14:24:49.574,1170629030,145574,2,0.95068,-0.04956,0.02881,12.863,0.557,1.076
2026-05-20 14:24:50.774,1170630230,145774,1,0.92236,-0.14746,0.49341,5.718,18.252,1.901
2026-05-20 14:24:50.774,1170630230,145774,2,1.00708,-0.09277,0.02686,-5.824,-13.061,1.977
2026-05-20 14:24:50.974,1170630430,145974,1,0.95703,-0.15308,0.54102,13.947,9.878,2.534
2026-05-20 14:24:50.974,1170630430,145974,2,0.99878,-0.04199,0.00635,8.115,9.107,-8.244
2026-05-20 14:24:50.174,1170629630,146174,1,0.97339,-0.15405,0.49707,6.84,-24.16,1.122
2026-05-20 14:24:50.174,1170629630,146174,2,1.09033,-0.08301,-0.06226,-6.008,0.809,-4.229
2026-05-20 14:24:50.374,1170629830,146374,1,0.9436,-0.11353,0.56323,-1.74,18.336,-0.481
2026-05-20 14:24:50.374,1170629830,146374,2,1.03979,-0.06738,-0.01318,9.489,-4.687,9.168
2026-05-20 14:24:50.574,1170630030,146574,1,0.89941,-0.13428,0.61816,-9.198,34.611,2.336
2026-05-20 14:24:50.574,1170630030,146574,2,1.0752,-0.05322,-0.03125,-44.015,52.527,-24.328
2026-05-20 14:24:51.774,1170631230,146774,1,0.88184,-0.24048,0.67188,-2.092,27.557,0.687
2026-05-20 14:24:51.774,1170631230,146774,2,1.01953,-0.10596,0.12158,-14.237,29.771,-14.435
2026-05-20 14:24:51.974,1170631430,146974,1,0.68359,-0.19409,0.80127,11.473,32.954,16.023
2026-05-20 14:24:51.974,1170631430,146974,2,0.95264,-0.03467,0.22925,17.046,27.389,-3.313
2026-05-20 14:24:51.174,1170630630,147174,1,0.69019,-0.17383,0.85742,9.58,26.29,17.649
2026-05-20 14:24:51.174,1170630630,147174,2,0.97095,-0.06543,0.1731,16.519,27.786,-8.13
2026-05-20 14:24:51.374,1170630830,147374,1,0.58008,-0.18823,0.92603,18.573,8.298,16.328
2026-05-20 14:24:51.374,1170630830,147374,2,0.97827,0.0188,0.35864,-45.008,-33.626,4.885
2026-05-20 14:24:54.404,1170633860,150404,1,0.76318,-0.13208,0.84058,-46.137,-10.191,-9.656
2026-05-20 14:24:54.404,1170633860,150404,2,0.93408,-0.1145,0.24097,-63.305,-12.832,11.924
2026-05-20 14:24:54.604,1170634060,150604,1,0.78491,-0.32446,0.69556,-27.969,-24.397,-10.542
2026-05-20 14:24:54.604,1170634060,150604,2,1.01904,-0.11084,0.22681,-28.26,-14.214,1.962
2026-05-20 14:24:55.804,1170635260,150804,1,0.85815,-0.24854,0.64185,5.122,-13.908,7.748
2026-05-20 14:24:55.804,1170635260,150804,2,0.99487,-0.1145,0.2229,38.55,24.718,10.687
2026-05-20 14:24:55.004,1170634460,151004,1,0.82202,-0.32788,0.63232,14.031,9.412,3.649
2026-05-20 14:24:55.004,1170634460,151004,2,0.9502,-0.14941,0.1167,-4.206,13.092,0.16
2026-05-20 14:24:55.204,1170634660,151204,1,0.87598,-0.36304,0.60107,-3.687,-3.389,1.649
2026-05-20 14:24:55.204,1170634660,151204,2,1.00073,-0.18506,0.1311,13.305,-8.153,3.069
2026-05-20 14:24:55.404,1170634860,151404,1,0.87329,-0.323,0.62866,2.412,0.649,-0.412
2026-05-20 14:24:55.404,1170634860,151404,2,0.99536,-0.13281,0.13599,4.046,8.969,-3.977
2026-05-20 14:24:55.604,1170635060,151604,1,0.83911,-0.229,0.6394,12.588,-4.924,2.145
2026-05-20 14:24:55.604,1170635060,151604,2,0.97339,-0.03833,0.23682,4.412,-10.252,-9.656
2026-05-20 14:24:56.804,1170636260,151804,1,0.87256,-0.26953,0.59473,-2.954,-1.573,-1.672
2026-05-20 14:24:56.804,1170636260,151804,2,0.99707,-0.12915,0.07495,12.237,13.176,0.458
2026-05-20 14:24:56.004,1170635460,152004,1,0.86719,-0.26001,0.61719,-3.55,3.779,-4.237
2026-05-20 14:24:56.004,1170635460,152004,2,1.01636,-0.09448,0.16748,21.733,11.45,-2.443
2026-05-20 14:24:56.213,1170635669,152213,1,0.84229,-0.20142,0.64063,5.702,3.931,-12.847
2026-05-20 14:24:56.213,1170635669,152213,2,0.96777,-0.08521,0.12915,7.244,1.237,-4.847
2026-05-20 14:24:56.413,1170635869,152413,1,0.87183,-0.15503,0.67261,1.153,-0.748,1.198
2026-05-20 14:24:56.413,1170635869,152413,2,1.03223,-0.09058,0.11938,-6.389,-3.206,21.191
2026-05-20 14:24:56.620,1170636076,152620,1,0.82446,-0.18921,0.67725,-22.809,8.969,-0.603
2026-05-20 14:24:56.620,1170636076,152620,2,1.04419,-0.19531,0.17798,-25.481,-0.42,13.267
2026-05-20 14:24:57.897,1170637353,152897,1,0.80029,-0.24707,0.677,-11.893,10.573,-7.008
2026-05-20 14:24:57.897,1170637353,152897,2,0.97656,-0.19971,0.12939,-24.58,-21.122,3.137
2026-05-20 14:24:57.097,1170636553,153097,1,0.86572,-0.27783,0.66797,-21.557,-0.42,-5.298
2026-05-20 14:24:57.097,1170636553,153097,2,1.03442,-0.21899,-0.05322,-18.0,4.45,7.641
2026-05-20 14:24:57.297,1170636753,153297,1,0.80713,-0.26318,0.67969,-11.328,8.878,-26.542
2026-05-20 14:24:57.297,1170636753,153297,2,0.95776,-0.17407,0.1499,49.679,14.87,10.702
2026-05-20 14:24:57.497,1170636953,153497,1,0.7771,-0.30933,0.71191,-0.588,18.214,-15.824
2026-05-20 14:24:57.497,1170636953,153497,2,1.00806,-0.27393,0.13965,34.153,55.893,-8.687
2026-05-20 14:24:57.697,1170637153,153697,1,0.8335,-0.23169,0.66626,26.542,-8.336,11.137
2026-05-20 14:24:57.697,1170637153,153697,2,1.01587,-0.1897,0.11987,60.58,13.672,4.206
2026-05-20 14:24:58.897,1170638353,153897,1,0.86597,-0.22949,0.65405,44.023,6.13,15.962
2026-05-20 14:24:58.897,1170638353,153897,2,1.07178,0.05078,0.24512,33.366,6.45,-16.42
2026-05-20 14:24:58.097,1170637553,154097,1,0.75269,-0.00952,0.75244,30.321,32.092,-9.71
2026-05-20 14:24:58.097,1170637553,154097,2,0.90625,0.09692,0.22754,19.771,17.702,-13.87
2026-05-20 14:24:58.297,1170637753,154297,1,0.70435,-0.03418,0.87695,-3.55,14.809,-8.031
2026-05-20 14:24:58.297,1170637753,154297,2,0.93921,0.13135,0.31445,13.565,-10.824,-3.427
2026-05-20 14:24:58.514,1170637970,154514,1,0.68286,-0.01245,0.86255,-5.908,-3.725,-0.382
2026-05-20 14:24:58.514,1170637970,154514,2,0.96118,0.07349,0.30005,-9.298,-15.992,4.427
2026-05-20 14:24:58.714,1170638170,154714,1,0.73608,-0.06738,0.85059,1.13,-1.527,2.26
2026-05-20 14:24:58.714,1170638170,154714,2,0.9856,0.00928,0.3147,0.901,-3.527,5.176
2026-05-20 14:24:59.914,1170639370,154914,1,0.72729,-0.12183,0.80225,3.229,-0.786,13.504
2026-05-20 14:24:59.914,1170639370,154914,2,1.00537,0.02271,0.22437,-4.092,2.237,4.282
2026-05-20 14:24:59.114,1170638570,155114,1,0.75635,-0.18701,0.78076,-6.542,-2.534,11.191
2026-05-20 14:24:59.114,1170638570,155114,2,1.00806,-0.00659,0.28589,11.557,14.405,1.58
2026-05-20 14:24:59.314,1170638770,155314,1,0.70703,-0.12256,0.84033,-1.473,1.084,1.893
2026-05-20 14:24:59.314,1170638770,155314,2,0.96851,-0.00732,0.26733,4.71,-3.191,-2.015
2026-05-20 14:24:59.679,1170639135,155679,1,0.73291,-0.16406,0.8064,3.466,-1.939,-2.031
2026-05-20 14:24:59.679,1170639135,155679,2,1.01709,0.04272,0.28296,-0.107,1.679,2.176
2026-05-20 14:25:00.879,1170640335,155879,1,0.69531,-0.16626,0.80737,-4.137,9.626,-15.603
2026-05-20 14:25:00.879,1170640335,155879,2,0.97046,-0.03735,0.23706,-1.275,-6.878,-0.153
2026-05-20 14:25:00.079,1170639535,156079,1,0.80884,-0.1665,0.80444,2.656,5.885,-7.718
2026-05-20 14:25:00.079,1170639535,156079,2,0.97852,0.01123,0.23804,2.595,14.466,-4.321
2026-05-20 14:25:00.279,1170639735,156279,1,0.75513,-0.01709,0.83594,-21.679,8.885,-12.565
2026-05-20 14:25:00.279,1170639735,156279,2,1.02295,0.07324,0.22046,-49.45,11.908,5.351
2026-05-20 14:25:00.479,1170639935,156479,1,0.64233,-0.16162,0.81274,-33.305,10.053,-11.244
2026-05-20 14:25:00.479,1170639935,156479,2,0.95752,-0.03833,0.2439,-26.573,-3.565,4.634
2026-05-20 14:25:00.679,1170640135,156679,1,0.6853,-0.27563,0.85767,-7.947,5.924,-13.962
2026-05-20 14:25:00.679,1170640135,156679,2,0.96899,-0.09375,0.29663,-6.366,-2.84,-11.458
2026-05-20 14:25:01.879,1170641335,156879,1,0.67163,-0.19653,0.82983,15.45,2.817,-6.809
2026-05-20 14:25:01.879,1170641335,156879,2,0.96875,-0.05664,0.29248,32.122,-2.252,-9.191
2026-05-20 14:25:01.079,1170640535,157079,1,0.7041,-0.0354,0.88208,15.779,2.168,12.351
2026-05-20 14:25:01.079,1170640535,157079,2,0.96973,-0.02563,0.2981,18.557,0.221,10.924
2026-05-20 14:25:01.279,1170640735,157279,1,0.6958,-0.09863,0.84937,28.321,-5.489,26.71
2026-05-20 14:25:01.279,1170640735,157279,2,0.9856,0.03394,0.26172,2.015,-0.595,-1.992
2026-05-20 14:25:01.479,1170640935,157479,1,0.71411,-0.14307,0.84521,4.046,3.076,3.763
2026-05-20 14:25:01.479,1170640935,157479,2,0.99609,0.01001,0.28076,-0.969,1.924,-1.076
2026-05-20 14:25:01.679,1170641135,157679,1,0.72583,-0.12598,0.7981,11.679,-3.0,3.588
2026-05-20 14:25:01.679,1170641135,157679,2,1.01099,0.05493,0.29395,15.649,2.504,-6.328
2026-05-20 14:25:02.879,1170642335,157879,1,0.69995,-0.0127,0.8501,12.176,13.061,-10.137
2026-05-20 14:25:02.879,1170642335,157879,2,0.94678,0.10278,0.28955,9.122,5.718,-8.053
2026-05-20 14:25:02.079,1170641535,158079,1,0.66406,0.03027,0.93286,3.443,11.908,-7.679
2026-05-20 14:25:02.079,1170641535,158079,2,0.89209,0.15625,0.34253,-6.626,6.656,-1.107
2026-05-20 14:25:02.281,1170641737,158281,1,0.60571,0.02002,0.89917,-2.542,4.092,-1.893
2026-05-20 14:25:02.281,1170641737,158281,2,0.90625,0.13818,0.42944,10.542,6.977,2.954
2026-05-20 14:25:02.481,1170641937,158481,1,0.60059,-0.01367,0.92529,0.74,-2.55,-4.084
2026-05-20 14:25:02.481,1170641937,158481,2,0.91162,0.15723,0.33228,-6.298,-0.137,-2.863
2026-05-20 14:25:02.681,1170642137,158681,1,0.68823,0.01343,0.90454,-9.802,-4.916,-3.519
2026-05-20 14:25:02.681,1170642137,158681,2,0.94556,0.08911,0.35229,1.992,16.305,0.634
2026-05-20 14:25:03.881,1170643337,158881,1,0.62378,-0.03125,0.89648,11.504,11.435,6.481
2026-05-20 14:25:03.881,1170643337,158881,2,0.9043,0.17993,0.36108,10.031,21.534,-3.885
2026-05-20 14:25:03.081,1170642537,159081,1,0.63696,0.08911,0.88232,21.679,18.74,-3.618
2026-05-20 14:25:03.081,1170642537,159081,2,0.84229,0.21729,0.39722,14.618,27.29,-2.595
2026-05-20 14:25:03.294,1170642750,159294,1,0.49023,0.20532,1.03979,-0.015,26.183,12.397
2026-05-20 14:25:03.294,1170642750,159294,2,0.78223,0.25293,0.48682,-9.313,24.947,19.901
2026-05-20 14:25:03.494,1170642950,159494,1,0.45947,0.05981,0.99902,-13.824,6.511,15.649
2026-05-20 14:25:03.494,1170642950,159494,2,0.77954,0.25586,0.57251,-15.092,-6.939,12.618
2026-05-20 14:25:03.694,1170643150,159694,1,0.47437,0.01514,1.0144,-21.473,-7.267,-0.244
2026-05-20 14:25:03.694,1170643150,159694,2,0.83618,-0.05444,0.62524,-18.916,3.84,16.87
2026-05-20 14:25:04.030,1170643486,160030,1,0.47607,-0.2395,0.94702,-13.069,14.015,2.473
2026-05-20 14:25:04.030,1170643486,160030,2,0.74512,0.05908,0.59375,-12.122,-1.336,-18.092
2026-05-20 14:25:04.266,1170643722,160265,1,0.54565,-0.11157,0.98145,-17.664,-3.794,-26.847
2026-05-20 14:25:04.266,1170643722,160265,2,0.8103,0.02759,0.53906,-27.458,-14.786,-11.336
2026-05-20 14:25:04.465,1170643921,160465,1,0.57275,-0.20996,0.99536,-26.794,-8.122,-17.985
2026-05-20 14:25:04.465,1170643921,160465,2,0.8313,-0.14917,0.53833,-43.366,-7.504,4.855
2026-05-20 14:25:04.665,1170644121,160665,1,0.65845,-0.33423,0.85474,,-11.435,16.786
2026-05-20 14:25:04.665,1170644121,160665,2,0.85571,-0.15576,0.50049,48.038,2.122,19.458
2026-05-20 14:25:05.865,1170645321,160865,1,0.59814,-0.20947,0.90552,20.527,-0.58,26.351
2026-05-20 14:25:05.865,1170645321,160865,2,0.88281,-0.05249,0.448,31.756,-2.557,16.229
2026-05-20 14:25:05.065,1170644521,161065,1,0.5813,-0.29492,0.97925,45.221,-1.122,7.374
2026-05-20 14:25:05.065,1170644521,161065,2,0.82666,0.19507,0.52979,-3.756,23.962,2.924
2026-05-20 14:25:08.073,1170647529,164073,1,0.48633,-0.02661,1.02661,-10.046,15.198,7.756
2026-05-20 14:25:08.073,1170647529,164073,2,0.9624,0.15723,0.2854,3.069,4.351,5.511
2026-05-20 14:25:11.019,1170650475,167019,1,0.78223,0.02539,0.74683,4.015,12.229,6.641
2026-05-20 14:25:11.019,1170650475,167019,2,0.95044,0.1333,0.26953,-4.481,18.382,11.519
2026-05-20 14:25:11.219,1170650675,167219,1,0.77832,-0.03345,0.79395,-1.015,9.855,17.252
2026-05-20 14:25:11.219,1170650675,167219,2,0.92871,0.1167,0.36279,-11.412,0.588,14.214
2026-05-20 14:25:11.419,1170650875,167419,1,0.69165,-0.10034,0.80933,-12.122,11.45,7.641
2026-05-20 14:25:11.419,1170650875,167419,2,0.92798,0.06763,0.34131,-13.076,13.58,11.664
2026-05-20 14:25:11.619,1170651075,167619,1,0.72925,-0.16797,0.90039,-19.229,7.328,-0.519
2026-05-20 14:25:11.619,1170651075,167619,2,0.95654,-0.04932,0.38184,-22.947,9.031,11.466
2026-05-20 14:25:12.819,1170652275,167819,1,0.60547,-0.12036,0.82813,-15.702,10.718,19.702
2026-05-20 14:25:12.819,1170652275,167819,2,0.87671,-0.11377,0.51392,-7.321,6.84,32.389
2026-05-20 14:25:12.019,1170651475,168019,1,0.63623,-0.37769,0.92798,-13.534,0.573,26.847
2026-05-20 14:25:12.019,1170651475,168019,2,0.89502,-0.17993,0.52734,-19.588,14.473,-7.282
2026-05-20 14:25:12.219,1170651675,168219,1,0.56763,-0.42798,0.84131,15.237,1.557,-19.405
2026-05-20 14:25:12.219,1170651675,168219,2,0.79028,-0.1665,0.52222,12.519,3.046,-31.763
2026-05-20 14:25:12.419,1170651875,168419,1,0.63037,-0.18823,0.89404,30.26,-0.321,-10.16
2026-05-20 14:25:12.419,1170651875,168419,2,0.88452,-0.04321,0.51123,19.298,5.061,-3.382
2026-05-20 14:25:12.619,1170652075,168619,1,0.60352,-0.15063,0.92334,11.229,3.42,3.0
2026-05-20 14:25:12.619,1170652075,168619,2,0.83936,0.01318,0.5083,5.13,1.679,-0.588
2026-05-20 14:25:13.819,1170653275,168819,1,0.61035,-0.12598,0.93774,-11.42,-0.55,-7.023
2026-05-20 14:25:13.819,1170653275,168819,2,0.8606,-0.03955,0.49097,-11.954,-3.053,-0.985
2026-05-20 14:25:13.019,1170652475,169019,1,0.65405,-0.18384,0.92358,-22.198,-7.412,9.954
2026-05-20 14:25:13.019,1170652475,169019,2,0.87134,-0.02612,0.49951,-11.008,-2.221,8.786
2026-05-20 14:25:13.219,1170652675,169219,1,0.73193,-0.20752,0.81274,-38.641,-20.855,2.924
2026-05-20 14:25:13.219,1170652675,169219,2,0.93408,-0.32642,0.3562,-89.137,-41.481,15.092
2026-05-20 14:25:13.621,1170653077,169621,1,0.57837,-0.57153,0.91479,24.466,4.092,-20.992
2026-05-20 14:25:13.621,1170653077,169621,2,0.8064,-0.20605,0.37842,93.664,47.649,-28.748
2026-05-20 14:25:14.821,1170654277,169821,1,0.62769,-0.26343,0.77905,85.473,-30.42,-16.74
2026-05-20 14:25:14.821,1170654277,169821,2,0.84741,0.18579,0.49805,109.214,12.42,-40.038
2026-05-20 14:25:14.021,1170653477,170021,1,0.9624,0.48047,0.89844,-5.641,35.847,-21.458
2026-05-20 14:25:14.021,1170653477,170021,2,0.7793,0.5166,0.25537,34.885,29.122,-22.618
2026-05-20 14:25:14.221,1170653677,170221,1,0.68384,0.29858,0.72095,16.794,10.45,20.092
2026-05-20 14:25:14.221,1170653677,170221,2,0.72192,0.55029,0.40918,-2.069,-2.336,32.832
2026-05-20 14:25:14.421,1170653877,170421,1,0.7688,0.23413,0.9082,15.603,14.641,7.771
2026-05-20 14:25:14.421,1170653877,170421,2,0.78223,0.57007,0.38965,-23.763,-0.885,-1.26
2026-05-20 14:25:14.621,1170654077,170621,1,0.6311,0.19824,0.84888,-40.87,-10.878,-25.718
2026-05-20 14:25:14.621,1170654077,170621,2,0.72974,0.27686,0.46484,-70.74,-39.29,10.412
2026-05-20 14:25:15.821,1170655277,170821,1,0.8938,-0.00757,0.7207,-68.473,-22.107,5.214
2026-05-20 14:25:15.821,1170655277,170821,2,0.9856,-0.05859,0.4436,-13.42,-19.794,38.145
2026-05-20 14:25:15.054,1170654510,171054,1,0.79272,-0.31641,0.68335,-1.786,0.702,16.359
2026-05-20 14:25:15.054,1170654510,171054,2,0.94336,-0.16382,0.40771,10.427,9.771,8.702
2026-05-20 14:25:15.299,1170654755,171299,1,0.77905,-0.23877,0.75732,10.885,4.603,6.908
2026-05-20 14:25:15.299,1170654755,171299,2,0.88892,-0.00171,0.42554,9.107,-3.687,-11.351
2026-05-20 14:25:15.499,1170654955,171499,1,0.69336,-0.08276,0.87671,2.42,-4.336,-7.573
2026-05-20 14:25:15.499,1170654955,171499,2,0.88232,0.05347,0.42114,-2.122,-29.733,-2.298
2026-05-20 14:25:15.699,1170655155,171699,1,0.87256,-0.11499,0.57153,-8.779,-5.244,-11.13
2026-05-20 14:25:15.699,1170655155,171699,2,1.06738,-0.00854,0.2605,-6.588,-21.496,-2.45
2026-05-20 14:25:16.899,1170656355,171899,1,0.84473,-0.15112,0.67505,-6.168,5.42,0.634
2026-05-20 14:25:16.899,1170656355,171899,2,0.96362,-0.00952,0.27148,-12.588,5.832,1.809
2026-05-20 14:25:16.099,1170655555,172099,1,0.77441,-0.16187,0.79907,-6.924,8.084,-4.908
2026-05-20 14:25:16.099,1170655555,172099,2,0.91016,-0.02148,0.34106,-0.985,1.519,1.076
2026-05-20 14:25:16.299,1170655755,172299,1,0.77979,-0.15063,0.7561,-4.252,3.954,-5.473
2026-05-20 14:25:16.299,1170655755,172299,2,0.97192,-0.01196,0.33154,-5.71,-1.336,0.863
2026-05-20 14:25:16.517,1170655973,172517,1,0.802,-0.1626,0.7605,-5.344,1.015,-3.061
2026-05-20 14:25:16.517,1170655973,172517,2,0.9502,0.02222,0.3335,-4.015,4.489,-0.542
2026-05-20 14:25:16.717,1170656173,172717,1,0.78687,-0.12183,0.75415,-9.817,1.954,-3.229
2026-05-20 14:25:16.717,1170656173,172717,2,0.94727,-0.04175,0.32495,-18.809,-1.534,1.511
2026-05-20 14:25:17.917,1170657373,172917,1,0.76953,-0.26392,0.78467,9.618,2.412,5.611
2026-05-20 14:25:17.917,1170657373,172917,2,0.94116,-0.05664,0.36865,22.153,6.244,3.168
2026-05-20 14:25:17.117,1170656573,173117,1,0.72974,-0.16797,0.79663,5.244,-13.206,4.282
2026-05-20 14:25:17.117,1170656573,173117,2,0.948,-0.0022,0.35083,6.076,-7.031,-2.679
2026-05-20 14:25:17.317,1170656773,173317,1,0.8606,-0.1394,0.7124,-5.145,-1.702,1.183
2026-05-20 14:25:17.317,1170656773,173317,2,0.97925,0.00854,0.31421,-6.298,-3.779,1.29
2026-05-20 14:25:17.517,1170656973,173517,1,0.81494,-0.14063,0.6936,-7.786,-2.275,-1.015
2026-05-20 14:25:17.517,1170656973,173517,2,0.97754,-0.01758,0.32397,-7.328,-4.214,1.489
2026-05-20 14:25:17.717,1170657173,173717,1,0.85034,-0.24805,0.71411,2.359,3.626,-3.634
2026-05-20 14:25:17.717,1170657173,173717,2,0.98047,0.03857,0.35889,-7.443,3.328,-5.885
2026-05-20 14:25:18.229,1170657685,174228,1,1.25635,-0.3103,0.78296,2.389,-14.481,-1.099
2026-05-20 14:25:18.229,1170657685,174228,2,1.72876,0.19287,0.68579,64.084,8.748,-8.122
2026-05-20 14:25:18.428,1170657884,174428,1,0.55151,-0.16992,0.9126,14.618,137.092,20.687
2026-05-20 14:25:18.428,1170657884,174428,2,0.53101,0.22021,0.63086,4.786,9.412,-12.099
2026-05-20 14:25:18.653,1170658109,174653,1,0.36841,-0.07715,1.24341,-7.863,-23.893,-8.863
2026-05-20 14:25:18.653,1170658109,174653,2,1.03003,0.12109,0.42188,-22.229,-102.779,26.511
2026-05-20 14:25:19.048,1170658504,175048,1,0.28589,-0.02319,0.07959,-19.931,-88.939,-22.435
2026-05-20 14:25:19.048,1170658504,175048,2,0.7666,0.06885,0.04053,-72.084,-82.969,-2.985
2026-05-20 14:25:19.308,1170658764,175308,1,1.0437,-0.11841,0.27246,15.183,-19.214,-0.954
2026-05-20 14:25:19.308,1170658764,175308,2,1.07446,0.00513,0.06421,6.893,-14.901,10.939
2026-05-20 14:25:19.508,1170658964,175508,1,1.11523,-0.10083,0.24756,1.214,17.725,2.519
2026-05-20 14:25:19.508,1170658964,175508,2,0.99902,-0.03442,0.06201,3.137,5.611,1.183
2026-05-20 14:25:20.766,1170660222,175766,1,0.93896,-0.15503,0.44995,8.679,5.244,6.702
2026-05-20 14:25:20.766,1170660222,175766,2,0.99878,0.00391,0.12817,3.061,4.046,1.634
2026-05-20 14:25:20.966,1170660422,175966,1,1.0293,-0.1355,0.40894,8.397,-3.084,0.405
2026-05-20 14:25:20.966,1170660422,175966,2,1.0647,0.02881,0.23779,4.0,-3.046,-0.74
2026-05-20 14:25:20.166,1170659622,176166,1,0.95435,-0.19336,0.35913,10.405,52.305,9.229
2026-05-20 14:25:20.166,1170659622,176166,2,0.75098,0.07886,0.10449,45.924,60.0,-1.802
2026-05-20 14:25:20.366,1170659822,176366,1,0.72729,-0.08252,0.61035,-9.214,48.42,-5.763
2026-05-20 14:25:20.366,1170659822,176366,2,0.6748,0.03101,0.33716,-10.534,39.008,-11.29
2026-05-20 14:25:20.566,1170660022,176566,1,0.59497,-0.01758,0.7478,2.832,46.397,10.878
2026-05-20 14:25:20.566,1170660022,176566,2,0.78076,0.12061,0.52563,14.0,61.344,-8.84
2026-05-20 14:25:21.766,1170661222,176766,1,0.57349,-0.05933,0.83984,5.099,-14.244,4.954
2026-05-20 14:25:21.766,1170661222,176766,2,0.76685,0.2478,0.67993,-19.198,-75.939,-1.26
2026-05-20 14:25:21.966,1170661422,176966,1,1.5127,-0.01978,1.07788,-48.084,-8.229,-29.802
2026-05-20 14:25:21.966,1170661422,176966,2,0.91089,-0.00171,0.37134,-65.87,107.45,-27.267
2026-05-20 14:25:24.946,1170664402,179946,1,0.78564,-0.33862,0.70874,-36.473,20.29,-19.008
2026-05-20 14:25:24.946,1170664402,179946,2,0.78955,-0.32983,0.35156,-60.489,-9.595,-11.771
2026-05-20 14:25:24.288,1170663744,180288,1,0.70752,-0.41187,0.78345,-3.725,6.87,1.634
2026-05-20 14:25:24.288,1170663744,180288,2,0.87036,-0.26978,0.37549,19.435,5.733,2.473
2026-05-20 14:25:24.488,1170663944,180488,1,0.7019,-0.37207,0.78027,-1.656,3.573,1.634
2026-05-20 14:25:24.488,1170663944,180488,2,0.87549,-0.26953,0.4187,3.221,6.794,2.122
2026-05-20 14:25:25.854,1170665310,180854,1,0.68774,-0.41821,0.76807,0.443,2.015,0.687
2026-05-20 14:25:25.854,1170665310,180854,2,0.86035,-0.28101,0.4209,-4.786,0.496,-0.099
2026-05-20 14:25:25.072,1170664528,181072,1,0.68115,-0.40771,0.77588,1.237,2.252,0.069
2026-05-20 14:25:25.072,1170664528,181072,2,0.8623,-0.28101,0.42407,0.053,0.412,-0.275
2026-05-20 14:25:25.304,1170664760,181304,1,0.67358,-0.39868,0.78296,3.344,1.023,0.183
2026-05-20 14:25:25.304,1170664760,181304,2,0.86182,-0.26636,0.4292,0.672,-0.557,-0.702
2026-05-20 14:25:25.504,1170664960,181504,1,0.65161,-0.43359,0.79419,34.939,-8.489,9.115
2026-05-20 14:25:25.504,1170664960,181504,2,0.89502,-0.19678,0.41602,37.664,-9.45,1.115
2026-05-20 14:25:25.709,1170665165,181709,1,0.69043,-0.32397,0.81323,24.824,-13.244,12.336
2026-05-20 14:25:25.709,1170665165,181709,2,0.87451,-0.16333,0.4248,6.985,-8.733,-5.916
2026-05-20 14:25:26.909,1170666365,181909,1,0.7334,-0.30737,0.79199,25.237,-17.664,9.695
2026-05-20 14:25:26.909,1170666365,181909,2,0.9126,-0.21143,0.42041,-0.939,-7.061,-6.023
2026-05-20 14:25:26.109,1170665565,182109,1,0.78418,-0.2688,0.71313,17.786,-27.962,23.679
2026-05-20 14:25:26.109,1170665565,182109,2,0.86841,-0.08032,0.38818,6.389,14.71,-2.038
2026-05-20 14:25:26.309,1170665765,182309,1,0.80615,-0.29956,0.72266,11.534,-7.221,6.405
2026-05-20 14:25:26.309,1170665765,182309,2,1.0061,-0.16968,0.35083,15.382,-11.641,9.053
2026-05-20 14:25:26.509,1170665965,182509,1,0.83765,-0.33105,0.66748,-10.962,11.695,-8.13
2026-05-20 14:25:26.509,1170665965,182509,2,0.94482,-0.14258,0.33276,7.527,-9.046,6.901
2026-05-20 14:25:26.709,1170666165,182709,1,0.81519,-0.29956,0.68262,10.397,-2.435,2.45
2026-05-20 14:25:26.709,1170666165,182709,2,0.95947,-0.14868,0.3291,5.863,3.664,-5.962
2026-05-20 14:25:27.909,1170667365,182909,1,0.83105,-0.28979,0.71118,18.931,1.863,-1.031
2026-05-20 14:25:27.909,1170667365,182909,2,0.91284,-0.07544,0.36621,23.511,7.908,-9.053
2026-05-20 14:25:27.109,1170666565,183109,1,0.65845,-0.30713,0.77417,31.924,-8.092,-13.435
2026-05-20 14:25:27.109,1170666565,183109,2,0.9834,0.02686,0.34839,61.481,-21.298,-17.878
2026-05-20 14:25:27.309,1170666765,183309,1,0.74756,-0.00098,0.62256,15.687,-14.183,5.748
2026-05-20 14:25:27.309,1170666765,183309,2,0.94922,0.11377,0.32568,2.985,-18.405,10.718
2026-05-20 14:25:27.509,1170666965,183509,1,0.8269,-0.12964,0.6748,-8.237,7.191,0.275
2026-05-20 14:25:27.509,1170666965,183509,2,0.95337,0.04517,0.31543,-11.847,2.977,-8.16
2026-05-20 14:25:27.709,1170667165,183709,1,0.89453,-0.10034,0.64673,11.649,-0.763,6.122
2026-05-20 14:25:27.709,1170667165,183709,2,0.96265,0.07617,0.28857,27.313,21.634,7.092
2026-05-20 14:25:28.909,1170668365,183909,1,0.89355,-0.15063,0.64185,-4.328,4.626,-2.969
2026-05-20 14:25:28.909,1170668365,183909,2,0.97852,0.06494,0.29492,0.466,1.878,-2.443
2026-05-20 14:25:28.109,1170667565,184109,1,0.8645,-0.10767,0.66943,-1.672,3.473,-2.137
2026-05-20 14:25:28.109,1170667565,184109,2,0.95044,0.07471,0.34155,1.458,8.802,2.832
2026-05-20 14:25:28.309,1170667765,184309,1,1.24854,-0.34912,0.80322,-6.084,28.237,-0.634
2026-05-20 14:25:28.309,1170667765,184309,2,1.15747,-0.01367,0.41968,42.458,151.107,0.794
2026-05-20 14:25:28.604,1170668060,184604,1,0.43677,-0.03662,1.05688,14.885,8.718,9.168
2026-05-20 14:25:28.604,1170668060,184604,2,0.51978,0.2478,0.62598,-11.168,-45.26,5.962
2026-05-20 14:25:29.804,1170669260,184804,1,0.6333,-0.12646,1.07544,-10.702,-100.687,-0.16
2026-05-20 14:25:29.804,1170669260,184804,2,0.89355,0.14185,0.59766,0.71,-90.534,29.046
2026-05-20 14:25:29.004,1170668460,185004,1,0.60498,-0.08618,0.2854,19.405,-55.13,5.992
2026-05-20 14:25:29.004,1170668460,185004,2,0.28638,0.00415,0.27417,-63.863,9.939,-11.427
2026-05-20 14:25:29.204,1170668660,185204,1,1.19775,-0.12012,0.2251,-74.786,-112.084,-13.305
2026-05-20 14:25:29.204,1170668660,185204,2,1.10327,0.10693,0.33032,-16.107,28.794,-19.328
2026-05-20 14:25:29.404,1170668860,185404,1,1.05469,-0.11011,0.21777,-7.084,30.794,-9.206
2026-05-20 14:25:29.404,1170668860,185404,2,0.96313,0.10498,0.34863,-18.863,-27.183,-11.74
2026-05-20 14:25:29.604,1170669060,185604,1,1.09521,-0.17383,0.24097,-10.382,13.672,1.565
2026-05-20 14:25:29.604,1170669060,185604,2,0.93335,0.11133,0.38647,1.374,-15.382,6.176
2026-05-20 14:25:30.805,1170670261,185805,1,1.13379,-0.18457,0.24976,7.817,45.55,-3.969
2026-05-20 14:25:30.805,1170670261,185805,2,0.61621,-0.03003,-0.01807,10.267,22.084,17.924
2026-05-20 14:25:30.024,1170669480,186024,1,0.72681,-0.08667,0.45874,8.832,44.405,1.908
2026-05-20 14:25:30.024,1170669480,186024,2,0.69727,-0.02393,0.24194,59.313,137.115,8.237
2026-05-20 14:25:30.242,1170669698,186242,1,0.58984,-0.07202,0.82617,-2.046,25.023,5.794
2026-05-20 14:25:30.242,1170669698,186242,2,0.54053,0.09912,0.66479,4.336,57.603,-13.099
2026-05-20 14:25:30.442,1170669898,186442,1,0.75928,-0.18848,0.99707,-6.137,-39.496,8.527
2026-05-20 14:25:30.442,1170669898,186442,2,0.76196,0.31616,0.85645,49.641,-161.107,12.412
2026-05-20 14:25:30.642,1170670098,186642,1,1.23511,-0.06152,1.2793,-10.183,32.046,-13.763
2026-05-20 14:25:30.642,1170670098,186642,2,0.99756,0.13159,0.1377,-4.779,45.229,0.153
2026-05-20 14:25:31.842,1170671298,186842,1,0.72998,-0.25537,0.70459,-0.038,-32.321,1.389
2026-05-20 14:25:31.842,1170671298,186842,2,1.74023,0.27881,0.89819,24.58,29.87,2.71
2026-05-20 14:25:31.042,1170670498,187042,1,1.07568,-0.20239,0.71094,6.901,83.565,31.137
2026-05-20 14:25:31.042,1170670498,187042,2,0.58081,0.13428,0.45044,10.962,88.832,-4.443
2026-05-20 14:25:31.275,1170670731,187275,1,0.40308,-0.11646,0.93481,-5.473,58.779,12.786
2026-05-20 14:25:31.275,1170670731,187275,2,0.3833,0.2041,0.66626,2.206,57.557,-9.366
2026-05-20 14:25:31.475,1170670931,187475,1,0.26099,-0.04492,0.78442,-7.939,25.427,-0.733
2026-05-20 14:25:31.475,1170670931,187475,2,0.40112,0.16357,0.47314,-0.397,3.672,-1.58
2026-05-20 14:25:31.675,1170671131,187675,1,0.20361,-0.14941,0.68628,-13.038,-44.542,-16.855
2026-05-20 14:25:31.675,1170671131,187675,2,0.24414,0.05518,0.51001,18.573,-83.221,7.427
2026-05-20 14:25:32.875,1170672331,187875,1,0.91357,0.09155,0.85962,7.176,-123.298,-21.847
2026-05-20 14:25:32.875,1170672331,187875,2,1.99994,0.67017,1.12817,-68.443,-129.534,-18.542
2026-05-20 14:25:32.075,1170671531,188075,1,0.82739,-0.19824,0.65015,-51.74,16.038,-29.168
2026-05-20 14:25:32.075,1170671531,188075,2,0.63501,-0.08643,0.18164,-35.992,-32.321,-28.992
2026-05-20 14:25:32.275,1170671731,188275,1,1.09204,-0.12402,0.68188,-8.107,-27.374,1.802
2026-05-20 14:25:32.275,1170671731,188275,2,1.30786,0.19653,0.34985,13.748,-8.748,12.588
2026-05-20 14:25:32.475,1170671931,188475,1,0.84277,-0.03906,0.47974,16.389,5.046,-3.71
2026-05-20 14:25:32.475,1170671931,188475,2,0.85474,0.17798,0.25537,3.939,2.13,-3.748
2026-05-20 14:25:32.675,1170672131,188675,1,1.02905,-0.00244,0.59253,-4.458,4.176,-7.321
2026-05-20 14:25:32.675,1170672131,188675,2,0.9165,0.1731,0.1792,4.176,6.779,3.679
2026-05-20 14:25:33.875,1170673331,188875,1,0.93823,-0.01831,0.60889,0.58,5.977,4.031
2026-05-20 14:25:33.875,1170673331,188875,2,0.95874,0.17456,0.27856,7.641,-4.183,8.847
2026-05-20 14:25:33.075,1170672531,189075,1,0.9314,-0.0249,0.59546,0.076,4.244,-0.313
2026-05-20 14:25:33.075,1170672531,189075,2,0.94995,0.18628,0.21313,-10.031,-7.0,-1.901
2026-05-20 14:25:33.275,1170672731,189275,1,0.92212,-0.03271,0.60986,-11.588,0.672,-9.802
2026-05-20 14:25:33.275,1170672731,189275,2,0.97803,0.16797,0.1814,-8.382,-0.275,-3.618
2026-05-20 14:25:33.475,1170672931,189475,1,0.90894,-0.01709,0.5752,-1.985,1.611,-8.542
2026-05-20 14:25:33.475,1170672931,189475,2,0.9856,0.16553,0.17651,-3.855,-3.473,-1.756
2026-05-20 14:25:33.675,1170673131,189675,1,0.92212,0.01904,0.58105,-11.893,0.282,-5.336
2026-05-20 14:25:33.675,1170673131,189675,2,0.92651,0.1958,0.18823,-21.267,-13.206,6.58
2026-05-20 14:25:34.875,1170674331,189875,1,0.93652,0.02051,0.58057,5.435,13.237,-0.947
2026-05-20 14:25:34.875,1170674331,189875,2,0.96533,0.12744,0.1687,4.008,1.58,5.748
2026-05-20 14:25:34.075,1170673531,190075,1,0.90747,-0.00146,0.62378,-1.076,3.244,-0.321
2026-05-20 14:25:34.075,1170673531,190075,2,1.02271,0.1189,0.11841,-0.985,4.504,2.069
2026-05-20 14:25:34.275,1170673731,190275,1,0.90601,-0.01147,0.625,0.229,0.817,4.832
2026-05-20 14:25:34.275,1170673731,190275,2,0.99683,0.1333,0.13452,3.412,6.008,2.443
2026-05-20 14:25:34.475,1170673931,190475,1,0.90503,-0.02563,0.63428,-0.809,5.305,3.55
2026-05-20 14:25:34.475,1170673931,190475,2,0.9873,0.10645,0.14966,-3.008,3.198,1.321
2026-05-20 14:25:34.675,1170674131,190675,1,0.86768,-0.073,0.62476,15.26,3.809,15.305
2026-05-20 14:25:34.675,1170674131,190675,2,1.00513,0.11865,0.19556,16.756,16.679,-2.573
2026-05-20 14:25:35.875,1170675331,190875,1,0.89355,-0.13086,0.63477,14.977,19.038,33.076
2026-05-20 14:25:35.875,1170675331,190875,2,0.88892,0.05884,0.28979,52.824,71.634,20.13
2026-05-20 14:25:35.075,1170674531,191075,1,0.73853,-0.17822,0.71533,45.702,-0.183,29.985
2026-05-20 14:25:35.075,1170674531,191075,2,0.74756,0.26025,0.35767,39.557,50.931,14.366
2026-05-20 14:25:35.275,1170674731,191275,1,0.99976,0.01636,0.65332,41.733,19.939,-22.198
2026-05-20 14:25:35.275,1170674731,191275,2,1.27466,-0.14429,0.52344,-74.718,-49.435,-22.847
2026-05-20 14:25:35.475,1170674931,191475,1,1.05566,0.15747,0.91968,-7.466,126.679,-32.603
2026-05-20 14:25:35.475,1170674931,191475,2,1.0957,0.05493,0.8313,9.298,192.298,6.565
2026-05-20 14:25:35.675,1170675131,191675,1,0.08447,0.01636,1.07397,-37.374,161.641,-7.885
2026-05-20 14:25:35.675,1170675131,191675,2,0.3877,0.09326,0.82056,28.611,140.725,3.237
2026-05-20 14:25:36.875,1170676331,191875,1,-0.34888,0.05664,0.92065,11.672,140.313,-4.863
2026-05-20 14:25:36.875,1170676331,191875,2,-0.11426,0.08008,0.43579,-12.832,101.221,-17.031
2026-05-20 14:25:36.075,1170675531,192075,1,-0.7124,0.09326,0.65088,16.756,18.779,24.145
2026-05-20 14:25:36.075,1170675531,192075,2,-0.5144,0.62988,0.96313,3.901,-105.748,20.939
2026-05-20 14:25:36.275,1170675731,192275,1,-1.15234,-0.08643,0.84277,8.702,-69.634,6.115
2026-05-20 14:25:36.275,1170675731,192275,2,0.15967,0.47388,0.93311,-29.29,-140.359,-7.595
2026-05-20 14:25:36.475,1170675931,192475,1,-0.3457,0.03198,1.10547,-26.397,-166.557,7.794
2026-05-20 14:25:36.475,1170675931,192475,2,0.60376,0.1897,0.60938,-36.916,-120.489,1.687
2026-05-20 14:25:36.675,1170676131,192675,1,0.45605,-0.0835,0.51782,-26.679,-210.802,0.725
2026-05-20 14:25:36.675,1170676131,192675,2,0.84717,-0.00146,0.16919,-11.481,-134.809,12.954
2026-05-20 14:25:37.875,1170677331,192875,1,0.91406,-0.20654,0.25146,-16.954,-113.809,-0.107
2026-05-20 14:25:37.875,1170677331,192875,2,1.15308,0.18921,0.16919,-11.191,-125.328,-6.084
2026-05-20 14:25:37.075,1170676531,193075,1,1.28564,-0.11206,0.4104,-37.55,-58.458,-12.26
2026-05-20 14:25:37.075,1170676531,193075,2,0.9939,0.01147,0.31006,13.412,16.511,20.061
2026-05-20 14:25:37.275,1170676731,193275,1,1.02686,-0.16846,0.37769,23.618,61.534,3.061
2026-05-20 14:25:37.275,1170676731,193275,2,1.04541,0.09326,0.09912,19.099,30.069,-2.183
2026-05-20 14:25:37.475,1170676931,193475,1,0.81982,-0.11255,0.39233,12.481,111.328,-6.137
2026-05-20 14:25:37.475,1170676931,193475,2,0.76221,-0.03101,0.24365,34.916,149.26,3.55
2026-05-20 14:25:37.675,1170677131,193675,1,0.30811,0.13745,0.81079,36.824,102.855,16.664
2026-05-20 14:25:37.675,1170677131,193675,2,0.6062,0.21631,0.96851,51.053,150.977,16.336
2026-05-20 14:25:38.875,1170678331,193875,1,0.00146,-0.0437,1.17407,7.412,120.687,15.756
2026-05-20 14:25:38.875,1170678331,193875,2,0.29175,0.16357,1.20142,-9.84,92.527,-5.244
2026-05-20 14:25:38.075,1170677531,194075,1,-0.45898,0.04736,1.03638,2.053,108.0,9.137
2026-05-20 14:25:38.075,1170677531,194075,2,-0.08423,0.17944,0.96143,-6.511,31.305,-1.153
2026-05-20 14:25:38.275,1170677731,194275,1,-0.68066,0.02173,0.94678,-0.176,42.756,3.168
2026-05-20 14:25:38.275,1170677731,194275,2,-0.21167,0.19531,0.86914,4.786,40.611,-4.634
2026-05-20 14:25:38.475,1170677931,194475,1,-0.68213,-0.05811,0.74512,-12.229,-28.015,1.382
2026-05-20 14:25:38.475,1170677931,194475,2,-0.2854,0.0542,0.56689,8.855,-74.985,13.046
2026-05-20 14:25:38.675,1170678131,194675,1,-0.26123,-0.13916,0.89746,-9.168,-130.252,-5.328
2026-05-20 14:25:38.675,1170678131,194675,2,0.40674,0.08813,0.6189,50.557,-79.626,43.237
2026-05-20 14:25:39.875,1170679331,194875,1,0.15332,-0.02612,1.07617,-16.87,-155.504,-14.275
2026-05-20 14:25:39.875,1170679331,194875,2,1.01318,0.26758,1.12476,-10.603,-153.206,2.046
2026-05-20 14:25:39.075,1170678531,195075,1,0.32935,-0.23926,0.77661,-21.519,50.16,-27.359
2026-05-20 14:25:39.075,1170678531,195075,2,0.21484,-0.07178,0.09888,-88.45,13.427,-59.969
2026-05-20 14:25:39.275,1170678731,195275,1,0.44019,-0.09497,0.94849,6.565,-57.389,2.046
2026-05-20 14:25:39.275,1170678731,195275,2,1.49048,0.04565,0.8457,0.229,-38.679,2.588
2026-05-20 14:25:39.475,1170678931,195475,1,0.47046,-0.10254,0.79321,5.458,24.313,6.198
2026-05-20 14:25:39.475,1170678931,195475,2,0.54102,0.03735,0.33472,-23.962,-20.771,-5.634
2026-05-20 14:25:39.675,1170679131,195675,1,0.80566,-0.15625,1.06885,-6.374,0.985,-8.198
2026-05-20 14:25:39.675,1170679131,195675,2,1.0105,-0.03589,0.64697,-11.969,38.557,-1.672
2026-05-20 14:25:40.875,1170680331,195875,1,0.46338,-0.04346,0.94312,0.656,11.099,2.748
2026-05-20 14:25:40.875,1170680331,195875,2,0.7063,0.03345,0.55249,-2.366,2.618,5.153
2026-05-20 14:25:40.075,1170679531,196075,1,1.07349,-0.19287,1.35449,-16.511,-5.962,-2.893
2026-05-20 14:25:40.075,1170679531,196075,2,1.31445,0.09717,0.92017,-14.313,133.649,-15.16
2026-05-20 14:25:40.275,1170679731,196275,1,0.21753,-0.10254,1.08301,4.573,43.626,-3.046
2026-05-20 14:25:40.275,1170679731,196275,2,0.47217,0.08521,0.69043,12.947,79.901,-5.336
2026-05-20 14:25:40.475,1170679931,196475,1,0.57886,-0.13672,1.00513,-39.71,-64.718,-1.557
2026-05-20 14:25:40.475,1170679931,196475,2,0.71924,0.01172,0.6731,-3.618,-40.504,26.137
2026-05-20 14:25:40.675,1170680131,196675,1,0.6731,-0.34619,0.91602,-12.374,-82.183,-21.977
2026-05-20 14:25:40.675,1170680131,196675,2,0.60352,-0.07397,0.22754,-49.992,-31.664,-31.366
2026-05-20 14:25:41.875,1170681331,196875,1,0.28271,-0.14209,0.1394,11.145,-58.252,-17.214
2026-05-20 14:25:41.875,1170681331,196875,2,1.00732,0.07837,0.36646,27.237,-40.626,-20.618
2026-05-20 14:25:41.075,1170680531,197075,1,1.33862,-0.16626,0.40967,-6.969,-35.962,-6.893
2026-05-20 14:25:41.075,1170680531,197075,2,0.9563,-0.03711,0.44116,37.656,-14.321,42.0
2026-05-20 14:25:41.275,1170680731,197275,1,1.10938,-0.12964,0.38159,34.397,36.336,9.099
2026-05-20 14:25:41.275,1170680731,197275,2,0.76807,-0.04077,0.11426,29.611,19.557,7.687
2026-05-20 14:25:41.475,1170680931,197475,1,0.62158,-0.04565,0.30566,0.786,12.893,2.802
2026-05-20 14:25:41.475,1170680931,197475,2,0.68848,-0.05298,0.28662,1.26,-12.344,-7.305
2026-05-20 14:25:41.675,1170681131,197675,1,0.46021,-0.20117,0.95801,-0.473,89.626,14.557
2026-05-20 14:25:41.675,1170681131,197675,2,0.60522,-0.0686,0.22974,36.29,58.115,6.16
2026-05-20 14:25:42.943,1170682399,197943,1,0.95557,-0.05298,1.38379,-30.84,-77.282,5.786
2026-05-20 14:25:42.943,1170682399,197943,2,1.22241,-0.04883,0.90454,21.786,111.947,-16.313
2026-05-20 14:25:42.192,1170681648,198192,1,0.43774,-0.07568,0.73706,-1.145,32.718,-9.282
2026-05-20 14:25:42.192,1170681648,198192,2,0.58887,-0.03394,0.5835,-10.252,-22.954,4.267
2026-05-20 14:25:42.392,1170681848,198392,1,0.63428,-0.21582,1.10034,-6.504,-15.756,-0.061
2026-05-20 14:25:42.392,1170681848,198392,2,0.88086,-0.00146,0.75684,-22.511,7.221,-2.481
2026-05-20 14:25:42.592,1170682048,198592,1,0.55957,-0.15918,0.81201,0.87,-0.786,3.053
2026-05-20 14:25:42.592,1170682048,198592,2,0.72778,-0.02466,0.56982,4.29,-14.931,3.466
2026-05-20 14:25:43.792,1170683248,198792,1,0.72021,-0.21802,0.927,-1.397,0.122,-1.588
2026-05-20 14:25:43.792,1170683248,198792,2,0.87622,-0.05713,0.57251,0.031,11.389,2.947
2026-05-20 14:25:43.992,1170683448,198992,1,0.5625,-0.17993,0.87842,7.595,-0.389,0.618
2026-05-20 14:25:43.992,1170683448,198992,2,0.81812,0.01953,0.57373,2.832,-16.237,1.55
2026-05-20 14:25:43.318,1170682774,199318,1,1.04688,-0.29297,1.12964,1.16,55.702,0.389
2026-05-20 14:25:43.318,1170682774,199318,2,0.95459,0.07251,0.8501,22.237,178.099,-16.534
2026-05-20 14:25:43.518,1170682974,199518,1,0.1731,-0.12183,1.23315,13.672,27.053,-3.611
2026-05-20 14:25:43.518,1170682974,199518,2,0.53296,0.20093,0.69116,15.565,-58.076,4.527
2026-05-20 14:25:43.718,1170683174,199718,1,0.51855,-0.1543,1.04053,-12.115,-75.382,-1.466
2026-05-20 14:25:43.718,1170683174,199718,2,0.78076,0.13013,0.698,9.115,-53.84,24.504
2026-05-20 14:25:44.918,1170684374,199918,1,0.57642,-0.17554,0.83374,-0.725,-80.855,0.771
2026-05-20 14:25:44.918,1170684374,199918,2,0.73511,0.04858,0.3374,-37.733,-88.611,0.298
2026-05-20 14:25:44.118,1170683574,200118,1,0.29785,-0.1167,0.15186,32.298,-54.992,-8.092
2026-05-20 14:25:44.118,1170683574,200118,2,0.47534,-0.18091,0.13623,-70.74,76.489,-16.382
2026-05-20 14:25:44.318,1170683774,200318,1,1.56958,-0.15137,0.36694,33.29,-51.405,10.496
2026-05-20 14:25:44.318,1170683774,200318,2,0.83423,-0.11865,0.42822,27.74,-11.779,48.733
2026-05-20 14:25:44.518,1170683974,200518,1,1.13184,-0.18994,0.2854,12.588,29.321,-3.748
2026-05-20 14:25:44.518,1170683974,200518,2,1.13672,-0.00562,0.28638,12.374,-46.015,7.344
2026-05-20 14:25:45.780,1170685236,200780,1,0.49902,-0.14502,0.31128,25.382,151.183,1.42
2026-05-20 14:25:45.780,1170685236,200780,2,0.41919,-0.10327,0.20947,90.985,144.748,38.191
2026-05-20 14:25:45.980,1170685436,200980,1,0.41016,-0.04321,0.63184,5.931,58.359,6.397
2026-05-20 14:25:45.980,1170685436,200980,2,0.72705,0.09814,0.46558,12.672,6.511,8.618
2026-05-20 14:25:45.180,1170684636,201180,1,0.39722,-0.15991,0.81763,29.031,56.74,14.595
2026-05-20 14:25:45.180,1170684636,201180,2,0.49829,0.03027,0.3772,36.206,53.252,3.183
2026-05-20 14:25:45.380,1170684836,201380,1,0.52441,0.02783,1.12915,15.282,-49.359,11.511
2026-05-20 14:25:45.380,1170684836,201380,2,0.95264,0.30566,0.95947,47.405,-167.954,61.084
2026-05-20 14:25:45.580,1170685036,201580,1,1.02783,-0.15381,1.0769,1.275,50.985,2.603
2026-05-20 14:25:45.580,1170685036,201580,2,0.58276,-0.09058,0.23999,49.733,104.794,16.84
2026-05-20 14:25:46.780,1170686236,201780,1,0.4314,-0.20215,0.78784,1.473,-16.725,4.748
2026-05-20 14:25:46.780,1170686236,201780,2,0.96851,-0.00854,0.70825,13.519,-64.458,8.374
2026-05-20 14:25:46.980,1170686436,201980,1,0.69604,-0.21313,0.88501,0.313,19.298,-4.046
2026-05-20 14:25:46.980,1170686436,201980,2,0.59009,-0.00659,0.45166,6.298,16.855,-4.153
2026-05-20 14:25:46.294,1170685750,202294,1,0.73901,-0.18555,0.92847,-4.511,5.061,-2.481
2026-05-20 14:25:46.294,1170685750,202294,2,0.71704,0.00513,0.46826,-2.42,4.931,1.969
2026-05-20 14:25:46.494,1170685950,202494,1,0.65552,-0.17334,0.89038,-2.435,-2.992,1.076
2026-05-20 14:25:46.494,1170685950,202494,2,0.90112,-0.00439,0.61353,-3.527,-10.221,4.115
2026-05-20 14:25:46.694,1170686150,202694,1,0.62183,-0.17725,0.84521,-1.389,4.031,-1.015
2026-05-20 14:25:46.694,1170686150,202694,2,0.78369,-0.01489,0.55811,-1.015,-3.672,1.13
2026-05-20 14:25:47.894,1170687350,202894,1,0.75073,-0.26099,0.90527,2.267,12.908,2.84
2026-05-20 14:25:47.894,1170687350,202894,2,1.09912,0.07275,0.87158,23.855,46.282,-3.115
2026-05-20 14:25:47.111,1170686567,203111,1,0.52051,-0.13745,0.96899,14.863,70.58,-6.786
2026-05-20 14:25:47.111,1170686567,203111,2,0.4375,0.10962,0.82739,21.618,106.023,-1.42
2026-05-20 14:25:47.311,1170686767,203311,1,0.17358,-0.11694,1.30322,0.954,16.809,-3.405
2026-05-20 14:25:47.311,1170686767,203311,2,0.47437,0.11499,0.73535,-18.107,-81.901,16.672
2026-05-20 14:25:48.760,1170688216,203760,1,0.40405,-0.05127,0.45776,-3.023,-63.84,-14.0
2026-05-20 14:25:48.760,1170688216,203760,2,0.64844,0.05811,0.31104,-13.0,-95.137,4.641
2026-05-20 14:25:48.960,1170688416,203960,1,0.92163,-0.16797,0.41235,-9.221,-100.374,-2.038
2026-05-20 14:25:48.960,1170688416,203960,2,0.91113,0.01807,0.29858,-10.382,-32.366,-6.756
2026-05-20 14:25:48.160,1170687616,204160,1,1.07446,-0.16309,0.27051,-6.962,-7.824,-11.405
2026-05-20 14:25:48.160,1170687616,204160,2,1.01294,0.00879,0.30908,-17.427,4.191,-4.55
2026-05-20 14:25:48.360,1170687816,204360,1,1.05371,-0.15161,0.41333,13.237,25.573,-0.344
2026-05-20 14:25:48.360,1170687816,204360,2,1.01172,0.00537,0.3042,12.069,8.595,12.565
2026-05-20 14:25:48.560,1170688016,204560,1,0.79248,-0.11255,0.27881,10.985,137.748,6.687
2026-05-20 14:25:48.560,1170688016,204560,2,0.26538,-0.01294,0.05078,55.298,216.863,14.504
2026-05-20 14:25:49.784,1170689240,204784,1,0.22778,-0.05444,0.74805,-11.618,62.679,-3.198
2026-05-20 14:25:49.784,1170689240,204784,2,0.59497,0.07471,1.09863,-13.382,-0.992,-11.244
2026-05-20 14:25:49.984,1170689440,204984,1,0.5332,-0.05933,0.87061,-8.244,22.519,-5.588
2026-05-20 14:25:49.984,1170689440,204984,2,0.57397,0.08228,0.7063,12.71,35.939,-3.84
2026-05-20 14:25:49.267,1170688723,205266,1,0.70776,-0.20264,1.42139,-0.198,-81.206,1.618
2026-05-20 14:25:49.267,1170688723,205266,2,1.81177,0.1355,0.93555,-47.992,-40.748,-13.313
2026-05-20 14:25:49.482,1170688938,205482,1,0.64258,-0.04932,0.78198,-13.634,29.382,-17.908
2026-05-20 14:25:49.482,1170688938,205482,2,0.51074,-0.02734,0.25854,-18.061,-15.687,-7.611
2026-05-20 14:25:49.692,1170689148,205692,1,0.73145,-0.13525,0.9812,-0.847,-26.237,6.611
2026-05-20 14:25:49.692,1170689148,205692,2,1.11499,0.06738,0.74121,-12.046,-13.672,4.176
2026-05-20 14:25:50.892,1170690348,205892,1,0.62158,-0.14575,0.74023,-5.13,13.397,-0.412
2026-05-20 14:25:50.892,1170690348,205892,2,0.74609,0.00366,0.50684,-3.313,-28.695,1.672
2026-05-20 14:25:50.092,1170689548,206092,1,0.85132,-0.15381,0.91235,-4.435,0.313,1.58
2026-05-20 14:25:50.092,1170689548,206092,2,0.76221,-0.00049,0.48999,3.87,23.061,3.55
2026-05-20 14:25:50.323,1170689779,206323,1,0.68726,-0.15186,0.8501,-2.046,-2.969,0.435
2026-05-20 14:25:50.323,1170689779,206323,2,0.89941,-0.01123,0.58667,-9.992,-7.229,1.542
2026-05-20 14:25:50.523,1170689979,206523,1,0.65991,-0.16748,0.82715,1.038,2.076,0.26
2026-05-20 14:25:50.523,1170689979,206523,2,0.77588,-0.00659,0.51221,0.779,-2.153,0.412
2026-05-20 14:25:50.723,1170690179,206723,1,0.72656,-0.16968,0.86548,0.771,0.267,-0.817
2026-05-20 14:25:50.723,1170690179,206723,2,0.8252,-0.0144,0.53296,0.74,3.969,-1.771
2026-05-20 14:25:51.923,1170691379,206923,1,0.69751,-0.12549,0.83154,2.0,4.679,-0.725
2026-05-20 14:25:51.923,1170691379,206923,2,0.85034,0.01538,0.56299,-3.122,-0.71,0.336
2026-05-20 14:25:51.123,1170690579,207123,1,0.69043,-0.14307,0.84937,0.237,3.168,-0.344
2026-05-20 14:25:51.123,1170690579,207123,2,0.84546,0.00244,0.54736,-0.336,1.595,0.557
2026-05-20 14:25:52.817,1170692273,207816,1,0.70679,-0.1709,0.86597,-2.206,-2.473,1.901
2026-05-20 14:25:52.817,1170692273,207816,2,0.8418,-0.02466,0.5481,0.55,1.611,3.198
2026-05-20 14:25:52.016,1170691472,208016,1,0.68408,-0.18945,0.84375,-1.55,-0.473,2.046
2026-05-20 14:25:52.016,1170691472,208016,2,0.83887,-0.05469,0.52271,1.45,-5.504,2.534
2026-05-20 14:25:52.216,1170691672,208216,1,0.7002,-0.17944,0.84692,1.397,0.618,1.084
2026-05-20 14:25:52.216,1170691672,208216,2,0.82178,-0.01196,0.52954,0.038,-0.374,-1.076
2026-05-20 14:25:52.416,1170691872,208416,1,0.70239,-0.15747,0.85547,0.824,1.374,-1.16
2026-05-20 14:25:52.416,1170691872,208416,2,0.84302,-0.01465,0.52295,0.244,0.687,0.076
2026-05-20 14:25:52.616,1170692072,208616,1,0.69116,-0.16382,0.84741,0.336,0.42,-1.069
2026-05-20 14:25:52.616,1170692072,208616,2,0.84644,-0.04272,0.53516,1.733,-0.695,1.214
2026-05-20 14:25:53.816,1170693272,208816,1,0.70654,-0.14575,0.83667,0.015,0.496,1.786
2026-05-20 14:25:53.816,1170693272,208816,2,0.84692,0.00391,0.521,1.237,2.389,1.061
2026-05-20 14:25:53.016,1170692472,209016,1,0.6958,-0.14063,0.85278,1.382,1.313,0.107
2026-05-20 14:25:53.016,1170692472,209016,2,0.83521,-0.0061,0.52979,-1.214,-0.771,0.26
2026-05-20 14:25:53.235,1170692691,209235,1,0.70361,-0.14844,0.85059,-1.626,-1.069,-1.084
2026-05-20 14:25:53.235,1170692691,209235,2,0.84546,-0.00708,0.53271,-0.916,-0.489,1.863
2026-05-20 14:25:53.435,1170692891,209435,1,0.7019,-0.1543,0.84595,-1.443,1.023,0.168
2026-05-20 14:25:53.435,1170692891,209435,2,0.84595,-0.00854,0.5293,-1.618,-0.382,0.359
2026-05-20 14:25:53.705,1170693161,209705,1,0.70093,-0.1604,0.83179,-0.191,1.679,-0.29
2026-05-20 14:25:53.705,1170693161,209705,2,0.84009,-0.00781,0.52856,-1.13,0.397,0.389
2026-05-20 14:25:54.905,1170694361,209905,1,0.70288,-0.16016,0.84058,-0.527,1.649,-0.13
2026-05-20 14:25:54.905,1170694361,209905,2,0.84106,-0.00391,0.51831,-1.412,-0.214,-0.008
2026-05-20 14:25:54.105,1170693561,210105,1,0.7019,-0.16309,0.84863,-0.221,1.802,-0.672
2026-05-20 14:25:54.105,1170693561,210105,2,0.84155,-0.01367,0.52075,-1.366,-0.656,0.511
2026-05-20 14:25:54.305,1170693761,210305,1,0.70313,-0.15552,0.8645,-0.336,1.061,-0.282
2026-05-20 14:25:54.305,1170693761,210305,2,0.85132,-0.01245,0.54712,0.153,-2.534,0.672
2026-05-20 14:25:54.505,1170693961,210505,1,0.7793,-0.19092,0.74121,-1.779,17.489,-1.42
2026-05-20 14:25:54.505,1170693961,210505,2,0.87231,-0.00415,0.4917,0.626,16.931,-2.74
2026-05-20 14:25:54.705,1170694161,210705,1,0.69409,-0.15869,0.84326,-0.527,-2.137,1.351
2026-05-20 14:25:54.705,1170694161,210705,2,0.83765,0.02197,0.50366,-0.908,-4.176,1.267
2026-05-20 14:25:55.905,1170695361,210905,1,0.74634,-0.16479,0.83032,-2.244,0.824,-2.282
2026-05-20 14:25:55.905,1170695361,210905,2,0.85132,-0.01563,0.49438,-4.336,-1.229,-0.237
2026-05-20 14:25:55.144,1170694600,211144,1,0.71436,-0.15747,0.8501,0.328,1.931,-0.435
2026-05-20 14:25:55.144,1170694600,211144,2,0.86426,-0.00513,0.50708,-2.153,1.16,-0.504
2026-05-20 14:25:55.344,1170694800,211344,1,0.70776,-0.15503,0.84766,1.13,0.656,-0.557
2026-05-20 14:25:55.344,1170694800,211344,2,0.85864,0.00781,0.50391,0.519,1.046,1.359
2026-05-20 14:25:55.544,1170695000,211544,1,0.71191,-0.16138,0.83936,-0.779,2.008,-0.305
2026-05-20 14:25:55.544,1170695000,211544,2,0.85132,-0.00586,0.5127,-0.748,2.206,0.908
2026-05-20 14:25:56.744,1170696200,211744,1,0.70728,-0.15503,0.84326,-1.16,2.145,0.038
2026-05-20 14:25:56.744,1170696200,211744,2,0.85034,-0.00464,0.51807,1.397,2.397,0.924
2026-05-20 14:25:56.944,1170696400,211944,1,0.70386,-0.15991,0.84155,-1.237,2.359,-0.405
2026-05-20 14:25:56.944,1170696400,211944,2,0.83203,-0.00244,0.51978,-1.718,-1.42,0.885
2026-05-20 14:25:56.155,1170695611,212155,1,0.70801,-0.15649,0.85913,0.137,1.382,-0.55
2026-05-20 14:25:56.155,1170695611,212155,2,0.84204,-0.00513,0.53271,-2.55,-1.534,0.237
2026-05-20 14:25:56.395,1170695851,212395,1,0.71216,-0.16162,0.84692,1.153,1.237,0.244
2026-05-20 14:25:56.395,1170695851,212395,2,0.84351,0.00049,0.52148,-2.45,-0.412,-0.137
2026-05-20 14:25:56.595,1170696051,212595,1,0.70947,-0.15576,0.84424,-0.45,1.489,-0.504
2026-05-20 14:25:56.595,1170696051,212595,2,0.85034,-0.0083,0.51587,-2.183,-0.733,0.351
2026-05-20 14:25:57.795,1170697251,212795,1,0.70532,-0.16602,0.84204,-0.45,2.008,-0.366
2026-05-20 14:25:57.795,1170697251,212795,2,0.85547,-0.01636,0.52563,1.519,2.382,0.42
2026-05-20 14:25:57.995,1170697451,212995,1,0.7002,-0.15015,0.85498,0.107,0.779,-0.405
2026-05-20 14:25:57.995,1170697451,212995,2,0.8457,-0.00708,0.51709,-0.206,-0.031,0.878
2026-05-20 14:25:57.195,1170696651,213195,1,0.70972,-0.15332,0.84253,-0.992,-0.176,-0.824
2026-05-20 14:25:57.195,1170696651,213195,2,0.85376,-0.01001,0.5144,-1.611,2.099,0.565
2026-05-20 14:25:57.395,1170696851,213395,1,0.70898,-0.14648,0.84131,-0.099,0.908,-0.015
2026-05-20 14:25:57.395,1170696851,213395,2,0.84863,-0.00171,0.51636,-0.031,0.542,0.74
2026-05-20 14:25:57.651,1170697107,213651,1,0.70776,-0.14526,0.84253,-0.504,3.74,-0.481
2026-05-20 14:25:57.651,1170697107,213651,2,0.83398,-0.00415,0.51978,-0.908,3.107,0.634
2026-05-20 14:25:58.851,1170698307,213851,1,0.70752,-0.16797,0.83057,2.786,6.947,-1.015
2026-05-20 14:25:58.851,1170698307,213851,2,0.9043,-0.03271,0.53491,-1.42,9.985,0.435
2026-05-20 14:25:58.051,1170697507,214051,1,1.06421,-0.22754,1.01172,37.878,67.214,15.16
2026-05-20 14:25:58.051,1170697507,214051,2,0.95605,0.14526,0.92212,39.756,199.321,-4.725
2026-05-20 14:25:58.251,1170697707,214251,1,0.03589,0.12378,1.05957,15.733,132.664,9.573
2026-05-20 14:25:58.251,1170697707,214251,2,0.27148,0.15723,0.82715,-3.282,125.763,15.672
2026-05-20 14:25:58.451,1170697907,214451,1,-0.19971,-0.02734,1.2605,3.847,81.313,4.527
2026-05-20 14:25:58.451,1170697907,214451,2,-0.37354,0.11108,0.76929,-13.443,45.053,-1.458
2026-05-20 14:25:58.692,1170698148,214692,1,-0.427,0.01025,1.18677,1.176,-69.863,20.031
2026-05-20 14:25:58.692,1170698148,214692,2,-0.10596,0.02979,0.60547,-6.153,-246.702,42.076
2026-05-20 14:25:59.892,1170699348,214892,1,0.10303,-0.41968,0.91895,-90.13,-142.229,-19.267
2026-05-20 14:25:59.892,1170699348,214892,2,0.63037,0.22803,0.71533,-14.618,-158.603,-24.412
2026-05-20 14:25:59.092,1170698548,215092,1,0.51953,-0.07446,0.53442,3.313,-145.55,-34.634
2026-05-20 14:25:59.092,1170698548,215092,2,0.80811,0.03345,0.46973,-35.45,-38.305,-33.344
2026-05-20 14:25:59.292,1170698748,215292,1,1.00903,-0.13965,0.25293,-73.725,-99.817,-2.962
2026-05-20 14:25:59.292,1170698748,215292,2,0.97852,0.04102,0.40674,-20.58,-23.313,2.718
2026-05-20 14:25:59.492,1170698948,215492,1,1.08228,-0.22998,0.22754,-0.382,-43.641,5.794
2026-05-20 14:25:59.492,1170698948,215492,2,0.94946,0.02856,0.37427,-10.802,-6.817,-0.031
2026-05-20 14:25:59.731,1170699187,215731,1,1.10034,-0.21362,0.26367,-1.855,16.29,-0.099
2026-05-20 14:25:59.731,1170699187,215731,2,0.98022,0.04468,0.34009,7.725,0.458,1.351
2026-05-20 14:26:00.931,1170700387,215931,1,1.01221,-0.21045,0.33154,5.489,44.031,-6.679
2026-05-20 14:26:00.931,1170700387,215931,2,0.96875,0.02734,0.30835,20.298,16.573,6.863
2026-05-20 14:26:00.131,1170699587,216131,1,1.02393,-0.16968,0.35693,26.702,64.084,-4.527
2026-05-20 14:26:00.131,1170699587,216131,2,0.84058,0.08252,0.33423,44.962,82.901,7.534
2026-05-20 14:26:00.331,1170699787,216331,1,0.44482,0.05493,0.65137,30.626,128.534,1.153
2026-05-20 14:26:00.331,1170699787,216331,2,0.61157,-0.03442,0.72437,-4.771,116.115,12.748
2026-05-20 14:26:00.538,1170699994,216538,1,0.06274,-0.02246,0.96924,-12.031,134.771,21.038
2026-05-20 14:26:00.538,1170699994,216538,2,0.30078,0.16504,0.71436,2.305,90.076,-14.809
2026-05-20 14:26:01.773,1170701229,216773,1,-0.28125,-0.03101,1.1604,4.42,116.084,13.489
2026-05-20 14:26:01.773,1170701229,216773,2,-0.21484,0.15625,0.84033,-25.641,60.885,-1.344
2026-05-20 14:26:01.121,1170700577,217121,1,-0.76587,0.04541,0.91333,-18.71,-20.282,6.275
2026-05-20 14:26:01.121,1170700577,217121,2,-0.26807,-0.00171,0.4646,-42.053,-58.328,19.809
2026-05-20 14:26:01.321,1170700777,217321,1,-0.35645,-0.01025,0.7561,-28.779,-169.542,-12.397
2026-05-20 14:26:01.321,1170700777,217321,2,0.51807,0.07056,0.81372,-30.443,-114.412,-11.931
2026-05-20 14:26:01.521,1170700977,217521,1,0.09814,-0.06836,0.96802,2.725,-129.191,-12.634
2026-05-20 14:26:01.521,1170700977,217521,2,0.83911,0.29736,1.01587,8.137,-160.573,-7.725
2026-05-20 14:26:01.727,1170701183,217727,1,1.24609,-0.04395,1.31323,-46.611,-41.527,-45.015
2026-05-20 14:26:01.727,1170701183,217727,2,0.57886,-0.06543,0.34546,-50.153,56.962,-21.901
2026-05-20 14:26:02.951,1170702407,217951,1,0.50488,-0.14893,0.84033,-1.443,-29.687,-1.069
2026-05-20 14:26:02.951,1170702407,217951,2,1.04541,-0.07935,0.80029,-3.282,-38.878,0.374
2026-05-20 14:26:02.167,1170701623,218167,1,0.59546,-0.1438,0.87256,1.718,8.588,4.435
2026-05-20 14:26:02.167,1170701623,218167,2,0.89868,0.04517,0.52686,-3.695,9.466,-2.412
2026-05-20 14:26:02.586,1170702042,218586,1,0.61572,-0.104,0.85767,1.969,-1.115,-2.046
2026-05-20 14:26:02.586,1170702042,218586,2,0.90186,0.07007,0.52588,2.168,-1.954,-0.351
2026-05-20 14:26:03.788,1170703244,218788,1,0.68921,-0.10791,0.89771,1.626,6.26,-2.405
2026-05-20 14:26:03.788,1170703244,218788,2,0.80859,0.0625,0.49438,1.71,6.267,-1.16
2026-05-20 14:26:03.988,1170703444,218988,1,0.69922,-0.07739,0.86206,5.634,14.427,-1.122
2026-05-20 14:26:03.988,1170703444,218988,2,0.94873,0.00562,0.5293,-5.878,13.031,-3.252
2026-05-20 14:26:03.188,1170702644,219188,1,0.83252,0.01855,1.03784,37.176,108.328,28.786
2026-05-20 14:26:03.188,1170702644,219188,2,0.83472,0.177,0.79053,58.061,200.718,4.565
2026-05-20 14:26:03.388,1170702844,219388,1,-0.09692,0.01904,1.5437,-28.702,56.053,23.863
2026-05-20 14:26:03.388,1170702844,219388,2,0.23291,0.12793,0.88159,14.71,31.786,51.458
2026-05-20 14:26:03.588,1170703044,219588,1,0.29224,-0.15063,1.07837,-4.71,-10.427,1.885
2026-05-20 14:26:03.588,1170703044,219588,2,0.06787,0.14111,0.42407,-29.031,130.573,-16.321
2026-05-20 14:26:04.788,1170704244,219788,1,-0.05176,-0.03906,0.75708,-6.412,-124.114,-10.435
2026-05-20 14:26:04.788,1170704244,219788,2,0.06104,0.03369,0.57178,42.031,-250.137,40.176
2026-05-20 14:26:04.988,1170704444,219988,1,0.26855,-0.10986,0.59619,-7.076,-77.458,-28.916
2026-05-20 14:26:04.988,1170704444,219988,2,0.72241,0.10205,0.47778,-43.947,-143.053,-43.107
2026-05-20 14:26:04.189,1170703645,220189,1,0.88818,-0.11499,0.26611,-17.595,-50.076,-30.374
2026-05-20 14:26:04.189,1170703645,220189,2,0.87329,0.01196,0.53491,2.748,-15.427,-4.618
2026-05-20 14:26:04.389,1170703845,220389,1,1.12256,-0.19336,0.30298,18.748,-19.924,8.626
2026-05-20 14:26:04.389,1170703845,220389,2,0.94995,0.02539,0.44922,15.076,-6.626,14.87
2026-05-20 14:26:04.589,1170704045,220589,1,1.05249,-0.17163,0.40674,17.046,20.748,3.008
2026-05-20 14:26:04.589,1170704045,220589,2,0.90723,0.02148,0.42969,18.84,9.351,12.473
2026-05-20 14:26:05.789,1170705245,220789,1,0.94775,-0.13452,0.42212,-5.435,89.473,-8.282
2026-05-20 14:26:05.789,1170705245,220789,2,0.97681,-0.06519,0.28149,-4.321,69.832,-3.305
2026-05-20 14:26:05.989,1170705445,220989,1,0.52051,-0.07373,0.49463,39.145,126.328,32.076
2026-05-20 14:26:05.989,1170705445,220989,2,0.71094,0.2627,0.62573,9.374,191.656,-8.863
2026-05-20 14:26:05.189,1170704645,221189,1,0.09619,-0.08643,1.09473,-17.122,154.015,35.588
2026-05-20 14:26:05.189,1170704645,221189,2,0.33472,0.16431,0.9209,15.344,94.824,11.076
2026-05-20 14:26:05.389,1170704845,221389,1,-0.40552,-0.02173,1.14404,34.641,120.603,20.58
2026-05-20 14:26:05.389,1170704845,221389,2,-0.09277,0.10327,0.85107,-3.344,97.695,-7.405
2026-05-20 14:26:05.589,1170705045,221589,1,-0.6311,-0.01709,0.9375,-6.977,33.046,5.817
2026-05-20 14:26:05.589,1170705045,221589,2,-0.35107,0.03613,0.52173,26.962,-80.42,32.084
2026-05-20 14:26:06.947,1170706403,221947,1,-0.05493,0.00269,0.95752,-14.947,-124.565,-41.481
2026-05-20 14:26:06.947,1170706403,221947,2,0.5188,-0.04517,0.68774,-64.687,-86.229,-39.321
2026-05-20 14:26:06.147,1170705603,222147,1,0.97363,0.02344,1.37183,-53.863,-146.481,-48.672
2026-05-20 14:26:06.147,1170705603,222147,2,1.99994,-0.00977,1.14917,-71.962,-99.427,-14.588
2026-05-20 14:26:06.347,1170705803,222347,1,0.44629,-0.1272,0.58667,6.344,6.076,-3.634
2026-05-20 14:26:06.347,1170705803,222347,2,0.54321,-0.11523,0.28711,10.45,-50.466,-3.244
2026-05-20 14:26:06.547,1170706003,222547,1,1.03882,-0.20801,0.97192,6.336,-37.924,-13.092
2026-05-20 14:26:06.547,1170706003,222547,2,1.31616,0.08325,0.6272,17.618,2.061,-11.473
2026-05-20 14:26:07.747,1170707203,222747,1,0.59912,-0.00171,0.72876,9.878,1.038,-22.786
2026-05-20 14:26:07.747,1170707203,222747,2,0.86182,0.06128,0.48413,11.786,-9.595,1.275
2026-05-20 14:26:07.947,1170707403,222947,1,0.80957,0.06372,0.82813,4.618,6.359,7.008
2026-05-20 14:26:07.947,1170707403,222947,2,0.85107,0.17896,0.42627,-22.55,-7.191,-5.206
2026-05-20 14:26:07.237,1170706693,223236,1,0.77124,0.03003,0.79932,-5.748,-1.504,3.191
2026-05-20 14:26:07.237,1170706693,223236,2,0.8772,0.10547,0.49487,-17.847,5.733,-3.481
2026-05-20 14:26:07.573,1170707029,223573,1,0.73828,-0.01709,0.85596,-6.099,7.595,4.092
2026-05-20 14:26:07.573,1170707029,223573,2,0.88257,0.07324,0.50464,4.618,3.489,1.74
2026-05-20 14:26:08.773,1170708229,223773,1,0.71777,-0.06152,0.83496,-0.412,1.58,-2.809
2026-05-20 14:26:08.773,1170708229,223773,2,0.83447,0.06909,0.47534,1.153,1.618,-4.481
2026-05-20 14:26:08.973,1170708429,223973,1,0.76489,-0.00464,0.7793,-13.969,0.374,-13.069
2026-05-20 14:26:08.973,1170708429,223973,2,0.84473,0.07178,0.48291,-2.237,-0.16,-2.466
2026-05-20 14:26:08.173,1170707629,224173,1,0.70972,-0.03369,0.83936,12.756,6.313,-5.099
2026-05-20 14:26:08.173,1170707629,224173,2,0.87329,0.11914,0.49268,9.557,1.527,5.351
2026-05-20 14:26:08.373,1170707829,224373,1,0.68896,0.06006,0.80737,-2.763,-6.687,5.595
2026-05-20 14:26:08.373,1170707829,224373,2,0.92432,0.04736,0.49976,-26.107,-0.397,0.13
2026-05-20 14:26:08.723,1170708179,224723,1,0.71265,-0.04761,0.854,-2.885,-0.977,2.084
2026-05-20 14:26:08.723,1170708179,224723,2,0.88379,0.10889,0.47607,6.695,4.328,3.588
2026-05-20 14:26:09.956,1170709412,224956,1,0.73218,-0.04199,0.81421,-9.466,4.771,-1.847
2026-05-20 14:26:09.956,1170709412,224956,2,0.86914,0.03662,0.53516,-2.496,-5.443,3.618
2026-05-20 14:26:09.156,1170708612,225156,1,0.75049,-0.08325,0.81909,-7.542,2.305,1.809
2026-05-20 14:26:09.156,1170708612,225156,2,0.896,0.03345,0.48071,-6.328,5.069,4.565
2026-05-20 14:26:09.356,1170708812,225356,1,0.72607,-0.08325,0.81714,3.908,1.473,2.519
2026-05-20 14:26:09.356,1170708812,225356,2,0.87964,0.05029,0.49268,1.382,-3.229,2.435
2026-05-20 14:26:09.556,1170709012,225556,1,0.73999,-0.10815,0.83838,-0.412,-0.015,-1.74
2026-05-20 14:26:09.556,1170709012,225556,2,0.84473,0.04272,0.44019,2.382,6.206,4.817
2026-05-20 14:26:10.860,1170710316,225860,1,0.76465,-0.07446,0.81104,3.443,1.252,2.45
2026-05-20 14:26:10.860,1170710316,225860,2,0.84473,0.04102,0.43213,-0.527,16.748,5.275
2026-05-20 14:26:10.060,1170709516,226060,1,0.73242,-0.11597,0.81934,-0.435,3.336,4.725
2026-05-20 14:26:10.060,1170709516,226060,2,0.85693,0.01563,0.41699,0.176,14.977,3.038
2026-05-20 14:26:10.367,1170709823,226367,1,0.72144,-0.11401,0.8186,-1.359,1.443,1.13
2026-05-20 14:26:10.367,1170709823,226367,2,0.896,0.01196,0.43164,-2.191,10.252,0.863
2026-05-20 14:26:10.567,1170710023,226567,1,0.73022,-0.12769,0.83789,-2.809,-0.214,-2.038
2026-05-20 14:26:10.567,1170710023,226567,2,0.88721,0.00293,0.46948,5.573,8.237,1.687
2026-05-20 14:26:11.767,1170711223,226767,1,0.70508,-0.11987,0.80127,-3.389,-3.908,-3.687
2026-05-20 14:26:11.767,1170711223,226767,2,0.896,0.0127,0.46826,-11.321,-9.687,-0.206
2026-05-20 14:26:11.967,1170711423,226967,1,0.75024,-0.11646,0.84229,0.061,0.473,4.458
2026-05-20 14:26:11.967,1170711423,226967,2,0.92114,0.01563,0.47754,5.718,0.344,5.206
2026-05-20 14:26:11.167,1170710623,227167,1,0.73853,-0.12109,0.77222,-2.718,0.42,1.763
2026-05-20 14:26:11.167,1170710623,227167,2,0.88477,-0.01587,0.47925,-9.908,-1.855,-2.229
2026-05-20 14:26:11.420,1170710876,227420,1,0.74121,-0.1582,0.83667,-5.038,4.061,2.084
2026-05-20 14:26:11.420,1170710876,227420,2,0.88086,-0.01978,0.44336,4.466,0.573,6.992
2026-05-20 14:26:11.620,1170711076,227620,1,0.72534,-0.16553,0.83374,-2.626,2.023,5.046
2026-05-20 14:26:11.620,1170711076,227620,2,0.91138,-0.03906,0.44897,-7.023,1.748,5.168
2026-05-20 14:26:12.820,1170712276,227820,1,0.74805,-0.21143,0.8396,2.473,1.992,-3.977
2026-05-20 14:26:12.820,1170712276,227820,2,0.85986,-0.04468,0.46143,1.443,4.695,-1.45
2026-05-20 14:26:12.020,1170711476,228020,1,0.72046,-0.16846,0.82129,-2.542,2.267,-0.26
2026-05-20 14:26:12.020,1170711476,228020,2,0.93506,-0.05005,0.51685,-0.275,-5.748,2.26
2026-05-20 14:26:12.220,1170711676,228220,1,0.71094,-0.17627,0.8335,3.229,2.672,-0.908
2026-05-20 14:26:12.220,1170711676,228220,2,0.8689,-0.02319,0.4353,0.954,5.992,0.519
2026-05-20 14:26:12.420,1170711876,228420,1,0.7207,-0.16479,0.81543,-9.595,7.069,-3.87
2026-05-20 14:26:12.420,1170711876,228420,2,0.87085,-0.05859,0.43994,-16.046,-2.298,-3.756
2026-05-20 14:26:12.620,1170712076,228620,1,0.71582,-0.17798,0.87061,9.55,4.885,-2.305
2026-05-20 14:26:12.620,1170712076,228620,2,0.87256,-0.03027,0.47729,13.878,2.344,-3.107
2026-05-20 14:26:13.820,1170713276,228820,1,0.67139,-0.15796,0.87158,-5.076,7.26,-3.382
2026-05-20 14:26:13.820,1170713276,228820,2,0.90942,-0.00586,0.48486,-10.496,-1.099,-3.992
2026-05-20 14:26:13.020,1170712476,229020,1,0.66333,-0.15479,0.86401,-0.779,6.389,-9.305
2026-05-20 14:26:13.020,1170712476,229020,2,0.87524,-0.04492,0.46533,-21.275,-7.557,-9.321
2026-05-20 14:26:13.288,1170712744,229288,1,0.69458,-0.13672,0.82104,14.458,1.603,8.481
2026-05-20 14:26:13.288,1170712744,229288,2,0.81177,0.08057,0.50708,3.595,13.511,-2.802
2026-05-20 14:26:13.488,1170712944,229488,1,0.62866,-0.02979,0.96118,9.107,-2.168,-0.55
2026-05-20 14:26:13.488,1170712944,229488,2,0.84473,0.12598,0.49512,-1.038,-11.855,-2.733
2026-05-20 14:26:13.688,1170713144,229688,1,0.68188,-0.02588,0.85547,0.26,-2.229,-6.26
2026-05-20 14:26:13.688,1170713144,229688,2,0.80054,0.08496,0.49219,-7.939,-2.145,-2.779
2026-05-20 14:26:14.888,1170714344,229888,1,0.68774,-0.08643,0.88013,-1.794,-1.626,-2.565
2026-05-20 14:26:14.888,1170714344,229888,2,0.89795,0.06812,0.44702,3.565,-16.405,2.328
2026-05-20 14:26:14.088,1170713544,230088,1,0.72461,-0.06909,0.83472,-0.496,-3.137,-1.931
2026-05-20 14:26:14.088,1170713544,230088,2,0.9458,0.0481,0.47681,9.656,5.069,4.313
2026-05-20 14:26:14.288,1170713744,230288,1,0.68091,-0.07324,0.85645,1.153,5.336,-4.824
2026-05-20 14:26:14.288,1170713744,230288,2,0.8833,0.0647,0.46069,-1.672,19.435,0.237
2026-05-20 14:26:14.488,1170713944,230488,1,0.65405,-0.09448,0.89697,-4.481,12.756,1.046
2026-05-20 14:26:14.488,1170713944,230488,2,0.83032,0.07349,0.48828,-0.74,6.328,-0.863
2026-05-20 14:26:14.688,1170714144,230688,1,0.66382,-0.10474,0.89136,1.908,4.885,-1.237
2026-05-20 14:26:14.688,1170714144,230688,2,0.84399,0.07178,0.50439,-3.786,1.405,-1.122
2026-05-20 14:26:15.888,1170715344,230888,1,0.66113,-0.06714,0.89233,7.565,4.221,0.382
2026-05-20 14:26:15.888,1170715344,230888,2,0.87769,0.06958,0.49438,4.008,-2.023,0.832
2026-05-20 14:26:15.088,1170714544,231088,1,0.646,-0.04688,0.8772,3.534,1.42,4.863
2026-05-20 14:26:15.088,1170714544,231088,2,0.83179,0.11963,0.50928,-2.748,-8.137,3.16
2026-05-20 14:26:15.288,1170714744,231288,1,0.66577,-0.02612,0.90454,0.718,1.779,-0.916
2026-05-20 14:26:15.288,1170714744,231288,2,0.86914,0.08228,0.4895,-2.45,-2.626,0.511
2026-05-20 14:26:15.488,1170714944,231488,1,0.71777,-0.08081,0.81787,-1.183,5.344,4.534
2026-05-20 14:26:15.488,1170714944,231488,2,0.90601,0.03247,0.49927,-6.359,13.908,-2.443
2026-05-20 14:26:15.688,1170715144,231688,1,0.98926,-0.13306,0.99023,6.031,37.336,16.473
2026-05-20 14:26:15.688,1170715144,231688,2,1.14697,0.10229,1.00415,11.847,91.214,12.847
2026-05-20 14:26:16.888,1170716344,231888,1,0.14233,-0.04077,1.16333,15.985,102.076,11.947
2026-05-20 14:26:16.888,1170716344,231888,2,0.28052,0.24023,0.64722,5.908,50.908,-6.489
2026-05-20 14:26:16.088,1170715544,232088,1,0.00586,-0.02637,1.14648,-24.168,5.664,-11.977
2026-05-20 14:26:16.088,1170715544,232088,2,0.3938,-0.00049,0.85449,-21.267,18.977,11.855
2026-05-20 14:26:16.288,1170715744,232288,1,0.13599,-0.1062,1.22363,-22.16,-56.313,2.794
2026-05-20 14:26:16.288,1170715744,232288,2,0.58032,0.04395,0.68335,-19.779,-87.221,17.885
2026-05-20 14:26:16.488,1170715944,232488,1,0.41626,-0.20825,0.92383,-36.137,-136.45,-33.42
2026-05-20 14:26:16.488,1170715944,232488,2,0.97412,-0.04565,0.4375,-20.473,-99.405,-19.779
2026-05-20 14:26:16.688,1170716144,232688,1,0.56445,-0.00415,0.23926,-1.824,-84.924,-35.786
2026-05-20 14:26:16.688,1170716144,232688,2,0.44849,0.12451,-0.01416,-36.748,-78.55,-27.344
2026-05-20 14:26:17.888,1170717344,232888,1,1.10254,-0.17017,0.37695,6.534,-16.298,3.435
2026-05-20 14:26:17.888,1170717344,232888,2,1.01489,0.0813,0.2832,2.267,5.031,-0.29
2026-05-20 14:26:17.088,1170716544,233088,1,1.14429,-0.17212,0.39722,3.58,43.183,6.58
2026-05-20 14:26:17.088,1170716544,233088,2,0.18872,-0.06934,0.08545,13.298,125.664,19.481
2026-05-20 14:26:17.291,1170716747,233291,1,0.33008,-0.07349,0.30151,25.427,73.557,11.947
2026-05-20 14:26:17.291,1170716747,233291,2,0.78662,0.10083,0.52759,37.023,45.321,12.344
2026-05-20 14:26:17.491,1170716947,233491,1,0.52344,-0.15112,0.8313,-12.924,77.893,4.748
2026-05-20 14:26:17.491,1170716947,233491,2,0.64722,0.00391,0.41968,10.168,42.84,-15.351
2026-05-20 14:26:17.691,1170717147,233691,1,0.53223,-0.0376,1.32056,10.405,-54.847,-0.496
2026-05-20 14:26:17.691,1170717147,233691,2,1.01855,0.23047,1.05615,-13.099,-163.565,7.511
2026-05-20 14:26:18.891,1170718347,233891,1,1.36353,0.0127,0.98315,-19.588,-8.435,-41.496
2026-05-20 14:26:18.891,1170718347,233891,2,0.71802,0.07251,0.42432,5.42,124.252,-19.55
2026-05-20 14:26:18.091,1170717547,234091,1,0.50391,-0.00781,0.77051,-20.466,-11.496,-9.214
2026-05-20 14:26:18.091,1170717547,234091,2,0.83691,0.0105,0.47778,-32.321,-60.779,4.611
2026-05-20 14:26:18.291,1170717747,234291,1,0.9458,-0.10962,0.73999,5.176,10.359,12.267
2026-05-20 14:26:18.291,1170717747,234291,2,0.75146,0.0022,0.37476,10.733,22.321,12.214
2026-05-20 14:26:18.493,1170717949,234493,1,0.77734,-0.07886,0.7998,2.573,-6.634,2.992
2026-05-20 14:26:18.493,1170717949,234493,2,0.95386,0.07446,0.54126,-2.962,1.313,0.214
2026-05-20 14:26:18.693,1170718149,234693,1,0.73218,-0.11938,0.74829,-5.542,7.679,-2.099
2026-05-20 14:26:18.693,1170718149,234693,2,0.83472,0.03516,0.45142,-0.496,-13.0,1.29
2026-05-20 14:26:19.893,1170719349,234893,1,0.79346,-0.09546,0.83325,-1.168,8.328,2.412
2026-05-20 14:26:19.893,1170719349,234893,2,0.85669,0.03687,0.45508,-1.13,17.122,3.359
2026-05-20 14:26:19.093,1170718549,235093,1,0.73462,-0.11133,0.77759,2.832,4.969,-1.649
2026-05-20 14:26:19.093,1170718549,235093,2,0.91846,0.0271,0.50757,-2.084,1.183,-1.519
2026-05-20 14:26:19.293,1170718749,235293,1,1.07544,-0.15625,0.83398,9.397,24.267,-8.29
2026-05-20 14:26:19.293,1170718749,235293,2,1.20508,0.22363,0.85645,-33.695,42.458,-29.359
2026-05-20 14:26:19.493,1170718949,235493,1,0.24365,-0.10254,0.94482,-7.595,51.679,-14.214
2026-05-20 14:26:19.493,1170718949,235493,2,0.34033,-0.04126,0.41138,17.305,-38.901,-6.412
2026-05-20 14:26:19.693,1170719149,235693,1,0.85522,0.05347,0.97852,7.855,-8.267,15.802
2026-05-20 14:26:19.693,1170719149,235693,2,1.0127,0.1311,0.96436,28.786,74.328,14.42
2026-05-20 14:26:20.893,1170720349,235893,1,0.38794,-0.13354,1.09155,-9.916,49.901,34.496
2026-05-20 14:26:20.893,1170720349,235893,2,0.43286,0.13721,0.75024,13.13,49.42,36.901
2026-05-20 14:26:20.093,1170719549,236093,1,0.302,-0.22803,1.12866,-30.206,-16.389,-5.275
2026-05-20 14:26:20.093,1170719549,236093,2,0.54175,-0.01855,0.88525,-26.664,-13.794,-9.198
2026-05-20 14:26:20.293,1170719749,236293,1,0.49243,-0.17017,0.95996,-4.389,-27.053,16.092
2026-05-20 14:26:20.293,1170719749,236293,2,0.66821,-0.12158,0.59131,-3.595,-35.702,30.405
2026-05-20 14:26:20.506,1170719962,236506,1,0.55518,-0.19434,0.84033,13.626,-21.458,5.809
2026-05-20 14:26:20.506,1170719962,236506,2,0.75391,-0.11011,0.57202,-4.893,-35.947,-3.84
2026-05-20 14:26:20.706,1170720162,236706,1,0.66479,-0.2041,0.74805,4.733,-21.0,-4.611
2026-05-20 14:26:20.706,1170720162,236706,2,0.79858,-0.05542,0.49561,45.603,-29.466,7.87
2026-05-20 14:26:21.906,1170721362,236906,1,0.7605,0.0022,0.64502,35.908,13.053,-7.611
2026-05-20 14:26:21.906,1170721362,236906,2,0.73145,0.2312,0.54712,18.718,17.321,-4.878
2026-05-20 14:26:21.106,1170720562,237106,1,0.62085,0.09937,0.82251,6.389,41.489,-7.42
2026-05-20 14:26:21.106,1170720562,237106,2,0.56885,0.15625,0.54663,-13.611,12.244,0.534
2026-05-20 14:26:21.306,1170720762,237306,1,0.37695,-0.24536,0.82397,5.817,79.878,10.901
2026-05-20 14:26:21.306,1170720762,237306,2,0.5376,0.1814,0.49731,52.26,126.573,29.824
2026-05-20 14:26:21.506,1170720962,237506,1,0.0957,-0.08521,0.82227,-23.87,57.611,9.061
2026-05-20 14:26:21.506,1170720962,237506,2,0.32275,0.04834,0.51953,-11.916,29.031,23.0
2026-05-20 14:26:21.706,1170721162,237706,1,-0.18262,-0.14331,1.323,-6.42,-59.061,4.595
2026-05-20 14:26:21.706,1170721162,237706,2,0.42773,-0.14355,0.71069,-68.527,-131.641,-30.221
2026-05-20 14:26:22.906,1170722362,237906,1,1.99994,-0.16553,1.59106,-117.542,-118.267,-42.947
2026-05-20 14:26:22.906,1170722362,237906,2,1.31348,-0.09326,0.64697,-7.229,175.29,35.069
2026-05-20 14:26:22.106,1170721562,238106,1,0.21191,-0.37207,0.65771,-3.29,-4.58,-4.855
2026-05-20 14:26:22.106,1170721562,238106,2,0.50098,-0.11328,0.30322,21.061,-85.733,-12.695
2026-05-20 14:26:22.306,1170721762,238306,1,1.02319,-0.27832,1.0271,18.55,-14.008,-6.695
2026-05-20 14:26:22.306,1170721762,238306,2,0.70605,-0.00122,0.52856,71.626,124.885,12.321
2026-05-20 14:26:22.506,1170721962,238506,1,0.57788,-0.05225,0.72461,31.145,-12.565,-20.313
2026-05-20 14:26:22.506,1170721962,238506,2,0.96802,0.11084,0.50708,-9.58,-38.137,-8.26
2026-05-20 14:26:22.706,1170722162,238706,1,0.76025,-0.08179,0.73853,-7.878,24.0,5.145
2026-05-20 14:26:22.706,1170722162,238706,2,0.77808,0.06543,0.41406,7.664,-8.557,-2.344
2026-05-20 14:26:23.923,1170723379,238923,1,0.71069,-0.12817,0.97656,-1.58,15.298,1.176
2026-05-20 14:26:23.923,1170723379,238923,2,0.89722,0.12109,0.43945,-3.618,5.641,8.282
2026-05-20 14:26:23.141,1170722597,239141,1,0.67261,-0.1582,0.8606,-1.237,-5.824,7.55
2026-05-20 14:26:23.141,1170722597,239141,2,0.92163,0.04077,0.46729,11.664,4.55,4.511
2026-05-20 14:26:23.341,1170722797,239341,1,0.698,-0.17603,0.88379,14.191,-6.038,10.504
2026-05-20 14:26:23.341,1170722797,239341,2,0.98022,0.06738,0.48438,9.832,-13.069,7.115
2026-05-20 14:26:23.541,1170722997,239541,1,0.71533,-0.00952,0.8064,-13.588,-47.282,5.649
2026-05-20 14:26:23.541,1170722997,239541,2,0.88452,-0.05688,0.22559,-7.473,-42.611,36.0
2026-05-20 14:26:24.741,1170724197,239741,1,0.82983,-0.28857,0.54297,-25.557,-58.435,12.496
2026-05-20 14:26:24.741,1170724197,239741,2,0.97534,-0.12769,0.23291,-43.534,-76.092,-57.092
2026-05-20 14:26:27.966,1170727422,242965,1,0.9353,-0.01245,0.48926,57.878,11.305,-40.519
2026-05-20 14:26:27.966,1170727422,242965,2,1.15918,0.21436,0.13281,61.374,34.794,0.489
2026-05-20 14:26:27.165,1170726621,243165,1,0.85645,-0.00317,0.62402,42.649,32.137,13.763
2026-05-20 14:26:27.165,1170726621,243165,2,0.9873,0.11841,0.2605,45.87,35.847,8.13
2026-05-20 14:26:27.365,1170726821,243365,1,0.71704,0.02441,0.84106,14.046,30.0,38.191
2026-05-20 14:26:27.365,1170726821,243365,2,0.88721,0.15527,0.34692,50.939,39.695,33.969
2026-05-20 14:26:27.565,1170727021,243565,1,0.60278,-0.0144,0.95435,26.382,16.397,47.267
2026-05-20 14:26:27.565,1170727021,243565,2,0.86938,0.22729,0.42554,15.122,17.649,26.954
2026-05-20 14:26:28.765,1170728221,243765,1,0.64746,-0.11719,0.96924,-0.267,-4.443,25.771
2026-05-20 14:26:28.765,1170728221,243765,2,0.85986,0.17114,0.44946,3.794,-3.863,4.046
2026-05-20 14:26:28.965,1170728421,243965,1,0.66602,-0.13599,0.92017,9.679,-7.412,-0.977
2026-05-20 14:26:28.965,1170728421,243965,2,0.91333,0.04053,0.50293,1.313,-13.878,3.588
2026-05-20 14:26:28.165,1170727621,244165,1,0.68652,-0.19507,0.95752,-11.641,-21.122,16.939
2026-05-20 14:26:28.165,1170727621,244165,2,0.91406,0.07617,0.43994,0.847,17.55,1.29
2026-05-20 14:26:28.365,1170727821,244365,1,0.70386,-0.16968,0.73096,-1.198,-19.748,10.168
2026-05-20 14:26:28.365,1170727821,244365,2,0.98755,0.06592,0.41821,8.611,-10.389,0.847
2026-05-20 14:26:31.963,1170731419,246963,1,0.72876,-0.19629,0.8418,-11.374,-7.947,-0.649
2026-05-20 14:26:31.963,1170731419,246963,2,0.9165,0.04883,0.42212,1.267,-3.626,-1.824
2026-05-20 14:26:31.204,1170730660,247204,1,0.77148,-0.23608,0.79053,0.168,-0.282,-1.885
2026-05-20 14:26:31.204,1170730660,247204,2,0.90723,0.0647,0.3999,4.595,1.626,-0.229
2026-05-20 14:26:31.404,1170730860,247404,1,0.77319,-0.20679,0.77124,4.42,0.092,0.496
2026-05-20 14:26:31.404,1170730860,247404,2,0.92578,0.0979,0.40015,2.244,4.779,0.244
2026-05-20 14:26:31.604,1170731060,247604,1,0.97705,-0.15356,0.68384,16.802,-37.382,14.504
2026-05-20 14:26:31.604,1170731060,247604,2,1.12134,0.37427,0.97729,53.771,218.588,-20.359
2026-05-20 14:26:32.908,1170732364,247908,1,-0.07617,-0.0271,1.40552,-15.191,176.687,6.366
2026-05-20 14:26:32.908,1170732364,247908,2,-0.28394,0.24487,0.78613,23.511,63.321,13.962
2026-05-20 14:26:32.407,1170731863,248406,1,0.0293,-0.24658,0.61621,-23.237,-150.328,-36.496
2026-05-20 14:26:32.407,1170731863,248406,2,1.17407,0.20923,0.33105,-68.534,-61.939,-49.542
2026-05-20 14:26:35.628,1170735084,251628,1,0.82324,-0.14575,0.65747,-14.931,9.473,3.397
2026-05-20 14:26:35.628,1170735084,251628,2,0.92676,0.00684,0.33008,-7.122,2.336,11.023
2026-05-20 14:26:36.828,1170736284,251828,1,0.80151,-0.20044,0.73682,11.969,8.015,16.351
2026-05-20 14:26:36.828,1170736284,251828,2,0.94824,0.05737,0.31421,27.115,13.687,5.038
2026-05-20 14:26:36.028,1170735484,252028,1,0.89966,-0.12866,0.69312,27.13,28.985,20.634
2026-05-20 14:26:36.028,1170735484,252028,2,0.93164,-0.04639,0.40381,70.015,110.992,42.832
2026-05-20 14:26:36.228,1170735684,252228,1,0.71509,-0.00391,0.87476,37.443,42.969,53.771
2026-05-20 14:26:36.228,1170735684,252228,2,1.26025,0.146,1.00439,157.427,92.366,54.42
2026-05-20 14:26:36.428,1170735884,252428,1,0.08887,0.22168,1.24097,19.863,163.481,-16.771
2026-05-20 14:26:36.428,1170735884,252428,2,0.24194,0.14624,0.80493,-12.023,128.008,10.985
2026-05-20 14:26:36.628,1170736084,252628,1,-0.1875,0.05371,1.37939,-1.237,42.802,4.267
2026-05-20 14:26:36.628,1170736084,252628,2,0.01855,0.29419,1.05566,29.13,45.397,5.382
2026-05-20 14:26:37.828,1170737284,252828,1,-0.26978,0.28638,1.01636,-35.481,-43.679,-10.16
2026-05-20 14:26:37.828,1170737284,252828,2,-0.16895,0.00562,0.15332,-13.145,-156.618,21.58
2026-05-20 14:26:37.028,1170736484,253028,1,0.47314,-0.57397,1.07837,-55.901,-144.107,-13.573
2026-05-20 14:26:37.028,1170736484,253028,2,0.52979,0.09839,0.48389,21.023,-40.405,-17.695
2026-05-20 14:26:37.228,1170736684,253228,1,0.76855,-0.18335,0.47583,-31.229,-123.481,-48.817
2026-05-20 14:26:37.228,1170736684,253228,2,0.82178,-0.07031,0.43872,38.58,-37.466,-29.061
2026-05-20 14:26:37.428,1170736884,253428,1,1.05493,-0.21216,0.31055,-9.771,-37.496,-12.947
2026-05-20 14:26:37.428,1170736884,253428,2,0.95093,0.02588,0.39551,-4.878,-5.153,0.183
2026-05-20 14:26:37.628,1170737084,253628,1,1.08521,-0.17578,0.32227,-7.13,-4.221,-1.496
2026-05-20 14:26:37.628,1170737084,253628,2,0.47534,-0.0415,0.55591,6.137,66.595,-14.542
2026-05-20 14:26:43.089,1170742545,259089,1,0.21533,0.00732,1.07666,37.763,41.0,15.458
2026-05-20 14:26:43.089,1170742545,259089,2,0.50122,0.13623,0.72729,-19.656,66.786,-11.084
2026-05-20 14:26:43.289,1170742745,259289,1,0.12109,0.01733,1.12231,16.557,-64.13,8.695
2026-05-20 14:26:43.289,1170742745,259289,2,0.21997,0.17383,0.7439,84.168,-61.282,31.595
2026-05-20 14:26:43.489,1170742945,259489,1,1.99994,0.10352,1.46729,-57.763,-101.313,-10.107
2026-05-20 14:26:43.489,1170742945,259489,2,1.7561,-0.09399,0.62354,-239.221,101.069,-32.206
2026-05-20 14:26:43.689,1170743145,259689,1,0.54053,0.10498,0.78296,-27.374,-9.092,-43.679
2026-05-20 14:26:43.689,1170743145,259689,2,0.24536,-0.10767,0.28564,-14.534,-42.221,-1.305
2026-05-20 14:26:44.889,1170744345,259889,1,1.09082,-0.2876,0.83667,2.603,-11.74,21.084
2026-05-20 14:26:44.889,1170744345,259889,2,1.12183,0.17896,0.53711,11.573,18.679,6.244
2026-05-20 14:26:44.089,1170743545,260089,1,0.65991,-0.25562,0.80273,11.359,3.626,13.015
2026-05-20 14:26:44.089,1170743545,260089,2,0.79614,0.08154,0.46704,26.405,3.069,8.061
2026-05-20 14:26:37.628,1170737084,253628,1,1.08521,-0.17578,0.32227,-7.13,-4.221,-1.496
2026-05-20 14:26:46.380,1170745836,262380,1,0.5835,-0.17456,1.20972,-5.275,16.275,49.702
2026-05-20 14:26:46.380,1170745836,262380,2,1.15186,0.12549,1.02515,36.878,71.397,53.901
2026-05-20 14:26:46.580,1170746036,262580,1,0.20801,-0.24585,0.89258,20.206,103.0,59.55
2026-05-20 14:26:46.580,1170746036,262580,2,0.00562,0.34888,0.79883,-4.42,131.954,2.588
2026-05-20 14:26:47.780,1170747236,262780,1,-0.23999,-0.18677,1.24658,15.366,48.023,13.42
2026-05-20 14:26:47.780,1170747236,262780,2,-0.09595,0.28784,0.9646,39.931,65.947,-3.023
2026-05-20 14:26:47.980,1170747436,262980,1,-0.15601,-0.07031,1.10107,4.565,19.58,-11.214
2026-05-20 14:26:47.980,1170747436,262980,2,-0.11914,0.18384,0.84619,-51.031,42.427,-39.901
2026-05-20 14:26:47.180,1170746636,263180,1,-0.26392,-0.13916,0.698,33.786,31.489,-16.771
2026-05-20 14:26:47.180,1170746636,263180,2,-0.14648,0.05859,0.62939,33.641,-25.672,-10.656
2026-05-20 14:26:47.380,1170746836,263380,1,-0.40283,-0.21069,1.1875,-4.496,12.908,-6.099
2026-05-20 14:26:47.380,1170746836,263380,2,0.08154,0.06201,1.08887,15.053,-51.992,-8.221
2026-05-20 14:26:47.580,1170747036,263580,1,-0.39966,-0.0481,1.12207,-20.496,-36.527,-17.664
2026-05-20 14:26:47.580,1170747036,263580,2,0.0647,-0.23486,0.823,-37.977,-73.084,-6.695
2026-05-20 14:26:48.780,1170748236,263780,1,-0.23633,0.1604,1.31958,-24.214,-113.855,-7.214
2026-05-20 14:26:48.780,1170748236,263780,2,0.49585,-0.03369,0.68066,-36.672,-160.321,14.305
2026-05-20 14:26:48.980,1170748436,263980,1,0.29077,-0.19336,0.77686,-46.42,-174.267,-39.092
2026-05-20 14:26:48.980,1170748436,263980,2,0.79639,0.00854,0.51904,-3.611,-88.267,-2.496
2026-05-20 14:26:48.180,1170747636,264180,1,0.90527,-0.19141,0.2583,-64.305,-102.855,-45.031
2026-05-20 14:26:48.180,1170747636,264180,2,1.14941,-0.10229,0.17798,-52.244,37.656,-26.74
2026-05-20 14:26:48.380,1170747836,264380,1,1.06934,-0.18799,0.36768,-9.87,-14.565,-9.885
2026-05-20 14:26:48.380,1170747836,264380,2,0.98169,-0.02588,0.28345,6.634,6.763,6.038
2026-05-20 14:26:48.580,1170748036,264580,1,1.0249,-0.16333,0.46484,-0.221,-0.748,0.382
2026-05-20 14:26:48.580,1170748036,264580,2,0.98291,-0.01978,0.32422,1.985,11.511,5.183
2026-05-20 14:26:49.780,1170749236,264780,1,1.104,-0.19116,0.42505,2.55,14.481,-7.107
2026-05-20 14:26:49.780,1170749236,264780,2,0.97852,-0.05176,0.33838,25.771,0.053,8.87
2026-05-20 14:26:49.980,1170749436,264980,1,1.05713,-0.14087,0.35864,15.885,62.412,1.931
2026-05-20 14:26:49.980,1170749436,264980,2,0.9231,-0.01343,0.38379,41.84,69.626,14.473
2026-05-20 14:26:49.180,1170748636,265180,1,0.57397,-0.00122,0.65918,27.107,141.611,22.443
2026-05-20 14:26:49.180,1170748636,265180,2,0.63428,-0.00244,0.56226,-1.511,166.282,20.527
2026-05-20 14:26:49.380,1170748836,265380,1,-0.0271,0.02637,0.9978,21.382,154.641,30.321
2026-05-20 14:26:49.380,1170748836,265380,2,0.49243,0.17114,0.92212,40.542,114.267,6.595
2026-05-20 14:26:49.580,1170749036,265580,1,-0.42212,-0.07471,1.08325,0.389,109.664,13.916
2026-05-20 14:26:49.580,1170749036,265580,2,0.06104,0.16968,0.92529,37.443,88.183,9.855
2026-05-20 14:26:50.780,1170750236,265780,1,-0.70874,0.04297,1.01587,3.725,52.305,11.702
2026-05-20 14:26:50.780,1170750236,265780,2,-0.29858,0.18335,0.94116,-32.29,34.458,-5.748
2026-05-20 14:26:50.980,1170750436,265980,1,-0.56616,-0.00488,0.81763,-12.534,-4.458,-5.191
2026-05-20 14:26:50.980,1170750436,265980,2,-0.27856,0.0542,0.82056,9.435,21.382,3.435
2026-05-20 14:26:50.180,1170749636,266180,1,-0.66748,-0.02051,0.68823,-1.931,-39.183,5.588
2026-05-20 14:26:50.180,1170749636,266180,2,-0.41235,-0.00562,0.41528,51.435,-66.756,26.573
2026-05-20 14:26:50.380,1170749836,266380,1,-0.27002,0.03076,0.79199,-11.939,-110.855,13.641
2026-05-20 14:26:50.380,1170749836,266380,2,0.20361,0.18872,0.70044,69.519,-52.557,37.679
2026-05-20 14:26:50.580,1170750036,266580,1,-0.00903,0.11694,1.26294,-20.458,-163.321,-36.153
2026-05-20 14:26:50.580,1170750036,266580,2,1.29175,0.59009,1.39771,-78.55,-239.076,-28.427
2026-05-20 14:26:51.780,1170751236,266780,1,0.65088,-0.28345,0.62695,-75.618,38.214,-41.0
2026-05-20 14:26:51.780,1170751236,266780,2,0.45361,-0.19849,0.15771,-111.466,81.939,-53.84
2026-05-20 14:26:51.980,1170751436,266980,1,0.37598,-0.26416,0.99927,-9.382,-45.328,-3.336
2026-05-20 14:26:51.980,1170751436,266980,2,1.12573,-0.10718,0.78027,20.107,-65.58,23.221
2026-05-20 14:26:51.180,1170750636,267180,1,0.53784,-0.40625,0.80347,-4.779,19.641,7.374
2026-05-20 14:26:51.180,1170750636,267180,2,0.61987,-0.05493,0.42773,-8.656,22.695,2.237
2026-05-20 14:26:51.380,1170750836,267380,1,0.54199,-0.31543,1.04761,-2.511,-11.252,-7.221
2026-05-20 14:26:51.380,1170750836,267380,2,0.98267,-0.11523,0.67627,-10.344,-18.076,-4.443
2026-05-20 14:26:51.580,1170751036,267580,1,0.45752,-0.31909,0.86646,10.534,13.122,-2.885
2026-05-20 14:26:51.580,1170751036,267580,2,0.75244,-0.06934,0.47046,8.557,7.191,-2.588
2026-05-20 14:26:52.780,1170752236,267780,1,0.60767,-0.29297,0.96704,6.221,5.198,1.58
2026-05-20 14:26:52.780,1170752236,267780,2,0.86597,-0.03638,0.55957,1.122,10.328,-3.115
2026-05-20 14:26:52.980,1170752436,267980,1,0.50317,-0.20483,0.94165,9.168,19.0,6.099
2026-05-20 14:26:52.980,1170752436,267980,2,0.7749,-0.0188,0.60254,6.328,11.443,4.496
2026-05-20 14:26:52.180,1170751636,268180,1,0.41479,-0.21069,1.01514,-5.908,12.893,1.0
2026-05-20 14:26:52.180,1170751636,268180,2,0.72412,-0.01074,0.63745,-9.076,18.534,-2.16
2026-05-20 14:26:52.380,1170751836,268380,1,0.42139,-0.23486,1.01099,-8.565,3.527,-14.664
2026-05-20 14:26:52.380,1170751836,268380,2,0.67944,-0.07983,0.69751,-14.748,14.191,-9.252
2026-05-20 14:26:52.580,1170752036,268580,1,0.39209,-0.27661,0.98535,-3.023,7.397,-2.145
2026-05-20 14:26:52.580,1170752036,268580,2,0.6665,-0.06079,0.7395,-1.855,8.641,-2.878
2026-05-20 14:26:53.780,1170753236,268780,1,0.39502,-0.25098,1.01538,7.771,14.214,3.855
2026-05-20 14:26:53.780,1170753236,268780,2,0.65259,-0.03882,0.73901,4.214,13.298,0.779
2026-05-20 14:26:53.980,1170753436,268980,1,0.33105,-0.20288,0.99707,1.519,1.649,-0.008
2026-05-20 14:26:53.980,1170753436,268980,2,0.60376,-0.00049,0.76001,0.099,-2.221,0.305
2026-05-20 14:26:53.180,1170752636,269180,1,0.31982,-0.1792,1.04883,4.626,2.771,-0.916
2026-05-20 14:26:53.180,1170752636,269180,2,0.59644,0.01221,0.74048,-2.939,-0.45,2.55
2026-05-20 14:26:53.380,1170752836,269380,1,0.37256,-0.19849,1.02002,-4.176,-2.092,-1.939
2026-05-20 14:26:53.380,1170752836,269380,2,0.66113,-0.0542,0.72534,4.901,2.435,-1.168
2026-05-20 14:26:53.580,1170753036,269580,1,0.38208,-0.22266,1.02832,-0.473,0.74,5.435
2026-05-20 14:26:53.580,1170753036,269580,2,0.66016,-0.01465,0.71167,-4.733,-2.374,3.313
2026-05-20 14:26:54.780,1170754236,269780,1,0.37476,-0.23486,1.03516,0.519,4.092,0.679
2026-05-20 14:26:54.780,1170754236,269780,2,0.66577,-0.01514,0.72388,-1.267,0.695,0.733
2026-05-20 14:26:54.980,1170754436,269980,1,0.32104,-0.22778,1.04102,0.252,2.466,0.916
2026-05-20 14:26:54.980,1170754436,269980,2,0.64624,-0.01123,0.74194,-1.267,-0.305,0.641
2026-05-20 14:26:54.180,1170753636,270180,1,0.36035,-0.23975,1.01416,-2.275,3.16,-0.145
2026-05-20 14:26:54.180,1170753636,270180,2,0.62134,-0.03076,0.72192,-1.832,2.573,0.504
2026-05-20 14:26:54.380,1170753836,270380,1,0.33887,-0.22412,1.01147,2.634,1.573,1.954
2026-05-20 14:26:54.380,1170753836,270380,2,0.66235,-0.00171,0.72656,-3.008,-0.962,0.038
2026-05-20 14:26:54.580,1170754036,270580,1,0.32959,-0.2373,1.05273,7.298,8.511,-1.573
2026-05-20 14:26:54.580,1170754036,270580,2,0.62866,-0.02246,0.73584,-5.137,4.015,-2.122
2026-05-20 14:26:55.780,1170755236,270780,1,0.2876,-0.23169,1.06201,5.252,-1.588,2.275
2026-05-20 14:26:55.780,1170755236,270780,2,0.62964,-0.00928,0.73779,6.305,-0.702,1.252
2026-05-20 14:26:55.980,1170755436,270980,1,0.30298,-0.2146,1.05713,-0.534,0.748,-0.58
2026-05-20 14:26:55.980,1170755436,270980,2,0.66016,-0.01685,0.71997,0.42,-1.908,-0.305
2026-05-20 14:26:55.180,1170754636,271180,1,0.32349,-0.16406,1.0874,4.565,3.756,0.397
2026-05-20 14:26:55.180,1170754636,271180,2,0.63794,0.01782,0.74976,-2.817,-0.763,0.71
2026-05-20 14:26:55.380,1170754836,271380,1,0.28003,-0.20044,1.07642,-1.489,-4.466,-0.115
2026-05-20 14:26:55.380,1170754836,271380,2,0.62036,-0.02295,0.77441,5.534,-1.641,2.191
2026-05-20 14:26:55.580,1170755036,271580,1,0.3208,-0.20313,1.04614,2.183,5.298,0.366
2026-05-20 14:26:55.580,1170755036,271580,2,0.66577,-0.00708,0.74023,-4.687,-3.908,-1.527
2026-05-20 14:26:56.780,1170756236,271780,1,0.31299,-0.19458,1.00488,1.908,2.962,-4.42
2026-05-20 14:26:56.780,1170756236,271780,2,0.63184,0.01709,0.72339,3.916,-3.229,-0.885
2026-05-20 14:26:56.980,1170756436,271980,1,0.3252,-0.18091,1.05591,-3.595,-1.115,-4.275
2026-05-20 14:26:56.980,1170756436,271980,2,0.6792,-0.00977,0.72241,-6.137,-1.282,-3.092
2026-05-20 14:26:56.180,1170755636,272180,1,0.32886,-0.16553,1.04858,-0.45,-1.298,-0.908
2026-05-20 14:26:56.180,1170755636,272180,2,0.6748,-0.00391,0.72363,-2.0,2.206,0.282
2026-05-20 14:26:56.380,1170755836,272380,1,0.31592,-0.17749,1.0376,-1.496,0.504,-0.046
2026-05-20 14:26:56.380,1170755836,272380,2,0.64014,0.01074,0.73145,-1.092,1.771,1.282
2026-05-20 14:26:56.580,1170756036,272580,1,0.31128,-0.17969,1.06738,-3.832,0.863,-2.153
2026-05-20 14:26:56.580,1170756036,272580,2,0.64258,,0.73828,0.046,-7.405,1.885
2026-05-20 14:26:57.780,1170757236,272780,1,0.28809,-0.12866,1.10962,3.832,-11.382,-7.45
2026-05-20 14:26:57.780,1170757236,272780,2,0.68994,-0.07544,0.63452,-6.969,-33.573,10.092
2026-05-20 14:26:57.980,1170757436,272980,1,0.42188,-0.21509,0.97949,-3.924,-19.389,6.229
2026-05-20 14:26:57.980,1170757436,272980,2,0.84253,0.05664,0.60425,10.45,-6.275,-2.855
2026-05-20 14:26:57.180,1170756636,273180,1,0.4436,-0.19043,0.9939,6.183,-5.397,-9.893
2026-05-20 14:26:57.180,1170756636,273180,2,0.78223,0.01221,0.57202,-1.198,-5.29,-3.313
2026-05-20 14:26:57.380,1170756836,273380,1,0.51392,-0.12549,0.98193,10.023,-9.954,-1.893
2026-05-20 14:26:57.380,1170756836,273380,2,0.83325,0.00854,0.5918,7.206,-10.321,-2.931
2026-05-20 14:26:57.580,1170757036,273580,1,0.49878,-0.05298,0.99316,17.16,-8.847,8.244
2026-05-20 14:26:57.580,1170757036,273580,2,0.81104,0.13403,0.52246,5.427,-10.916,0.802
2026-05-20 14:26:58.780,1170758236,273780,1,0.57544,-0.03613,0.92285,-1.931,-8.321,-10.038
2026-05-20 14:26:58.780,1170758236,273780,2,0.85474,0.07178,0.52148,-7.962,0.237,-4.313
2026-05-20 14:26:58.980,1170758436,273980,1,0.56543,-0.05396,0.94751,2.214,-1.977,2.26
2026-05-20 14:26:58.980,1170758436,273980,2,0.86011,0.06714,0.49561,3.878,-1.466,2.237
2026-05-20 14:26:58.180,1170757636,274180,1,0.55591,-0.04102,0.96777,-1.542,-0.336,3.16
2026-05-20 14:26:58.180,1170757636,274180,2,0.84717,0.09033,0.51099,-6.046,3.321,0.855
2026-05-20 14:26:58.380,1170757836,274380,1,0.54492,-0.07129,0.97656,-3.344,2.008,-2.198
2026-05-20 14:26:58.380,1170757836,274380,2,0.84473,0.05884,0.50195,-0.305,0.321,1.389
2026-05-20 14:26:58.580,1170758036,274580,1,0.54883,-0.06567,0.97656,-0.252,-0.588,-0.153
2026-05-20 14:26:58.580,1170758036,274580,2,0.85352,0.07471,0.49463,-0.802,-0.076,1.855
2026-05-20 14:26:59.780,1170759236,274780,1,0.54956,-0.07324,0.94409,-1.794,-0.13,-0.519
2026-05-20 14:26:59.780,1170759236,274780,2,0.85376,0.06323,0.50171,-4.496,-3.603,-0.145
2026-05-20 14:26:59.980,1170759436,274980,1,0.55933,-0.0625,0.96021,-0.023,1.137,-0.977
2026-05-20 14:26:59.980,1170759436,274980,2,0.85938,0.05176,0.49097,-4.008,-0.198,-0.702
2026-05-20 14:26:59.180,1170758636,275180,1,0.54761,-0.06494,0.94434,-0.893,2.191,-0.534
2026-05-20 14:26:59.180,1170758636,275180,2,0.84717,0.0564,0.49683,3.153,0.214,0.863
2026-05-20 14:26:59.380,1170758836,275380,1,0.54224,-0.07373,0.99487,1.275,0.992,1.855
2026-05-20 14:26:59.380,1170758836,275380,2,0.85742,0.06323,0.49365,-2.687,-1.298,-0.42
2026-05-20 14:26:59.580,1170759036,275580,1,0.56812,-0.05029,0.96045,0.031,0.893,-3.221
2026-05-20 14:26:59.580,1170759036,275580,2,0.85815,0.05542,0.49292,-3.382,3.519,-0.153
2026-05-20 14:27:00.780,1170760236,275780,1,0.55566,-0.05566,0.95825,-1.878,3.099,-1.702
2026-05-20 14:27:00.780,1170760236,275780,2,0.85669,0.06714,0.50073,-1.374,-0.74,0.107
2026-05-20 14:27:00.980,1170760436,275980,1,0.53979,-0.06396,0.96631,0.481,4.122,1.748
2026-05-20 14:27:00.980,1170760436,275980,2,0.83936,0.05566,0.53174,2.664,5.229,0.992
2026-05-20 14:27:00.180,1170759636,276180,1,0.56592,-0.05786,0.95288,-1.786,3.74,-1.542
2026-05-20 14:27:00.180,1170759636,276180,2,0.8606,0.05054,0.5166,-4.573,9.137,0.16
2026-05-20 14:27:00.380,1170759836,276380,1,0.8147,-0.10571,0.9563,6.672,-1.542,12.168
2026-05-20 14:27:00.380,1170759836,276380,2,1.25,-0.07471,0.94165,-13.595,48.038,19.992
2026-05-20 14:27:00.580,1170760036,276580,1,0.04663,0.12061,1.26221,3.374,148.229,57.237
2026-05-20 14:27:00.580,1170760036,276580,2,0.38159,0.18237,0.86816,31.672,116.221,69.74
2026-05-20 14:27:01.780,1170761236,276780,1,-0.28467,-0.44385,1.26416,-22.481,48.511,11.282
2026-05-20 14:27:01.780,1170761236,276780,2,0.02295,-0.09326,1.0708,37.046,20.153,13.947
2026-05-20 14:27:01.980,1170761436,276980,1,-0.21777,-0.19434,1.17651,22.351,3.008,1.466
2026-05-20 14:27:01.980,1170761436,276980,2,-0.15918,-0.01343,0.46558,-0.359,-23.351,-11.863
2026-05-20 14:27:01.180,1170760636,277180,1,-0.49414,-0.08936,0.57202,12.573,-112.153,-25.786
2026-05-20 14:27:01.180,1170760636,277180,2,0.62793,0.03174,0.40869,20.87,-59.053,-8.832
2026-05-20 14:27:01.380,1170760836,277380,1,0.39209,-0.03149,0.61084,-51.244,-151.038,-34.374
2026-05-20 14:27:01.380,1170760836,277380,2,0.77808,-0.04468,0.42749,-25.382,-71.733,-13.435
2026-05-20 14:27:01.580,1170761036,277580,1,0.84375,-0.39697,0.28784,-7.366,-53.237,-16.641
2026-05-20 14:27:01.580,1170761036,277580,2,0.96411,-0.17163,0.24243,46.099,-33.832,18.878
2026-05-20 14:27:02.780,1170762236,277780,1,0.98901,-0.18945,0.28394,11.038,-9.145,-11.008
2026-05-20 14:27:02.780,1170762236,277780,2,0.9502,0.04736,0.28711,-7.595,-6.344,-15.252
2026-05-20 14:27:02.980,1170762436,277980,1,0.94312,-0.17822,0.29785,23.885,30.565,-1.137
2026-05-20 14:27:02.980,1170762436,277980,2,0.96851,0.09448,0.19385,-5.786,14.763,-2.015
2026-05-20 14:27:02.180,1170761636,278180,1,1.04565,-0.17725,0.39673,18.954,19.893,4.374
2026-05-20 14:27:02.180,1170761636,278180,2,0.86987,0.12158,0.479,-4.344,21.573,-17.473
2026-05-20 14:27:02.380,1170761836,278380,1,0.99829,-0.12524,0.42993,3.977,83.618,1.908
2026-05-20 14:27:02.380,1170761836,278380,2,0.89624,0.06323,0.51001,13.015,7.557,17.359
2026-05-20 14:27:02.580,1170762036,278580,1,0.53418,-0.08057,0.68066,22.885,112.824,24.031
2026-05-20 14:27:02.580,1170762036,278580,2,0.5957,0.10864,0.73242,0.641,119.206,4.58
2026-05-20 14:27:03.780,1170763236,278780,1,0.0603,-0.09741,0.98975,-0.015,136.359,31.374
2026-05-20 14:27:03.780,1170763236,278780,2,0.20801,0.12695,1.1377,9.748,111.328,23.832
2026-05-20 14:27:03.980,1170763436,278980,1,-0.45239,-0.18091,1.2312,12.893,139.198,13.695
2026-05-20 14:27:03.980,1170763436,278980,2,-0.08765,0.03418,0.89526,-18.435,102.595,-20.344
2026-05-20 14:27:03.180,1170762636,279180,1,-0.6626,-0.04248,1.01465,12.847,53.221,8.321
2026-05-20 14:27:03.180,1170762636,279180,2,-0.28882,0.11475,0.79126,-2.656,7.679,13.634
2026-05-20 14:27:03.399,1170762855,279398,1,-0.5896,-0.05444,0.74365,-6.794,11.313,7.786
2026-05-20 14:27:03.399,1170762855,279398,2,-0.35156,0.10107,0.55054,-13.336,-2.878,14.565
2026-05-20 14:27:03.598,1170763054,279598,1,-0.42139,-0.07227,0.74829,-25.267,-129.901,-11.55
2026-05-20 14:27:03.598,1170763054,279598,2,0.09668,-0.06421,0.66113,-38.985,-236.893,-5.687
2026-05-20 14:27:04.798,1170764254,279798,1,-0.15283,-0.09131,1.02856,-11.947,-126.252,-17.534
2026-05-20 14:27:04.798,1170764254,279798,2,0.29541,0.16431,0.73706,-0.252,-131.687,-20.389
2026-05-20 14:27:04.998,1170764454,279998,1,1.51489,-0.28101,1.82056,-59.954,-97.702,-67.916
2026-05-20 14:27:04.998,1170764454,279998,2,1.38354,-0.0564,0.80664,-143.802,32.344,-41.496
2026-05-20 14:27:04.198,1170763654,280198,1,0.34766,-0.21729,0.57739,-11.618,3.13,-19.26
2026-05-20 14:27:04.198,1170763654,280198,2,0.57129,-0.0415,0.29297,17.481,-143.115,6.634
2026-05-20 14:27:04.398,1170763854,280398,1,0.91309,-0.33325,0.91528,-5.198,-16.107,-1.168
2026-05-20 14:27:04.398,1170763854,280398,2,0.94678,-0.14209,0.58081,32.58,15.58,26.061
2026-05-20 14:27:04.598,1170764054,280598,1,0.53076,-0.17969,0.85474,27.603,6.847,5.45
2026-05-20 14:27:04.598,1170764054,280598,2,0.96729,-0.03345,0.61572,-10.893,28.695,-1.542
2026-05-20 14:27:05.811,1170765267,280811,1,0.62549,-0.18433,0.84839,17.435,29.603,4.206
2026-05-20 14:27:05.811,1170765267,280811,2,0.90552,-0.15723,0.67651,14.191,39.565,3.519
2026-05-20 14:27:05.011,1170764467,281011,1,0.40015,0.0835,1.24976,55.015,125.672,36.359
2026-05-20 14:27:05.011,1170764467,281011,2,0.41577,0.19189,0.8208,6.16,158.153,36.466
2026-05-20 14:27:05.211,1170764667,281211,1,-0.29346,-0.00562,1.40063,-33.832,58.511,8.84
2026-05-20 14:27:05.211,1170764667,281211,2,-0.02271,0.00586,0.86914,-29.099,-8.092,32.229
2026-05-20 14:27:05.411,1170764867,281411,1,-0.28711,-0.26025,1.27075,-28.336,-92.985,-15.282
2026-05-20 14:27:05.411,1170764867,281411,2,0.48901,0.01221,0.82959,-25.115,-182.931,-15.145
2026-05-20 14:27:05.611,1170765067,281611,1,0.2666,-0.10571,0.67236,-16.893,-175.183,-34.412
2026-05-20 14:27:05.611,1170765067,281611,2,0.60449,0.01733,0.17065,-58.031,-125.382,-56.649
2026-05-20 14:27:06.811,1170766267,281811,1,0.88379,-0.03613,-0.40649,66.916,-145.282,-7.939
2026-05-20 14:27:06.811,1170766267,281811,2,1.20215,0.28467,0.75293,-24.595,-110.092,-60.137
2026-05-20 14:27:06.011,1170765467,282011,1,0.90869,-0.2168,0.32007,10.26,-32.359,3.977
2026-05-20 14:27:06.011,1170765467,282011,2,1.02026,0.06543,0.29492,9.076,-33.13,3.45
2026-05-20 14:27:06.211,1170765667,282211,1,1.26636,-0.16455,0.18262,-6.664,16.092,-5.771
2026-05-20 14:27:06.211,1170765667,282211,2,1.04102,0.05737,0.18457,5.237,30.985,9.023
2026-05-20 14:27:06.411,1170765867,282411,1,0.96191,-0.16968,0.30786,4.229,69.397,-5.26
2026-05-20 14:27:06.411,1170765867,282411,2,0.93311,0.04102,0.14917,12.153,52.947,13.076
2026-05-20 14:27:06.611,1170766067,282611,1,0.04175,-0.05103,0.31445,20.412,209.115,29.573
2026-05-20 14:27:06.611,1170766067,282611,2,0.51489,0.04517,0.28809,118.26,237.756,35.863
2026-05-20 14:27:07.811,1170767267,282811,1,0.12939,-0.17212,0.82813,-26.038,77.885,9.893
2026-05-20 14:27:07.811,1170767267,282811,2,0.39746,-0.05981,0.89014,0.855,39.061,6.0
2026-05-20 14:27:07.011,1170766467,283011,1,-0.14233,-0.07153,1.12646,6.16,58.443,26.878
2026-05-20 14:27:07.011,1170766467,283011,2,0.09961,-0.04297,0.69702,-61.443,-17.122,-29.588
2026-05-20 14:27:07.211,1170766667,283211,1,-0.18921,-0.20264,1.37402,25.794,-130.664,-19.489
2026-05-20 14:27:07.211,1170766667,283211,2,1.72021,0.20532,1.4563,-22.115,-250.137,7.366
2026-05-20 14:27:07.411,1170766867,283411,1,0.83252,-0.08008,0.7998,45.237,36.046,4.969
2026-05-20 14:27:07.411,1170766867,283411,2,0.27905,0.06982,0.1814,15.458,65.313,-29.771
2026-05-20 14:27:07.655,1170767111,283655,1,0.41724,0.1189,0.99854,-8.183,-24.527,-11.962
2026-05-20 14:27:07.655,1170767111,283655,2,1.11743,0.271,0.81641,-16.069,-74.672,3.168
2026-05-20 14:27:08.855,1170768311,283855,1,0.47241,-0.02222,0.95605,-10.672,25.878,-2.855
2026-05-20 14:27:08.855,1170768311,283855,2,0.62085,0.06934,0.47217,-12.855,29.382,-6.664
2026-05-20 14:27:08.055,1170767511,284055,1,0.36426,-0.02368,1.06494,-8.382,3.687,0.061
2026-05-20 14:27:08.055,1170767511,284055,2,0.79541,0.08643,0.79883,-10.725,1.206,6.763
2026-05-20 14:27:08.255,1170767711,284255,1,0.30298,-0.104,1.02002,-22.954,15.74,-10.588
2026-05-20 14:27:08.255,1170767711,284255,2,0.59863,0.00293,0.59595,-21.427,13.015,-4.008
2026-05-20 14:27:08.455,1170767911,284455,1,0.47168,-0.18359,1.11206,-10.397,-8.176,-10.977
2026-05-20 14:27:08.455,1170767911,284455,2,0.7439,0.01294,0.74585,-16.16,0.87,-7.313
2026-05-20 14:27:08.655,1170768111,284655,1,0.38525,-0.14258,0.94409,-7.802,6.29,-23.214
2026-05-20 14:27:08.655,1170768111,284655,2,0.72583,-0.04468,0.7124,-8.878,2.26,-9.672
2026-05-20 14:27:09.855,1170769311,284855,1,0.33716,-0.09888,1.06104,6.656,21.046,5.809
2026-05-20 14:27:09.855,1170769311,284855,2,0.60791,-0.04272,0.75928,12.511,23.397,6.397
2026-05-20 14:27:09.055,1170768511,285055,1,0.19165,-0.06982,1.11157,-5.427,-4.427,14.176
2026-05-20 14:27:09.055,1170768511,285055,2,0.60571,0.03198,0.79004,-0.931,0.298,5.947
2026-05-20 14:27:09.255,1170768711,285255,1,0.52539,-0.21167,1.2041,-4.947,18.198,2.336
2026-05-20 14:27:09.255,1170768711,285255,2,0.81372,-0.09741,1.20386,-6.71,103.687,3.626
2026-05-20 14:27:09.455,1170768911,285455,1,-0.05933,-0.02661,1.22021,24.679,43.809,31.137
2026-05-20 14:27:09.455,1170768911,285455,2,0.29468,-0.01733,0.84375,-1.252,50.947,29.748
2026-05-20 14:27:09.655,1170769111,285655,1,-0.00244,-0.08521,1.15405,-28.29,-0.664,3.634
2026-05-20 14:27:09.655,1170769111,285655,2,0.17993,0.01294,1.03394,-37.427,-8.305,8.107
2026-05-20 14:27:10.855,1170770311,285855,1,-0.19678,-0.12866,1.19629,10.885,-21.244,-3.412
2026-05-20 14:27:10.855,1170770311,285855,2,0.40918,-0.06323,0.71118,-21.527,-91.45,-13.366
2026-05-20 14:27:10.055,1170769511,286055,1,0.20532,-0.08643,0.9519,-36.809,-125.122,-26.855
2026-05-20 14:27:10.055,1170769511,286055,2,0.56665,-0.02246,0.31665,-27.374,-98.695,-23.351
2026-05-20 14:27:10.255,1170769711,286255,1,0.84741,-0.22925,0.33643,-51.885,-187.168,-50.267
2026-05-20 14:27:10.255,1170769711,286255,2,0.8728,-0.05591,0.46069,-59.565,13.908,-66.344
2026-05-20 14:27:10.455,1170769911,286455,1,1.06616,-0.24683,0.45728,-0.344,12.313,4.771
2026-05-20 14:27:10.455,1170769911,286455,2,0.98291,0.01025,0.25513,20.618,23.809,13.802
2026-05-20 14:27:10.655,1170770111,286655,1,0.91309,-0.23438,0.58374,-3.466,15.527,-0.71
2026-05-20 14:27:10.655,1170770111,286655,2,0.87378,-0.05737,0.42627,8.427,25.13,2.344
2026-05-20 14:27:11.885,1170771341,286885,1,0.80249,-0.08154,0.64771,-3.176,54.489,21.641
2026-05-20 14:27:11.885,1170771341,286885,2,0.87769,-0.06982,0.53955,1.557,23.267,27.87
2026-05-20 14:27:11.085,1170770541,287085,1,0.40259,-0.18115,0.70313,17.191,120.695,63.74
2026-05-20 14:27:11.085,1170770541,287085,2,0.78345,-0.13452,0.52075,32.565,85.023,33.366
2026-05-20 14:27:11.285,1170770741,287285,1,-0.04272,-0.02466,0.80737,41.023,123.809,42.0
2026-05-20 14:27:11.285,1170770741,287285,2,0.25977,0.08203,0.48242,29.153,113.252,19.885
2026-05-20 14:27:11.485,1170770941,287485,1,-0.302,-0.09619,1.06934,5.176,47.802,19.985
2026-05-20 14:27:11.485,1170770941,287485,2,0.06665,0.0647,0.65454,-23.824,37.771,-6.382
2026-05-20 14:27:11.685,1170771141,287685,1,-0.37183,-0.19263,1.26953,-46.519,-110.137,8.649
2026-05-20 14:27:11.685,1170771141,287685,2,0.19189,0.21899,0.92163,-49.863,-154.427,1.298
2026-05-20 14:27:12.885,1170772341,287885,1,0.75757,-0.64331,1.44385,-74.634,-54.344,-42.168
2026-05-20 14:27:12.885,1170772341,287885,2,1.08984,-0.61377,1.02954,140.695,31.931,69.649
2026-05-20 14:27:12.085,1170771541,288085,1,0.13306,-0.03906,0.89795,-9.611,-18.695,-13.656
2026-05-20 14:27:12.085,1170771541,288085,2,0.65527,-0.03833,0.61719,-11.107,-47.061,-13.725
2026-05-20 14:27:12.313,1170771769,288313,1,0.57153,-0.44043,1.00586,-5.191,-47.74,-17.038
2026-05-20 14:27:12.313,1170771769,288313,2,0.92749,-0.03125,0.62866,19.244,35.771,-6.038
2026-05-20 14:27:12.513,1170771969,288513,1,0.64526,-0.38965,0.69409,1.374,-54.771,-12.0
2026-05-20 14:27:12.513,1170771969,288513,2,0.86426,-0.04102,0.36084,16.481,-23.053,-11.374
2026-05-20 14:27:12.713,1170772169,288713,1,0.80859,-0.29419,0.74292,-6.458,-21.16,-17.099
2026-05-20 14:27:12.713,1170772169,288713,2,0.97437,0.01636,0.38403,-26.053,-20.053,-16.71
2026-05-20 14:27:13.913,1170773369,288913,1,0.77246,-0.19531,0.6543,1.687,-17.977,-17.191
2026-05-20 14:27:13.913,1170773369,288913,2,0.91553,0.09448,0.28345,-23.634,-17.58,-18.687
2026-05-20 14:27:13.113,1170772569,289113,1,0.92651,-0.20996,0.65381,-12.221,-12.969,-17.908
2026-05-20 14:27:13.113,1170772569,289113,2,0.96802,0.10522,0.2583,-13.13,4.023,-16.832
2026-05-20 14:27:13.313,1170772769,289313,1,0.89624,-0.10181,0.55762,-7.275,-2.305,-17.626
2026-05-20 14:27:13.313,1170772769,289313,2,0.9502,0.13916,0.30518,-17.107,-6.252,-13.435
2026-05-20 14:27:13.513,1170772969,289513,1,0.93262,-0.12476,0.66748,-6.595,0.366,-14.802
2026-05-20 14:27:13.513,1170772969,289513,2,0.99243,0.14038,0.2793,6.924,-13.786,-4.115
2026-05-20 14:27:13.713,1170773169,289713,1,0.94287,-0.13843,0.62695,-1.458,8.947,-6.885
2026-05-20 14:27:13.713,1170773169,289713,2,0.94312,0.08862,0.20435,12.344,12.832,6.427
2026-05-20 14:27:14.916,1170774372,289916,1,0.90918,-0.14209,0.61035,1.321,2.489,3.641
2026-05-20 14:27:14.916,1170774372,289916,2,0.98193,0.09741,0.25684,2.779,0.534,1.313
2026-05-20 14:27:14.116,1170773572,290116,1,0.89893,-0.15283,0.63135,1.305,2.763,2.443
2026-05-20 14:27:14.116,1170773572,290116,2,0.98145,0.13623,0.21875,5.634,7.473,-0.947
2026-05-20 14:27:14.316,1170773772,290316,1,0.85962,-0.13208,0.65332,-1.809,-1.458,0.58
2026-05-20 14:27:14.316,1170773772,290316,2,0.95093,0.1687,0.22314,-3.29,-14.076,-5.557
2026-05-20 14:27:14.516,1170773972,290516,1,0.87671,-0.07056,0.63452,-7.489,-4.939,-3.885
2026-05-20 14:27:14.516,1170773972,290516,2,0.98853,0.15234,0.23511,-6.527,-9.13,4.885
2026-05-20 14:27:14.716,1170774172,290716,1,0.89185,-0.13696,0.56714,-4.244,7.771,-21.496
2026-05-20 14:27:14.716,1170774172,290716,2,0.97705,0.14697,0.17505,-17.87,-13.221,1.084
2026-05-20 14:27:15.916,1170775372,290916,1,0.90698,-0.0791,0.58716,-6.137,-6.023,-21.221
2026-05-20 14:27:15.916,1170775372,290916,2,1.06787,0.0957,-0.00366,-18.313,-24.321,-2.756
2026-05-20 14:27:15.116,1170774572,291116,1,0.9104,-0.01538,0.59351,-8.336,-0.855,-7.344
2026-05-20 14:27:15.116,1170774572,291116,2,1.00757,0.14453,0.09473,-14.191,-8.137,-5.115
2026-05-20 14:27:15.316,1170774772,291316,1,0.91895,-0.01563,0.6123,-3.13,-10.779,4.015
2026-05-20 14:27:15.316,1170774772,291316,2,1.00732,0.18042,0.1272,-1.679,17.977,-5.282
2026-05-20 14:27:15.516,1170774972,291516,1,1.00415,-0.04224,0.56299,-22.641,7.137,6.87
2026-05-20 14:27:15.516,1170774972,291516,2,1.02295,0.19092,0.12744,-42.321,-19.687,2.061
2026-05-20 14:27:15.716,1170775172,291716,1,0.92529,-0.12402,0.61328,-14.305,20.756,-9.366
2026-05-20 14:27:15.716,1170775172,291716,2,1.00366,0.05957,0.09204,-12.977,5.504,-8.458
2026-05-20 14:27:16.916,1170776372,291916,1,0.85742,-0.09351,0.66309,5.191,-0.191,6.847
2026-05-20 14:27:16.916,1170776372,291916,2,1.00317,0.11426,0.15063,18.733,13.695,9.878
2026-05-20 14:27:16.116,1170775572,292116,1,0.89771,-0.07471,0.67334,10.832,-1.664,12.557
2026-05-20 14:27:16.116,1170775572,292116,2,0.98145,0.16138,0.14502,10.794,6.427,4.099
2026-05-20 14:27:16.316,1170775772,292316,1,0.85547,-0.06104,0.6582,-4.626,-2.641,5.885
2026-05-20 14:27:16.316,1170775772,292316,2,1.00879,0.12134,0.15576,1.061,2.153,4.229
2026-05-20 14:27:16.516,1170775972,292516,1,0.92188,-0.15088,0.59741,-2.107,-3.435,8.45
2026-05-20 14:27:16.516,1170775972,292516,2,1.0791,0.03101,0.13354,0.092,-4.443,13.634
2026-05-20 14:27:16.716,1170776172,292716,1,0.89771,-0.31323,0.58545,36.351,11.634,18.618
2026-05-20 14:27:16.716,1170776172,292716,2,1.00098,0.01855,0.18848,39.214,51.779,10.977
2026-05-20 14:27:17.916,1170777372,292916,1,0.91138,-0.23242,0.59985,22.061,37.565,22.962
2026-05-20 14:27:17.916,1170777372,292916,2,0.99854,-0.01343,0.37817,37.473,30.267,-2.687
2026-05-20 14:27:17.116,1170776572,293116,1,0.58569,0.06885,0.89453,18.405,37.962,21.099
2026-05-20 14:27:17.116,1170776572,293116,2,0.70508,0.27271,0.46973,13.58,24.695,12.046
2026-05-20 14:27:17.316,1170776772,293316,1,0.69995,-0.14185,0.87061,-12.87,-2.527,-14.313
2026-05-20 14:27:17.316,1170776772,293316,2,0.79102,0.05493,0.47998,-10.885,14.748,-2.298
2026-05-20 14:27:17.516,1170776972,293516,1,0.75146,-0.20557,0.81348,-5.626,0.427,4.519
2026-05-20 14:27:17.516,1170776972,293516,2,0.89478,0.00537,0.49072,-4.115,-13.008,8.84
2026-05-20 14:27:17.716,1170777172,293716,1,0.7334,-0.19897,0.79321,2.313,1.55,6.252
2026-05-20 14:27:17.716,1170777172,293716,2,0.88354,0.08374,0.45654,-3.992,0.962,1.718
2026-05-20 14:27:18.916,1170778372,293916,1,0.78418,-0.24292,0.79883,-18.58,0.878,-13.511
2026-05-20 14:27:18.916,1170778372,293916,2,0.90063,-0.01196,0.41699,-24.176,-5.298,-8.985
2026-05-20 14:27:18.116,1170777572,294116,1,0.81543,-0.44604,0.77197,37.634,30.359,-12.0
2026-05-20 14:27:18.116,1170777572,294116,2,0.85229,-0.12939,0.5481,70.443,112.275,-13.038
2026-05-20 14:27:18.316,1170777772,294316,1,0.98169,0.45264,0.87817,44.366,119.145,-31.374
2026-05-20 14:27:18.316,1170777772,294316,2,0.59473,0.21899,0.90967,22.733,247.489,53.427
2026-05-20 14:27:18.516,1170777972,294516,1,-0.07422,-0.01831,1.16577,-17.855,154.458,15.374
2026-05-20 14:27:18.516,1170777972,294516,2,-0.25928,-0.07788,1.00684,2.58,84.939,7.397
2026-05-20 14:27:19.882,1170779338,294881,1,-0.57568,0.19116,0.99219,-19.16,37.366,16.702
2026-05-20 14:27:19.882,1170779338,294881,2,-0.60327,0.323,0.07324,-8.481,-158.13,13.779
2026-05-20 14:27:19.081,1170778537,295081,1,-0.11133,-0.71851,1.21948,-131.672,-124.763,-37.359
2026-05-20 14:27:19.081,1170778537,295081,2,0.16309,0.12158,0.75977,23.336,6.45,31.176
2026-05-20 14:27:19.281,1170778737,295281,1,0.20508,-0.27661,0.73413,-34.71,-151.275,-66.435
2026-05-20 14:27:19.281,1170778737,295281,2,0.77271,-0.11401,0.65771,-59.893,-60.87,-66.252
2026-05-20 14:27:19.481,1170778937,295481,1,0.65259,-0.04761,0.60596,-48.122,-122.992,-58.565
2026-05-20 14:27:19.481,1170778937,295481,2,0.77075,-0.09009,0.53296,-24.0,-9.351,-40.511
2026-05-20 14:27:19.681,1170779137,295681,1,0.93188,-0.2041,0.42139,-24.794,-62.885,-11.58
2026-05-20 14:27:19.681,1170779137,295681,2,0.96069,-0.03809,0.4895,3.511,1.45,4.275
2026-05-20 14:27:20.881,1170780337,295881,1,1.073,-0.24707,0.28955,-16.183,-14.466,-1.023
2026-05-20 14:27:20.881,1170780337,295881,2,0.86499,0.03491,0.54004,2.221,5.16,-2.588
2026-05-20 14:27:20.081,1170779537,296081,1,1.01636,-0.20996,0.35693,-2.618,7.496,-7.298
2026-05-20 14:27:20.081,1170779537,296081,2,0.93555,0.03125,0.49512,4.336,-23.275,12.443
2026-05-20 14:27:20.281,1170779737,296281,1,0.85156,-0.06323,0.20898,21.565,48.099,3.481
2026-05-20 14:27:20.281,1170779737,296281,2,0.54102,0.11865,0.10571,10.092,-34.252,21.252
2026-05-20 14:27:20.481,1170779937,296481,1,0.61328,-0.21338,0.46802,-8.679,27.969,0.489
2026-05-20 14:27:20.481,1170779937,296481,2,0.74268,0.0769,0.38306,31.763,62.794,10.031
2026-05-20 14:27:20.681,1170780137,296681,1,0.65747,-0.13672,0.54688,7.695,26.916,-3.931
2026-05-20 14:27:20.681,1170780137,296681,2,0.54248,-0.03735,0.4126,20.015,5.092,3.382
2026-05-20 14:27:21.881,1170781337,296881,1,1.99994,-0.12207,1.04517,21.779,-151.321,1.695
2026-05-20 14:27:21.881,1170781337,296881,2,0.69336,0.18237,0.1355,-21.832,250.031,50.626
2026-05-20 14:27:21.081,1170780537,297081,1,0.42383,0.05469,0.61523,7.214,25.237,4.038
2026-05-20 14:27:21.081,1170780537,297081,2,0.51636,0.03345,0.41895,17.115,-70.954,-22.435
2026-05-20 14:27:21.281,1170780737,297281,1,1.18018,-0.13086,0.92651,-15.13,-72.794,5.298
2026-05-20 14:27:21.281,1170780737,297281,2,0.86279,0.14795,0.31274,10.321,36.634,24.374
2026-05-20 14:27:21.481,1170780937,297481,1,0.78076,-0.12769,0.44897,-27.626,-20.779,6.924
2026-05-20 14:27:21.481,1170780937,297481,2,1.08765,0.07349,0.42627,-16.832,-18.405,2.74
2026-05-20 14:27:21.681,1170781137,297681,1,0.88403,-0.19043,0.61694,5.977,12.153,1.634
2026-05-20 14:27:21.681,1170781137,297681,2,0.96509,0.09399,0.26807,12.847,2.237,4.489
2026-05-20 14:27:22.881,1170782337,297881,1,0.93359,-0.17285,0.68604,3.191,8.802,-3.061
2026-05-20 14:27:22.881,1170782337,297881,2,0.9939,0.04956,0.35596,0.565,16.344,-2.237
2026-05-20 14:27:22.081,1170781537,298081,1,0.85962,-0.13037,0.67773,-2.832,4.26,-3.321
2026-05-20 14:27:22.081,1170781537,298081,2,0.96167,0.05786,0.35474,0.802,-2.786,-5.252
2026-05-20 14:27:22.281,1170781737,298281,1,0.84229,-0.12158,0.67993,-0.916,0.366,-5.473
2026-05-20 14:27:22.281,1170781737,298281,2,0.91162,0.07983,0.36304,-1.237,-6.771,-5.473
2026-05-20 14:27:22.481,1170781937,298481,1,0.86499,-0.13062,0.67114,-5.099,0.908,-2.74
2026-05-20 14:27:22.481,1170781937,298481,2,0.92041,0.09912,0.37207,-1.458,4.634,-1.023
2026-05-20 14:27:22.681,1170782137,298681,1,0.87891,-0.16406,0.6604,-2.885,0.145,-1.221
2026-05-20 14:27:22.681,1170782137,298681,2,0.94531,0.09399,0.34351,-3.634,0.771,-1.229
2026-05-20 14:27:23.881,1170783337,298881,1,0.85107,-0.12109,0.66797,-0.008,2.71,-0.603
2026-05-20 14:27:23.881,1170783337,298881,2,0.93042,0.10596,0.35767,-4.069,-3.58,-0.084
2026-05-20 14:27:23.081,1170782537,299081,1,0.87769,-0.13354,0.67188,1.458,5.046,1.061
2026-05-20 14:27:23.081,1170782537,299081,2,0.92749,0.09717,0.35913,-2.718,1.412,0.939
2026-05-20 14:27:23.281,1170782737,299281,1,0.85571,-0.13916,0.69165,0.191,1.687,1.916
2026-05-20 14:27:23.281,1170782737,299281,2,0.93701,0.08301,0.37573,-2.191,-1.214,0.908
2026-05-20 14:27:23.481,1170782937,299481,1,0.854,-0.13721,0.68896,1.58,3.634,0.328
2026-05-20 14:27:23.481,1170782937,299481,2,0.927,0.08887,0.38013,-1.122,0.374,0.221
2026-05-20 14:27:23.681,1170783137,299681,1,0.85986,-0.13306,0.69482,-1.931,2.16,-1.473
2026-05-20 14:27:23.681,1170783137,299681,2,0.91357,0.07471,0.35132,0.282,3.229,0.855
2026-05-20 14:27:24.881,1170784337,299881,1,0.86108,-0.12427,0.70874,0.153,0.008,-0.779
2026-05-20 14:27:24.881,1170784337,299881,2,0.92139,0.09717,0.36475,5.053,3.237,2.29
2026-05-20 14:27:24.081,1170783537,300081,1,0.85278,-0.13403,0.68799,-1.511,0.069,1.427
2026-05-20 14:27:24.081,1170783537,300081,2,0.94165,0.08154,0.36279,0.29,1.687,1.366
2026-05-20 14:27:24.350,1170783806,300350,1,0.84253,-0.14087,0.69312,0.618,-0.206,1.321
2026-05-20 14:27:24.350,1170783806,300350,2,0.91943,0.09033,0.36987,-1.786,1.176,0.58
2026-05-20 14:27:24.550,1170784006,300550,1,0.86255,-0.12915,0.70142,0.924,0.618,-1.145
2026-05-20 14:27:24.550,1170784006,300550,2,0.92896,0.09741,0.35449,2.374,1.115,0.779
2026-05-20 14:27:25.750,1170785206,300750,1,0.93848,-0.21069,0.61499,22.702,3.817,-4.053
2026-05-20 14:27:25.750,1170785206,300750,2,0.94263,0.01245,0.41748,26.191,32.031,4.122
2026-05-20 14:27:25.950,1170785406,300950,1,1.01685,0.03223,0.70825,18.046,16.237,19.076
2026-05-20 14:27:25.950,1170785406,300950,2,0.88574,0.16357,0.60791,18.74,67.947,24.504
2026-05-20 14:27:25.150,1170784606,301150,1,0.59229,0.03076,0.76563,-3.473,-14.656,-11.26
2026-05-20 14:27:25.150,1170784606,301150,2,0.82495,0.05444,0.63647,-44.076,-95.168,-19.458
2026-05-20 14:27:25.350,1170784806,301350,1,1.47705,-0.323,0.75122,6.397,38.718,30.13
2026-05-20 14:27:25.350,1170784806,301350,2,0.56323,0.10376,0.63623,-2.969,148.718,4.87
2026-05-20 14:27:26.832,1170786288,301832,1,0.70825,-0.50659,0.90942,-30.198,-73.916,1.878
2026-05-20 14:27:26.832,1170786288,301832,2,0.84912,0.01001,0.73291,-10.153,-68.756,3.336
2026-05-20 14:27:26.032,1170785488,302032,1,0.69214,-0.3208,0.3916,31.122,-30.412,-31.649
2026-05-20 14:27:26.032,1170785488,302032,2,0.46021,0.05737,0.17871,-24.031,0.519,-22.802
2026-05-20 14:27:26.232,1170785688,302232,1,0.57202,-0.35352,0.28027,-57.412,-129.985,-9.802
2026-05-20 14:27:26.232,1170785688,302232,2,1.11743,0.26343,0.66138,-5.527,-32.916,-0.435
2026-05-20 14:27:26.455,1170785911,302455,1,0.75513,-0.26489,0.27686,-10.405,-12.107,-15.71
2026-05-20 14:27:26.455,1170785911,302455,2,0.90137,0.02417,0.50586,17.366,38.145,13.718
2026-05-20 14:27:26.655,1170786111,302655,1,0.94604,-0.31396,0.35791,17.115,32.061,-0.351
2026-05-20 14:27:26.655,1170786111,302655,2,0.88892,-0.00562,0.57544,24.924,11.153,14.573
2026-05-20 14:27:27.855,1170787311,302855,1,0.93506,-0.21753,0.29541,42.893,96.298,-6.588
2026-05-20 14:27:27.855,1170787311,302855,2,0.78003,0.00854,0.49023,-0.977,90.908,-8.305
2026-05-20 14:27:27.055,1170786511,303055,1,0.48853,-0.04297,0.65161,24.962,129.908,4.496
2026-05-20 14:27:27.055,1170786511,303055,2,0.52539,0.12939,0.45166,29.962,168.542,15.87
2026-05-20 14:27:27.263,1170786719,303263,1,0.01221,0.01099,1.08838,3.412,147.221,22.336
2026-05-20 14:27:27.263,1170786719,303263,2,0.06519,0.05151,0.93872,-22.344,78.824,1.725
2026-05-20 14:27:27.532,1170786988,303532,1,-0.70679,0.04834,1.15991,16.481,85.573,24.229
2026-05-20 14:27:27.532,1170786988,303532,2,-0.35571,0.05127,0.95117,-10.573,34.023,1.031
2026-05-20 14:27:28.740,1170788196,303739,1,-0.65454,-0.00244,0.90405,-1.786,4.328,-3.076
2026-05-20 14:27:28.740,1170788196,303739,2,-0.2854,0.00928,0.89209,-7.237,-1.145,-2.817
2026-05-20 14:27:28.939,1170788395,303939,1,-0.68359,0.04395,0.87329,4.588,5.832,4.618
2026-05-20 14:27:28.939,1170788395,303939,2,-0.26953,-0.00342,0.80786,-5.985,20.725,-0.641
2026-05-20 14:27:28.204,1170787660,304204,1,-0.63306,0.02222,0.73682,-14.87,-1.71,1.511
2026-05-20 14:27:28.204,1170787660,304204,2,-0.09326,-0.18579,0.40918,-18.42,-87.954,-0.664
2026-05-20 14:27:28.404,1170787860,304404,1,-0.34033,-0.13477,0.82153,15.573,-124.282,-4.527
2026-05-20 14:27:28.404,1170787860,304404,2,0.18262,0.05786,0.79053,10.015,-81.191,-10.542
2026-05-20 14:27:28.604,1170788060,304604,1,-0.13525,0.26147,1.31641,-33.504,-181.076,-10.893
2026-05-20 14:27:28.604,1170788060,304604,2,1.84644,0.51807,1.93945,-121.076,-250.137,-32.389
2026-05-20 14:27:29.804,1170789260,304804,1,0.42627,-0.08472,0.72314,-83.267,22.076,-55.664
2026-05-20 14:27:29.804,1170789260,304804,2,0.23608,-0.21948,0.23999,-34.466,15.351,-14.878
2026-05-20 14:27:29.004,1170788460,305004,1,0.51782,-0.28809,0.82788,-30.863,-61.099,-20.618
2026-05-20 14:27:29.004,1170788460,305004,2,1.51172,-0.28052,0.68164,40.252,-60.847,8.611
2026-05-20 14:27:29.204,1170788660,305204,1,0.59937,-0.28076,0.73364,8.87,30.809,17.519
2026-05-20 14:27:29.204,1170788660,305204,2,0.5459,-0.05884,0.38281,24.58,32.481,19.863
2026-05-20 14:27:29.404,1170788860,305404,1,0.73535,-0.25317,0.95679,12.328,-16.527,0.397
2026-05-20 14:27:29.404,1170788860,305404,2,1.06226,-0.04346,0.63916,3.954,9.496,-0.374
2026-05-20 14:27:29.604,1170789060,305604,1,0.5603,-0.20923,0.84424,-1.573,8.618,0.244
2026-05-20 14:27:29.604,1170789060,305604,2,0.77417,-0.04077,0.5144,7.985,-14.305,-3.641
2026-05-20 14:27:30.804,1170790260,305804,1,0.68579,-0.28125,0.91357,-8.122,9.351,-7.473
2026-05-20 14:27:30.804,1170790260,305804,2,0.85034,-0.06445,0.57104,-6.588,19.275,0.366
2026-05-20 14:27:30.004,1170789460,306004,1,0.5896,-0.28345,0.8772,-2.649,7.504,0.504
2026-05-20 14:27:30.004,1170789460,306004,2,0.83203,-0.07275,0.5813,-8.313,-7.985,-1.305
2026-05-20 14:27:30.204,1170789660,306204,1,0.58618,-0.29736,0.9397,-3.359,11.053,-6.84
2026-05-20 14:27:30.204,1170789660,306204,2,0.7854,-0.08667,0.52637,-5.443,11.26,1.397
2026-05-20 14:27:30.404,1170789860,306404,1,0.60693,-0.29639,0.87109,1.427,0.74,-0.588
2026-05-20 14:27:30.404,1170789860,306404,2,0.86255,-0.08447,0.57495,-2.672,-1.237,-0.244
2026-05-20 14:27:30.604,1170790060,306604,1,0.57397,-0.28467,0.88623,1.183,5.618,2.954
2026-05-20 14:27:30.604,1170790060,306604,2,0.7832,-0.0686,0.57324,0.809,-2.595,1.702
2026-05-20 14:27:31.804,1170791260,306804,1,0.59424,-0.31177,0.90234,-1.344,2.321,0.908
2026-05-20 14:27:31.804,1170791260,306804,2,0.81372,-0.09302,0.55811,-3.87,3.26,1.275
2026-05-20 14:27:31.004,1170790460,307004,1,0.57373,-0.32202,0.90381,-1.588,1.237,0.618
2026-05-20 14:27:31.004,1170790460,307004,2,0.80835,-0.09985,0.56055,-2.481,-2.008,0.725
2026-05-20 14:27:31.204,1170790660,307204,1,0.56958,-0.3147,0.90405,-0.244,1.344,0.595
2026-05-20 14:27:31.204,1170790660,307204,2,0.82373,-0.09985,0.56763,-3.687,-1.634,0.511
2026-05-20 14:27:31.404,1170790860,307404,1,0.56348,-0.31519,0.88965,0.588,1.0,0.748
2026-05-20 14:27:31.404,1170790860,307404,2,0.80054,-0.09033,0.56226,1.771,-0.435,0.878
2026-05-20 14:27:31.604,1170791060,307604,1,0.56396,-0.31665,0.88428,4.26,-1.893,-0.038
2026-05-20 14:27:31.604,1170791060,307604,2,0.81299,-0.10303,0.56299,-0.389,-4.145,-0.122
2026-05-20 14:27:32.804,1170792260,307804,1,0.57227,-0.29028,0.89893,3.023,-4.198,0.321
2026-05-20 14:27:32.804,1170792260,307804,2,0.82422,-0.07764,0.521,3.359,-8.145,2.313
2026-05-20 14:27:32.004,1170791460,308004,1,0.6355,-0.30127,0.87109,1.863,1.458,-2.679
2026-05-20 14:27:32.004,1170791460,308004,2,0.84595,-0.07886,0.51416,-5.481,7.45,-0.977
2026-05-20 14:27:32.204,1170791660,308204,1,0.60962,-0.27905,0.87573,6.366,4.267,4.672
2026-05-20 14:27:32.204,1170791660,308204,2,0.85645,-0.06885,0.55518,1.542,9.893,4.443
2026-05-20 14:27:32.404,1170791860,308404,1,0.56299,-0.28125,0.91626,14.122,13.412,4.29
2026-05-20 14:27:32.404,1170791860,308404,2,0.82617,-0.14673,0.5874,15.832,8.992,8.504
2026-05-20 14:27:32.604,1170792060,308604,1,0.61597,-0.22095,0.8916,24.046,24.321,24.26
2026-05-20 14:27:32.604,1170792060,308604,2,0.79321,-0.05762,0.63501,23.107,41.221,15.42
2026-05-20 14:27:33.804,1170793260,308804,1,0.4585,-0.27881,1.01392,9.229,22.824,31.947
2026-05-20 14:27:33.804,1170793260,308804,2,0.77563,-0.04126,1.07617,31.893,55.313,16.466
2026-05-20 14:27:33.020,1170792476,309020,1,0.20435,-0.12793,1.2168,-6.885,90.45,41.908
2026-05-20 14:27:33.020,1170792476,309020,2,0.11499,-0.01123,0.81592,-25.84,86.198,28.0
2026-05-20 14:27:33.239,1170792695,309239,1,-0.30786,-0.12231,1.16064,3.649,49.725,5.832
2026-05-20 14:27:33.239,1170792695,309239,2,-0.10376,-0.05859,0.92969,4.473,39.695,4.58
2026-05-20 14:27:33.439,1170792895,309439,1,-0.20581,-0.14746,1.17603,4.122,2.023,35.015
2026-05-20 14:27:33.439,1170792895,309439,2,-0.09009,-0.05737,0.80957,-2.58,71.634,25.26
2026-05-20 14:27:33.639,1170793095,309639,1,-0.37622,-0.02002,1.00684,-4.511,-54.985,4.832
2026-05-20 14:27:33.639,1170793095,309639,2,0.14355,0.21021,0.2207,-43.855,-180.183,-4.939
2026-05-20 14:27:34.839,1170794295,309839,1,0.16504,-0.41528,1.09937,-14.557,-90.725,-38.489
2026-05-20 14:27:34.839,1170794295,309839,2,0.32837,0.01465,0.72754,36.496,-23.504,-17.687
2026-05-20 14:27:34.039,1170793495,310039,1,0.48145,-0.3335,0.68433,-10.313,-132.481,-63.42
2026-05-20 14:27:34.039,1170793495,310039,2,0.75586,-0.10205,0.52979,14.344,-123.198,-44.87
2026-05-20 14:27:34.239,1170793695,310239,1,0.85205,-0.15234,0.47168,-4.695,-84.924,-39.267
2026-05-20 14:27:34.239,1170793695,310239,2,0.86401,0.00073,0.50854,24.305,0.679,2.466
2026-05-20 14:27:34.439,1170793895,310439,1,1.06958,-0.16968,0.30908,-1.924,-32.351,-1.58
2026-05-20 14:27:34.439,1170793895,310439,2,0.87573,0.03687,0.49854,-1.962,2.672,0.603
2026-05-20 14:27:34.673,1170794129,310673,1,1.06055,-0.19897,0.30054,-12.038,8.794,-6.328
2026-05-20 14:27:34.673,1170794129,310673,2,0.85596,0.02856,0.57422,-6.863,9.382,-2.527
2026-05-20 14:27:35.904,1170795360,310904,1,1.03247,-0.12915,0.36328,14.603,51.863,-4.092
2026-05-20 14:27:35.904,1170795360,310904,2,0.86523,0.05444,0.60278,13.176,1.031,7.313
2026-05-20 14:27:35.104,1170794560,311104,1,0.7417,-0.03979,0.46973,-1.71,119.008,12.0
2026-05-20 14:27:35.104,1170794560,311104,2,0.64453,0.08057,0.58569,-26.038,99.802,5.023
2026-05-20 14:27:35.304,1170794760,311304,1,0.32495,-0.20801,0.80225,9.26,150.656,50.954
2026-05-20 14:27:35.304,1170794760,311304,2,0.46484,0.10986,0.78003,-30.107,126.977,6.214
2026-05-20 14:27:35.504,1170794960,311504,1,-0.18921,-0.12524,1.06201,40.84,141.351,26.748
2026-05-20 14:27:35.504,1170794960,311504,2,-0.00977,-0.02539,0.99243,16.863,116.664,15.664
2026-05-20 14:27:35.704,1170795160,311704,1,-0.59961,0.0144,1.07568,16.809,76.389,15.725
2026-05-20 14:27:35.704,1170795160,311704,2,-0.33057,0.08691,0.93066,-3.634,67.748,10.595
2026-05-20 14:27:36.904,1170796360,311904,1,-0.76196,0.03467,1.02563,-5.496,14.427,2.069
2026-05-20 14:27:36.904,1170796360,311904,2,-0.47559,0.00635,0.87842,-7.557,13.756,3.878
2026-05-20 14:27:36.104,1170795560,312104,1,-0.58887,0.02563,0.79126,13.924,-7.603,0.695
2026-05-20 14:27:36.104,1170795560,312104,2,-0.37256,0.06323,0.41235,-0.679,-42.473,-8.267
2026-05-20 14:27:36.304,1170795760,312304,1,-0.33276,0.1543,0.68628,-7.076,-132.802,-5.046
2026-05-20 14:27:36.304,1170795760,312304,2,-0.09155,0.18921,0.51978,44.771,-210.58,26.527
2026-05-20 14:27:36.504,1170795960,312504,1,-0.03198,0.00879,0.84888,-47.641,-166.237,-10.458
2026-05-20 14:27:36.504,1170795960,312504,2,0.66626,0.29126,0.79785,3.176,-213.221,-4.145
2026-05-20 14:27:36.704,1170796160,312704,1,1.28857,-0.04932,0.92017,-99.641,18.534,-85.061
2026-05-20 14:27:36.704,1170796160,312704,2,0.48315,0.14551,0.12207,-80.649,250.13,-23.191
2026-05-20 14:27:37.904,1170797360,312904,1,0.23291,-0.03174,0.63257,-16.84,-34.992,-12.344
2026-05-20 14:27:37.904,1170797360,312904,2,0.78271,-0.09546,0.56885,-76.42,-178.443,-103.511
2026-05-20 14:27:37.104,1170796560,313104,1,0.94165,-0.36523,0.86865,10.298,-6.092,26.557
2026-05-20 14:27:37.104,1170796560,313104,2,0.6499,-0.1062,0.40918,40.565,96.802,42.206
2026-05-20 14:27:37.304,1170796760,313304,1,0.39307,-0.27246,0.69458,77.878,-30.618,-0.924
2026-05-20 14:27:37.304,1170796760,313304,2,0.68091,0.05078,0.36279,85.55,-93.504,11.282
2026-05-20 14:27:37.504,1170796960,313504,1,1.83179,0.46265,0.85742,-4.29,-67.046,2.725
2026-05-20 14:27:37.504,1170796960,313504,2,1.13745,-0.07642,0.4043,-3.053,80.176,26.725
2026-05-20 14:27:37.704,1170797160,313704,1,0.98926,0.23462,0.33569,46.443,-27.603,37.42
2026-05-20 14:27:37.704,1170797160,313704,2,1.08081,-0.26343,0.05737,-22.908,-17.473,24.015
2026-05-20 14:27:38.904,1170798360,313904,1,0.81836,-0.15894,0.62988,-49.122,-9.664,43.145
2026-05-20 14:27:38.904,1170798360,313904,2,1.01611,-0.00854,0.09595,-65.779,-40.954,-8.069
2026-05-20 14:27:38.106,1170797562,314106,1,0.86182,-0.24683,0.5957,-38.229,3.443,-32.252
2026-05-20 14:27:38.106,1170797562,314106,2,0.94019,-0.12524,0.02197,-77.656,-34.595,-6.145
2026-05-20 14:27:38.306,1170797762,314306,1,0.90625,-0.23218,0.53711,-12.802,-30.176,-68.718
2026-05-20 14:27:38.306,1170797762,314306,2,1.00854,-0.17456,-0.24023,-37.099,-43.496,-38.641
2026-05-20 14:27:38.506,1170797962,314506,1,1.14844,-0.27344,0.19189,129.504,-11.763,4.504
2026-05-20 14:27:38.506,1170797962,314506,2,1.28125,0.36182,-0.29932,6.382,-24.527,0.496
2026-05-20 14:27:38.720,1170798176,314719,1,0.9834,0.12915,0.25317,-90.26,-39.374,-23.664
2026-05-20 14:27:38.720,1170798176,314719,2,1.04272,0.17114,-0.15039,41.977,0.557,10.473
2026-05-20 14:27:39.919,1170799375,314919,1,1.03345,-0.04321,0.26416,25.023,-67.58,-9.45
2026-05-20 14:27:39.919,1170799375,314919,2,1.00415,0.13354,-0.1687,-8.672,11.695,1.282
2026-05-20 14:27:39.337,1170798793,315337,1,0.99146,0.05005,0.39307,-30.855,-0.771,-3.939
2026-05-20 14:27:39.337,1170798793,315337,2,1.00073,0.20728,-0.23364,-10.641,-8.183,2.069
2026-05-20 14:27:39.567,1170799023,315567,1,1.03271,-0.01123,0.26611,-16.176,25.046,-2.748
2026-05-20 14:27:39.567,1170799023,315567,2,1.04883,0.20557,-0.19434,-0.137,6.321,-12.023
2026-05-20 14:27:40.823,1170800279,315823,1,1.04517,0.12915,0.29785,29.153,18.031,-13.061
2026-05-20 14:27:40.823,1170800279,315823,2,1.01245,0.16846,-0.24683,6.45,24.595,2.183
2026-05-20 14:27:40.023,1170799479,316023,1,1.01416,0.04492,0.30225,-1.802,25.267,-7.282
2026-05-20 14:27:40.023,1170799479,316023,2,1.02832,0.19092,-0.10791,23.756,35.931,21.954
2026-05-20 14:27:40.266,1170799722,316266,1,0.94019,0.11865,0.43213,-2.099,38.969,-14.031
2026-05-20 14:27:40.266,1170799722,316266,2,0.99902,0.20068,-0.01929,-10.046,23.252,-3.634
2026-05-20 14:27:40.665,1170800121,316665,1,0.92578,0.20557,0.50806,-11.496,10.519,-29.244
2026-05-20 14:27:40.665,1170800121,316665,2,0.99341,0.30273,0.05713,-1.328,-2.893,-4.198
2026-05-20 14:27:41.189,1170800645,317189,1,0.85864,0.32617,0.49854,-20.466,2.046,-11.137
2026-05-20 14:27:41.189,1170800645,317189,2,0.97144,0.27466,0.03394,1.122,-8.031,14.405
2026-05-20 14:27:41.517,1170800973,317517,1,0.89429,0.23389,0.56885,-4.634,-5.336,7.588
2026-05-20 14:27:41.517,1170800973,317517,2,0.99243,0.15576,-0.00195,5.282,-4.756,8.16
2026-05-20 14:27:41.724,1170801180,317724,1,0.96533,0.22632,0.52124,0.733,-4.321,11.519
2026-05-20 14:27:41.724,1170801180,317724,2,1.03442,0.13501,-0.08032,6.527,-8.527,3.947
2026-05-20 14:27:42.238,1170801694,318237,1,0.93921,0.1709,0.52588,-0.42,-3.687,-1.542
2026-05-20 14:27:42.238,1170801694,318237,2,1.04272,0.1438,-0.07373,18.023,14.557,2.748
2026-05-20 14:27:42.559,1170802015,318559,1,0.95947,0.1604,0.49219,2.443,-5.702,-2.969
2026-05-20 14:27:42.559,1170802015,318559,2,1.01294,0.15063,-0.04419,0.557,2.244,-3.305
2026-05-20 14:27:43.759,1170803215,318759,1,0.94043,0.21265,0.43921,5.435,7.817,-7.855
2026-05-20 14:27:43.759,1170803215,318759,2,1.04883,0.13428,-0.10352,0.992,5.58,3.137
2026-05-20 14:27:43.959,1170803415,318959,1,0.96411,0.22827,0.4939,2.748,4.389,10.939
2026-05-20 14:27:43.959,1170803415,318959,2,1.01611,0.15112,-0.08691,-6.931,4.389,3.496
2026-05-20 14:27:43.159,1170802615,319159,1,1.00342,0.12134,0.51587,4.71,10.351,-3.237
2026-05-20 14:27:43.159,1170802615,319159,2,0.9917,0.0896,-0.06201,0.718,-2.443,0.832
2026-05-20 14:27:43.359,1170802815,319359,1,0.91943,0.14795,0.55835,14.847,-3.84,4.046
2026-05-20 14:27:43.359,1170802815,319359,2,1.02197,0.17139,0.00317,24.969,-0.336,-3.168
2026-05-20 14:27:43.559,1170803015,319559,1,0.89355,0.2688,0.52783,16.557,6.466,-4.71
2026-05-20 14:27:43.559,1170803015,319559,2,1.00366,0.15259,-0.09204,0.901,1.45,0.603
2026-05-20 14:27:44.900,1170804356,319900,1,0.90161,0.24341,0.53979,-13.527,10.939,-3.87
2026-05-20 14:27:44.900,1170804356,319900,2,0.99292,0.1665,-0.12036,5.664,-7.733,14.252
2026-05-20 14:27:44.112,1170803568,320111,1,0.9585,0.19678,0.54321,26.038,-5.115,19.634
2026-05-20 14:27:44.112,1170803568,320111,2,1.09766,0.04102,-0.1731,2.473,3.481,24.023
2026-05-20 14:27:44.311,1170803767,320311,1,0.99048,0.1521,0.47168,3.939,16.901,14.191
2026-05-20 14:27:44.311,1170803767,320311,2,1.10718,-0.01221,-0.15356,-17.458,28.924,13.351
2026-05-20 14:27:44.511,1170803967,320511,1,0.78345,0.10864,0.54492,-29.0,27.023,18.328
2026-05-20 14:27:44.511,1170803967,320511,2,0.89771,-0.14087,0.20166,-0.42,48.824,17.656
