datetime,epoch_ms,ts_millis,sensor,temperature_c,pressure_hpa,altitude_m
2026-05-23 15:37:30.776,1434190232,70776,BME280,30.81,1006.49,56.453
2026-05-23 15:37:38.856,1434198312,78856,BME280,30.91,1006.47,56.625
2026-05-23 15:37:39.056,1434198512,79056,BME280,30.91,1006.47,56.625
2026-05-23 15:37:39.256,1434198712,79256,BME280,30.91,1006.47,56.625
2026-05-23 15:37:39.456,1434198912,79456,BME280,30.91,1006.47,56.625
2026-05-23 15:37:39.656,1434199112,79656,BME280,30.91,1006.47,56.625
2026-05-23 15:37:39.856,1434199312,79856,BME280,30.93,1006.5,56.32
2026-05-23 15:37:40.056,1434199512,80056,BME280,30.93,1006.5,56.32
2026-05-23 15:37:40.256,1434199712,80256,BME280,30.93,1006.5,56.32
2026-05-23 15:37:40.456,1434199912,80456,BME280,30.93,1006.5,56.32
2026-05-23 15:37:40.678,1434200134,80678,BME280,30.93,1006.5,56.32
2026-05-23 15:37:40.878,1434200334,80878,BME280,30.94,1006.47,56.631
2026-05-23 15:37:41.078,1434200534,81078,BME280,30.94,1006.47,56.631
2026-05-23 15:37:41.278,1434200734,81278,BME280,30.94,1006.47,56.631
2026-05-23 15:37:41.478,1434200934,81478,BME280,30.94,1006.47,56.631
2026-05-23 15:37:41.678,1434201134,81678,BME280,30.94,1006.47,56.631
2026-05-23 15:37:41.878,1434201334,81878,BME280,30.96,1006.49,56.432
2026-05-23 15:37:42.078,1434201534,82078,BME280,30.96,1006.49,56.432
2026-05-23 15:37:42.278,1434201734,82278,BME280,30.96,1006.49,56.432
2026-05-23 15:37:42.478,1434201934,82478,BME280,30.96,1006.49,56.432
2026-05-23 15:37:42.678,1434202134,82678,BME280,30.96,1006.49,56.432
2026-05-23 15:37:42.878,1434202334,82878,BME280,30.97,1006.5,56.35
2026-05-23 15:37:43.078,1434202534,83078,BME280,30.97,1006.5,56.35
2026-05-23 15:37:43.278,1434202734,83278,BME280,30.97,1006.5,56.35
2026-05-23 15:37:43.478,1434202934,83478,BME280,30.97,1006.5,56.35
2026-05-23 15:37:43.678,1434203134,83678,BME280,30.97,1006.5,56.35
2026-05-23 15:37:43.878,1434203334,83878,BME280,30.99,1006.53,56.104
2026-05-23 15:37:44.078,1434203534,84078,BME280,30.99,1006.53,56.104
2026-05-23 15:37:44.278,1434203734,84278,BME280,30.99,1006.53,56.104
2026-05-23 15:37:44.478,1434203934,84478,BME280,30.99,1006.53,56.104
2026-05-23 15:37:44.678,1434204134,84678,BME280,30.99,1006.53,56.104
2026-05-23 15:37:44.878,1434204334,84878,BME280,31.0,1006.49,56.415
2026-05-23 15:37:45.078,1434204534,85078,BME280,31.0,1006.49,56.415
2026-05-23 15:37:45.278,1434204734,85278,BME280,31.0,1006.49,56.415
2026-05-23 15:37:45.478,1434204934,85478,BME280,31.0,1006.49,56.415
2026-05-23 15:37:45.678,1434205134,85678,BME280,31.0,1006.49,56.415
2026-05-23 15:37:45.878,1434205334,85878,BME280,31.03,1006.49,56.429
2026-05-23 15:37:46.078,1434205534,86078,BME280,31.03,1006.49,56.429
2026-05-23 15:37:46.278,1434205734,86278,BME280,31.03,1006.49,56.429
2026-05-23 15:37:46.478,1434205934,86478,BME280,31.03,1006.49,56.429
2026-05-23 15:37:46.678,1434206134,86678,BME280,31.03,1006.49,56.429
2026-05-23 15:37:46.878,1434206334,86878,BME280,31.04,1006.5,56.386
2026-05-23 15:37:47.078,1434206534,87078,BME280,31.04,1006.5,56.386
2026-05-23 15:37:47.278,1434206734,87278,BME280,31.04,1006.5,56.386
2026-05-23 15:37:47.478,1434206934,87478,BME280,31.04,1006.5,56.386
2026-05-23 15:37:47.678,1434207134,87678,BME280,31.04,1006.5,56.386
2026-05-23 15:37:47.878,1434207334,87878,BME280,31.06,1006.5,56.318
2026-05-23 15:37:48.078,1434207534,88078,BME280,31.06,1006.5,56.318
2026-05-23 15:37:48.278,1434207734,88278,BME280,31.06,1006.5,56.318
2026-05-23 15:37:48.478,1434207934,88478,BME280,31.06,1006.5,56.318
2026-05-23 15:37:48.678,1434208134,88678,BME280,31.06,1006.5,56.318
2026-05-23 15:37:48.878,1434208334,88878,BME280,31.07,1006.49,56.412
2026-05-23 15:37:49.078,1434208534,89078,BME280,31.07,1006.49,56.412
2026-05-23 15:37:49.278,1434208734,89278,BME280,31.07,1006.49,56.412
2026-05-23 15:37:49.478,1434208934,89478,BME280,31.07,1006.49,56.412
2026-05-23 15:37:49.678,1434209134,89678,BME280,31.07,1006.49,56.412
2026-05-23 15:37:49.878,1434209334,89878,BME280,31.09,1006.5,56.313
2026-05-23 15:37:50.078,1434209534,90078,BME280,31.09,1006.5,56.313
2026-05-23 15:37:50.278,1434209734,90278,BME280,31.09,1006.5,56.313
2026-05-23 15:37:50.478,1434209934,90478,BME280,31.09,1006.5,56.313
2026-05-23 15:37:50.678,1434210134,90678,BME280,31.09,1006.5,56.313
2026-05-23 15:37:50.878,1434210334,90878,BME280,31.1,1006.5,56.352
2026-05-23 15:37:51.078,1434210534,91078,BME280,31.1,1006.5,56.352
2026-05-23 15:37:51.278,1434210734,91278,BME280,31.1,1006.5,56.352
2026-05-23 15:37:51.478,1434210934,91478,BME280,31.1,1006.5,56.352
2026-05-23 15:37:51.678,1434211134,91678,BME280,31.1,1006.5,56.352
2026-05-23 15:37:51.878,1434211334,91878,BME280,31.11,1006.48,56.533
2026-05-23 15:37:52.078,1434211534,92078,BME280,31.11,1006.48,56.533
2026-05-23 15:37:52.278,1434211734,92278,BME280,31.11,1006.48,56.533
2026-05-23 15:37:52.478,1434211934,92478,BME280,31.11,1006.48,56.533
2026-05-23 15:37:52.678,1434212134,92678,BME280,31.11,1006.48,56.533
2026-05-23 15:37:52.878,1434212334,92878,BME280,31.12,1006.48,56.536
2026-05-23 15:37:53.078,1434212534,93078,BME280,31.12,1006.48,56.536
2026-05-23 15:37:53.278,1434212734,93278,BME280,31.12,1006.48,56.536
2026-05-23 15:37:53.478,1434212934,93478,BME280,31.12,1006.48,56.536
2026-05-23 15:37:53.678,1434213134,93678,BME280,31.12,1006.48,56.536
2026-05-23 15:37:53.878,1434213334,93878,BME280,31.14,1006.48,56.5
2026-05-23 15:37:54.078,1434213534,94078,BME280,31.14,1006.48,56.5
2026-05-23 15:37:54.278,1434213734,94278,BME280,31.14,1006.48,56.5
2026-05-23 15:37:54.478,1434213934,94478,BME280,31.14,1006.48,56.5
2026-05-23 15:37:54.678,1434214134,94678,BME280,31.14,1006.48,56.5
2026-05-23 15:37:54.878,1434214334,94878,BME280,31.14,1006.49,56.471
2026-05-23 15:37:55.078,1434214534,95078,BME280,31.14,1006.49,56.471
2026-05-23 15:37:55.278,1434214734,95278,BME280,31.14,1006.49,56.471
2026-05-23 15:37:55.478,1434214934,95478,BME280,31.14,1006.49,56.471
2026-05-23 15:37:55.678,1434215134,95678,BME280,31.14,1006.49,56.471
2026-05-23 15:37:55.878,1434215334,95878,BME280,31.13,1006.48,56.49
2026-05-23 15:37:56.078,1434215534,96078,BME280,31.13,1006.48,56.49
2026-05-23 15:37:56.278,1434215734,96278,BME280,31.13,1006.48,56.49
2026-05-23 15:37:56.478,1434215934,96478,BME280,31.13,1006.48,56.49
2026-05-23 15:37:56.678,1434216134,96678,BME280,31.14,1006.51,56.274
2026-05-23 15:37:56.878,1434216334,96878,BME280,31.14,1006.51,56.274
2026-05-23 15:37:57.078,1434216534,97078,BME280,31.14,1006.51,56.274
2026-05-23 15:37:57.278,1434216734,97278,BME280,31.14,1006.51,56.274
2026-05-23 15:37:57.478,1434216934,97478,BME280,31.14,1006.51,56.274
2026-05-23 15:37:57.678,1434217134,97678,BME280,31.15,1006.5,56.343
2026-05-23 15:37:57.878,1434217334,97878,BME280,31.15,1006.5,56.343
2026-05-23 15:37:58.078,1434217534,98078,BME280,31.15,1006.5,56.343
2026-05-23 15:37:58.278,1434217734,98278,BME280,31.15,1006.5,56.343
2026-05-23 15:37:58.478,1434217934,98478,BME280,31.15,1006.5,56.343
2026-05-23 15:37:58.678,1434218134,98678,BME280,31.15,1006.49,56.401
2026-05-23 15:37:58.878,1434218334,98878,BME280,31.15,1006.49,56.401
2026-05-23 15:37:59.078,1434218534,99078,BME280,31.15,1006.49,56.401
2026-05-23 15:37:59.278,1434218734,99278,BME280,31.15,1006.49,56.401
2026-05-23 15:37:59.478,1434218934,99478,BME280,31.15,1006.49,56.401
2026-05-23 15:38:02.289,1434221745,102289,BME280,31.18,1006.52,56.178
2026-05-23 15:38:02.489,1434221945,102489,BME280,31.18,1006.52,56.178
2026-05-23 15:38:02.689,1434222145,102689,BME280,31.19,1006.5,56.325
2026-05-23 15:38:02.889,1434222345,102889,BME280,31.19,1006.5,56.325
2026-05-23 15:38:03.089,1434222545,103089,BME280,31.19,1006.5,56.325
2026-05-23 15:38:03.289,1434222745,103289,BME280,31.19,1006.5,56.325
2026-05-23 15:38:03.489,1434222945,103489,BME280,31.19,1006.5,56.325
2026-05-23 15:38:03.689,1434223145,103689,BME280,31.2,1006.51,56.264
2026-05-23 15:38:03.889,1434223345,103889,BME280,31.2,1006.51,56.264
2026-05-23 15:38:04.089,1434223545,104089,BME280,31.2,1006.51,56.264
2026-05-23 15:38:04.289,1434223745,104289,BME280,31.2,1006.51,56.264
2026-05-23 15:38:04.489,1434223945,104489,BME280,31.2,1006.51,56.264
2026-05-23 15:38:04.689,1434224145,104689,BME280,31.21,1006.5,56.352
2026-05-23 15:38:04.889,1434224345,104889,BME280,31.21,1006.5,56.352
2026-05-23 15:38:05.089,1434224545,105089,BME280,31.21,1006.5,56.352
2026-05-23 15:38:05.289,1434224745,105289,BME280,31.21,1006.5,56.352
2026-05-23 15:38:05.489,1434224945,105489,BME280,31.21,1006.5,56.352
2026-05-23 15:38:05.689,1434225145,105689,BME280,31.22,1006.53,56.122
2026-05-23 15:38:05.889,1434225345,105889,BME280,31.22,1006.53,56.122
2026-05-23 15:38:06.089,1434225545,106089,BME280,31.22,1006.53,56.122
2026-05-23 15:38:06.289,1434225745,106289,BME280,31.22,1006.53,56.122
2026-05-23 15:38:06.489,1434225945,106489,BME280,31.22,1006.53,56.122
2026-05-23 15:38:06.689,1434226145,106689,BME280,31.23,1006.51,56.235
2026-05-23 15:38:06.889,1434226345,106889,BME280,31.23,1006.51,56.235
2026-05-23 15:38:07.089,1434226545,107089,BME280,31.23,1006.51,56.235
2026-05-23 15:38:07.289,1434226745,107289,BME280,31.23,1006.51,56.235
2026-05-23 15:38:07.489,1434226945,107489,BME280,31.23,1006.51,56.235
2026-05-23 15:38:07.689,1434227145,107689,BME280,31.23,1006.53,56.066
2026-05-23 15:38:07.889,1434227345,107889,BME280,31.23,1006.53,56.066
2026-05-23 15:38:08.089,1434227545,108089,BME280,31.23,1006.53,56.066
2026-05-23 15:38:08.289,1434227745,108289,BME280,31.23,1006.53,56.066
2026-05-23 15:38:08.489,1434227945,108489,BME280,31.23,1006.53,56.066
2026-05-23 15:38:08.689,1434228145,108689,BME280,31.25,1006.52,56.142
2026-05-23 15:38:08.889,1434228345,108889,BME280,31.25,1006.52,56.142
2026-05-23 15:38:09.089,1434228545,109089,BME280,31.25,1006.52,56.142
2026-05-23 15:38:09.289,1434228745,109289,BME280,31.25,1006.52,56.142
2026-05-23 15:38:09.489,1434228945,109489,BME280,31.25,1006.52,56.142
2026-05-23 15:38:09.689,1434229145,109689,BME280,31.25,1006.52,56.173
2026-05-23 15:38:09.889,1434229345,109889,BME280,31.25,1006.52,56.173
2026-05-23 15:38:10.089,1434229545,110089,BME280,31.25,1006.52,56.173
2026-05-23 15:38:10.289,1434229745,110289,BME280,31.25,1006.52,56.173
2026-05-23 15:38:10.489,1434229945,110489,BME280,31.25,1006.52,56.173
2026-05-23 15:38:10.689,1434230145,110689,BME280,31.27,1006.53,56.103
2026-05-23 15:38:10.889,1434230345,110889,BME280,31.27,1006.53,56.103
2026-05-23 15:38:11.089,1434230545,111089,BME280,31.27,1006.53,56.103
2026-05-23 15:38:11.289,1434230745,111289,BME280,31.27,1006.53,56.103
2026-05-23 15:38:11.489,1434230945,111489,BME280,31.27,1006.53,56.103
2026-05-23 15:38:11.689,1434231145,111689,BME280,31.28,1006.54,56.042
2026-05-23 15:38:11.889,1434231345,111889,BME280,31.28,1006.54,56.042
2026-05-23 15:38:12.089,1434231545,112089,BME280,31.28,1006.54,56.042
2026-05-23 15:38:12.289,1434231745,112289,BME280,31.28,1006.54,56.042
2026-05-23 15:38:12.489,1434231945,112489,BME280,31.28,1006.54,56.042
2026-05-23 15:38:12.689,1434232145,112689,BME280,31.28,1006.5,56.362
2026-05-23 15:38:12.889,1434232345,112889,BME280,31.28,1006.5,56.362
2026-05-23 15:38:13.089,1434232545,113089,BME280,31.28,1006.5,56.362
2026-05-23 15:38:13.289,1434232745,113289,BME280,31.28,1006.5,56.362
2026-05-23 15:38:13.489,1434232945,113489,BME280,31.28,1006.5,56.362
2026-05-23 15:38:13.689,1434233145,113689,BME280,31.28,1006.49,56.395
2026-05-23 15:38:13.889,1434233345,113889,BME280,31.28,1006.49,56.395
2026-05-23 15:38:14.089,1434233545,114089,BME280,31.28,1006.49,56.395
2026-05-23 15:38:14.289,1434233745,114289,BME280,31.28,1006.49,56.395
2026-05-23 15:38:14.489,1434233945,114489,BME280,31.28,1006.49,56.395
2026-05-23 15:38:14.689,1434234145,114689,BME280,31.29,1006.54,56.056
2026-05-23 15:38:14.889,1434234345,114889,BME280,31.29,1006.54,56.056
2026-05-23 15:38:15.089,1434234545,115089,BME280,31.29,1006.54,56.056
2026-05-23 15:38:15.289,1434234745,115289,BME280,31.29,1006.54,56.056
2026-05-23 15:38:15.489,1434234945,115489,BME280,31.29,1006.54,56.056
2026-05-23 15:38:15.689,1434235145,115689,BME280,31.28,1006.52,56.197
2026-05-23 15:38:15.889,1434235345,115889,BME280,31.28,1006.52,56.197
2026-05-23 15:38:16.089,1434235545,116089,BME280,31.28,1006.52,56.197
2026-05-23 15:38:16.289,1434235745,116289,BME280,31.28,1006.52,56.197
2026-05-23 15:38:16.489,1434235945,116489,BME280,31.28,1006.52,56.197
2026-05-23 15:38:16.689,1434236145,116689,BME280,31.28,1006.51,56.285
2026-05-23 15:38:16.889,1434236345,116889,BME280,31.28,1006.51,56.285
2026-05-23 15:38:17.089,1434236545,117089,BME280,31.28,1006.51,56.285
2026-05-23 15:38:17.289,1434236745,117289,BME280,31.28,1006.51,56.285
2026-05-23 15:38:17.489,1434236945,117489,BME280,31.28,1006.51,56.285
2026-05-23 15:38:17.689,1434237145,117689,BME280,31.28,1006.5,56.355
2026-05-23 15:38:17.889,1434237345,117889,BME280,31.28,1006.5,56.355
2026-05-23 15:38:18.089,1434237545,118089,BME280,31.28,1006.5,56.355
2026-05-23 15:38:18.289,1434237745,118289,BME280,31.28,1006.5,56.355
2026-05-23 15:38:18.489,1434237945,118489,BME280,31.28,1006.5,56.355
2026-05-23 15:38:18.689,1434238145,118689,BME280,31.28,1006.5,56.337
2026-05-23 15:38:18.889,1434238345,118889,BME280,31.28,1006.5,56.337
2026-05-23 15:38:19.089,1434238545,119089,BME280,31.28,1006.5,56.337
2026-05-23 15:38:19.289,1434238745,119289,BME280,31.28,1006.5,56.337
2026-05-23 15:38:19.489,1434238945,119489,BME280,31.28,1006.5,56.337
2026-05-23 15:38:19.689,1434239145,119689,BME280,31.27,1006.49,56.443
2026-05-23 15:38:19.889,1434239345,119889,BME280,31.27,1006.49,56.443
2026-05-23 15:38:20.089,1434239545,120089,BME280,31.27,1006.49,56.443
2026-05-23 15:38:20.289,1434239745,120289,BME280,31.27,1006.49,56.443
2026-05-23 15:38:20.489,1434239945,120489,BME280,31.27,1006.49,56.443
2026-05-23 15:38:20.689,1434240145,120689,BME280,31.28,1006.49,56.459
2026-05-23 15:38:20.889,1434240345,120889,BME280,31.28,1006.49,56.459
2026-05-23 15:38:21.089,1434240545,121089,BME280,31.28,1006.49,56.459
2026-05-23 15:38:21.289,1434240745,121289,BME280,31.28,1006.49,56.459
2026-05-23 15:38:21.489,1434240945,121489,BME280,31.28,1006.49,56.459
2026-05-23 15:38:21.689,1434241145,121689,BME280,31.28,1006.5,56.386
2026-05-23 15:38:21.889,1434241345,121889,BME280,31.28,1006.5,56.386
2026-05-23 15:38:22.089,1434241545,122089,BME280,31.28,1006.5,56.386
2026-05-23 15:38:22.289,1434241745,122289,BME280,31.28,1006.5,56.386
2026-05-23 15:38:22.489,1434241945,122489,BME280,31.28,1006.5,56.386
2026-05-23 15:38:22.689,1434242145,122689,BME280,31.28,1006.51,56.303
2026-05-23 15:38:22.889,1434242345,122889,BME280,31.28,1006.51,56.303
2026-05-23 15:38:23.089,1434242545,123089,BME280,31.28,1006.51,56.303
2026-05-23 15:38:23.289,1434242745,123289,BME280,31.28,1006.51,56.303
2026-05-23 15:38:23.489,1434242945,123489,BME280,31.28,1006.53,56.123
2026-05-23 15:38:23.689,1434243145,123689,BME280,31.28,1006.53,56.123
2026-05-23 15:38:23.889,1434243345,123889,BME280,31.28,1006.53,56.123
2026-05-23 15:38:24.089,1434243545,124089,BME280,31.28,1006.53,56.123
2026-05-23 15:38:24.289,1434243745,124289,BME280,31.28,1006.53,56.123
2026-05-23 15:38:24.489,1434243945,124489,BME280,31.28,1006.52,56.225
2026-05-23 15:38:24.689,1434244145,124689,BME280,31.28,1006.52,56.225
2026-05-23 15:38:24.889,1434244345,124889,BME280,31.28,1006.52,56.225
2026-05-23 15:38:25.089,1434244545,125089,BME280,31.28,1006.52,56.225
2026-05-23 15:38:25.289,1434244745,125289,BME280,31.28,1006.52,56.225
2026-05-23 15:38:25.489,1434244945,125489,BME280,31.28,1006.53,56.071
2026-05-23 15:38:25.689,1434245145,125689,BME280,31.28,1006.53,56.071
2026-05-23 15:38:25.889,1434245345,125889,BME280,31.28,1006.53,56.071
2026-05-23 15:38:26.089,1434245545,126089,BME280,31.28,1006.53,56.071
2026-05-23 15:38:26.289,1434245745,126289,BME280,31.28,1006.53,56.071
2026-05-23 15:38:26.489,1434245945,126489,BME280,31.27,1006.48,56.501
2026-05-23 15:38:26.689,1434246145,126689,BME280,31.27,1006.48,56.501
2026-05-23 15:38:26.889,1434246345,126889,BME280,31.27,1006.48,56.501
2026-05-23 15:38:27.089,1434246545,127089,BME280,31.27,1006.48,56.501
2026-05-23 15:38:27.289,1434246745,127289,BME280,31.27,1006.48,56.501
2026-05-23 15:38:27.489,1434246945,127489,BME280,31.28,1006.51,56.25
2026-05-23 15:38:27.689,1434247145,127689,BME280,31.28,1006.51,56.25
2026-05-23 15:38:27.889,1434247345,127889,BME280,31.28,1006.51,56.25
2026-05-23 15:38:28.089,1434247545,128089,BME280,31.28,1006.51,56.25
2026-05-23 15:38:28.289,1434247745,128289,BME280,31.28,1006.51,56.25
2026-05-23 15:38:28.489,1434247945,128489,BME280,31.28,1006.48,56.478
2026-05-23 15:38:28.689,1434248145,128689,BME280,31.28,1006.48,56.478
2026-05-23 15:38:28.889,1434248345,128889,BME280,31.28,1006.48,56.478
2026-05-23 15:38:29.089,1434248545,129089,BME280,31.28,1006.48,56.478
2026-05-23 15:38:29.289,1434248745,129289,BME280,31.28,1006.48,56.478
2026-05-23 15:38:29.489,1434248945,129489,BME280,31.28,1006.52,56.183
2026-05-23 15:38:29.689,1434249145,129689,BME280,31.28,1006.52,56.183
2026-05-23 15:38:29.889,1434249345,129889,BME280,31.28,1006.52,56.183
2026-05-23 15:38:30.089,1434249545,130089,BME280,31.28,1006.52,56.183
2026-05-23 15:38:30.289,1434249745,130289,BME280,31.28,1006.52,56.183
2026-05-23 15:38:30.489,1434249945,130489,BME280,31.28,1006.5,56.327
2026-05-23 15:38:30.689,1434250145,130689,BME280,31.28,1006.5,56.327
2026-05-23 15:38:30.889,1434250345,130889,BME280,31.28,1006.5,56.327
2026-05-23 15:38:31.089,1434250545,131089,BME280,31.28,1006.5,56.327
2026-05-23 15:38:31.289,1434250745,131289,BME280,31.28,1006.5,56.327
2026-05-23 15:38:31.489,1434250945,131489,BME280,31.29,1006.49,56.453
2026-05-23 15:38:31.689,1434251145,131689,BME280,31.29,1006.49,56.453
2026-05-23 15:38:31.889,1434251345,131889,BME280,31.29,1006.49,56.453
2026-05-23 15:38:32.089,1434251545,132089,BME280,31.29,1006.49,56.453
2026-05-23 15:38:32.289,1434251745,132289,BME280,31.29,1006.49,56.453
2026-05-23 15:38:32.489,1434251945,132489,BME280,31.29,1006.48,56.512
2026-05-23 15:38:32.689,1434252145,132689,BME280,31.29,1006.48,56.512
2026-05-23 15:38:32.889,1434252345,132889,BME280,31.29,1006.48,56.512
2026-05-23 15:38:33.089,1434252545,133089,BME280,31.29,1006.48,56.512
2026-05-23 15:38:33.289,1434252745,133289,BME280,31.29,1006.48,56.512
2026-05-23 15:38:33.489,1434252945,133489,BME280,31.29,1006.5,56.372
2026-05-23 15:38:33.689,1434253145,133689,BME280,31.29,1006.5,56.372
2026-05-23 15:38:33.889,1434253345,133889,BME280,31.29,1006.5,56.372
2026-05-23 15:38:34.089,1434253545,134089,BME280,31.29,1006.5,56.372
2026-05-23 15:38:34.289,1434253745,134289,BME280,31.29,1006.5,56.372
2026-05-23 15:38:34.489,1434253945,134489,BME280,31.28,1006.44,56.851
2026-05-23 15:38:34.689,1434254145,134689,BME280,31.28,1006.44,56.851
2026-05-23 15:38:34.889,1434254345,134889,BME280,31.28,1006.44,56.851
2026-05-23 15:38:35.089,1434254545,135089,BME280,31.28,1006.44,56.851
2026-05-23 15:38:35.289,1434254745,135289,BME280,31.28,1006.44,56.851
2026-05-23 15:38:35.489,1434254945,135489,BME280,31.28,1006.44,56.846
2026-05-23 15:38:35.689,1434255145,135689,BME280,31.28,1006.44,56.846
2026-05-23 15:38:35.889,1434255345,135889,BME280,31.28,1006.44,56.846
2026-05-23 15:38:36.089,1434255545,136089,BME280,31.28,1006.44,56.846
2026-05-23 15:38:36.289,1434255745,136289,BME280,31.28,1006.44,56.846
2026-05-23 15:38:36.489,1434255945,136489,BME280,31.28,1006.48,56.555
2026-05-23 15:38:36.689,1434256145,136689,BME280,31.28,1006.48,56.555
2026-05-23 15:38:36.889,1434256345,136889,BME280,31.28,1006.48,56.555
2026-05-23 15:38:37.089,1434256545,137089,BME280,31.28,1006.48,56.555
2026-05-23 15:38:37.289,1434256745,137289,BME280,31.28,1006.48,56.555
2026-05-23 15:38:37.489,1434256945,137489,BME280,31.27,1006.48,56.549
2026-05-23 15:38:37.689,1434257145,137689,BME280,31.27,1006.48,56.549
2026-05-23 15:38:37.889,1434257345,137889,BME280,31.27,1006.48,56.549
2026-05-23 15:38:38.089,1434257545,138089,BME280,31.27,1006.48,56.549
2026-05-23 15:38:38.289,1434257745,138289,BME280,31.27,1006.48,56.549
2026-05-23 15:38:38.489,1434257945,138489,BME280,31.27,1006.48,56.516
2026-05-23 15:38:38.689,1434258145,138689,BME280,31.27,1006.48,56.516
2026-05-23 15:38:38.889,1434258345,138889,BME280,31.27,1006.48,56.516
2026-05-23 15:38:39.089,1434258545,139089,BME280,31.27,1006.48,56.516
2026-05-23 15:38:39.289,1434258745,139289,BME280,31.27,1006.48,56.516
2026-05-23 15:38:39.489,1434258945,139489,BME280,31.28,1006.51,56.26
2026-05-23 15:38:39.689,1434259145,139689,BME280,31.28,1006.51,56.26
2026-05-23 15:38:39.889,1434259345,139889,BME280,31.28,1006.51,56.26
2026-05-23 15:38:40.089,1434259545,140089,BME280,31.28,1006.51,56.26
2026-05-23 15:38:40.289,1434259745,140289,BME280,31.28,1006.51,56.26
2026-05-23 15:38:40.489,1434259945,140489,BME280,31.27,1006.5,56.354
2026-05-23 15:38:40.689,1434260145,140689,BME280,31.27,1006.5,56.354
2026-05-23 15:38:40.889,1434260345,140889,BME280,31.27,1006.5,56.354
2026-05-23 15:38:41.089,1434260545,141089,BME280,31.27,1006.5,56.354
2026-05-23 15:38:41.289,1434260745,141289,BME280,31.27,1006.5,56.354
2026-05-23 15:38:41.489,1434260945,141489,BME280,31.27,1006.52,56.195
2026-05-23 15:38:41.689,1434261145,141689,BME280,31.27,1006.52,56.195
2026-05-23 15:38:41.889,1434261345,141889,BME280,31.27,1006.52,56.195
2026-05-23 15:38:42.089,1434261545,142089,BME280,31.27,1006.52,56.195
2026-05-23 15:38:42.289,1434261745,142289,BME280,31.27,1006.52,56.195
2026-05-23 15:38:42.489,1434261945,142489,BME280,31.26,1006.54,56.025
2026-05-23 15:38:42.689,1434262145,142689,BME280,31.26,1006.54,56.025
2026-05-23 15:38:42.889,1434262345,142889,BME280,31.26,1006.54,56.025
2026-05-23 15:38:43.089,1434262545,143089,BME280,31.26,1006.54,56.025
2026-05-23 15:38:43.289,1434262745,143289,BME280,31.26,1006.54,56.025
2026-05-23 15:38:43.489,1434262945,143489,BME280,31.26,1006.53,56.14
2026-05-23 15:38:43.689,1434263145,143689,BME280,31.26,1006.53,56.14
2026-05-23 15:38:43.889,1434263345,143889,BME280,31.26,1006.53,56.14
2026-05-23 15:38:44.089,1434263545,144089,BME280,31.26,1006.53,56.14
2026-05-23 15:38:44.289,1434263745,144289,BME280,31.26,1006.53,56.14
2026-05-23 15:38:44.489,1434263945,144489,BME280,31.25,1006.51,56.283
2026-05-23 15:38:44.689,1434264145,144689,BME280,31.25,1006.51,56.283
2026-05-23 15:38:44.889,1434264345,144889,BME280,31.25,1006.51,56.283
2026-05-23 15:38:45.089,1434264545,145089,BME280,31.25,1006.51,56.283
2026-05-23 15:38:45.289,1434264745,145289,BME280,31.25,1006.51,56.283
2026-05-23 15:38:45.489,1434264945,145489,BME280,31.25,1006.51,56.254
2026-05-23 15:38:45.689,1434265145,145689,BME280,31.25,1006.51,56.254
2026-05-23 15:38:45.889,1434265345,145889,BME280,31.25,1006.51,56.254
2026-05-23 15:38:46.089,1434265545,146089,BME280,31.25,1006.51,56.254
2026-05-23 15:38:46.289,1434265745,146289,BME280,31.25,1006.51,56.254
2026-05-23 15:38:46.489,1434265945,146489,BME280,31.26,1006.54,56.038
2026-05-23 15:38:46.689,1434266145,146689,BME280,31.26,1006.54,56.038
2026-05-23 15:38:46.889,1434266345,146889,BME280,31.26,1006.54,56.038
2026-05-23 15:38:47.089,1434266545,147089,BME280,31.26,1006.54,56.038
2026-05-23 15:38:47.289,1434266745,147289,BME280,31.26,1006.54,56.038
2026-05-23 15:38:47.489,1434266945,147489,BME280,31.25,1006.55,55.92
2026-05-23 15:38:47.689,1434267145,147689,BME280,31.25,1006.55,55.92
2026-05-23 15:38:47.889,1434267345,147889,BME280,31.25,1006.55,55.92
2026-05-23 15:38:48.089,1434267545,148089,BME280,31.25,1006.55,55.92
2026-05-23 15:38:48.289,1434267745,148289,BME280,31.25,1006.55,55.92
2026-05-23 15:38:48.489,1434267945,148489,BME280,31.25,1006.54,56.05
2026-05-23 15:38:48.689,1434268145,148689,BME280,31.25,1006.54,56.05
2026-05-23 15:38:48.889,1434268345,148889,BME280,31.25,1006.54,56.05
2026-05-23 15:38:49.089,1434268545,149089,BME280,31.25,1006.54,56.05
2026-05-23 15:38:49.289,1434268745,149289,BME280,31.25,1006.54,56.05
2026-05-23 15:38:49.489,1434268945,149489,BME280,31.26,1006.55,55.892
2026-05-23 15:38:49.689,1434269145,149689,BME280,31.26,1006.55,55.892
2026-05-23 15:38:49.889,1434269345,149889,BME280,31.26,1006.55,55.892
2026-05-23 15:38:50.089,1434269545,150089,BME280,31.26,1006.55,55.892
2026-05-23 15:38:50.289,1434269745,150289,BME280,31.26,1006.55,55.892
2026-05-23 15:38:50.489,1434269945,150489,BME280,31.25,1006.52,56.225
2026-05-23 15:38:50.689,1434270145,150689,BME280,31.25,1006.52,56.225
2026-05-23 15:38:50.889,1434270345,150889,BME280,31.25,1006.52,56.225
2026-05-23 15:38:51.089,1434270545,151089,BME280,31.25,1006.52,56.225
2026-05-23 15:38:51.289,1434270745,151289,BME280,31.25,1006.52,56.201
2026-05-23 15:38:51.489,1434270945,151489,BME280,31.25,1006.52,56.201
2026-05-23 15:38:51.689,1434271145,151689,BME280,31.25,1006.52,56.201
2026-05-23 15:38:51.889,1434271345,151889,BME280,31.25,1006.52,56.201
2026-05-23 15:38:52.089,1434271545,152089,BME280,31.25,1006.52,56.201
2026-05-23 15:38:52.289,1434271745,152289,BME280,31.26,1006.48,56.523
2026-05-23 15:38:52.489,1434271945,152489,BME280,31.26,1006.48,56.523
2026-05-23 15:38:52.689,1434272145,152689,BME280,31.26,1006.48,56.523
2026-05-23 15:38:52.889,1434272345,152889,BME280,31.26,1006.48,56.523
2026-05-23 15:38:53.089,1434272545,153089,BME280,31.26,1006.48,56.523
2026-05-23 15:38:53.289,1434272745,153289,BME280,31.26,1006.48,56.488
2026-05-23 15:38:53.489,1434272945,153489,BME280,31.26,1006.48,56.488
2026-05-23 15:38:53.689,1434273145,153689,BME280,31.26,1006.48,56.488
2026-05-23 15:38:53.889,1434273345,153889,BME280,31.26,1006.48,56.488
2026-05-23 15:38:54.089,1434273545,154089,BME280,31.26,1006.48,56.488
2026-05-23 15:38:54.289,1434273745,154289,BME280,31.26,1006.49,56.474
2026-05-23 15:38:54.489,1434273945,154489,BME280,31.26,1006.49,56.474
2026-05-23 15:38:54.689,1434274145,154689,BME280,31.26,1006.49,56.474
2026-05-23 15:38:54.889,1434274345,154889,BME280,31.26,1006.49,56.474
2026-05-23 15:38:55.089,1434274545,155089,BME280,31.26,1006.49,56.474
2026-05-23 15:38:55.289,1434274745,155289,BME280,31.26,1006.53,56.11
2026-05-23 15:38:55.489,1434274945,155489,BME280,31.26,1006.53,56.11
2026-05-23 15:38:55.689,1434275145,155689,BME280,31.26,1006.53,56.11
2026-05-23 15:38:55.889,1434275345,155889,BME280,31.26,1006.53,56.11
2026-05-23 15:38:56.089,1434275545,156089,BME280,31.26,1006.53,56.11
2026-05-23 15:38:56.289,1434275745,156289,BME280,31.25,1006.51,56.302
2026-05-23 15:38:56.489,1434275945,156489,BME280,31.25,1006.51,56.302
2026-05-23 15:38:56.689,1434276145,156689,BME280,31.25,1006.51,56.302
2026-05-23 15:38:56.889,1434276345,156889,BME280,31.25,1006.51,56.302
2026-05-23 15:38:57.089,1434276545,157089,BME280,31.25,1006.51,56.302
2026-05-23 15:38:57.289,1434276745,157289,BME280,31.25,1006.5,56.327
2026-05-23 15:38:57.489,1434276945,157489,BME280,31.25,1006.5,56.327
2026-05-23 15:38:57.689,1434277145,157689,BME280,31.25,1006.5,56.327
2026-05-23 15:38:57.889,1434277345,157889,BME280,31.25,1006.5,56.327
2026-05-23 15:38:58.089,1434277545,158089,BME280,31.25,1006.5,56.327
2026-05-23 15:38:58.289,1434277745,158289,BME280,31.24,1006.47,56.626
2026-05-23 15:38:58.489,1434277945,158489,BME280,31.24,1006.47,56.626
2026-05-23 15:38:58.689,1434278145,158689,BME280,31.24,1006.47,56.626
2026-05-23 15:38:58.889,1434278345,158889,BME280,31.24,1006.47,56.626
2026-05-23 15:38:59.089,1434278545,159089,BME280,31.24,1006.47,56.626
2026-05-23 15:38:59.289,1434278745,159289,BME280,31.25,1006.5,56.36
2026-05-23 15:38:59.489,1434278945,159489,BME280,31.25,1006.5,56.36
2026-05-23 15:38:59.689,1434279145,159689,BME280,31.25,1006.5,56.36
2026-05-23 15:38:59.889,1434279345,159889,BME280,31.25,1006.5,56.36
2026-05-23 15:39:00.089,1434279545,160089,BME280,31.25,1006.5,56.36
2026-05-23 15:39:00.289,1434279745,160289,BME280,31.25,1006.5,56.374
2026-05-23 15:39:00.489,1434279945,160489,BME280,31.25,1006.5,56.374
2026-05-23 15:39:00.689,1434280145,160689,BME280,31.25,1006.5,56.374
2026-05-23 15:39:00.889,1434280345,160889,BME280,31.25,1006.5,56.374
2026-05-23 15:39:01.089,1434280545,161089,BME280,31.25,1006.5,56.374
2026-05-23 15:39:01.289,1434280745,161289,BME280,31.25,1006.5,56.341
2026-05-23 15:39:01.489,1434280945,161489,BME280,31.25,1006.5,56.341
2026-05-23 15:39:01.689,1434281145,161689,BME280,31.25,1006.5,56.341
2026-05-23 15:39:01.889,1434281345,161889,BME280,31.25,1006.5,56.341
2026-05-23 15:39:02.089,1434281545,162089,BME280,31.25,1006.5,56.341
2026-05-23 15:39:02.289,1434281745,162289,BME280,31.24,1006.51,56.281
2026-05-23 15:39:02.489,1434281945,162489,BME280,31.24,1006.51,56.281
2026-05-23 15:39:02.689,1434282145,162689,BME280,31.24,1006.51,56.281
2026-05-23 15:39:02.889,1434282345,162889,BME280,31.24,1006.51,56.281
2026-05-23 15:39:03.089,1434282545,163089,BME280,31.24,1006.51,56.281
2026-05-23 15:39:03.289,1434282745,163289,BME280,31.24,1006.53,56.082
2026-05-23 15:39:03.489,1434282945,163489,BME280,31.24,1006.53,56.082
2026-05-23 15:39:03.689,1434283145,163689,BME280,31.24,1006.53,56.082
2026-05-23 15:39:03.889,1434283345,163889,BME280,31.24,1006.53,56.082
2026-05-23 15:39:04.089,1434283545,164089,BME280,31.24,1006.53,56.082
2026-05-23 15:39:04.289,1434283745,164289,BME280,31.24,1006.54,55.986
2026-05-23 15:39:04.545,1434284001,164545,BME280,31.24,1006.54,55.986
2026-05-23 15:39:04.745,1434284201,164745,BME280,31.24,1006.54,55.986
2026-05-23 15:39:04.945,1434284401,164945,BME280,31.24,1006.54,55.986
2026-05-23 15:39:05.145,1434284601,165145,BME280,31.24,1006.54,55.986
2026-05-23 15:39:05.345,1434284801,165345,BME280,31.24,1006.51,56.246
2026-05-23 15:39:05.545,1434285001,165545,BME280,31.24,1006.51,56.246
2026-05-23 15:39:05.745,1434285201,165745,BME280,31.24,1006.51,56.246
2026-05-23 15:39:05.945,1434285401,165945,BME280,31.24,1006.51,56.246
2026-05-23 15:39:06.145,1434285601,166145,BME280,31.24,1006.51,56.246
2026-05-23 15:39:06.345,1434285801,166345,BME280,31.24,1006.55,55.918
2026-05-23 15:39:06.545,1434286001,166545,BME280,31.24,1006.55,55.918
2026-05-23 15:39:06.745,1434286201,166745,BME280,31.24,1006.55,55.918
2026-05-23 15:39:06.945,1434286401,166945,BME280,31.24,1006.55,55.918
2026-05-23 15:39:07.145,1434286601,167145,BME280,31.24,1006.55,55.918
2026-05-23 15:39:07.345,1434286801,167345,BME280,31.24,1006.54,56.0
2026-05-23 15:39:07.545,1434287001,167545,BME280,31.24,1006.54,56.0
2026-05-23 15:39:07.745,1434287201,167745,BME280,31.24,1006.54,56.0
2026-05-23 15:39:07.945,1434287401,167945,BME280,31.24,1006.54,56.0
2026-05-23 15:39:08.145,1434287601,168145,BME280,31.24,1006.54,56.0
2026-05-23 15:39:08.345,1434287801,168345,BME280,31.24,1006.55,55.927
2026-05-23 15:39:08.545,1434288001,168545,BME280,31.24,1006.55,55.927
2026-05-23 15:39:08.745,1434288201,168745,BME280,31.24,1006.55,55.927
2026-05-23 15:39:08.945,1434288401,168945,BME280,31.24,1006.55,55.927
2026-05-23 15:39:09.145,1434288601,169145,BME280,31.24,1006.55,55.927
2026-05-23 15:39:09.345,1434288801,169345,BME280,31.25,1006.54,55.997
2026-05-23 15:39:09.545,1434289001,169545,BME280,31.25,1006.54,55.997
2026-05-23 15:39:09.745,1434289201,169745,BME280,31.25,1006.54,55.997
2026-05-23 15:39:09.945,1434289401,169945,BME280,31.25,1006.54,55.997
2026-05-23 15:39:10.145,1434289601,170145,BME280,31.25,1006.54,55.997
2026-05-23 15:39:10.345,1434289801,170345,BME280,31.26,1006.55,55.907
2026-05-23 15:39:10.545,1434290001,170545,BME280,31.26,1006.55,55.907
2026-05-23 15:39:10.745,1434290201,170745,BME280,31.26,1006.55,55.907
2026-05-23 15:39:10.945,1434290401,170945,BME280,31.26,1006.55,55.907
2026-05-23 15:39:11.145,1434290601,171145,BME280,31.26,1006.54,56.042
2026-05-23 15:39:11.345,1434290801,171345,BME280,31.25,1006.54,56.042
2026-05-23 15:39:11.545,1434291001,171545,BME280,31.25,1006.54,56.042
2026-05-23 15:39:11.745,1434291201,171745,BME280,31.25,1006.54,56.042
2026-05-23 15:39:11.945,1434291401,171945,BME280,31.25,1006.54,56.042
2026-05-23 15:39:12.145,1434291601,172145,BME280,31.25,1006.49,56.472
2026-05-23 15:39:12.345,1434291801,172345,BME280,31.25,1006.49,56.472
2026-05-23 15:39:12.545,1434292001,172545,BME280,31.25,1006.49,56.472
2026-05-23 15:39:12.745,1434292201,172745,BME280,31.25,1006.49,56.472
2026-05-23 15:39:12.945,1434292401,172945,BME280,31.25,1006.49,56.472
2026-05-23 15:39:13.145,1434292601,173145,BME280,31.26,1006.52,56.207
2026-05-23 15:39:13.345,1434292801,173345,BME280,31.26,1006.52,56.207
2026-05-23 15:39:13.545,1434293001,173545,BME280,31.26,1006.52,56.207
2026-05-23 15:39:13.761,1434293217,173761,BME280,31.26,1006.52,56.207
2026-05-23 15:39:13.961,1434293417,173961,BME280,31.26,1006.52,56.207
2026-05-23 15:39:14.161,1434293617,174161,BME280,31.26,1006.52,56.168
2026-05-23 15:39:14.361,1434293817,174361,BME280,31.26,1006.52,56.168
2026-05-23 15:39:14.561,1434294017,174561,BME280,31.26,1006.52,56.168
2026-05-23 15:39:14.761,1434294217,174761,BME280,31.26,1006.52,56.168
2026-05-23 15:39:14.961,1434294417,174961,BME280,31.26,1006.52,56.168
2026-05-23 15:39:15.161,1434294617,175161,BME280,31.25,1006.51,56.236
2026-05-23 15:39:15.361,1434294817,175361,BME280,31.25,1006.51,56.236
2026-05-23 15:39:15.561,1434295017,175561,BME280,31.25,1006.51,56.236
2026-05-23 15:39:15.761,1434295217,175761,BME280,31.25,1006.51,56.236
2026-05-23 15:39:15.961,1434295417,175961,BME280,31.25,1006.51,56.236
2026-05-23 15:39:16.161,1434295617,176161,BME280,31.25,1006.51,56.23
2026-05-23 15:39:16.361,1434295817,176361,BME280,31.25,1006.51,56.23
2026-05-23 15:39:16.561,1434296017,176561,BME280,31.25,1006.51,56.23
2026-05-23 15:39:16.761,1434296217,176761,BME280,31.25,1006.51,56.23
2026-05-23 15:39:16.961,1434296417,176961,BME280,31.25,1006.51,56.23
2026-05-23 15:39:17.161,1434296617,177161,BME280,31.25,1006.53,56.08
2026-05-23 15:39:17.361,1434296817,177361,BME280,31.25,1006.53,56.08
2026-05-23 15:39:17.561,1434297017,177561,BME280,31.25,1006.53,56.08
2026-05-23 15:39:17.761,1434297217,177761,BME280,31.25,1006.53,56.08
2026-05-23 15:39:17.961,1434297417,177961,BME280,31.25,1006.53,56.08
2026-05-23 15:39:18.161,1434297617,178161,BME280,31.24,1006.53,56.059
2026-05-23 15:39:18.361,1434297817,178361,BME280,31.24,1006.53,56.059
2026-05-23 15:39:18.561,1434298017,178561,BME280,31.24,1006.53,56.059
2026-05-23 15:39:18.761,1434298217,178761,BME280,31.24,1006.53,56.059
2026-05-23 15:39:18.961,1434298417,178961,BME280,31.24,1006.53,56.059
2026-05-23 15:39:19.161,1434298617,179161,BME280,31.25,1006.51,56.243
2026-05-23 15:39:19.361,1434298817,179361,BME280,31.25,1006.51,56.243
2026-05-23 15:39:19.561,1434299017,179561,BME280,31.25,1006.51,56.243
2026-05-23 15:39:19.761,1434299217,179761,BME280,31.25,1006.51,56.243
2026-05-23 15:39:19.961,1434299417,179961,BME280,31.25,1006.51,56.243
2026-05-23 15:39:20.161,1434299617,180161,BME280,31.25,1006.49,56.433
2026-05-23 15:39:20.361,1434299817,180361,BME280,31.25,1006.49,56.433
2026-05-23 15:39:20.561,1434300017,180561,BME280,31.25,1006.49,56.433
2026-05-23 15:39:20.761,1434300217,180761,BME280,31.25,1006.49,56.433
2026-05-23 15:39:20.961,1434300417,180961,BME280,31.25,1006.49,56.433
2026-05-23 15:39:21.161,1434300617,181161,BME280,31.24,1006.55,55.914
2026-05-23 15:39:21.361,1434300817,181361,BME280,31.24,1006.55,55.914
2026-05-23 15:39:21.561,1434301017,181561,BME280,31.24,1006.55,55.914
2026-05-23 15:39:21.761,1434301217,181761,BME280,31.24,1006.55,55.914
2026-05-23 15:39:21.961,1434301417,181961,BME280,31.24,1006.55,55.914
2026-05-23 15:39:22.161,1434301617,182161,BME280,31.24,1006.52,56.164
2026-05-23 15:39:22.361,1434301817,182361,BME280,31.24,1006.52,56.164
2026-05-23 15:39:22.561,1434302017,182561,BME280,31.24,1006.52,56.164
2026-05-23 15:39:22.761,1434302217,182761,BME280,31.24,1006.52,56.164
2026-05-23 15:39:22.961,1434302417,182961,BME280,31.24,1006.52,56.164
2026-05-23 15:39:23.161,1434302617,183161,BME280,31.24,1006.5,56.32
2026-05-23 15:39:23.361,1434302817,183361,BME280,31.24,1006.5,56.32
2026-05-23 15:39:23.561,1434303017,183561,BME280,31.24,1006.5,56.32
2026-05-23 15:39:23.761,1434303217,183761,BME280,31.24,1006.5,56.32
2026-05-23 15:39:23.961,1434303417,183961,BME280,31.24,1006.5,56.32
2026-05-23 15:39:24.161,1434303617,184161,BME280,31.24,1006.55,55.956
2026-05-23 15:39:24.361,1434303817,184361,BME280,31.24,1006.55,55.956
2026-05-23 15:39:24.561,1434304017,184561,BME280,31.24,1006.55,55.956
2026-05-23 15:39:24.761,1434304217,184761,BME280,31.24,1006.55,55.956
2026-05-23 15:39:24.961,1434304417,184961,BME280,31.24,1006.55,55.956
2026-05-23 15:39:25.161,1434304617,185161,BME280,31.23,1006.52,56.187
2026-05-23 15:39:25.361,1434304817,185361,BME280,31.23,1006.52,56.187
2026-05-23 15:39:25.561,1434305017,185561,BME280,31.23,1006.52,56.187
2026-05-23 15:39:25.761,1434305217,185761,BME280,31.23,1006.52,56.187
2026-05-23 15:39:25.961,1434305417,185961,BME280,31.23,1006.52,56.187
2026-05-23 15:39:26.161,1434305617,186161,BME280,31.23,1006.52,56.149
2026-05-23 15:39:26.361,1434305817,186361,BME280,31.23,1006.52,56.149
2026-05-23 15:39:26.561,1434306017,186561,BME280,31.23,1006.52,56.149
2026-05-23 15:39:26.761,1434306217,186761,BME280,31.23,1006.52,56.149
2026-05-23 15:39:26.961,1434306417,186961,BME280,31.23,1006.52,56.149
2026-05-23 15:39:27.161,1434306617,187161,BME280,31.24,1006.51,56.242
2026-05-23 15:39:27.361,1434306817,187361,BME280,31.24,1006.51,56.242
2026-05-23 15:39:27.561,1434307017,187561,BME280,31.24,1006.51,56.242
2026-05-23 15:39:27.761,1434307217,187761,BME280,31.24,1006.51,56.242
2026-05-23 15:39:27.961,1434307417,187961,BME280,31.24,1006.51,56.242
2026-05-23 15:39:28.161,1434307617,188161,BME280,31.24,1006.5,56.363
2026-05-23 15:39:28.361,1434307817,188361,BME280,31.24,1006.5,56.363
2026-05-23 15:39:28.561,1434308017,188561,BME280,31.24,1006.5,56.363
2026-05-23 15:39:28.761,1434308217,188761,BME280,31.24,1006.5,56.363
2026-05-23 15:39:28.961,1434308417,188961,BME280,31.24,1006.5,56.363
2026-05-23 15:39:29.161,1434308617,189161,BME280,31.23,1006.5,56.313
2026-05-23 15:39:29.361,1434308817,189361,BME280,31.23,1006.5,56.313
2026-05-23 15:39:29.561,1434309017,189561,BME280,31.23,1006.5,56.313
2026-05-23 15:39:29.761,1434309217,189761,BME280,31.23,1006.5,56.313
2026-05-23 15:39:29.961,1434309417,189961,BME280,31.23,1006.5,56.313
2026-05-23 15:39:30.161,1434309617,190161,BME280,31.23,1006.51,56.284
2026-05-23 15:39:30.361,1434309817,190361,BME280,31.23,1006.51,56.284
2026-05-23 15:39:30.561,1434310017,190561,BME280,31.23,1006.51,56.284
2026-05-23 15:39:30.761,1434310217,190761,BME280,31.23,1006.51,56.284
2026-05-23 15:39:30.961,1434310417,190961,BME280,31.23,1006.51,56.284
2026-05-23 15:39:31.161,1434310617,191161,BME280,31.24,1006.49,56.45
2026-05-23 15:39:31.361,1434310817,191361,BME280,31.24,1006.49,56.45
2026-05-23 15:39:31.561,1434311017,191561,BME280,31.24,1006.49,56.45
2026-05-23 15:39:31.761,1434311217,191761,BME280,31.24,1006.49,56.45
2026-05-23 15:39:31.961,1434311417,191961,BME280,31.24,1006.49,56.45
2026-05-23 15:39:32.161,1434311617,192161,BME280,31.23,1006.51,56.308
2026-05-23 15:39:32.361,1434311817,192361,BME280,31.23,1006.51,56.308
2026-05-23 15:39:32.561,1434312017,192561,BME280,31.23,1006.51,56.308
2026-05-23 15:39:32.761,1434312217,192761,BME280,31.23,1006.51,56.308
2026-05-23 15:39:32.961,1434312417,192961,BME280,31.23,1006.51,56.308
2026-05-23 15:39:33.161,1434312617,193161,BME280,31.24,1006.49,56.401
2026-05-23 15:39:33.361,1434312817,193361,BME280,31.24,1006.49,56.401
2026-05-23 15:39:33.561,1434313017,193561,BME280,31.24,1006.49,56.401
2026-05-23 15:39:33.761,1434313217,193761,BME280,31.24,1006.49,56.401
2026-05-23 15:39:33.961,1434313417,193961,BME280,31.24,1006.49,56.401
2026-05-23 15:39:34.161,1434313617,194161,BME280,31.24,1006.5,56.344
2026-05-23 15:39:34.361,1434313817,194361,BME280,31.24,1006.5,56.344
2026-05-23 15:39:34.561,1434314017,194561,BME280,31.24,1006.5,56.344
2026-05-23 15:39:34.761,1434314217,194761,BME280,31.24,1006.5,56.344
2026-05-23 15:39:34.961,1434314417,194961,BME280,31.24,1006.5,56.344
2026-05-23 15:39:35.161,1434314617,195161,BME280,31.24,1006.5,56.344
2026-05-23 15:39:35.361,1434314817,195361,BME280,31.24,1006.5,56.344
2026-05-23 15:39:35.561,1434315017,195561,BME280,31.24,1006.5,56.344
2026-05-23 15:39:35.761,1434315217,195761,BME280,31.24,1006.5,56.344
2026-05-23 15:39:35.961,1434315417,195961,BME280,31.24,1006.5,56.344
2026-05-23 15:39:36.161,1434315617,196161,BME280,31.24,1006.5,56.33
2026-05-23 15:39:36.361,1434315817,196361,BME280,31.24,1006.5,56.33
2026-05-23 15:39:36.596,1434316052,196596,BME280,31.24,1006.5,56.33
2026-05-23 15:39:36.796,1434316252,196796,BME280,31.24,1006.5,56.33
2026-05-23 15:39:36.996,1434316452,196996,BME280,31.24,1006.51,56.286
2026-05-23 15:39:37.196,1434316652,197196,BME280,31.24,1006.51,56.286
2026-05-23 15:39:37.396,1434316852,197396,BME280,31.24,1006.51,56.286
2026-05-23 15:39:37.596,1434317052,197596,BME280,31.24,1006.51,56.286
2026-05-23 15:39:37.796,1434317252,197796,BME280,31.24,1006.51,56.286
2026-05-23 15:39:37.996,1434317452,197996,BME280,31.23,1006.51,56.251
2026-05-23 15:39:38.196,1434317652,198196,BME280,31.23,1006.51,56.251
2026-05-23 15:39:38.396,1434317852,198396,BME280,31.23,1006.51,56.251
2026-05-23 15:39:38.596,1434318052,198596,BME280,31.23,1006.51,56.251
2026-05-23 15:39:38.796,1434318252,198796,BME280,31.23,1006.51,56.251
2026-05-23 15:39:38.996,1434318452,198996,BME280,31.22,1006.49,56.472
2026-05-23 15:39:39.196,1434318652,199196,BME280,31.22,1006.49,56.472
2026-05-23 15:39:39.396,1434318852,199396,BME280,31.22,1006.49,56.472
2026-05-23 15:39:39.596,1434319052,199596,BME280,31.22,1006.49,56.472
2026-05-23 15:39:39.796,1434319252,199796,BME280,31.22,1006.49,56.472
2026-05-23 15:39:39.996,1434319452,199996,BME280,31.23,1006.51,56.235
2026-05-23 15:39:40.196,1434319652,200196,BME280,31.23,1006.51,56.235
2026-05-23 15:39:40.396,1434319852,200396,BME280,31.23,1006.51,56.235
2026-05-23 15:39:40.596,1434320052,200596,BME280,31.23,1006.51,56.235
2026-05-23 15:39:40.796,1434320252,200796,BME280,31.23,1006.51,56.235
2026-05-23 15:39:40.996,1434320452,200996,BME280,31.22,1006.52,56.146
2026-05-23 15:39:41.196,1434320652,201196,BME280,31.22,1006.52,56.146
2026-05-23 15:39:41.396,1434320852,201396,BME280,31.22,1006.52,56.146
2026-05-23 15:39:41.596,1434321052,201596,BME280,31.22,1006.52,56.146
2026-05-23 15:39:41.796,1434321252,201796,BME280,31.22,1006.52,56.146
2026-05-23 15:39:41.996,1434321452,201996,BME280,31.22,1006.54,56.045
2026-05-23 15:39:42.196,1434321652,202196,BME280,31.22,1006.54,56.045
2026-05-23 15:39:42.396,1434321852,202396,BME280,31.22,1006.54,56.045
2026-05-23 15:39:42.596,1434322052,202596,BME280,31.22,1006.54,56.045
2026-05-23 15:39:42.796,1434322252,202796,BME280,31.22,1006.54,56.045
2026-05-23 15:39:42.996,1434322452,202996,BME280,31.23,1006.52,56.162
2026-05-23 15:39:43.196,1434322652,203196,BME280,31.23,1006.52,56.162
2026-05-23 15:39:43.396,1434322852,203396,BME280,31.23,1006.52,56.162
2026-05-23 15:39:43.596,1434323052,203596,BME280,31.23,1006.52,56.162
2026-05-23 15:39:43.796,1434323252,203796,BME280,31.23,1006.52,56.162
2026-05-23 15:39:43.996,1434323452,203996,BME280,31.21,1006.53,56.111
2026-05-23 15:39:44.196,1434323652,204196,BME280,31.21,1006.53,56.111
2026-05-23 15:39:44.396,1434323852,204396,BME280,31.21,1006.53,56.111
2026-05-23 15:39:44.596,1434324052,204596,BME280,31.21,1006.53,56.111
2026-05-23 15:39:44.796,1434324252,204796,BME280,31.21,1006.53,56.111
2026-05-23 15:39:44.996,1434324452,204996,BME280,31.22,1006.52,56.223
2026-05-23 15:39:45.196,1434324652,205196,BME280,31.22,1006.52,56.223
2026-05-23 15:39:45.396,1434324852,205396,BME280,31.22,1006.52,56.223
2026-05-23 15:39:45.596,1434325052,205596,BME280,31.22,1006.52,56.223
2026-05-23 15:39:45.796,1434325252,205796,BME280,31.22,1006.52,56.223
2026-05-23 15:39:45.996,1434325452,205996,BME280,31.21,1006.5,56.356
2026-05-23 15:39:46.196,1434325652,206196,BME280,31.21,1006.5,56.356
2026-05-23 15:39:46.396,1434325852,206396,BME280,31.21,1006.5,56.356
2026-05-23 15:39:46.596,1434326052,206596,BME280,31.21,1006.5,56.356
2026-05-23 15:39:46.796,1434326252,206796,BME280,31.21,1006.5,56.356
2026-05-23 15:39:46.996,1434326452,206996,BME280,31.21,1006.53,56.14
2026-05-23 15:39:47.196,1434326652,207196,BME280,31.21,1006.53,56.14
2026-05-23 15:39:47.396,1434326852,207396,BME280,31.21,1006.53,56.14
2026-05-23 15:39:47.596,1434327052,207596,BME280,31.21,1006.53,56.14
2026-05-23 15:39:47.796,1434327252,207796,BME280,31.21,1006.53,56.14
2026-05-23 15:39:47.996,1434327452,207996,BME280,31.22,1006.51,56.277
2026-05-23 15:39:48.196,1434327652,208196,BME280,31.22,1006.51,56.277
2026-05-23 15:39:48.396,1434327852,208396,BME280,31.22,1006.51,56.277
2026-05-23 15:39:48.596,1434328052,208596,BME280,31.22,1006.51,56.277
2026-05-23 15:39:48.796,1434328252,208796,BME280,31.22,1006.51,56.277
2026-05-23 15:39:48.996,1434328452,208996,BME280,31.21,1006.5,56.314
2026-05-23 15:39:49.196,1434328652,209196,BME280,31.21,1006.5,56.314
2026-05-23 15:39:49.396,1434328852,209396,BME280,31.21,1006.5,56.314
2026-05-23 15:39:49.596,1434329052,209596,BME280,31.21,1006.5,56.314
2026-05-23 15:39:49.796,1434329252,209796,BME280,31.21,1006.5,56.314
2026-05-23 15:39:49.996,1434329452,209996,BME280,31.22,1006.53,56.117
2026-05-23 15:39:50.196,1434329652,210196,BME280,31.22,1006.53,56.117
2026-05-23 15:39:50.396,1434329852,210396,BME280,31.22,1006.53,56.117
2026-05-23 15:39:50.596,1434330052,210596,BME280,31.22,1006.53,56.117
2026-05-23 15:39:50.796,1434330252,210796,BME280,31.22,1006.53,56.117
2026-05-23 15:39:50.996,1434330452,210996,BME280,31.22,1006.5,56.321
2026-05-23 15:39:51.196,1434330652,211196,BME280,31.22,1006.5,56.321
2026-05-23 15:39:51.396,1434330852,211396,BME280,31.22,1006.5,56.321
2026-05-23 15:39:51.596,1434331052,211596,BME280,31.22,1006.5,56.321
2026-05-23 15:39:51.796,1434331252,211796,BME280,31.22,1006.5,56.321
2026-05-23 15:39:51.996,1434331452,211996,BME280,31.22,1006.49,56.455
2026-05-23 15:39:52.196,1434331652,212196,BME280,31.22,1006.49,56.455
2026-05-23 15:39:52.396,1434331852,212396,BME280,31.22,1006.49,56.455
2026-05-23 15:39:52.596,1434332052,212596,BME280,31.22,1006.49,56.455
2026-05-23 15:39:52.796,1434332252,212796,BME280,31.22,1006.49,56.455
2026-05-23 15:39:52.996,1434332452,212996,BME280,31.22,1006.53,56.102
2026-05-23 15:39:53.196,1434332652,213196,BME280,31.22,1006.53,56.102
2026-05-23 15:39:53.396,1434332852,213396,BME280,31.22,1006.53,56.102
2026-05-23 15:39:53.596,1434333052,213596,BME280,31.22,1006.53,56.102
2026-05-23 15:39:53.796,1434333252,213796,BME280,31.22,1006.53,56.102
2026-05-23 15:39:53.996,1434333452,213996,BME280,31.22,1006.52,56.18
2026-05-23 15:39:54.196,1434333652,214196,BME280,31.22,1006.52,56.18
2026-05-23 15:39:54.396,1434333852,214396,BME280,31.22,1006.52,56.18
2026-05-23 15:39:54.596,1434334052,214596,BME280,31.22,1006.52,56.18
2026-05-23 15:39:54.796,1434334252,214796,BME280,31.22,1006.52,56.18
2026-05-23 15:39:54.996,1434334452,214996,BME280,31.21,1006.53,56.126
2026-05-23 15:39:55.196,1434334652,215196,BME280,31.21,1006.53,56.126
2026-05-23 15:39:55.396,1434334852,215396,BME280,31.21,1006.53,56.126
2026-05-23 15:39:55.596,1434335052,215596,BME280,31.21,1006.53,56.126
2026-05-23 15:39:55.796,1434335252,215796,BME280,31.21,1006.53,56.126
2026-05-23 15:39:55.996,1434335452,215996,BME280,31.21,1006.5,56.334
2026-05-23 15:39:56.196,1434335652,216196,BME280,31.21,1006.5,56.334
2026-05-23 15:39:56.396,1434335852,216396,BME280,31.21,1006.5,56.334
2026-05-23 15:39:56.596,1434336052,216596,BME280,31.21,1006.5,56.334
2026-05-23 15:39:56.796,1434336252,216796,BME280,31.21,1006.5,56.334
2026-05-23 15:39:56.996,1434336452,216996,BME280,31.2,1006.49,56.438
2026-05-23 15:39:57.196,1434336652,217196,BME280,31.2,1006.49,56.438
2026-05-23 15:39:57.396,1434336852,217396,BME280,31.2,1006.49,56.438
2026-05-23 15:39:57.596,1434337052,217596,BME280,31.2,1006.49,56.438
2026-05-23 15:39:57.796,1434337252,217796,BME280,31.2,1006.49,56.438
2026-05-23 15:39:57.996,1434337452,217996,BME280,31.2,1006.48,56.481
2026-05-23 15:39:58.196,1434337652,218196,BME280,31.2,1006.48,56.481
2026-05-23 15:39:58.396,1434337852,218396,BME280,31.2,1006.48,56.481
2026-05-23 15:39:58.596,1434338052,218596,BME280,31.2,1006.48,56.481
2026-05-23 15:39:58.796,1434338252,218796,BME280,31.2,1006.48,56.481
2026-05-23 15:39:58.996,1434338452,218996,BME280,31.2,1006.49,56.428
2026-05-23 15:39:59.196,1434338652,219196,BME280,31.2,1006.49,56.428
2026-05-23 15:39:59.396,1434338852,219396,BME280,31.2,1006.49,56.428
2026-05-23 15:39:59.596,1434339052,219596,BME280,31.2,1006.49,56.428
2026-05-23 15:39:59.796,1434339252,219796,BME280,31.2,1006.49,56.428
2026-05-23 15:39:59.996,1434339452,219996,BME280,31.2,1006.49,56.442
2026-05-23 15:40:00.196,1434339652,220196,BME280,31.2,1006.49,56.442
2026-05-23 15:40:00.396,1434339852,220396,BME280,31.2,1006.49,56.442
2026-05-23 15:40:00.596,1434340052,220596,BME280,31.2,1006.49,56.442
2026-05-23 15:40:00.796,1434340252,220796,BME280,31.2,1006.49,56.442
2026-05-23 15:40:00.996,1434340452,220996,BME280,31.18,1006.5,56.367
2026-05-23 15:40:01.196,1434340652,221196,BME280,31.18,1006.5,56.367
2026-05-23 15:40:01.396,1434340852,221396,BME280,31.18,1006.5,56.367
2026-05-23 15:40:01.596,1434341052,221596,BME280,31.18,1006.5,56.367
2026-05-23 15:40:01.796,1434341252,221796,BME280,31.18,1006.51,56.265
2026-05-23 15:40:01.996,1434341452,221996,BME280,31.18,1006.51,56.265
2026-05-23 15:40:02.196,1434341652,222196,BME280,31.18,1006.51,56.265
2026-05-23 15:40:02.396,1434341852,222396,BME280,31.18,1006.51,56.265
2026-05-23 15:40:02.596,1434342052,222596,BME280,31.18,1006.51,56.265
2026-05-23 15:40:02.796,1434342252,222796,BME280,31.18,1006.51,56.259
2026-05-23 15:40:02.996,1434342452,222996,BME280,31.18,1006.51,56.259
2026-05-23 15:40:03.196,1434342652,223196,BME280,31.18,1006.51,56.259
2026-05-23 15:40:03.396,1434342852,223396,BME280,31.18,1006.51,56.259
2026-05-23 15:40:03.596,1434343052,223596,BME280,31.18,1006.51,56.259
2026-05-23 15:40:03.796,1434343252,223796,BME280,31.18,1006.51,56.274
2026-05-23 15:40:03.996,1434343452,223996,BME280,31.18,1006.51,56.274
2026-05-23 15:40:04.196,1434343652,224196,BME280,31.18,1006.51,56.274
2026-05-23 15:40:04.396,1434343852,224396,BME280,31.18,1006.51,56.274
2026-05-23 15:40:04.596,1434344052,224596,BME280,31.18,1006.51,56.274
2026-05-23 15:40:04.796,1434344252,224796,BME280,31.18,1006.51,56.245
2026-05-23 15:40:04.996,1434344452,224996,BME280,31.18,1006.51,56.245
2026-05-23 15:40:05.196,1434344652,225196,BME280,31.18,1006.51,56.245
2026-05-23 15:40:05.396,1434344852,225396,BME280,31.18,1006.51,56.245
2026-05-23 15:40:05.596,1434345052,225596,BME280,31.18,1006.51,56.245
2026-05-23 15:40:05.796,1434345252,225796,BME280,31.18,1006.53,56.08
2026-05-23 15:40:05.996,1434345452,225996,BME280,31.18,1006.53,56.08
2026-05-23 15:40:06.196,1434345652,226196,BME280,31.18,1006.53,56.08
2026-05-23 15:40:06.396,1434345852,226396,BME280,31.18,1006.53,56.08
2026-05-23 15:40:06.596,1434346052,226596,BME280,31.18,1006.53,56.08
2026-05-23 15:40:06.796,1434346252,226796,BME280,31.18,1006.53,56.065
2026-05-23 15:40:06.996,1434346452,226996,BME280,31.18,1006.53,56.065
2026-05-23 15:40:07.196,1434346652,227196,BME280,31.18,1006.53,56.065
2026-05-23 15:40:07.396,1434346852,227396,BME280,31.18,1006.53,56.065
2026-05-23 15:40:07.596,1434347052,227596,BME280,31.18,1006.53,56.065
2026-05-23 15:40:07.796,1434347252,227796,BME280,31.18,1006.53,56.134
2026-05-23 15:40:07.996,1434347452,227996,BME280,31.18,1006.53,56.134
2026-05-23 15:40:08.196,1434347652,228196,BME280,31.18,1006.53,56.134
2026-05-23 15:40:08.396,1434347852,228396,BME280,31.18,1006.53,56.134
2026-05-23 15:40:08.596,1434348052,228596,BME280,31.18,1006.53,56.134
2026-05-23 15:40:08.796,1434348252,228796,BME280,31.2,1006.53,56.112
2026-05-23 15:40:08.996,1434348452,228996,BME280,31.2,1006.53,56.112
2026-05-23 15:40:09.196,1434348652,229196,BME280,31.2,1006.53,56.112
2026-05-23 15:40:09.396,1434348852,229396,BME280,31.2,1006.53,56.112
2026-05-23 15:40:09.596,1434349052,229596,BME280,31.2,1006.53,56.112
2026-05-23 15:40:09.796,1434349252,229796,BME280,31.19,1006.53,56.102
2026-05-23 15:40:09.996,1434349452,229996,BME280,31.19,1006.53,56.102
2026-05-23 15:40:10.196,1434349652,230196,BME280,31.19,1006.53,56.102
2026-05-23 15:40:10.396,1434349852,230396,BME280,31.19,1006.53,56.102
2026-05-23 15:40:10.596,1434350052,230596,BME280,31.19,1006.53,56.102
2026-05-23 15:40:10.796,1434350252,230796,BME280,31.2,1006.51,56.243
2026-05-23 15:40:10.996,1434350452,230996,BME280,31.2,1006.51,56.243
2026-05-23 15:40:11.196,1434350652,231196,BME280,31.2,1006.51,56.243
2026-05-23 15:40:11.396,1434350852,231396,BME280,31.2,1006.51,56.243
2026-05-23 15:40:11.596,1434351052,231596,BME280,31.2,1006.51,56.243
2026-05-23 15:40:11.796,1434351252,231796,BME280,31.19,1006.49,56.392
2026-05-23 15:40:11.996,1434351452,231996,BME280,31.19,1006.49,56.392
2026-05-23 15:40:12.196,1434351652,232196,BME280,31.19,1006.49,56.392
2026-05-23 15:40:12.396,1434351852,232396,BME280,31.19,1006.49,56.392
2026-05-23 15:40:12.596,1434352052,232596,BME280,31.19,1006.49,56.392
2026-05-23 15:40:12.796,1434352252,232796,BME280,31.19,1006.49,56.466
2026-05-23 15:40:12.996,1434352452,232996,BME280,31.19,1006.49,56.466
2026-05-23 15:40:13.196,1434352652,233196,BME280,31.19,1006.49,56.466
2026-05-23 15:40:13.396,1434352852,233396,BME280,31.19,1006.49,56.466
2026-05-23 15:40:13.596,1434353052,233596,BME280,31.19,1006.49,56.466
2026-05-23 15:40:13.796,1434353252,233796,BME280,31.2,1006.5,56.344
2026-05-23 15:40:13.996,1434353452,233996,BME280,31.2,1006.5,56.344
2026-05-23 15:40:14.196,1434353652,234196,BME280,31.2,1006.5,56.344
2026-05-23 15:40:14.396,1434353852,234396,BME280,31.2,1006.5,56.344
2026-05-23 15:40:14.596,1434354052,234596,BME280,31.2,1006.5,56.344
2026-05-23 15:40:14.796,1434354252,234796,BME280,31.2,1006.51,56.248
2026-05-23 15:40:14.996,1434354452,234996,BME280,31.2,1006.51,56.248
2026-05-23 15:40:15.196,1434354652,235196,BME280,31.2,1006.51,56.248
2026-05-23 15:40:15.396,1434354852,235396,BME280,31.2,1006.51,56.248
2026-05-23 15:40:15.596,1434355052,235596,BME280,31.2,1006.51,56.248
2026-05-23 15:40:15.796,1434355252,235796,BME280,31.19,1006.5,56.368
2026-05-23 15:40:15.996,1434355452,235996,BME280,31.19,1006.5,56.368
2026-05-23 15:40:16.196,1434355652,236196,BME280,31.19,1006.5,56.368
2026-05-23 15:40:16.396,1434355852,236396,BME280,31.19,1006.5,56.368
2026-05-23 15:40:16.596,1434356052,236596,BME280,31.19,1006.5,56.368
2026-05-23 15:40:16.796,1434356252,236796,BME280,31.19,1006.5,56.363
2026-05-23 15:40:16.996,1434356452,236996,BME280,31.19,1006.5,56.363
2026-05-23 15:40:17.196,1434356652,237196,BME280,31.19,1006.5,56.363
2026-05-23 15:40:17.396,1434356852,237396,BME280,31.19,1006.5,56.363
2026-05-23 15:40:17.596,1434357052,237596,BME280,31.19,1006.5,56.363
2026-05-23 15:40:17.796,1434357252,237796,BME280,31.18,1006.51,56.279
2026-05-23 15:40:17.996,1434357452,237996,BME280,31.18,1006.51,56.279
2026-05-23 15:40:18.196,1434357652,238196,BME280,31.18,1006.51,56.279
2026-05-23 15:40:18.396,1434357852,238396,BME280,31.18,1006.51,56.279
2026-05-23 15:40:18.596,1434358052,238596,BME280,31.18,1006.51,56.279
2026-05-23 15:40:18.796,1434358252,238796,BME280,31.18,1006.48,56.495
2026-05-23 15:40:18.996,1434358452,238996,BME280,31.18,1006.48,56.495
2026-05-23 15:40:19.196,1434358652,239196,BME280,31.18,1006.48,56.495
2026-05-23 15:40:19.396,1434358852,239396,BME280,31.18,1006.48,56.495
2026-05-23 15:40:19.596,1434359052,239596,BME280,31.18,1006.48,56.495
2026-05-23 15:40:19.796,1434359252,239796,BME280,31.18,1006.49,56.423
2026-05-23 15:40:19.996,1434359452,239996,BME280,31.18,1006.49,56.423
2026-05-23 15:40:20.196,1434359652,240196,BME280,31.18,1006.49,56.423
2026-05-23 15:40:20.396,1434359852,240396,BME280,31.18,1006.49,56.423
2026-05-23 15:40:20.596,1434360052,240596,BME280,31.18,1006.49,56.423
2026-05-23 15:40:20.796,1434360252,240796,BME280,31.17,1006.5,56.32
2026-05-23 15:40:20.996,1434360452,240996,BME280,31.17,1006.5,56.32
2026-05-23 15:40:21.196,1434360652,241196,BME280,31.17,1006.5,56.32
2026-05-23 15:40:21.396,1434360852,241396,BME280,31.17,1006.5,56.32
2026-05-23 15:40:21.596,1434361052,241596,BME280,31.17,1006.5,56.32
2026-05-23 15:40:21.796,1434361252,241796,BME280,31.17,1006.51,56.238
2026-05-23 15:40:21.996,1434361452,241996,BME280,31.17,1006.51,56.238
2026-05-23 15:40:22.196,1434361652,242196,BME280,31.17,1006.51,56.238
2026-05-23 15:40:22.396,1434361852,242396,BME280,31.17,1006.51,56.238
2026-05-23 15:40:22.596,1434362052,242596,BME280,31.17,1006.51,56.238
2026-05-23 15:40:22.796,1434362252,242796,BME280,31.16,1006.51,56.261
2026-05-23 15:40:22.996,1434362452,242996,BME280,31.16,1006.51,56.261
2026-05-23 15:40:23.196,1434362652,243196,BME280,31.16,1006.51,56.261
2026-05-23 15:40:23.396,1434362852,243396,BME280,31.16,1006.51,56.261
2026-05-23 15:40:23.596,1434363052,243596,BME280,31.16,1006.51,56.261
2026-05-23 15:40:23.796,1434363252,243796,BME280,31.16,1006.53,56.129
2026-05-23 15:40:23.996,1434363452,243996,BME280,31.16,1006.53,56.129
2026-05-23 15:40:24.196,1434363652,244196,BME280,31.16,1006.53,56.129
2026-05-23 15:40:24.396,1434363852,244396,BME280,31.16,1006.53,56.129
2026-05-23 15:40:24.596,1434364052,244596,BME280,31.16,1006.53,56.129
2026-05-23 15:40:24.796,1434364252,244796,BME280,31.16,1006.55,55.94
2026-05-23 15:40:24.996,1434364452,244996,BME280,31.16,1006.55,55.94
2026-05-23 15:40:25.196,1434364652,245196,BME280,31.16,1006.55,55.94
2026-05-23 15:40:25.396,1434364852,245396,BME280,31.16,1006.55,55.94
2026-05-23 15:40:25.596,1434365052,245596,BME280,31.16,1006.55,55.94
2026-05-23 15:40:25.796,1434365252,245796,BME280,31.15,1006.52,56.144
2026-05-23 15:40:25.996,1434365452,245996,BME280,31.15,1006.52,56.144
2026-05-23 15:40:26.196,1434365652,246196,BME280,31.15,1006.52,56.144
2026-05-23 15:40:26.396,1434365852,246396,BME280,31.15,1006.52,56.144
2026-05-23 15:40:26.596,1434366052,246596,BME280,31.15,1006.52,56.144
2026-05-23 15:40:26.796,1434366252,246796,BME280,31.15,1006.53,56.072
2026-05-23 15:40:26.996,1434366452,246996,BME280,31.15,1006.53,56.072
2026-05-23 15:40:27.196,1434366652,247196,BME280,31.15,1006.53,56.072
2026-05-23 15:40:27.396,1434366852,247396,BME280,31.15,1006.53,56.072
2026-05-23 15:40:27.596,1434367052,247596,BME280,31.15,1006.53,56.072
2026-05-23 15:40:27.796,1434367252,247796,BME280,31.15,1006.53,56.136
2026-05-23 15:40:27.996,1434367452,247996,BME280,31.15,1006.53,56.136
2026-05-23 15:40:28.196,1434367652,248196,BME280,31.15,1006.53,56.136
2026-05-23 15:40:28.396,1434367852,248396,BME280,31.15,1006.53,56.136
2026-05-23 15:40:28.596,1434368052,248596,BME280,31.15,1006.53,56.136
2026-05-23 15:40:28.796,1434368252,248796,BME280,31.16,1006.55,55.942
2026-05-23 15:40:28.996,1434368452,248996,BME280,31.16,1006.55,55.942
2026-05-23 15:40:29.196,1434368652,249196,BME280,31.16,1006.55,55.942
2026-05-23 15:40:29.396,1434368852,249396,BME280,31.16,1006.55,55.942
2026-05-23 15:40:29.596,1434369052,249596,BME280,31.16,1006.55,55.942
2026-05-23 15:40:29.796,1434369252,249796,BME280,31.16,1006.56,55.853
2026-05-23 15:40:29.996,1434369452,249996,BME280,31.16,1006.56,55.853
2026-05-23 15:40:30.196,1434369652,250196,BME280,31.16,1006.56,55.853
2026-05-23 15:40:30.396,1434369852,250396,BME280,31.16,1006.56,55.853
2026-05-23 15:40:30.596,1434370052,250596,BME280,31.16,1006.52,56.169
2026-05-23 15:40:30.796,1434370252,250796,BME280,31.16,1006.52,56.169
2026-05-23 15:40:30.996,1434370452,250996,BME280,31.16,1006.52,56.169
2026-05-23 15:40:31.196,1434370652,251196,BME280,31.16,1006.52,56.169
2026-05-23 15:40:31.396,1434370852,251396,BME280,31.16,1006.52,56.169
2026-05-23 15:40:31.596,1434371052,251596,BME280,31.16,1006.52,56.144
2026-05-23 15:40:31.796,1434371252,251796,BME280,31.16,1006.52,56.144
2026-05-23 15:40:31.996,1434371452,251996,BME280,31.16,1006.52,56.144
2026-05-23 15:40:32.196,1434371652,252196,BME280,31.16,1006.52,56.144
2026-05-23 15:40:32.396,1434371852,252396,BME280,31.16,1006.52,56.144
2026-05-23 15:40:32.596,1434372052,252596,BME280,31.17,1006.53,56.079
2026-05-23 15:40:32.796,1434372252,252796,BME280,31.17,1006.53,56.079
2026-05-23 15:40:32.996,1434372452,252996,BME280,31.17,1006.53,56.079
2026-05-23 15:40:33.196,1434372652,253196,BME280,31.17,1006.53,56.079
2026-05-23 15:40:33.396,1434372852,253396,BME280,31.17,1006.53,56.079
2026-05-23 15:40:33.596,1434373052,253596,BME280,31.15,1006.52,56.222
2026-05-23 15:40:33.796,1434373252,253796,BME280,31.15,1006.52,56.222
2026-05-23 15:40:33.996,1434373452,253996,BME280,31.15,1006.52,56.222
2026-05-23 15:40:34.196,1434373652,254196,BME280,31.15,1006.52,56.222
2026-05-23 15:40:34.396,1434373852,254396,BME280,31.15,1006.52,56.222
2026-05-23 15:40:34.596,1434374052,254596,BME280,31.16,1006.54,56.005
2026-05-23 15:40:34.796,1434374252,254796,BME280,31.16,1006.54,56.005
2026-05-23 15:40:34.996,1434374452,254996,BME280,31.16,1006.54,56.005
2026-05-23 15:40:35.196,1434374652,255196,BME280,31.16,1006.54,56.005
2026-05-23 15:40:35.396,1434374852,255396,BME280,31.16,1006.54,56.005
2026-05-23 15:40:35.596,1434375052,255596,BME280,31.16,1006.52,56.16
2026-05-23 15:40:35.796,1434375252,255796,BME280,31.16,1006.52,56.16
2026-05-23 15:40:35.996,1434375452,255996,BME280,31.16,1006.52,56.16
2026-05-23 15:40:36.196,1434375652,256196,BME280,31.16,1006.52,56.16
2026-05-23 15:40:36.396,1434375852,256396,BME280,31.16,1006.52,56.16
2026-05-23 15:40:36.596,1434376052,256596,BME280,31.15,1006.54,56.053
2026-05-23 15:40:36.796,1434376252,256796,BME280,31.15,1006.54,56.053
2026-05-23 15:40:36.996,1434376452,256996,BME280,31.15,1006.54,56.053
2026-05-23 15:40:37.196,1434376652,257196,BME280,31.15,1006.54,56.053
2026-05-23 15:40:37.396,1434376852,257396,BME280,31.15,1006.54,56.053
2026-05-23 15:40:37.596,1434377052,257596,BME280,31.15,1006.5,56.323
2026-05-23 15:40:37.796,1434377252,257796,BME280,31.15,1006.5,56.323
2026-05-23 15:40:37.996,1434377452,257996,BME280,31.15,1006.5,56.323
2026-05-23 15:40:38.196,1434377652,258196,BME280,31.15,1006.5,56.323
2026-05-23 15:40:38.396,1434377852,258396,BME280,31.15,1006.5,56.323
2026-05-23 15:40:38.596,1434378052,258596,BME280,31.15,1006.53,56.111
2026-05-23 15:40:38.796,1434378252,258796,BME280,31.15,1006.53,56.111
2026-05-23 15:40:38.996,1434378452,258996,BME280,31.15,1006.53,56.111
2026-05-23 15:40:39.196,1434378652,259196,BME280,31.15,1006.53,56.111
2026-05-23 15:40:39.396,1434378852,259396,BME280,31.15,1006.53,56.111
2026-05-23 15:40:39.596,1434379052,259596,BME280,31.15,1006.53,56.111
2026-05-23 15:40:39.796,1434379252,259796,BME280,31.15,1006.53,56.111
2026-05-23 15:40:39.996,1434379452,259996,BME280,31.15,1006.53,56.111
2026-05-23 15:40:40.196,1434379652,260196,BME280,31.15,1006.53,56.111
2026-05-23 15:40:40.396,1434379852,260396,BME280,31.15,1006.53,56.111
2026-05-23 15:40:40.596,1434380052,260596,BME280,31.15,1006.55,55.921
2026-05-23 15:40:40.796,1434380252,260796,BME280,31.15,1006.55,55.921
2026-05-23 15:40:40.996,1434380452,260996,BME280,31.15,1006.55,55.921
2026-05-23 15:40:41.196,1434380652,261196,BME280,31.15,1006.55,55.921
2026-05-23 15:40:41.396,1434380852,261396,BME280,31.15,1006.55,55.921
2026-05-23 15:40:41.596,1434381052,261596,BME280,31.13,1006.55,55.967
2026-05-23 15:40:41.796,1434381252,261796,BME280,31.13,1006.55,55.967
2026-05-23 15:40:41.996,1434381452,261996,BME280,31.13,1006.55,55.967
2026-05-23 15:40:42.196,1434381652,262196,BME280,31.13,1006.55,55.967
2026-05-23 15:40:42.396,1434381852,262396,BME280,31.13,1006.55,55.967
2026-05-23 15:40:42.596,1434382052,262596,BME280,31.14,1006.54,55.983
2026-05-23 15:40:42.796,1434382252,262796,BME280,31.14,1006.54,55.983
2026-05-23 15:40:42.996,1434382452,262996,BME280,31.14,1006.54,55.983
2026-05-23 15:40:43.196,1434382652,263196,BME280,31.14,1006.54,55.983
2026-05-23 15:40:43.396,1434382852,263396,BME280,31.14,1006.54,55.983
2026-05-23 15:40:43.596,1434383052,263596,BME280,31.13,1006.51,56.229
2026-05-23 15:40:43.796,1434383252,263796,BME280,31.13,1006.51,56.229
2026-05-23 15:40:43.996,1434383452,263996,BME280,31.13,1006.51,56.229
2026-05-23 15:40:44.196,1434383652,264196,BME280,31.13,1006.51,56.229
2026-05-23 15:40:44.396,1434383852,264396,BME280,31.13,1006.51,56.229
2026-05-23 15:40:44.596,1434384052,264596,BME280,31.14,1006.54,56.04
2026-05-23 15:40:44.796,1434384252,264796,BME280,31.14,1006.54,56.04
2026-05-23 15:40:44.996,1434384452,264996,BME280,31.14,1006.54,56.04
2026-05-23 15:40:45.196,1434384652,265196,BME280,31.14,1006.54,56.04
2026-05-23 15:40:45.396,1434384852,265396,BME280,31.14,1006.54,56.04
2026-05-23 15:40:45.596,1434385052,265596,BME280,31.14,1006.54,55.979
2026-05-23 15:40:45.796,1434385252,265796,BME280,31.14,1006.54,55.979
2026-05-23 15:40:45.996,1434385452,265996,BME280,31.14,1006.54,55.979
2026-05-23 15:40:46.196,1434385652,266196,BME280,31.14,1006.54,55.979
2026-05-23 15:40:46.396,1434385852,266396,BME280,31.14,1006.54,55.979
2026-05-23 15:40:46.596,1434386052,266596,BME280,31.15,1006.56,55.883
2026-05-23 15:40:46.796,1434386252,266796,BME280,31.15,1006.56,55.883
2026-05-23 15:40:46.996,1434386452,266996,BME280,31.15,1006.56,55.883
2026-05-23 15:40:47.196,1434386652,267196,BME280,31.15,1006.56,55.883
2026-05-23 15:40:47.396,1434386852,267396,BME280,31.15,1006.56,55.883
2026-05-23 15:40:47.596,1434387052,267596,BME280,31.14,1006.54,56.04
2026-05-23 15:40:47.796,1434387252,267796,BME280,31.14,1006.54,56.04
2026-05-23 15:40:47.996,1434387452,267996,BME280,31.14,1006.54,56.04
2026-05-23 15:40:48.196,1434387652,268196,BME280,31.14,1006.54,56.04
2026-05-23 15:40:48.396,1434387852,268396,BME280,31.14,1006.54,56.04
2026-05-23 15:40:48.596,1434388052,268596,BME280,31.15,1006.54,56.034
2026-05-23 15:40:48.796,1434388252,268796,BME280,31.15,1006.54,56.034
2026-05-23 15:40:48.996,1434388452,268996,BME280,31.15,1006.54,56.034
2026-05-23 15:40:49.196,1434388652,269196,BME280,31.15,1006.54,56.034
2026-05-23 15:40:49.396,1434388852,269396,BME280,31.15,1006.54,56.034
2026-05-23 15:40:49.596,1434389052,269596,BME280,31.15,1006.55,55.961
2026-05-23 15:40:49.796,1434389252,269796,BME280,31.15,1006.55,55.961
2026-05-23 15:40:49.996,1434389452,269996,BME280,31.15,1006.55,55.961
2026-05-23 15:40:50.196,1434389652,270196,BME280,31.15,1006.55,55.961
2026-05-23 15:40:50.396,1434389852,270396,BME280,31.15,1006.55,55.961
2026-05-23 15:40:50.596,1434390052,270596,BME280,31.15,1006.51,56.252
2026-05-23 15:40:50.796,1434390252,270796,BME280,31.15,1006.51,56.252
2026-05-23 15:40:50.996,1434390452,270996,BME280,31.15,1006.51,56.252
2026-05-23 15:40:51.196,1434390652,271196,BME280,31.15,1006.51,56.252
2026-05-23 15:40:51.396,1434390852,271396,BME280,31.15,1006.51,56.252
2026-05-23 15:40:51.596,1434391052,271596,BME280,31.16,1006.54,55.999
2026-05-23 15:40:51.796,1434391252,271796,BME280,31.16,1006.54,55.999
2026-05-23 15:40:51.996,1434391452,271996,BME280,31.16,1006.54,55.999
2026-05-23 15:40:52.196,1434391652,272196,BME280,31.16,1006.54,55.999
2026-05-23 15:40:52.396,1434391852,272396,BME280,31.16,1006.54,55.999
2026-05-23 15:40:52.596,1434392052,272596,BME280,31.17,1006.53,56.068
2026-05-23 15:40:52.796,1434392252,272796,BME280,31.17,1006.53,56.068
2026-05-23 15:40:52.996,1434392452,272996,BME280,31.17,1006.53,56.068
2026-05-23 15:40:53.196,1434392652,273196,BME280,31.17,1006.53,56.068
2026-05-23 15:40:53.396,1434392852,273396,BME280,31.17,1006.53,56.068
2026-05-23 15:40:53.596,1434393052,273596,BME280,31.16,1006.5,56.328
2026-05-23 15:40:53.796,1434393252,273796,BME280,31.16,1006.5,56.328
2026-05-23 15:40:53.996,1434393452,273996,BME280,31.16,1006.5,56.328
2026-05-23 15:40:54.196,1434393652,274196,BME280,31.16,1006.5,56.328
2026-05-23 15:40:54.396,1434393852,274396,BME280,31.16,1006.5,56.328
2026-05-23 15:40:54.596,1434394052,274596,BME280,31.16,1006.51,56.241
2026-05-23 15:40:54.796,1434394252,274796,BME280,31.16,1006.51,56.241
2026-05-23 15:40:54.996,1434394452,274996,BME280,31.16,1006.51,56.241
2026-05-23 15:40:55.196,1434394652,275196,BME280,31.16,1006.51,56.241
2026-05-23 15:40:55.396,1434394852,275396,BME280,31.16,1006.51,56.241
2026-05-23 15:40:55.596,1434395052,275596,BME280,31.15,1006.51,56.252
2026-05-23 15:40:55.796,1434395252,275796,BME280,31.15,1006.51,56.252
2026-05-23 15:40:55.996,1434395452,275996,BME280,31.15,1006.51,56.252
2026-05-23 15:40:56.196,1434395652,276196,BME280,31.15,1006.51,56.252
2026-05-23 15:40:56.396,1434395852,276396,BME280,31.15,1006.51,56.252
2026-05-23 15:40:56.596,1434396052,276596,BME280,31.16,1006.49,56.407
2026-05-23 15:40:56.796,1434396252,276796,BME280,31.16,1006.49,56.407
2026-05-23 15:40:56.996,1434396452,276996,BME280,31.16,1006.49,56.407
2026-05-23 15:40:57.196,1434396652,277196,BME280,31.16,1006.49,56.407
2026-05-23 15:40:57.396,1434396852,277396,BME280,31.16,1006.49,56.407
2026-05-23 15:40:57.596,1434397052,277596,BME280,31.16,1006.48,56.523
2026-05-23 15:40:57.796,1434397252,277796,BME280,31.16,1006.48,56.523
2026-05-23 15:40:57.996,1434397452,277996,BME280,31.16,1006.48,56.523
2026-05-23 15:40:58.196,1434397652,278196,BME280,31.16,1006.48,56.523
2026-05-23 15:40:58.396,1434397852,278396,BME280,31.16,1006.49,56.426
2026-05-23 15:40:58.596,1434398052,278596,BME280,31.16,1006.49,56.426
2026-05-23 15:40:58.796,1434398252,278796,BME280,31.16,1006.49,56.426
2026-05-23 15:40:58.996,1434398452,278996,BME280,31.16,1006.49,56.426
2026-05-23 15:40:59.232,1434398688,279232,BME280,31.16,1006.49,56.426
2026-05-23 15:40:59.432,1434398888,279432,BME280,31.16,1006.5,56.363
2026-05-23 15:40:59.632,1434399088,279632,BME280,31.16,1006.5,56.363
2026-05-23 15:40:59.832,1434399288,279832,BME280,31.16,1006.5,56.363
2026-05-23 15:40:59.032,1434398488,280032,BME280,31.16,1006.5,56.363
2026-05-23 15:41:00.232,1434399688,280232,BME280,31.16,1006.5,56.363
2026-05-23 15:41:00.432,1434399888,280432,BME280,31.15,1006.49,56.412
2026-05-23 15:41:00.632,1434400088,280632,BME280,31.15,1006.49,56.412
2026-05-23 15:41:00.832,1434400288,280832,BME280,31.15,1006.49,56.412
2026-05-23 15:41:00.032,1434399488,281032,BME280,31.15,1006.49,56.412
2026-05-23 15:41:01.232,1434400688,281232,BME280,31.15,1006.49,56.412
2026-05-23 15:41:01.432,1434400888,281432,BME280,31.15,1006.52,56.197
2026-05-23 15:41:01.632,1434401088,281632,BME280,31.15,1006.52,56.197
2026-05-23 15:41:01.832,1434401288,281832,BME280,31.15,1006.52,56.197
2026-05-23 15:41:01.032,1434400488,282032,BME280,31.15,1006.52,56.197
2026-05-23 15:41:02.232,1434401688,282232,BME280,31.15,1006.52,56.197
2026-05-23 15:41:02.432,1434401888,282432,BME280,31.15,1006.52,56.217
2026-05-23 15:41:02.632,1434402088,282632,BME280,31.15,1006.52,56.217
2026-05-23 15:41:02.832,1434402288,282832,BME280,31.15,1006.52,56.217
2026-05-23 15:41:02.032,1434401488,283032,BME280,31.15,1006.52,56.217
2026-05-23 15:41:03.232,1434402688,283232,BME280,31.15,1006.52,56.217
2026-05-23 15:41:03.432,1434402888,283432,BME280,31.14,1006.51,56.24
2026-05-23 15:41:03.632,1434403088,283632,BME280,31.14,1006.51,56.24
2026-05-23 15:41:03.832,1434403288,283832,BME280,31.14,1006.51,56.24
2026-05-23 15:41:03.032,1434402488,284032,BME280,31.14,1006.51,56.24
2026-05-23 15:41:04.232,1434403688,284232,BME280,31.14,1006.51,56.24
2026-05-23 15:41:04.432,1434403888,284432,BME280,31.14,1006.53,56.109
2026-05-23 15:41:04.632,1434404088,284632,BME280,31.14,1006.53,56.109
2026-05-23 15:41:04.832,1434404288,284832,BME280,31.14,1006.53,56.109
2026-05-23 15:41:04.032,1434403488,285032,BME280,31.14,1006.53,56.109
2026-05-23 15:41:05.232,1434404688,285232,BME280,31.14,1006.53,56.109
2026-05-23 15:41:05.432,1434404888,285432,BME280,31.14,1006.51,56.288
2026-05-23 15:41:05.632,1434405088,285632,BME280,31.14,1006.51,56.288
2026-05-23 15:41:05.832,1434405288,285832,BME280,31.14,1006.51,56.288
2026-05-23 15:41:05.032,1434404488,286032,BME280,31.14,1006.51,56.288
2026-05-23 15:41:06.232,1434405688,286232,BME280,31.14,1006.51,56.288
2026-05-23 15:41:06.432,1434405888,286432,BME280,31.14,1006.53,56.139
2026-05-23 15:41:06.632,1434406088,286632,BME280,31.14,1006.53,56.139
2026-05-23 15:41:06.832,1434406288,286832,BME280,31.14,1006.53,56.139
2026-05-23 15:41:06.032,1434405488,287032,BME280,31.14,1006.53,56.139
2026-05-23 15:41:07.232,1434406688,287232,BME280,31.14,1006.53,56.139
2026-05-23 15:41:07.432,1434406888,287432,BME280,31.15,1006.5,56.319
2026-05-23 15:41:07.632,1434407088,287632,BME280,31.15,1006.5,56.319
2026-05-23 15:41:07.960,1434407416,287960,BME280,31.15,1006.5,56.319
2026-05-23 15:41:08.160,1434407616,288160,BME280,31.15,1006.5,56.319
2026-05-23 15:41:08.360,1434407816,288360,BME280,31.15,1006.51,56.308
2026-05-23 15:41:08.560,1434408016,288560,BME280,31.15,1006.51,56.308
2026-05-23 15:41:08.760,1434408216,288760,BME280,31.15,1006.51,56.308
2026-05-23 15:41:08.960,1434408416,288960,BME280,31.15,1006.51,56.308
2026-05-23 15:41:09.160,1434408616,289160,BME280,31.15,1006.51,56.308
2026-05-23 15:41:09.360,1434408816,289360,BME280,31.15,1006.52,56.164
2026-05-23 15:41:09.560,1434409016,289560,BME280,31.15,1006.52,56.164
2026-05-23 15:41:09.760,1434409216,289760,BME280,31.15,1006.52,56.164
2026-05-23 15:41:09.960,1434409416,289960,BME280,31.15,1006.52,56.164
2026-05-23 15:41:10.160,1434409616,290160,BME280,31.15,1006.52,56.164
2026-05-23 15:41:10.360,1434409816,290360,BME280,31.15,1006.47,56.57
2026-05-23 15:41:10.560,1434410016,290560,BME280,31.15,1006.47,56.57
2026-05-23 15:41:10.760,1434410216,290760,BME280,31.15,1006.47,56.57
2026-05-23 15:41:10.960,1434410416,290960,BME280,31.15,1006.47,56.57
2026-05-23 15:41:11.160,1434410616,291160,BME280,31.15,1006.47,56.57
2026-05-23 15:41:11.360,1434410816,291360,BME280,31.16,1006.48,56.522
2026-05-23 15:41:11.600,1434411056,291600,BME280,31.16,1006.48,56.522
2026-05-23 15:41:11.800,1434411256,291800,BME280,31.16,1006.48,56.522
2026-05-23 15:41:11.000,1434410456,292000,BME280,31.16,1006.48,56.522
2026-05-23 15:41:12.200,1434411656,292200,BME280,31.16,1006.48,56.522
2026-05-23 15:41:12.400,1434411856,292400,BME280,31.16,1006.48,56.537
2026-05-23 15:41:12.600,1434412056,292600,BME280,31.16,1006.48,56.537
2026-05-23 15:41:12.800,1434412256,292800,BME280,31.16,1006.48,56.537
2026-05-23 15:41:12.000,1434411456,293000,BME280,31.16,1006.48,56.537
2026-05-23 15:41:13.200,1434412656,293200,BME280,31.16,1006.48,56.537
2026-05-23 15:41:13.400,1434412856,293400,BME280,31.16,1006.5,56.364
2026-05-23 15:41:13.600,1434413056,293600,BME280,31.16,1006.5,56.364
2026-05-23 15:41:13.800,1434413256,293800,BME280,31.16,1006.5,56.364
2026-05-23 15:41:13.000,1434412456,294000,BME280,31.16,1006.5,56.364
2026-05-23 15:41:14.200,1434413656,294200,BME280,31.16,1006.5,56.364
2026-05-23 15:41:14.400,1434413856,294400,BME280,31.15,1006.49,56.441
2026-05-23 15:41:14.600,1434414056,294600,BME280,31.15,1006.49,56.441
2026-05-23 15:41:14.800,1434414256,294800,BME280,31.15,1006.49,56.441
2026-05-23 15:41:14.000,1434413456,295000,BME280,31.15,1006.49,56.441
2026-05-23 15:41:15.200,1434414656,295200,BME280,31.15,1006.49,56.441
2026-05-23 15:41:15.400,1434414856,295400,BME280,31.15,1006.5,56.339
2026-05-23 15:41:15.600,1434415056,295600,BME280,31.15,1006.5,56.339
2026-05-23 15:41:15.800,1434415256,295800,BME280,31.15,1006.5,56.339
2026-05-23 15:41:15.000,1434414456,296000,BME280,31.15,1006.5,56.339
2026-05-23 15:41:16.200,1434415656,296200,BME280,31.15,1006.5,56.339
2026-05-23 15:41:16.400,1434415856,296400,BME280,31.16,1006.51,56.233
2026-05-23 15:41:16.600,1434416056,296600,BME280,31.16,1006.51,56.233
2026-05-23 15:41:16.800,1434416256,296800,BME280,31.16,1006.51,56.233
2026-05-23 15:41:16.000,1434415456,297000,BME280,31.16,1006.51,56.233
2026-05-23 15:41:17.200,1434416656,297200,BME280,31.16,1006.51,56.233
2026-05-23 15:41:17.400,1434416856,297400,BME280,31.15,1006.5,56.383
2026-05-23 15:41:17.600,1434417056,297600,BME280,31.15,1006.5,56.383
2026-05-23 15:41:17.800,1434417256,297800,BME280,31.15,1006.5,56.383
2026-05-23 15:41:17.000,1434416456,298000,BME280,31.15,1006.5,56.383
2026-05-23 15:41:18.200,1434417656,298200,BME280,31.15,1006.5,56.383
2026-05-23 15:41:18.400,1434417856,298400,BME280,31.15,1006.5,56.377
2026-05-23 15:41:18.600,1434418056,298600,BME280,31.15,1006.5,56.377
2026-05-23 15:41:18.800,1434418256,298800,BME280,31.15,1006.5,56.377
2026-05-23 15:41:18.000,1434417456,299000,BME280,31.15,1006.5,56.377
2026-05-23 15:41:19.200,1434418656,299200,BME280,31.15,1006.5,56.377
2026-05-23 15:41:19.400,1434418856,299400,BME280,31.15,1006.52,56.169
2026-05-23 15:41:19.600,1434419056,299600,BME280,31.15,1006.52,56.169
2026-05-23 15:41:19.800,1434419256,299800,BME280,31.15,1006.52,56.169
2026-05-23 15:41:19.000,1434418456,300000,BME280,31.15,1006.52,56.169
2026-05-23 15:41:20.200,1434419656,300200,BME280,31.15,1006.52,56.169
2026-05-23 15:41:20.400,1434419856,300400,BME280,31.14,1006.52,56.182
2026-05-23 15:41:20.600,1434420056,300600,BME280,31.14,1006.52,56.182
2026-05-23 15:41:20.800,1434420256,300800,BME280,31.14,1006.52,56.182
2026-05-23 15:41:20.000,1434419456,301000,BME280,31.14,1006.52,56.182
2026-05-23 15:41:21.200,1434420656,301200,BME280,31.14,1006.52,56.182
2026-05-23 15:41:21.400,1434420856,301400,BME280,31.15,1006.52,56.163
2026-05-23 15:41:21.600,1434421056,301600,BME280,31.15,1006.52,56.163
2026-05-23 15:41:21.800,1434421256,301800,BME280,31.15,1006.52,56.163
2026-05-23 15:41:21.000,1434420456,302000,BME280,31.15,1006.52,56.163
2026-05-23 15:41:22.200,1434421656,302200,BME280,31.15,1006.52,56.163
2026-05-23 15:41:22.400,1434421856,302400,BME280,31.14,1006.55,55.964
2026-05-23 15:41:22.600,1434422056,302600,BME280,31.14,1006.55,55.964
2026-05-23 15:41:22.800,1434422256,302800,BME280,31.14,1006.55,55.964
2026-05-23 15:41:22.000,1434421456,303000,BME280,31.14,1006.55,55.964
2026-05-23 15:41:23.200,1434422656,303200,BME280,31.14,1006.55,55.964
2026-05-23 15:41:23.400,1434422856,303400,BME280,31.15,1006.56,55.853
2026-05-23 15:41:23.600,1434423056,303600,BME280,31.15,1006.56,55.853
2026-05-23 15:41:23.800,1434423256,303800,BME280,31.15,1006.56,55.853
2026-05-23 15:41:23.000,1434422456,304000,BME280,31.15,1006.56,55.853
2026-05-23 15:41:24.200,1434423656,304200,BME280,31.15,1006.56,55.853
2026-05-23 15:41:24.400,1434423856,304400,BME280,31.14,1006.53,56.079
2026-05-23 15:41:24.600,1434424056,304600,BME280,31.14,1006.53,56.079
2026-05-23 15:41:24.800,1434424256,304800,BME280,31.14,1006.53,56.079
2026-05-23 15:41:24.000,1434423456,305000,BME280,31.14,1006.53,56.079
2026-05-23 15:41:25.200,1434424656,305200,BME280,31.14,1006.53,56.079
2026-05-23 15:41:25.400,1434424856,305400,BME280,31.13,1006.52,56.156
2026-05-23 15:41:25.600,1434425056,305600,BME280,31.13,1006.52,56.156
2026-05-23 15:41:25.800,1434425256,305800,BME280,31.13,1006.52,56.156
2026-05-23 15:41:25.000,1434424456,306000,BME280,31.13,1006.52,56.156
2026-05-23 15:41:26.200,1434425656,306200,BME280,31.14,1006.53,56.089
2026-05-23 15:41:26.400,1434425856,306400,BME280,31.14,1006.53,56.089
2026-05-23 15:41:26.600,1434426056,306600,BME280,31.14,1006.53,56.089
2026-05-23 15:41:26.800,1434426256,306800,BME280,31.14,1006.53,56.089
2026-05-23 15:41:26.000,1434425456,307000,BME280,31.14,1006.53,56.089
2026-05-23 15:41:27.229,1434426685,307229,BME280,31.14,1006.53,56.089
2026-05-23 15:41:27.429,1434426885,307429,BME280,31.14,1006.53,56.089
2026-05-23 15:41:27.629,1434427085,307629,BME280,31.14,1006.53,56.089
2026-05-23 15:41:27.829,1434427285,307829,BME280,31.14,1006.53,56.089
2026-05-23 15:41:27.029,1434426485,308029,BME280,31.14,1006.53,56.089
2026-05-23 15:41:28.229,1434427685,308229,BME280,31.14,1006.54,55.993
2026-05-23 15:41:28.429,1434427885,308429,BME280,31.14,1006.54,55.993
2026-05-23 15:41:28.629,1434428085,308629,BME280,31.14,1006.54,55.993
2026-05-23 15:41:28.829,1434428285,308829,BME280,31.14,1006.54,55.993
2026-05-23 15:41:28.029,1434427485,309029,BME280,31.14,1006.54,55.993
2026-05-23 15:41:29.229,1434428685,309229,BME280,31.14,1006.54,56.022
2026-05-23 15:41:29.429,1434428885,309429,BME280,31.14,1006.54,56.022
2026-05-23 15:41:29.629,1434429085,309629,BME280,31.14,1006.54,56.022
2026-05-23 15:41:29.829,1434429285,309829,BME280,31.14,1006.54,56.022
2026-05-23 15:41:29.029,1434428485,310029,BME280,31.14,1006.54,56.022
2026-05-23 15:41:30.229,1434429685,310229,BME280,31.15,1006.55,55.945
2026-05-23 15:41:30.429,1434429885,310429,BME280,31.15,1006.55,55.945
2026-05-23 15:41:33.233,1434432689,313232,BME280,31.15,1006.49,56.449
2026-05-23 15:41:33.432,1434432888,313432,BME280,31.15,1006.49,56.449
2026-05-23 15:41:33.632,1434433088,313632,BME280,31.15,1006.49,56.449
2026-05-23 15:41:33.832,1434433288,313832,BME280,31.15,1006.49,56.449
2026-05-23 15:41:33.032,1434432488,314032,BME280,31.15,1006.49,56.449
2026-05-23 15:41:34.232,1434433688,314232,BME280,31.14,1006.51,56.245
2026-05-23 15:41:34.432,1434433888,314432,BME280,31.14,1006.51,56.245
2026-05-23 15:41:34.632,1434434088,314632,BME280,31.14,1006.51,56.245
2026-05-23 15:41:34.832,1434434288,314832,BME280,31.14,1006.51,56.245
2026-05-23 15:41:34.032,1434433488,315032,BME280,31.14,1006.51,56.245
2026-05-23 15:41:35.232,1434434688,315232,BME280,31.13,1006.52,56.199
2026-05-23 15:41:35.432,1434434888,315432,BME280,31.13,1006.52,56.199
2026-05-23 15:41:35.632,1434435088,315632,BME280,31.13,1006.52,56.199
2026-05-23 15:41:35.832,1434435288,315832,BME280,31.13,1006.52,56.199
2026-05-23 15:41:35.032,1434434488,316032,BME280,31.13,1006.52,56.199
2026-05-23 15:41:36.232,1434435688,316232,BME280,31.14,1006.52,56.22
2026-05-23 15:41:36.432,1434435888,316432,BME280,31.14,1006.52,56.22
2026-05-23 15:41:36.632,1434436088,316632,BME280,31.14,1006.52,56.22
2026-05-23 15:41:36.832,1434436288,316832,BME280,31.14,1006.52,56.22
2026-05-23 15:41:36.032,1434435488,317032,BME280,31.14,1006.52,56.22
2026-05-23 15:41:37.232,1434436688,317232,BME280,31.14,1006.54,56.035
2026-05-23 15:41:37.432,1434436888,317432,BME280,31.14,1006.54,56.035
2026-05-23 15:41:37.632,1434437088,317632,BME280,31.14,1006.54,56.035
2026-05-23 15:41:37.832,1434437288,317832,BME280,31.14,1006.54,56.035
2026-05-23 15:41:37.032,1434436488,318032,BME280,31.14,1006.54,56.035
2026-05-23 15:41:38.232,1434437688,318232,BME280,31.13,1006.53,56.136
2026-05-23 15:41:38.432,1434437888,318432,BME280,31.13,1006.53,56.136
2026-05-23 15:41:38.632,1434438088,318632,BME280,31.13,1006.53,56.136
2026-05-23 15:41:38.832,1434438288,318832,BME280,31.13,1006.53,56.136
2026-05-23 15:41:38.032,1434437488,319032,BME280,31.13,1006.53,56.136
2026-05-23 15:41:39.232,1434438688,319232,BME280,31.13,1006.51,56.237
2026-05-23 15:41:39.432,1434438888,319432,BME280,31.13,1006.51,56.237
2026-05-23 15:41:39.632,1434439088,319632,BME280,31.13,1006.51,56.237
2026-05-23 15:41:39.832,1434439288,319832,BME280,31.13,1006.51,56.237
2026-05-23 15:41:39.032,1434438488,320032,BME280,31.13,1006.51,56.237
2026-05-23 15:41:40.232,1434439688,320232,BME280,31.13,1006.53,56.125
2026-05-23 15:41:40.432,1434439888,320432,BME280,31.13,1006.53,56.125
2026-05-23 15:41:40.632,1434440088,320632,BME280,31.13,1006.53,56.125
2026-05-23 15:41:40.832,1434440288,320832,BME280,31.13,1006.53,56.125
2026-05-23 15:41:40.032,1434439488,321032,BME280,31.13,1006.53,56.125
2026-05-23 15:41:41.232,1434440688,321232,BME280,31.12,1006.51,56.236
2026-05-23 15:41:41.432,1434440888,321432,BME280,31.12,1006.51,56.236
2026-05-23 15:41:41.632,1434441088,321632,BME280,31.12,1006.51,56.236
2026-05-23 15:41:41.832,1434441288,321832,BME280,31.12,1006.51,56.236
2026-05-23 15:41:41.032,1434440488,322032,BME280,31.12,1006.51,56.236
2026-05-23 15:41:42.232,1434441688,322232,BME280,31.12,1006.54,55.978
2026-05-23 15:41:42.432,1434441888,322432,BME280,31.12,1006.54,55.978
2026-05-23 15:41:42.632,1434442088,322632,BME280,31.12,1006.54,55.978
2026-05-23 15:41:42.832,1434442288,322832,BME280,31.12,1006.54,55.978
2026-05-23 15:41:42.032,1434441488,323032,BME280,31.12,1006.54,55.978
2026-05-23 15:41:43.232,1434442688,323232,BME280,31.11,1006.53,56.087
2026-05-23 15:41:43.432,1434442888,323432,BME280,31.11,1006.53,56.087
2026-05-23 15:41:43.632,1434443088,323632,BME280,31.11,1006.53,56.087
2026-05-23 15:41:43.832,1434443288,323832,BME280,31.11,1006.53,56.087
2026-05-23 15:41:43.032,1434442488,324032,BME280,31.11,1006.53,56.087
2026-05-23 15:41:44.232,1434443688,324232,BME280,31.11,1006.58,55.643
2026-05-23 15:41:44.432,1434443888,324432,BME280,31.11,1006.58,55.643
2026-05-23 15:41:44.632,1434444088,324632,BME280,31.11,1006.58,55.643
2026-05-23 15:41:44.832,1434444288,324832,BME280,31.11,1006.58,55.643
2026-05-23 15:41:44.032,1434443488,325032,BME280,31.11,1006.58,55.643
2026-05-23 15:41:45.232,1434444688,325232,BME280,31.1,1006.56,55.849
2026-05-23 15:41:45.432,1434444888,325432,BME280,31.1,1006.56,55.849
2026-05-23 15:41:45.632,1434445088,325632,BME280,31.1,1006.56,55.849
2026-05-23 15:41:45.832,1434445288,325832,BME280,31.1,1006.56,55.849
2026-05-23 15:41:45.032,1434444488,326032,BME280,31.1,1006.56,55.849
2026-05-23 15:41:46.232,1434445688,326232,BME280,31.1,1006.54,55.988
2026-05-23 15:41:46.432,1434445888,326432,BME280,31.1,1006.54,55.988
2026-05-23 15:41:46.632,1434446088,326632,BME280,31.1,1006.54,55.988
2026-05-23 15:41:46.832,1434446288,326832,BME280,31.1,1006.54,55.988
2026-05-23 15:41:46.032,1434445488,327032,BME280,31.1,1006.54,55.988
2026-05-23 15:41:47.232,1434446688,327232,BME280,31.1,1006.55,55.936
2026-05-23 15:41:47.432,1434446888,327432,BME280,31.1,1006.55,55.936
2026-05-23 15:41:47.632,1434447088,327632,BME280,31.1,1006.55,55.936
2026-05-23 15:41:47.832,1434447288,327832,BME280,31.1,1006.55,55.936
2026-05-23 15:41:47.032,1434446488,328032,BME280,31.1,1006.55,55.936
2026-05-23 15:41:48.232,1434447688,328232,BME280,31.1,1006.54,55.974
2026-05-23 15:41:48.432,1434447888,328432,BME280,31.1,1006.54,55.974
2026-05-23 15:41:48.632,1434448088,328632,BME280,31.1,1006.54,55.974
2026-05-23 15:41:48.832,1434448288,328832,BME280,31.1,1006.54,55.974
2026-05-23 15:41:48.032,1434447488,329032,BME280,31.1,1006.54,55.974
2026-05-23 15:41:49.232,1434448688,329232,BME280,31.1,1006.57,55.757
2026-05-23 15:41:49.432,1434448888,329432,BME280,31.1,1006.57,55.757
2026-05-23 15:41:49.632,1434449088,329632,BME280,31.1,1006.57,55.757
2026-05-23 15:41:49.832,1434449288,329832,BME280,31.1,1006.57,55.757
2026-05-23 15:41:49.032,1434448488,330032,BME280,31.11,1006.56,55.869
2026-05-23 15:41:50.232,1434449688,330232,BME280,31.11,1006.56,55.869
2026-05-23 15:41:50.432,1434449888,330432,BME280,31.11,1006.56,55.869
2026-05-23 15:41:50.632,1434450088,330632,BME280,31.11,1006.56,55.869
2026-05-23 15:41:50.832,1434450288,330832,BME280,31.11,1006.56,55.869
2026-05-23 15:41:50.032,1434449488,331032,BME280,31.1,1006.51,56.271
2026-05-23 15:41:51.232,1434450688,331232,BME280,31.1,1006.51,56.271
2026-05-23 15:41:51.432,1434450888,331432,BME280,31.1,1006.51,56.271
2026-05-23 15:41:51.632,1434451088,331632,BME280,31.1,1006.51,56.271
2026-05-23 15:41:51.832,1434451288,331832,BME280,31.1,1006.51,56.271
2026-05-23 15:41:51.032,1434450488,332032,BME280,31.1,1006.53,56.135
2026-05-23 15:41:52.232,1434451688,332232,BME280,31.1,1006.53,56.135
2026-05-23 15:41:52.432,1434451888,332432,BME280,31.1,1006.53,56.135
2026-05-23 15:41:52.632,1434452088,332632,BME280,31.1,1006.53,56.135
2026-05-23 15:41:52.832,1434452288,332832,BME280,31.1,1006.53,56.135
2026-05-23 15:41:52.032,1434451488,333032,BME280,31.11,1006.51,56.257
2026-05-23 15:41:53.232,1434452688,333232,BME280,31.11,1006.51,56.257
2026-05-23 15:41:53.432,1434452888,333432,BME280,31.11,1006.51,56.257
2026-05-23 15:41:53.632,1434453088,333632,BME280,31.11,1006.51,56.257
2026-05-23 15:41:53.832,1434453288,333832,BME280,31.11,1006.51,56.257
2026-05-23 15:41:53.032,1434452488,334032,BME280,31.1,1006.52,56.163
2026-05-23 15:41:54.232,1434453688,334232,BME280,31.1,1006.52,56.163
2026-05-23 15:41:54.432,1434453888,334432,BME280,31.1,1006.52,56.163
2026-05-23 15:41:54.632,1434454088,334632,BME280,31.1,1006.52,56.163
2026-05-23 15:41:54.832,1434454288,334832,BME280,31.1,1006.52,56.163
2026-05-23 15:41:54.032,1434453488,335032,BME280,31.1,1006.54,55.974
2026-05-23 15:41:55.232,1434454688,335232,BME280,31.1,1006.54,55.974
2026-05-23 15:41:55.432,1434454888,335432,BME280,31.1,1006.54,55.974
2026-05-23 15:41:55.632,1434455088,335632,BME280,31.1,1006.54,55.974
2026-05-23 15:41:55.832,1434455288,335832,BME280,31.1,1006.54,55.974
2026-05-23 15:41:55.032,1434454488,336032,BME280,31.09,1006.53,56.084
2026-05-23 15:41:56.232,1434455688,336232,BME280,31.09,1006.53,56.084
2026-05-23 15:41:56.432,1434455888,336432,BME280,31.09,1006.53,56.084
2026-05-23 15:41:56.632,1434456088,336632,BME280,31.09,1006.53,56.084
2026-05-23 15:41:56.832,1434456288,336832,BME280,31.09,1006.53,56.084
2026-05-23 15:41:56.032,1434455488,337032,BME280,31.08,1006.52,56.143
2026-05-23 15:41:57.604,1434457060,337604,BME280,31.08,1006.52,56.143
2026-05-23 15:41:57.804,1434457260,337804,BME280,31.08,1006.52,56.143
2026-05-23 15:41:57.004,1434456460,338004,BME280,31.09,1006.53,56.139
2026-05-23 15:41:58.204,1434457660,338204,BME280,31.09,1006.53,56.139
2026-05-23 15:41:58.404,1434457860,338404,BME280,31.09,1006.53,56.139
2026-05-23 15:41:58.604,1434458060,338604,BME280,31.09,1006.53,56.139
2026-05-23 15:41:58.804,1434458260,338804,BME280,31.09,1006.53,56.139
2026-05-23 15:41:58.004,1434457460,339004,BME280,31.08,1006.51,56.272
2026-05-23 15:41:59.204,1434458660,339204,BME280,31.08,1006.51,56.272
2026-05-23 15:41:59.404,1434458860,339404,BME280,31.08,1006.51,56.272
2026-05-23 15:41:59.604,1434459060,339604,BME280,31.08,1006.51,56.272
2026-05-23 15:41:59.804,1434459260,339804,BME280,31.08,1006.51,56.272
2026-05-23 15:41:59.004,1434458460,340004,BME280,31.07,1006.53,56.078
2026-05-23 15:42:00.204,1434459660,340204,BME280,31.07,1006.53,56.078
2026-05-23 15:42:00.404,1434459860,340404,BME280,31.07,1006.53,56.078
2026-05-23 15:42:00.675,1434460131,340675,BME280,31.07,1006.53,56.078
2026-05-23 15:42:00.982,1434460438,340982,BME280,31.07,1006.54,56.045
2026-05-23 15:42:01.182,1434460638,341182,BME280,31.07,1006.54,56.045
2026-05-23 15:42:01.382,1434460838,341382,BME280,31.07,1006.54,56.045
2026-05-23 15:42:01.582,1434461038,341582,BME280,31.07,1006.54,56.045
2026-05-23 15:42:01.782,1434461238,341782,BME280,31.07,1006.54,56.045
2026-05-23 15:42:01.982,1434461438,341982,BME280,31.07,1006.53,56.072
2026-05-23 15:42:02.182,1434461638,342182,BME280,31.07,1006.53,56.072
2026-05-23 15:42:02.382,1434461838,342382,BME280,31.07,1006.53,56.072
2026-05-23 15:42:02.582,1434462038,342582,BME280,31.07,1006.53,56.072
2026-05-23 15:42:02.782,1434462238,342782,BME280,31.07,1006.53,56.072
2026-05-23 15:42:02.982,1434462438,342982,BME280,31.06,1006.52,56.206
2026-05-23 15:42:03.182,1434462638,343182,BME280,31.06,1006.52,56.206
2026-05-23 15:42:03.382,1434462838,343382,BME280,31.06,1006.52,56.206
2026-05-23 15:42:03.582,1434463038,343582,BME280,31.06,1006.52,56.206
2026-05-23 15:42:03.782,1434463238,343782,BME280,31.06,1006.52,56.206
2026-05-23 15:42:03.982,1434463438,343982,BME280,31.06,1006.53,56.081
2026-05-23 15:42:04.182,1434463638,344182,BME280,31.06,1006.53,56.081
2026-05-23 15:42:04.382,1434463838,344382,BME280,31.06,1006.53,56.081
2026-05-23 15:42:04.582,1434464038,344582,BME280,31.06,1006.53,56.081
2026-05-23 15:42:04.782,1434464238,344782,BME280,31.06,1006.53,56.081
2026-05-23 15:42:04.982,1434464438,344982,BME280,31.05,1006.53,56.098
2026-05-23 15:42:05.182,1434464638,345182,BME280,31.05,1006.53,56.098
2026-05-23 15:42:05.382,1434464838,345382,BME280,31.05,1006.53,56.098
2026-05-23 15:42:05.582,1434465038,345582,BME280,31.05,1006.53,56.098
2026-05-23 15:42:05.782,1434465238,345782,BME280,31.05,1006.53,56.098
2026-05-23 15:42:05.982,1434465438,345982,BME280,31.06,1006.52,56.158
2026-05-23 15:42:06.182,1434465638,346182,BME280,31.06,1006.52,56.158
2026-05-23 15:42:06.382,1434465838,346382,BME280,31.06,1006.52,56.158
2026-05-23 15:42:06.582,1434466038,346582,BME280,31.06,1006.52,56.158
2026-05-23 15:42:06.782,1434466238,346782,BME280,31.06,1006.52,56.158
2026-05-23 15:42:06.982,1434466438,346982,BME280,31.05,1006.55,55.963
2026-05-23 15:42:07.182,1434466638,347182,BME280,31.05,1006.55,55.963
2026-05-23 15:42:07.382,1434466838,347382,BME280,31.05,1006.55,55.963
2026-05-23 15:42:07.582,1434467038,347582,BME280,31.05,1006.55,55.963
2026-05-23 15:42:07.782,1434467238,347782,BME280,31.05,1006.55,55.963
2026-05-23 15:42:07.982,1434467438,347982,BME280,31.05,1006.57,55.731
2026-05-23 15:42:08.182,1434467638,348182,BME280,31.05,1006.57,55.731
2026-05-23 15:42:08.382,1434467838,348382,BME280,31.05,1006.57,55.731
2026-05-23 15:42:11.624,1434471080,351624,BME280,31.06,1006.54,55.988
2026-05-23 15:42:11.824,1434471280,351824,BME280,31.06,1006.54,55.988
2026-05-23 15:42:11.024,1434470480,352024,BME280,31.05,1006.53,56.084
2026-05-23 15:42:12.224,1434471680,352224,BME280,31.05,1006.53,56.084
2026-05-23 15:42:12.424,1434471880,352424,BME280,31.05,1006.53,56.084
2026-05-23 15:42:12.624,1434472080,352624,BME280,31.05,1006.53,56.084
2026-05-23 15:42:12.824,1434472280,352824,BME280,31.05,1006.53,56.084
2026-05-23 15:42:12.024,1434471480,353024,BME280,31.06,1006.51,56.259
2026-05-23 15:42:13.224,1434472680,353224,BME280,31.06,1006.51,56.259
2026-05-23 15:42:13.424,1434472880,353424,BME280,31.06,1006.51,56.259
2026-05-23 15:42:13.624,1434473080,353624,BME280,31.06,1006.51,56.259
2026-05-23 15:42:13.824,1434473280,353824,BME280,31.06,1006.51,56.259
2026-05-23 15:42:13.024,1434472480,354024,BME280,31.06,1006.51,56.279
2026-05-23 15:42:14.224,1434473680,354224,BME280,31.06,1006.51,56.279
2026-05-23 15:42:14.424,1434473880,354424,BME280,31.06,1006.51,56.279
2026-05-23 15:42:14.624,1434474080,354624,BME280,31.06,1006.51,56.279
2026-05-23 15:42:14.824,1434474280,354824,BME280,31.06,1006.51,56.279
2026-05-23 15:42:14.024,1434473480,355024,BME280,31.05,1006.5,56.311
2026-05-23 15:42:15.224,1434474680,355224,BME280,31.05,1006.5,56.311
2026-05-23 15:42:15.424,1434474880,355424,BME280,31.05,1006.5,56.311
2026-05-23 15:42:15.624,1434475080,355624,BME280,31.05,1006.5,56.311
2026-05-23 15:42:15.824,1434475280,355824,BME280,31.05,1006.5,56.311
2026-05-23 15:42:15.024,1434474480,356024,BME280,31.06,1006.5,56.322
2026-05-23 15:42:16.224,1434475680,356224,BME280,31.06,1006.5,56.322
2026-05-23 15:42:16.424,1434475880,356424,BME280,31.06,1006.5,56.322
2026-05-23 15:42:16.624,1434476080,356624,BME280,31.06,1006.5,56.322
2026-05-23 15:42:16.824,1434476280,356824,BME280,31.06,1006.5,56.322
2026-05-23 15:42:16.024,1434475480,357024,BME280,31.06,1006.53,56.085
2026-05-23 15:42:17.224,1434476680,357224,BME280,31.06,1006.53,56.085
2026-05-23 15:42:17.424,1434476880,357424,BME280,31.06,1006.53,56.085
2026-05-23 15:42:17.624,1434477080,357624,BME280,31.06,1006.53,56.085
2026-05-23 15:42:17.824,1434477280,357824,BME280,31.06,1006.53,56.085
2026-05-23 15:42:17.024,1434476480,358024,BME280,31.05,1006.5,56.383
2026-05-23 15:42:18.224,1434477680,358224,BME280,31.05,1006.5,56.383
2026-05-23 15:42:18.424,1434477880,358424,BME280,31.05,1006.5,56.383
2026-05-23 15:42:18.624,1434478080,358624,BME280,31.05,1006.5,56.383
2026-05-23 15:42:18.824,1434478280,358824,BME280,31.05,1006.5,56.383
2026-05-23 15:42:18.024,1434477480,359024,BME280,31.05,1006.52,56.175
2026-05-23 15:42:19.224,1434478680,359224,BME280,31.05,1006.52,56.175
2026-05-23 15:42:19.424,1434478880,359424,BME280,31.05,1006.52,56.175
2026-05-23 15:42:19.624,1434479080,359624,BME280,31.05,1006.52,56.175
2026-05-23 15:42:19.824,1434479280,359824,BME280,31.04,1006.49,56.401
2026-05-23 15:42:19.024,1434478480,360024,BME280,31.04,1006.49,56.401
2026-05-23 15:42:20.224,1434479680,360224,BME280,31.04,1006.49,56.401
2026-05-23 15:42:20.424,1434479880,360424,BME280,31.04,1006.49,56.401
2026-05-23 15:42:20.624,1434480080,360624,BME280,31.04,1006.49,56.401
2026-05-23 15:42:20.824,1434480280,360824,BME280,31.04,1006.52,56.198
2026-05-23 15:42:20.024,1434479480,361024,BME280,31.04,1006.52,56.198
2026-05-23 15:42:21.258,1434480714,361258,BME280,31.04,1006.52,56.198
2026-05-23 15:42:21.458,1434480914,361458,BME280,31.04,1006.52,56.198
2026-05-23 15:42:21.658,1434481114,361658,BME280,31.04,1006.52,56.198
2026-05-23 15:42:21.872,1434481328,361872,BME280,31.03,1006.51,56.29
2026-05-23 15:42:22.072,1434481528,362072,BME280,31.03,1006.51,56.29
2026-05-23 15:42:22.272,1434481728,362272,BME280,31.03,1006.51,56.29
2026-05-23 15:42:22.472,1434481928,362472,BME280,31.03,1006.51,56.29
2026-05-23 15:42:22.672,1434482128,362672,BME280,31.03,1006.51,56.29
2026-05-23 15:42:22.872,1434482328,362872,BME280,31.03,1006.53,56.066
2026-05-23 15:42:23.072,1434482528,363072,BME280,31.03,1006.53,56.066
2026-05-23 15:42:23.272,1434482728,363272,BME280,31.03,1006.53,56.066
2026-05-23 15:42:23.472,1434482928,363472,BME280,31.03,1006.53,56.066
2026-05-23 15:42:23.672,1434483128,363672,BME280,31.03,1006.53,56.066
2026-05-23 15:42:23.872,1434483328,363872,BME280,31.03,1006.53,56.058
2026-05-23 15:42:24.072,1434483528,364072,BME280,31.03,1006.53,56.058
2026-05-23 15:42:24.272,1434483728,364272,BME280,31.03,1006.53,56.058
2026-05-23 15:42:24.472,1434483928,364472,BME280,31.03,1006.53,56.058
2026-05-23 15:42:24.672,1434484128,364672,BME280,31.03,1006.53,56.058
2026-05-23 15:42:24.872,1434484328,364872,BME280,31.01,1006.52,56.164
2026-05-23 15:42:25.072,1434484528,365072,BME280,31.01,1006.52,56.164
2026-05-23 15:42:25.272,1434484728,365272,BME280,31.01,1006.52,56.164
2026-05-23 15:42:25.472,1434484928,365472,BME280,31.01,1006.52,56.164
2026-05-23 15:42:25.672,1434485128,365672,BME280,31.01,1006.52,56.164
2026-05-23 15:42:25.872,1434485328,365872,BME280,31.0,1006.53,56.106
2026-05-23 15:42:26.072,1434485528,366072,BME280,31.0,1006.53,56.106
2026-05-23 15:42:26.272,1434485728,366272,BME280,31.0,1006.53,56.106
2026-05-23 15:42:26.472,1434485928,366472,BME280,31.0,1006.53,56.106
2026-05-23 15:42:26.672,1434486128,366672,BME280,31.0,1006.53,56.106
2026-05-23 15:42:26.872,1434486328,366872,BME280,31.0,1006.54,56.028
2026-05-23 15:42:27.072,1434486528,367072,BME280,31.0,1006.54,56.028
2026-05-23 15:42:27.272,1434486728,367272,BME280,31.0,1006.54,56.028
2026-05-23 15:42:27.472,1434486928,367472,BME280,31.0,1006.54,56.028
2026-05-23 15:42:27.855,1434487311,367855,BME280,30.99,1006.57,55.754
2026-05-23 15:42:28.055,1434487511,368055,BME280,30.99,1006.57,55.754
2026-05-23 15:42:28.255,1434487711,368255,BME280,30.99,1006.57,55.754
2026-05-23 15:42:28.455,1434487911,368455,BME280,30.99,1006.57,55.754
2026-05-23 15:42:28.655,1434488111,368655,BME280,30.99,1006.57,55.754
2026-05-23 15:42:28.855,1434488311,368855,BME280,30.98,1006.56,55.832
2026-05-23 15:42:29.055,1434488511,369055,BME280,30.98,1006.56,55.832
2026-05-23 15:42:29.255,1434488711,369255,BME280,30.98,1006.56,55.832
2026-05-23 15:42:29.455,1434488911,369455,BME280,30.98,1006.56,55.832
2026-05-23 15:42:29.655,1434489111,369655,BME280,30.98,1006.56,55.832
2026-05-23 15:42:29.855,1434489311,369855,BME280,30.98,1006.57,55.763
2026-05-23 15:42:30.055,1434489511,370055,BME280,30.98,1006.57,55.763
2026-05-23 15:42:30.255,1434489711,370255,BME280,30.98,1006.57,55.763
2026-05-23 15:42:30.455,1434489911,370455,BME280,30.98,1006.57,55.763
2026-05-23 15:42:30.655,1434490111,370655,BME280,30.98,1006.57,55.763
2026-05-23 15:42:30.855,1434490311,370855,BME280,30.97,1006.54,55.993
2026-05-23 15:42:31.055,1434490511,371055,BME280,30.97,1006.54,55.993
2026-05-23 15:42:31.255,1434490711,371255,BME280,30.97,1006.54,55.993
2026-05-23 15:42:31.455,1434490911,371455,BME280,30.97,1006.54,55.993
2026-05-23 15:42:31.655,1434491111,371655,BME280,30.97,1006.54,55.993
2026-05-23 15:42:31.855,1434491311,371855,BME280,30.96,1006.53,56.127
2026-05-23 15:42:32.055,1434491511,372055,BME280,30.96,1006.53,56.127
2026-05-23 15:42:32.255,1434491711,372255,BME280,30.96,1006.53,56.127
2026-05-23 15:42:32.455,1434491911,372455,BME280,30.96,1006.53,56.127
2026-05-23 15:42:32.655,1434492111,372655,BME280,30.96,1006.53,56.127
2026-05-23 15:42:32.855,1434492311,372855,BME280,30.96,1006.56,55.885
2026-05-23 15:42:33.055,1434492511,373055,BME280,30.96,1006.56,55.885
2026-05-23 15:42:33.255,1434492711,373255,BME280,30.96,1006.56,55.885
2026-05-23 15:42:33.455,1434492911,373455,BME280,30.96,1006.56,55.885
2026-05-23 15:42:33.655,1434493111,373655,BME280,30.96,1006.56,55.885
2026-05-23 15:42:33.855,1434493311,373855,BME280,30.95,1006.54,55.979
2026-05-23 15:42:34.055,1434493511,374055,BME280,30.95,1006.54,55.979
2026-05-23 15:42:34.255,1434493711,374255,BME280,30.95,1006.54,55.979
2026-05-23 15:42:34.455,1434493911,374455,BME280,30.95,1006.54,55.979
2026-05-23 15:42:34.655,1434494111,374655,BME280,30.95,1006.54,55.979
2026-05-23 15:42:34.855,1434494311,374855,BME280,30.95,1006.53,56.081
2026-05-23 15:42:35.055,1434494511,375055,BME280,30.95,1006.53,56.081
2026-05-23 15:42:35.255,1434494711,375255,BME280,30.95,1006.53,56.081
2026-05-23 15:42:35.455,1434494911,375455,BME280,30.95,1006.53,56.081
2026-05-23 15:42:35.655,1434495111,375655,BME280,30.95,1006.53,56.081
2026-05-23 15:42:35.855,1434495311,375855,BME280,30.94,1006.51,56.229
2026-05-23 15:42:36.055,1434495511,376055,BME280,30.94,1006.51,56.229
2026-05-23 15:42:36.255,1434495711,376255,BME280,30.94,1006.51,56.229
2026-05-23 15:42:36.455,1434495911,376455,BME280,30.94,1006.51,56.229
2026-05-23 15:42:36.655,1434496111,376655,BME280,30.94,1006.51,56.229
2026-05-23 15:42:36.855,1434496311,376855,BME280,30.95,1006.53,56.066
2026-05-23 15:42:37.237,1434496693,377236,BME280,30.95,1006.53,56.066
2026-05-23 15:42:37.436,1434496892,377436,BME280,30.95,1006.53,56.066
2026-05-23 15:42:37.636,1434497092,377636,BME280,30.95,1006.53,56.066
2026-05-23 15:42:37.836,1434497292,377836,BME280,30.94,1006.55,55.957
2026-05-23 15:42:37.036,1434496492,378036,BME280,30.94,1006.55,55.957
2026-05-23 15:42:38.236,1434497692,378236,BME280,30.94,1006.55,55.957
2026-05-23 15:42:38.436,1434497892,378436,BME280,30.94,1006.55,55.957
2026-05-23 15:42:38.636,1434498092,378636,BME280,30.94,1006.55,55.957
2026-05-23 15:42:38.836,1434498292,378836,BME280,30.94,1006.53,56.117
2026-05-23 15:42:38.036,1434497492,379036,BME280,30.94,1006.53,56.117
2026-05-23 15:42:39.236,1434498692,379236,BME280,30.94,1006.53,56.117
2026-05-23 15:42:39.436,1434498892,379436,BME280,30.94,1006.53,56.117
2026-05-23 15:42:39.636,1434499092,379636,BME280,30.94,1006.53,56.117
2026-05-23 15:42:39.836,1434499292,379836,BME280,30.94,1006.55,55.942
2026-05-23 15:42:39.036,1434498492,380036,BME280,30.94,1006.55,55.942
2026-05-23 15:42:40.236,1434499692,380236,BME280,30.94,1006.55,55.942
2026-05-23 15:42:40.436,1434499892,380436,BME280,30.94,1006.55,55.942
2026-05-23 15:42:40.636,1434500092,380636,BME280,30.94,1006.55,55.942
2026-05-23 15:42:40.836,1434500292,380836,BME280,30.94,1006.53,56.073
2026-05-23 15:42:40.036,1434499492,381036,BME280,30.94,1006.53,56.073
2026-05-23 15:42:41.236,1434500692,381236,BME280,30.94,1006.53,56.073
2026-05-23 15:42:41.436,1434500892,381436,BME280,30.94,1006.53,56.073
2026-05-23 15:42:41.636,1434501092,381636,BME280,30.94,1006.53,56.073
2026-05-23 15:42:41.836,1434501292,381836,BME280,30.93,1006.52,56.206
2026-05-23 15:42:41.036,1434500492,382036,BME280,30.93,1006.52,56.206
2026-05-23 15:42:42.236,1434501692,382236,BME280,30.93,1006.52,56.206
2026-05-23 15:42:42.436,1434501892,382436,BME280,30.93,1006.52,56.206
2026-05-23 15:42:42.636,1434502092,382636,BME280,30.93,1006.52,56.206
2026-05-23 15:42:42.836,1434502292,382836,BME280,30.92,1006.54,56.037
2026-05-23 15:42:42.036,1434501492,383036,BME280,30.92,1006.54,56.037
2026-05-23 15:42:43.236,1434502692,383236,BME280,30.92,1006.54,56.037
2026-05-23 15:42:43.436,1434502892,383436,BME280,30.92,1006.54,56.037
2026-05-23 15:42:43.636,1434503092,383636,BME280,30.92,1006.54,56.037
2026-05-23 15:42:43.836,1434503292,383836,BME280,30.93,1006.53,56.077
2026-05-23 15:42:43.036,1434502492,384036,BME280,30.93,1006.53,56.077
2026-05-23 15:42:44.236,1434503692,384236,BME280,30.93,1006.53,56.077
2026-05-23 15:42:44.436,1434503892,384436,BME280,30.93,1006.53,56.077
2026-05-23 15:42:44.636,1434504092,384636,BME280,30.93,1006.53,56.077
2026-05-23 15:42:44.836,1434504292,384836,BME280,30.92,1006.51,56.307
2026-05-23 15:42:44.036,1434503492,385036,BME280,30.92,1006.51,56.307
2026-05-23 15:42:45.236,1434504692,385236,BME280,30.92,1006.51,56.307
2026-05-23 15:42:45.436,1434504892,385436,BME280,30.92,1006.51,56.307
2026-05-23 15:42:45.636,1434505092,385636,BME280,30.92,1006.51,56.307
2026-05-23 15:42:45.836,1434505292,385836,BME280,30.92,1006.51,56.235
2026-05-23 15:42:45.036,1434504492,386036,BME280,30.92,1006.51,56.235
2026-05-23 15:42:46.236,1434505692,386236,BME280,30.92,1006.51,56.235
2026-05-23 15:42:46.436,1434505892,386436,BME280,30.92,1006.51,56.235
2026-05-23 15:42:46.636,1434506092,386636,BME280,30.92,1006.51,56.037
2026-05-23 15:42:46.836,1434506292,386836,BME280,30.92,1006.54,56.037
2026-05-23 15:42:46.036,1434505492,387036,BME280,30.92,1006.54,56.037
2026-05-23 15:42:47.236,1434506692,387236,BME280,30.92,1006.54,56.037
2026-05-23 15:42:47.436,1434506892,387436,BME280,30.92,1006.54,56.037
2026-05-23 15:42:47.636,1434507092,387636,BME280,30.92,1006.51,56.283
2026-05-23 15:42:47.836,1434507292,387836,BME280,30.92,1006.51,56.283
2026-05-23 15:42:47.036,1434506492,388036,BME280,30.92,1006.51,56.283
2026-05-23 15:42:48.236,1434507692,388236,BME280,30.92,1006.51,56.283
2026-05-23 15:42:48.436,1434507892,388436,BME280,30.92,1006.51,56.283
2026-05-23 15:42:48.636,1434508092,388636,BME280,30.93,1006.53,56.115
2026-05-23 15:42:48.836,1434508292,388836,BME280,30.93,1006.53,56.115
2026-05-23 15:42:48.036,1434507492,389036,BME280,30.93,1006.53,56.115
2026-05-23 15:42:49.236,1434508692,389236,BME280,30.93,1006.53,56.115
2026-05-23 15:42:49.436,1434508892,389436,BME280,30.93,1006.53,56.115
2026-05-23 15:42:49.636,1434509092,389636,BME280,30.93,1006.52,56.149
2026-05-23 15:42:49.836,1434509292,389836,BME280,30.93,1006.52,56.149
2026-05-23 15:42:49.036,1434508492,390036,BME280,30.93,1006.52,56.149
2026-05-23 15:42:50.236,1434509692,390236,BME280,30.93,1006.52,56.149
2026-05-23 15:42:50.436,1434509892,390436,BME280,30.93,1006.52,56.149
2026-05-23 15:42:50.636,1434510092,390636,BME280,30.93,1006.51,56.26
2026-05-23 15:42:50.836,1434510292,390836,BME280,30.93,1006.51,56.26
2026-05-23 15:42:50.036,1434509492,391036,BME280,30.93,1006.51,56.26
2026-05-23 15:42:51.236,1434510692,391236,BME280,30.93,1006.51,56.26
2026-05-23 15:42:51.436,1434510892,391436,BME280,30.93,1006.51,56.26
2026-05-23 15:42:51.636,1434511092,391636,BME280,30.93,1006.51,56.26
2026-05-23 15:42:51.836,1434511292,391836,BME280,30.93,1006.51,56.26
2026-05-23 15:42:51.036,1434510492,392036,BME280,30.93,1006.51,56.26
2026-05-23 15:42:52.236,1434511692,392236,BME280,30.93,1006.51,56.26
2026-05-23 15:42:52.436,1434511892,392436,BME280,30.93,1006.51,56.26
2026-05-23 15:42:52.636,1434512092,392636,BME280,30.93,1006.52,56.154
2026-05-23 15:42:52.836,1434512292,392836,BME280,30.93,1006.52,56.154
2026-05-23 15:42:52.036,1434511492,393036,BME280,30.93,1006.52,56.154
2026-05-23 15:42:53.236,1434512692,393236,BME280,30.93,1006.52,56.154
2026-05-23 15:42:53.436,1434512892,393436,BME280,30.93,1006.52,56.154
2026-05-23 15:42:53.636,1434513092,393636,BME280,30.93,1006.51,56.267
2026-05-23 15:42:53.836,1434513292,393836,BME280,30.93,1006.51,56.267
2026-05-23 15:42:53.036,1434512492,394036,BME280,30.93,1006.51,56.267
2026-05-23 15:42:54.236,1434513692,394236,BME280,30.93,1006.51,56.267
2026-05-23 15:42:54.436,1434513892,394436,BME280,30.93,1006.51,56.267
2026-05-23 15:42:54.636,1434514092,394636,BME280,30.94,1006.53,56.134
2026-05-23 15:42:54.836,1434514292,394836,BME280,30.94,1006.53,56.134
2026-05-23 15:42:54.036,1434513492,395036,BME280,30.94,1006.53,56.134
2026-05-23 15:42:55.236,1434514692,395236,BME280,30.94,1006.53,56.134
2026-05-23 15:42:55.436,1434514892,395436,BME280,30.94,1006.53,56.134
2026-05-23 15:42:55.636,1434515092,395636,BME280,30.94,1006.51,56.243
2026-05-23 15:42:55.836,1434515292,395836,BME280,30.94,1006.51,56.243
2026-05-23 15:42:55.036,1434514492,396036,BME280,30.94,1006.51,56.243
2026-05-23 15:42:56.236,1434515692,396236,BME280,30.94,1006.51,56.243
2026-05-23 15:42:56.436,1434515892,396436,BME280,30.94,1006.51,56.243
2026-05-23 15:42:56.636,1434516092,396636,BME280,30.94,1006.52,56.186
2026-05-23 15:42:56.836,1434516292,396836,BME280,30.94,1006.52,56.186
2026-05-23 15:42:56.036,1434515492,397036,BME280,30.94,1006.52,56.186
2026-05-23 15:42:57.236,1434516692,397236,BME280,30.94,1006.52,56.186
2026-05-23 15:42:57.436,1434516892,397436,BME280,30.94,1006.52,56.186
2026-05-23 15:42:57.636,1434517092,397636,BME280,30.95,1006.51,56.245
2026-05-23 15:42:57.836,1434517292,397836,BME280,30.95,1006.51,56.245
2026-05-23 15:42:57.036,1434516492,398036,BME280,30.95,1006.51,56.245
2026-05-23 15:42:58.236,1434517692,398236,BME280,30.95,1006.51,56.245
2026-05-23 15:42:58.436,1434517892,398436,BME280,30.95,1006.51,56.245
2026-05-23 15:42:58.636,1434518092,398636,BME280,30.95,1006.51,56.274
2026-05-23 15:42:58.836,1434518292,398836,BME280,30.95,1006.51,56.274
2026-05-23 15:42:58.036,1434517492,399036,BME280,30.95,1006.51,56.274
2026-05-23 15:42:59.236,1434518692,399236,BME280,30.95,1006.51,56.274
2026-05-23 15:42:59.436,1434518892,399436,BME280,30.95,1006.51,56.274
2026-05-23 15:42:59.636,1434519092,399636,BME280,30.94,1006.5,56.35
2026-05-23 15:42:59.836,1434519292,399836,BME280,30.94,1006.5,56.35
2026-05-23 15:42:59.036,1434518492,400036,BME280,30.94,1006.5,56.35
2026-05-23 15:43:00.236,1434519692,400236,BME280,30.94,1006.5,56.35
2026-05-23 15:43:00.436,1434519892,400436,BME280,30.94,1006.5,56.35
2026-05-23 15:43:00.636,1434520092,400636,BME280,30.95,1006.54,56.047
2026-05-23 15:43:00.836,1434520292,400836,BME280,30.95,1006.54,56.047
2026-05-23 15:43:00.036,1434519492,401036,BME280,30.95,1006.54,56.047
2026-05-23 15:43:01.236,1434520692,401236,BME280,30.95,1006.54,56.047
2026-05-23 15:43:01.436,1434520892,401436,BME280,30.95,1006.54,56.047
2026-05-23 15:43:01.636,1434521092,401636,BME280,30.95,1006.52,56.163
2026-05-23 15:43:01.836,1434521292,401836,BME280,30.95,1006.52,56.163
2026-05-23 15:43:01.036,1434520492,402036,BME280,30.95,1006.52,56.163
2026-05-23 15:43:02.236,1434521692,402236,BME280,30.95,1006.52,56.163
2026-05-23 15:43:02.436,1434521892,402436,BME280,30.95,1006.52,56.163
2026-05-23 15:43:02.636,1434522092,402636,BME280,30.96,1006.5,56.387
2026-05-23 15:43:02.836,1434522292,402836,BME280,30.96,1006.5,56.387
2026-05-23 15:43:02.036,1434521492,403036,BME280,30.96,1006.5,56.387
2026-05-23 15:43:03.236,1434522692,403236,BME280,30.96,1006.5,56.387
2026-05-23 15:43:03.436,1434522892,403436,BME280,30.96,1006.5,56.387
2026-05-23 15:43:03.636,1434523092,403636,BME280,30.96,1006.5,56.387
2026-05-23 15:43:03.836,1434523292,403836,BME280,30.96,1006.5,56.387
2026-05-23 15:43:03.036,1434522492,404036,BME280,30.96,1006.5,56.387
2026-05-23 15:43:04.236,1434523692,404236,BME280,30.96,1006.5,56.387
2026-05-23 15:43:04.436,1434523892,404436,BME280,30.96,1006.5,56.387
2026-05-23 15:43:04.636,1434524092,404636,BME280,30.96,1006.51,56.256
2026-05-23 15:43:04.836,1434524292,404836,BME280,30.96,1006.51,56.256
2026-05-23 15:43:04.036,1434523492,405036,BME280,30.96,1006.51,56.256
2026-05-23 15:43:05.236,1434524692,405236,BME280,30.96,1006.51,56.256
2026-05-23 15:43:05.436,1434524892,405436,BME280,30.96,1006.51,56.256
2026-05-23 15:43:05.636,1434525092,405636,BME280,30.96,1006.51,56.292
2026-05-23 15:43:05.836,1434525292,405836,BME280,30.96,1006.51,56.292
2026-05-23 15:43:05.036,1434524492,406036,BME280,30.96,1006.51,56.292
2026-05-23 15:43:06.236,1434525692,406236,BME280,30.96,1006.51,56.292
2026-05-23 15:43:06.436,1434525892,406436,BME280,30.96,1006.51,56.292
2026-05-23 15:43:06.636,1434526092,406636,BME280,30.97,1006.52,56.166
2026-05-23 15:43:06.836,1434526292,406836,BME280,30.97,1006.52,56.166
2026-05-23 15:43:06.036,1434525492,407036,BME280,30.97,1006.52,56.166
2026-05-23 15:43:07.236,1434526692,407236,BME280,30.97,1006.52,56.166
2026-05-23 15:43:07.436,1434526892,407436,BME280,30.97,1006.52,56.166
2026-05-23 15:43:07.636,1434527092,407636,BME280,30.97,1006.53,56.06
2026-05-23 15:43:07.836,1434527292,407836,BME280,30.97,1006.53,56.06
2026-05-23 15:43:07.036,1434526492,408036,BME280,30.97,1006.53,56.06
2026-05-23 15:43:08.236,1434527692,408236,BME280,30.97,1006.53,56.06
2026-05-23 15:43:08.436,1434527892,408436,BME280,30.97,1006.53,56.06
2026-05-23 15:43:08.636,1434528092,408636,BME280,30.96,1006.54,56.001
2026-05-23 15:43:08.836,1434528292,408836,BME280,30.96,1006.54,56.001
2026-05-23 15:43:08.036,1434527492,409036,BME280,30.96,1006.54,56.001
2026-05-23 15:43:09.236,1434528692,409236,BME280,30.96,1006.54,56.001
2026-05-23 15:43:09.436,1434528892,409436,BME280,30.96,1006.54,56.001
2026-05-23 15:43:09.636,1434529092,409636,BME280,30.96,1006.51,56.306
2026-05-23 15:43:09.836,1434529292,409836,BME280,30.96,1006.51,56.306
2026-05-23 15:43:09.036,1434528492,410036,BME280,30.96,1006.51,56.306
2026-05-23 15:43:10.236,1434529692,410236,BME280,30.96,1006.51,56.306
2026-05-23 15:43:10.436,1434529892,410436,BME280,30.96,1006.51,56.306
2026-05-23 15:43:10.636,1434530092,410636,BME280,30.95,1006.52,56.187
2026-05-23 15:43:10.836,1434530292,410836,BME280,30.95,1006.52,56.187
2026-05-23 15:43:10.036,1434529492,411036,BME280,30.95,1006.52,56.187
2026-05-23 15:43:11.236,1434530692,411236,BME280,30.95,1006.52,56.187
2026-05-23 15:43:11.436,1434530892,411436,BME280,30.95,1006.52,56.187
2026-05-23 15:43:11.636,1434531092,411636,BME280,30.94,1006.52,56.177
2026-05-23 15:43:11.836,1434531292,411836,BME280,30.94,1006.52,56.177
2026-05-23 15:43:11.036,1434530492,412036,BME280,30.94,1006.52,56.177
2026-05-23 15:43:12.236,1434531692,412236,BME280,30.94,1006.52,56.177
2026-05-23 15:43:12.436,1434531892,412436,BME280,30.94,1006.52,56.177
2026-05-23 15:43:12.636,1434532092,412636,BME280,30.93,1006.49,56.395
2026-05-23 15:43:12.836,1434532292,412836,BME280,30.93,1006.49,56.395
2026-05-23 15:43:12.036,1434531492,413036,BME280,30.93,1006.49,56.395
2026-05-23 15:43:13.236,1434532692,413236,BME280,30.93,1006.49,56.395
2026-05-23 15:43:13.436,1434532892,413436,BME280,30.93,1006.49,56.395
2026-05-23 15:43:13.636,1434533092,413636,BME280,30.93,1006.53,56.12
2026-05-23 15:43:13.836,1434533292,413836,BME280,30.93,1006.53,56.12
2026-05-23 15:43:13.036,1434532492,414036,BME280,30.93,1006.53,56.12
2026-05-23 15:43:14.236,1434533692,414236,BME280,30.93,1006.53,56.12
2026-05-23 15:43:14.436,1434533892,414436,BME280,30.93,1006.53,56.12
2026-05-23 15:43:14.636,1434534092,414636,BME280,30.9,1006.5,56.36
2026-05-23 15:43:14.836,1434534292,414836,BME280,30.9,1006.5,56.36
2026-05-23 15:43:14.036,1434533492,415036,BME280,30.9,1006.5,56.36
2026-05-23 15:43:15.236,1434534692,415236,BME280,30.9,1006.5,56.36
2026-05-23 15:43:15.436,1434534892,415436,BME280,30.9,1006.5,56.232
2026-05-23 15:43:15.636,1434535092,415636,BME280,30.89,1006.51,56.232
2026-05-23 15:43:15.836,1434535292,415836,BME280,30.89,1006.51,56.232
2026-05-23 15:43:15.036,1434534492,416036,BME280,30.89,1006.51,56.232
2026-05-23 15:43:16.236,1434535692,416236,BME280,30.89,1006.51,56.232
2026-05-23 15:43:16.436,1434535892,416436,BME280,30.87,1006.52,56.203
2026-05-23 15:43:16.636,1434536092,416636,BME280,30.87,1006.52,56.203
2026-05-23 15:43:16.836,1434536292,416836,BME280,30.87,1006.52,56.203
2026-05-23 15:43:16.036,1434535492,417036,BME280,30.87,1006.52,56.203
2026-05-23 15:43:17.236,1434536692,417236,BME280,30.87,1006.52,56.203
2026-05-23 15:43:17.436,1434536892,417436,BME280,30.87,1006.51,56.28
2026-05-23 15:43:17.636,1434537092,417636,BME280,30.87,1006.51,56.28
2026-05-23 15:43:17.836,1434537292,417836,BME280,30.87,1006.51,56.28
2026-05-23 15:43:17.036,1434536492,418036,BME280,30.87,1006.51,56.28
2026-05-23 15:43:18.236,1434537692,418236,BME280,30.87,1006.51,56.28
2026-05-23 15:43:18.436,1434537892,418436,BME280,30.85,1006.51,56.278
2026-05-23 15:43:18.636,1434538092,418636,BME280,30.85,1006.51,56.278
2026-05-23 15:43:18.836,1434538292,418836,BME280,30.85,1006.51,56.278
2026-05-23 15:43:18.036,1434537492,419036,BME280,30.85,1006.51,56.278
2026-05-23 15:43:19.236,1434538692,419236,BME280,30.85,1006.51,56.278
2026-05-23 15:43:19.436,1434538892,419436,BME280,30.83,1006.5,56.321
2026-05-23 15:43:19.636,1434539092,419636,BME280,30.83,1006.5,56.321
2026-05-23 15:43:19.836,1434539292,419836,BME280,30.83,1006.5,56.321
2026-05-23 15:43:19.036,1434538492,420036,BME280,30.83,1006.5,56.321
2026-05-23 15:43:20.236,1434539692,420236,BME280,30.83,1006.5,56.321
2026-05-23 15:43:20.436,1434539892,420436,BME280,30.82,1006.54,56.01
2026-05-23 15:43:20.636,1434540092,420636,BME280,30.82,1006.54,56.01
2026-05-23 15:43:20.836,1434540292,420836,BME280,30.82,1006.54,56.01
2026-05-23 15:43:20.036,1434539492,421036,BME280,30.82,1006.54,56.01
2026-05-23 15:43:21.236,1434540692,421236,BME280,30.82,1006.54,56.01
2026-05-23 15:43:21.436,1434540892,421436,BME280,30.8,1006.51,56.262
2026-05-23 15:43:21.636,1434541092,421636,BME280,30.8,1006.51,56.262
2026-05-23 15:43:21.836,1434541292,421836,BME280,30.8,1006.51,56.262
2026-05-23 15:43:21.036,1434540492,422036,BME280,30.8,1006.51,56.262
2026-05-23 15:43:22.236,1434541692,422236,BME280,30.8,1006.51,56.262
2026-05-23 15:43:22.436,1434541892,422436,BME280,30.79,1006.54,56.009
2026-05-23 15:43:22.636,1434542092,422636,BME280,30.79,1006.54,56.009
2026-05-23 15:43:22.836,1434542292,422836,BME280,30.79,1006.54,56.009
2026-05-23 15:43:22.036,1434541492,423036,BME280,30.79,1006.54,56.009
2026-05-23 15:43:23.236,1434542692,423236,BME280,30.79,1006.54,56.009
2026-05-23 15:43:23.436,1434542892,423436,BME280,30.77,1006.54,55.989
2026-05-23 15:43:23.636,1434543092,423636,BME280,30.77,1006.54,55.989
2026-05-23 15:43:23.836,1434543292,423836,BME280,30.77,1006.54,55.989
2026-05-23 15:43:23.036,1434542492,424036,BME280,30.77,1006.54,55.989
2026-05-23 15:43:24.236,1434543692,424236,BME280,30.77,1006.54,55.989
2026-05-23 15:43:24.436,1434543892,424436,BME280,30.76,1006.53,56.073
2026-05-23 15:43:24.636,1434544092,424636,BME280,30.76,1006.53,56.073
2026-05-23 15:43:24.836,1434544292,424836,BME280,30.76,1006.53,56.073
2026-05-23 15:43:24.036,1434543492,425036,BME280,30.76,1006.53,56.073
2026-05-23 15:43:25.236,1434544692,425236,BME280,30.76,1006.53,56.073
2026-05-23 15:43:25.436,1434544892,425436,BME280,30.74,1006.53,56.066
2026-05-23 15:43:25.636,1434545092,425636,BME280,30.74,1006.53,56.066
2026-05-23 15:43:25.836,1434545292,425836,BME280,30.74,1006.53,56.066
2026-05-23 15:43:25.036,1434544492,426036,BME280,30.74,1006.53,56.066
2026-05-23 15:43:26.236,1434545692,426236,BME280,30.74,1006.53,56.066
2026-05-23 15:43:26.436,1434545892,426436,BME280,30.73,1006.55,55.953
2026-05-23 15:43:26.636,1434546092,426636,BME280,30.73,1006.55,55.953
2026-05-23 15:43:26.836,1434546292,426836,BME280,30.73,1006.55,55.953
2026-05-23 15:43:26.036,1434545492,427036,BME280,30.73,1006.55,55.953
2026-05-23 15:43:27.236,1434546692,427236,BME280,30.73,1006.55,55.953
2026-05-23 15:43:27.436,1434546892,427436,BME280,30.72,1006.51,56.226
2026-05-23 15:43:27.636,1434547092,427636,BME280,30.72,1006.51,56.226
2026-05-23 15:43:27.836,1434547292,427836,BME280,30.72,1006.51,56.226
2026-05-23 15:43:27.036,1434546492,428036,BME280,30.72,1006.51,56.226
2026-05-23 15:43:28.236,1434547692,428236,BME280,30.72,1006.51,56.226
2026-05-23 15:43:28.436,1434547892,428436,BME280,30.7,1006.55,55.933
2026-05-23 15:43:28.636,1434548092,428636,BME280,30.7,1006.55,55.933
2026-05-23 15:43:28.836,1434548292,428836,BME280,30.7,1006.55,55.933
2026-05-23 15:43:28.036,1434547492,429036,BME280,30.7,1006.55,55.933
2026-05-23 15:43:29.236,1434548692,429236,BME280,30.7,1006.55,55.933
2026-05-23 15:43:29.436,1434548892,429436,BME280,30.69,1006.52,56.201
2026-05-23 15:43:29.636,1434549092,429636,BME280,30.69,1006.52,56.201
2026-05-23 15:43:29.836,1434549292,429836,BME280,30.69,1006.52,56.201
2026-05-23 15:43:29.036,1434548492,430036,BME280,30.69,1006.52,56.201
2026-05-23 15:43:30.236,1434549692,430236,BME280,30.69,1006.52,56.201
2026-05-23 15:43:30.436,1434549892,430436,BME280,30.67,1006.5,56.382
2026-05-23 15:43:30.636,1434550092,430636,BME280,30.67,1006.5,56.382
2026-05-23 15:43:30.836,1434550292,430836,BME280,30.67,1006.5,56.382
2026-05-23 15:43:30.036,1434549492,431036,BME280,30.67,1006.5,56.382
2026-05-23 15:43:31.236,1434550692,431236,BME280,30.67,1006.5,56.382
2026-05-23 15:43:31.436,1434550892,431436,BME280,30.66,1006.53,56.065
2026-05-23 15:43:31.636,1434551092,431636,BME280,30.66,1006.53,56.065
2026-05-23 15:43:31.836,1434551292,431836,BME280,30.66,1006.53,56.065
2026-05-23 15:43:31.036,1434550492,432036,BME280,30.66,1006.53,56.065
2026-05-23 15:43:32.236,1434551692,432236,BME280,30.66,1006.53,56.065
2026-05-23 15:43:32.436,1434551892,432436,BME280,30.64,1006.5,56.316
2026-05-23 15:43:32.636,1434552092,432636,BME280,30.64,1006.5,56.316
2026-05-23 15:43:32.836,1434552292,432836,BME280,30.64,1006.5,56.316
2026-05-23 15:43:32.036,1434551492,433036,BME280,30.64,1006.5,56.316
2026-05-23 15:43:33.236,1434552692,433236,BME280,30.64,1006.5,56.316
2026-05-23 15:43:33.436,1434552892,433436,BME280,30.63,1006.52,56.206
2026-05-23 15:43:33.636,1434553092,433636,BME280,30.63,1006.52,56.206
2026-05-23 15:43:33.836,1434553292,433836,BME280,30.63,1006.52,56.206
2026-05-23 15:43:33.036,1434552492,434036,BME280,30.63,1006.52,56.206
2026-05-23 15:43:34.236,1434553692,434236,BME280,30.63,1006.52,56.206
2026-05-23 15:43:34.436,1434553892,434436,BME280,30.62,1006.54,56.007
2026-05-23 15:43:34.636,1434554092,434636,BME280,30.62,1006.54,56.007
2026-05-23 15:43:34.836,1434554292,434836,BME280,30.62,1006.54,56.007
2026-05-23 15:43:34.036,1434553492,435036,BME280,30.62,1006.54,56.007
2026-05-23 15:43:35.236,1434554692,435236,BME280,30.62,1006.54,56.007
2026-05-23 15:43:35.436,1434554892,435436,BME280,30.6,1006.54,56.008
2026-05-23 15:43:35.636,1434555092,435636,BME280,30.6,1006.54,56.008
2026-05-23 15:43:35.836,1434555292,435836,BME280,30.6,1006.54,56.008
2026-05-23 15:43:35.036,1434554492,436036,BME280,30.6,1006.54,56.008
2026-05-23 15:43:36.236,1434555692,436236,BME280,30.6,1006.54,56.008
2026-05-23 15:43:36.436,1434555892,436436,BME280,30.58,1006.54,56.0
2026-05-23 15:43:36.636,1434556092,436636,BME280,30.58,1006.54,56.0
2026-05-23 15:43:36.836,1434556292,436836,BME280,30.58,1006.54,56.0
2026-05-23 15:43:36.036,1434555492,437036,BME280,30.58,1006.54,56.0
2026-05-23 15:43:37.236,1434556692,437236,BME280,30.58,1006.54,56.0
2026-05-23 15:43:37.436,1434556892,437436,BME280,30.57,1006.54,56.021
2026-05-23 15:43:37.636,1434557092,437636,BME280,30.57,1006.54,56.021
2026-05-23 15:43:37.836,1434557292,437836,BME280,30.57,1006.54,56.021
2026-05-23 15:43:37.036,1434556492,438036,BME280,30.57,1006.54,56.021
2026-05-23 15:43:38.236,1434557692,438236,BME280,30.57,1006.54,56.021
2026-05-23 15:43:38.436,1434557892,438436,BME280,30.55,1006.55,55.928
2026-05-23 15:43:38.636,1434558092,438636,BME280,30.55,1006.55,55.928
2026-05-23 15:43:38.836,1434558292,438836,BME280,30.55,1006.55,55.928
2026-05-23 15:43:38.036,1434557492,439036,BME280,30.55,1006.55,55.928
2026-05-23 15:43:39.236,1434558692,439236,BME280,30.55,1006.55,55.928
2026-05-23 15:43:39.436,1434558892,439436,BME280,30.53,1006.52,56.151
2026-05-23 15:43:39.636,1434559092,439636,BME280,30.53,1006.52,56.151
2026-05-23 15:43:39.836,1434559292,439836,BME280,30.53,1006.52,56.151
2026-05-23 15:43:39.036,1434558492,440036,BME280,30.53,1006.52,56.151
2026-05-23 15:43:40.236,1434559692,440236,BME280,30.53,1006.52,56.151
2026-05-23 15:43:40.436,1434559892,440436,BME280,30.52,1006.5,56.332
2026-05-23 15:43:40.636,1434560092,440636,BME280,30.52,1006.5,56.332
2026-05-23 15:43:40.836,1434560292,440836,BME280,30.52,1006.5,56.332
2026-05-23 15:43:40.036,1434559492,441036,BME280,30.52,1006.5,56.332
2026-05-23 15:43:41.236,1434560692,441236,BME280,30.52,1006.5,56.332
2026-05-23 15:43:41.436,1434560892,441436,BME280,30.5,1006.53,56.092
2026-05-23 15:43:41.636,1434561092,441636,BME280,30.5,1006.53,56.092
2026-05-23 15:43:41.836,1434561292,441836,BME280,30.5,1006.53,56.092
2026-05-23 15:43:41.036,1434560492,442036,BME280,30.5,1006.53,56.092
2026-05-23 15:43:42.236,1434561692,442236,BME280,30.5,1006.53,56.092
2026-05-23 15:43:42.436,1434561892,442436,BME280,30.48,1006.49,56.407
2026-05-23 15:43:42.636,1434562092,442636,BME280,30.48,1006.49,56.407
2026-05-23 15:43:42.836,1434562292,442836,BME280,30.48,1006.49,56.407
2026-05-23 15:43:42.036,1434561492,443036,BME280,30.48,1006.49,56.407
2026-05-23 15:43:43.236,1434562692,443236,BME280,30.48,1006.49,56.407
2026-05-23 15:43:43.436,1434562892,443436,BME280,30.44,1006.5,56.392
2026-05-23 15:43:43.636,1434563092,443636,BME280,30.44,1006.5,56.392
2026-05-23 15:43:43.836,1434563292,443836,BME280,30.44,1006.5,56.392
2026-05-23 15:43:43.036,1434562492,444036,BME280,30.44,1006.5,56.392
2026-05-23 15:43:44.236,1434563692,444236,BME280,30.44,1006.5,56.392
2026-05-23 15:43:44.436,1434563892,444436,BME280,30.42,1006.47,56.624
2026-05-23 15:43:44.636,1434564092,444636,BME280,30.42,1006.47,56.624
2026-05-23 15:43:44.836,1434564292,444836,BME280,30.42,1006.47,56.624
2026-05-23 15:43:44.036,1434563492,445036,BME280,30.42,1006.47,56.624
2026-05-23 15:43:45.236,1434564692,445236,BME280,30.4,1006.48,56.559
2026-05-23 15:43:45.436,1434564892,445436,BME280,30.4,1006.48,56.559
2026-05-23 15:43:45.636,1434565092,445636,BME280,30.4,1006.48,56.559
2026-05-23 15:43:45.836,1434565292,445836,BME280,30.4,1006.48,56.559
2026-05-23 15:43:45.036,1434564492,446036,BME280,30.4,1006.48,56.559
2026-05-23 15:43:46.236,1434565692,446236,BME280,30.37,1006.49,56.424
2026-05-23 15:43:46.436,1434565892,446436,BME280,30.37,1006.49,56.424
2026-05-23 15:43:46.636,1434566092,446636,BME280,30.37,1006.49,56.424
2026-05-23 15:43:46.836,1434566292,446836,BME280,30.37,1006.49,56.424
2026-05-23 15:43:46.036,1434565492,447036,BME280,30.37,1006.49,56.424
2026-05-23 15:43:47.236,1434566692,447236,BME280,30.34,1006.47,56.589
2026-05-23 15:43:47.436,1434566892,447436,BME280,30.34,1006.47,56.589
2026-05-23 15:43:47.636,1434567092,447636,BME280,30.34,1006.47,56.589
2026-05-23 15:43:47.836,1434567292,447836,BME280,30.34,1006.47,56.589
2026-05-23 15:43:47.036,1434566492,448036,BME280,30.34,1006.47,56.589
2026-05-23 15:43:48.236,1434567692,448236,BME280,30.33,1006.51,56.277
2026-05-23 15:43:48.436,1434567892,448436,BME280,30.33,1006.51,56.277
2026-05-23 15:43:48.636,1434568092,448636,BME280,30.33,1006.51,56.277
2026-05-23 15:43:48.836,1434568292,448836,BME280,30.33,1006.51,56.277
2026-05-23 15:43:48.036,1434567492,449036,BME280,30.33,1006.51,56.277
2026-05-23 15:43:49.236,1434568692,449236,BME280,30.3,1006.52,56.181
2026-05-23 15:43:49.436,1434568892,449436,BME280,30.3,1006.52,56.181
2026-05-23 15:43:49.636,1434569092,449636,BME280,30.3,1006.52,56.181
2026-05-23 15:43:49.836,1434569292,449836,BME280,30.3,1006.52,56.181
2026-05-23 15:43:49.036,1434568492,450036,BME280,30.3,1006.52,56.181
2026-05-23 15:43:50.236,1434569692,450236,BME280,30.26,1006.47,56.569
2026-05-23 15:43:50.436,1434569892,450436,BME280,30.26,1006.47,56.569
2026-05-23 15:43:50.636,1434570092,450636,BME280,30.26,1006.47,56.569
2026-05-23 15:43:50.836,1434570292,450836,BME280,30.26,1006.47,56.569
2026-05-23 15:43:50.036,1434569492,451036,BME280,30.26,1006.47,56.569
2026-05-23 15:43:51.236,1434570692,451236,BME280,30.25,1006.47,56.628
2026-05-23 15:43:51.436,1434570892,451436,BME280,30.25,1006.47,56.628
2026-05-23 15:43:51.636,1434571092,451636,BME280,30.25,1006.47,56.628
2026-05-23 15:43:51.836,1434571292,451836,BME280,30.25,1006.47,56.628
2026-05-23 15:43:51.036,1434570492,452036,BME280,30.25,1006.47,56.628
2026-05-23 15:43:52.236,1434571692,452236,BME280,30.22,1006.5,56.349
2026-05-23 15:43:52.436,1434571892,452436,BME280,30.22,1006.5,56.349
2026-05-23 15:43:52.636,1434572092,452636,BME280,30.22,1006.5,56.349
2026-05-23 15:43:52.836,1434572292,452836,BME280,30.22,1006.5,56.349
2026-05-23 15:43:52.036,1434571492,453036,BME280,30.22,1006.5,56.349
2026-05-23 15:43:53.236,1434572692,453236,BME280,30.2,1006.48,56.519
2026-05-23 15:43:53.436,1434572892,453436,BME280,30.2,1006.48,56.519
2026-05-23 15:43:53.636,1434573092,453636,BME280,30.2,1006.48,56.519
2026-05-23 15:43:53.836,1434573292,453836,BME280,30.2,1006.48,56.519
2026-05-23 15:43:53.036,1434572492,454036,BME280,30.2,1006.48,56.519
2026-05-23 15:43:54.236,1434573692,454236,BME280,30.17,1006.5,56.354
2026-05-23 15:43:54.436,1434573892,454436,BME280,30.17,1006.5,56.354
2026-05-23 15:43:54.636,1434574092,454636,BME280,30.17,1006.5,56.354
2026-05-23 15:43:54.836,1434574292,454836,BME280,30.17,1006.5,56.354
2026-05-23 15:43:54.036,1434573492,455036,BME280,30.17,1006.5,56.354
2026-05-23 15:43:55.236,1434574692,455236,BME280,30.15,1006.48,56.549
2026-05-23 15:43:55.436,1434574892,455436,BME280,30.15,1006.48,56.549
2026-05-23 15:43:55.636,1434575092,455636,BME280,30.15,1006.48,56.549
2026-05-23 15:43:55.836,1434575292,455836,BME280,30.15,1006.48,56.549
2026-05-23 15:43:55.036,1434574492,456036,BME280,30.15,1006.48,56.549
2026-05-23 15:43:56.236,1434575692,456236,BME280,30.12,1006.44,56.813
2026-05-23 15:43:56.436,1434575892,456436,BME280,30.12,1006.44,56.813
2026-05-23 15:43:56.636,1434576092,456636,BME280,30.12,1006.44,56.813
2026-05-23 15:43:56.836,1434576292,456836,BME280,30.12,1006.44,56.813
2026-05-23 15:43:56.036,1434575492,457036,BME280,30.12,1006.44,56.813
2026-05-23 15:43:57.236,1434576692,457236,BME280,30.11,1006.47,56.636
2026-05-23 15:43:57.436,1434576892,457436,BME280,30.11,1006.47,56.636
2026-05-23 15:43:57.636,1434577092,457636,BME280,30.11,1006.47,56.636
2026-05-23 15:43:57.836,1434577292,457836,BME280,30.11,1006.47,56.636
2026-05-23 15:43:57.036,1434576492,458036,BME280,30.11,1006.47,56.636
2026-05-23 15:43:58.236,1434577692,458236,BME280,30.09,1006.49,56.439
2026-05-23 15:43:58.436,1434577892,458436,BME280,30.09,1006.49,56.439
2026-05-23 15:43:58.636,1434578092,458636,BME280,30.09,1006.49,56.439
2026-05-23 15:43:58.836,1434578292,458836,BME280,30.09,1006.49,56.439
2026-05-23 15:43:58.036,1434577492,459036,BME280,30.09,1006.49,56.439
2026-05-23 15:43:59.236,1434578692,459236,BME280,30.07,1006.5,56.344
2026-05-23 15:43:59.436,1434578892,459436,BME280,30.07,1006.5,56.344
2026-05-23 15:43:59.636,1434579092,459636,BME280,30.07,1006.5,56.344
2026-05-23 15:43:59.836,1434579292,459836,BME280,30.07,1006.5,56.344
2026-05-23 15:43:59.036,1434578492,460036,BME280,30.07,1006.5,56.344
2026-05-23 15:44:00.236,1434579692,460236,BME280,30.03,1006.49,56.431
2026-05-23 15:44:00.436,1434579892,460436,BME280,30.03,1006.49,56.431
2026-05-23 15:44:00.636,1434580092,460636,BME280,30.03,1006.49,56.431
2026-05-23 15:44:00.836,1434580292,460836,BME280,30.03,1006.49,56.431
2026-05-23 15:44:00.036,1434579492,461036,BME280,30.03,1006.49,56.431
2026-05-23 15:44:01.236,1434580692,461236,BME280,30.02,1006.48,56.53
2026-05-23 15:44:01.436,1434580892,461436,BME280,30.02,1006.48,56.53
2026-05-23 15:44:01.636,1434581092,461636,BME280,30.02,1006.48,56.53
2026-05-23 15:44:01.836,1434581292,461836,BME280,30.02,1006.48,56.53
2026-05-23 15:44:01.036,1434580492,462036,BME280,30.02,1006.48,56.53
2026-05-23 15:44:02.236,1434581692,462236,BME280,29.99,1006.46,56.663
2026-05-23 15:44:02.436,1434581892,462436,BME280,29.99,1006.46,56.663
2026-05-23 15:44:02.636,1434582092,462636,BME280,29.99,1006.46,56.663
2026-05-23 15:44:02.836,1434582292,462836,BME280,29.99,1006.46,56.663
2026-05-23 15:44:02.036,1434581492,463036,BME280,29.99,1006.46,56.663
2026-05-23 15:44:03.236,1434582692,463236,BME280,29.97,1006.49,56.453
2026-05-23 15:44:03.436,1434582892,463436,BME280,29.97,1006.49,56.453
2026-05-23 15:44:03.636,1434583092,463636,BME280,29.97,1006.49,56.453
2026-05-23 15:44:03.836,1434583292,463836,BME280,29.97,1006.49,56.453
2026-05-23 15:44:03.036,1434582492,464036,BME280,29.97,1006.49,56.453
2026-05-23 15:44:04.236,1434583692,464236,BME280,29.95,1006.48,56.516
2026-05-23 15:44:04.436,1434583892,464436,BME280,29.95,1006.48,56.516
2026-05-23 15:44:04.636,1434584092,464636,BME280,29.95,1006.48,56.516
2026-05-23 15:44:04.836,1434584292,464836,BME280,29.95,1006.48,56.516
2026-05-23 15:44:04.036,1434583492,465036,BME280,29.95,1006.48,56.516
2026-05-23 15:44:05.236,1434584692,465236,BME280,29.93,1006.47,56.628
2026-05-23 15:44:05.436,1434584892,465436,BME280,29.93,1006.47,56.628
2026-05-23 15:44:05.636,1434585092,465636,BME280,29.93,1006.47,56.628
2026-05-23 15:44:05.836,1434585292,465836,BME280,29.93,1006.47,56.628
2026-05-23 15:44:05.036,1434584492,466036,BME280,29.93,1006.47,56.628
2026-05-23 15:44:06.236,1434585692,466236,BME280,29.91,1006.46,56.659
2026-05-23 15:44:06.436,1434585892,466436,BME280,29.91,1006.46,56.659
2026-05-23 15:44:06.636,1434586092,466636,BME280,29.91,1006.46,56.659
2026-05-23 15:44:06.836,1434586292,466836,BME280,29.91,1006.46,56.659
2026-05-23 15:44:06.036,1434585492,467036,BME280,29.91,1006.46,56.659
2026-05-23 15:44:07.236,1434586692,467236,BME280,29.89,1006.45,56.768
2026-05-23 15:44:07.436,1434586892,467436,BME280,29.89,1006.45,56.768
2026-05-23 15:44:07.636,1434587092,467636,BME280,29.89,1006.45,56.768
2026-05-23 15:44:07.836,1434587292,467836,BME280,29.89,1006.45,56.768
2026-05-23 15:44:07.036,1434586492,468036,BME280,29.89,1006.45,56.768
2026-05-23 15:44:08.236,1434587692,468236,BME280,29.88,1006.47,56.587
2026-05-23 15:44:08.436,1434587892,468436,BME280,29.88,1006.47,56.587
2026-05-23 15:44:08.636,1434588092,468636,BME280,29.88,1006.47,56.587
2026-05-23 15:44:08.836,1434588292,468836,BME280,29.88,1006.47,56.587
2026-05-23 15:44:08.036,1434587492,469036,BME280,29.88,1006.47,56.587
2026-05-23 15:44:09.236,1434588692,469236,BME280,29.85,1006.48,56.53
2026-05-23 15:44:09.436,1434588892,469436,BME280,29.85,1006.48,56.53
2026-05-23 15:44:09.636,1434589092,469636,BME280,29.85,1006.48,56.53
2026-05-23 15:44:09.836,1434589292,469836,BME280,29.85,1006.48,56.53
2026-05-23 15:44:09.036,1434588492,470036,BME280,29.85,1006.48,56.53
2026-05-23 15:44:10.236,1434589692,470236,BME280,29.83,1006.46,56.667
2026-05-23 15:44:10.436,1434589892,470436,BME280,29.83,1006.46,56.667
2026-05-23 15:44:10.636,1434590092,470636,BME280,29.83,1006.46,56.667
2026-05-23 15:44:10.836,1434590292,470836,BME280,29.83,1006.46,56.667
2026-05-23 15:44:10.036,1434589492,471036,BME280,29.83,1006.46,56.667
2026-05-23 15:44:11.236,1434590692,471236,BME280,29.81,1006.45,56.736
2026-05-23 15:44:11.436,1434590892,471436,BME280,29.81,1006.45,56.736
2026-05-23 15:44:11.636,1434591092,471636,BME280,29.81,1006.45,56.736
2026-05-23 15:44:11.836,1434591292,471836,BME280,29.81,1006.45,56.736
2026-05-23 15:44:11.036,1434590492,472036,BME280,29.81,1006.45,56.736
2026-05-23 15:44:12.236,1434591692,472236,BME280,29.79,1006.47,56.565
2026-05-23 15:44:12.436,1434591892,472436,BME280,29.79,1006.47,56.565
2026-05-23 15:44:12.636,1434592092,472636,BME280,29.79,1006.47,56.565
2026-05-23 15:44:12.836,1434592292,472836,BME280,29.79,1006.47,56.565
2026-05-23 15:44:12.036,1434591492,473036,BME280,29.79,1006.47,56.565
2026-05-23 15:44:13.236,1434592692,473236,BME280,29.77,1006.45,56.789
2026-05-23 15:44:13.436,1434592892,473436,BME280,29.77,1006.45,56.789
2026-05-23 15:44:13.636,1434593092,473636,BME280,29.77,1006.45,56.789
2026-05-23 15:44:13.836,1434593292,473836,BME280,29.77,1006.45,56.789
2026-05-23 15:44:13.036,1434592492,474036,BME280,29.77,1006.45,56.789
2026-05-23 15:44:14.236,1434593692,474236,BME280,29.76,1006.48,56.51
2026-05-23 15:44:14.436,1434593892,474436,BME280,29.76,1006.48,56.51
2026-05-23 15:44:14.636,1434594092,474636,BME280,29.76,1006.48,56.51
2026-05-23 15:44:14.836,1434594292,474836,BME280,29.76,1006.48,56.51
2026-05-23 15:44:14.036,1434593492,475036,BME280,29.76,1006.48,56.51
2026-05-23 15:44:15.236,1434594692,475236,BME280,29.75,1006.47,56.638
2026-05-23 15:44:15.436,1434594892,475436,BME280,29.75,1006.47,56.638
2026-05-23 15:44:15.636,1434595092,475636,BME280,29.75,1006.47,56.638
2026-05-23 15:44:15.836,1434595292,475836,BME280,29.75,1006.47,56.638
2026-05-23 15:44:15.036,1434594492,476036,BME280,29.75,1006.47,56.638
2026-05-23 15:44:16.236,1434595692,476236,BME280,29.74,1006.48,56.535
2026-05-23 15:44:16.436,1434595892,476436,BME280,29.74,1006.48,56.535
2026-05-23 15:44:16.636,1434596092,476636,BME280,29.74,1006.48,56.535
2026-05-23 15:44:16.836,1434596292,476836,BME280,29.74,1006.48,56.535
2026-05-23 15:44:16.036,1434595492,477036,BME280,29.74,1006.48,56.535
2026-05-23 15:44:17.236,1434596692,477236,BME280,29.72,1006.45,56.778
2026-05-23 15:44:17.436,1434596892,477436,BME280,29.72,1006.45,56.778
2026-05-23 15:44:17.636,1434597092,477636,BME280,29.72,1006.45,56.778
2026-05-23 15:44:17.836,1434597292,477836,BME280,29.72,1006.45,56.778
2026-05-23 15:44:17.036,1434596492,478036,BME280,29.72,1006.45,56.778
2026-05-23 15:44:18.236,1434597692,478236,BME280,29.7,1006.49,56.467
2026-05-23 15:44:18.436,1434597892,478436,BME280,29.7,1006.49,56.467
2026-05-23 15:44:18.636,1434598092,478636,BME280,29.7,1006.49,56.467
2026-05-23 15:44:18.836,1434598292,478836,BME280,29.7,1006.49,56.467
2026-05-23 15:44:18.036,1434597492,479036,BME280,29.69,1006.47,56.643
2026-05-23 15:44:19.236,1434598692,479236,BME280,29.69,1006.47,56.643
2026-05-23 15:44:19.436,1434598892,479436,BME280,29.69,1006.47,56.643
2026-05-23 15:44:19.636,1434599092,479636,BME280,29.69,1006.47,56.643
2026-05-23 15:44:19.836,1434599292,479836,BME280,29.69,1006.47,56.643
2026-05-23 15:44:19.036,1434598492,480036,BME280,29.68,1006.47,56.589
2026-05-23 15:44:20.236,1434599692,480236,BME280,29.68,1006.47,56.589
2026-05-23 15:44:20.436,1434599892,480436,BME280,29.68,1006.47,56.589
2026-05-23 15:44:20.636,1434600092,480636,BME280,29.68,1006.47,56.589
2026-05-23 15:44:20.836,1434600292,480836,BME280,29.68,1006.47,56.589
2026-05-23 15:44:20.036,1434599492,481036,BME280,29.67,1006.47,56.616
2026-05-23 15:44:21.236,1434600692,481236,BME280,29.67,1006.47,56.616
2026-05-23 15:44:21.436,1434600892,481436,BME280,29.67,1006.47,56.616
2026-05-23 15:44:21.636,1434601092,481636,BME280,29.67,1006.47,56.616
2026-05-23 15:44:21.836,1434601292,481836,BME280,29.67,1006.47,56.616
2026-05-23 15:44:21.036,1434600492,482036,BME280,29.66,1006.48,56.537
2026-05-23 15:44:22.236,1434601692,482236,BME280,29.66,1006.48,56.537
2026-05-23 15:44:22.436,1434601892,482436,BME280,29.66,1006.48,56.537
2026-05-23 15:44:22.636,1434602092,482636,BME280,29.66,1006.48,56.537
2026-05-23 15:44:22.836,1434602292,482836,BME280,29.66,1006.48,56.537
2026-05-23 15:44:22.036,1434601492,483036,BME280,29.64,1006.49,56.409
2026-05-23 15:44:23.236,1434602692,483236,BME280,29.64,1006.49,56.409
2026-05-23 15:44:23.436,1434602892,483436,BME280,29.64,1006.49,56.409
2026-05-23 15:44:23.636,1434603092,483636,BME280,29.64,1006.49,56.409
2026-05-23 15:44:23.836,1434603292,483836,BME280,29.64,1006.49,56.409
2026-05-23 15:44:23.036,1434602492,484036,BME280,29.62,1006.46,56.67
2026-05-23 15:44:24.236,1434603692,484236,BME280,29.62,1006.46,56.67
2026-05-23 15:44:24.436,1434603892,484436,BME280,29.62,1006.46,56.67
2026-05-23 15:44:24.636,1434604092,484636,BME280,29.62,1006.46,56.67
2026-05-23 15:44:24.836,1434604292,484836,BME280,29.62,1006.46,56.67
2026-05-23 15:44:24.036,1434603492,485036,BME280,29.6,1006.47,56.613
2026-05-23 15:44:25.236,1434604692,485236,BME280,29.6,1006.47,56.613
2026-05-23 15:44:25.436,1434604892,485436,BME280,29.6,1006.47,56.613
2026-05-23 15:44:25.636,1434605092,485636,BME280,29.6,1006.47,56.613
2026-05-23 15:44:25.836,1434605292,485836,BME280,29.6,1006.47,56.613
2026-05-23 15:44:25.036,1434604492,486036,BME280,29.58,1006.48,56.519
2026-05-23 15:44:26.236,1434605692,486236,BME280,29.58,1006.48,56.519
2026-05-23 15:44:26.436,1434605892,486436,BME280,29.58,1006.48,56.519
2026-05-23 15:44:26.636,1434606092,486636,BME280,29.58,1006.48,56.519
2026-05-23 15:44:26.836,1434606292,486836,BME280,29.58,1006.48,56.519
2026-05-23 15:44:26.036,1434605492,487036,BME280,29.55,1006.48,56.544
2026-05-23 15:44:27.236,1434606692,487236,BME280,29.55,1006.48,56.544
2026-05-23 15:44:30.235,1434609691,490235,BME280,29.5,1006.5,56.349
2026-05-23 15:44:30.435,1434609891,490435,BME280,29.5,1006.5,56.349
2026-05-23 15:44:30.635,1434610091,490635,BME280,29.5,1006.5,56.349
2026-05-23 15:44:30.835,1434610291,490835,BME280,29.5,1006.5,56.349
2026-05-23 15:44:30.035,1434609491,491035,BME280,29.48,1006.51,56.236
2026-05-23 15:44:31.235,1434610691,491235,BME280,29.48,1006.51,56.236
2026-05-23 15:44:31.435,1434610891,491435,BME280,29.48,1006.51,56.236
2026-05-23 15:44:31.635,1434611091,491635,BME280,29.48,1006.51,56.236
2026-05-23 15:44:31.835,1434611291,491835,BME280,29.48,1006.51,56.236
2026-05-23 15:44:31.035,1434610491,492035,BME280,29.46,1006.51,56.257
2026-05-23 15:44:32.235,1434611691,492235,BME280,29.46,1006.51,56.257
2026-05-23 15:44:32.435,1434611891,492435,BME280,29.46,1006.51,56.257
2026-05-23 15:44:32.635,1434612091,492635,BME280,29.46,1006.51,56.257
2026-05-23 15:44:32.835,1434612291,492835,BME280,29.46,1006.51,56.257
2026-05-23 15:44:32.035,1434611491,493035,BME280,29.44,1006.51,56.275
2026-05-23 15:44:33.235,1434612691,493235,BME280,29.44,1006.51,56.275
2026-05-23 15:44:33.435,1434612891,493435,BME280,29.44,1006.51,56.275
2026-05-23 15:44:33.635,1434613091,493635,BME280,29.44,1006.51,56.275
2026-05-23 15:44:33.835,1434613291,493835,BME280,29.44,1006.51,56.275
2026-05-23 15:44:33.035,1434612491,494035,BME280,29.42,1006.51,56.261
2026-05-23 15:44:34.235,1434613691,494235,BME280,29.42,1006.51,56.261
2026-05-23 15:44:34.435,1434613891,494435,BME280,29.42,1006.51,56.261
2026-05-23 15:44:34.635,1434614091,494635,BME280,29.42,1006.51,56.261
2026-05-23 15:44:34.835,1434614291,494835,BME280,29.42,1006.51,56.261
2026-05-23 15:44:34.035,1434613491,495035,BME280,29.41,1006.49,56.404
2026-05-23 15:44:35.235,1434614691,495235,BME280,29.41,1006.49,56.404
2026-05-23 15:44:35.435,1434614891,495435,BME280,29.41,1006.49,56.404
2026-05-23 15:44:35.635,1434615091,495635,BME280,29.41,1006.49,56.404
2026-05-23 15:44:35.835,1434615291,495835,BME280,29.41,1006.49,56.404
2026-05-23 15:44:35.035,1434614491,496035,BME280,29.39,1006.51,56.287
2026-05-23 15:44:36.235,1434615691,496235,BME280,29.39,1006.51,56.287
2026-05-23 15:44:36.435,1434615891,496435,BME280,29.39,1006.51,56.287
2026-05-23 15:44:36.635,1434616091,496635,BME280,29.39,1006.51,56.287
2026-05-23 15:44:36.835,1434616291,496835,BME280,29.39,1006.51,56.287
2026-05-23 15:44:36.035,1434615491,497035,BME280,29.38,1006.51,56.297
2026-05-23 15:44:37.235,1434616691,497235,BME280,29.38,1006.51,56.297
2026-05-23 15:44:37.435,1434616891,497435,BME280,29.38,1006.51,56.297
2026-05-23 15:44:37.635,1434617091,497635,BME280,29.38,1006.51,56.297
2026-05-23 15:44:37.835,1434617291,497835,BME280,29.38,1006.51,56.297
2026-05-23 15:44:37.035,1434616491,498035,BME280,29.35,1006.5,56.383
2026-05-23 15:44:38.235,1434617691,498235,BME280,29.35,1006.5,56.383
2026-05-23 15:44:38.435,1434617891,498435,BME280,29.35,1006.5,56.383
2026-05-23 15:44:38.635,1434618091,498635,BME280,29.35,1006.5,56.383
2026-05-23 15:44:38.835,1434618291,498835,BME280,29.35,1006.5,56.383
2026-05-23 15:44:38.035,1434617491,499035,BME280,29.33,1006.48,56.549
2026-05-23 15:44:39.235,1434618691,499235,BME280,29.33,1006.48,56.549
2026-05-23 15:44:39.435,1434618891,499435,BME280,29.33,1006.48,56.549
2026-05-23 15:44:39.635,1434619091,499635,BME280,29.33,1006.48,56.549
2026-05-23 15:44:39.835,1434619291,499835,BME280,29.33,1006.48,56.549
2026-05-23 15:44:39.035,1434618491,500035,BME280,29.32,1006.48,56.509
2026-05-23 15:44:40.235,1434619691,500235,BME280,29.32,1006.48,56.509
2026-05-23 15:44:40.435,1434619891,500435,BME280,29.32,1006.48,56.509
2026-05-23 15:44:40.635,1434620091,500635,BME280,29.32,1006.48,56.509
2026-05-23 15:44:40.835,1434620291,500835,BME280,29.32,1006.48,56.509
2026-05-23 15:44:40.035,1434619491,501035,BME280,29.31,1006.49,56.464
2026-05-23 15:44:41.235,1434620691,501235,BME280,29.31,1006.49,56.464
2026-05-23 15:44:41.435,1434620891,501435,BME280,29.31,1006.49,56.464
2026-05-23 15:44:41.635,1434621091,501635,BME280,29.31,1006.49,56.464
2026-05-23 15:44:41.835,1434621291,501835,BME280,29.31,1006.49,56.464
2026-05-23 15:44:41.035,1434620491,502035,BME280,29.3,1006.52,56.153
2026-05-23 15:44:42.235,1434621691,502235,BME280,29.3,1006.52,56.153
2026-05-23 15:44:42.435,1434621891,502435,BME280,29.3,1006.52,56.153
2026-05-23 15:44:42.635,1434622091,502635,BME280,29.3,1006.52,56.153
2026-05-23 15:44:42.835,1434622291,502835,BME280,29.3,1006.52,56.153
2026-05-23 15:44:42.035,1434621491,503035,BME280,29.28,1006.5,56.344
2026-05-23 15:44:43.235,1434622691,503235,BME280,29.28,1006.5,56.344
2026-05-23 15:44:43.435,1434622891,503435,BME280,29.28,1006.5,56.344
2026-05-23 15:44:43.635,1434623091,503635,BME280,29.28,1006.5,56.344
2026-05-23 15:44:43.835,1434623291,503835,BME280,29.28,1006.5,56.344
2026-05-23 15:44:43.035,1434622491,504035,BME280,29.27,1006.5,56.357
2026-05-23 15:44:44.235,1434623691,504235,BME280,29.27,1006.5,56.357
2026-05-23 15:44:44.435,1434623891,504435,BME280,29.27,1006.5,56.357
2026-05-23 15:44:44.635,1434624091,504635,BME280,29.27,1006.5,56.357
2026-05-23 15:44:44.835,1434624291,504835,BME280,29.27,1006.5,56.357
2026-05-23 15:44:44.035,1434623491,505035,BME280,29.26,1006.51,56.266
2026-05-23 15:44:45.235,1434624691,505235,BME280,29.26,1006.51,56.266
2026-05-23 15:44:45.435,1434624891,505435,BME280,29.26,1006.51,56.266
2026-05-23 15:44:45.635,1434625091,505635,BME280,29.26,1006.51,56.266
2026-05-23 15:44:45.835,1434625291,505835,BME280,29.26,1006.51,56.266
2026-05-23 15:44:45.035,1434624491,506035,BME280,29.25,1006.5,56.323
2026-05-23 15:44:46.235,1434625691,506235,BME280,29.25,1006.5,56.323
2026-05-23 15:44:46.435,1434625891,506435,BME280,29.25,1006.5,56.323
2026-05-23 15:44:46.635,1434626091,506635,BME280,29.25,1006.5,56.323
2026-05-23 15:44:46.835,1434626291,506835,BME280,29.25,1006.5,56.323
2026-05-23 15:44:46.035,1434625491,507035,BME280,29.24,1006.52,56.196
2026-05-23 15:44:47.235,1434626691,507235,BME280,29.24,1006.52,56.196
2026-05-23 15:44:47.435,1434626891,507435,BME280,29.24,1006.52,56.196
2026-05-23 15:44:47.635,1434627091,507635,BME280,29.24,1006.52,56.196
2026-05-23 15:44:47.835,1434627291,507835,BME280,29.24,1006.52,56.196
2026-05-23 15:44:47.035,1434626491,508035,BME280,29.22,1006.52,56.169
2026-05-23 15:44:48.235,1434627691,508235,BME280,29.22,1006.52,56.169
2026-05-23 15:44:48.435,1434627891,508435,BME280,29.22,1006.52,56.169
2026-05-23 15:44:48.635,1434628091,508635,BME280,29.22,1006.52,56.169
2026-05-23 15:44:48.835,1434628291,508835,BME280,29.22,1006.52,56.169
2026-05-23 15:44:48.035,1434627491,509035,BME280,29.22,1006.52,56.159
2026-05-23 15:44:49.235,1434628691,509235,BME280,29.22,1006.52,56.159
2026-05-23 15:44:49.435,1434628891,509435,BME280,29.22,1006.52,56.159
2026-05-23 15:44:49.635,1434629091,509635,BME280,29.22,1006.52,56.159
2026-05-23 15:44:49.835,1434629291,509835,BME280,29.22,1006.52,56.159
2026-05-23 15:44:49.035,1434628491,510035,BME280,29.2,1006.52,56.21
2026-05-23 15:44:50.235,1434629691,510235,BME280,29.2,1006.52,56.21
2026-05-23 15:44:50.435,1434629891,510435,BME280,29.2,1006.52,56.21
2026-05-23 15:44:50.635,1434630091,510635,BME280,29.2,1006.52,56.21
2026-05-23 15:44:50.835,1434630291,510835,BME280,29.2,1006.52,56.21
2026-05-23 15:44:50.035,1434629491,511035,BME280,29.2,1006.51,56.292
2026-05-23 15:44:51.235,1434630691,511235,BME280,29.2,1006.51,56.292
2026-05-23 15:44:51.435,1434630891,511435,BME280,29.2,1006.51,56.292
2026-05-23 15:44:51.635,1434631091,511635,BME280,29.2,1006.51,56.292
2026-05-23 15:44:51.835,1434631291,511835,BME280,29.2,1006.51,56.292
2026-05-23 15:44:51.035,1434630491,512035,BME280,29.19,1006.54,56.021
2026-05-23 15:44:52.235,1434631691,512235,BME280,29.19,1006.54,56.021
2026-05-23 15:44:52.435,1434631891,512435,BME280,29.19,1006.54,56.021
2026-05-23 15:44:52.635,1434632091,512635,BME280,29.19,1006.54,56.021
2026-05-23 15:44:52.835,1434632291,512835,BME280,29.19,1006.54,56.021
2026-05-23 15:44:52.035,1434631491,513035,BME280,29.17,1006.52,56.221
2026-05-23 15:44:53.235,1434632691,513235,BME280,29.17,1006.52,56.221
2026-05-23 15:44:53.435,1434632891,513435,BME280,29.17,1006.52,56.221
2026-05-23 15:44:53.635,1434633091,513635,BME280,29.17,1006.52,56.221
2026-05-23 15:44:53.835,1434633291,513835,BME280,29.17,1006.52,56.221
2026-05-23 15:44:53.035,1434632491,514035,BME280,29.17,1006.54,56.017
2026-05-23 15:44:54.235,1434633691,514235,BME280,29.17,1006.54,56.017
2026-05-23 15:44:54.435,1434633891,514435,BME280,29.17,1006.54,56.017
2026-05-23 15:44:54.635,1434634091,514635,BME280,29.17,1006.54,56.017
2026-05-23 15:44:54.835,1434634291,514835,BME280,29.17,1006.54,56.017
2026-05-23 15:44:54.035,1434633491,515035,BME280,29.16,1006.53,56.122
2026-05-23 15:44:55.235,1434634691,515235,BME280,29.16,1006.53,56.122
2026-05-23 15:44:55.435,1434634891,515435,BME280,29.16,1006.53,56.122
2026-05-23 15:44:55.635,1434635091,515635,BME280,29.16,1006.53,56.122
2026-05-23 15:44:55.835,1434635291,515835,BME280,29.14,1006.51,56.28
2026-05-23 15:44:55.035,1434634491,516035,BME280,29.14,1006.51,56.28
2026-05-23 15:44:56.235,1434635691,516235,BME280,29.14,1006.51,56.28
2026-05-23 15:44:56.435,1434635891,516435,BME280,29.14,1006.51,56.28
2026-05-23 15:44:56.635,1434636091,516635,BME280,29.14,1006.51,56.28
2026-05-23 15:44:56.835,1434636291,516835,BME280,29.13,1006.52,56.203
2026-05-23 15:44:56.035,1434635491,517035,BME280,29.13,1006.52,56.203
2026-05-23 15:44:57.235,1434636691,517235,BME280,29.13,1006.52,56.203
2026-05-23 15:44:57.435,1434636891,517435,BME280,29.13,1006.52,56.203
2026-05-23 15:44:57.635,1434637091,517635,BME280,29.13,1006.52,56.203
2026-05-23 15:44:57.835,1434637291,517835,BME280,29.12,1006.51,56.275
2026-05-23 15:44:57.035,1434636491,518035,BME280,29.12,1006.51,56.275
2026-05-23 15:44:58.235,1434637691,518235,BME280,29.12,1006.51,56.275
2026-05-23 15:44:58.435,1434637891,518435,BME280,29.12,1006.51,56.275
2026-05-23 15:44:58.635,1434638091,518635,BME280,29.12,1006.51,56.275
2026-05-23 15:44:58.835,1434638291,518835,BME280,29.1,1006.5,56.339
2026-05-23 15:44:58.035,1434637491,519035,BME280,29.1,1006.5,56.339
2026-05-23 15:44:59.235,1434638691,519235,BME280,29.1,1006.5,56.339
2026-05-23 15:44:59.435,1434638891,519435,BME280,29.1,1006.5,56.339
2026-05-23 15:44:59.635,1434639091,519635,BME280,29.1,1006.5,56.339
2026-05-23 15:44:59.835,1434639291,519835,BME280,29.09,1006.51,56.304
2026-05-23 15:44:59.035,1434638491,520035,BME280,29.09,1006.51,56.304
2026-05-23 15:45:00.235,1434639691,520235,BME280,29.09,1006.51,56.304
2026-05-23 15:45:00.435,1434639891,520435,BME280,29.09,1006.51,56.304
2026-05-23 15:45:00.635,1434640091,520635,BME280,29.09,1006.51,56.304
2026-05-23 15:45:00.835,1434640291,520835,BME280,29.09,1006.52,56.217
2026-05-23 15:45:00.035,1434639491,521035,BME280,29.09,1006.52,56.217
2026-05-23 15:45:01.235,1434640691,521235,BME280,29.09,1006.52,56.217
2026-05-23 15:45:01.435,1434640891,521435,BME280,29.09,1006.52,56.217
2026-05-23 15:45:01.635,1434641091,521635,BME280,29.09,1006.52,56.217
2026-05-23 15:45:01.835,1434641291,521835,BME280,29.07,1006.52,56.21
2026-05-23 15:45:01.035,1434640491,522035,BME280,29.07,1006.52,56.21
2026-05-23 15:45:02.235,1434641691,522235,BME280,29.07,1006.52,56.21
2026-05-23 15:45:02.435,1434641891,522435,BME280,29.07,1006.52,56.21
2026-05-23 15:45:02.635,1434642091,522635,BME280,29.07,1006.52,56.21
2026-05-23 15:45:02.835,1434642291,522835,BME280,29.06,1006.51,56.267
2026-05-23 15:45:02.035,1434641491,523035,BME280,29.06,1006.51,56.267
2026-05-23 15:45:03.235,1434642691,523235,BME280,29.06,1006.51,56.267
2026-05-23 15:45:03.435,1434642891,523435,BME280,29.06,1006.51,56.267
2026-05-23 15:45:03.635,1434643091,523635,BME280,29.06,1006.51,56.267
2026-05-23 15:45:03.835,1434643291,523835,BME280,29.05,1006.49,56.4
2026-05-23 15:45:03.035,1434642491,524035,BME280,29.05,1006.49,56.4
2026-05-23 15:45:04.235,1434643691,524235,BME280,29.05,1006.49,56.4
2026-05-23 15:45:04.435,1434643891,524435,BME280,29.05,1006.49,56.4
2026-05-23 15:45:04.635,1434644091,524635,BME280,29.05,1006.49,56.4
2026-05-23 15:45:04.835,1434644291,524835,BME280,29.04,1006.51,56.303
2026-05-23 15:45:04.035,1434643491,525035,BME280,29.04,1006.51,56.303
2026-05-23 15:45:05.235,1434644691,525235,BME280,29.04,1006.51,56.303
2026-05-23 15:45:05.435,1434644891,525435,BME280,29.04,1006.51,56.303
2026-05-23 15:45:05.635,1434645091,525635,BME280,29.04,1006.51,56.303
2026-05-23 15:45:05.835,1434645291,525835,BME280,29.03,1006.5,56.374
2026-05-23 15:45:05.035,1434644491,526035,BME280,29.03,1006.5,56.374
2026-05-23 15:45:06.235,1434645691,526235,BME280,29.03,1006.5,56.374
2026-05-23 15:45:06.435,1434645891,526435,BME280,29.03,1006.5,56.374
2026-05-23 15:45:06.635,1434646091,526635,BME280,29.03,1006.5,56.374
2026-05-23 15:45:06.835,1434646291,526835,BME280,29.03,1006.51,56.258
2026-05-23 15:45:06.035,1434645491,527035,BME280,29.03,1006.51,56.258
2026-05-23 15:45:07.235,1434646691,527235,BME280,29.03,1006.51,56.258
2026-05-23 15:45:07.435,1434646891,527435,BME280,29.03,1006.51,56.258
2026-05-23 15:45:07.635,1434647091,527635,BME280,29.03,1006.51,56.258
2026-05-23 15:45:07.835,1434647291,527835,BME280,29.02,1006.52,56.146
2026-05-23 15:45:07.035,1434646491,528035,BME280,29.02,1006.52,56.146
2026-05-23 15:45:08.235,1434647691,528235,BME280,29.02,1006.52,56.146
2026-05-23 15:45:08.435,1434647891,528435,BME280,29.02,1006.52,56.146
2026-05-23 15:45:08.635,1434648091,528635,BME280,29.02,1006.52,56.146
2026-05-23 15:45:08.835,1434648291,528835,BME280,29.01,1006.49,56.41
2026-05-23 15:45:08.035,1434647491,529035,BME280,29.01,1006.49,56.41
2026-05-23 15:45:09.235,1434648691,529235,BME280,29.01,1006.49,56.41
2026-05-23 15:45:09.435,1434648891,529435,BME280,29.01,1006.49,56.41
2026-05-23 15:45:09.635,1434649091,529635,BME280,29.01,1006.49,56.41
2026-05-23 15:45:09.835,1434649291,529835,BME280,29.0,1006.5,56.353
2026-05-23 15:45:09.035,1434648491,530035,BME280,29.0,1006.5,56.353
2026-05-23 15:45:10.235,1434649691,530235,BME280,29.0,1006.5,56.353
2026-05-23 15:45:10.435,1434649891,530435,BME280,29.0,1006.5,56.353
2026-05-23 15:45:10.635,1434650091,530635,BME280,29.0,1006.5,56.353
2026-05-23 15:45:10.835,1434650291,530835,BME280,28.99,1006.51,56.29
2026-05-23 15:45:10.035,1434649491,531035,BME280,28.99,1006.51,56.29
2026-05-23 15:45:11.235,1434650691,531235,BME280,28.99,1006.51,56.29
2026-05-23 15:45:11.435,1434650891,531435,BME280,28.99,1006.51,56.29
2026-05-23 15:45:11.635,1434651091,531635,BME280,28.99,1006.51,56.29
2026-05-23 15:45:11.835,1434651291,531835,BME280,28.97,1006.49,56.398
2026-05-23 15:45:11.035,1434650491,532035,BME280,28.97,1006.49,56.398
2026-05-23 15:45:12.235,1434651691,532235,BME280,28.97,1006.49,56.398
2026-05-23 15:45:12.435,1434651891,532435,BME280,28.97,1006.49,56.398
2026-05-23 15:45:12.635,1434652091,532635,BME280,28.97,1006.49,56.398
2026-05-23 15:45:12.835,1434652291,532835,BME280,28.98,1006.53,56.076
2026-05-23 15:45:12.035,1434651491,533035,BME280,28.98,1006.53,56.076
2026-05-23 15:45:13.235,1434652691,533235,BME280,28.98,1006.53,56.076
2026-05-23 15:45:13.435,1434652891,533435,BME280,28.98,1006.53,56.076
2026-05-23 15:45:13.635,1434653091,533635,BME280,28.98,1006.53,56.076
2026-05-23 15:45:13.835,1434653291,533835,BME280,28.96,1006.52,56.204
2026-05-23 15:45:13.035,1434652491,534035,BME280,28.96,1006.52,56.204
2026-05-23 15:45:14.235,1434653691,534235,BME280,28.96,1006.52,56.204
2026-05-23 15:45:14.435,1434653891,534435,BME280,28.96,1006.52,56.204
2026-05-23 15:45:14.635,1434654091,534635,BME280,28.96,1006.52,56.204
2026-05-23 15:45:14.835,1434654291,534835,BME280,28.96,1006.51,56.295
2026-05-23 15:45:14.035,1434653491,535035,BME280,28.96,1006.51,56.295
2026-05-23 15:45:15.235,1434654691,535235,BME280,28.96,1006.51,56.295
2026-05-23 15:45:15.435,1434654891,535435,BME280,28.96,1006.51,56.295
2026-05-23 15:45:15.635,1434655091,535635,BME280,28.96,1006.51,56.295
2026-05-23 15:45:15.835,1434655291,535835,BME280,28.95,1006.5,56.386
2026-05-23 15:45:15.035,1434654491,536035,BME280,28.95,1006.5,56.386
2026-05-23 15:45:16.235,1434655691,536235,BME280,28.95,1006.5,56.386
2026-05-23 15:45:16.435,1434655891,536435,BME280,28.95,1006.5,56.386
2026-05-23 15:45:16.635,1434656091,536635,BME280,28.95,1006.5,56.386
2026-05-23 15:45:16.835,1434656291,536835,BME280,28.95,1006.51,56.266
2026-05-23 15:45:16.035,1434655491,537035,BME280,28.95,1006.51,56.266
2026-05-23 15:45:17.235,1434656691,537235,BME280,28.95,1006.51,56.266
2026-05-23 15:45:17.435,1434656891,537435,BME280,28.95,1006.51,56.266
2026-05-23 15:45:17.635,1434657091,537635,BME280,28.95,1006.51,56.266
2026-05-23 15:45:17.835,1434657291,537835,BME280,28.94,1006.5,56.337
2026-05-23 15:45:17.035,1434656491,538035,BME280,28.94,1006.5,56.337
2026-05-23 15:45:18.235,1434657691,538235,BME280,28.94,1006.5,56.337
2026-05-23 15:45:18.435,1434657891,538435,BME280,28.94,1006.5,56.337
2026-05-23 15:45:18.635,1434658091,538635,BME280,28.94,1006.5,56.337
2026-05-23 15:45:18.835,1434658291,538835,BME280,28.93,1006.5,56.383
2026-05-23 15:45:18.035,1434657491,539035,BME280,28.93,1006.5,56.383
2026-05-23 15:45:19.235,1434658691,539235,BME280,28.93,1006.5,56.383
2026-05-23 15:45:19.435,1434658891,539435,BME280,28.93,1006.5,56.383
2026-05-23 15:45:19.635,1434659091,539635,BME280,28.93,1006.5,56.383
2026-05-23 15:45:19.835,1434659291,539835,BME280,28.92,1006.5,56.358
2026-05-23 15:45:19.035,1434658491,540035,BME280,28.92,1006.5,56.358
2026-05-23 15:45:20.235,1434659691,540235,BME280,28.92,1006.5,56.358
2026-05-23 15:45:20.435,1434659891,540435,BME280,28.92,1006.5,56.358
2026-05-23 15:45:20.635,1434660091,540635,BME280,28.92,1006.5,56.358
2026-05-23 15:45:20.835,1434660291,540835,BME280,28.91,1006.49,56.434
2026-05-23 15:45:20.035,1434659491,541035,BME280,28.91,1006.49,56.434
2026-05-23 15:45:21.235,1434660691,541235,BME280,28.91,1006.49,56.434
2026-05-23 15:45:21.435,1434660891,541435,BME280,28.91,1006.49,56.434
2026-05-23 15:45:21.635,1434661091,541635,BME280,28.91,1006.49,56.434
2026-05-23 15:45:21.835,1434661291,541835,BME280,28.91,1006.49,56.458
2026-05-23 15:45:21.035,1434660491,542035,BME280,28.91,1006.49,56.458
2026-05-23 15:45:22.235,1434661691,542235,BME280,28.91,1006.49,56.458
2026-05-23 15:45:22.435,1434661891,542435,BME280,28.91,1006.49,56.458
2026-05-23 15:45:22.635,1434662091,542635,BME280,28.91,1006.49,56.458
2026-05-23 15:45:22.835,1434662291,542835,BME280,28.89,1006.48,56.5
2026-05-23 15:45:22.035,1434661491,543035,BME280,28.89,1006.48,56.5
2026-05-23 15:45:23.235,1434662691,543235,BME280,28.89,1006.48,56.5
2026-05-23 15:45:23.435,1434662891,543435,BME280,28.89,1006.48,56.5
2026-05-23 15:45:23.635,1434663091,543635,BME280,28.89,1006.48,56.5
2026-05-23 15:45:23.835,1434663291,543835,BME280,28.89,1006.5,56.378
2026-05-23 15:45:23.035,1434662491,544035,BME280,28.89,1006.5,56.378
2026-05-23 15:45:24.235,1434663691,544235,BME280,28.89,1006.5,56.378
2026-05-23 15:45:24.435,1434663891,544435,BME280,28.89,1006.5,56.378
2026-05-23 15:45:24.635,1434664091,544635,BME280,28.89,1006.5,56.378
2026-05-23 15:45:24.835,1434664291,544835,BME280,28.88,1006.49,56.441
2026-05-23 15:45:24.035,1434663491,545035,BME280,28.88,1006.49,56.441
2026-05-23 15:45:25.235,1434664691,545235,BME280,28.88,1006.49,56.441
2026-05-23 15:45:25.435,1434664891,545435,BME280,28.88,1006.49,56.441
2026-05-23 15:45:25.635,1434665091,545635,BME280,28.88,1006.49,56.441
2026-05-23 15:45:25.835,1434665291,545835,BME280,28.87,1006.49,56.461
2026-05-23 15:45:25.035,1434664491,546035,BME280,28.87,1006.49,56.461
2026-05-23 15:45:26.235,1434665691,546235,BME280,28.87,1006.49,56.461
2026-05-23 15:45:26.435,1434665891,546435,BME280,28.87,1006.49,56.461
2026-05-23 15:45:26.635,1434666091,546635,BME280,28.87,1006.49,56.461
2026-05-23 15:45:26.835,1434666291,546835,BME280,28.87,1006.5,56.378
2026-05-23 15:45:26.035,1434665491,547035,BME280,28.87,1006.5,56.378
2026-05-23 15:45:27.235,1434666691,547235,BME280,28.87,1006.5,56.378
2026-05-23 15:45:27.435,1434666891,547435,BME280,28.87,1006.5,56.378
2026-05-23 15:45:27.635,1434667091,547635,BME280,28.87,1006.5,56.378
2026-05-23 15:45:27.835,1434667291,547835,BME280,28.85,1006.48,56.555
2026-05-23 15:45:27.035,1434666491,548035,BME280,28.85,1006.48,56.555
2026-05-23 15:45:28.235,1434667691,548235,BME280,28.85,1006.48,56.555
2026-05-23 15:45:28.435,1434667891,548435,BME280,28.85,1006.48,56.555
2026-05-23 15:45:28.635,1434668091,548635,BME280,28.85,1006.48,56.555
2026-05-23 15:45:28.835,1434668291,548835,BME280,28.85,1006.49,56.415
2026-05-23 15:45:28.035,1434667491,549035,BME280,28.85,1006.49,56.415
2026-05-23 15:45:29.235,1434668691,549235,BME280,28.85,1006.49,56.415
2026-05-23 15:45:29.435,1434668891,549435,BME280,28.85,1006.49,56.415
2026-05-23 15:45:29.635,1434669091,549635,BME280,28.85,1006.49,56.415
2026-05-23 15:45:29.835,1434669291,549835,BME280,28.83,1006.5,56.34
2026-05-23 15:45:29.035,1434668491,550035,BME280,28.83,1006.5,56.34
2026-05-23 15:45:30.235,1434669691,550235,BME280,28.83,1006.5,56.34
2026-05-23 15:45:30.435,1434669891,550435,BME280,28.83,1006.5,56.34
2026-05-23 15:45:30.635,1434670091,550635,BME280,28.83,1006.5,56.34
2026-05-23 15:45:30.835,1434670291,550835,BME280,28.82,1006.49,56.474
2026-05-23 15:45:30.035,1434669491,551035,BME280,28.82,1006.49,56.474
2026-05-23 15:45:31.235,1434670691,551235,BME280,28.82,1006.49,56.474
2026-05-23 15:45:31.435,1434670891,551435,BME280,28.82,1006.49,56.474
2026-05-23 15:45:31.635,1434671091,551635,BME280,28.82,1006.49,56.474
2026-05-23 15:45:31.835,1434671291,551835,BME280,28.81,1006.48,56.516
2026-05-23 15:45:31.035,1434670491,552035,BME280,28.81,1006.48,56.516
2026-05-23 15:45:32.235,1434671691,552235,BME280,28.81,1006.48,56.516
2026-05-23 15:45:32.435,1434671891,552435,BME280,28.81,1006.48,56.516
2026-05-23 15:45:32.635,1434672091,552635,BME280,28.81,1006.48,56.516
2026-05-23 15:45:32.835,1434672291,552835,BME280,28.79,1006.46,56.663
2026-05-23 15:45:32.035,1434671491,553035,BME280,28.79,1006.46,56.663
2026-05-23 15:45:33.235,1434672691,553235,BME280,28.79,1006.46,56.663
2026-05-23 15:45:33.435,1434672891,553435,BME280,28.79,1006.46,56.663
2026-05-23 15:45:33.635,1434673091,553635,BME280,28.79,1006.46,56.663
2026-05-23 15:45:33.835,1434673291,553835,BME280,28.79,1006.48,56.537
2026-05-23 15:45:33.035,1434672491,554035,BME280,28.79,1006.48,56.537
2026-05-23 15:45:34.235,1434673691,554235,BME280,28.79,1006.48,56.537
2026-05-23 15:45:34.435,1434673891,554435,BME280,28.79,1006.48,56.537
2026-05-23 15:45:34.635,1434674091,554635,BME280,28.79,1006.48,56.537
2026-05-23 15:45:34.835,1434674291,554835,BME280,28.78,1006.47,56.573
2026-05-23 15:45:34.035,1434673491,555035,BME280,28.78,1006.47,56.573
2026-05-23 15:45:35.235,1434674691,555235,BME280,28.78,1006.47,56.573
2026-05-23 15:45:35.435,1434674891,555435,BME280,28.78,1006.47,56.573
2026-05-23 15:45:35.635,1434675091,555635,BME280,28.77,1006.45,56.769
2026-05-23 15:45:35.835,1434675291,555835,BME280,28.77,1006.45,56.769
2026-05-23 15:45:35.035,1434674491,556035,BME280,28.77,1006.45,56.769
2026-05-23 15:45:36.235,1434675691,556235,BME280,28.77,1006.45,56.769
2026-05-23 15:45:36.435,1434675891,556435,BME280,28.77,1006.45,56.769
2026-05-23 15:45:36.635,1434676091,556635,BME280,28.75,1006.44,56.85
2026-05-23 15:45:36.835,1434676291,556835,BME280,28.75,1006.44,56.85
2026-05-23 15:45:36.035,1434675491,557035,BME280,28.75,1006.44,56.85
2026-05-23 15:45:37.235,1434676691,557235,BME280,28.75,1006.44,56.85
2026-05-23 15:45:37.435,1434676891,557435,BME280,28.75,1006.44,56.85
2026-05-23 15:45:37.635,1434677091,557635,BME280,28.75,1006.48,56.478
2026-05-23 15:45:37.835,1434677291,557835,BME280,28.75,1006.48,56.478
2026-05-23 15:45:37.035,1434676491,558035,BME280,28.75,1006.48,56.478
2026-05-23 15:45:38.235,1434677691,558235,BME280,28.75,1006.48,56.478
2026-05-23 15:45:38.435,1434677891,558435,BME280,28.75,1006.48,56.478
2026-05-23 15:45:38.635,1434678091,558635,BME280,28.75,1006.49,56.47
2026-05-23 15:45:38.835,1434678291,558835,BME280,28.75,1006.49,56.47
2026-05-23 15:45:38.035,1434677491,559035,BME280,28.75,1006.49,56.47
2026-05-23 15:45:39.235,1434678691,559235,BME280,28.75,1006.49,56.47
2026-05-23 15:45:39.435,1434678891,559435,BME280,28.75,1006.49,56.47
2026-05-23 15:45:39.635,1434679091,559635,BME280,28.74,1006.46,56.676
2026-05-23 15:45:39.835,1434679291,559835,BME280,28.74,1006.46,56.676
2026-05-23 15:45:39.035,1434678491,560035,BME280,28.74,1006.46,56.676
2026-05-23 15:45:40.235,1434679691,560235,BME280,28.74,1006.46,56.676
2026-05-23 15:45:40.435,1434679891,560435,BME280,28.74,1006.46,56.676
2026-05-23 15:45:40.635,1434680091,560635,BME280,28.73,1006.48,56.517
2026-05-23 15:45:40.835,1434680291,560835,BME280,28.73,1006.48,56.517
2026-05-23 15:45:40.035,1434679491,561035,BME280,28.73,1006.48,56.517
2026-05-23 15:45:41.235,1434680691,561235,BME280,28.73,1006.48,56.517
2026-05-23 15:45:41.435,1434680891,561435,BME280,28.73,1006.48,56.517
2026-05-23 15:45:41.635,1434681091,561635,BME280,28.72,1006.49,56.443
2026-05-23 15:45:41.835,1434681291,561835,BME280,28.72,1006.49,56.443
2026-05-23 15:45:41.035,1434680491,562035,BME280,28.72,1006.49,56.443
2026-05-23 15:45:42.235,1434681691,562235,BME280,28.72,1006.49,56.443
2026-05-23 15:45:42.435,1434681891,562435,BME280,28.72,1006.49,56.443
2026-05-23 15:45:42.635,1434682091,562635,BME280,28.71,1006.48,56.505
2026-05-23 15:45:42.835,1434682291,562835,BME280,28.71,1006.48,56.505
2026-05-23 15:45:42.035,1434681491,563035,BME280,28.71,1006.48,56.505
2026-05-23 15:45:43.235,1434682691,563235,BME280,28.71,1006.48,56.505
2026-05-23 15:45:43.435,1434682891,563435,BME280,28.71,1006.48,56.505
2026-05-23 15:45:43.635,1434683091,563635,BME280,28.7,1006.5,56.354
2026-05-23 15:45:43.835,1434683291,563835,BME280,28.7,1006.5,56.354
2026-05-23 15:45:43.035,1434682491,564035,BME280,28.7,1006.5,56.354
2026-05-23 15:45:44.235,1434683691,564235,BME280,28.7,1006.5,56.354
2026-05-23 15:45:44.435,1434683891,564435,BME280,28.7,1006.5,56.354
2026-05-23 15:45:44.635,1434684091,564635,BME280,28.7,1006.49,56.461
2026-05-23 15:45:44.835,1434684291,564835,BME280,28.7,1006.49,56.461
2026-05-23 15:45:44.035,1434683491,565035,BME280,28.7,1006.49,56.461
2026-05-23 15:45:45.235,1434684691,565235,BME280,28.7,1006.49,56.461
2026-05-23 15:45:45.435,1434684891,565435,BME280,28.7,1006.49,56.461
2026-05-23 15:45:45.635,1434685091,565635,BME280,28.69,1006.5,56.32
2026-05-23 15:45:45.835,1434685291,565835,BME280,28.69,1006.5,56.32
2026-05-23 15:45:45.035,1434684491,566035,BME280,28.69,1006.5,56.32
2026-05-23 15:45:46.235,1434685691,566235,BME280,28.69,1006.5,56.32
2026-05-23 15:45:46.435,1434685891,566435,BME280,28.69,1006.5,56.32
2026-05-23 15:45:46.635,1434686091,566635,BME280,28.68,1006.5,56.337
2026-05-23 15:45:46.835,1434686291,566835,BME280,28.68,1006.5,56.337
2026-05-23 15:45:46.035,1434685491,567035,BME280,28.68,1006.5,56.337
2026-05-23 15:45:47.235,1434686691,567235,BME280,28.68,1006.5,56.337
2026-05-23 15:45:47.435,1434686891,567435,BME280,28.68,1006.5,56.337
2026-05-23 15:45:47.635,1434687091,567635,BME280,28.68,1006.48,56.555
2026-05-23 15:45:47.835,1434687291,567835,BME280,28.68,1006.48,56.555
2026-05-23 15:45:47.035,1434686491,568035,BME280,28.68,1006.48,56.555
2026-05-23 15:45:48.235,1434687691,568235,BME280,28.68,1006.48,56.555
2026-05-23 15:45:48.435,1434687891,568435,BME280,28.68,1006.48,56.555
2026-05-23 15:45:48.635,1434688091,568635,BME280,28.69,1006.52,56.194
2026-05-23 15:45:48.835,1434688291,568835,BME280,28.69,1006.52,56.194
2026-05-23 15:45:48.035,1434687491,569035,BME280,28.69,1006.52,56.194
2026-05-23 15:45:49.235,1434688691,569235,BME280,28.69,1006.52,56.194
2026-05-23 15:45:49.435,1434688891,569435,BME280,28.69,1006.52,56.194
2026-05-23 15:45:49.635,1434689091,569635,BME280,28.68,1006.52,56.201
2026-05-23 15:45:49.835,1434689291,569835,BME280,28.68,1006.52,56.201
2026-05-23 15:45:49.035,1434688491,570035,BME280,28.68,1006.52,56.201
2026-05-23 15:45:50.235,1434689691,570235,BME280,28.68,1006.52,56.201
2026-05-23 15:45:50.465,1434689921,570465,BME280,28.68,1006.52,56.201
2026-05-23 15:45:50.665,1434690121,570665,BME280,28.67,1006.52,56.196
2026-05-23 15:45:50.865,1434690321,570865,BME280,28.67,1006.52,56.196
2026-05-23 15:45:51.065,1434690521,571065,BME280,28.67,1006.52,56.196
2026-05-23 15:45:51.265,1434690721,571265,BME280,28.67,1006.52,56.196
2026-05-23 15:45:51.465,1434690921,571465,BME280,28.67,1006.52,56.196
2026-05-23 15:45:51.665,1434691121,571665,BME280,28.67,1006.53,56.134
2026-05-23 15:45:51.865,1434691321,571865,BME280,28.67,1006.53,56.134
2026-05-23 15:45:52.065,1434691521,572065,BME280,28.67,1006.53,56.134
2026-05-23 15:45:52.265,1434691721,572265,BME280,28.67,1006.53,56.134
2026-05-23 15:45:52.465,1434691921,572465,BME280,28.67,1006.53,56.134
2026-05-23 15:45:52.665,1434692121,572665,BME280,28.65,1006.51,56.304
2026-05-23 15:45:52.865,1434692321,572865,BME280,28.65,1006.51,56.304
2026-05-23 15:45:53.065,1434692521,573065,BME280,28.65,1006.51,56.304
2026-05-23 15:45:53.265,1434692721,573265,BME280,28.65,1006.51,56.304
2026-05-23 15:45:53.465,1434692921,573465,BME280,28.65,1006.51,56.304
2026-05-23 15:45:53.665,1434693121,573665,BME280,28.64,1006.52,56.203
2026-05-23 15:45:53.865,1434693321,573865,BME280,28.64,1006.52,56.203
2026-05-23 15:45:54.065,1434693521,574065,BME280,28.64,1006.52,56.203
2026-05-23 15:45:54.265,1434693721,574265,BME280,28.64,1006.52,56.203
2026-05-23 15:45:54.465,1434693921,574465,BME280,28.64,1006.52,56.203
2026-05-23 15:45:54.665,1434694121,574665,BME280,28.63,1006.51,56.264
2026-05-23 15:45:54.865,1434694321,574865,BME280,28.63,1006.51,56.264
2026-05-23 15:45:55.065,1434694521,575065,BME280,28.63,1006.51,56.264
2026-05-23 15:45:55.265,1434694721,575265,BME280,28.63,1006.51,56.264
2026-05-23 15:45:55.465,1434694921,575465,BME280,28.63,1006.51,56.264
2026-05-23 15:45:55.665,1434695121,575665,BME280,28.63,1006.52,56.162
2026-05-23 15:45:55.865,1434695321,575865,BME280,28.63,1006.52,56.162
2026-05-23 15:45:56.065,1434695521,576065,BME280,28.63,1006.52,56.162
2026-05-23 15:45:56.265,1434695721,576265,BME280,28.63,1006.52,56.162
2026-05-23 15:45:56.465,1434695921,576465,BME280,28.63,1006.52,56.162
2026-05-23 15:45:56.665,1434696121,576665,BME280,28.61,1006.53,56.11
2026-05-23 15:45:56.865,1434696321,576865,BME280,28.61,1006.53,56.11
2026-05-23 15:45:57.065,1434696521,577065,BME280,28.61,1006.53,56.11
2026-05-23 15:45:57.265,1434696721,577265,BME280,28.61,1006.53,56.11
2026-05-23 15:45:57.465,1434696921,577465,BME280,28.61,1006.53,56.11
2026-05-23 15:45:57.665,1434697121,577665,BME280,28.61,1006.53,56.096
2026-05-23 15:45:57.865,1434697321,577865,BME280,28.61,1006.53,56.096
2026-05-23 15:45:58.065,1434697521,578065,BME280,28.61,1006.53,56.096
2026-05-23 15:45:58.265,1434697721,578265,BME280,28.61,1006.53,56.096
2026-05-23 15:45:58.465,1434697921,578465,BME280,28.61,1006.53,56.096
2026-05-23 15:45:58.665,1434698121,578665,BME280,28.6,1006.53,56.065
2026-05-23 15:45:58.865,1434698321,578865,BME280,28.6,1006.53,56.065
2026-05-23 15:45:59.065,1434698521,579065,BME280,28.6,1006.53,56.065
2026-05-23 15:45:59.265,1434698721,579265,BME280,28.6,1006.53,56.065
2026-05-23 15:45:59.465,1434698921,579465,BME280,28.6,1006.53,56.065
2026-05-23 15:45:59.665,1434699121,579665,BME280,28.59,1006.52,56.146
2026-05-23 15:45:59.865,1434699321,579865,BME280,28.59,1006.52,56.146
2026-05-23 15:46:00.065,1434699521,580065,BME280,28.59,1006.52,56.146
2026-05-23 15:46:00.265,1434699721,580265,BME280,28.59,1006.52,56.146
2026-05-23 15:46:00.465,1434699921,580465,BME280,28.59,1006.52,56.146
2026-05-23 15:46:00.665,1434700121,580665,BME280,28.58,1006.53,56.079
2026-05-23 15:46:00.865,1434700321,580865,BME280,28.58,1006.53,56.079
2026-05-23 15:46:01.065,1434700521,581065,BME280,28.58,1006.53,56.079
2026-05-23 15:46:01.265,1434700721,581265,BME280,28.58,1006.53,56.079
2026-05-23 15:46:01.465,1434700921,581465,BME280,28.58,1006.53,56.079
2026-05-23 15:46:01.665,1434701121,581665,BME280,28.58,1006.52,56.203
2026-05-23 15:46:01.865,1434701321,581865,BME280,28.58,1006.52,56.203
2026-05-23 15:46:02.065,1434701521,582065,BME280,28.58,1006.52,56.203
2026-05-23 15:46:02.265,1434701721,582265,BME280,28.58,1006.52,56.203
2026-05-23 15:46:02.465,1434701921,582465,BME280,28.58,1006.52,56.203
2026-05-23 15:46:02.665,1434702121,582665,BME280,28.57,1006.54,56.0
2026-05-23 15:46:02.865,1434702321,582865,BME280,28.57,1006.54,56.0
2026-05-23 15:46:03.065,1434702521,583065,BME280,28.57,1006.54,56.0
2026-05-23 15:46:03.265,1434702721,583265,BME280,28.57,1006.54,56.0
2026-05-23 15:46:03.465,1434702921,583465,BME280,28.57,1006.54,56.0
2026-05-23 15:46:03.665,1434703121,583665,BME280,28.57,1006.54,56.033
2026-05-23 15:46:03.865,1434703321,583865,BME280,28.57,1006.54,56.033
2026-05-23 15:46:04.065,1434703521,584065,BME280,28.57,1006.54,56.033
2026-05-23 15:46:04.265,1434703721,584265,BME280,28.57,1006.54,56.033
2026-05-23 15:46:04.465,1434703921,584465,BME280,28.57,1006.54,56.033
2026-05-23 15:46:04.665,1434704121,584665,BME280,28.57,1006.56,55.85
2026-05-23 15:46:04.865,1434704321,584865,BME280,28.57,1006.56,55.85
2026-05-23 15:46:05.065,1434704521,585065,BME280,28.57,1006.56,55.85
2026-05-23 15:46:05.265,1434704721,585265,BME280,28.57,1006.56,55.85
2026-05-23 15:46:05.465,1434704921,585465,BME280,28.57,1006.56,55.85
2026-05-23 15:46:05.665,1434705121,585665,BME280,28.55,1006.51,56.306
2026-05-23 15:46:05.865,1434705321,585865,BME280,28.55,1006.51,56.306
2026-05-23 15:46:06.065,1434705521,586065,BME280,28.55,1006.51,56.306
2026-05-23 15:46:06.265,1434705721,586265,BME280,28.55,1006.51,56.306
2026-05-23 15:46:06.465,1434705921,586465,BME280,28.55,1006.51,56.306
2026-05-23 15:46:06.665,1434706121,586665,BME280,28.55,1006.53,56.094
2026-05-23 15:46:06.865,1434706321,586865,BME280,28.55,1006.53,56.094
2026-05-23 15:46:07.065,1434706521,587065,BME280,28.55,1006.53,56.094
2026-05-23 15:46:07.265,1434706721,587265,BME280,28.55,1006.53,56.094
2026-05-23 15:46:07.465,1434706921,587465,BME280,28.55,1006.53,56.094
2026-05-23 15:46:07.665,1434707121,587665,BME280,28.54,1006.53,56.141
2026-05-23 15:46:07.865,1434707321,587865,BME280,28.54,1006.53,56.141
2026-05-23 15:46:08.065,1434707521,588065,BME280,28.54,1006.53,56.141
2026-05-23 15:46:08.265,1434707721,588265,BME280,28.54,1006.53,56.141
2026-05-23 15:46:08.465,1434707921,588465,BME280,28.54,1006.53,56.141
2026-05-23 15:46:08.665,1434708121,588665,BME280,28.54,1006.54,56.039
2026-05-23 15:46:08.865,1434708321,588865,BME280,28.54,1006.54,56.039
2026-05-23 15:46:09.065,1434708521,589065,BME280,28.54,1006.54,56.039
2026-05-23 15:46:09.265,1434708721,589265,BME280,28.54,1006.54,56.039
2026-05-23 15:46:09.465,1434708921,589465,BME280,28.54,1006.56,55.948
2026-05-23 15:46:09.665,1434709121,589665,BME280,28.53,1006.55,55.948
2026-05-23 15:46:09.920,1434709376,589920,BME280,28.53,1006.55,55.948
2026-05-23 15:46:10.120,1434709576,590120,BME280,28.53,1006.55,55.948
2026-05-23 15:46:10.320,1434709776,590320,BME280,28.53,1006.55,55.948
2026-05-23 15:46:10.520,1434709976,590520,BME280,28.53,1006.54,55.99
2026-05-23 15:46:10.720,1434710176,590720,BME280,28.53,1006.54,55.99
2026-05-23 15:46:10.920,1434710376,590920,BME280,28.53,1006.54,55.99
2026-05-23 15:46:11.120,1434710576,591120,BME280,28.53,1006.54,55.99
2026-05-23 15:46:11.320,1434710776,591320,BME280,28.53,1006.54,55.99
2026-05-23 15:46:11.520,1434710976,591520,BME280,28.52,1006.51,56.279
2026-05-23 15:46:11.720,1434711176,591720,BME280,28.52,1006.51,56.279
2026-05-23 15:46:11.920,1434711376,591920,BME280,28.52,1006.51,56.279
2026-05-23 15:46:12.120,1434711576,592120,BME280,28.52,1006.51,56.279
2026-05-23 15:46:12.320,1434711776,592320,BME280,28.52,1006.51,56.279
2026-05-23 15:46:12.520,1434711976,592520,BME280,28.51,1006.52,56.166
2026-05-23 15:46:12.720,1434712176,592720,BME280,28.51,1006.52,56.166
2026-05-23 15:46:12.920,1434712376,592920,BME280,28.51,1006.52,56.166
2026-05-23 15:46:13.120,1434712576,593120,BME280,28.51,1006.52,56.166
2026-05-23 15:46:13.320,1434712776,593320,BME280,28.51,1006.52,56.166
2026-05-23 15:46:13.520,1434712976,593520,BME280,28.51,1006.51,56.297
2026-05-23 15:46:13.720,1434713176,593720,BME280,28.51,1006.51,56.297
2026-05-23 15:46:13.920,1434713376,593920,BME280,28.51,1006.51,56.297
2026-05-23 15:46:14.120,1434713576,594120,BME280,28.51,1006.51,56.297
2026-05-23 15:46:14.320,1434713776,594320,BME280,28.51,1006.51,56.297
2026-05-23 15:46:14.520,1434713976,594520,BME280,28.5,1006.51,56.278
2026-05-23 15:46:14.720,1434714176,594720,BME280,28.5,1006.51,56.278
2026-05-23 15:46:14.920,1434714376,594920,BME280,28.5,1006.51,56.278
2026-05-23 15:46:15.120,1434714576,595120,BME280,28.5,1006.51,56.278
2026-05-23 15:46:15.320,1434714776,595320,BME280,28.5,1006.51,56.278
2026-05-23 15:46:15.520,1434714976,595520,BME280,28.5,1006.53,56.127
2026-05-23 15:46:15.720,1434715176,595720,BME280,28.5,1006.53,56.127
2026-05-23 15:46:15.920,1434715376,595920,BME280,28.5,1006.53,56.127
2026-05-23 15:46:16.120,1434715576,596120,BME280,28.5,1006.53,56.127
2026-05-23 15:46:16.320,1434715776,596320,BME280,28.5,1006.53,56.127
2026-05-23 15:46:16.520,1434715976,596520,BME280,28.49,1006.49,56.407
2026-05-23 15:46:16.720,1434716176,596720,BME280,28.49,1006.49,56.407
2026-05-23 15:46:16.920,1434716376,596920,BME280,28.49,1006.49,56.407
2026-05-23 15:46:17.120,1434716576,597120,BME280,28.49,1006.49,56.407
2026-05-23 15:46:17.320,1434716776,597320,BME280,28.49,1006.49,56.407
2026-05-23 15:46:17.520,1434716976,597520,BME280,28.49,1006.49,56.393
2026-05-23 15:46:17.720,1434717176,597720,BME280,28.49,1006.49,56.393
2026-05-23 15:46:17.920,1434717376,597920,BME280,28.49,1006.49,56.393
2026-05-23 15:46:18.120,1434717576,598120,BME280,28.49,1006.49,56.393
2026-05-23 15:46:18.320,1434717776,598320,BME280,28.49,1006.49,56.393
2026-05-23 15:46:18.520,1434717976,598520,BME280,28.47,1006.5,56.387
2026-05-23 15:46:18.720,1434718176,598720,BME280,28.47,1006.5,56.387
2026-05-23 15:46:18.920,1434718376,598920,BME280,28.47,1006.5,56.387
2026-05-23 15:46:19.120,1434718576,599120,BME280,28.47,1006.5,56.387
2026-05-23 15:46:19.320,1434718776,599320,BME280,28.47,1006.5,56.387
2026-05-23 15:46:19.520,1434718976,599520,BME280,28.47,1006.5,56.343
2026-05-23 15:46:19.720,1434719176,599720,BME280,28.47,1006.5,56.343
2026-05-23 15:46:19.920,1434719376,599920,BME280,28.47,1006.5,56.343
2026-05-23 15:46:20.120,1434719576,600120,BME280,28.47,1006.5,56.343
2026-05-23 15:46:20.320,1434719776,600320,BME280,28.47,1006.5,56.343
2026-05-23 15:46:20.520,1434719976,600520,BME280,28.46,1006.53,56.12
2026-05-23 15:46:20.720,1434720176,600720,BME280,28.46,1006.53,56.12
2026-05-23 15:46:20.920,1434720376,600920,BME280,28.46,1006.53,56.12
2026-05-23 15:46:21.120,1434720576,601120,BME280,28.46,1006.53,56.12
2026-05-23 15:46:21.320,1434720776,601320,BME280,28.46,1006.53,56.12
2026-05-23 15:46:21.520,1434720976,601520,BME280,28.47,1006.54,55.991
2026-05-23 15:46:21.720,1434721176,601720,BME280,28.47,1006.54,55.991
2026-05-23 15:46:21.920,1434721376,601920,BME280,28.47,1006.54,55.991
2026-05-23 15:46:22.120,1434721576,602120,BME280,28.47,1006.54,55.991
2026-05-23 15:46:22.320,1434721776,602320,BME280,28.47,1006.54,55.991
2026-05-23 15:46:22.520,1434721976,602520,BME280,28.44,1006.52,56.21
2026-05-23 15:46:22.720,1434722176,602720,BME280,28.44,1006.52,56.21
2026-05-23 15:46:22.920,1434722376,602920,BME280,28.44,1006.52,56.21
2026-05-23 15:46:23.120,1434722576,603120,BME280,28.44,1006.52,56.21
2026-05-23 15:46:23.320,1434722776,603320,BME280,28.44,1006.52,56.21
2026-05-23 15:46:23.520,1434722976,603520,BME280,28.45,1006.52,56.191
2026-05-23 15:46:23.720,1434723176,603720,BME280,28.45,1006.52,56.191
2026-05-23 15:46:23.920,1434723376,603920,BME280,28.45,1006.52,56.191
2026-05-23 15:46:24.120,1434723576,604120,BME280,28.45,1006.52,56.191
2026-05-23 15:46:24.320,1434723776,604320,BME280,28.45,1006.52,56.191
2026-05-23 15:46:24.520,1434723976,604520,BME280,28.45,1006.52,56.205
2026-05-23 15:46:24.720,1434724176,604720,BME280,28.45,1006.52,56.205
2026-05-23 15:46:24.920,1434724376,604920,BME280,28.45,1006.52,56.205
2026-05-23 15:46:25.120,1434724576,605120,BME280,28.45,1006.52,56.205
2026-05-23 15:46:25.320,1434724776,605320,BME280,28.45,1006.52,56.205
2026-05-23 15:46:25.520,1434724976,605520,BME280,28.44,1006.51,56.257
2026-05-23 15:46:25.720,1434725176,605720,BME280,28.44,1006.51,56.257
2026-05-23 15:46:25.920,1434725376,605920,BME280,28.44,1006.51,56.257
2026-05-23 15:46:26.120,1434725576,606120,BME280,28.44,1006.51,56.257
2026-05-23 15:46:26.320,1434725776,606320,BME280,28.44,1006.51,56.257
2026-05-23 15:46:26.520,1434725976,606520,BME280,28.44,1006.5,56.378
2026-05-23 15:46:26.720,1434726176,606720,BME280,28.44,1006.5,56.378
2026-05-23 15:46:26.920,1434726376,606920,BME280,28.44,1006.5,56.378
2026-05-23 15:46:27.120,1434726576,607120,BME280,28.44,1006.5,56.378
2026-05-23 15:46:27.320,1434726776,607320,BME280,28.44,1006.5,56.378
2026-05-23 15:46:27.520,1434726976,607520,BME280,28.44,1006.52,56.157
2026-05-23 15:46:27.720,1434727176,607720,BME280,28.44,1006.52,56.157
2026-05-23 15:46:27.920,1434727376,607920,BME280,28.44,1006.52,56.157
2026-05-23 15:46:28.120,1434727576,608120,BME280,28.44,1006.52,56.157
2026-05-23 15:46:28.320,1434727776,608320,BME280,28.44,1006.52,56.157
2026-05-23 15:46:28.520,1434727976,608520,BME280,28.44,1006.53,56.094
2026-05-23 15:46:28.720,1434728176,608720,BME280,28.44,1006.53,56.094
2026-05-23 15:46:28.920,1434728376,608920,BME280,28.44,1006.53,56.094
2026-05-23 15:46:29.120,1434728576,609120,BME280,28.44,1006.53,56.094
2026-05-23 15:46:29.320,1434728776,609320,BME280,28.44,1006.53,56.094
2026-05-23 15:46:29.520,1434728976,609520,BME280,28.45,1006.53,56.076
2026-05-23 15:46:29.720,1434729176,609720,BME280,28.45,1006.53,56.076
2026-05-23 15:46:29.920,1434729376,609920,BME280,28.45,1006.53,56.076
2026-05-23 15:46:30.120,1434729576,610120,BME280,28.45,1006.53,56.076
2026-05-23 15:46:30.320,1434729776,610320,BME280,28.45,1006.53,56.076
2026-05-23 15:46:30.520,1434729976,610520,BME280,28.46,1006.54,56.014
2026-05-23 15:46:30.720,1434730176,610720,BME280,28.46,1006.54,56.014
2026-05-23 15:46:30.920,1434730376,610920,BME280,28.46,1006.54,56.014
2026-05-23 15:46:31.120,1434730576,611120,BME280,28.46,1006.54,56.014
2026-05-23 15:46:31.320,1434730776,611320,BME280,28.46,1006.54,56.014
2026-05-23 15:46:31.520,1434730976,611520,BME280,28.46,1006.5,56.355
2026-05-23 15:46:31.720,1434731176,611720,BME280,28.46,1006.5,56.355
2026-05-23 15:46:31.920,1434731376,611920,BME280,28.46,1006.5,56.355
2026-05-23 15:46:32.120,1434731576,612120,BME280,28.46,1006.5,56.355
2026-05-23 15:46:32.320,1434731776,612320,BME280,28.46,1006.5,56.355
2026-05-23 15:46:32.520,1434731976,612520,BME280,28.45,1006.52,56.206
2026-05-23 15:46:32.720,1434732176,612720,BME280,28.45,1006.52,56.206
2026-05-23 15:46:32.920,1434732376,612920,BME280,28.45,1006.52,56.206
2026-05-23 15:46:33.120,1434732576,613120,BME280,28.45,1006.52,56.206
2026-05-23 15:46:33.320,1434732776,613320,BME280,28.45,1006.52,56.206
2026-05-23 15:46:33.520,1434732976,613520,BME280,28.44,1006.48,56.489
2026-05-23 15:46:33.720,1434733176,613720,BME280,28.44,1006.48,56.489
2026-05-23 15:46:33.920,1434733376,613920,BME280,28.44,1006.48,56.489
2026-05-23 15:46:34.120,1434733576,614120,BME280,28.44,1006.48,56.489
2026-05-23 15:46:34.320,1434733776,614320,BME280,28.44,1006.48,56.489
2026-05-23 15:46:34.520,1434733976,614520,BME280,28.44,1006.48,56.504
2026-05-23 15:46:34.720,1434734176,614720,BME280,28.44,1006.48,56.504
2026-05-23 15:46:34.920,1434734376,614920,BME280,28.44,1006.48,56.504
2026-05-23 15:46:35.120,1434734576,615120,BME280,28.44,1006.48,56.504
2026-05-23 15:46:35.320,1434734776,615320,BME280,28.44,1006.48,56.504
2026-05-23 15:46:35.520,1434734976,615520,BME280,28.45,1006.49,56.418
2026-05-23 15:46:35.720,1434735176,615720,BME280,28.45,1006.49,56.418
2026-05-23 15:46:35.920,1434735376,615920,BME280,28.45,1006.49,56.418
2026-05-23 15:46:36.120,1434735576,616120,BME280,28.45,1006.49,56.418
2026-05-23 15:46:36.320,1434735776,616320,BME280,28.45,1006.49,56.418
2026-05-23 15:46:36.520,1434735976,616520,BME280,28.44,1006.48,56.5
2026-05-23 15:46:36.720,1434736176,616720,BME280,28.44,1006.48,56.5
2026-05-23 15:46:36.920,1434736376,616920,BME280,28.44,1006.48,56.5
2026-05-23 15:46:37.120,1434736576,617120,BME280,28.44,1006.48,56.5
2026-05-23 15:46:37.320,1434736776,617320,BME280,28.44,1006.48,56.5
2026-05-23 15:46:37.520,1434736976,617520,BME280,28.44,1006.48,56.498
2026-05-23 15:46:37.720,1434737176,617720,BME280,28.44,1006.48,56.498
2026-05-23 15:46:37.920,1434737376,617920,BME280,28.44,1006.48,56.498
2026-05-23 15:46:38.120,1434737576,618120,BME280,28.44,1006.48,56.498
2026-05-23 15:46:38.320,1434737776,618320,BME280,28.44,1006.48,56.498
2026-05-23 15:46:38.520,1434737976,618520,BME280,28.44,1006.49,56.466
2026-05-23 15:46:38.720,1434738176,618720,BME280,28.44,1006.49,56.466
2026-05-23 15:46:38.920,1434738376,618920,BME280,28.44,1006.49,56.466
2026-05-23 15:46:39.120,1434738576,619120,BME280,28.44,1006.49,56.466
2026-05-23 15:46:39.320,1434738776,619320,BME280,28.44,1006.49,56.466
2026-05-23 15:46:39.520,1434738976,619520,BME280,28.43,1006.46,56.714
2026-05-23 15:46:39.720,1434739176,619720,BME280,28.43,1006.46,56.714
2026-05-23 15:46:39.920,1434739376,619920,BME280,28.43,1006.46,56.714
2026-05-23 15:46:40.120,1434739576,620120,BME280,28.43,1006.46,56.714
2026-05-23 15:46:40.320,1434739776,620320,BME280,28.43,1006.48,56.512
2026-05-23 15:46:40.520,1434739976,620520,BME280,28.43,1006.48,56.512
2026-05-23 15:46:40.720,1434740176,620720,BME280,28.43,1006.48,56.512
2026-05-23 15:46:40.920,1434740376,620920,BME280,28.43,1006.48,56.512
2026-05-23 15:46:41.120,1434740576,621120,BME280,28.43,1006.48,56.512
2026-05-23 15:46:41.320,1434740776,621320,BME280,28.42,1006.48,56.483
2026-05-23 15:46:41.520,1434740976,621520,BME280,28.42,1006.48,56.483
2026-05-23 15:46:41.720,1434741176,621720,BME280,28.42,1006.48,56.483
2026-05-23 15:46:41.920,1434741376,621920,BME280,28.42,1006.48,56.483
2026-05-23 15:46:42.120,1434741576,622120,BME280,28.42,1006.48,56.483
2026-05-23 15:46:42.320,1434741776,622320,BME280,28.42,1006.5,56.346
2026-05-23 15:46:42.520,1434741976,622520,BME280,28.42,1006.5,56.346
2026-05-23 15:46:42.720,1434742176,622720,BME280,28.42,1006.5,56.346
2026-05-23 15:46:42.920,1434742376,622920,BME280,28.42,1006.5,56.346
2026-05-23 15:46:43.120,1434742576,623120,BME280,28.42,1006.5,56.346
2026-05-23 15:46:43.320,1434742776,623320,BME280,28.42,1006.51,56.308
2026-05-23 15:46:43.520,1434742976,623520,BME280,28.42,1006.51,56.308
2026-05-23 15:46:43.720,1434743176,623720,BME280,28.42,1006.51,56.308
2026-05-23 15:46:43.920,1434743376,623920,BME280,28.42,1006.51,56.308
2026-05-23 15:46:44.120,1434743576,624120,BME280,28.42,1006.51,56.308
2026-05-23 15:46:44.320,1434743776,624320,BME280,28.42,1006.51,56.276
2026-05-23 15:46:44.520,1434743976,624520,BME280,28.42,1006.51,56.276
2026-05-23 15:46:44.720,1434744176,624720,BME280,28.42,1006.51,56.276
2026-05-23 15:46:44.920,1434744376,624920,BME280,28.42,1006.51,56.276
2026-05-23 15:46:45.120,1434744576,625120,BME280,28.42,1006.51,56.276
2026-05-23 15:46:45.320,1434744776,625320,BME280,28.42,1006.48,56.483
2026-05-23 15:46:45.520,1434744976,625520,BME280,28.42,1006.48,56.483
2026-05-23 15:46:45.720,1434745176,625720,BME280,28.42,1006.48,56.483
2026-05-23 15:46:45.920,1434745376,625920,BME280,28.42,1006.48,56.483
2026-05-23 15:46:46.120,1434745576,626120,BME280,28.42,1006.48,56.483
2026-05-23 15:46:46.320,1434745776,626320,BME280,28.43,1006.5,56.329
2026-05-23 15:46:46.520,1434745976,626520,BME280,28.43,1006.5,56.329
2026-05-23 15:46:46.720,1434746176,626720,BME280,28.43,1006.5,56.329
2026-05-23 15:46:46.920,1434746376,626920,BME280,28.43,1006.5,56.329
2026-05-23 15:46:47.120,1434746576,627120,BME280,28.43,1006.5,56.329
2026-05-23 15:46:47.320,1434746776,627320,BME280,28.43,1006.52,56.199
2026-05-23 15:46:47.520,1434746976,627520,BME280,28.43,1006.52,56.199
2026-05-23 15:46:47.720,1434747176,627720,BME280,28.43,1006.52,56.199
2026-05-23 15:46:47.920,1434747376,627920,BME280,28.43,1006.52,56.199
2026-05-23 15:46:48.120,1434747576,628120,BME280,28.43,1006.52,56.199
2026-05-23 15:46:48.320,1434747776,628320,BME280,28.43,1006.52,56.199
2026-05-23 15:46:48.520,1434747976,628520,BME280,28.43,1006.52,56.199
2026-05-23 15:46:48.720,1434748176,628720,BME280,28.43,1006.52,56.199
2026-05-23 15:46:48.920,1434748376,628920,BME280,28.43,1006.52,56.199
2026-05-23 15:46:49.120,1434748576,629120,BME280,28.43,1006.52,56.199
2026-05-23 15:46:49.320,1434748776,629320,BME280,28.44,1006.52,56.166
2026-05-23 15:46:49.520,1434748976,629520,BME280,28.44,1006.52,56.166
2026-05-23 15:46:49.720,1434749176,629720,BME280,28.44,1006.52,56.166
2026-05-23 15:46:49.920,1434749376,629920,BME280,28.44,1006.52,56.166
2026-05-23 15:46:50.120,1434749576,630120,BME280,28.44,1006.52,56.166
2026-05-23 15:46:50.320,1434749776,630320,BME280,28.44,1006.54,56.017
2026-05-23 15:46:50.520,1434749976,630520,BME280,28.44,1006.54,56.017
2026-05-23 15:46:50.720,1434750176,630720,BME280,28.44,1006.54,56.017
2026-05-23 15:46:50.920,1434750376,630920,BME280,28.44,1006.54,56.017
2026-05-23 15:46:51.120,1434750576,631120,BME280,28.44,1006.54,56.017
2026-05-23 15:46:51.320,1434750776,631320,BME280,28.44,1006.47,56.571
2026-05-23 15:46:51.520,1434750976,631520,BME280,28.44,1006.47,56.571
2026-05-23 15:46:51.720,1434751176,631720,BME280,28.44,1006.47,56.571
2026-05-23 15:46:51.920,1434751376,631920,BME280,28.44,1006.47,56.571
2026-05-23 15:46:52.120,1434751576,632120,BME280,28.44,1006.47,56.571
2026-05-23 15:46:52.320,1434751776,632320,BME280,28.43,1006.47,56.58
2026-05-23 15:46:52.520,1434751976,632520,BME280,28.43,1006.47,56.58
2026-05-23 15:46:52.720,1434752176,632720,BME280,28.43,1006.47,56.58
2026-05-23 15:46:52.920,1434752376,632920,BME280,28.43,1006.47,56.58
2026-05-23 15:46:53.120,1434752576,633120,BME280,28.43,1006.47,56.58
2026-05-23 15:46:53.320,1434752776,633320,BME280,28.43,1006.47,56.614
2026-05-23 15:46:53.520,1434752976,633520,BME280,28.43,1006.47,56.614
2026-05-23 15:46:53.720,1434753176,633720,BME280,28.43,1006.47,56.614
2026-05-23 15:46:53.920,1434753376,633920,BME280,28.43,1006.47,56.614
2026-05-23 15:46:54.120,1434753576,634120,BME280,28.43,1006.47,56.614
2026-05-23 15:46:54.320,1434753776,634320,BME280,28.43,1006.53,56.079
2026-05-23 15:46:54.520,1434753976,634520,BME280,28.43,1006.53,56.079
2026-05-23 15:46:54.720,1434754176,634720,BME280,28.43,1006.53,56.079
2026-05-23 15:46:54.920,1434754376,634920,BME280,28.43,1006.53,56.079
2026-05-23 15:46:55.120,1434754576,635120,BME280,28.43,1006.53,56.079
2026-05-23 15:46:55.320,1434754776,635320,BME280,28.43,1006.49,56.416
2026-05-23 15:46:55.520,1434754976,635520,BME280,28.43,1006.49,56.416
2026-05-23 15:46:55.720,1434755176,635720,BME280,28.43,1006.49,56.416
2026-05-23 15:46:55.920,1434755376,635920,BME280,28.43,1006.49,56.416
2026-05-23 15:46:56.120,1434755576,636120,BME280,28.43,1006.49,56.416
2026-05-23 15:46:56.320,1434755776,636320,BME280,28.42,1006.48,56.555
2026-05-23 15:46:56.520,1434755976,636520,BME280,28.42,1006.48,56.555
2026-05-23 15:46:56.720,1434756176,636720,BME280,28.42,1006.48,56.555
2026-05-23 15:46:56.920,1434756376,636920,BME280,28.42,1006.48,56.555
2026-05-23 15:46:57.120,1434756576,637120,BME280,28.42,1006.48,56.555
2026-05-23 15:46:57.320,1434756776,637320,BME280,28.41,1006.49,56.453
2026-05-23 15:46:57.520,1434756976,637520,BME280,28.41,1006.49,56.453
2026-05-23 15:46:57.720,1434757176,637720,BME280,28.41,1006.49,56.453
2026-05-23 15:46:57.920,1434757376,637920,BME280,28.41,1006.49,56.453
2026-05-23 15:46:58.120,1434757576,638120,BME280,28.41,1006.49,56.453
2026-05-23 15:46:58.320,1434757776,638320,BME280,28.41,1006.5,56.381
2026-05-23 15:46:58.520,1434757976,638520,BME280,28.41,1006.5,56.381
2026-05-23 15:46:58.720,1434758176,638720,BME280,28.41,1006.5,56.381
2026-05-23 15:46:58.920,1434758376,638920,BME280,28.41,1006.5,56.381
2026-05-23 15:46:59.120,1434758576,639120,BME280,28.41,1006.5,56.381
2026-05-23 15:46:59.320,1434758776,639320,BME280,28.41,1006.5,56.361
2026-05-23 15:46:59.520,1434758976,639520,BME280,28.41,1006.5,56.361
2026-05-23 15:46:59.720,1434759176,639720,BME280,28.41,1006.5,56.361
2026-05-23 15:46:59.920,1434759376,639920,BME280,28.41,1006.5,56.361
2026-05-23 15:47:00.120,1434759576,640120,BME280,28.41,1006.5,56.361
2026-05-23 15:47:00.320,1434759776,640320,BME280,28.41,1006.48,56.495
2026-05-23 15:47:00.520,1434759976,640520,BME280,28.41,1006.48,56.495
2026-05-23 15:47:00.720,1434760176,640720,BME280,28.41,1006.48,56.495
2026-05-23 15:47:00.920,1434760376,640920,BME280,28.41,1006.48,56.495
2026-05-23 15:47:01.120,1434760576,641120,BME280,28.41,1006.48,56.495
2026-05-23 15:47:01.320,1434760776,641320,BME280,28.41,1006.49,56.404
2026-05-23 15:47:01.520,1434760976,641520,BME280,28.41,1006.49,56.404
2026-05-23 15:47:01.720,1434761176,641720,BME280,28.41,1006.49,56.404
2026-05-23 15:47:01.920,1434761376,641920,BME280,28.41,1006.49,56.404
2026-05-23 15:47:02.120,1434761576,642120,BME280,28.41,1006.49,56.404
2026-05-23 15:47:02.320,1434761776,642320,BME280,28.4,1006.5,56.336
2026-05-23 15:47:02.520,1434761976,642520,BME280,28.4,1006.5,56.336
2026-05-23 15:47:02.720,1434762176,642720,BME280,28.4,1006.5,56.336
2026-05-23 15:47:02.920,1434762376,642920,BME280,28.4,1006.5,56.336
2026-05-23 15:47:03.120,1434762576,643120,BME280,28.4,1006.5,56.336
2026-05-23 15:47:03.320,1434762776,643320,BME280,28.4,1006.53,56.066
2026-05-23 15:47:03.520,1434762976,643520,BME280,28.4,1006.53,56.066
2026-05-23 15:47:03.720,1434763176,643720,BME280,28.4,1006.53,56.066
2026-05-23 15:47:03.920,1434763376,643920,BME280,28.4,1006.53,56.066
2026-05-23 15:47:04.120,1434763576,644120,BME280,28.4,1006.53,56.066
2026-05-23 15:47:04.320,1434763776,644320,BME280,28.39,1006.51,56.272
2026-05-23 15:47:04.520,1434763976,644520,BME280,28.39,1006.51,56.272
2026-05-23 15:47:04.720,1434764176,644720,BME280,28.39,1006.51,56.272
2026-05-23 15:47:04.920,1434764376,644920,BME280,28.39,1006.51,56.272
2026-05-23 15:47:05.120,1434764576,645120,BME280,28.39,1006.51,56.272
2026-05-23 15:47:05.320,1434764776,645320,BME280,28.41,1006.53,56.076
2026-05-23 15:47:05.520,1434764976,645520,BME280,28.41,1006.53,56.076
2026-05-23 15:47:05.720,1434765176,645720,BME280,28.41,1006.53,56.076
2026-05-23 15:47:05.920,1434765376,645920,BME280,28.41,1006.53,56.076
2026-05-23 15:47:06.120,1434765576,646120,BME280,28.41,1006.53,56.076
2026-05-23 15:47:06.320,1434765776,646320,BME280,28.4,1006.5,56.374
2026-05-23 15:47:06.520,1434765976,646520,BME280,28.4,1006.5,56.374
2026-05-23 15:47:06.720,1434766176,646720,BME280,28.4,1006.5,56.374
2026-05-23 15:47:06.920,1434766376,646920,BME280,28.4,1006.5,56.374
2026-05-23 15:47:07.120,1434766576,647120,BME280,28.4,1006.5,56.374
2026-05-23 15:47:07.320,1434766776,647320,BME280,28.41,1006.5,56.313
2026-05-23 15:47:07.520,1434766976,647520,BME280,28.41,1006.5,56.313
2026-05-23 15:47:07.720,1434767176,647720,BME280,28.41,1006.5,56.313
2026-05-23 15:47:07.920,1434767376,647920,BME280,28.41,1006.5,56.313
2026-05-23 15:47:08.120,1434767576,648120,BME280,28.41,1006.5,56.313
2026-05-23 15:47:08.320,1434767776,648320,BME280,28.41,1006.5,56.367
2026-05-23 15:47:08.520,1434767976,648520,BME280,28.41,1006.5,56.367
2026-05-23 15:47:08.720,1434768176,648720,BME280,28.41,1006.5,56.367
2026-05-23 15:47:08.920,1434768376,648920,BME280,28.41,1006.5,56.367
2026-05-23 15:47:09.120,1434768576,649120,BME280,28.41,1006.5,56.367
2026-05-23 15:47:09.320,1434768776,649320,BME280,28.42,1006.51,56.28
2026-05-23 15:47:09.520,1434768976,649520,BME280,28.42,1006.51,56.28
2026-05-23 15:47:09.720,1434769176,649720,BME280,28.42,1006.51,56.28
2026-05-23 15:47:09.920,1434769376,649920,BME280,28.42,1006.51,56.28
2026-05-23 15:47:10.120,1434769576,650120,BME280,28.42,1006.51,56.28
2026-05-23 15:47:10.320,1434769776,650320,BME280,28.43,1006.5,56.368
2026-05-23 15:47:10.520,1434769976,650520,BME280,28.43,1006.5,56.368
2026-05-23 15:47:10.720,1434770176,650720,BME280,28.43,1006.5,56.368
2026-05-23 15:47:10.920,1434770376,650920,BME280,28.43,1006.5,56.368
2026-05-23 15:47:11.120,1434770576,651120,BME280,28.43,1006.5,56.368
2026-05-23 15:47:11.320,1434770776,651320,BME280,28.43,1006.51,56.29
2026-05-23 15:47:11.520,1434770976,651520,BME280,28.43,1006.51,56.29
2026-05-23 15:47:11.720,1434771176,651720,BME280,28.43,1006.51,56.29
2026-05-23 15:47:11.920,1434771376,651920,BME280,28.43,1006.51,56.29
2026-05-23 15:47:12.120,1434771576,652120,BME280,28.43,1006.51,56.29
2026-05-23 15:47:12.320,1434771776,652320,BME280,28.44,1006.51,56.278
2026-05-23 15:47:12.520,1434771976,652520,BME280,28.44,1006.51,56.278
2026-05-23 15:47:12.720,1434772176,652720,BME280,28.44,1006.51,56.278
2026-05-23 15:47:12.920,1434772376,652920,BME280,28.44,1006.51,56.278
2026-05-23 15:47:13.120,1434772576,653120,BME280,28.44,1006.51,56.278
2026-05-23 15:47:13.320,1434772776,653320,BME280,28.44,1006.5,56.378
2026-05-23 15:47:13.520,1434772976,653520,BME280,28.44,1006.5,56.378
2026-05-23 15:47:13.720,1434773176,653720,BME280,28.44,1006.5,56.378
2026-05-23 15:47:13.920,1434773376,653920,BME280,28.44,1006.5,56.378
2026-05-23 15:47:14.120,1434773576,654120,BME280,28.44,1006.5,56.378
2026-05-23 15:47:14.320,1434773776,654320,BME280,28.45,1006.5,56.336
2026-05-23 15:47:14.520,1434773976,654520,BME280,28.45,1006.5,56.336
2026-05-23 15:47:14.720,1434774176,654720,BME280,28.45,1006.5,56.336
2026-05-23 15:47:14.920,1434774376,654920,BME280,28.45,1006.5,56.336
2026-05-23 15:47:15.120,1434774576,655120,BME280,28.45,1006.5,56.336
2026-05-23 15:47:15.320,1434774776,655320,BME280,28.44,1006.49,56.402
2026-05-23 15:47:15.520,1434774976,655520,BME280,28.44,1006.49,56.402
2026-05-23 15:47:15.720,1434775176,655720,BME280,28.44,1006.49,56.402
2026-05-23 15:47:15.920,1434775376,655920,BME280,28.44,1006.49,56.402
2026-05-23 15:47:16.120,1434775576,656120,BME280,28.44,1006.49,56.402
2026-05-23 15:47:16.320,1434775776,656320,BME280,28.44,1006.5,56.316
2026-05-23 15:47:16.520,1434775976,656520,BME280,28.44,1006.5,56.316
2026-05-23 15:47:16.720,1434776176,656720,BME280,28.44,1006.5,56.316
2026-05-23 15:47:16.920,1434776376,656920,BME280,28.44,1006.5,56.316
2026-05-23 15:47:17.120,1434776576,657120,BME280,28.44,1006.5,56.316
2026-05-23 15:47:17.320,1434776776,657320,BME280,28.44,1006.48,56.556
2026-05-23 15:47:17.520,1434776976,657520,BME280,28.44,1006.48,56.556
2026-05-23 15:47:17.720,1434777176,657720,BME280,28.44,1006.48,56.556
2026-05-23 15:47:17.920,1434777376,657920,BME280,28.44,1006.48,56.556
2026-05-23 15:47:18.120,1434777576,658120,BME280,28.44,1006.48,56.556
2026-05-23 15:47:18.320,1434777776,658320,BME280,28.45,1006.51,56.279
2026-05-23 15:47:18.520,1434777976,658520,BME280,28.45,1006.51,56.279
2026-05-23 15:47:18.720,1434778176,658720,BME280,28.45,1006.51,56.279
2026-05-23 15:47:18.920,1434778376,658920,BME280,28.45,1006.51,56.279
2026-05-23 15:47:19.120,1434778576,659120,BME280,28.45,1006.51,56.279
2026-05-23 15:47:19.320,1434778776,659320,BME280,28.45,1006.5,56.317
2026-05-23 15:47:19.520,1434778976,659520,BME280,28.45,1006.5,56.317
2026-05-23 15:47:19.720,1434779176,659720,BME280,28.45,1006.5,56.317
2026-05-23 15:47:19.920,1434779376,659920,BME280,28.45,1006.5,56.317
2026-05-23 15:47:20.120,1434779576,660120,BME280,28.45,1006.5,56.317
2026-05-23 15:47:20.320,1434779776,660320,BME280,28.45,1006.48,56.48
2026-05-23 15:47:20.520,1434779976,660520,BME280,28.45,1006.48,56.48
2026-05-23 15:47:20.720,1434780176,660720,BME280,28.45,1006.48,56.48
2026-05-23 15:47:20.920,1434780376,660920,BME280,28.45,1006.48,56.48
2026-05-23 15:47:21.120,1434780576,661120,BME280,28.45,1006.48,56.48
2026-05-23 15:47:21.320,1434780776,661320,BME280,28.45,1006.5,56.388
2026-05-23 15:47:21.520,1434780976,661520,BME280,28.45,1006.5,56.388
2026-05-23 15:47:21.720,1434781176,661720,BME280,28.45,1006.5,56.388
2026-05-23 15:47:21.920,1434781376,661920,BME280,28.45,1006.5,56.388
2026-05-23 15:47:22.120,1434781576,662120,BME280,28.45,1006.5,56.388
2026-05-23 15:47:22.320,1434781776,662320,BME280,28.45,1006.5,56.321
2026-05-23 15:47:22.520,1434781976,662520,BME280,28.45,1006.5,56.321
2026-05-23 15:47:22.720,1434782176,662720,BME280,28.45,1006.5,56.321
2026-05-23 15:47:22.920,1434782376,662920,BME280,28.45,1006.5,56.321
2026-05-23 15:47:23.120,1434782576,663120,BME280,28.45,1006.53,56.091
2026-05-23 15:47:23.320,1434782776,663320,BME280,28.45,1006.53,56.091
2026-05-23 15:47:23.520,1434782976,663520,BME280,28.45,1006.53,56.091
2026-05-23 15:47:23.720,1434783176,663720,BME280,28.45,1006.53,56.091
2026-05-23 15:47:23.920,1434783376,663920,BME280,28.45,1006.53,56.091
2026-05-23 15:47:24.120,1434783576,664120,BME280,28.46,1006.49,56.415
2026-05-23 15:47:24.320,1434783776,664320,BME280,28.46,1006.49,56.415
2026-05-23 15:47:24.520,1434783976,664520,BME280,28.46,1006.49,56.415
2026-05-23 15:47:24.720,1434784176,664720,BME280,28.46,1006.49,56.415
2026-05-23 15:47:24.920,1434784376,664920,BME280,28.46,1006.49,56.415
2026-05-23 15:47:25.120,1434784576,665120,BME280,28.46,1006.51,56.25
2026-05-23 15:47:25.320,1434784776,665320,BME280,28.46,1006.51,56.25
2026-05-23 15:47:25.520,1434784976,665520,BME280,28.46,1006.51,56.25
2026-05-23 15:47:25.720,1434785176,665720,BME280,28.46,1006.51,56.25
2026-05-23 15:47:25.920,1434785376,665920,BME280,28.46,1006.51,56.25
2026-05-23 15:47:26.120,1434785576,666120,BME280,28.46,1006.51,56.246
2026-05-23 15:47:26.320,1434785776,666320,BME280,28.46,1006.51,56.246
2026-05-23 15:47:26.520,1434785976,666520,BME280,28.46,1006.51,56.246
2026-05-23 15:47:26.720,1434786176,666720,BME280,28.46,1006.51,56.246
2026-05-23 15:47:26.920,1434786376,666920,BME280,28.46,1006.51,56.246
2026-05-23 15:47:27.120,1434786576,667120,BME280,28.47,1006.49,56.473
2026-05-23 15:47:27.320,1434786776,667320,BME280,28.47,1006.49,56.473
2026-05-23 15:47:27.520,1434786976,667520,BME280,28.47,1006.49,56.473
2026-05-23 15:47:27.720,1434787176,667720,BME280,28.47,1006.49,56.473
2026-05-23 15:47:27.920,1434787376,667920,BME280,28.47,1006.49,56.473
2026-05-23 15:47:28.120,1434787576,668120,BME280,28.47,1006.52,56.199
2026-05-23 15:47:28.320,1434787776,668320,BME280,28.47,1006.52,56.199
2026-05-23 15:47:28.520,1434787976,668520,BME280,28.47,1006.52,56.199
2026-05-23 15:47:28.720,1434788176,668720,BME280,28.47,1006.52,56.199
2026-05-23 15:47:28.920,1434788376,668920,BME280,28.47,1006.52,56.199
2026-05-23 15:47:29.120,1434788576,669120,BME280,28.48,1006.51,56.295
2026-05-23 15:47:29.320,1434788776,669320,BME280,28.48,1006.51,56.295
2026-05-23 15:47:29.520,1434788976,669520,BME280,28.48,1006.51,56.295
2026-05-23 15:47:29.720,1434789176,669720,BME280,28.48,1006.51,56.295
2026-05-23 15:47:29.920,1434789376,669920,BME280,28.48,1006.51,56.295
2026-05-23 15:47:30.120,1434789576,670120,BME280,28.48,1006.49,56.455
2026-05-23 15:47:30.320,1434789776,670320,BME280,28.48,1006.49,56.455
2026-05-23 15:47:30.520,1434789976,670520,BME280,28.48,1006.49,56.455
2026-05-23 15:47:30.720,1434790176,670720,BME280,28.48,1006.49,56.455
2026-05-23 15:47:30.920,1434790376,670920,BME280,28.48,1006.49,56.455
2026-05-23 15:47:31.120,1434790576,671120,BME280,28.48,1006.51,56.233
2026-05-23 15:47:31.320,1434790776,671320,BME280,28.48,1006.51,56.233
2026-05-23 15:47:31.520,1434790976,671520,BME280,28.48,1006.51,56.233
2026-05-23 15:47:31.720,1434791176,671720,BME280,28.48,1006.51,56.233
2026-05-23 15:47:31.920,1434791376,671920,BME280,28.48,1006.51,56.233
2026-05-23 15:47:32.120,1434791576,672120,BME280,28.48,1006.47,56.566
2026-05-23 15:47:32.320,1434791776,672320,BME280,28.48,1006.47,56.566
2026-05-23 15:47:32.520,1434791976,672520,BME280,28.48,1006.47,56.566
2026-05-23 15:47:32.720,1434792176,672720,BME280,28.48,1006.47,56.566
2026-05-23 15:47:32.920,1434792376,672920,BME280,28.48,1006.47,56.566
2026-05-23 15:47:33.120,1434792576,673120,BME280,28.48,1006.5,56.383
2026-05-23 15:47:33.320,1434792776,673320,BME280,28.48,1006.5,56.383
2026-05-23 15:47:33.520,1434792976,673520,BME280,28.48,1006.5,56.383
2026-05-23 15:47:33.720,1434793176,673720,BME280,28.48,1006.5,56.383
2026-05-23 15:47:33.920,1434793376,673920,BME280,28.48,1006.5,56.383
2026-05-23 15:47:34.120,1434793576,674120,BME280,28.48,1006.48,56.518
2026-05-23 15:47:34.320,1434793776,674320,BME280,28.48,1006.48,56.518
2026-05-23 15:47:34.520,1434793976,674520,BME280,28.48,1006.48,56.518
2026-05-23 15:47:34.720,1434794176,674720,BME280,28.48,1006.48,56.518
2026-05-23 15:47:34.920,1434794376,674920,BME280,28.48,1006.48,56.518
2026-05-23 15:47:35.120,1434794576,675120,BME280,28.49,1006.49,56.414
2026-05-23 15:47:35.320,1434794776,675320,BME280,28.49,1006.49,56.414
2026-05-23 15:47:35.520,1434794976,675520,BME280,28.49,1006.49,56.414
2026-05-23 15:47:35.720,1434795176,675720,BME280,28.49,1006.49,56.414
2026-05-23 15:47:35.920,1434795376,675920,BME280,28.49,1006.49,56.414
2026-05-23 15:47:36.120,1434795576,676120,BME280,28.48,1006.47,56.643
2026-05-23 15:47:36.320,1434795776,676320,BME280,28.48,1006.47,56.643
2026-05-23 15:47:36.520,1434795976,676520,BME280,28.48,1006.47,56.643
2026-05-23 15:47:36.720,1434796176,676720,BME280,28.48,1006.47,56.643
2026-05-23 15:47:36.920,1434796376,676920,BME280,28.48,1006.47,56.643
2026-05-23 15:47:37.120,1434796576,677120,BME280,28.5,1006.46,56.664
2026-05-23 15:47:37.320,1434796776,677320,BME280,28.5,1006.46,56.664
2026-05-23 15:47:37.520,1434796976,677520,BME280,28.5,1006.46,56.664
2026-05-23 15:47:37.720,1434797176,677720,BME280,28.5,1006.46,56.664
2026-05-23 15:47:37.920,1434797376,677920,BME280,28.5,1006.46,56.664
2026-05-23 15:47:38.120,1434797576,678120,BME280,28.5,1006.48,56.503
2026-05-23 15:47:38.320,1434797776,678320,BME280,28.5,1006.48,56.503
2026-05-23 15:47:38.520,1434797976,678520,BME280,28.5,1006.48,56.503
2026-05-23 15:47:38.720,1434798176,678720,BME280,28.5,1006.48,56.503
2026-05-23 15:47:38.920,1434798376,678920,BME280,28.5,1006.48,56.503
2026-05-23 15:47:39.120,1434798576,679120,BME280,28.5,1006.47,56.563
2026-05-23 15:47:39.320,1434798776,679320,BME280,28.5,1006.47,56.563
2026-05-23 15:47:39.520,1434798976,679520,BME280,28.5,1006.47,56.563
2026-05-23 15:47:39.720,1434799176,679720,BME280,28.5,1006.47,56.563
2026-05-23 15:47:39.920,1434799376,679920,BME280,28.5,1006.47,56.563
2026-05-23 15:47:40.120,1434799576,680120,BME280,28.51,1006.46,56.649
2026-05-23 15:47:40.320,1434799776,680320,BME280,28.51,1006.46,56.649
2026-05-23 15:47:40.520,1434799976,680520,BME280,28.51,1006.46,56.649
2026-05-23 15:47:40.720,1434800176,680720,BME280,28.51,1006.46,56.649
2026-05-23 15:47:40.920,1434800376,680920,BME280,28.51,1006.46,56.649
2026-05-23 15:47:41.120,1434800576,681120,BME280,28.51,1006.51,56.268
2026-05-23 15:47:41.320,1434800776,681320,BME280,28.51,1006.51,56.268
2026-05-23 15:47:41.520,1434800976,681520,BME280,28.51,1006.51,56.268
2026-05-23 15:47:41.720,1434801176,681720,BME280,28.51,1006.51,56.268
2026-05-23 15:47:41.920,1434801376,681920,BME280,28.51,1006.51,56.268
2026-05-23 15:47:42.120,1434801576,682120,BME280,28.51,1006.49,56.461
2026-05-23 15:47:42.320,1434801776,682320,BME280,28.51,1006.49,56.461
2026-05-23 15:47:42.520,1434801976,682520,BME280,28.51,1006.49,56.461
2026-05-23 15:47:42.720,1434802176,682720,BME280,28.51,1006.49,56.461
2026-05-23 15:47:42.004,1434801460,683004,BME280,28.51,1006.49,56.461
2026-05-23 15:47:43.204,1434802660,683204,BME280,28.51,1006.49,56.47
2026-05-23 15:47:43.404,1434802860,683404,BME280,28.51,1006.49,56.47
2026-05-23 15:47:43.604,1434803060,683604,BME280,28.51,1006.49,56.47
2026-05-23 15:47:43.804,1434803260,683804,BME280,28.51,1006.49,56.47
2026-05-23 15:47:43.004,1434802460,684004,BME280,28.51,1006.49,56.47
2026-05-23 15:47:44.204,1434803660,684204,BME280,28.51,1006.49,56.393
2026-05-23 15:47:44.404,1434803860,684404,BME280,28.51,1006.49,56.393
2026-05-23 15:47:44.604,1434804060,684604,BME280,28.51,1006.49,56.393
2026-05-23 15:47:44.804,1434804260,684804,BME280,28.51,1006.49,56.393
2026-05-23 15:47:44.004,1434803460,685004,BME280,28.51,1006.49,56.393
2026-05-23 15:47:45.204,1434804660,685204,BME280,28.52,1006.47,56.636
2026-05-23 15:47:45.404,1434804860,685404,BME280,28.52,1006.47,56.636
2026-05-23 15:47:45.604,1434805060,685604,BME280,28.52,1006.47,56.636
2026-05-23 15:47:45.804,1434805260,685804,BME280,28.52,1006.47,56.636
2026-05-23 15:47:45.004,1434804460,686004,BME280,28.52,1006.47,56.636
2026-05-23 15:47:46.204,1434805660,686204,BME280,28.52,1006.42,56.983
2026-05-23 15:47:46.404,1434805860,686404,BME280,28.52,1006.42,56.983
2026-05-23 15:47:46.604,1434806060,686604,BME280,28.52,1006.42,56.983
2026-05-23 15:47:46.804,1434806260,686804,BME280,28.52,1006.42,56.983
2026-05-23 15:47:46.004,1434805460,687004,BME280,28.52,1006.43,56.93
2026-05-23 15:47:47.204,1434806660,687204,BME280,28.52,1006.43,56.93
2026-05-23 15:47:47.404,1434806860,687404,BME280,28.52,1006.43,56.93
2026-05-23 15:47:47.604,1434807060,687604,BME280,28.52,1006.43,56.93
2026-05-23 15:47:47.804,1434807260,687804,BME280,28.52,1006.43,56.93
2026-05-23 15:47:47.004,1434806460,688004,BME280,28.52,1006.44,56.824
2026-05-23 15:47:48.204,1434807660,688204,BME280,28.52,1006.44,56.824
2026-05-23 15:47:48.404,1434807860,688404,BME280,28.52,1006.44,56.824
2026-05-23 15:47:48.604,1434808060,688604,BME280,28.52,1006.44,56.824
2026-05-23 15:47:48.804,1434808260,688804,BME280,28.52,1006.44,56.824
2026-05-23 15:47:48.004,1434807460,689004,BME280,28.53,1006.45,56.772
2026-05-23 15:47:49.204,1434808660,689204,BME280,28.53,1006.45,56.772
2026-05-23 15:47:49.404,1434808860,689404,BME280,28.53,1006.45,56.772
2026-05-23 15:47:49.604,1434809060,689604,BME280,28.53,1006.45,56.772
2026-05-23 15:47:49.804,1434809260,689804,BME280,28.53,1006.45,56.772
2026-05-23 15:47:49.004,1434808460,690004,BME280,28.53,1006.48,56.481
2026-05-23 15:47:50.204,1434809660,690204,BME280,28.53,1006.48,56.481
2026-05-23 15:47:50.404,1434809860,690404,BME280,28.53,1006.48,56.481
2026-05-23 15:47:50.604,1434810060,690604,BME280,28.53,1006.48,56.481
2026-05-23 15:47:50.804,1434810260,690804,BME280,28.53,1006.48,56.481
2026-05-23 15:47:50.004,1434809460,691004,BME280,28.53,1006.44,56.815
2026-05-23 15:47:51.204,1434810660,691204,BME280,28.53,1006.44,56.815
2026-05-23 15:47:51.404,1434810860,691404,BME280,28.53,1006.44,56.815
2026-05-23 15:47:51.604,1434811060,691604,BME280,28.53,1006.44,56.815
2026-05-23 15:47:51.804,1434811260,691804,BME280,28.53,1006.44,56.815
2026-05-23 15:47:51.004,1434810460,692004,BME280,28.54,1006.51,56.228
2026-05-23 15:47:52.204,1434811660,692204,BME280,28.54,1006.51,56.228
2026-05-23 15:47:52.404,1434811860,692404,BME280,28.54,1006.51,56.228
2026-05-23 15:47:52.604,1434812060,692604,BME280,28.54,1006.51,56.228
2026-05-23 15:47:52.804,1434812260,692804,BME280,28.54,1006.51,56.228
2026-05-23 15:47:52.004,1434811460,693004,BME280,28.54,1006.45,56.768
2026-05-23 15:47:53.204,1434812660,693204,BME280,28.54,1006.45,56.768
2026-05-23 15:47:53.404,1434812860,693404,BME280,28.54,1006.45,56.768
2026-05-23 15:47:53.604,1434813060,693604,BME280,28.54,1006.45,56.768
2026-05-23 15:47:53.804,1434813260,693804,BME280,28.54,1006.45,56.768
2026-05-23 15:47:53.004,1434812460,694004,BME280,28.55,1006.45,56.788
2026-05-23 15:47:54.204,1434813660,694204,BME280,28.55,1006.45,56.788
2026-05-23 15:47:54.404,1434813860,694404,BME280,28.55,1006.45,56.788
2026-05-23 15:47:54.604,1434814060,694604,BME280,28.55,1006.45,56.788
2026-05-23 15:47:54.804,1434814260,694804,BME280,28.55,1006.45,56.788
2026-05-23 15:47:54.004,1434813460,695004,BME280,28.55,1006.45,56.74
2026-05-23 15:47:55.204,1434814660,695204,BME280,28.55,1006.45,56.74
2026-05-23 15:47:55.404,1434814860,695404,BME280,28.55,1006.45,56.74
2026-05-23 15:47:55.604,1434815060,695604,BME280,28.55,1006.45,56.74
2026-05-23 15:47:55.804,1434815260,695804,BME280,28.55,1006.45,56.74
2026-05-23 15:47:55.004,1434814460,696004,BME280,28.55,1006.44,56.846
2026-05-23 15:47:56.204,1434815660,696204,BME280,28.55,1006.44,56.846
2026-05-23 15:47:56.404,1434815860,696404,BME280,28.55,1006.44,56.846
2026-05-23 15:47:56.604,1434816060,696604,BME280,28.55,1006.44,56.846
2026-05-23 15:47:56.804,1434816260,696804,BME280,28.55,1006.44,56.846
2026-05-23 15:47:56.004,1434815460,697004,BME280,28.56,1006.44,56.837
2026-05-23 15:47:57.204,1434816660,697204,BME280,28.56,1006.44,56.837
2026-05-23 15:47:57.404,1434816860,697404,BME280,28.56,1006.44,56.837
2026-05-23 15:47:57.604,1434817060,697604,BME280,28.56,1006.44,56.837
2026-05-23 15:47:57.804,1434817260,697804,BME280,28.56,1006.44,56.837
2026-05-23 15:47:57.004,1434816460,698004,BME280,28.56,1006.47,56.586
2026-05-23 15:47:58.204,1434817660,698204,BME280,28.56,1006.47,56.586
2026-05-23 15:47:58.404,1434817860,698404,BME280,28.56,1006.47,56.586
2026-05-23 15:47:58.604,1434818060,698604,BME280,28.56,1006.47,56.586
2026-05-23 15:47:58.804,1434818260,698804,BME280,28.56,1006.47,56.586
2026-05-23 15:47:58.004,1434817460,699004,BME280,28.55,1006.45,56.74
2026-05-23 15:47:59.204,1434818660,699204,BME280,28.55,1006.45,56.74
2026-05-23 15:47:59.404,1434818860,699404,BME280,28.55,1006.45,56.74
2026-05-23 15:47:59.604,1434819060,699604,BME280,28.55,1006.45,56.74
2026-05-23 15:47:59.804,1434819260,699804,BME280,28.55,1006.45,56.74
2026-05-23 15:47:59.004,1434818460,700004,BME280,28.57,1006.46,56.68
2026-05-23 15:48:00.204,1434819660,700204,BME280,28.57,1006.46,56.68
2026-05-23 15:48:00.404,1434819860,700404,BME280,28.57,1006.46,56.68
2026-05-23 15:48:00.604,1434820060,700604,BME280,28.57,1006.46,56.68
2026-05-23 15:48:00.804,1434820260,700804,BME280,28.57,1006.46,56.68
2026-05-23 15:48:00.004,1434819460,701004,BME280,28.56,1006.43,56.925
2026-05-23 15:48:01.204,1434820660,701204,BME280,28.56,1006.43,56.925
2026-05-23 15:48:01.404,1434820860,701404,BME280,28.56,1006.43,56.925
2026-05-23 15:48:01.604,1434821060,701604,BME280,28.56,1006.43,56.925
2026-05-23 15:48:01.804,1434821260,701804,BME280,28.56,1006.43,56.925
2026-05-23 15:48:01.004,1434820460,702004,BME280,28.57,1006.49,56.467
2026-05-23 15:48:02.204,1434821660,702204,BME280,28.57,1006.49,56.467
2026-05-23 15:48:02.404,1434821860,702404,BME280,28.57,1006.49,56.467
2026-05-23 15:48:02.604,1434822060,702604,BME280,28.57,1006.49,56.467
2026-05-23 15:48:02.804,1434822260,702804,BME280,28.57,1006.49,56.467
2026-05-23 15:48:02.004,1434821460,703004,BME280,28.57,1006.47,56.582
2026-05-23 15:48:03.204,1434822660,703204,BME280,28.57,1006.47,56.582
2026-05-23 15:48:03.404,1434822860,703404,BME280,28.57,1006.47,56.582
2026-05-23 15:48:03.604,1434823060,703604,BME280,28.57,1006.47,56.582
2026-05-23 15:48:03.804,1434823260,703804,BME280,28.57,1006.47,56.582
2026-05-23 15:48:03.004,1434822460,704004,BME280,28.57,1006.44,56.848
2026-05-23 15:48:04.204,1434823660,704204,BME280,28.57,1006.44,56.848
2026-05-23 15:48:04.404,1434823860,704404,BME280,28.57,1006.44,56.848
2026-05-23 15:48:04.604,1434824060,704604,BME280,28.57,1006.44,56.848
2026-05-23 15:48:04.917,1434824373,704917,BME280,28.57,1006.44,56.852
2026-05-23 15:48:05.117,1434824573,705117,BME280,28.56,1006.44,56.852
2026-05-23 15:48:05.317,1434824773,705317,BME280,28.56,1006.44,56.852
2026-05-23 15:48:05.517,1434824973,705517,BME280,28.56,1006.44,56.852
2026-05-23 15:48:05.717,1434825173,705717,BME280,28.56,1006.44,56.852
2026-05-23 15:48:05.917,1434825373,705917,BME280,28.57,1006.45,56.741
2026-05-23 15:48:06.117,1434825573,706117,BME280,28.57,1006.45,56.741
2026-05-23 15:48:06.317,1434825773,706317,BME280,28.57,1006.45,56.741
2026-05-23 15:48:06.517,1434825973,706517,BME280,28.57,1006.45,56.741
2026-05-23 15:48:06.717,1434826173,706717,BME280,28.57,1006.45,56.741
2026-05-23 15:48:06.917,1434826373,706917,BME280,28.58,1006.47,56.637
2026-05-23 15:48:07.117,1434826573,707117,BME280,28.58,1006.47,56.637
2026-05-23 15:48:07.317,1434826773,707317,BME280,28.58,1006.47,56.637
2026-05-23 15:48:07.517,1434826973,707517,BME280,28.58,1006.47,56.637
2026-05-23 15:48:07.717,1434827173,707717,BME280,28.58,1006.47,56.637
2026-05-23 15:48:07.917,1434827373,707917,BME280,28.58,1006.43,56.902
2026-05-23 15:48:08.117,1434827573,708117,BME280,28.58,1006.43,56.902
2026-05-23 15:48:08.317,1434827773,708317,BME280,28.58,1006.43,56.902
2026-05-23 15:48:08.517,1434827973,708517,BME280,28.58,1006.43,56.902
2026-05-23 15:48:08.717,1434828173,708717,BME280,28.58,1006.43,56.902
2026-05-23 15:48:08.917,1434828373,708917,BME280,28.58,1006.46,56.647
2026-05-23 15:48:09.117,1434828573,709117,BME280,28.58,1006.46,56.647
2026-05-23 15:48:09.317,1434828773,709317,BME280,28.58,1006.46,56.647
2026-05-23 15:48:09.517,1434828973,709517,BME280,28.58,1006.46,56.647
2026-05-23 15:48:09.717,1434829173,709717,BME280,28.58,1006.46,56.647
2026-05-23 15:48:09.935,1434829391,709935,BME280,28.56,1006.44,56.843
2026-05-23 15:48:10.135,1434829591,710135,BME280,28.56,1006.44,56.843
2026-05-23 15:48:10.335,1434829791,710335,BME280,28.56,1006.44,56.843
2026-05-23 15:48:10.535,1434829991,710535,BME280,28.56,1006.44,56.843
2026-05-23 15:48:10.735,1434830191,710735,BME280,28.56,1006.44,56.843
2026-05-23 15:48:10.935,1434830391,710935,BME280,28.57,1006.46,56.704
2026-05-23 15:48:11.135,1434830591,711135,BME280,28.57,1006.46,56.704
2026-05-23 15:48:11.335,1434830791,711335,BME280,28.57,1006.46,56.704
2026-05-23 15:48:11.535,1434830991,711535,BME280,28.57,1006.46,56.704
2026-05-23 15:48:11.735,1434831191,711735,BME280,28.57,1006.46,56.704
2026-05-23 15:48:11.935,1434831391,711935,BME280,28.57,1006.48,56.521
2026-05-23 15:48:12.135,1434831591,712135,BME280,28.57,1006.48,56.521
2026-05-23 15:48:12.335,1434831791,712335,BME280,28.57,1006.48,56.521
2026-05-23 15:48:12.535,1434831991,712535,BME280,28.57,1006.48,56.521
2026-05-23 15:48:12.735,1434832191,712735,BME280,28.57,1006.48,56.521
2026-05-23 15:48:12.935,1434832391,712935,BME280,28.58,1006.46,56.647
2026-05-23 15:48:13.135,1434832591,713135,BME280,28.58,1006.46,56.647
2026-05-23 15:48:13.335,1434832791,713335,BME280,28.58,1006.46,56.647
2026-05-23 15:48:13.535,1434832991,713535,BME280,28.58,1006.46,56.647
2026-05-23 15:48:13.735,1434833191,713735,BME280,28.58,1006.46,56.647
2026-05-23 15:48:13.935,1434833391,713935,BME280,28.59,1006.48,56.536
2026-05-23 15:48:14.135,1434833591,714135,BME280,28.59,1006.48,56.536
2026-05-23 15:48:14.335,1434833791,714335,BME280,28.59,1006.48,56.536
2026-05-23 15:48:14.535,1434833991,714535,BME280,28.59,1006.48,56.536
2026-05-23 15:48:14.735,1434834191,714735,BME280,28.59,1006.48,56.536
2026-05-23 15:48:14.935,1434834391,714935,BME280,28.57,1006.47,56.588
2026-05-23 15:48:15.135,1434834591,715135,BME280,28.57,1006.47,56.588
2026-05-23 15:48:15.335,1434834791,715335,BME280,28.57,1006.47,56.588
2026-05-23 15:48:15.535,1434834991,715535,BME280,28.57,1006.47,56.588
2026-05-23 15:48:15.735,1434835191,715735,BME280,28.57,1006.47,56.588
2026-05-23 15:48:15.935,1434835391,715935,BME280,28.58,1006.46,56.705
2026-05-23 15:48:16.135,1434835591,716135,BME280,28.58,1006.46,56.705
2026-05-23 15:48:16.335,1434835791,716335,BME280,28.58,1006.46,56.705
2026-05-23 15:48:16.535,1434835991,716535,BME280,28.58,1006.46,56.705
2026-05-23 15:48:16.735,1434836191,716735,BME280,28.58,1006.46,56.705
2026-05-23 15:48:16.935,1434836391,716935,BME280,28.58,1006.45,56.806
2026-05-23 15:48:17.135,1434836591,717135,BME280,28.58,1006.45,56.806
2026-05-23 15:48:17.335,1434836791,717335,BME280,28.58,1006.45,56.806
2026-05-23 15:48:17.535,1434836991,717535,BME280,28.58,1006.45,56.806
2026-05-23 15:48:17.735,1434837191,717735,BME280,28.58,1006.45,56.806
2026-05-23 15:48:17.935,1434837391,717935,BME280,28.59,1006.44,56.839
2026-05-23 15:48:18.135,1434837591,718135,BME280,28.59,1006.44,56.839
2026-05-23 15:48:18.335,1434837791,718335,BME280,28.59,1006.44,56.839
2026-05-23 15:48:18.535,1434837991,718535,BME280,28.59,1006.44,56.839
2026-05-23 15:48:18.735,1434838191,718735,BME280,28.59,1006.44,56.839
2026-05-23 15:48:18.935,1434838391,718935,BME280,28.59,1006.43,56.952
2026-05-23 15:48:19.135,1434838591,719135,BME280,28.59,1006.43,56.952
2026-05-23 15:48:19.335,1434838791,719335,BME280,28.59,1006.43,56.952
2026-05-23 15:48:19.535,1434838991,719535,BME280,28.59,1006.43,56.952
2026-05-23 15:48:19.735,1434839191,719735,BME280,28.59,1006.43,56.952
2026-05-23 15:48:19.935,1434839391,719935,BME280,28.59,1006.46,56.711
2026-05-23 15:48:20.135,1434839591,720135,BME280,28.59,1006.46,56.711
2026-05-23 15:48:20.335,1434839791,720335,BME280,28.59,1006.46,56.711
2026-05-23 15:48:20.535,1434839991,720535,BME280,28.59,1006.46,56.711
2026-05-23 15:48:20.735,1434840191,720735,BME280,28.59,1006.46,56.711
2026-05-23 15:48:20.935,1434840391,720935,BME280,28.59,1006.41,57.071
2026-05-23 15:48:21.135,1434840591,721135,BME280,28.59,1006.41,57.071
2026-05-23 15:48:21.335,1434840791,721335,BME280,28.59,1006.41,57.071
2026-05-23 15:48:21.535,1434840991,721535,BME280,28.59,1006.41,57.071
2026-05-23 15:48:21.735,1434841191,721735,BME280,28.59,1006.41,57.071
2026-05-23 15:48:21.935,1434841391,721935,BME280,28.59,1006.43,56.908
2026-05-23 15:48:22.135,1434841591,722135,BME280,28.59,1006.43,56.908
2026-05-23 15:48:22.335,1434841791,722335,BME280,28.59,1006.43,56.908
2026-05-23 15:48:22.535,1434841991,722535,BME280,28.59,1006.43,56.908
2026-05-23 15:48:22.735,1434842191,722735,BME280,28.59,1006.43,56.908
2026-05-23 15:48:22.935,1434842391,722935,BME280,28.59,1006.41,57.067
2026-05-23 15:48:23.135,1434842591,723135,BME280,28.59,1006.41,57.067
2026-05-23 15:48:23.335,1434842791,723335,BME280,28.59,1006.41,57.067
2026-05-23 15:48:23.535,1434842991,723535,BME280,28.59,1006.41,57.067
2026-05-23 15:48:23.735,1434843191,723735,BME280,28.59,1006.41,57.067
2026-05-23 15:48:23.935,1434843391,723935,BME280,28.58,1006.42,57.004
2026-05-23 15:48:24.135,1434843591,724135,BME280,28.58,1006.42,57.004
2026-05-23 15:48:24.335,1434843791,724335,BME280,28.58,1006.42,57.004
2026-05-23 15:48:24.535,1434843991,724535,BME280,28.58,1006.42,57.004
2026-05-23 15:48:24.735,1434844191,724735,BME280,28.58,1006.42,57.004
2026-05-23 15:48:24.935,1434844391,724935,BME280,28.58,1006.4,57.163
2026-05-23 15:48:25.135,1434844591,725135,BME280,28.58,1006.4,57.163
2026-05-23 15:48:25.335,1434844791,725335,BME280,28.58,1006.4,57.163
2026-05-23 15:48:25.535,1434844991,725535,BME280,28.58,1006.4,57.163
2026-05-23 15:48:25.735,1434845191,725735,BME280,28.58,1006.4,57.163
2026-05-23 15:48:25.935,1434845391,725935,BME280,28.58,1006.41,57.062
2026-05-23 15:48:26.135,1434845591,726135,BME280,28.58,1006.41,57.062
2026-05-23 15:48:26.335,1434845791,726335,BME280,28.58,1006.41,57.062
2026-05-23 15:48:26.535,1434845991,726535,BME280,28.58,1006.41,57.062
2026-05-23 15:48:26.735,1434846191,726735,BME280,28.58,1006.41,57.062
2026-05-23 15:48:26.935,1434846391,726935,BME280,28.58,1006.4,57.221
2026-05-23 15:48:27.135,1434846591,727135,BME280,28.58,1006.4,57.221
2026-05-23 15:48:27.335,1434846791,727335,BME280,28.58,1006.4,57.221
2026-05-23 15:48:27.535,1434846991,727535,BME280,28.58,1006.4,57.221
2026-05-23 15:48:27.735,1434847191,727735,BME280,28.58,1006.4,57.221
2026-05-23 15:48:27.935,1434847391,727935,BME280,28.59,1006.39,57.313
2026-05-23 15:48:28.135,1434847591,728135,BME280,28.59,1006.39,57.313
2026-05-23 15:48:28.335,1434847791,728335,BME280,28.59,1006.39,57.313
2026-05-23 15:48:28.535,1434847991,728535,BME280,28.59,1006.39,57.313
2026-05-23 15:48:28.735,1434848191,728735,BME280,28.59,1006.39,57.313
2026-05-23 15:48:28.935,1434848391,728935,BME280,28.59,1006.42,56.995
2026-05-23 15:48:29.135,1434848591,729135,BME280,28.59,1006.42,56.995
2026-05-23 15:48:29.335,1434848791,729335,BME280,28.59,1006.42,56.995
2026-05-23 15:48:29.535,1434848991,729535,BME280,28.59,1006.42,56.995
2026-05-23 15:48:29.735,1434849191,729735,BME280,28.59,1006.42,56.995
2026-05-23 15:48:29.935,1434849391,729935,BME280,28.59,1006.41,57.071
2026-05-23 15:48:30.135,1434849591,730135,BME280,28.59,1006.41,57.071
2026-05-23 15:48:30.335,1434849791,730335,BME280,28.59,1006.41,57.071
2026-05-23 15:48:30.535,1434849991,730535,BME280,28.59,1006.41,57.071
2026-05-23 15:48:30.735,1434850191,730735,BME280,28.59,1006.41,57.071
2026-05-23 15:48:30.935,1434850391,730935,BME280,28.59,1006.43,56.922
2026-05-23 15:48:31.135,1434850591,731135,BME280,28.59,1006.43,56.922
2026-05-23 15:48:31.335,1434850791,731335,BME280,28.59,1006.43,56.922
2026-05-23 15:48:31.535,1434850991,731535,BME280,28.59,1006.43,56.922
2026-05-23 15:48:31.735,1434851191,731735,BME280,28.59,1006.43,56.922
2026-05-23 15:48:31.935,1434851391,731935,BME280,28.59,1006.43,56.956
2026-05-23 15:48:32.135,1434851591,732135,BME280,28.59,1006.43,56.956
2026-05-23 15:48:32.335,1434851791,732335,BME280,28.59,1006.43,56.956
2026-05-23 15:48:32.535,1434851991,732535,BME280,28.59,1006.43,56.956
2026-05-23 15:48:32.735,1434852191,732735,BME280,28.59,1006.43,56.956
2026-05-23 15:48:32.935,1434852391,732935,BME280,28.58,1006.43,56.936
2026-05-23 15:48:33.135,1434852591,733135,BME280,28.58,1006.43,56.936
2026-05-23 15:48:33.335,1434852791,733335,BME280,28.58,1006.43,56.936
2026-05-23 15:48:33.535,1434852991,733535,BME280,28.58,1006.43,56.936
2026-05-23 15:48:33.735,1434853191,733735,BME280,28.58,1006.43,56.936
2026-05-23 15:48:33.935,1434853391,733935,BME280,28.59,1006.47,56.623
2026-05-23 15:48:34.135,1434853591,734135,BME280,28.59,1006.47,56.623
2026-05-23 15:48:34.335,1434853791,734335,BME280,28.59,1006.47,56.623
2026-05-23 15:48:34.535,1434853991,734535,BME280,28.59,1006.47,56.623
2026-05-23 15:48:34.735,1434854191,734735,BME280,28.59,1006.47,56.623
2026-05-23 15:48:34.935,1434854391,734935,BME280,28.59,1006.43,56.966
2026-05-23 15:48:35.135,1434854591,735135,BME280,28.59,1006.43,56.966
2026-05-23 15:48:35.335,1434854791,735335,BME280,28.59,1006.43,56.966
2026-05-23 15:48:35.535,1434854991,735535,BME280,28.59,1006.43,56.966
2026-05-23 15:48:35.735,1434855191,735735,BME280,28.59,1006.43,56.966
2026-05-23 15:48:35.935,1434855391,735935,BME280,28.59,1006.42,57.029
2026-05-23 15:48:36.135,1434855591,736135,BME280,28.59,1006.42,57.029
2026-05-23 15:48:36.335,1434855791,736335,BME280,28.59,1006.42,57.029
2026-05-23 15:48:36.535,1434855991,736535,BME280,28.59,1006.42,57.029
2026-05-23 15:48:36.735,1434856191,736735,BME280,28.59,1006.42,57.029
2026-05-23 15:48:36.935,1434856391,736935,BME280,28.59,1006.43,56.976
2026-05-23 15:48:37.135,1434856591,737135,BME280,28.59,1006.43,56.976
2026-05-23 15:48:37.335,1434856791,737335,BME280,28.59,1006.43,56.976
2026-05-23 15:48:37.535,1434856991,737535,BME280,28.59,1006.43,56.976
2026-05-23 15:48:37.735,1434857191,737735,BME280,28.59,1006.43,56.976
2026-05-23 15:48:37.935,1434857391,737935,BME280,28.59,1006.41,57.072
2026-05-23 15:48:38.135,1434857591,738135,BME280,28.59,1006.41,57.072
2026-05-23 15:48:38.335,1434857791,738335,BME280,28.59,1006.41,57.072
2026-05-23 15:48:38.535,1434857991,738535,BME280,28.59,1006.41,57.072
2026-05-23 15:48:38.735,1434858191,738735,BME280,28.59,1006.41,57.072
2026-05-23 15:48:38.935,1434858391,738935,BME280,28.59,1006.44,56.87
2026-05-23 15:48:39.135,1434858591,739135,BME280,28.59,1006.44,56.87
2026-05-23 15:48:39.335,1434858791,739335,BME280,28.59,1006.44,56.87
2026-05-23 15:48:39.535,1434858991,739535,BME280,28.59,1006.44,56.87
2026-05-23 15:48:39.735,1434859191,739735,BME280,28.59,1006.44,56.87
2026-05-23 15:48:39.935,1434859391,739935,BME280,28.59,1006.43,56.928
2026-05-23 15:48:40.135,1434859591,740135,BME280,28.59,1006.43,56.928
2026-05-23 15:48:40.335,1434859791,740335,BME280,28.59,1006.43,56.928
2026-05-23 15:48:40.535,1434859991,740535,BME280,28.59,1006.43,56.928
2026-05-23 15:48:40.735,1434860191,740735,BME280,28.59,1006.43,56.928
2026-05-23 15:48:40.935,1434860391,740935,BME280,28.6,1006.44,56.822
2026-05-23 15:48:41.135,1434860591,741135,BME280,28.6,1006.44,56.822
2026-05-23 15:48:41.335,1434860791,741335,BME280,28.6,1006.44,56.822
2026-05-23 15:48:41.535,1434860991,741535,BME280,28.6,1006.44,56.822
2026-05-23 15:48:41.735,1434861191,741735,BME280,28.6,1006.44,56.822
2026-05-23 15:48:41.935,1434861391,741935,BME280,28.59,1006.44,56.893
2026-05-23 15:48:42.135,1434861591,742135,BME280,28.59,1006.44,56.893
2026-05-23 15:48:42.335,1434861791,742335,BME280,28.59,1006.44,56.893
2026-05-23 15:48:42.535,1434861991,742535,BME280,28.59,1006.44,56.893
2026-05-23 15:48:42.735,1434862191,742735,BME280,28.59,1006.44,56.875
2026-05-23 15:48:42.935,1434862391,742935,BME280,28.59,1006.44,56.875
2026-05-23 15:48:43.135,1434862591,743135,BME280,28.59,1006.44,56.875
2026-05-23 15:48:43.335,1434862791,743335,BME280,28.59,1006.44,56.875
2026-05-23 15:48:43.535,1434862991,743535,BME280,28.59,1006.44,56.875
2026-05-23 15:48:43.735,1434863191,743735,BME280,28.6,1006.43,56.909
2026-05-23 15:48:43.935,1434863391,743935,BME280,28.6,1006.43,56.909
2026-05-23 15:48:44.135,1434863591,744135,BME280,28.6,1006.43,56.909
2026-05-23 15:48:44.335,1434863791,744335,BME280,28.6,1006.43,56.909
2026-05-23 15:48:44.535,1434863991,744535,BME280,28.6,1006.43,56.909
2026-05-23 15:48:44.735,1434864191,744735,BME280,28.6,1006.44,56.843
2026-05-23 15:48:44.935,1434864391,744935,BME280,28.6,1006.44,56.843
2026-05-23 15:48:45.135,1434864591,745135,BME280,28.6,1006.44,56.843
2026-05-23 15:48:45.335,1434864791,745335,BME280,28.6,1006.44,56.843
2026-05-23 15:48:45.535,1434864991,745535,BME280,28.6,1006.44,56.843
2026-05-23 15:48:45.735,1434865191,745735,BME280,28.6,1006.44,56.89
2026-05-23 15:48:45.935,1434865391,745935,BME280,28.6,1006.44,56.89
2026-05-23 15:48:46.135,1434865591,746135,BME280,28.6,1006.44,56.89
2026-05-23 15:48:46.335,1434865791,746335,BME280,28.6,1006.44,56.89
2026-05-23 15:48:46.535,1434865991,746535,BME280,28.6,1006.44,56.89
2026-05-23 15:48:46.735,1434866191,746735,BME280,28.6,1006.42,57.02
2026-05-23 15:48:46.935,1434866391,746935,BME280,28.6,1006.42,57.02
2026-05-23 15:48:47.135,1434866591,747135,BME280,28.6,1006.42,57.02
2026-05-23 15:48:47.335,1434866791,747335,BME280,28.6,1006.42,57.02
2026-05-23 15:48:47.535,1434866991,747535,BME280,28.6,1006.42,57.02
2026-05-23 15:48:47.735,1434867191,747735,BME280,28.6,1006.44,56.89
2026-05-23 15:48:47.935,1434867391,747935,BME280,28.6,1006.44,56.89
2026-05-23 15:48:48.135,1434867591,748135,BME280,28.6,1006.44,56.89
2026-05-23 15:48:48.335,1434867791,748335,BME280,28.6,1006.44,56.89
2026-05-23 15:48:48.535,1434867991,748535,BME280,28.6,1006.44,56.89
2026-05-23 15:48:48.735,1434868191,748735,BME280,28.6,1006.45,56.794
2026-05-23 15:48:48.935,1434868391,748935,BME280,28.6,1006.45,56.794
2026-05-23 15:48:49.135,1434868591,749135,BME280,28.6,1006.45,56.794
2026-05-23 15:48:49.335,1434868791,749335,BME280,28.6,1006.45,56.794
2026-05-23 15:48:49.535,1434868991,749535,BME280,28.6,1006.45,56.794
2026-05-23 15:48:49.735,1434869191,749735,BME280,28.6,1006.46,56.663
2026-05-23 15:48:49.935,1434869391,749935,BME280,28.6,1006.46,56.663
2026-05-23 15:48:50.135,1434869591,750135,BME280,28.6,1006.46,56.663
2026-05-23 15:48:50.335,1434869791,750335,BME280,28.6,1006.46,56.663
2026-05-23 15:48:50.535,1434869991,750535,BME280,28.6,1006.46,56.663
2026-05-23 15:48:50.735,1434870191,750735,BME280,28.59,1006.46,56.696
2026-05-23 15:48:50.935,1434870391,750935,BME280,28.59,1006.46,56.696
2026-05-23 15:48:51.135,1434870591,751135,BME280,28.59,1006.46,56.696
2026-05-23 15:48:51.335,1434870791,751335,BME280,28.59,1006.46,56.696
2026-05-23 15:48:51.535,1434870991,751535,BME280,28.59,1006.46,56.696
2026-05-23 15:48:51.735,1434871191,751735,BME280,28.58,1006.44,56.859
2026-05-23 15:48:51.935,1434871391,751935,BME280,28.58,1006.44,56.859
2026-05-23 15:48:52.135,1434871591,752135,BME280,28.58,1006.44,56.859
2026-05-23 15:48:52.335,1434871791,752335,BME280,28.58,1006.44,56.859
2026-05-23 15:48:52.535,1434871991,752535,BME280,28.58,1006.44,56.859
2026-05-23 15:48:52.735,1434872191,752735,BME280,28.57,1006.47,56.593
2026-05-23 15:48:52.935,1434872391,752935,BME280,28.57,1006.47,56.593
2026-05-23 15:48:53.135,1434872591,753135,BME280,28.57,1006.47,56.593
2026-05-23 15:48:53.335,1434872791,753335,BME280,28.57,1006.47,56.593
2026-05-23 15:48:53.535,1434872991,753535,BME280,28.57,1006.47,56.593
2026-05-23 15:48:53.735,1434873191,753735,BME280,28.58,1006.44,56.869
2026-05-23 15:48:53.935,1434873391,753935,BME280,28.58,1006.44,56.869
2026-05-23 15:48:54.135,1434873591,754135,BME280,28.58,1006.44,56.869
2026-05-23 15:48:54.335,1434873791,754335,BME280,28.58,1006.44,56.869
2026-05-23 15:48:54.535,1434873991,754535,BME280,28.58,1006.44,56.869
2026-05-23 15:48:54.735,1434874191,754735,BME280,28.57,1006.47,56.621
2026-05-23 15:48:54.935,1434874391,754935,BME280,28.57,1006.47,56.621
2026-05-23 15:48:55.135,1434874591,755135,BME280,28.57,1006.47,56.621
2026-05-23 15:48:55.335,1434874791,755335,BME280,28.57,1006.47,56.621
2026-05-23 15:48:55.535,1434874991,755535,BME280,28.57,1006.47,56.621
2026-05-23 15:48:55.735,1434875191,755735,BME280,28.57,1006.46,56.674
2026-05-23 15:48:55.935,1434875391,755935,BME280,28.57,1006.46,56.674
2026-05-23 15:48:56.135,1434875591,756135,BME280,28.57,1006.46,56.674
2026-05-23 15:48:56.335,1434875791,756335,BME280,28.57,1006.46,56.674
2026-05-23 15:48:56.535,1434875991,756535,BME280,28.57,1006.46,56.674
2026-05-23 15:48:56.735,1434876191,756735,BME280,28.56,1006.43,56.943
2026-05-23 15:48:56.935,1434876391,756935,BME280,28.56,1006.43,56.943
2026-05-23 15:48:57.135,1434876591,757135,BME280,28.56,1006.43,56.943
2026-05-23 15:48:57.335,1434876791,757335,BME280,28.56,1006.43,56.943
2026-05-23 15:48:57.535,1434876991,757535,BME280,28.56,1006.43,56.943
2026-05-23 15:48:57.735,1434877191,757735,BME280,28.56,1006.47,56.621
2026-05-23 15:48:57.935,1434877391,757935,BME280,28.56,1006.47,56.621
2026-05-23 15:48:58.135,1434877591,758135,BME280,28.56,1006.47,56.621
2026-05-23 15:48:58.335,1434877791,758335,BME280,28.56,1006.47,56.621
2026-05-23 15:48:58.535,1434877991,758535,BME280,28.56,1006.47,56.621
2026-05-23 15:48:58.735,1434878191,758735,BME280,28.57,1006.47,56.568
2026-05-23 15:48:58.935,1434878391,758935,BME280,28.57,1006.47,56.568
2026-05-23 15:48:59.135,1434878591,759135,BME280,28.57,1006.47,56.568
2026-05-23 15:48:59.335,1434878791,759335,BME280,28.57,1006.47,56.568
2026-05-23 15:48:59.535,1434878991,759535,BME280,28.57,1006.47,56.568
2026-05-23 15:48:59.735,1434879191,759735,BME280,28.56,1006.44,56.847
2026-05-23 15:48:59.935,1434879391,759935,BME280,28.56,1006.44,56.847
2026-05-23 15:49:00.135,1434879591,760135,BME280,28.56,1006.44,56.847
2026-05-23 15:49:00.335,1434879791,760335,BME280,28.56,1006.44,56.847
2026-05-23 15:49:00.535,1434879991,760535,BME280,28.56,1006.44,56.847
2026-05-23 15:49:00.735,1434880191,760735,BME280,28.56,1006.45,56.808
2026-05-23 15:49:00.935,1434880391,760935,BME280,28.56,1006.45,56.808
2026-05-23 15:49:01.135,1434880591,761135,BME280,28.56,1006.45,56.808
2026-05-23 15:49:01.335,1434880791,761335,BME280,28.56,1006.45,56.808
2026-05-23 15:49:01.535,1434880991,761535,BME280,28.56,1006.45,56.808
2026-05-23 15:49:01.735,1434881191,761735,BME280,28.56,1006.44,56.857
2026-05-23 15:49:01.935,1434881391,761935,BME280,28.56,1006.44,56.857
2026-05-23 15:49:02.135,1434881591,762135,BME280,28.56,1006.44,56.857
2026-05-23 15:49:02.335,1434881791,762335,BME280,28.56,1006.44,56.857
2026-05-23 15:49:02.535,1434881991,762535,BME280,28.56,1006.44,56.857
2026-05-23 15:49:02.735,1434882191,762735,BME280,28.56,1006.41,57.117
2026-05-23 15:49:02.935,1434882391,762935,BME280,28.56,1006.41,57.117
2026-05-23 15:49:03.135,1434882591,763135,BME280,28.56,1006.41,57.117
2026-05-23 15:49:03.335,1434882791,763335,BME280,28.56,1006.41,57.117
2026-05-23 15:49:03.535,1434882991,763535,BME280,28.56,1006.41,57.117
2026-05-23 15:49:03.735,1434883191,763735,BME280,28.57,1006.46,56.674
2026-05-23 15:49:03.935,1434883391,763935,BME280,28.57,1006.46,56.674
2026-05-23 15:49:04.135,1434883591,764135,BME280,28.57,1006.46,56.674
2026-05-23 15:49:04.335,1434883791,764335,BME280,28.57,1006.46,56.674
2026-05-23 15:49:04.535,1434883991,764535,BME280,28.57,1006.46,56.674
2026-05-23 15:49:04.735,1434884191,764735,BME280,28.57,1006.41,57.065
2026-05-23 15:49:04.935,1434884391,764935,BME280,28.57,1006.41,57.065
2026-05-23 15:49:05.135,1434884591,765135,BME280,28.57,1006.41,57.065
2026-05-23 15:49:05.335,1434884791,765335,BME280,28.57,1006.41,57.065
2026-05-23 15:49:05.535,1434884991,765535,BME280,28.57,1006.41,57.065
2026-05-23 15:49:05.735,1434885191,765735,BME280,28.57,1006.41,57.079
2026-05-23 15:49:05.935,1434885391,765935,BME280,28.57,1006.41,57.079
2026-05-23 15:49:06.135,1434885591,766135,BME280,28.57,1006.41,57.079
2026-05-23 15:49:06.335,1434885791,766335,BME280,28.57,1006.41,57.079
2026-05-23 15:49:06.535,1434885991,766535,BME280,28.57,1006.41,57.079
2026-05-23 15:49:06.735,1434886191,766735,BME280,28.55,1006.42,57.005
2026-05-23 15:49:06.935,1434886391,766935,BME280,28.55,1006.42,57.005
2026-05-23 15:49:07.135,1434886591,767135,BME280,28.55,1006.42,57.005
2026-05-23 15:49:07.335,1434886791,767335,BME280,28.55,1006.42,57.005
2026-05-23 15:49:07.535,1434886991,767535,BME280,28.55,1006.42,57.005
2026-05-23 15:49:07.735,1434887191,767735,BME280,28.56,1006.41,57.146
2026-05-23 15:49:07.935,1434887391,767935,BME280,28.56,1006.41,57.146
2026-05-23 15:49:08.135,1434887591,768135,BME280,28.56,1006.41,57.146
2026-05-23 15:49:08.335,1434887791,768335,BME280,28.56,1006.41,57.146
2026-05-23 15:49:08.535,1434887991,768535,BME280,28.56,1006.41,57.146
2026-05-23 15:49:08.735,1434888191,768735,BME280,28.56,1006.42,56.987
2026-05-23 15:49:08.935,1434888391,768935,BME280,28.56,1006.42,56.987
2026-05-23 15:49:09.135,1434888591,769135,BME280,28.56,1006.42,56.987
2026-05-23 15:49:09.335,1434888791,769335,BME280,28.56,1006.42,56.987
2026-05-23 15:49:09.535,1434888991,769535,BME280,28.56,1006.42,56.987
2026-05-23 15:49:09.735,1434889191,769735,BME280,28.56,1006.41,57.112
2026-05-23 15:49:09.935,1434889391,769935,BME280,28.56,1006.41,57.112
2026-05-23 15:49:10.135,1434889591,770135,BME280,28.56,1006.41,57.112
2026-05-23 15:49:10.335,1434889791,770335,BME280,28.56,1006.41,57.112
2026-05-23 15:49:10.535,1434889991,770535,BME280,28.56,1006.41,57.112
2026-05-23 15:49:10.735,1434890191,770735,BME280,28.56,1006.41,57.146
2026-05-23 15:49:10.935,1434890391,770935,BME280,28.56,1006.41,57.146
2026-05-23 15:49:11.135,1434890591,771135,BME280,28.56,1006.41,57.146
2026-05-23 15:49:11.335,1434890791,771335,BME280,28.56,1006.41,57.146
2026-05-23 15:49:11.535,1434890991,771535,BME280,28.56,1006.41,57.146
2026-05-23 15:49:11.735,1434891191,771735,BME280,28.56,1006.41,57.146
2026-05-23 15:49:11.935,1434891391,771935,BME280,28.56,1006.41,57.146
2026-05-23 15:49:12.135,1434891591,772135,BME280,28.56,1006.41,57.146
2026-05-23 15:49:12.335,1434891791,772335,BME280,28.56,1006.41,57.146
2026-05-23 15:49:12.535,1434891991,772535,BME280,28.56,1006.41,57.146
2026-05-23 15:49:12.735,1434892191,772735,BME280,28.55,1006.4,57.217
2026-05-23 15:49:12.935,1434892391,772935,BME280,28.55,1006.4,57.217
2026-05-23 15:49:13.135,1434892591,773135,BME280,28.55,1006.4,57.217
2026-05-23 15:49:13.335,1434892791,773335,BME280,28.55,1006.4,57.217
2026-05-23 15:49:13.535,1434892991,773535,BME280,28.55,1006.4,57.217
2026-05-23 15:49:13.735,1434893191,773735,BME280,28.56,1006.39,57.248
2026-05-23 15:49:13.935,1434893391,773935,BME280,28.56,1006.39,57.248
2026-05-23 15:49:14.135,1434893591,774135,BME280,28.56,1006.39,57.248
2026-05-23 15:49:14.335,1434893791,774335,BME280,28.56,1006.39,57.248
2026-05-23 15:49:14.535,1434893991,774535,BME280,28.56,1006.39,57.248
2026-05-23 15:49:14.735,1434894191,774735,BME280,28.54,1006.37,57.438
2026-05-23 15:49:14.935,1434894391,774935,BME280,28.54,1006.37,57.438
2026-05-23 15:49:15.135,1434894591,775135,BME280,28.54,1006.37,57.438
2026-05-23 15:49:15.335,1434894791,775335,BME280,28.54,1006.37,57.438
2026-05-23 15:49:15.535,1434894991,775535,BME280,28.54,1006.37,57.438
2026-05-23 15:49:15.735,1434895191,775735,BME280,28.55,1006.4,57.188
2026-05-23 15:49:15.935,1434895391,775935,BME280,28.55,1006.4,57.188
2026-05-23 15:49:16.135,1434895591,776135,BME280,28.55,1006.4,57.188
2026-05-23 15:49:16.335,1434895791,776335,BME280,28.55,1006.4,57.188
2026-05-23 15:49:16.535,1434895991,776535,BME280,28.55,1006.4,57.188
2026-05-23 15:49:16.735,1434896191,776735,BME280,28.54,1006.39,57.312
2026-05-23 15:49:16.935,1434896391,776935,BME280,28.54,1006.39,57.312
2026-05-23 15:49:17.135,1434896591,777135,BME280,28.54,1006.39,57.312
2026-05-23 15:49:17.335,1434896791,777335,BME280,28.54,1006.39,57.312
2026-05-23 15:49:17.535,1434896991,777535,BME280,28.54,1006.39,57.312
2026-05-23 15:49:17.735,1434897191,777735,BME280,28.52,1006.38,57.34
2026-05-23 15:49:17.935,1434897391,777935,BME280,28.52,1006.38,57.34
2026-05-23 15:49:18.135,1434897591,778135,BME280,28.52,1006.38,57.34
2026-05-23 15:49:18.335,1434897791,778335,BME280,28.52,1006.38,57.34
2026-05-23 15:49:18.535,1434897991,778535,BME280,28.52,1006.38,57.34
2026-05-23 15:49:18.735,1434898191,778735,BME280,28.52,1006.43,56.935
2026-05-23 15:49:18.935,1434898391,778935,BME280,28.52,1006.43,56.935
2026-05-23 15:49:19.135,1434898591,779135,BME280,28.52,1006.43,56.935
2026-05-23 15:49:19.335,1434898791,779335,BME280,28.52,1006.43,56.935
2026-05-23 15:49:19.535,1434898991,779535,BME280,28.52,1006.43,56.935
2026-05-23 15:49:19.735,1434899191,779735,BME280,28.51,1006.42,57.059
2026-05-23 15:49:22.339,1434901795,782339,BME280,28.5,1006.43,56.925
2026-05-23 15:49:22.539,1434901995,782539,BME280,28.5,1006.43,56.925
2026-05-23 15:49:22.739,1434902195,782739,BME280,28.49,1006.44,56.823
2026-05-23 15:49:22.939,1434902395,782939,BME280,28.49,1006.44,56.823
2026-05-23 15:49:23.139,1434902595,783139,BME280,28.49,1006.44,56.823
2026-05-23 15:49:23.339,1434902795,783339,BME280,28.49,1006.44,56.823
2026-05-23 15:49:23.539,1434902995,783539,BME280,28.49,1006.44,56.823
2026-05-23 15:49:23.739,1434903195,783739,BME280,28.48,1006.42,57.058
2026-05-23 15:49:23.939,1434903395,783939,BME280,28.48,1006.42,57.058
2026-05-23 15:49:24.139,1434903595,784139,BME280,28.48,1006.42,57.058
2026-05-23 15:49:24.339,1434903795,784339,BME280,28.48,1006.42,57.058
2026-05-23 15:49:24.539,1434903995,784539,BME280,28.48,1006.43,56.97
2026-05-23 15:49:24.739,1434904195,784739,BME280,28.48,1006.43,56.97
2026-05-23 15:49:24.939,1434904395,784939,BME280,28.48,1006.43,56.97
2026-05-23 15:49:25.139,1434904595,785139,BME280,28.48,1006.43,56.97
2026-05-23 15:49:25.339,1434904795,785339,BME280,28.48,1006.43,56.97
2026-05-23 15:49:25.539,1434904995,785539,BME280,28.46,1006.45,56.781
2026-05-23 15:49:25.739,1434905195,785739,BME280,28.46,1006.45,56.781
2026-05-23 15:49:25.939,1434905395,785939,BME280,28.46,1006.45,56.781
2026-05-23 15:49:26.139,1434905595,786139,BME280,28.46,1006.45,56.781
2026-05-23 15:49:26.339,1434905795,786339,BME280,28.46,1006.45,56.781
2026-05-23 15:49:26.539,1434905995,786539,BME280,28.47,1006.45,56.791
2026-05-23 15:49:26.739,1434906195,786739,BME280,28.47,1006.45,56.791
2026-05-23 15:49:26.939,1434906395,786939,BME280,28.47,1006.45,56.791
2026-05-23 15:49:27.139,1434906595,787139,BME280,28.47,1006.45,56.791
2026-05-23 15:49:27.339,1434906795,787339,BME280,28.47,1006.45,56.791
2026-05-23 15:49:27.539,1434906995,787539,BME280,28.46,1006.46,56.718
2026-05-23 15:49:27.739,1434907195,787739,BME280,28.46,1006.46,56.718
2026-05-23 15:49:27.939,1434907395,787939,BME280,28.46,1006.46,56.718
2026-05-23 15:49:28.139,1434907595,788139,BME280,28.46,1006.46,56.718
2026-05-23 15:49:28.339,1434907795,788339,BME280,28.46,1006.46,56.718
2026-05-23 15:49:28.539,1434907995,788539,BME280,28.45,1006.46,56.727
2026-05-23 15:49:28.739,1434908195,788739,BME280,28.45,1006.46,56.727
2026-05-23 15:49:28.939,1434908395,788939,BME280,28.45,1006.46,56.727
2026-05-23 15:49:29.139,1434908595,789139,BME280,28.45,1006.46,56.727
2026-05-23 15:49:29.339,1434908795,789339,BME280,28.45,1006.46,56.727
2026-05-23 15:49:29.539,1434908995,789539,BME280,28.45,1006.45,56.74
2026-05-23 15:49:29.739,1434909195,789739,BME280,28.45,1006.45,56.74
2026-05-23 15:49:29.939,1434909395,789939,BME280,28.45,1006.45,56.74
2026-05-23 15:49:30.139,1434909595,790139,BME280,28.45,1006.45,56.74
2026-05-23 15:49:30.339,1434909795,790339,BME280,28.45,1006.45,56.74
2026-05-23 15:49:30.539,1434909995,790539,BME280,28.43,1006.46,56.72
2026-05-23 15:49:30.739,1434910195,790739,BME280,28.43,1006.46,56.72
2026-05-23 15:49:30.939,1434910395,790939,BME280,28.43,1006.46,56.72
2026-05-23 15:49:31.139,1434910595,791139,BME280,28.43,1006.46,56.72
2026-05-23 15:49:31.339,1434910795,791339,BME280,28.43,1006.46,56.72
2026-05-23 15:49:31.539,1434910995,791539,BME280,28.42,1006.45,56.767
2026-05-23 15:49:31.739,1434911195,791739,BME280,28.42,1006.45,56.767
2026-05-23 15:49:31.939,1434911395,791939,BME280,28.42,1006.45,56.767
2026-05-23 15:49:32.139,1434911595,792139,BME280,28.42,1006.45,56.767
2026-05-23 15:49:32.339,1434911795,792339,BME280,28.42,1006.45,56.767
2026-05-23 15:49:32.539,1434911995,792539,BME280,28.42,1006.45,56.797
2026-05-23 15:49:32.739,1434912195,792739,BME280,28.42,1006.45,56.797
2026-05-23 15:49:32.939,1434912395,792939,BME280,28.42,1006.45,56.797
2026-05-23 15:49:33.139,1434912595,793139,BME280,28.42,1006.45,56.797
2026-05-23 15:49:33.339,1434912795,793339,BME280,28.42,1006.45,56.797
2026-05-23 15:49:33.539,1434912995,793539,BME280,28.4,1006.44,56.862
2026-05-23 15:49:33.739,1434913195,793739,BME280,28.4,1006.44,56.862
2026-05-23 15:49:33.939,1434913395,793939,BME280,28.4,1006.44,56.862
2026-05-23 15:49:34.139,1434913595,794139,BME280,28.4,1006.44,56.862
2026-05-23 15:49:34.339,1434913795,794339,BME280,28.4,1006.44,56.862
2026-05-23 15:49:34.539,1434913995,794539,BME280,28.39,1006.45,56.798
2026-05-23 15:49:34.739,1434914195,794739,BME280,28.39,1006.45,56.798
2026-05-23 15:49:34.939,1434914395,794939,BME280,28.39,1006.45,56.798
2026-05-23 15:49:35.139,1434914595,795139,BME280,28.39,1006.45,56.798
2026-05-23 15:49:35.339,1434914795,795339,BME280,28.39,1006.45,56.798
2026-05-23 15:49:35.539,1434914995,795539,BME280,28.4,1006.48,56.542
2026-05-23 15:49:35.739,1434915195,795739,BME280,28.4,1006.48,56.542
2026-05-23 15:49:35.939,1434915395,795939,BME280,28.4,1006.48,56.542
2026-05-23 15:49:36.139,1434915595,796139,BME280,28.4,1006.48,56.542
2026-05-23 15:49:36.339,1434915795,796339,BME280,28.4,1006.48,56.542
2026-05-23 15:49:36.539,1434915995,796539,BME280,28.38,1006.47,56.609
2026-05-23 15:49:36.739,1434916195,796739,BME280,28.38,1006.47,56.609
2026-05-23 15:49:36.939,1434916395,796939,BME280,28.38,1006.47,56.609
2026-05-23 15:49:37.139,1434916595,797139,BME280,28.38,1006.47,56.609
2026-05-23 15:49:37.339,1434916795,797339,BME280,28.38,1006.47,56.609
2026-05-23 15:49:37.539,1434916995,797539,BME280,28.38,1006.45,56.782
2026-05-23 15:49:37.739,1434917195,797739,BME280,28.38,1006.45,56.782
2026-05-23 15:49:37.939,1434917395,797939,BME280,28.38,1006.45,56.782
2026-05-23 15:49:38.139,1434917595,798139,BME280,28.38,1006.45,56.782
2026-05-23 15:49:38.339,1434917795,798339,BME280,28.38,1006.45,56.782
2026-05-23 15:49:38.539,1434917995,798539,BME280,28.37,1006.47,56.586
2026-05-23 15:49:38.739,1434918195,798739,BME280,28.37,1006.47,56.586
2026-05-23 15:49:38.939,1434918395,798939,BME280,28.37,1006.47,56.586
2026-05-23 15:49:39.139,1434918595,799139,BME280,28.37,1006.47,56.586
2026-05-23 15:49:39.339,1434918795,799339,BME280,28.37,1006.47,56.586
2026-05-23 15:49:39.539,1434918995,799539,BME280,28.36,1006.44,56.845
2026-05-23 15:49:39.739,1434919195,799739,BME280,28.36,1006.44,56.845
2026-05-23 15:49:39.939,1434919395,799939,BME280,28.36,1006.44,56.845
2026-05-23 15:49:40.139,1434919595,800139,BME280,28.36,1006.44,56.845
2026-05-23 15:49:40.339,1434919795,800339,BME280,28.36,1006.44,56.845
2026-05-23 15:49:40.539,1434919995,800539,BME280,28.36,1006.44,56.839
2026-05-23 15:49:40.739,1434920195,800739,BME280,28.36,1006.44,56.839
2026-05-23 15:49:40.939,1434920395,800939,BME280,28.36,1006.44,56.839
2026-05-23 15:49:41.139,1434920595,801139,BME280,28.36,1006.44,56.839
2026-05-23 15:49:41.339,1434920795,801339,BME280,28.36,1006.44,56.839
2026-05-23 15:49:41.539,1434920995,801539,BME280,28.34,1006.43,56.935
2026-05-23 15:49:41.739,1434921195,801739,BME280,28.34,1006.43,56.935
2026-05-23 15:49:41.939,1434921395,801939,BME280,28.34,1006.43,56.935
2026-05-23 15:49:42.139,1434921595,802139,BME280,28.34,1006.43,56.935
2026-05-23 15:49:42.339,1434921795,802339,BME280,28.34,1006.43,56.935
2026-05-23 15:49:42.539,1434921995,802539,BME280,28.34,1006.47,56.612
2026-05-23 15:49:42.739,1434922195,802739,BME280,28.34,1006.47,56.612
2026-05-23 15:49:42.939,1434922395,802939,BME280,28.34,1006.47,56.612
2026-05-23 15:49:43.139,1434922595,803139,BME280,28.34,1006.47,56.612
2026-05-23 15:49:43.339,1434922795,803339,BME280,28.34,1006.47,56.612
2026-05-23 15:49:43.539,1434922995,803539,BME280,28.33,1006.45,56.794
2026-05-23 15:49:43.739,1434923195,803739,BME280,28.33,1006.45,56.794
2026-05-23 15:49:43.939,1434923395,803939,BME280,28.33,1006.45,56.794
2026-05-23 15:49:44.139,1434923595,804139,BME280,28.33,1006.45,56.794
2026-05-23 15:49:44.339,1434923795,804339,BME280,28.33,1006.45,56.794
2026-05-23 15:49:44.539,1434923995,804539,BME280,28.33,1006.43,56.938
2026-05-23 15:49:44.739,1434924195,804739,BME280,28.33,1006.43,56.938
2026-05-23 15:49:44.939,1434924395,804939,BME280,28.33,1006.43,56.938
2026-05-23 15:49:45.139,1434924595,805139,BME280,28.33,1006.43,56.938
2026-05-23 15:49:45.339,1434924795,805339,BME280,28.33,1006.43,56.938
2026-05-23 15:49:45.539,1434924995,805539,BME280,28.32,1006.46,56.654
2026-05-23 15:49:45.739,1434925195,805739,BME280,28.32,1006.46,56.654
2026-05-23 15:49:45.939,1434925395,805939,BME280,28.32,1006.46,56.654
2026-05-23 15:49:46.139,1434925595,806139,BME280,28.32,1006.46,56.654
2026-05-23 15:49:46.339,1434925795,806339,BME280,28.32,1006.46,56.654
2026-05-23 15:49:46.539,1434925995,806539,BME280,28.32,1006.43,56.942
2026-05-23 15:49:46.739,1434926195,806739,BME280,28.32,1006.43,56.942
2026-05-23 15:49:46.939,1434926395,806939,BME280,28.32,1006.43,56.942
2026-05-23 15:49:47.139,1434926595,807139,BME280,28.32,1006.43,56.942
2026-05-23 15:49:47.339,1434926795,807339,BME280,28.32,1006.43,56.942
2026-05-23 15:49:47.539,1434926995,807539,BME280,28.32,1006.44,56.855
2026-05-23 15:49:47.739,1434927195,807739,BME280,28.32,1006.44,56.855
2026-05-23 15:49:47.939,1434927395,807939,BME280,28.32,1006.44,56.855
2026-05-23 15:49:48.139,1434927595,808139,BME280,28.32,1006.44,56.855
2026-05-23 15:49:48.339,1434927795,808339,BME280,28.32,1006.44,56.855
2026-05-23 15:49:48.539,1434927995,808539,BME280,28.3,1006.43,56.935
2026-05-23 15:49:48.739,1434928195,808739,BME280,28.3,1006.43,56.935
2026-05-23 15:49:48.939,1434928395,808939,BME280,28.3,1006.43,56.935
2026-05-23 15:49:49.139,1434928595,809139,BME280,28.3,1006.43,56.935
2026-05-23 15:49:49.339,1434928795,809339,BME280,28.3,1006.43,56.935
2026-05-23 15:49:49.539,1434928995,809539,BME280,28.3,1006.42,56.998
2026-05-23 15:49:49.739,1434929195,809739,BME280,28.3,1006.42,56.998
2026-05-23 15:49:49.939,1434929395,809939,BME280,28.3,1006.42,56.998
2026-05-23 15:49:50.139,1434929595,810139,BME280,28.3,1006.42,56.998
2026-05-23 15:49:50.339,1434929795,810339,BME280,28.3,1006.42,56.998
2026-05-23 15:49:50.539,1434929995,810539,BME280,28.3,1006.44,56.854
2026-05-23 15:49:50.739,1434930195,810739,BME280,28.3,1006.44,56.854
2026-05-23 15:49:50.939,1434930395,810939,BME280,28.3,1006.44,56.854
2026-05-23 15:49:51.139,1434930595,811139,BME280,28.3,1006.44,56.854
2026-05-23 15:49:51.339,1434930795,811339,BME280,28.3,1006.44,56.854
2026-05-23 15:49:51.539,1434930995,811539,BME280,28.29,1006.45,56.741
2026-05-23 15:49:51.739,1434931195,811739,BME280,28.29,1006.45,56.741
2026-05-23 15:49:51.939,1434931395,811939,BME280,28.29,1006.45,56.741
2026-05-23 15:49:52.139,1434931595,812139,BME280,28.29,1006.45,56.741
2026-05-23 15:49:52.339,1434931795,812339,BME280,28.29,1006.45,56.741
2026-05-23 15:49:52.539,1434931995,812539,BME280,28.28,1006.41,57.063
2026-05-23 15:49:52.739,1434932195,812739,BME280,28.28,1006.41,57.063
2026-05-23 15:49:52.939,1434932395,812939,BME280,28.28,1006.41,57.063
2026-05-23 15:49:53.139,1434932595,813139,BME280,28.28,1006.41,57.063
2026-05-23 15:49:53.339,1434932795,813339,BME280,28.28,1006.41,57.063
2026-05-23 15:49:53.539,1434932995,813539,BME280,28.28,1006.46,56.654
2026-05-23 15:49:53.739,1434933195,813739,BME280,28.28,1006.46,56.654
2026-05-23 15:49:53.939,1434933395,813939,BME280,28.28,1006.46,56.654
2026-05-23 15:49:54.139,1434933595,814139,BME280,28.28,1006.46,56.654
2026-05-23 15:49:54.339,1434933795,814339,BME280,28.28,1006.46,56.654
2026-05-23 15:49:54.539,1434933995,814539,BME280,28.25,1006.43,56.96
2026-05-23 15:49:54.739,1434934195,814739,BME280,28.25,1006.43,56.96
2026-05-23 15:49:54.939,1434934395,814939,BME280,28.25,1006.43,56.96
2026-05-23 15:49:55.139,1434934595,815139,BME280,28.25,1006.43,56.96
2026-05-23 15:49:55.339,1434934795,815339,BME280,28.25,1006.43,56.96
2026-05-23 15:49:55.539,1434934995,815539,BME280,28.24,1006.42,56.99
2026-05-23 15:49:55.739,1434935195,815739,BME280,28.24,1006.42,56.99
2026-05-23 15:49:55.939,1434935395,815939,BME280,28.24,1006.42,56.99
2026-05-23 15:49:56.139,1434935595,816139,BME280,28.24,1006.42,56.99
2026-05-23 15:49:56.339,1434935795,816339,BME280,28.24,1006.42,56.99
2026-05-23 15:49:56.539,1434935995,816539,BME280,28.24,1006.44,56.85
2026-05-23 15:49:56.739,1434936195,816739,BME280,28.24,1006.44,56.85
2026-05-23 15:49:56.939,1434936395,816939,BME280,28.24,1006.44,56.85
2026-05-23 15:49:57.139,1434936595,817139,BME280,28.24,1006.44,56.85
2026-05-23 15:49:57.339,1434936795,817339,BME280,28.24,1006.44,56.85
2026-05-23 15:49:57.539,1434936995,817539,BME280,28.24,1006.44,56.825
2026-05-23 15:49:57.739,1434937195,817739,BME280,28.24,1006.44,56.825
2026-05-23 15:49:57.939,1434937395,817939,BME280,28.24,1006.44,56.825
2026-05-23 15:49:58.139,1434937595,818139,BME280,28.24,1006.44,56.825
2026-05-23 15:49:58.339,1434937795,818339,BME280,28.24,1006.44,56.825
2026-05-23 15:49:58.539,1434937995,818539,BME280,28.24,1006.43,56.936
2026-05-23 15:49:58.739,1434938195,818739,BME280,28.24,1006.43,56.936
2026-05-23 15:49:58.939,1434938395,818939,BME280,28.24,1006.43,56.936
2026-05-23 15:49:59.139,1434938595,819139,BME280,28.24,1006.43,56.936
2026-05-23 15:49:59.339,1434938795,819339,BME280,28.24,1006.43,56.936
2026-05-23 15:49:59.539,1434938995,819539,BME280,28.22,1006.41,57.103
2026-05-23 15:49:59.739,1434939195,819739,BME280,28.22,1006.41,57.103
2026-05-23 15:49:59.939,1434939395,819939,BME280,28.22,1006.41,57.103
2026-05-23 15:50:00.139,1434939595,820139,BME280,28.22,1006.41,57.103
2026-05-23 15:50:00.339,1434939795,820339,BME280,28.22,1006.41,57.103
2026-05-23 15:50:00.539,1434939995,820539,BME280,28.22,1006.44,56.848
2026-05-23 15:50:00.739,1434940195,820739,BME280,28.22,1006.44,56.848
2026-05-23 15:50:00.939,1434940395,820939,BME280,28.22,1006.44,56.848
2026-05-23 15:50:01.139,1434940595,821139,BME280,28.22,1006.44,56.848
2026-05-23 15:50:01.339,1434940795,821339,BME280,28.22,1006.44,56.848
2026-05-23 15:50:01.539,1434940995,821539,BME280,28.21,1006.43,56.9
2026-05-23 15:50:01.739,1434941195,821739,BME280,28.21,1006.43,56.9
2026-05-23 15:50:01.939,1434941395,821939,BME280,28.21,1006.43,56.9
2026-05-23 15:50:02.139,1434941595,822139,BME280,28.21,1006.43,56.9
2026-05-23 15:50:02.339,1434941795,822339,BME280,28.21,1006.43,56.9
2026-05-23 15:50:02.539,1434941995,822539,BME280,28.21,1006.43,56.904
2026-05-23 15:50:02.739,1434942195,822739,BME280,28.21,1006.43,56.904
2026-05-23 15:50:02.939,1434942395,822939,BME280,28.21,1006.43,56.904
2026-05-23 15:50:03.139,1434942595,823139,BME280,28.21,1006.43,56.904
2026-05-23 15:50:03.339,1434942795,823339,BME280,28.21,1006.43,56.904
2026-05-23 15:50:03.539,1434942995,823539,BME280,28.21,1006.42,56.995
2026-05-23 15:50:03.739,1434943195,823739,BME280,28.21,1006.42,56.995
2026-05-23 15:50:03.939,1434943395,823939,BME280,28.21,1006.42,56.995
2026-05-23 15:50:04.139,1434943595,824139,BME280,28.21,1006.42,56.995
2026-05-23 15:50:04.339,1434943795,824339,BME280,28.21,1006.42,56.995
2026-05-23 15:50:04.539,1434943995,824539,BME280,28.21,1006.45,56.779
2026-05-23 15:50:04.739,1434944195,824739,BME280,28.21,1006.45,56.779
2026-05-23 15:50:04.939,1434944395,824939,BME280,28.21,1006.45,56.779
2026-05-23 15:50:05.139,1434944595,825139,BME280,28.21,1006.45,56.779
2026-05-23 15:50:05.339,1434944795,825339,BME280,28.21,1006.45,56.779
2026-05-23 15:50:05.539,1434944995,825539,BME280,28.21,1006.45,56.75
2026-05-23 15:50:05.739,1434945195,825739,BME280,28.21,1006.45,56.75
2026-05-23 15:50:05.939,1434945395,825939,BME280,28.21,1006.45,56.75
2026-05-23 15:50:06.139,1434945595,826139,BME280,28.21,1006.45,56.75
2026-05-23 15:50:06.339,1434945795,826339,BME280,28.21,1006.45,56.75
2026-05-23 15:50:06.539,1434945995,826539,BME280,28.2,1006.46,56.701
2026-05-23 15:50:06.739,1434946195,826739,BME280,28.2,1006.46,56.701
2026-05-23 15:50:06.939,1434946395,826939,BME280,28.2,1006.46,56.701
2026-05-23 15:50:07.139,1434946595,827139,BME280,28.2,1006.46,56.701
2026-05-23 15:50:07.339,1434946795,827339,BME280,28.2,1006.46,56.701
2026-05-23 15:50:07.539,1434946995,827539,BME280,28.2,1006.44,56.879
2026-05-23 15:50:07.739,1434947195,827739,BME280,28.2,1006.44,56.879
2026-05-23 15:50:07.939,1434947395,827939,BME280,28.2,1006.44,56.879
2026-05-23 15:50:08.139,1434947595,828139,BME280,28.2,1006.44,56.879
2026-05-23 15:50:08.339,1434947795,828339,BME280,28.2,1006.44,56.893
2026-05-23 15:50:08.539,1434947995,828539,BME280,28.2,1006.44,56.893
2026-05-23 15:50:08.739,1434948195,828739,BME280,28.2,1006.44,56.893
2026-05-23 15:50:08.939,1434948395,828939,BME280,28.2,1006.44,56.893
2026-05-23 15:50:09.139,1434948595,829139,BME280,28.2,1006.44,56.893
2026-05-23 15:50:09.339,1434948795,829339,BME280,28.2,1006.44,56.841
2026-05-23 15:50:09.539,1434948995,829539,BME280,28.2,1006.44,56.841
2026-05-23 15:50:09.739,1434949195,829739,BME280,28.2,1006.44,56.841
2026-05-23 15:50:09.939,1434949395,829939,BME280,28.2,1006.44,56.841
2026-05-23 15:50:10.139,1434949595,830139,BME280,28.2,1006.44,56.841
2026-05-23 15:50:10.339,1434949795,830339,BME280,28.2,1006.44,56.884
2026-05-23 15:50:10.539,1434949995,830539,BME280,28.2,1006.44,56.884
2026-05-23 15:50:10.739,1434950195,830739,BME280,28.2,1006.44,56.884
2026-05-23 15:50:10.939,1434950395,830939,BME280,28.2,1006.44,56.884
2026-05-23 15:50:11.139,1434950595,831139,BME280,28.2,1006.44,56.884
2026-05-23 15:50:11.339,1434950795,831339,BME280,28.19,1006.44,56.859
2026-05-23 15:50:11.539,1434950995,831539,BME280,28.19,1006.44,56.859
2026-05-23 15:50:11.739,1434951195,831739,BME280,28.19,1006.44,56.859
2026-05-23 15:50:11.939,1434951395,831939,BME280,28.19,1006.44,56.859
2026-05-23 15:50:12.139,1434951595,832139,BME280,28.19,1006.44,56.859
2026-05-23 15:50:12.339,1434951795,832339,BME280,28.18,1006.45,56.791
2026-05-23 15:50:12.539,1434951995,832539,BME280,28.18,1006.45,56.791
2026-05-23 15:50:12.739,1434952195,832739,BME280,28.18,1006.45,56.791
2026-05-23 15:50:12.939,1434952395,832939,BME280,28.18,1006.45,56.791
2026-05-23 15:50:13.139,1434952595,833139,BME280,28.18,1006.45,56.791
2026-05-23 15:50:13.339,1434952795,833339,BME280,28.17,1006.45,56.778
2026-05-23 15:50:13.539,1434952995,833539,BME280,28.17,1006.45,56.778
2026-05-23 15:50:13.739,1434953195,833739,BME280,28.17,1006.45,56.778
2026-05-23 15:50:13.939,1434953395,833939,BME280,28.17,1006.45,56.778
2026-05-23 15:50:14.139,1434953595,834139,BME280,28.17,1006.45,56.778
2026-05-23 15:50:14.339,1434953795,834339,BME280,28.18,1006.5,56.377
2026-05-23 15:50:14.539,1434953995,834539,BME280,28.18,1006.5,56.377
2026-05-23 15:50:14.739,1434954195,834739,BME280,28.18,1006.5,56.377
2026-05-23 15:50:14.939,1434954395,834939,BME280,28.18,1006.5,56.377
2026-05-23 15:50:15.139,1434954595,835139,BME280,28.18,1006.5,56.377
2026-05-23 15:50:15.339,1434954795,835339,BME280,28.17,1006.47,56.624
2026-05-23 15:50:15.539,1434954995,835539,BME280,28.17,1006.47,56.624
2026-05-23 15:50:15.739,1434955195,835739,BME280,28.17,1006.47,56.624
2026-05-23 15:50:15.939,1434955395,835939,BME280,28.17,1006.47,56.624
2026-05-23 15:50:16.139,1434955595,836139,BME280,28.17,1006.47,56.624
2026-05-23 15:50:16.339,1434955795,836339,BME280,28.17,1006.47,56.638
2026-05-23 15:50:16.539,1434955995,836539,BME280,28.17,1006.47,56.638
2026-05-23 15:50:16.739,1434956195,836739,BME280,28.17,1006.47,56.638
2026-05-23 15:50:16.939,1434956395,836939,BME280,28.17,1006.47,56.638
2026-05-23 15:50:17.139,1434956595,837139,BME280,28.17,1006.47,56.638
2026-05-23 15:50:17.339,1434956795,837339,BME280,28.17,1006.45,56.764
2026-05-23 15:50:17.539,1434956995,837539,BME280,28.17,1006.45,56.764
2026-05-23 15:50:17.739,1434957195,837739,BME280,28.17,1006.45,56.764
2026-05-23 15:50:17.939,1434957395,837939,BME280,28.17,1006.45,56.764
2026-05-23 15:50:18.139,1434957595,838139,BME280,28.17,1006.45,56.764
2026-05-23 15:50:18.339,1434957795,838339,BME280,28.17,1006.45,56.744
2026-05-23 15:50:18.539,1434957995,838539,BME280,28.17,1006.45,56.744
2026-05-23 15:50:18.739,1434958195,838739,BME280,28.17,1006.45,56.744
2026-05-23 15:50:18.939,1434958395,838939,BME280,28.17,1006.45,56.744
2026-05-23 15:50:19.139,1434958595,839139,BME280,28.17,1006.45,56.744
2026-05-23 15:50:19.339,1434958795,839339,BME280,28.16,1006.46,56.696
2026-05-23 15:50:19.539,1434958995,839539,BME280,28.16,1006.46,56.696
2026-05-23 15:50:19.739,1434959195,839739,BME280,28.16,1006.46,56.696
2026-05-23 15:50:19.939,1434959395,839939,BME280,28.16,1006.46,56.696
2026-05-23 15:50:20.139,1434959595,840139,BME280,28.16,1006.46,56.696
2026-05-23 15:50:20.339,1434959795,840339,BME280,28.16,1006.47,56.609
2026-05-23 15:50:20.539,1434959995,840539,BME280,28.16,1006.47,56.609
2026-05-23 15:50:20.739,1434960195,840739,BME280,28.16,1006.47,56.609
2026-05-23 15:50:20.939,1434960395,840939,BME280,28.16,1006.47,56.609
2026-05-23 15:50:21.139,1434960595,841139,BME280,28.16,1006.47,56.609
2026-05-23 15:50:21.339,1434960795,841339,BME280,28.16,1006.48,56.551
2026-05-23 15:50:21.539,1434960995,841539,BME280,28.16,1006.48,56.551
2026-05-23 15:50:21.739,1434961195,841739,BME280,28.16,1006.48,56.551
2026-05-23 15:50:21.939,1434961395,841939,BME280,28.16,1006.48,56.551
2026-05-23 15:50:22.139,1434961595,842139,BME280,28.16,1006.48,56.551
2026-05-23 15:50:22.339,1434961795,842339,BME280,28.15,1006.47,56.627
2026-05-23 15:50:22.539,1434961995,842539,BME280,28.15,1006.47,56.627
2026-05-23 15:50:22.739,1434962195,842739,BME280,28.15,1006.47,56.627
2026-05-23 15:50:22.939,1434962395,842939,BME280,28.15,1006.47,56.627
2026-05-23 15:50:23.139,1434962595,843139,BME280,28.15,1006.47,56.627
2026-05-23 15:50:23.339,1434962795,843339,BME280,28.15,1006.43,56.925
2026-05-23 15:50:23.539,1434962995,843539,BME280,28.15,1006.43,56.925
2026-05-23 15:50:23.739,1434963195,843739,BME280,28.15,1006.43,56.925
2026-05-23 15:50:23.939,1434963395,843939,BME280,28.15,1006.43,56.925
2026-05-23 15:50:24.139,1434963595,844139,BME280,28.15,1006.43,56.925
2026-05-23 15:50:24.339,1434963795,844339,BME280,28.14,1006.46,56.693
2026-05-23 15:50:24.539,1434963995,844539,BME280,28.14,1006.46,56.693
2026-05-23 15:50:24.739,1434964195,844739,BME280,28.14,1006.46,56.693
2026-05-23 15:50:24.939,1434964395,844939,BME280,28.14,1006.46,56.693
2026-05-23 15:50:25.139,1434964595,845139,BME280,28.14,1006.46,56.693
2026-05-23 15:50:25.339,1434964795,845339,BME280,28.14,1006.44,56.819
2026-05-23 15:50:25.539,1434964995,845539,BME280,28.14,1006.44,56.819
2026-05-23 15:50:25.739,1434965195,845739,BME280,28.14,1006.44,56.819
2026-05-23 15:50:25.939,1434965395,845939,BME280,28.14,1006.44,56.819
2026-05-23 15:50:26.139,1434965595,846139,BME280,28.14,1006.44,56.819
2026-05-23 15:50:26.339,1434965795,846339,BME280,28.13,1006.44,56.837
2026-05-23 15:50:26.539,1434965995,846539,BME280,28.13,1006.44,56.837
2026-05-23 15:50:26.739,1434966195,846739,BME280,28.13,1006.44,56.837
2026-05-23 15:50:26.939,1434966395,846939,BME280,28.13,1006.44,56.837
2026-05-23 15:50:27.139,1434966595,847139,BME280,28.13,1006.44,56.837
2026-05-23 15:50:27.339,1434966795,847339,BME280,28.12,1006.42,57.029
2026-05-23 15:50:27.539,1434966995,847539,BME280,28.12,1006.42,57.029
2026-05-23 15:50:27.739,1434967195,847739,BME280,28.12,1006.42,57.029
2026-05-23 15:50:27.939,1434967395,847939,BME280,28.12,1006.42,57.029
2026-05-23 15:50:28.139,1434967595,848139,BME280,28.12,1006.42,57.029
2026-05-23 15:50:28.339,1434967795,848339,BME280,28.12,1006.43,56.947
2026-05-23 15:50:28.539,1434967995,848539,BME280,28.12,1006.43,56.947
2026-05-23 15:50:28.739,1434968195,848739,BME280,28.12,1006.43,56.947
2026-05-23 15:50:28.939,1434968395,848939,BME280,28.12,1006.43,56.947
2026-05-23 15:50:29.139,1434968595,849139,BME280,28.12,1006.43,56.947
2026-05-23 15:50:29.339,1434968795,849339,BME280,28.11,1006.44,56.871
2026-05-23 15:50:29.539,1434968995,849539,BME280,28.11,1006.44,56.871
2026-05-23 15:50:29.739,1434969195,849739,BME280,28.11,1006.44,56.871
2026-05-23 15:50:29.939,1434969395,849939,BME280,28.11,1006.44,56.871
2026-05-23 15:50:30.139,1434969595,850139,BME280,28.11,1006.44,56.871
2026-05-23 15:50:30.339,1434969795,850339,BME280,28.11,1006.45,56.751
2026-05-23 15:50:30.539,1434969995,850539,BME280,28.11,1006.45,56.751
2026-05-23 15:50:30.739,1434970195,850739,BME280,28.11,1006.45,56.751
2026-05-23 15:50:30.939,1434970395,850939,BME280,28.11,1006.45,56.751
2026-05-23 15:50:31.139,1434970595,851139,BME280,28.11,1006.45,56.751
2026-05-23 15:50:31.339,1434970795,851339,BME280,28.11,1006.44,56.857
2026-05-23 15:50:31.539,1434970995,851539,BME280,28.11,1006.44,56.857
2026-05-23 15:50:31.739,1434971195,851739,BME280,28.11,1006.44,56.857
2026-05-23 15:50:31.939,1434971395,851939,BME280,28.11,1006.44,56.857
2026-05-23 15:50:32.139,1434971595,852139,BME280,28.11,1006.44,56.857
2026-05-23 15:50:32.339,1434971795,852339,BME280,28.1,1006.43,56.976
2026-05-23 15:50:32.539,1434971995,852539,BME280,28.1,1006.43,56.976
2026-05-23 15:50:32.739,1434972195,852739,BME280,28.1,1006.43,56.976
2026-05-23 15:50:32.939,1434972395,852939,BME280,28.1,1006.43,56.976
2026-05-23 15:50:33.139,1434972595,853139,BME280,28.1,1006.43,56.976
2026-05-23 15:50:33.339,1434972795,853339,BME280,28.09,1006.43,56.961
2026-05-23 15:50:33.539,1434972995,853539,BME280,28.09,1006.43,56.961
2026-05-23 15:50:33.739,1434973195,853739,BME280,28.09,1006.43,56.961
2026-05-23 15:50:33.939,1434973395,853939,BME280,28.09,1006.43,56.961
2026-05-23 15:50:34.139,1434973595,854139,BME280,28.09,1006.43,56.961
2026-05-23 15:50:34.339,1434973795,854339,BME280,28.09,1006.43,56.965
2026-05-23 15:50:34.539,1434973995,854539,BME280,28.09,1006.43,56.965
2026-05-23 15:50:34.739,1434974195,854739,BME280,28.09,1006.43,56.965
2026-05-23 15:50:34.939,1434974395,854939,BME280,28.09,1006.43,56.965
2026-05-23 15:50:35.139,1434974595,855139,BME280,28.09,1006.43,56.965
2026-05-23 15:50:35.339,1434974795,855339,BME280,28.06,1006.4,57.18
2026-05-23 15:50:35.539,1434974995,855539,BME280,28.06,1006.4,57.18
2026-05-23 15:50:35.739,1434975195,855739,BME280,28.06,1006.4,57.18
2026-05-23 15:50:35.939,1434975395,855939,BME280,28.06,1006.4,57.18
2026-05-23 15:50:36.139,1434975595,856139,BME280,28.06,1006.4,57.18
2026-05-23 15:50:36.339,1434975795,856339,BME280,28.06,1006.42,57.05
2026-05-23 15:50:36.539,1434975995,856539,BME280,28.06,1006.42,57.05
2026-05-23 15:50:36.739,1434976195,856739,BME280,28.06,1006.42,57.05
2026-05-23 15:50:36.939,1434976395,856939,BME280,28.06,1006.42,57.05
2026-05-23 15:50:37.139,1434976595,857139,BME280,28.06,1006.42,57.05
2026-05-23 15:50:37.339,1434976795,857339,BME280,28.05,1006.43,56.938
2026-05-23 15:50:37.539,1434976995,857539,BME280,28.05,1006.43,56.938
2026-05-23 15:50:37.739,1434977195,857739,BME280,28.05,1006.43,56.938
2026-05-23 15:50:37.939,1434977395,857939,BME280,28.05,1006.43,56.938
2026-05-23 15:50:38.139,1434977595,858139,BME280,28.05,1006.43,56.938
2026-05-23 15:50:38.339,1434977795,858339,BME280,28.05,1006.42,57.019
2026-05-23 15:50:38.539,1434977995,858539,BME280,28.05,1006.42,57.019
2026-05-23 15:50:38.739,1434978195,858739,BME280,28.05,1006.42,57.019
2026-05-23 15:50:38.939,1434978395,858939,BME280,28.05,1006.42,57.019
2026-05-23 15:50:39.139,1434978595,859139,BME280,28.05,1006.42,57.019
2026-05-23 15:50:39.339,1434978795,859339,BME280,28.04,1006.43,56.956
2026-05-23 15:50:39.539,1434978995,859539,BME280,28.04,1006.43,56.956
2026-05-23 15:50:39.739,1434979195,859739,BME280,28.04,1006.43,56.956
2026-05-23 15:50:39.939,1434979395,859939,BME280,28.04,1006.43,56.956
2026-05-23 15:50:40.139,1434979595,860139,BME280,28.04,1006.43,56.956
2026-05-23 15:50:40.339,1434979795,860339,BME280,28.03,1006.43,56.921
2026-05-23 15:50:40.539,1434979995,860539,BME280,28.03,1006.43,56.921
2026-05-23 15:50:40.739,1434980195,860739,BME280,28.03,1006.43,56.921
2026-05-23 15:50:40.939,1434980395,860939,BME280,28.03,1006.43,56.921
2026-05-23 15:50:41.139,1434980595,861139,BME280,28.03,1006.43,56.921
2026-05-23 15:50:41.339,1434980795,861339,BME280,28.03,1006.43,56.931
2026-05-23 15:50:41.539,1434980995,861539,BME280,28.03,1006.43,56.931
2026-05-23 15:50:41.739,1434981195,861739,BME280,28.03,1006.43,56.931
2026-05-23 15:50:41.939,1434981395,861939,BME280,28.03,1006.43,56.931
2026-05-23 15:50:42.139,1434981595,862139,BME280,28.03,1006.43,56.931
2026-05-23 15:50:42.339,1434981795,862339,BME280,28.02,1006.43,56.925
2026-05-23 15:50:42.539,1434981995,862539,BME280,28.02,1006.43,56.925
2026-05-23 15:50:42.739,1434982195,862739,BME280,28.02,1006.43,56.925
2026-05-23 15:50:42.939,1434982395,862939,BME280,28.02,1006.43,56.925
2026-05-23 15:50:43.139,1434982595,863139,BME280,28.02,1006.43,56.925
2026-05-23 15:50:43.339,1434982795,863339,BME280,28.03,1006.43,56.902
2026-05-23 15:50:43.539,1434982995,863539,BME280,28.03,1006.43,56.902
2026-05-23 15:50:43.739,1434983195,863739,BME280,28.03,1006.43,56.902
2026-05-23 15:50:43.939,1434983395,863939,BME280,28.03,1006.43,56.902
2026-05-23 15:50:44.139,1434983595,864139,BME280,28.03,1006.43,56.902
2026-05-23 15:50:44.339,1434983795,864339,BME280,28.02,1006.42,57.031
2026-05-23 15:50:44.539,1434983995,864539,BME280,28.02,1006.42,57.031
2026-05-23 15:50:44.739,1434984195,864739,BME280,28.02,1006.42,57.031
2026-05-23 15:50:44.939,1434984395,864939,BME280,28.02,1006.42,57.031
2026-05-23 15:50:45.139,1434984595,865139,BME280,28.02,1006.42,57.031
2026-05-23 15:50:45.339,1434984795,865339,BME280,28.01,1006.46,56.717
2026-05-23 15:50:45.539,1434984995,865539,BME280,28.01,1006.46,56.717
2026-05-23 15:50:45.739,1434985195,865739,BME280,28.01,1006.46,56.717
2026-05-23 15:50:45.939,1434985395,865939,BME280,28.01,1006.46,56.717
2026-05-23 15:50:46.139,1434985595,866139,BME280,28.01,1006.46,56.717
2026-05-23 15:50:46.339,1434985795,866339,BME280,28.01,1006.41,57.137
2026-05-23 15:50:46.539,1434985995,866539,BME280,28.01,1006.41,57.137
2026-05-23 15:50:46.739,1434986195,866739,BME280,28.01,1006.41,57.137
2026-05-23 15:50:46.939,1434986395,866939,BME280,28.01,1006.41,57.137
2026-05-23 15:50:47.139,1434986595,867139,BME280,28.01,1006.41,57.137
2026-05-23 15:50:47.339,1434986795,867339,BME280,28.01,1006.45,56.789
2026-05-23 15:50:47.539,1434986995,867539,BME280,28.01,1006.45,56.789
2026-05-23 15:50:47.739,1434987195,867739,BME280,28.01,1006.45,56.789
2026-05-23 15:50:47.939,1434987395,867939,BME280,28.01,1006.45,56.789
2026-05-23 15:50:48.139,1434987595,868139,BME280,28.01,1006.45,56.789
2026-05-23 15:50:48.339,1434987795,868339,BME280,28.0,1006.42,57.006
2026-05-23 15:50:48.539,1434987995,868539,BME280,28.0,1006.42,57.006
2026-05-23 15:50:48.739,1434988195,868739,BME280,28.0,1006.42,57.006
2026-05-23 15:50:48.939,1434988395,868939,BME280,28.0,1006.42,57.006
2026-05-23 15:50:49.139,1434988595,869139,BME280,28.0,1006.42,57.006
2026-05-23 15:50:49.339,1434988795,869339,BME280,28.0,1006.45,56.784
2026-05-23 15:50:49.539,1434988995,869539,BME280,28.0,1006.45,56.784
2026-05-23 15:50:49.739,1434989195,869739,BME280,28.0,1006.45,56.784
2026-05-23 15:50:49.939,1434989395,869939,BME280,28.0,1006.45,56.784
2026-05-23 15:50:50.139,1434989595,870139,BME280,28.0,1006.45,56.784
2026-05-23 15:50:50.339,1434989795,870339,BME280,28.0,1006.46,56.697
2026-05-23 15:50:50.539,1434989995,870539,BME280,28.0,1006.46,56.697
2026-05-23 15:50:50.739,1434990195,870739,BME280,28.0,1006.46,56.697
2026-05-23 15:50:50.939,1434990395,870939,BME280,28.0,1006.46,56.697
2026-05-23 15:50:51.139,1434990595,871139,BME280,28.0,1006.46,56.697
2026-05-23 15:50:51.339,1434990795,871339,BME280,28.0,1006.45,56.784
2026-05-23 15:50:51.539,1434990995,871539,BME280,28.0,1006.45,56.784
2026-05-23 15:50:51.739,1434991195,871739,BME280,28.0,1006.45,56.784
2026-05-23 15:50:51.939,1434991395,871939,BME280,28.0,1006.45,56.784
2026-05-23 15:50:52.139,1434991595,872139,BME280,28.0,1006.45,56.784
2026-05-23 15:50:52.339,1434991795,872339,BME280,27.99,1006.44,56.87
2026-05-23 15:50:52.539,1434991995,872539,BME280,27.99,1006.44,56.87
2026-05-23 15:50:52.739,1434992195,872739,BME280,27.99,1006.44,56.87
2026-05-23 15:50:52.939,1434992395,872939,BME280,27.99,1006.44,56.87
2026-05-23 15:50:53.139,1434992595,873139,BME280,27.99,1006.44,56.87
2026-05-23 15:50:53.339,1434992795,873339,BME280,28.0,1006.45,56.774
2026-05-23 15:50:53.539,1434992995,873539,BME280,28.0,1006.45,56.774
2026-05-23 15:50:53.739,1434993195,873739,BME280,28.0,1006.45,56.774
2026-05-23 15:50:53.939,1434993395,873939,BME280,28.0,1006.45,56.774
2026-05-23 15:50:54.139,1434993595,874139,BME280,28.0,1006.44,56.813
2026-05-23 15:50:54.339,1434993795,874339,BME280,28.0,1006.44,56.813
2026-05-23 15:50:54.539,1434993995,874539,BME280,28.0,1006.44,56.813
2026-05-23 15:50:54.739,1434994195,874739,BME280,28.0,1006.44,56.813
2026-05-23 15:50:54.939,1434994395,874939,BME280,28.0,1006.44,56.813
2026-05-23 15:50:55.139,1434994595,875139,BME280,28.0,1006.44,56.843
2026-05-23 15:50:55.339,1434994795,875339,BME280,28.0,1006.44,56.843
2026-05-23 15:50:55.539,1434994995,875539,BME280,28.0,1006.44,56.843
2026-05-23 15:50:55.739,1434995195,875739,BME280,28.0,1006.44,56.843
2026-05-23 15:50:55.939,1434995395,875939,BME280,28.0,1006.44,56.843
2026-05-23 15:50:56.139,1434995595,876139,BME280,28.0,1006.43,56.953
2026-05-23 15:50:56.339,1434995795,876339,BME280,28.0,1006.43,56.953
2026-05-23 15:50:56.539,1434995995,876539,BME280,28.0,1006.43,56.953
2026-05-23 15:50:56.739,1434996195,876739,BME280,28.0,1006.43,56.953
2026-05-23 15:50:56.939,1434996395,876939,BME280,28.0,1006.43,56.953
2026-05-23 15:50:57.139,1434996595,877139,BME280,28.01,1006.45,56.78
2026-05-23 15:50:57.339,1434996795,877339,BME280,28.01,1006.45,56.78
2026-05-23 15:50:57.539,1434996995,877539,BME280,28.01,1006.45,56.78
2026-05-23 15:50:57.739,1434997195,877739,BME280,28.01,1006.45,56.78
2026-05-23 15:50:57.939,1434997395,877939,BME280,28.01,1006.45,56.78
2026-05-23 15:50:58.139,1434997595,878139,BME280,28.01,1006.42,57.026
2026-05-23 15:50:58.339,1434997795,878339,BME280,28.01,1006.42,57.026
2026-05-23 15:50:58.539,1434997995,878539,BME280,28.01,1006.42,57.026
2026-05-23 15:50:58.739,1434998195,878739,BME280,28.01,1006.42,57.026
2026-05-23 15:50:58.939,1434998395,878939,BME280,28.01,1006.42,57.026
2026-05-23 15:50:59.139,1434998595,879139,BME280,28.02,1006.47,56.607
2026-05-23 15:50:59.339,1434998795,879339,BME280,28.02,1006.47,56.607
2026-05-23 15:50:59.539,1434998995,879539,BME280,28.02,1006.47,56.607
2026-05-23 15:50:59.739,1434999195,879739,BME280,28.02,1006.47,56.607
2026-05-23 15:50:59.939,1434999395,879939,BME280,28.02,1006.47,56.607
2026-05-23 15:51:00.139,1434999595,880139,BME280,28.02,1006.45,56.747
2026-05-23 15:51:00.339,1434999795,880339,BME280,28.02,1006.45,56.747
2026-05-23 15:51:00.539,1434999995,880539,BME280,28.02,1006.45,56.747
2026-05-23 15:51:00.739,1435000195,880739,BME280,28.02,1006.45,56.747
2026-05-23 15:51:00.939,1435000395,880939,BME280,28.02,1006.45,56.747
2026-05-23 15:51:01.139,1435000595,881139,BME280,28.01,1006.45,56.761
2026-05-23 15:51:01.339,1435000795,881339,BME280,28.01,1006.45,56.761
2026-05-23 15:51:01.539,1435000995,881539,BME280,28.01,1006.45,56.761
2026-05-23 15:51:01.739,1435001195,881739,BME280,28.01,1006.45,56.761
2026-05-23 15:51:01.939,1435001395,881939,BME280,28.01,1006.45,56.761
2026-05-23 15:51:02.139,1435001595,882139,BME280,28.01,1006.44,56.833
2026-05-23 15:51:02.339,1435001795,882339,BME280,28.01,1006.44,56.833
2026-05-23 15:51:02.539,1435001995,882539,BME280,28.01,1006.44,56.833
2026-05-23 15:51:02.739,1435002195,882739,BME280,28.01,1006.44,56.833
2026-05-23 15:51:02.939,1435002395,882939,BME280,28.01,1006.44,56.833
2026-05-23 15:51:03.139,1435002595,883139,BME280,28.01,1006.43,56.896
2026-05-23 15:51:03.339,1435002795,883339,BME280,28.01,1006.43,56.896
2026-05-23 15:51:03.539,1435002995,883539,BME280,28.01,1006.43,56.896
2026-05-23 15:51:03.739,1435003195,883739,BME280,28.01,1006.43,56.896
2026-05-23 15:51:03.939,1435003395,883939,BME280,28.01,1006.43,56.896
2026-05-23 15:51:04.139,1435003595,884139,BME280,28.0,1006.43,56.939
2026-05-23 15:51:04.339,1435003795,884339,BME280,28.0,1006.43,56.939
2026-05-23 15:51:04.539,1435003995,884539,BME280,28.0,1006.43,56.939
2026-05-23 15:51:04.739,1435004195,884739,BME280,28.0,1006.43,56.939
2026-05-23 15:51:04.939,1435004395,884939,BME280,28.0,1006.43,56.939
2026-05-23 15:51:05.139,1435004595,885139,BME280,28.0,1006.44,56.828
2026-05-23 15:51:05.339,1435004795,885339,BME280,28.0,1006.44,56.828
2026-05-23 15:51:05.539,1435004995,885539,BME280,28.0,1006.44,56.828
2026-05-23 15:51:05.739,1435005195,885739,BME280,28.0,1006.44,56.828
2026-05-23 15:51:05.939,1435005395,885939,BME280,28.0,1006.44,56.828
2026-05-23 15:51:06.139,1435005595,886139,BME280,28.01,1006.46,56.655
2026-05-23 15:51:06.339,1435005795,886339,BME280,28.01,1006.46,56.655
2026-05-23 15:51:06.539,1435005995,886539,BME280,28.01,1006.46,56.655
2026-05-23 15:51:06.739,1435006195,886739,BME280,28.01,1006.46,56.655
2026-05-23 15:51:06.939,1435006395,886939,BME280,28.01,1006.46,56.655
2026-05-23 15:51:07.139,1435006595,887139,BME280,28.0,1006.44,56.866
2026-05-23 15:51:07.339,1435006795,887339,BME280,28.0,1006.44,56.866
2026-05-23 15:51:07.539,1435006995,887539,BME280,28.0,1006.44,56.866
2026-05-23 15:51:07.739,1435007195,887739,BME280,28.0,1006.44,56.866
2026-05-23 15:51:07.939,1435007395,887939,BME280,28.0,1006.44,56.866
2026-05-23 15:51:08.139,1435007595,888139,BME280,28.02,1006.45,56.804
2026-05-23 15:51:08.339,1435007795,888339,BME280,28.02,1006.45,56.804
2026-05-23 15:51:08.539,1435007995,888539,BME280,28.02,1006.45,56.804
2026-05-23 15:51:08.739,1435008195,888739,BME280,28.02,1006.45,56.804
2026-05-23 15:51:08.939,1435008395,888939,BME280,28.02,1006.45,56.804
2026-05-23 15:51:09.139,1435008595,889139,BME280,28.02,1006.41,57.095
2026-05-23 15:51:09.339,1435008795,889339,BME280,28.02,1006.41,57.095
2026-05-23 15:51:09.539,1435008995,889539,BME280,28.02,1006.41,57.095
2026-05-23 15:51:09.739,1435009195,889739,BME280,28.02,1006.41,57.095
2026-05-23 15:51:09.939,1435009395,889939,BME280,28.02,1006.41,57.095
2026-05-23 15:51:10.139,1435009595,890139,BME280,28.02,1006.47,56.622
2026-05-23 15:51:10.339,1435009795,890339,BME280,28.02,1006.47,56.622
2026-05-23 15:51:10.539,1435009995,890539,BME280,28.02,1006.47,56.622
2026-05-23 15:51:10.739,1435010195,890739,BME280,28.02,1006.47,56.622
2026-05-23 15:51:10.939,1435010395,890939,BME280,28.02,1006.47,56.622
2026-05-23 15:51:11.139,1435010595,891139,BME280,28.02,1006.44,56.853
2026-05-23 15:51:11.339,1435010795,891339,BME280,28.02,1006.44,56.853
2026-05-23 15:51:11.539,1435010995,891539,BME280,28.02,1006.44,56.853
2026-05-23 15:51:11.739,1435011195,891739,BME280,28.02,1006.44,56.853
2026-05-23 15:51:11.939,1435011395,891939,BME280,28.02,1006.44,56.853
2026-05-23 15:51:12.139,1435011595,892139,BME280,28.02,1006.44,56.853
2026-05-23 15:51:12.339,1435011795,892339,BME280,28.02,1006.44,56.853
2026-05-23 15:51:12.539,1435011995,892539,BME280,28.02,1006.44,56.853
2026-05-23 15:51:12.739,1435012195,892739,BME280,28.02,1006.44,56.853
2026-05-23 15:51:12.939,1435012395,892939,BME280,28.02,1006.44,56.853
2026-05-23 15:51:13.139,1435012595,893139,BME280,28.02,1006.47,56.626
2026-05-23 15:51:13.339,1435012795,893339,BME280,28.02,1006.47,56.626
2026-05-23 15:51:13.539,1435012995,893539,BME280,28.02,1006.47,56.626
2026-05-23 15:51:13.739,1435013195,893739,BME280,28.02,1006.47,56.626
2026-05-23 15:51:13.939,1435013395,893939,BME280,28.02,1006.47,56.626
2026-05-23 15:51:14.139,1435013595,894139,BME280,28.01,1006.44,56.838
2026-05-23 15:51:14.339,1435013795,894339,BME280,28.01,1006.44,56.838
2026-05-23 15:51:14.539,1435013995,894539,BME280,28.01,1006.44,56.838
2026-05-23 15:51:14.739,1435014195,894739,BME280,28.01,1006.44,56.838
2026-05-23 15:51:14.939,1435014395,894939,BME280,28.01,1006.44,56.838
2026-05-23 15:51:15.139,1435014595,895139,BME280,28.01,1006.43,56.925
2026-05-23 15:51:15.339,1435014795,895339,BME280,28.01,1006.43,56.925
2026-05-23 15:51:15.539,1435014995,895539,BME280,28.01,1006.43,56.925
2026-05-23 15:51:15.739,1435015195,895739,BME280,28.01,1006.43,56.925
2026-05-23 15:51:15.939,1435015395,895939,BME280,28.01,1006.43,56.925
2026-05-23 15:51:16.139,1435015595,896139,BME280,28.0,1006.43,56.943
2026-05-23 15:51:16.339,1435015795,896339,BME280,28.0,1006.43,56.943
2026-05-23 15:51:16.539,1435015995,896539,BME280,28.0,1006.43,56.943
2026-05-23 15:51:16.739,1435016195,896739,BME280,28.0,1006.43,56.943
2026-05-23 15:51:16.939,1435016395,896939,BME280,28.0,1006.43,56.943
2026-05-23 15:51:17.139,1435016595,897139,BME280,28.0,1006.45,56.808
2026-05-23 15:51:17.339,1435016795,897339,BME280,28.0,1006.45,56.808
2026-05-23 15:51:17.539,1435016995,897539,BME280,28.0,1006.45,56.808
2026-05-23 15:51:17.739,1435017195,897739,BME280,28.0,1006.45,56.808
2026-05-23 15:51:17.939,1435017395,897939,BME280,28.0,1006.45,56.808
2026-05-23 15:51:18.139,1435017595,898139,BME280,28.0,1006.43,56.953
2026-05-23 15:51:18.339,1435017795,898339,BME280,28.0,1006.43,56.953
2026-05-23 15:51:18.539,1435017995,898539,BME280,28.0,1006.43,56.953
2026-05-23 15:51:18.739,1435018195,898739,BME280,28.0,1006.43,56.953
2026-05-23 15:51:18.939,1435018395,898939,BME280,28.0,1006.43,56.953
2026-05-23 15:51:19.139,1435018595,899139,BME280,28.0,1006.41,57.111
2026-05-23 15:51:19.339,1435018795,899339,BME280,28.0,1006.41,57.111
2026-05-23 15:51:19.539,1435018995,899539,BME280,28.0,1006.41,57.111
2026-05-23 15:51:19.739,1435019195,899739,BME280,28.0,1006.41,57.111
2026-05-23 15:51:19.939,1435019395,899939,BME280,28.0,1006.41,57.111
2026-05-23 15:51:20.139,1435019595,900139,BME280,28.0,1006.42,56.997
2026-05-23 15:51:20.339,1435019795,900339,BME280,28.0,1006.42,56.997
2026-05-23 15:51:20.539,1435019995,900539,BME280,28.0,1006.42,56.997
2026-05-23 15:51:20.739,1435020195,900739,BME280,28.0,1006.42,56.997
2026-05-23 15:51:20.939,1435020395,900939,BME280,28.0,1006.42,56.997
2026-05-23 15:51:21.139,1435020595,901139,BME280,28.0,1006.42,57.049
2026-05-23 15:51:21.339,1435020795,901339,BME280,28.0,1006.42,57.049
2026-05-23 15:51:21.539,1435020995,901539,BME280,28.0,1006.42,57.049
2026-05-23 15:51:21.739,1435021195,901739,BME280,28.0,1006.42,57.049
2026-05-23 15:51:21.939,1435021395,901939,BME280,28.0,1006.42,57.049
2026-05-23 15:51:22.139,1435021595,902139,BME280,28.0,1006.39,57.313
2026-05-23 15:51:22.339,1435021795,902339,BME280,28.0,1006.39,57.313
2026-05-23 15:51:22.539,1435021995,902539,BME280,28.0,1006.39,57.313
2026-05-23 15:51:22.739,1435022195,902739,BME280,28.0,1006.39,57.313
2026-05-23 15:51:22.939,1435022395,902939,BME280,28.0,1006.39,57.313
2026-05-23 15:51:23.139,1435022595,903139,BME280,27.99,1006.41,57.116
2026-05-23 15:51:23.339,1435022795,903339,BME280,27.99,1006.41,57.116
2026-05-23 15:51:23.539,1435022995,903539,BME280,27.99,1006.41,57.116
2026-05-23 15:51:23.739,1435023195,903739,BME280,27.99,1006.41,57.116
2026-05-23 15:51:23.939,1435023395,903939,BME280,27.99,1006.41,57.116
2026-05-23 15:51:24.139,1435023595,904139,BME280,27.99,1006.41,57.072
2026-05-23 15:51:24.339,1435023795,904339,BME280,27.99,1006.41,57.072
2026-05-23 15:51:24.539,1435023995,904539,BME280,27.99,1006.41,57.072
2026-05-23 15:51:24.739,1435024195,904739,BME280,27.99,1006.41,57.072
2026-05-23 15:51:24.939,1435024395,904939,BME280,27.99,1006.41,57.072
2026-05-23 15:51:25.139,1435024595,905139,BME280,27.99,1006.42,57.034
2026-05-23 15:51:25.339,1435024795,905339,BME280,27.99,1006.42,57.034
2026-05-23 15:51:25.539,1435024995,905539,BME280,27.99,1006.42,57.034
2026-05-23 15:51:25.739,1435025195,905739,BME280,27.99,1006.42,57.034
2026-05-23 15:51:25.939,1435025395,905939,BME280,27.99,1006.42,57.034
2026-05-23 15:51:26.139,1435025595,906139,BME280,27.99,1006.42,57.007
2026-05-23 15:51:26.339,1435025795,906339,BME280,27.99,1006.42,57.007
2026-05-23 15:51:26.539,1435025995,906539,BME280,27.99,1006.42,57.007
2026-05-23 15:51:26.739,1435026195,906739,BME280,27.99,1006.42,57.007
2026-05-23 15:51:26.939,1435026395,906939,BME280,27.99,1006.42,57.007
2026-05-23 15:51:27.139,1435026595,907139,BME280,27.98,1006.41,57.122
2026-05-23 15:51:27.339,1435026795,907339,BME280,27.98,1006.41,57.122
2026-05-23 15:51:27.539,1435026995,907539,BME280,27.98,1006.41,57.122
2026-05-23 15:51:27.739,1435027195,907739,BME280,27.98,1006.41,57.122
2026-05-23 15:51:27.939,1435027395,907939,BME280,27.98,1006.41,57.122
2026-05-23 15:51:28.139,1435027595,908139,BME280,27.98,1006.44,56.848
2026-05-23 15:51:28.339,1435027795,908339,BME280,27.98,1006.44,56.848
2026-05-23 15:51:28.539,1435027995,908539,BME280,27.98,1006.44,56.848
2026-05-23 15:51:28.739,1435028195,908739,BME280,27.98,1006.44,56.848
2026-05-23 15:51:28.939,1435028395,908939,BME280,27.98,1006.44,56.848
2026-05-23 15:51:29.139,1435028595,909139,BME280,27.98,1006.42,57.025
2026-05-23 15:51:29.339,1435028795,909339,BME280,27.98,1006.42,57.025
2026-05-23 15:51:29.539,1435028995,909539,BME280,27.98,1006.42,57.025
2026-05-23 15:51:29.739,1435029195,909739,BME280,27.98,1006.42,57.025
2026-05-23 15:51:29.939,1435029395,909939,BME280,27.98,1006.42,57.025
2026-05-23 15:51:30.139,1435029595,910139,BME280,27.98,1006.43,56.9
2026-05-23 15:51:30.339,1435029795,910339,BME280,27.98,1006.43,56.9
2026-05-23 15:51:30.539,1435029995,910539,BME280,27.98,1006.43,56.9
2026-05-23 15:51:30.739,1435030195,910739,BME280,27.98,1006.43,56.9
2026-05-23 15:51:30.939,1435030395,910939,BME280,27.98,1006.43,56.9
2026-05-23 15:51:31.139,1435030595,911139,BME280,27.97,1006.43,56.957
2026-05-23 15:51:31.339,1435030795,911339,BME280,27.97,1006.43,56.957
2026-05-23 15:51:31.539,1435030995,911539,BME280,27.97,1006.43,56.957
2026-05-23 15:51:31.739,1435031195,911739,BME280,27.97,1006.43,56.957
2026-05-23 15:51:31.939,1435031395,911939,BME280,27.97,1006.43,56.957
2026-05-23 15:51:32.139,1435031595,912139,BME280,27.96,1006.42,57.0
2026-05-23 15:51:32.339,1435031795,912339,BME280,27.96,1006.42,57.0
2026-05-23 15:51:32.539,1435031995,912539,BME280,27.96,1006.42,57.0
2026-05-23 15:51:32.739,1435032195,912739,BME280,27.96,1006.42,57.0
2026-05-23 15:51:32.939,1435032395,912939,BME280,27.96,1006.42,57.0
2026-05-23 15:51:33.139,1435032595,913139,BME280,27.96,1006.42,57.014
2026-05-23 15:51:33.339,1435032795,913339,BME280,27.96,1006.42,57.014
2026-05-23 15:51:33.539,1435032995,913539,BME280,27.96,1006.42,57.014
2026-05-23 15:51:33.739,1435033195,913739,BME280,27.96,1006.42,57.014
2026-05-23 15:51:33.939,1435033395,913939,BME280,27.96,1006.42,57.014
2026-05-23 15:51:34.139,1435033595,914139,BME280,27.95,1006.41,57.114
2026-05-23 15:51:34.339,1435033795,914339,BME280,27.95,1006.41,57.114
2026-05-23 15:51:34.539,1435033995,914539,BME280,27.95,1006.41,57.114
2026-05-23 15:51:34.739,1435034195,914739,BME280,27.95,1006.41,57.114
2026-05-23 15:51:34.939,1435034395,914939,BME280,27.95,1006.41,57.114
2026-05-23 15:51:35.139,1435034595,915139,BME280,27.96,1006.43,56.961
2026-05-23 15:51:35.339,1435034795,915339,BME280,27.96,1006.43,56.961
2026-05-23 15:51:35.539,1435034995,915539,BME280,27.96,1006.43,56.961
2026-05-23 15:51:35.739,1435035195,915739,BME280,27.96,1006.43,56.961
2026-05-23 15:51:35.939,1435035395,915939,BME280,27.96,1006.43,56.961
2026-05-23 15:51:36.139,1435035595,916139,BME280,27.95,1006.43,56.96
2026-05-23 15:51:36.339,1435035795,916339,BME280,27.95,1006.43,56.96
2026-05-23 15:51:36.539,1435035995,916539,BME280,27.95,1006.43,56.96
2026-05-23 15:51:36.739,1435036195,916739,BME280,27.95,1006.43,56.96
2026-05-23 15:51:36.939,1435036395,916939,BME280,27.95,1006.43,56.96
2026-05-23 15:51:37.139,1435036595,917139,BME280,27.95,1006.41,57.091
2026-05-23 15:51:37.339,1435036795,917339,BME280,27.95,1006.41,57.091
2026-05-23 15:51:37.539,1435036995,917539,BME280,27.95,1006.41,57.091
2026-05-23 15:51:37.739,1435037195,917739,BME280,27.95,1006.41,57.091
2026-05-23 15:51:37.939,1435037395,917939,BME280,27.95,1006.41,57.091
2026-05-23 15:51:38.139,1435037595,918139,BME280,27.95,1006.43,56.941
2026-05-23 15:51:38.339,1435037795,918339,BME280,27.95,1006.43,56.941
2026-05-23 15:51:38.539,1435037995,918539,BME280,27.95,1006.43,56.941
2026-05-23 15:51:38.739,1435038195,918739,BME280,27.95,1006.43,56.941
2026-05-23 15:51:38.939,1435038395,918939,BME280,27.95,1006.43,56.941
2026-05-23 15:51:39.139,1435038595,919139,BME280,27.93,1006.41,57.122
2026-05-23 15:51:39.339,1435038795,919339,BME280,27.93,1006.41,57.122
2026-05-23 15:51:39.539,1435038995,919539,BME280,27.93,1006.41,57.122
2026-05-23 15:51:39.739,1435039195,919739,BME280,27.93,1006.41,57.122
2026-05-23 15:51:39.939,1435039395,919939,BME280,27.93,1006.41,57.122
2026-05-23 15:51:40.139,1435039595,920139,BME280,27.94,1006.41,57.133
2026-05-23 15:51:40.339,1435039795,920339,BME280,27.94,1006.41,57.133
2026-05-23 15:51:40.539,1435039995,920539,BME280,27.94,1006.41,57.133
2026-05-23 15:51:40.739,1435040195,920739,BME280,27.94,1006.41,57.133
2026-05-23 15:51:40.939,1435040395,920939,BME280,27.94,1006.41,57.133
2026-05-23 15:51:41.139,1435040595,921139,BME280,27.94,1006.41,57.074
2026-05-23 15:51:41.339,1435040795,921339,BME280,27.94,1006.41,57.074
2026-05-23 15:51:41.539,1435040995,921539,BME280,27.94,1006.41,57.074
2026-05-23 15:51:41.739,1435041195,921739,BME280,27.94,1006.41,57.074
2026-05-23 15:51:41.939,1435041395,921939,BME280,27.94,1006.42,57.016
2026-05-23 15:51:42.139,1435041595,922139,BME280,27.94,1006.42,57.016
2026-05-23 15:51:42.339,1435041795,922339,BME280,27.94,1006.42,57.016
2026-05-23 15:51:42.539,1435041995,922539,BME280,27.94,1006.42,57.016
2026-05-23 15:51:42.739,1435042195,922739,BME280,27.94,1006.42,57.016
2026-05-23 15:51:42.939,1435042395,922939,BME280,27.93,1006.41,57.122
2026-05-23 15:51:43.139,1435042595,923139,BME280,27.93,1006.41,57.122
2026-05-23 15:51:43.339,1435042795,923339,BME280,27.93,1006.41,57.122
2026-05-23 15:51:43.539,1435042995,923539,BME280,27.93,1006.41,57.122
2026-05-23 15:51:43.739,1435043195,923739,BME280,27.93,1006.41,57.122
2026-05-23 15:51:43.939,1435043395,923939,BME280,27.94,1006.43,56.954
2026-05-23 15:51:44.139,1435043595,924139,BME280,27.94,1006.43,56.954
2026-05-23 15:51:44.339,1435043795,924339,BME280,27.94,1006.43,56.954
2026-05-23 15:51:44.539,1435043995,924539,BME280,27.94,1006.43,56.954
2026-05-23 15:51:44.739,1435044195,924739,BME280,27.94,1006.43,56.954
2026-05-23 15:51:44.939,1435044395,924939,BME280,27.94,1006.41,57.113
2026-05-23 15:51:45.139,1435044595,925139,BME280,27.94,1006.41,57.113
2026-05-23 15:51:45.339,1435044795,925339,BME280,27.94,1006.41,57.113
2026-05-23 15:51:45.539,1435044995,925539,BME280,27.94,1006.41,57.113
2026-05-23 15:51:45.739,1435045195,925739,BME280,27.94,1006.41,57.113
2026-05-23 15:51:45.939,1435045395,925939,BME280,27.94,1006.43,56.907
2026-05-23 15:51:46.139,1435045595,926139,BME280,27.94,1006.43,56.907
2026-05-23 15:51:46.339,1435045795,926339,BME280,27.94,1006.43,56.907
2026-05-23 15:51:46.539,1435045995,926539,BME280,27.94,1006.43,56.907
2026-05-23 15:51:46.739,1435046195,926739,BME280,27.94,1006.43,56.907
2026-05-23 15:51:46.939,1435046395,926939,BME280,27.94,1006.41,57.103
2026-05-23 15:51:47.139,1435046595,927139,BME280,27.94,1006.41,57.103
2026-05-23 15:51:47.339,1435046795,927339,BME280,27.94,1006.41,57.103
2026-05-23 15:51:47.539,1435046995,927539,BME280,27.94,1006.41,57.103
2026-05-23 15:51:47.744,1435047200,927744,BME280,27.94,1006.41,57.103
2026-05-23 15:51:47.944,1435047400,927944,BME280,27.93,1006.38,57.396
2026-05-23 15:51:48.144,1435047600,928144,BME280,27.93,1006.38,57.396
2026-05-23 15:51:48.344,1435047800,928344,BME280,27.93,1006.38,57.396
2026-05-23 15:51:48.544,1435048000,928544,BME280,27.93,1006.38,57.396
2026-05-23 15:51:48.744,1435048200,928744,BME280,27.93,1006.38,57.396
2026-05-23 15:51:48.944,1435048400,928944,BME280,27.93,1006.41,57.098
2026-05-23 15:51:49.144,1435048600,929144,BME280,27.93,1006.41,57.098
2026-05-23 15:51:49.344,1435048800,929344,BME280,27.93,1006.41,57.098
2026-05-23 15:51:49.544,1435049000,929544,BME280,27.93,1006.41,57.098
2026-05-23 15:51:49.744,1435049200,929744,BME280,27.93,1006.41,57.098
2026-05-23 15:51:49.944,1435049400,929944,BME280,27.93,1006.41,57.127
2026-05-23 15:51:50.144,1435049600,930144,BME280,27.93,1006.41,57.127
2026-05-23 15:51:50.344,1435049800,930344,BME280,27.93,1006.41,57.127
2026-05-23 15:51:50.544,1435050000,930544,BME280,27.93,1006.41,57.127
2026-05-23 15:51:50.744,1435050200,930744,BME280,27.93,1006.41,57.127
2026-05-23 15:51:50.944,1435050400,930944,BME280,27.92,1006.39,57.29
2026-05-23 15:51:51.144,1435050600,931144,BME280,27.92,1006.39,57.29
2026-05-23 15:51:51.344,1435050800,931344,BME280,27.92,1006.39,57.29
2026-05-23 15:51:51.544,1435051000,931544,BME280,27.92,1006.39,57.29
2026-05-23 15:51:51.744,1435051200,931744,BME280,27.92,1006.39,57.29
2026-05-23 15:51:51.944,1435051400,931944,BME280,27.91,1006.39,57.29
2026-05-23 15:51:52.144,1435051600,932144,BME280,27.91,1006.39,57.29
2026-05-23 15:51:52.344,1435051800,932344,BME280,27.91,1006.39,57.29
2026-05-23 15:51:52.544,1435052000,932544,BME280,27.91,1006.39,57.29
2026-05-23 15:51:52.744,1435052200,932744,BME280,27.91,1006.39,57.29
2026-05-23 15:51:52.944,1435052400,932944,BME280,27.92,1006.4,57.212
2026-05-23 15:51:53.144,1435052600,933144,BME280,27.92,1006.4,57.212
2026-05-23 15:51:53.344,1435052800,933344,BME280,27.92,1006.4,57.212
2026-05-23 15:51:53.544,1435053000,933544,BME280,27.92,1006.4,57.212
2026-05-23 15:51:53.744,1435053200,933744,BME280,27.92,1006.4,57.212
2026-05-23 15:51:53.944,1435053400,933944,BME280,27.91,1006.4,57.15
2026-05-23 15:51:54.144,1435053600,934144,BME280,27.91,1006.4,57.15
2026-05-23 15:51:54.344,1435053800,934344,BME280,27.91,1006.4,57.15
2026-05-23 15:51:54.544,1435054000,934544,BME280,27.91,1006.4,57.15
2026-05-23 15:51:54.744,1435054200,934744,BME280,27.91,1006.4,57.15
2026-05-23 15:51:54.944,1435054400,934944,BME280,27.9,1006.39,57.28
2026-05-23 15:51:55.144,1435054600,935144,BME280,27.9,1006.39,57.28
2026-05-23 15:51:55.344,1435054800,935344,BME280,27.9,1006.39,57.28
2026-05-23 15:51:55.544,1435055000,935544,BME280,27.9,1006.39,57.28
2026-05-23 15:51:55.744,1435055200,935744,BME280,27.9,1006.39,57.28
2026-05-23 15:51:55.944,1435055400,935944,BME280,27.9,1006.41,57.124
2026-05-23 15:51:56.144,1435055600,936144,BME280,27.9,1006.41,57.124
2026-05-23 15:51:56.344,1435055800,936344,BME280,27.9,1006.41,57.124
2026-05-23 15:51:56.544,1435056000,936544,BME280,27.9,1006.41,57.124
2026-05-23 15:51:56.744,1435056200,936744,BME280,27.9,1006.41,57.124
2026-05-23 15:51:56.944,1435056400,936944,BME280,27.9,1006.4,57.22
2026-05-23 15:51:57.144,1435056600,937144,BME280,27.9,1006.4,57.22
2026-05-23 15:51:57.344,1435056800,937344,BME280,27.9,1006.4,57.22
2026-05-23 15:51:57.544,1435057000,937544,BME280,27.9,1006.4,57.22
2026-05-23 15:51:57.744,1435057200,937744,BME280,27.9,1006.4,57.22
2026-05-23 15:51:57.944,1435057400,937944,BME280,27.9,1006.39,57.278
2026-05-23 15:51:58.144,1435057600,938144,BME280,27.9,1006.39,57.278
2026-05-23 15:51:58.344,1435057800,938344,BME280,27.9,1006.39,57.278
2026-05-23 15:51:58.544,1435058000,938544,BME280,27.9,1006.39,57.278
2026-05-23 15:51:58.744,1435058200,938744,BME280,27.9,1006.39,57.278
2026-05-23 15:51:58.944,1435058400,938944,BME280,27.89,1006.4,57.23
2026-05-23 15:51:59.144,1435058600,939144,BME280,27.89,1006.4,57.23
2026-05-23 15:51:59.344,1435058800,939344,BME280,27.89,1006.4,57.23
2026-05-23 15:51:59.544,1435059000,939544,BME280,27.89,1006.4,57.23
2026-05-23 15:51:59.744,1435059200,939744,BME280,27.89,1006.4,57.23
2026-05-23 15:51:59.944,1435059400,939944,BME280,27.89,1006.43,56.901
2026-05-23 15:52:00.144,1435059600,940144,BME280,27.89,1006.43,56.901
2026-05-23 15:52:00.344,1435059800,940344,BME280,27.89,1006.43,56.901
2026-05-23 15:52:00.544,1435060000,940544,BME280,27.89,1006.43,56.901
2026-05-23 15:52:00.744,1435060200,940744,BME280,27.89,1006.43,56.901
2026-05-23 15:52:00.944,1435060400,940944,BME280,27.89,1006.4,57.21
2026-05-23 15:52:01.144,1435060600,941144,BME280,27.89,1006.4,57.21
2026-05-23 15:52:01.344,1435060800,941344,BME280,27.89,1006.4,57.21
2026-05-23 15:52:01.544,1435061000,941544,BME280,27.89,1006.4,57.21
2026-05-23 15:52:01.744,1435061200,941744,BME280,27.89,1006.4,57.21
2026-05-23 15:52:01.944,1435061400,941944,BME280,27.88,1006.39,57.271
2026-05-23 15:52:02.144,1435061600,942144,BME280,27.88,1006.39,57.271
2026-05-23 15:52:02.344,1435061800,942344,BME280,27.88,1006.39,57.271
2026-05-23 15:52:02.544,1435062000,942544,BME280,27.88,1006.39,57.271
2026-05-23 15:52:02.744,1435062200,942744,BME280,27.88,1006.39,57.271
2026-05-23 15:52:02.944,1435062400,942944,BME280,27.87,1006.4,57.165
2026-05-23 15:52:03.144,1435062600,943144,BME280,27.87,1006.4,57.165
2026-05-23 15:52:03.344,1435062800,943344,BME280,27.87,1006.4,57.165
2026-05-23 15:52:03.544,1435063000,943544,BME280,27.87,1006.4,57.165
2026-05-23 15:52:03.744,1435063200,943744,BME280,27.87,1006.4,57.165
2026-05-23 15:52:03.944,1435063400,943944,BME280,27.87,1006.42,56.982
2026-05-23 15:52:04.144,1435063600,944144,BME280,27.87,1006.42,56.982
2026-05-23 15:52:04.344,1435063800,944344,BME280,27.87,1006.42,56.982
2026-05-23 15:52:04.544,1435064000,944544,BME280,27.87,1006.42,56.982
2026-05-23 15:52:04.744,1435064200,944744,BME280,27.87,1006.42,56.982
2026-05-23 15:52:04.944,1435064400,944944,BME280,27.87,1006.39,57.304
2026-05-23 15:52:05.144,1435064600,945144,BME280,27.87,1006.39,57.304
2026-05-23 15:52:05.344,1435064800,945344,BME280,27.87,1006.39,57.304
2026-05-23 15:52:05.544,1435065000,945544,BME280,27.87,1006.39,57.304
2026-05-23 15:52:05.744,1435065200,945744,BME280,27.87,1006.39,57.304
2026-05-23 15:52:05.944,1435065400,945944,BME280,27.87,1006.39,57.276
2026-05-23 15:52:06.144,1435065600,946144,BME280,27.87,1006.39,57.276
2026-05-23 15:52:06.344,1435065800,946344,BME280,27.87,1006.39,57.276
2026-05-23 15:52:06.544,1435066000,946544,BME280,27.87,1006.39,57.276
2026-05-23 15:52:06.744,1435066200,946744,BME280,27.87,1006.39,57.276
2026-05-23 15:52:06.944,1435066400,946944,BME280,27.86,1006.41,57.095
2026-05-23 15:52:07.144,1435066600,947144,BME280,27.86,1006.41,57.095
2026-05-23 15:52:07.344,1435066800,947344,BME280,27.86,1006.41,57.095
2026-05-23 15:52:07.544,1435067000,947544,BME280,27.86,1006.41,57.095
2026-05-23 15:52:07.744,1435067200,947744,BME280,27.86,1006.41,57.095
2026-05-23 15:52:07.944,1435067400,947944,BME280,27.87,1006.4,57.213
2026-05-23 15:52:08.144,1435067600,948144,BME280,27.87,1006.4,57.213
2026-05-23 15:52:08.344,1435067800,948344,BME280,27.87,1006.4,57.213
2026-05-23 15:52:08.544,1435068000,948544,BME280,27.87,1006.4,57.213
2026-05-23 15:52:08.744,1435068200,948744,BME280,27.87,1006.4,57.213
2026-05-23 15:52:08.944,1435068400,948944,BME280,27.87,1006.38,57.333
2026-05-23 15:52:09.144,1435068600,949144,BME280,27.87,1006.38,57.333
2026-05-23 15:52:09.344,1435068800,949344,BME280,27.87,1006.38,57.333
2026-05-23 15:52:09.544,1435069000,949544,BME280,27.87,1006.38,57.333
2026-05-23 15:52:09.744,1435069200,949744,BME280,27.87,1006.38,57.333
2026-05-23 15:52:09.944,1435069400,949944,BME280,27.87,1006.4,57.217
2026-05-23 15:52:10.144,1435069600,950144,BME280,27.87,1006.4,57.217
2026-05-23 15:52:10.344,1435069800,950344,BME280,27.87,1006.4,57.217
2026-05-23 15:52:10.544,1435070000,950544,BME280,27.87,1006.4,57.217
2026-05-23 15:52:10.744,1435070200,950744,BME280,27.87,1006.4,57.217
2026-05-23 15:52:10.944,1435070400,950944,BME280,27.86,1006.4,57.147
2026-05-23 15:52:11.144,1435070600,951144,BME280,27.86,1006.4,57.147
2026-05-23 15:52:11.344,1435070800,951344,BME280,27.86,1006.4,57.147
2026-05-23 15:52:11.544,1435071000,951544,BME280,27.86,1006.4,57.147
2026-05-23 15:52:11.744,1435071200,951744,BME280,27.86,1006.4,57.147
2026-05-23 15:52:11.944,1435071400,951944,BME280,27.87,1006.41,57.088
2026-05-23 15:52:12.144,1435071600,952144,BME280,27.87,1006.41,57.088
2026-05-23 15:52:12.344,1435071800,952344,BME280,27.87,1006.41,57.088
2026-05-23 15:52:12.544,1435072000,952544,BME280,27.87,1006.41,57.088
2026-05-23 15:52:12.744,1435072200,952744,BME280,27.87,1006.41,57.088
2026-05-23 15:52:12.944,1435072400,952944,BME280,27.86,1006.41,57.089
2026-05-23 15:52:13.144,1435072600,953144,BME280,27.86,1006.41,57.089
2026-05-23 15:52:13.344,1435072800,953344,BME280,27.86,1006.41,57.089
2026-05-23 15:52:13.544,1435073000,953544,BME280,27.86,1006.41,57.089
2026-05-23 15:52:13.744,1435073200,953744,BME280,27.86,1006.41,57.089
2026-05-23 15:52:13.944,1435073400,953944,BME280,27.85,1006.4,57.156
2026-05-23 15:52:14.144,1435073600,954144,BME280,27.85,1006.4,57.156
2026-05-23 15:52:14.344,1435073800,954344,BME280,27.85,1006.4,57.156
2026-05-23 15:52:14.544,1435074000,954544,BME280,27.85,1006.4,57.156
2026-05-23 15:52:14.744,1435074200,954744,BME280,27.85,1006.4,57.156
2026-05-23 15:52:14.944,1435074400,954944,BME280,27.85,1006.4,57.151
2026-05-23 15:52:15.144,1435074600,955144,BME280,27.85,1006.4,57.151
2026-05-23 15:52:15.344,1435074800,955344,BME280,27.85,1006.4,57.151
2026-05-23 15:52:15.544,1435075000,955544,BME280,27.85,1006.4,57.151
2026-05-23 15:52:15.744,1435075200,955744,BME280,27.85,1006.4,57.151
2026-05-23 15:52:15.944,1435075400,955944,BME280,27.85,1006.39,57.253
2026-05-23 15:52:16.144,1435075600,956144,BME280,27.85,1006.39,57.253
2026-05-23 15:52:16.344,1435075800,956344,BME280,27.85,1006.39,57.253
2026-05-23 15:52:16.544,1435076000,956544,BME280,27.85,1006.39,57.253
2026-05-23 15:52:16.744,1435076200,956744,BME280,27.85,1006.39,57.253
2026-05-23 15:52:16.944,1435076400,956944,BME280,27.85,1006.41,57.142
2026-05-23 15:52:17.144,1435076600,957144,BME280,27.85,1006.41,57.142
2026-05-23 15:52:17.344,1435076800,957344,BME280,27.85,1006.41,57.142
2026-05-23 15:52:17.544,1435077000,957544,BME280,27.85,1006.41,57.142
2026-05-23 15:52:17.744,1435077200,957744,BME280,27.85,1006.41,57.142
2026-05-23 15:52:17.944,1435077400,957944,BME280,27.84,1006.4,57.155
2026-05-23 15:52:18.144,1435077600,958144,BME280,27.84,1006.4,57.155
2026-05-23 15:52:18.344,1435077800,958344,BME280,27.84,1006.4,57.155
2026-05-23 15:52:18.544,1435078000,958544,BME280,27.84,1006.4,57.155
2026-05-23 15:52:18.744,1435078200,958744,BME280,27.84,1006.4,57.155
2026-05-23 15:52:18.944,1435078400,958944,BME280,27.84,1006.41,57.098
2026-05-23 15:52:19.144,1435078600,959144,BME280,27.84,1006.41,57.098
2026-05-23 15:52:19.344,1435078800,959344,BME280,27.84,1006.41,57.098
2026-05-23 15:52:19.544,1435079000,959544,BME280,27.84,1006.41,57.098
2026-05-23 15:52:19.744,1435079200,959744,BME280,27.84,1006.41,57.098
2026-05-23 15:52:19.944,1435079400,959944,BME280,27.83,1006.41,57.067
2026-05-23 15:52:20.144,1435079600,960144,BME280,27.83,1006.41,57.067
2026-05-23 15:52:20.344,1435079800,960344,BME280,27.83,1006.41,57.067
2026-05-23 15:52:20.544,1435080000,960544,BME280,27.83,1006.41,57.067
2026-05-23 15:52:20.744,1435080200,960744,BME280,27.83,1006.41,57.067
2026-05-23 15:52:20.944,1435080400,960944,BME280,27.83,1006.41,57.13
2026-05-23 15:52:21.144,1435080600,961144,BME280,27.83,1006.41,57.13
2026-05-23 15:52:21.344,1435080800,961344,BME280,27.83,1006.41,57.13
2026-05-23 15:52:21.544,1435081000,961544,BME280,27.83,1006.41,57.13
2026-05-23 15:52:21.744,1435081200,961744,BME280,27.83,1006.41,57.13
2026-05-23 15:52:21.944,1435081400,961944,BME280,27.83,1006.4,57.183
2026-05-23 15:52:22.144,1435081600,962144,BME280,27.83,1006.4,57.183
2026-05-23 15:52:22.344,1435081800,962344,BME280,27.83,1006.4,57.183
2026-05-23 15:52:22.544,1435082000,962544,BME280,27.83,1006.4,57.183
2026-05-23 15:52:22.744,1435082200,962744,BME280,27.83,1006.4,57.183
2026-05-23 15:52:22.944,1435082400,962944,BME280,27.83,1006.41,57.087
2026-05-23 15:52:23.144,1435082600,963144,BME280,27.83,1006.41,57.087
2026-05-23 15:52:23.344,1435082800,963344,BME280,27.83,1006.41,57.087
2026-05-23 15:52:23.544,1435083000,963544,BME280,27.83,1006.41,57.087
2026-05-23 15:52:23.744,1435083200,963744,BME280,27.83,1006.41,57.087
2026-05-23 15:52:23.944,1435083400,963944,BME280,27.82,1006.42,57.043
2026-05-23 15:52:24.144,1435083600,964144,BME280,27.82,1006.42,57.043
2026-05-23 15:52:24.344,1435083800,964344,BME280,27.82,1006.42,57.043
2026-05-23 15:52:24.544,1435084000,964544,BME280,27.82,1006.42,57.043
2026-05-23 15:52:24.744,1435084200,964744,BME280,27.82,1006.42,57.043
2026-05-23 15:52:24.944,1435084400,964944,BME280,27.81,1006.38,57.327
2026-05-23 15:52:25.144,1435084600,965144,BME280,27.81,1006.38,57.327
2026-05-23 15:52:25.344,1435084800,965344,BME280,27.81,1006.38,57.327
2026-05-23 15:52:25.544,1435085000,965544,BME280,27.81,1006.38,57.327
2026-05-23 15:52:25.744,1435085200,965744,BME280,27.81,1006.38,57.327
2026-05-23 15:52:25.944,1435085400,965944,BME280,27.81,1006.39,57.235
2026-05-23 15:52:26.144,1435085600,966144,BME280,27.81,1006.39,57.235
2026-05-23 15:52:26.344,1435085800,966344,BME280,27.81,1006.39,57.235
2026-05-23 15:52:26.544,1435086000,966544,BME280,27.81,1006.39,57.235
2026-05-23 15:52:26.758,1435086214,966758,BME280,27.82,1006.41,57.091
2026-05-23 15:52:26.958,1435086414,966958,BME280,27.82,1006.41,57.091
2026-05-23 15:52:27.158,1435086614,967158,BME280,27.82,1006.41,57.091
2026-05-23 15:52:27.358,1435086814,967358,BME280,27.82,1006.41,57.091
2026-05-23 15:52:27.558,1435087014,967558,BME280,27.82,1006.41,57.091
2026-05-23 15:52:27.758,1435087214,967758,BME280,27.82,1006.41,57.071
2026-05-23 15:52:27.958,1435087414,967958,BME280,27.82,1006.41,57.071
2026-05-23 15:52:28.158,1435087614,968158,BME280,27.82,1006.41,57.071
2026-05-23 15:52:28.358,1435087814,968358,BME280,27.82,1006.41,57.071
2026-05-23 15:52:28.558,1435088014,968558,BME280,27.82,1006.41,57.071
2026-05-23 15:52:28.758,1435088214,968758,BME280,27.81,1006.4,57.191
2026-05-23 15:52:28.958,1435088414,968958,BME280,27.81,1006.4,57.191
2026-05-23 15:52:29.158,1435088614,969158,BME280,27.81,1006.4,57.191
2026-05-23 15:52:29.358,1435088814,969358,BME280,27.81,1006.4,57.191
2026-05-23 15:52:29.558,1435089014,969558,BME280,27.81,1006.4,57.191
2026-05-23 15:52:29.758,1435089214,969758,BME280,27.81,1006.42,57.003
2026-05-23 15:52:29.958,1435089414,969958,BME280,27.81,1006.42,57.003
2026-05-23 15:52:30.158,1435089614,970158,BME280,27.81,1006.42,57.003
2026-05-23 15:52:30.358,1435089814,970358,BME280,27.81,1006.42,57.003
2026-05-23 15:52:30.558,1435090014,970558,BME280,27.81,1006.42,57.003
2026-05-23 15:52:30.758,1435090214,970758,BME280,27.81,1006.43,56.936
2026-05-23 15:52:30.958,1435090414,970958,BME280,27.81,1006.43,56.936
2026-05-23 15:52:31.158,1435090614,971158,BME280,27.81,1006.43,56.936
2026-05-23 15:52:31.358,1435090814,971358,BME280,27.81,1006.43,56.936
2026-05-23 15:52:31.558,1435091014,971558,BME280,27.81,1006.43,56.936
2026-05-23 15:52:31.758,1435091214,971758,BME280,27.81,1006.42,57.056
2026-05-23 15:52:31.958,1435091414,971958,BME280,27.81,1006.42,57.056
2026-05-23 15:52:32.158,1435091614,972158,BME280,27.81,1006.42,57.056
2026-05-23 15:52:32.358,1435091814,972358,BME280,27.81,1006.42,57.056
2026-05-23 15:52:32.558,1435092014,972558,BME280,27.81,1006.42,57.056
2026-05-23 15:52:32.758,1435092214,972758,BME280,27.82,1006.42,57.057
2026-05-23 15:52:32.958,1435092414,972958,BME280,27.82,1006.42,57.057
2026-05-23 15:52:33.158,1435092614,973158,BME280,27.82,1006.42,57.057
2026-05-23 15:52:33.358,1435092814,973358,BME280,27.82,1006.42,57.057
2026-05-23 15:52:33.558,1435093014,973558,BME280,27.82,1006.42,57.057
2026-05-23 15:52:33.758,1435093214,973758,BME280,27.81,1006.43,56.96
2026-05-23 15:52:33.958,1435093414,973958,BME280,27.81,1006.43,56.96
2026-05-23 15:52:34.158,1435093614,974158,BME280,27.81,1006.43,56.96
2026-05-23 15:52:34.358,1435093814,974358,BME280,27.81,1006.43,56.96
2026-05-23 15:52:34.558,1435094014,974558,BME280,27.81,1006.43,56.96
2026-05-23 15:52:34.758,1435094214,974758,BME280,27.82,1006.43,56.97
2026-05-23 15:52:34.958,1435094414,974958,BME280,27.82,1006.43,56.97
2026-05-23 15:52:35.158,1435094614,975158,BME280,27.82,1006.43,56.97
2026-05-23 15:52:35.358,1435094814,975358,BME280,27.82,1006.43,56.97
2026-05-23 15:52:35.558,1435095014,975558,BME280,27.82,1006.43,56.97
2026-05-23 15:52:35.758,1435095214,975758,BME280,27.81,1006.41,57.105
2026-05-23 15:52:35.958,1435095414,975958,BME280,27.81,1006.41,57.105
2026-05-23 15:52:36.158,1435095614,976158,BME280,27.81,1006.41,57.105
2026-05-23 15:52:36.358,1435095814,976358,BME280,27.81,1006.41,57.105
2026-05-23 15:52:36.558,1435096014,976558,BME280,27.81,1006.41,57.105
2026-05-23 15:52:36.758,1435096214,976758,BME280,27.81,1006.42,56.998
2026-05-23 15:52:36.958,1435096414,976958,BME280,27.81,1006.42,56.998
2026-05-23 15:52:37.158,1435096614,977158,BME280,27.81,1006.42,56.998
2026-05-23 15:52:37.358,1435096814,977358,BME280,27.81,1006.42,56.998
2026-05-23 15:52:37.558,1435097014,977558,BME280,27.81,1006.42,56.998
2026-05-23 15:52:37.758,1435097214,977758,BME280,27.81,1006.44,56.859
2026-05-23 15:52:37.958,1435097414,977958,BME280,27.81,1006.44,56.859
2026-05-23 15:52:38.158,1435097614,978158,BME280,27.81,1006.44,56.859
2026-05-23 15:52:38.358,1435097814,978358,BME280,27.81,1006.44,56.859
2026-05-23 15:52:38.558,1435098014,978558,BME280,27.81,1006.44,56.859
2026-05-23 15:52:38.758,1435098214,978758,BME280,27.82,1006.42,56.985
2026-05-23 15:52:38.958,1435098414,978958,BME280,27.82,1006.42,56.985
2026-05-23 15:52:39.158,1435098614,979158,BME280,27.82,1006.42,56.985
2026-05-23 15:52:39.358,1435098814,979358,BME280,27.82,1006.42,56.985
2026-05-23 15:52:39.558,1435099014,979558,BME280,27.82,1006.42,56.985
2026-05-23 15:52:39.758,1435099214,979758,BME280,27.81,1006.44,56.874
2026-05-23 15:52:39.958,1435099414,979958,BME280,27.81,1006.44,56.874
2026-05-23 15:52:40.158,1435099614,980158,BME280,27.81,1006.44,56.874
2026-05-23 15:52:40.358,1435099814,980358,BME280,27.81,1006.44,56.874
2026-05-23 15:52:40.558,1435100014,980558,BME280,27.81,1006.44,56.874
2026-05-23 15:52:40.758,1435100214,980758,BME280,27.82,1006.42,57.009
2026-05-23 15:52:40.958,1435100414,980958,BME280,27.82,1006.42,57.009
2026-05-23 15:52:41.158,1435100614,981158,BME280,27.82,1006.42,57.009
2026-05-23 15:52:41.358,1435100814,981358,BME280,27.82,1006.42,57.009
2026-05-23 15:52:41.558,1435101014,981558,BME280,27.82,1006.42,57.009
2026-05-23 15:52:41.758,1435101214,981758,BME280,27.81,1006.43,56.974
2026-05-23 15:52:41.958,1435101414,981958,BME280,27.81,1006.43,56.974
2026-05-23 15:52:42.158,1435101614,982158,BME280,27.81,1006.43,56.974
2026-05-23 15:52:42.358,1435101814,982358,BME280,27.81,1006.43,56.974
2026-05-23 15:52:42.558,1435102014,982558,BME280,27.81,1006.43,56.974
2026-05-23 15:52:42.758,1435102214,982758,BME280,27.81,1006.42,57.037
2026-05-23 15:52:42.958,1435102414,982958,BME280,27.81,1006.42,57.037
2026-05-23 15:52:43.158,1435102614,983158,BME280,27.81,1006.42,57.037
2026-05-23 15:52:43.358,1435102814,983358,BME280,27.81,1006.42,57.037
2026-05-23 15:52:43.558,1435103014,983558,BME280,27.81,1006.42,57.037
2026-05-23 15:52:43.758,1435103214,983758,BME280,27.81,1006.44,56.859
2026-05-23 15:52:43.958,1435103414,983958,BME280,27.81,1006.44,56.859
2026-05-23 15:52:44.158,1435103614,984158,BME280,27.81,1006.44,56.859
2026-05-23 15:52:44.358,1435103814,984358,BME280,27.81,1006.44,56.859
2026-05-23 15:52:44.558,1435104014,984558,BME280,27.81,1006.44,56.859
2026-05-23 15:52:44.758,1435104214,984758,BME280,27.82,1006.44,56.825
2026-05-23 15:52:44.958,1435104414,984958,BME280,27.82,1006.44,56.825
2026-05-23 15:52:45.158,1435104614,985158,BME280,27.82,1006.44,56.825
2026-05-23 15:52:45.358,1435104814,985358,BME280,27.82,1006.44,56.825
2026-05-23 15:52:45.558,1435105014,985558,BME280,27.82,1006.44,56.825
2026-05-23 15:52:45.758,1435105214,985758,BME280,27.81,1006.42,56.99
2026-05-23 15:52:45.958,1435105414,985958,BME280,27.81,1006.42,56.99
2026-05-23 15:52:46.158,1435105614,986158,BME280,27.81,1006.42,56.99
2026-05-23 15:52:46.358,1435105814,986358,BME280,27.81,1006.42,56.99
2026-05-23 15:52:46.558,1435106014,986558,BME280,27.81,1006.42,56.99
2026-05-23 15:52:46.758,1435106214,986758,BME280,27.81,1006.44,56.854
2026-05-23 15:52:46.958,1435106414,986958,BME280,27.81,1006.44,56.854
2026-05-23 15:52:47.158,1435106614,987158,BME280,27.81,1006.44,56.854
2026-05-23 15:52:47.358,1435106814,987358,BME280,27.81,1006.44,56.854
2026-05-23 15:52:47.558,1435107014,987558,BME280,27.81,1006.44,56.854
2026-05-23 15:52:47.758,1435107214,987758,BME280,27.81,1006.43,56.96
2026-05-23 15:52:47.958,1435107414,987958,BME280,27.81,1006.43,56.96
2026-05-23 15:52:48.158,1435107614,988158,BME280,27.81,1006.43,56.96
2026-05-23 15:52:48.358,1435107814,988358,BME280,27.81,1006.43,56.96
2026-05-23 15:52:48.558,1435108014,988558,BME280,27.81,1006.43,56.96
2026-05-23 15:52:48.758,1435108214,988758,BME280,27.81,1006.44,56.849
2026-05-23 15:52:48.958,1435108414,988958,BME280,27.81,1006.44,56.849
2026-05-23 15:52:49.158,1435108614,989158,BME280,27.81,1006.44,56.849
2026-05-23 15:52:49.358,1435108814,989358,BME280,27.81,1006.44,56.849
2026-05-23 15:52:49.558,1435109014,989558,BME280,27.81,1006.44,56.849
2026-05-23 15:52:49.758,1435109214,989758,BME280,27.82,1006.45,56.797
2026-05-23 15:52:49.958,1435109414,989958,BME280,27.82,1006.45,56.797
2026-05-23 15:52:50.158,1435109614,990158,BME280,27.82,1006.45,56.797
2026-05-23 15:52:50.358,1435109814,990358,BME280,27.82,1006.45,56.797
2026-05-23 15:52:50.558,1435110014,990558,BME280,27.82,1006.45,56.797
2026-05-23 15:52:50.758,1435110214,990758,BME280,27.82,1006.46,56.676
2026-05-23 15:52:50.958,1435110414,990958,BME280,27.82,1006.46,56.676
2026-05-23 15:52:51.158,1435110614,991158,BME280,27.82,1006.46,56.676
2026-05-23 15:52:51.358,1435110814,991358,BME280,27.82,1006.46,56.676
2026-05-23 15:52:51.558,1435111014,991558,BME280,27.82,1006.46,56.676
2026-05-23 15:52:51.758,1435111214,991758,BME280,27.82,1006.43,56.956
2026-05-23 15:52:51.958,1435111414,991958,BME280,27.82,1006.43,56.956
2026-05-23 15:52:52.158,1435111614,992158,BME280,27.82,1006.43,56.956
2026-05-23 15:52:52.358,1435111814,992358,BME280,27.82,1006.43,56.956
2026-05-23 15:52:52.558,1435112014,992558,BME280,27.82,1006.43,56.956
2026-05-23 15:52:52.758,1435112214,992758,BME280,27.81,1006.41,57.104
2026-05-23 15:52:52.958,1435112414,992958,BME280,27.81,1006.41,57.104
2026-05-23 15:52:53.158,1435112614,993158,BME280,27.81,1006.41,57.104
2026-05-23 15:52:53.358,1435112814,993358,BME280,27.81,1006.41,57.104
2026-05-23 15:52:53.558,1435113014,993558,BME280,27.81,1006.41,57.104
2026-05-23 15:52:53.758,1435113214,993758,BME280,27.81,1006.41,57.07
2026-05-23 15:52:53.958,1435113414,993958,BME280,27.81,1006.41,57.07
2026-05-23 15:52:54.158,1435113614,994158,BME280,27.81,1006.41,57.07
2026-05-23 15:52:54.358,1435113814,994358,BME280,27.81,1006.41,57.07
2026-05-23 15:52:54.558,1435114014,994558,BME280,27.81,1006.41,57.07
2026-05-23 15:52:54.758,1435114214,994758,BME280,27.82,1006.43,56.927
2026-05-23 15:52:54.958,1435114414,994958,BME280,27.82,1006.43,56.927
2026-05-23 15:52:55.158,1435114614,995158,BME280,27.82,1006.43,56.927
2026-05-23 15:52:55.358,1435114814,995358,BME280,27.82,1006.43,56.927
2026-05-23 15:52:55.558,1435115014,995558,BME280,27.82,1006.43,56.927
2026-05-23 15:52:55.758,1435115214,995758,BME280,27.82,1006.43,56.965
2026-05-23 15:52:55.958,1435115414,995958,BME280,27.82,1006.43,56.965
2026-05-23 15:52:56.158,1435115614,996158,BME280,27.82,1006.43,56.965
2026-05-23 15:52:56.358,1435115814,996358,BME280,27.82,1006.43,56.965
2026-05-23 15:52:56.558,1435116014,996558,BME280,27.82,1006.43,56.965
2026-05-23 15:52:56.758,1435116214,996758,BME280,27.82,1006.44,56.845
2026-05-23 15:52:56.958,1435116414,996958,BME280,27.82,1006.44,56.845
2026-05-23 15:52:57.158,1435116614,997158,BME280,27.82,1006.44,56.845
2026-05-23 15:52:57.358,1435116814,997358,BME280,27.82,1006.44,56.845
2026-05-23 15:52:57.558,1435117014,997558,BME280,27.82,1006.44,56.845
2026-05-23 15:52:57.758,1435117214,997758,BME280,27.83,1006.46,56.701
2026-05-23 15:52:57.958,1435117414,997958,BME280,27.83,1006.46,56.701
2026-05-23 15:52:58.158,1435117614,998158,BME280,27.83,1006.46,56.701
2026-05-23 15:52:58.358,1435117814,998358,BME280,27.83,1006.46,56.701
2026-05-23 15:52:58.558,1435118014,998558,BME280,27.83,1006.46,56.701
2026-05-23 15:52:58.758,1435118214,998758,BME280,27.83,1006.44,56.832
2026-05-23 15:52:58.958,1435118414,998958,BME280,27.83,1006.44,56.832
2026-05-23 15:52:59.158,1435118614,999158,BME280,27.83,1006.44,56.832
2026-05-23 15:52:59.358,1435118814,999358,BME280,27.83,1006.44,56.832
2026-05-23 15:52:59.558,1435119014,999558,BME280,27.83,1006.44,56.832
2026-05-23 15:52:59.758,1435119214,999758,BME280,27.84,1006.46,56.688
2026-05-23 15:52:59.958,1435119414,999958,BME280,27.84,1006.46,56.688
2026-05-23 15:53:00.158,1435119614,1000158,BME280,27.84,1006.46,56.688
2026-05-23 15:53:00.358,1435119814,1000358,BME280,27.84,1006.46,56.688
2026-05-23 15:53:00.558,1435120014,1000558,BME280,27.84,1006.46,56.688
2026-05-23 15:53:00.758,1435120214,1000758,BME280,27.84,1006.47,56.64
2026-05-23 15:53:00.958,1435120414,1000958,BME280,27.84,1006.47,56.64
2026-05-23 15:53:01.158,1435120614,1001158,BME280,27.84,1006.47,56.64
2026-05-23 15:53:01.358,1435120814,1001358,BME280,27.84,1006.47,56.64
2026-05-23 15:53:01.558,1435121014,1001558,BME280,27.84,1006.47,56.64
2026-05-23 15:53:01.758,1435121214,1001758,BME280,27.84,1006.44,56.823
2026-05-23 15:53:01.958,1435121414,1001958,BME280,27.84,1006.44,56.823
2026-05-23 15:53:02.158,1435121614,1002158,BME280,27.84,1006.44,56.823
2026-05-23 15:53:02.358,1435121814,1002358,BME280,27.84,1006.44,56.823
2026-05-23 15:53:02.558,1435122014,1002558,BME280,27.84,1006.44,56.823
2026-05-23 15:53:02.758,1435122214,1002758,BME280,27.84,1006.45,56.75
2026-05-23 15:53:02.958,1435122414,1002958,BME280,27.84,1006.45,56.75
2026-05-23 15:53:03.158,1435122614,1003158,BME280,27.84,1006.45,56.75
2026-05-23 15:53:03.358,1435122814,1003358,BME280,27.84,1006.45,56.75
2026-05-23 15:53:03.558,1435123014,1003558,BME280,27.84,1006.45,56.75
2026-05-23 15:53:03.758,1435123214,1003758,BME280,27.83,1006.45,56.755
2026-05-23 15:53:03.958,1435123414,1003958,BME280,27.83,1006.45,56.755
2026-05-23 15:53:04.158,1435123614,1004158,BME280,27.83,1006.45,56.755
2026-05-23 15:53:04.358,1435123814,1004358,BME280,27.83,1006.45,56.755
2026-05-23 15:53:04.558,1435124014,1004558,BME280,27.83,1006.45,56.755
2026-05-23 15:53:04.758,1435124214,1004758,BME280,27.84,1006.46,56.703
2026-05-23 15:53:04.958,1435124414,1004958,BME280,27.84,1006.46,56.703
2026-05-23 15:53:05.158,1435124614,1005158,BME280,27.84,1006.46,56.703
2026-05-23 15:53:05.358,1435124814,1005358,BME280,27.84,1006.46,56.703
2026-05-23 15:53:05.558,1435125014,1005558,BME280,27.84,1006.46,56.703
2026-05-23 15:53:05.758,1435125214,1005758,BME280,27.84,1006.45,56.741
2026-05-23 15:53:05.958,1435125414,1005958,BME280,27.84,1006.45,56.741
2026-05-23 15:53:06.158,1435125614,1006158,BME280,27.84,1006.45,56.741
2026-05-23 15:53:06.358,1435125814,1006358,BME280,27.84,1006.45,56.741
2026-05-23 15:53:06.558,1435126014,1006558,BME280,27.84,1006.45,56.741
2026-05-23 15:53:06.758,1435126214,1006758,BME280,27.84,1006.44,56.88
2026-05-23 15:53:06.958,1435126414,1006958,BME280,27.84,1006.44,56.88
2026-05-23 15:53:07.158,1435126614,1007158,BME280,27.84,1006.44,56.88
2026-05-23 15:53:07.358,1435126814,1007358,BME280,27.84,1006.44,56.88
2026-05-23 15:53:07.558,1435127014,1007558,BME280,27.84,1006.44,56.88
2026-05-23 15:53:07.758,1435127214,1007758,BME280,27.84,1006.45,56.808
2026-05-23 15:53:07.958,1435127414,1007958,BME280,27.84,1006.45,56.808
2026-05-23 15:53:08.158,1435127614,1008158,BME280,27.84,1006.45,56.808
2026-05-23 15:53:08.358,1435127814,1008358,BME280,27.84,1006.45,56.808
2026-05-23 15:53:08.558,1435128014,1008558,BME280,27.84,1006.45,56.808
2026-05-23 15:53:08.758,1435128214,1008758,BME280,27.84,1006.46,56.688
2026-05-23 15:53:08.958,1435128414,1008958,BME280,27.84,1006.46,56.688
2026-05-23 15:53:09.158,1435128614,1009158,BME280,27.84,1006.46,56.688
2026-05-23 15:53:09.358,1435128814,1009358,BME280,27.84,1006.46,56.688
2026-05-23 15:53:09.558,1435129014,1009558,BME280,27.84,1006.46,56.688
2026-05-23 15:53:09.758,1435129214,1009758,BME280,27.85,1006.48,56.535
2026-05-23 15:53:09.958,1435129414,1009958,BME280,27.85,1006.48,56.535
2026-05-23 15:53:10.158,1435129614,1010158,BME280,27.85,1006.48,56.535
2026-05-23 15:53:10.358,1435129814,1010358,BME280,27.85,1006.48,56.535
2026-05-23 15:53:10.558,1435130014,1010558,BME280,27.85,1006.48,56.535
2026-05-23 15:53:10.758,1435130214,1010758,BME280,27.85,1006.44,56.862
2026-05-23 15:53:10.958,1435130414,1010958,BME280,27.85,1006.44,56.862
2026-05-23 15:53:11.158,1435130614,1011158,BME280,27.85,1006.44,56.862
2026-05-23 15:53:11.358,1435130814,1011358,BME280,27.85,1006.44,56.862
2026-05-23 15:53:11.558,1435131014,1011558,BME280,27.85,1006.44,56.862
2026-05-23 15:53:11.758,1435131214,1011758,BME280,27.85,1006.46,56.713
2026-05-23 15:53:11.958,1435131414,1011958,BME280,27.85,1006.46,56.713
2026-05-23 15:53:12.158,1435131614,1012158,BME280,27.85,1006.46,56.713
2026-05-23 15:53:12.358,1435131814,1012358,BME280,27.85,1006.46,56.713
2026-05-23 15:53:12.558,1435132014,1012558,BME280,27.85,1006.46,56.713
2026-05-23 15:53:12.758,1435132214,1012758,BME280,27.85,1006.43,56.9
2026-05-23 15:53:12.958,1435132414,1012958,BME280,27.85,1006.43,56.9
2026-05-23 15:53:13.158,1435132614,1013158,BME280,27.85,1006.43,56.9
2026-05-23 15:53:13.358,1435132814,1013358,BME280,27.85,1006.43,56.9
2026-05-23 15:53:13.558,1435133014,1013558,BME280,27.85,1006.43,56.9
2026-05-23 15:53:13.758,1435133214,1013758,BME280,27.85,1006.43,56.964
2026-05-23 15:53:13.958,1435133414,1013958,BME280,27.85,1006.43,56.964
2026-05-23 15:53:14.158,1435133614,1014158,BME280,27.85,1006.43,56.964
2026-05-23 15:53:14.358,1435133814,1014358,BME280,27.85,1006.43,56.964
2026-05-23 15:53:14.558,1435134014,1014558,BME280,27.86,1006.45,56.801
2026-05-23 15:53:14.758,1435134214,1014758,BME280,27.86,1006.45,56.801
2026-05-23 15:53:14.958,1435134414,1014958,BME280,27.86,1006.45,56.801
2026-05-23 15:53:15.158,1435134614,1015158,BME280,27.86,1006.45,56.801
2026-05-23 15:53:15.358,1435134814,1015358,BME280,27.86,1006.45,56.801
2026-05-23 15:53:15.558,1435135014,1015558,BME280,27.86,1006.46,56.685
2026-05-23 15:53:15.758,1435135214,1015758,BME280,27.86,1006.46,56.685
2026-05-23 15:53:15.958,1435135414,1015958,BME280,27.86,1006.46,56.685
2026-05-23 15:53:16.158,1435135614,1016158,BME280,27.86,1006.46,56.685
2026-05-23 15:53:16.358,1435135814,1016358,BME280,27.86,1006.46,56.685
2026-05-23 15:53:16.558,1435136014,1016558,BME280,27.87,1006.45,56.765
2026-05-23 15:53:16.758,1435136214,1016758,BME280,27.87,1006.45,56.765
2026-05-23 15:53:16.958,1435136414,1016958,BME280,27.87,1006.45,56.765
2026-05-23 15:53:17.158,1435136614,1017158,BME280,27.87,1006.45,56.765
2026-05-23 15:53:17.358,1435136814,1017358,BME280,27.87,1006.45,56.765
2026-05-23 15:53:17.558,1435137014,1017558,BME280,27.87,1006.45,56.789
2026-05-23 15:53:17.758,1435137214,1017758,BME280,27.87,1006.45,56.789
2026-05-23 15:53:17.958,1435137414,1017958,BME280,27.87,1006.45,56.789
2026-05-23 15:53:18.158,1435137614,1018158,BME280,27.87,1006.45,56.789
2026-05-23 15:53:18.358,1435137814,1018358,BME280,27.87,1006.45,56.789
2026-05-23 15:53:18.558,1435138014,1018558,BME280,27.88,1006.47,56.626
2026-05-23 15:53:18.758,1435138214,1018758,BME280,27.88,1006.47,56.626
2026-05-23 15:53:18.958,1435138414,1018958,BME280,27.88,1006.47,56.626
2026-05-23 15:53:19.158,1435138614,1019158,BME280,27.88,1006.47,56.626
2026-05-23 15:53:19.358,1435138814,1019358,BME280,27.88,1006.47,56.626
2026-05-23 15:53:19.558,1435139014,1019558,BME280,27.88,1006.45,56.741
2026-05-23 15:53:19.758,1435139214,1019758,BME280,27.88,1006.45,56.741
2026-05-23 15:53:19.958,1435139414,1019958,BME280,27.88,1006.45,56.741
2026-05-23 15:53:20.158,1435139614,1020158,BME280,27.88,1006.45,56.741
2026-05-23 15:53:20.358,1435139814,1020358,BME280,27.88,1006.45,56.741
2026-05-23 15:53:20.558,1435140014,1020558,BME280,27.89,1006.47,56.642
2026-05-23 15:53:20.758,1435140214,1020758,BME280,27.89,1006.47,56.642
2026-05-23 15:53:20.958,1435140414,1020958,BME280,27.89,1006.47,56.642
2026-05-23 15:53:21.158,1435140614,1021158,BME280,27.89,1006.47,56.642
2026-05-23 15:53:21.358,1435140814,1021358,BME280,27.89,1006.47,56.642
2026-05-23 15:53:21.558,1435141014,1021558,BME280,27.89,1006.47,56.631
2026-05-23 15:53:21.758,1435141214,1021758,BME280,27.89,1006.47,56.631
2026-05-23 15:53:21.958,1435141414,1021958,BME280,27.89,1006.47,56.631
2026-05-23 15:53:22.158,1435141614,1022158,BME280,27.89,1006.47,56.631
2026-05-23 15:53:22.358,1435141814,1022358,BME280,27.89,1006.47,56.631
2026-05-23 15:53:22.558,1435142014,1022558,BME280,27.89,1006.45,56.748
2026-05-23 15:53:22.758,1435142214,1022758,BME280,27.89,1006.45,56.748
2026-05-23 15:53:22.958,1435142414,1022958,BME280,27.89,1006.45,56.748
2026-05-23 15:53:23.158,1435142614,1023158,BME280,27.89,1006.45,56.748
2026-05-23 15:53:23.358,1435142814,1023358,BME280,27.89,1006.45,56.748
2026-05-23 15:53:23.558,1435143014,1023558,BME280,27.9,1006.47,56.633
2026-05-23 15:53:23.758,1435143214,1023758,BME280,27.9,1006.47,56.633
2026-05-23 15:53:23.958,1435143414,1023958,BME280,27.9,1006.47,56.633
2026-05-23 15:53:24.158,1435143614,1024158,BME280,27.9,1006.47,56.633
2026-05-23 15:53:24.358,1435143814,1024358,BME280,27.9,1006.47,56.633
2026-05-23 15:53:24.558,1435144014,1024558,BME280,27.89,1006.44,56.834
2026-05-23 15:53:24.758,1435144214,1024758,BME280,27.89,1006.44,56.834
2026-05-23 15:53:24.958,1435144414,1024958,BME280,27.89,1006.44,56.834
2026-05-23 15:53:25.158,1435144614,1025158,BME280,27.89,1006.44,56.834
2026-05-23 15:53:25.358,1435144814,1025358,BME280,27.89,1006.44,56.834
2026-05-23 15:53:25.558,1435145014,1025558,BME280,27.91,1006.45,56.768
2026-05-23 15:53:25.758,1435145214,1025758,BME280,27.91,1006.45,56.768
2026-05-23 15:53:25.958,1435145414,1025958,BME280,27.91,1006.45,56.768
2026-05-23 15:53:26.158,1435145614,1026158,BME280,27.91,1006.45,56.768
2026-05-23 15:53:26.358,1435145814,1026358,BME280,27.91,1006.45,56.768
2026-05-23 15:53:26.558,1435146014,1026558,BME280,27.9,1006.46,56.687
2026-05-23 15:53:26.758,1435146214,1026758,BME280,27.9,1006.46,56.687
2026-05-23 15:53:26.958,1435146414,1026958,BME280,27.9,1006.46,56.687
2026-05-23 15:53:27.158,1435146614,1027158,BME280,27.9,1006.46,56.687
2026-05-23 15:53:27.358,1435146814,1027358,BME280,27.9,1006.46,56.687
2026-05-23 15:53:27.558,1435147014,1027558,BME280,27.9,1006.43,56.956
2026-05-23 15:53:27.758,1435147214,1027758,BME280,27.9,1006.43,56.956
2026-05-23 15:53:27.958,1435147414,1027958,BME280,27.9,1006.43,56.956
2026-05-23 15:53:28.158,1435147614,1028158,BME280,27.9,1006.43,56.956
2026-05-23 15:53:28.358,1435147814,1028358,BME280,27.9,1006.43,56.956
2026-05-23 15:53:28.558,1435148014,1028558,BME280,27.9,1006.42,57.003
2026-05-23 15:53:28.758,1435148214,1028758,BME280,27.9,1006.42,57.003
2026-05-23 15:53:28.958,1435148414,1028958,BME280,27.9,1006.42,57.003
2026-05-23 15:53:29.158,1435148614,1029158,BME280,27.9,1006.42,57.003
2026-05-23 15:53:29.358,1435148814,1029358,BME280,27.9,1006.42,57.003
2026-05-23 15:53:29.558,1435149014,1029558,BME280,27.89,1006.43,56.921
2026-05-23 15:53:29.758,1435149214,1029758,BME280,27.89,1006.43,56.921
2026-05-23 15:53:29.958,1435149414,1029958,BME280,27.89,1006.43,56.921
2026-05-23 15:53:30.158,1435149614,1030158,BME280,27.89,1006.43,56.921
2026-05-23 15:53:30.358,1435149814,1030358,BME280,27.89,1006.43,56.921
2026-05-23 15:53:30.558,1435150014,1030558,BME280,27.9,1006.45,56.811
2026-05-23 15:53:30.758,1435150214,1030758,BME280,27.9,1006.45,56.811
2026-05-23 15:53:30.958,1435150414,1030958,BME280,27.9,1006.45,56.811
2026-05-23 15:53:31.158,1435150614,1031158,BME280,27.9,1006.45,56.811
2026-05-23 15:53:31.358,1435150814,1031358,BME280,27.9,1006.45,56.811
2026-05-23 15:53:31.558,1435151014,1031558,BME280,27.9,1006.44,56.85
2026-05-23 15:53:31.758,1435151214,1031758,BME280,27.9,1006.44,56.85
2026-05-23 15:53:31.958,1435151414,1031958,BME280,27.9,1006.44,56.85
2026-05-23 15:53:32.158,1435151614,1032158,BME280,27.9,1006.44,56.85
2026-05-23 15:53:32.358,1435151814,1032358,BME280,27.9,1006.44,56.85
2026-05-23 15:53:32.558,1435152014,1032558,BME280,27.9,1006.45,56.758
2026-05-23 15:53:32.758,1435152214,1032758,BME280,27.9,1006.45,56.758
2026-05-23 15:53:32.958,1435152414,1032958,BME280,27.9,1006.45,56.758
2026-05-23 15:53:33.158,1435152614,1033158,BME280,27.9,1006.45,56.758
2026-05-23 15:53:33.358,1435152814,1033358,BME280,27.9,1006.45,56.758
2026-05-23 15:53:33.558,1435153014,1033558,BME280,27.9,1006.43,56.912
2026-05-23 15:53:33.758,1435153214,1033758,BME280,27.9,1006.43,56.912
2026-05-23 15:53:33.958,1435153414,1033958,BME280,27.9,1006.43,56.912
2026-05-23 15:53:34.158,1435153614,1034158,BME280,27.9,1006.43,56.912
2026-05-23 15:53:34.358,1435153814,1034358,BME280,27.9,1006.43,56.912
2026-05-23 15:53:34.558,1435154014,1034558,BME280,27.9,1006.44,56.831
2026-05-23 15:53:34.758,1435154214,1034758,BME280,27.9,1006.44,56.831
2026-05-23 15:53:34.958,1435154414,1034958,BME280,27.9,1006.44,56.831
2026-05-23 15:53:35.158,1435154614,1035158,BME280,27.9,1006.44,56.831
2026-05-23 15:53:35.358,1435154814,1035358,BME280,27.9,1006.44,56.831
2026-05-23 15:53:35.558,1435155014,1035558,BME280,27.91,1006.45,56.764
2026-05-23 15:53:35.758,1435155214,1035758,BME280,27.91,1006.45,56.764
2026-05-23 15:53:35.958,1435155414,1035958,BME280,27.91,1006.45,56.764
2026-05-23 15:53:36.158,1435155614,1036158,BME280,27.91,1006.45,56.764
2026-05-23 15:53:36.358,1435155814,1036358,BME280,27.91,1006.45,56.764
2026-05-23 15:53:36.558,1435156014,1036558,BME280,27.91,1006.43,56.947
2026-05-23 15:53:36.758,1435156214,1036758,BME280,27.91,1006.43,56.947
2026-05-23 15:53:36.958,1435156414,1036958,BME280,27.91,1006.43,56.947
2026-05-23 15:53:37.158,1435156614,1037158,BME280,27.91,1006.43,56.947
2026-05-23 15:53:37.358,1435156814,1037358,BME280,27.91,1006.43,56.947
2026-05-23 15:53:37.558,1435157014,1037558,BME280,27.92,1006.43,56.933
2026-05-23 15:53:37.758,1435157214,1037758,BME280,27.92,1006.43,56.933
2026-05-23 15:53:37.958,1435157414,1037958,BME280,27.92,1006.43,56.933
2026-05-23 15:53:38.158,1435157614,1038158,BME280,27.92,1006.43,56.933
2026-05-23 15:53:38.358,1435157814,1038358,BME280,27.92,1006.43,56.933
2026-05-23 15:53:38.558,1435158014,1038558,BME280,27.93,1006.46,56.713
2026-05-23 15:53:38.758,1435158214,1038758,BME280,27.93,1006.46,56.713
2026-05-23 15:53:38.958,1435158414,1038958,BME280,27.93,1006.46,56.713
2026-05-23 15:53:39.158,1435158614,1039158,BME280,27.93,1006.46,56.713
2026-05-23 15:53:39.358,1435158814,1039358,BME280,27.93,1006.46,56.713
2026-05-23 15:53:39.558,1435159014,1039558,BME280,27.93,1006.44,56.813
2026-05-23 15:53:39.758,1435159214,1039758,BME280,27.93,1006.44,56.813
2026-05-23 15:53:39.958,1435159414,1039958,BME280,27.93,1006.44,56.813
2026-05-23 15:53:40.158,1435159614,1040158,BME280,27.93,1006.44,56.813
2026-05-23 15:53:40.358,1435159814,1040358,BME280,27.93,1006.44,56.813
2026-05-23 15:53:40.558,1435160014,1040558,BME280,27.93,1006.43,56.972
2026-05-23 15:53:40.758,1435160214,1040758,BME280,27.93,1006.43,56.972
2026-05-23 15:53:40.958,1435160414,1040958,BME280,27.93,1006.43,56.972
2026-05-23 15:53:41.158,1435160614,1041158,BME280,27.93,1006.43,56.972
2026-05-23 15:53:41.358,1435160814,1041358,BME280,27.93,1006.43,56.972
2026-05-23 15:53:41.558,1435161014,1041558,BME280,27.93,1006.44,56.838
2026-05-23 15:53:41.758,1435161214,1041758,BME280,27.93,1006.44,56.838
2026-05-23 15:53:41.958,1435161414,1041958,BME280,27.93,1006.44,56.838
2026-05-23 15:53:42.158,1435161614,1042158,BME280,27.93,1006.44,56.838
2026-05-23 15:53:42.358,1435161814,1042358,BME280,27.93,1006.44,56.838
2026-05-23 15:53:42.558,1435162014,1042558,BME280,27.93,1006.44,56.833
2026-05-23 15:53:42.758,1435162214,1042758,BME280,27.93,1006.44,56.833
2026-05-23 15:53:42.958,1435162414,1042958,BME280,27.93,1006.44,56.833
2026-05-23 15:53:43.158,1435162614,1043158,BME280,27.93,1006.44,56.833
2026-05-23 15:53:43.358,1435162814,1043358,BME280,27.93,1006.44,56.833
2026-05-23 15:53:43.558,1435163014,1043558,BME280,27.93,1006.44,56.881
2026-05-23 15:53:43.758,1435163214,1043758,BME280,27.93,1006.44,56.881
2026-05-23 15:53:43.958,1435163414,1043958,BME280,27.93,1006.44,56.881
2026-05-23 15:53:44.158,1435163614,1044158,BME280,27.93,1006.44,56.881
2026-05-23 15:53:44.358,1435163814,1044358,BME280,27.93,1006.44,56.881
2026-05-23 15:53:44.558,1435164014,1044558,BME280,27.92,1006.44,56.871
2026-05-23 15:53:44.758,1435164214,1044758,BME280,27.92,1006.44,56.871
2026-05-23 15:53:44.958,1435164414,1044958,BME280,27.92,1006.44,56.871
2026-05-23 15:53:45.158,1435164614,1045158,BME280,27.92,1006.44,56.871
2026-05-23 15:53:45.505,1435164961,1045505,BME280,27.92,1006.42,56.986
2026-05-23 15:53:45.705,1435165161,1045705,BME280,27.92,1006.42,56.986
2026-05-23 15:53:45.905,1435165361,1045905,BME280,27.92,1006.42,56.986
2026-05-23 15:53:46.105,1435165561,1046105,BME280,27.92,1006.42,56.986
2026-05-23 15:53:46.305,1435165761,1046305,BME280,27.92,1006.42,56.986
2026-05-23 15:53:46.505,1435165961,1046505,BME280,27.91,1006.44,56.87
2026-05-23 15:53:46.705,1435166161,1046705,BME280,27.91,1006.44,56.87
2026-05-23 15:53:46.905,1435166361,1046905,BME280,27.91,1006.44,56.87
2026-05-23 15:53:47.105,1435166561,1047105,BME280,27.91,1006.44,56.87
2026-05-23 15:53:47.305,1435166761,1047305,BME280,27.91,1006.44,56.87
2026-05-23 15:53:47.505,1435166961,1047505,BME280,27.9,1006.41,57.134
2026-05-23 15:53:47.705,1435167161,1047705,BME280,27.9,1006.41,57.134
2026-05-23 15:53:47.905,1435167361,1047905,BME280,27.9,1006.41,57.134
2026-05-23 15:53:48.105,1435167561,1048105,BME280,27.9,1006.41,57.134
2026-05-23 15:53:48.305,1435167761,1048305,BME280,27.9,1006.41,57.134
2026-05-23 15:53:48.505,1435167961,1048505,BME280,27.9,1006.45,56.763
2026-05-23 15:53:48.705,1435168161,1048705,BME280,27.9,1006.45,56.763
2026-05-23 15:53:48.905,1435168361,1048905,BME280,27.9,1006.45,56.763
2026-05-23 15:53:49.105,1435168561,1049105,BME280,27.9,1006.45,56.763
2026-05-23 15:53:49.305,1435168761,1049305,BME280,27.9,1006.45,56.763
2026-05-23 15:53:49.505,1435168961,1049505,BME280,27.88,1006.44,56.867
2026-05-23 15:53:49.705,1435169161,1049705,BME280,27.88,1006.44,56.867
2026-05-23 15:53:49.905,1435169361,1049905,BME280,27.88,1006.44,56.867
2026-05-23 15:53:50.105,1435169561,1050105,BME280,27.88,1006.44,56.867
2026-05-23 15:53:50.305,1435169761,1050305,BME280,27.88,1006.44,56.867
2026-05-23 15:53:50.505,1435169961,1050505,BME280,27.89,1006.42,56.998
2026-05-23 15:53:50.705,1435170161,1050705,BME280,27.89,1006.42,56.998
2026-05-23 15:53:50.905,1435170361,1050905,BME280,27.89,1006.42,56.998
2026-05-23 15:53:51.105,1435170561,1051105,BME280,27.89,1006.42,56.998
2026-05-23 15:53:51.305,1435170761,1051305,BME280,27.89,1006.42,56.998
2026-05-23 15:53:51.505,1435170961,1051505,BME280,27.88,1006.42,57.046
2026-05-23 15:53:51.705,1435171161,1051705,BME280,27.88,1006.42,57.046
2026-05-23 15:53:51.905,1435171361,1051905,BME280,27.88,1006.42,57.046
2026-05-23 15:53:52.105,1435171561,1052105,BME280,27.88,1006.42,57.046
2026-05-23 15:53:52.305,1435171761,1052305,BME280,27.88,1006.42,57.046
2026-05-23 15:53:52.505,1435171961,1052505,BME280,27.88,1006.43,56.954
2026-05-23 15:53:52.705,1435172161,1052705,BME280,27.88,1006.43,56.954
2026-05-23 15:53:52.905,1435172361,1052905,BME280,27.88,1006.43,56.954
2026-05-23 15:53:53.105,1435172561,1053105,BME280,27.88,1006.43,56.954
2026-05-23 15:53:53.305,1435172761,1053305,BME280,27.88,1006.43,56.954
2026-05-23 15:53:53.505,1435172961,1053505,BME280,27.88,1006.44,56.853
2026-05-23 15:53:53.705,1435173161,1053705,BME280,27.88,1006.44,56.853
2026-05-23 15:53:53.905,1435173361,1053905,BME280,27.88,1006.44,56.853
2026-05-23 15:53:54.105,1435173561,1054105,BME280,27.88,1006.44,56.853
2026-05-23 15:53:54.305,1435173761,1054305,BME280,27.88,1006.44,56.853
2026-05-23 15:53:54.505,1435173961,1054505,BME280,27.88,1006.42,57.002
2026-05-23 15:53:54.705,1435174161,1054705,BME280,27.88,1006.42,57.002
2026-05-23 15:53:54.905,1435174361,1054905,BME280,27.88,1006.42,57.002
2026-05-23 15:53:55.105,1435174561,1055105,BME280,27.88,1006.42,57.002
2026-05-23 15:53:55.305,1435174761,1055305,BME280,27.88,1006.42,57.002
2026-05-23 15:53:55.505,1435174961,1055505,BME280,27.89,1006.4,57.152
2026-05-23 15:53:55.705,1435175161,1055705,BME280,27.89,1006.4,57.152
2026-05-23 15:53:55.905,1435175361,1055905,BME280,27.89,1006.4,57.152
2026-05-23 15:53:56.105,1435175561,1056105,BME280,27.89,1006.4,57.152
2026-05-23 15:53:56.305,1435175761,1056305,BME280,27.89,1006.4,57.152
2026-05-23 15:53:56.505,1435175961,1056505,BME280,27.89,1006.44,56.815
2026-05-23 15:53:56.705,1435176161,1056705,BME280,27.89,1006.44,56.815
2026-05-23 15:53:56.905,1435176361,1056905,BME280,27.89,1006.44,56.815
2026-05-23 15:53:57.105,1435176561,1057105,BME280,27.89,1006.44,56.815
2026-05-23 15:53:57.305,1435176761,1057305,BME280,27.89,1006.44,56.815
2026-05-23 15:53:57.505,1435176961,1057505,BME280,27.88,1006.43,56.954
2026-05-23 15:53:57.705,1435177161,1057705,BME280,27.88,1006.43,56.954
2026-05-23 15:53:57.905,1435177361,1057905,BME280,27.88,1006.43,56.954
2026-05-23 15:53:58.105,1435177561,1058105,BME280,27.88,1006.43,56.954
2026-05-23 15:53:58.305,1435177761,1058305,BME280,27.88,1006.43,56.954
2026-05-23 15:53:58.505,1435177961,1058505,BME280,27.89,1006.44,56.872
2026-05-23 15:53:58.705,1435178161,1058705,BME280,27.89,1006.44,56.872
2026-05-23 15:53:58.905,1435178361,1058905,BME280,27.89,1006.44,56.872
2026-05-23 15:53:59.105,1435178561,1059105,BME280,27.89,1006.44,56.872
2026-05-23 15:53:59.305,1435178761,1059305,BME280,27.89,1006.44,56.872
2026-05-23 15:53:59.505,1435178961,1059505,BME280,27.89,1006.42,57.032
2026-05-23 15:53:59.705,1435179161,1059705,BME280,27.89,1006.42,57.032
2026-05-23 15:53:59.905,1435179361,1059905,BME280,27.89,1006.42,57.032
2026-05-23 15:54:00.105,1435179561,1060105,BME280,27.89,1006.42,57.032
2026-05-23 15:54:00.305,1435179761,1060305,BME280,27.89,1006.42,57.032
2026-05-23 15:54:00.505,1435179961,1060505,BME280,27.89,1006.43,56.941
2026-05-23 15:54:00.705,1435180161,1060705,BME280,27.89,1006.43,56.941
2026-05-23 15:54:00.905,1435180361,1060905,BME280,27.89,1006.43,56.941
2026-05-23 15:54:01.105,1435180561,1061105,BME280,27.89,1006.43,56.941
2026-05-23 15:54:01.305,1435180761,1061305,BME280,27.89,1006.43,56.941
2026-05-23 15:54:01.505,1435180961,1061505,BME280,27.9,1006.43,56.931
2026-05-23 15:54:01.705,1435181161,1061705,BME280,27.9,1006.43,56.931
2026-05-23 15:54:01.905,1435181361,1061905,BME280,27.9,1006.43,56.931
2026-05-23 15:54:02.105,1435181561,1062105,BME280,27.9,1006.43,56.931
2026-05-23 15:54:02.305,1435181761,1062305,BME280,27.9,1006.43,56.931
2026-05-23 15:54:02.505,1435181961,1062505,BME280,27.91,1006.38,57.317
2026-05-23 15:54:02.705,1435182161,1062705,BME280,27.91,1006.38,57.317
2026-05-23 15:54:02.905,1435182361,1062905,BME280,27.91,1006.38,57.317
2026-05-23 15:54:03.105,1435182561,1063105,BME280,27.91,1006.38,57.317
2026-05-23 15:54:03.305,1435182761,1063305,BME280,27.91,1006.38,57.317
2026-05-23 15:54:03.505,1435182961,1063505,BME280,27.93,1006.37,57.469
2026-05-23 15:54:03.705,1435183161,1063705,BME280,27.93,1006.37,57.469
2026-05-23 15:54:03.905,1435183361,1063905,BME280,27.93,1006.37,57.469
2026-05-23 15:54:04.105,1435183561,1064105,BME280,27.93,1006.37,57.469
2026-05-23 15:54:04.305,1435183761,1064305,BME280,27.93,1006.37,57.469
2026-05-23 15:54:04.505,1435183961,1064505,BME280,27.94,1006.36,57.499
2026-05-23 15:54:04.705,1435184161,1064705,BME280,27.94,1006.36,57.499
2026-05-23 15:54:04.905,1435184361,1064905,BME280,27.94,1006.36,57.499
2026-05-23 15:54:05.105,1435184561,1065105,BME280,27.94,1006.36,57.499
2026-05-23 15:54:05.305,1435184761,1065305,BME280,27.94,1006.36,57.499
2026-05-23 15:54:05.505,1435184961,1065505,BME280,27.96,1006.39,57.283
2026-05-23 15:54:05.705,1435185161,1065705,BME280,27.96,1006.39,57.283
2026-05-23 15:54:05.905,1435185361,1065905,BME280,27.96,1006.39,57.283
2026-05-23 15:54:06.105,1435185561,1066105,BME280,27.96,1006.39,57.283
2026-05-23 15:54:06.305,1435185761,1066305,BME280,27.96,1006.39,57.283
2026-05-23 15:54:06.505,1435185961,1066505,BME280,27.97,1006.39,57.241
2026-05-23 15:54:06.705,1435186161,1066705,BME280,27.97,1006.39,57.241
2026-05-23 15:54:06.905,1435186361,1066905,BME280,27.97,1006.39,57.241
2026-05-23 15:54:07.105,1435186561,1067105,BME280,27.97,1006.39,57.241
2026-05-23 15:54:07.305,1435186761,1067305,BME280,27.97,1006.39,57.241
2026-05-23 15:54:07.505,1435186961,1067505,BME280,27.99,1006.41,57.065
2026-05-23 15:54:07.705,1435187161,1067705,BME280,27.99,1006.41,57.065
2026-05-23 15:54:07.905,1435187361,1067905,BME280,27.99,1006.41,57.065
2026-05-23 15:54:08.105,1435187561,1068105,BME280,27.99,1006.41,57.065
2026-05-23 15:54:08.305,1435187761,1068305,BME280,27.99,1006.41,57.065
2026-05-23 15:54:08.505,1435187961,1068505,BME280,28.01,1006.4,57.208
2026-05-23 15:54:08.705,1435188161,1068705,BME280,28.01,1006.4,57.208
2026-05-23 15:54:08.905,1435188361,1068905,BME280,28.01,1006.4,57.208
2026-05-23 15:54:09.105,1435188561,1069105,BME280,28.01,1006.4,57.208
2026-05-23 15:54:09.305,1435188761,1069305,BME280,28.01,1006.4,57.208
2026-05-23 15:54:09.505,1435188961,1069505,BME280,28.01,1006.42,57.016
