datetime,epoch_ms,ts_millis,mpu_id,ax,ay,az,gx,gy,gz
2026-05-20 14:57:44.060,1172603516,2120060,2,0.95654,-0.1355,0.31055,-3.481,-1.237,0.244
2026-05-20 14:57:57.558,1172617014,2133558,1,0.88965,-0.17163,0.57666,42.527,-9.74,5.885
2026-05-20 14:57:57.558,1172617014,2133558,2,0.97119,-0.01172,0.34399,-4.252,0.122,2.137
2026-05-20 14:57:58.929,1172618385,2133929,1,0.83081,-0.23364,0.7124,1.374,19.237,7.351
2026-05-20 14:57:58.929,1172618385,2133929,2,0.90747,0.02637,0.38184,14.618,11.397,7.427
2026-05-20 14:57:58.129,1172617585,2134129,1,0.80566,-0.22876,0.72778,-8.924,20.649,4.0
2026-05-20 14:57:58.129,1172617585,2134129,2,0.97461,-0.00903,0.31689,-16.595,-4.901,7.924
2026-05-20 14:57:58.329,1172617785,2134329,1,0.76538,-0.27246,0.77368,-1.221,0.733,-3.122
2026-05-20 14:57:58.329,1172617785,2134329,2,0.93164,-0.07764,0.35669,-4.588,-4.26,7.687
2026-05-20 14:57:58.529,1172617985,2134529,1,0.77661,-0.29858,0.7395,-3.901,3.847,1.74
2026-05-20 14:57:58.529,1172617985,2134529,2,0.94995,-0.08838,0.32739,-3.618,-1.527,2.473
2026-05-20 14:57:58.729,1172618185,2134729,1,0.77686,-0.28125,0.73413,0.015,1.351,-1.718
2026-05-20 14:57:58.729,1172618185,2134729,2,0.94946,-0.0896,0.33057,-1.153,1.191,-1.336
2026-05-20 14:57:59.929,1172619385,2134929,1,0.78003,-0.26001,0.74414,-1.29,1.458,-1.29
2026-05-20 14:57:59.929,1172619385,2134929,2,0.94849,-0.08374,0.33057,-2.725,-0.13,-0.008
2026-05-20 14:57:59.129,1172618585,2135129,1,0.78174,-0.25952,0.74536,-0.763,1.206,-0.42
2026-05-20 14:57:59.129,1172618585,2135129,2,0.94702,-0.07935,0.32959,-1.885,0.618,0.672
2026-05-20 14:57:59.329,1172618785,2135329,1,0.78369,-0.23779,0.76318,-0.145,0.344,2.443
2026-05-20 14:57:59.329,1172618785,2135329,2,0.94751,-0.0791,0.3252,2.679,2.42,6.137
2026-05-20 14:57:59.529,1172618985,2135529,1,0.78247,-0.29004,0.72119,-4.305,1.931,-0.916
2026-05-20 14:57:59.529,1172618985,2135529,2,0.94897,-0.12939,0.33081,-1.282,0.824,2.733
2026-05-20 14:57:59.729,1172619185,2135729,1,0.77832,-0.3103,0.73853,1.328,1.58,0.405
2026-05-20 14:57:59.729,1172619185,2135729,2,0.94995,-0.12134,0.32617,0.351,1.595,1.977
2026-05-20 14:58:00.929,1172620385,2135929,1,0.76953,-0.30029,0.74512,-0.924,1.153,0.405
2026-05-20 14:58:00.929,1172620385,2135929,2,0.94727,-0.10156,0.33105,0.443,0.427,0.244
2026-05-20 14:58:00.129,1172619585,2136129,1,0.77637,-0.2832,0.7356,-0.122,1.573,-1.244
2026-05-20 14:58:00.129,1172619585,2136129,2,0.94922,-0.11987,0.33203,-0.084,0.687,1.053
2026-05-20 14:58:00.329,1172619785,2136329,1,0.76636,-0.29663,0.73438,-0.595,1.412,0.573
2026-05-20 14:58:00.329,1172619785,2136329,2,0.94507,-0.10864,0.32422,-3.252,0.718,0.679
2026-05-20 14:58:00.529,1172619985,2136529,1,0.76733,-0.2959,0.73022,-0.786,1.748,-0.244
2026-05-20 14:58:00.529,1172619985,2136529,2,0.94727,-0.10913,0.32251,-2.153,0.618,0.557
2026-05-20 14:58:00.729,1172620185,2136729,1,0.77246,-0.29272,0.74023,-0.542,1.275,-0.656
2026-05-20 14:58:00.729,1172620185,2136729,2,0.94897,-0.11426,0.32568,-2.137,0.015,0.252
2026-05-20 14:58:01.929,1172621385,2136929,1,0.77441,-0.29224,0.73047,-0.84,1.359,-0.527
2026-05-20 14:58:01.929,1172621385,2136929,2,0.94824,-0.11328,0.32104,-2.992,-0.687,0.466
2026-05-20 14:58:01.129,1172620585,2137129,1,0.77612,-0.29272,0.73779,-0.679,1.641,-0.206
2026-05-20 14:58:01.129,1172620585,2137129,2,0.94653,-0.11182,0.31885,-1.954,0.076,0.618
2026-05-20 14:58:01.329,1172620785,2137329,1,0.7749,-0.29028,0.7478,-0.427,1.336,-0.542
2026-05-20 14:58:01.329,1172620785,2137329,2,0.94922,-0.11499,0.32251,-1.672,0.58,0.55
2026-05-20 14:58:01.529,1172620985,2137529,1,0.77148,-0.2981,0.72974,0.115,1.107,-1.168
2026-05-20 14:58:01.529,1172620985,2137529,2,0.94727,-0.12085,0.3252,-2.061,0.473,-0.168
2026-05-20 14:58:01.729,1172621185,2137729,1,0.7749,-0.27539,0.73999,1.153,1.351,-0.458
2026-05-20 14:58:01.729,1172621185,2137729,2,0.95483,-0.10352,0.32349,2.176,1.176,0.656
2026-05-20 14:58:02.929,1172622385,2137929,1,0.76929,-0.27856,0.74414,-0.061,1.55,1.061
2026-05-20 14:58:02.929,1172622385,2137929,2,0.94873,-0.11572,0.32568,0.198,0.985,1.779
2026-05-20 14:58:02.129,1172621585,2138129,1,0.76611,-0.29297,0.74414,-0.992,1.252,-0.107
2026-05-20 14:58:02.129,1172621585,2138129,2,0.94556,-0.11157,0.33032,-1.229,0.344,0.893
2026-05-20 14:58:02.329,1172621785,2138329,1,0.76807,-0.28979,0.74023,-1.038,-0.275,-3.13
2026-05-20 14:58:02.329,1172621785,2138329,2,0.94946,-0.11572,0.3186,-2.527,-0.542,-0.863
2026-05-20 14:58:02.529,1172621985,2138529,1,0.7749,-0.27441,0.7373,0.817,2.855,-0.779
2026-05-20 14:58:02.529,1172621985,2138529,2,0.94824,-0.10449,0.3208,-1.153,0.672,0.214
2026-05-20 14:58:02.729,1172622185,2138729,1,0.77441,-0.27466,0.74097,-0.527,2.015,-0.618
2026-05-20 14:58:02.729,1172622185,2138729,2,0.94067,-0.10278,0.32837,-2.366,0.214,1.053
2026-05-20 14:58:03.929,1172623385,2138929,1,0.77124,-0.2771,0.74023,-0.473,1.527,0.176
2026-05-20 14:58:03.929,1172623385,2138929,2,0.94604,-0.10889,0.32031,-1.588,0.794,1.153
2026-05-20 14:58:03.129,1172622585,2139129,1,0.76929,-0.28003,0.7439,-0.504,1.504,-0.58
2026-05-20 14:58:03.129,1172622585,2139129,2,0.94336,-0.11987,0.32031,-1.802,0.267,0.664
2026-05-20 14:58:03.495,1172622951,2139495,1,0.76147,-0.26416,0.7439,1.511,1.069,0.237
2026-05-20 14:58:03.495,1172622951,2139495,2,0.94385,-0.1062,0.32275,-4.351,-0.557,0.84
2026-05-20 14:58:03.695,1172623151,2139695,1,0.77539,-0.27417,0.7439,-0.115,1.16,-2.176
2026-05-20 14:58:03.695,1172623151,2139695,2,0.95093,-0.1189,0.31714,-2.542,0.779,0.542
2026-05-20 14:58:04.895,1172624351,2139895,1,0.77026,-0.28931,0.74902,-0.954,1.344,0.344
2026-05-20 14:58:04.895,1172624351,2139895,2,0.95264,-0.11108,0.31543,-1.634,-0.313,0.519
2026-05-20 14:58:04.095,1172623551,2140095,1,0.76904,-0.28613,0.75439,-0.336,1.573,-0.824
2026-05-20 14:58:04.095,1172623551,2140095,2,0.95044,-0.11304,0.32104,-2.237,-0.107,0.45
2026-05-20 14:58:04.295,1172623751,2140295,1,0.77197,-0.28223,0.74731,-0.412,1.26,-0.656
2026-05-20 14:58:04.295,1172623751,2140295,2,0.94482,-0.11475,0.31641,-1.038,-0.023,0.092
2026-05-20 14:58:04.495,1172623951,2140495,1,0.77051,-0.28296,0.75195,-0.374,1.42,-0.221
2026-05-20 14:58:04.495,1172623951,2140495,2,0.94897,-0.11523,0.32104,-1.298,0.389,0.389
2026-05-20 14:58:04.695,1172624151,2140695,1,0.77319,-0.28784,0.7439,0.053,1.786,-0.58
2026-05-20 14:58:04.695,1172624151,2140695,2,0.94946,-0.11792,0.32544,-1.519,0.092,-0.168
2026-05-20 14:58:05.895,1172625351,2140895,1,0.76611,-0.27686,0.74683,2.122,-4.496,-0.87
2026-05-20 14:58:05.895,1172625351,2140895,2,0.96655,-0.10327,0.31714,-3.573,0.076,1.305
2026-05-20 14:58:05.095,1172624551,2141095,1,0.77539,-0.26367,0.73022,-0.084,3.802,0.863
2026-05-20 14:58:05.095,1172624551,2141095,2,0.94409,-0.12085,0.32471,-3.145,1.542,1.557
2026-05-20 14:58:05.295,1172624751,2141295,1,0.77612,-0.26172,0.75098,1.351,2.626,1.748
2026-05-20 14:58:05.295,1172624751,2141295,2,0.94434,-0.11279,0.34131,-6.229,-1.42,0.84
2026-05-20 14:58:05.495,1172624951,2141495,1,0.76196,-0.30933,0.74878,5.595,8.275,-8.237
2026-05-20 14:58:05.495,1172624951,2141495,2,0.94019,-0.13281,0.33813,-7.092,2.168,-1.412
2026-05-20 14:58:05.695,1172625151,2141695,1,0.77563,-0.26611,0.75708,-2.817,0.794,2.809
2026-05-20 14:58:05.695,1172625151,2141695,2,0.95459,-0.11035,0.31519,-3.046,-1.115,1.015
2026-05-20 14:58:06.895,1172626351,2141895,1,0.7688,-0.28223,0.73145,-1.359,0.328,1.908
2026-05-20 14:58:06.895,1172626351,2141895,2,0.94165,-0.13477,0.32446,-2.0,-1.183,2.626
2026-05-20 14:58:06.095,1172625551,2142095,1,0.77002,-0.28906,0.74072,-4.366,1.313,1.168
2026-05-20 14:58:06.095,1172625551,2142095,2,0.95557,-0.12964,0.3125,-6.466,-2.687,2.252
2026-05-20 14:58:06.295,1172625751,2142295,1,0.77051,-0.29956,0.74854,-1.328,3.214,1.069
2026-05-20 14:58:06.295,1172625751,2142295,2,0.94897,-0.14233,0.31616,-1.504,1.427,3.305
2026-05-20 14:58:06.495,1172625951,2142495,1,0.76245,-0.30591,0.74585,-2.16,0.695,-2.313
2026-05-20 14:58:06.495,1172625951,2142495,2,0.95581,-0.14746,0.31079,-2.038,-2.916,0.099
2026-05-20 14:58:06.695,1172626151,2142695,1,0.77539,-0.30835,0.73169,0.351,0.511,-4.221
2026-05-20 14:58:06.695,1172626151,2142695,2,0.94971,-0.1416,0.30981,4.725,3.221,-1.977
2026-05-20 14:58:07.895,1172627351,2142895,1,0.77759,-0.25708,0.74487,0.802,-0.015,0.405
2026-05-20 14:58:07.895,1172627351,2142895,2,0.95703,-0.11621,0.30347,-0.702,0.84,1.336
2026-05-20 14:58:07.095,1172626551,2143095,1,0.76147,-0.29492,0.74072,-0.618,2.076,-1.527
2026-05-20 14:58:07.095,1172626551,2143095,2,0.96021,-0.13892,0.30249,-1.664,0.29,0.847
2026-05-20 14:58:07.323,1172626779,2143323,1,0.76978,-0.28564,0.72998,-0.092,1.611,0.313
2026-05-20 14:58:07.323,1172626779,2143323,2,0.95703,-0.12598,0.31348,-0.901,1.473,0.115
2026-05-20 14:58:07.523,1172626979,2143523,1,0.76733,-0.28296,0.74902,-0.328,1.458,-0.168
2026-05-20 14:58:07.523,1172626979,2143523,2,0.95166,-0.12842,0.30884,-2.725,-0.626,0.649
2026-05-20 14:58:07.723,1172627179,2143723,1,0.77075,-0.28149,0.74707,-0.305,1.71,0.031
2026-05-20 14:58:07.723,1172627179,2143723,2,0.94995,-0.12891,0.30713,-1.427,0.015,0.58
2026-05-20 14:58:08.923,1172628379,2143923,1,0.77271,-0.28809,0.75439,-0.519,1.389,-0.298
2026-05-20 14:58:08.923,1172628379,2143923,2,0.95581,-0.1333,0.30713,-1.099,0.412,0.588
2026-05-20 14:58:08.123,1172627579,2144123,1,0.77319,-0.28223,0.74512,-0.748,1.282,-0.588
2026-05-20 14:58:08.123,1172627579,2144123,2,0.94971,-0.13379,0.31543,-1.519,0.702,0.664
2026-05-20 14:58:08.323,1172627779,2144323,1,0.77051,-0.28369,0.75244,-0.176,1.496,-0.328
2026-05-20 14:58:08.323,1172627779,2144323,2,0.95483,-0.13062,0.3208,-1.13,0.565,0.626
2026-05-20 14:58:08.523,1172627979,2144523,1,0.76758,-0.28271,0.74634,-0.74,1.221,-0.084
2026-05-20 14:58:08.523,1172627979,2144523,2,0.95361,-0.13525,0.31348,-0.527,0.183,0.42
2026-05-20 14:58:08.723,1172628179,2144723,1,0.77954,-0.38623,0.73682,4.969,-13.038,-8.481
2026-05-20 14:58:08.723,1172628179,2144723,2,0.97705,-0.13892,0.27148,3.573,8.908,-20.489
2026-05-20 14:58:09.923,1172629379,2144923,1,0.84351,-0.19922,0.65405,25.183,-44.397,-17.786
2026-05-20 14:58:09.923,1172629379,2144923,2,0.9209,0.0293,0.39282,3.664,20.863,-27.847
2026-05-20 14:58:09.123,1172628579,2145123,1,0.96143,-0.02466,0.48706,8.618,-22.183,-19.115
2026-05-20 14:58:09.123,1172628579,2145123,2,0.85156,0.02271,0.49463,8.763,3.008,-16.992
2026-05-20 14:58:09.323,1172628779,2145323,1,0.95654,-0.05347,0.50684,0.794,8.191,-13.244
2026-05-20 14:58:09.323,1172628779,2145323,2,0.94849,0.0957,0.30273,-27.527,-32.198,-8.229
2026-05-20 14:58:09.523,1172628979,2145523,1,0.98169,-0.08936,0.48193,-4.366,-0.115,2.321
2026-05-20 14:58:09.523,1172628979,2145523,2,0.90259,0.04297,0.41821,4.565,1.802,7.397
2026-05-20 14:58:09.723,1172629179,2145723,1,0.96411,-0.09277,0.51904,-3.55,2.779,1.29
2026-05-20 14:58:09.723,1172629179,2145723,2,0.92407,0.04785,0.39453,-5.0,-8.855,1.939
2026-05-20 14:58:10.923,1172630379,2145923,1,0.96362,-0.09521,0.51025,-1.229,0.557,0.878
2026-05-20 14:58:10.923,1172630379,2145923,2,0.91553,0.0376,0.4021,-1.115,-1.229,0.786
2026-05-20 14:58:10.123,1172629579,2146123,1,0.9646,-0.08813,0.49951,-1.099,0.855,1.023
2026-05-20 14:58:10.123,1172629579,2146123,2,0.92285,0.05664,0.39502,-0.076,2.389,0.847
2026-05-20 14:58:10.323,1172629779,2146323,1,0.96948,-0.08862,0.50073,-1.351,1.527,-0.351
2026-05-20 14:58:10.323,1172629779,2146323,2,0.92065,0.05225,0.38623,1.122,0.275,1.336
2026-05-20 14:58:10.523,1172629979,2146523,1,0.95972,-0.08228,0.50244,-1.481,1.267,-0.16
2026-05-20 14:58:10.523,1172629979,2146523,2,0.92603,0.03979,0.42358,1.985,-3.656,3.366
2026-05-20 14:58:10.723,1172630179,2146723,1,0.95776,-0.07202,0.49805,-15.267,5.382,-7.702
2026-05-20 14:58:10.723,1172630179,2146723,2,0.92163,0.02075,0.29736,1.878,-2.397,9.733
2026-05-20 14:58:11.923,1172631379,2146923,1,0.96094,-0.10596,0.51953,2.672,1.137,1.313
2026-05-20 14:58:11.923,1172631379,2146923,2,0.9231,0.02173,0.39185,-0.924,2.695,1.206
2026-05-20 14:58:11.123,1172630579,2147123,1,0.95337,-0.09814,0.52368,2.351,1.573,-0.084
2026-05-20 14:58:11.123,1172630579,2147123,2,0.92847,0.0354,0.38452,-0.13,0.939,0.603
2026-05-20 14:58:11.323,1172630779,2147323,1,0.9624,-0.09741,0.51392,-0.29,1.015,-0.076
2026-05-20 14:58:11.323,1172630779,2147323,2,0.92603,0.02539,0.38135,-1.115,1.863,0.855
2026-05-20 14:58:11.523,1172630979,2147523,1,0.95557,-0.09619,0.52686,-0.008,0.878,0.664
2026-05-20 14:58:11.523,1172630979,2147523,2,0.92627,0.01782,0.3855,-0.458,1.29,0.55
2026-05-20 14:58:11.723,1172631179,2147723,1,0.96021,-0.10522,0.5144,0.87,1.115,0.214
2026-05-20 14:58:11.723,1172631179,2147723,2,0.92334,0.02368,0.38843,-0.099,2.901,0.504
2026-05-20 14:58:12.923,1172632379,2147923,1,0.9541,-0.09814,0.52295,-0.679,1.695,-0.542
2026-05-20 14:58:12.923,1172632379,2147923,2,0.92529,0.02759,0.39453,-1.26,0.58,0.137
2026-05-20 14:58:12.123,1172631579,2148123,1,0.95605,-0.10181,0.51953,-0.473,1.191,0.176
2026-05-20 14:58:12.123,1172631579,2148123,2,0.92432,0.03125,0.38696,-1.588,1.565,0.672
2026-05-20 14:58:12.323,1172631779,2148323,1,0.96143,-0.10083,0.52417,0.45,1.443,-0.153
2026-05-20 14:58:12.323,1172631779,2148323,2,0.92847,0.03174,0.38135,-0.321,0.748,0.733
2026-05-20 14:58:12.523,1172631979,2148523,1,0.95801,-0.10278,0.51782,-0.565,1.366,-0.542
2026-05-20 14:58:12.523,1172631979,2148523,2,0.92505,0.02344,0.38843,-0.939,0.672,0.237
2026-05-20 14:58:12.723,1172632179,2148723,1,0.96021,-0.09766,0.51514,-0.565,1.611,-0.351
2026-05-20 14:58:12.723,1172632179,2148723,2,0.9209,0.02539,0.38721,-1.191,0.435,0.321
2026-05-20 14:58:13.923,1172633379,2148923,1,0.95947,-0.09595,0.5166,-0.42,1.611,-0.786
2026-05-20 14:58:13.923,1172633379,2148923,2,0.92334,0.02686,0.38794,-0.87,-0.092,0.618
2026-05-20 14:58:13.123,1172632579,2149123,1,0.95654,-0.10229,0.5271,0.336,1.359,0.206
2026-05-20 14:58:13.123,1172632579,2149123,2,0.92407,0.03003,0.39502,-2.634,-0.198,0.244
2026-05-20 14:58:13.323,1172632779,2149323,1,0.96411,-0.10596,0.51318,1.809,1.168,0.725
2026-05-20 14:58:13.323,1172632779,2149323,2,0.92822,0.04395,0.38135,1.267,3.412,0.893
2026-05-20 14:58:13.523,1172632979,2149523,1,0.96289,-0.10693,0.51392,-1.366,1.0,-0.656
2026-05-20 14:58:13.523,1172632979,2149523,2,0.92505,0.02319,0.39307,-1.58,-0.458,0.885
2026-05-20 14:58:13.723,1172633179,2149723,1,0.95532,-0.10767,0.51147,0.351,1.74,-0.328
2026-05-20 14:58:13.723,1172633179,2149723,2,0.93066,0.02612,0.3855,-1.817,-0.008,0.611
2026-05-20 14:58:14.923,1172634379,2149923,1,0.96069,-0.10449,0.51807,0.603,2.176,-0.626
2026-05-20 14:58:14.923,1172634379,2149923,2,0.92432,0.01929,0.38672,-0.962,0.618,0.634
2026-05-20 14:58:14.123,1172633579,2150123,1,0.95947,-0.10498,0.52637,-0.481,1.305,-0.511
2026-05-20 14:58:14.123,1172633579,2150123,2,0.91577,0.02686,0.38892,-1.435,1.443,0.473
2026-05-20 14:58:14.323,1172633779,2150323,1,0.95752,-0.09375,0.51685,-0.374,1.153,-0.145
2026-05-20 14:58:14.323,1172633779,2150323,2,0.92505,0.02905,0.38452,-1.084,0.092,0.725
2026-05-20 14:58:14.523,1172633979,2150523,1,0.9668,-0.1189,0.52393,0.435,1.191,-0.023
2026-05-20 14:58:14.523,1172633979,2150523,2,0.94531,0.02051,0.41919,3.244,-0.496,-0.863
2026-05-20 14:58:14.723,1172634179,2150723,1,0.92139,-0.12427,0.51929,1.328,1.336,0.756
2026-05-20 14:58:14.723,1172634179,2150723,2,0.94849,0.05615,0.39307,-4.427,-9.435,-1.954
2026-05-20 14:58:15.923,1172635379,2150923,1,0.91211,-0.09497,0.51611,-1.847,2.473,0.328
2026-05-20 14:58:15.923,1172635379,2150923,2,0.92114,0.07349,0.33691,-4.664,-5.672,-1.046
2026-05-20 14:58:15.123,1172634579,2151123,1,0.97266,-0.10645,0.53662,-3.908,1.771,-0.939
2026-05-20 14:58:15.123,1172634579,2151123,2,0.92896,0.0271,0.34253,4.198,3.779,0.924
2026-05-20 14:58:15.323,1172634779,2151323,1,0.9895,-0.10181,0.50244,0.649,0.42,-0.496
2026-05-20 14:58:15.323,1172634779,2151323,2,0.94458,0.0625,0.36768,7.458,4.282,2.641
2026-05-20 14:58:15.523,1172634979,2151523,1,0.96558,-0.1123,0.5022,-0.901,-0.252,0.29
2026-05-20 14:58:15.523,1172634979,2151523,2,0.927,0.04297,0.39917,-2.992,6.71,-0.817
2026-05-20 14:58:15.723,1172635179,2151723,1,0.95728,-0.07886,0.52344,0.13,-0.122,-0.969
2026-05-20 14:58:15.723,1172635179,2151723,2,0.91602,0.04541,0.37524,-10.893,-2.13,-0.908
2026-05-20 14:58:16.923,1172636379,2151923,1,0.97412,-0.10034,0.51318,-2.16,,-0.679
2026-05-20 14:58:16.923,1172636379,2151923,2,0.91724,0.03564,0.41162,-3.145,0.626,0.748
2026-05-20 14:58:16.123,1172635579,2152123,1,0.96582,-0.09448,0.50806,2.244,2.328,-0.153
2026-05-20 14:58:16.123,1172635579,2152123,2,0.90161,0.03467,0.37842,-3.985,-0.374,0.328
2026-05-20 14:58:16.323,1172635779,2152323,1,0.96118,-0.11719,0.49927,-2.832,3.153,1.069
2026-05-20 14:58:16.323,1172635779,2152323,2,0.92163,0.02002,0.39795,1.305,1.779,2.221
2026-05-20 14:58:16.523,1172635979,2152523,1,0.96289,-0.09814,0.50903,0.481,2.252,-0.756
2026-05-20 14:58:16.523,1172635979,2152523,2,0.93433,0.0332,0.40161,-0.092,4.336,1.573
2026-05-20 14:58:16.723,1172636179,2152723,1,0.97388,-0.10889,0.50757,-0.611,1.183,0.603
2026-05-20 14:58:16.723,1172636179,2152723,2,0.91089,0.03564,0.37964,-1.107,3.038,-0.099
2026-05-20 14:58:17.923,1172637379,2152923,1,0.95801,-0.09741,0.50854,-0.214,1.305,0.061
2026-05-20 14:58:17.923,1172637379,2152923,2,0.91895,0.03101,0.40063,2.099,2.191,1.069
2026-05-20 14:58:17.123,1172636579,2153123,1,0.95898,-0.11182,0.51099,-2.611,0.87,-0.092
2026-05-20 14:58:17.123,1172636579,2153123,2,0.91284,0.02686,0.39941,-2.664,-0.908,0.489
2026-05-20 14:58:17.323,1172636779,2153323,1,0.96265,-0.11084,0.51294,-0.282,1.031,-0.427
2026-05-20 14:58:17.323,1172636779,2153323,2,0.92017,0.03247,0.40601,-1.863,-0.794,0.198
2026-05-20 14:58:17.523,1172636979,2153523,1,0.96021,-0.10767,0.51465,-0.26,1.718,-0.435
2026-05-20 14:58:17.523,1172636979,2153523,2,0.92627,0.03394,0.38403,-2.832,-1.26,1.046
2026-05-20 14:58:17.723,1172637179,2153723,1,0.9646,-0.10938,0.50708,-1.038,0.786,-0.221
2026-05-20 14:58:17.723,1172637179,2153723,2,0.9104,0.03394,0.41211,0.656,1.847,0.298
2026-05-20 14:58:18.923,1172638379,2153923,1,0.9668,-0.11133,0.5061,-0.626,1.725,-0.397
2026-05-20 14:58:18.923,1172638379,2153923,2,0.92554,0.02368,0.39795,-1.656,0.244,0.733
2026-05-20 14:58:18.123,1172637579,2154123,1,0.95947,-0.10327,0.51025,-0.504,1.076,-0.519
2026-05-20 14:58:18.123,1172637579,2154123,2,0.9231,0.03564,0.3916,-0.939,0.832,0.45
2026-05-20 14:58:18.323,1172637779,2154323,1,0.96313,-0.11572,0.5105,-1.038,1.962,-1.015
2026-05-20 14:58:18.323,1172637779,2154323,2,0.92114,0.03638,0.39209,-0.985,0.237,0.588
2026-05-20 14:58:18.523,1172637979,2154523,1,0.96143,-0.10522,0.51489,0.275,1.534,-0.275
2026-05-20 14:58:18.523,1172637979,2154523,2,0.91919,0.03149,0.40161,-1.71,0.168,0.779
2026-05-20 14:58:21.569,1172641025,2157569,1,0.95581,-0.10205,0.51074,-0.084,1.771,-0.443
2026-05-20 14:58:21.569,1172641025,2157569,2,0.92041,0.02832,0.3938,-0.672,0.275,0.557
2026-05-20 14:58:22.769,1172642225,2157769,1,0.96387,-0.10303,0.51782,-0.534,1.489,-0.71
2026-05-20 14:58:22.769,1172642225,2157769,2,0.92334,0.02661,0.39258,-1.519,0.053,0.443
2026-05-20 14:58:22.969,1172642425,2157969,1,0.95337,-0.10376,0.50879,-0.832,0.901,0.092
2026-05-20 14:58:22.969,1172642425,2157969,2,0.9209,0.03247,0.38232,-2.527,-0.229,0.748
2026-05-20 14:58:22.169,1172641625,2158169,1,0.95703,-0.10303,0.51294,-1.023,0.794,0.13
2026-05-20 14:58:22.169,1172641625,2158169,2,0.91846,0.0249,0.39771,-0.939,0.74,0.527
2026-05-20 14:58:22.369,1172641825,2158369,1,0.9624,-0.10938,0.51929,-0.71,1.359,-0.221
2026-05-20 14:58:22.369,1172641825,2158369,2,0.92017,0.03198,0.39111,-0.176,1.313,0.649
2026-05-20 14:58:22.569,1172642025,2158569,1,0.95947,-0.10156,0.51025,-0.176,1.344,-0.328
2026-05-20 14:58:22.569,1172642025,2158569,2,0.91626,0.02588,0.39331,0.13,1.092,0.756
2026-05-20 14:58:23.769,1172643225,2158769,1,0.95825,-0.09912,0.51196,-0.244,1.328,-0.725
2026-05-20 14:58:23.769,1172643225,2158769,2,0.91821,0.02783,0.39185,-1.458,-0.061,0.176
2026-05-20 14:58:23.969,1172643425,2158969,1,0.95313,-0.10132,0.5166,-0.13,1.511,-0.351
2026-05-20 14:58:23.969,1172643425,2158969,2,0.92041,0.03442,0.39893,-1.611,-0.344,0.427
2026-05-20 14:58:23.169,1172642625,2159169,1,0.95728,-0.10181,0.50806,-0.206,1.519,-0.603
2026-05-20 14:58:23.169,1172642625,2159169,2,0.91309,0.03174,0.39819,-3.321,-0.58,0.046
2026-05-20 14:58:23.369,1172642825,2159369,1,0.9585,-0.10547,0.50903,-0.977,1.534,-0.351
2026-05-20 14:58:23.369,1172642825,2159369,2,0.92432,0.03442,0.39648,-2.42,-1.427,0.366
2026-05-20 14:58:23.569,1172643025,2159569,1,0.95776,-0.10254,0.5166,-0.58,1.305,-0.389
2026-05-20 14:58:23.569,1172643025,2159569,2,0.91284,0.02881,0.396,-1.023,0.305,0.74
2026-05-20 14:58:24.769,1172644225,2159769,1,0.95898,-0.10059,0.50977,-0.229,1.931,-0.397
2026-05-20 14:58:24.769,1172644225,2159769,2,0.92188,0.03198,0.38892,-0.489,0.427,0.718
2026-05-20 14:58:24.969,1172644425,2159969,1,0.96143,-0.10718,0.51025,-0.718,1.718,-0.687
2026-05-20 14:58:24.969,1172644425,2159969,2,0.91772,0.02905,0.39258,-1.237,-0.435,0.328
2026-05-20 14:58:24.169,1172643625,2160169,1,0.96753,-0.09741,0.51953,-0.618,1.565,-0.504
2026-05-20 14:58:24.169,1172643625,2160169,2,0.92456,0.03613,0.39209,-1.099,0.756,0.595
2026-05-20 14:58:24.389,1172643845,2160389,1,0.9624,-0.10449,0.52344,-0.748,1.58,-0.473
2026-05-20 14:58:24.389,1172643845,2160389,2,0.92554,0.03345,0.38843,-2.092,-0.053,0.573
2026-05-20 14:58:24.589,1172644045,2160589,1,0.96289,-0.10034,0.51807,-0.473,1.298,-0.275
2026-05-20 14:58:24.589,1172644045,2160589,2,0.91919,0.0271,0.38892,-1.405,0.313,0.664
2026-05-20 14:58:25.789,1172645245,2160789,1,0.95679,-0.10498,0.52612,-0.359,1.298,-0.595
2026-05-20 14:58:25.789,1172645245,2160789,2,0.92212,0.02783,0.39307,-1.168,0.397,0.405
2026-05-20 14:58:25.989,1172645445,2160989,1,0.95972,-0.10376,0.52246,-0.191,1.191,-0.244
2026-05-20 14:58:25.989,1172645445,2160989,2,0.92139,0.03125,0.39673,-0.977,0.618,0.695
2026-05-20 14:58:25.189,1172644645,2161189,1,0.94946,-0.10059,0.50488,0.053,1.366,-0.122
2026-05-20 14:58:25.189,1172644645,2161189,2,0.9231,0.02954,0.39771,-1.405,1.405,0.733
2026-05-20 14:58:25.389,1172644845,2161389,1,0.96313,-0.10352,0.51855,-0.176,1.481,-0.237
2026-05-20 14:58:25.389,1172644845,2161389,2,0.92017,0.03198,0.39282,-0.031,1.145,0.794
2026-05-20 14:58:25.589,1172645045,2161589,1,0.95801,-0.10449,0.50928,-0.443,1.321,-0.336
2026-05-20 14:58:25.589,1172645045,2161589,2,0.92407,0.03027,0.39087,-0.634,1.092,0.87
2026-05-20 14:58:26.789,1172646245,2161789,1,0.9585,-0.09766,0.53052,-0.557,1.45,-0.137
2026-05-20 14:58:26.789,1172646245,2161789,2,0.91968,0.02979,0.39624,-2.618,-0.489,0.29
2026-05-20 14:58:26.989,1172646445,2161989,1,0.96045,-0.10303,0.52075,-0.87,1.435,-0.489
2026-05-20 14:58:26.989,1172646445,2161989,2,0.91626,0.03027,0.40356,-1.748,-0.298,0.282
2026-05-20 14:58:26.189,1172645645,2162189,1,0.96216,-0.10034,0.5293,-0.611,1.366,-0.595
2026-05-20 14:58:26.189,1172645645,2162189,2,0.92334,0.02661,0.41235,-0.924,0.924,0.84
2026-05-20 14:58:26.389,1172645845,2162389,1,0.96167,-0.10547,0.51904,-1.061,1.557,-0.519
2026-05-20 14:58:26.389,1172645845,2162389,2,0.92432,0.02368,0.38477,-0.893,1.0,0.855
2026-05-20 14:58:26.589,1172646045,2162589,1,0.9585,-0.10767,0.51611,-0.618,1.527,-0.573
2026-05-20 14:58:26.589,1172646045,2162589,2,0.92578,0.02783,0.39258,-2.168,-0.427,0.267
2026-05-20 14:58:27.789,1172647245,2162789,1,0.96069,-0.10913,0.52075,-0.687,1.137,-0.313
2026-05-20 14:58:27.789,1172647245,2162789,2,0.92212,0.0271,0.39063,-1.198,1.191,0.534
2026-05-20 14:58:27.989,1172647445,2162989,1,0.95728,-0.11157,0.51123,-1.099,1.855,-1.137
2026-05-20 14:58:27.989,1172647445,2162989,2,0.9292,0.03027,0.39331,-0.809,0.221,0.305
2026-05-20 14:58:27.189,1172646645,2163189,1,0.96582,-0.09546,0.51978,-0.26,0.847,-0.366
2026-05-20 14:58:27.189,1172646645,2163189,2,0.92114,0.02539,0.39771,-1.084,0.336,0.382
2026-05-20 14:58:27.389,1172646845,2163389,1,0.95532,-0.10596,0.52417,-0.298,1.282,-0.221
2026-05-20 14:58:27.389,1172646845,2163389,2,0.92505,0.03027,0.39136,-0.336,1.321,1.038
2026-05-20 14:58:27.589,1172647045,2163589,1,0.95703,-0.10083,0.50952,-0.099,1.153,-0.115
2026-05-20 14:58:27.589,1172647045,2163589,2,0.9231,0.0332,0.39478,-1.748,0.481,0.58
2026-05-20 14:58:28.789,1172648245,2163789,1,0.96289,-0.10547,0.51294,0.321,1.069,0.16
2026-05-20 14:58:28.789,1172648245,2163789,2,0.91943,0.03638,0.38745,-0.573,1.359,0.733
2026-05-20 14:58:28.989,1172648445,2163989,1,0.95679,-0.10693,0.50659,-0.214,1.137,-0.107
2026-05-20 14:58:28.989,1172648445,2163989,2,0.92065,0.02222,0.40112,-0.794,0.756,0.595
2026-05-20 14:58:28.198,1172647654,2164197,1,0.96265,-0.10815,0.51733,-0.351,1.313,-0.527
2026-05-20 14:58:28.198,1172647654,2164197,2,0.91919,0.03296,0.39844,-2.275,-0.359,0.206
2026-05-20 14:58:28.397,1172647853,2164397,1,0.95752,-0.10742,0.52148,-2.061,0.908,-0.42
2026-05-20 14:58:28.397,1172647853,2164397,2,0.9187,0.01807,0.40308,-1.733,0.573,0.015
2026-05-20 14:58:28.597,1172648053,2164597,1,0.94678,-0.09351,0.53711,-4.71,0.351,2.458
2026-05-20 14:58:28.597,1172648053,2164597,2,0.91357,0.03979,0.40625,-10.595,-12.695,-0.557
2026-05-20 14:58:29.797,1172649253,2164797,1,0.94629,-0.14453,0.54028,2.763,-8.962,-0.405
2026-05-20 14:58:29.797,1172649253,2164797,2,0.92676,0.01563,0.41333,-2.733,6.038,-2.176
2026-05-20 14:58:29.997,1172649453,2164997,1,0.96216,-0.104,0.51978,-3.321,2.45,-2.053
2026-05-20 14:58:29.997,1172649453,2164997,2,0.91382,0.02979,0.40283,-2.695,3.908,1.13
2026-05-20 14:58:29.197,1172648653,2165197,1,0.94775,-0.11743,0.521,0.053,1.366,-0.328
2026-05-20 14:58:29.197,1172648653,2165197,2,0.92114,0.0354,0.38525,-2.855,-1.863,-0.053
2026-05-20 14:58:29.397,1172648853,2165397,1,0.96582,-0.11304,0.52148,-0.191,0.214,-0.855
2026-05-20 14:58:29.397,1172648853,2165397,2,0.92212,0.02808,0.40674,1.153,2.702,0.534
2026-05-20 14:58:29.597,1172649053,2165597,1,0.94385,-0.10669,0.49219,-1.0,4.244,0.214
2026-05-20 14:58:29.597,1172649053,2165597,2,0.92676,0.02393,0.38867,-3.115,-0.023,0.542
2026-05-20 14:58:30.797,1172650253,2165797,1,0.94971,-0.11182,0.53345,2.023,1.527,1.374
2026-05-20 14:58:30.797,1172650253,2165797,2,0.92456,0.02319,0.39209,-1.42,-0.237,1.206
2026-05-20 14:58:30.997,1172650453,2165997,1,0.95605,-0.11304,0.52344,0.023,1.84,-0.252
2026-05-20 14:58:30.997,1172650453,2165997,2,0.92432,0.0293,0.37891,-0.763,1.542,0.458
2026-05-20 14:58:30.197,1172649653,2166197,1,0.95728,-0.10547,0.52856,-1.206,1.336,-0.817
2026-05-20 14:58:30.197,1172649653,2166197,2,0.92383,0.03052,0.39453,0.58,2.244,0.656
2026-05-20 14:58:30.397,1172649853,2166397,1,0.95313,-0.10645,0.52515,-0.458,1.137,-0.55
2026-05-20 14:58:30.397,1172649853,2166397,2,0.92334,0.03027,0.39917,-1.229,0.802,0.733
2026-05-20 14:58:30.597,1172650053,2166597,1,0.9541,-0.10522,0.52051,-0.092,0.977,-0.13
2026-05-20 14:58:30.597,1172650053,2166597,2,0.91675,0.02661,0.39941,-0.649,0.015,0.405
2026-05-20 14:58:31.905,1172651361,2166905,1,0.94946,-0.1106,0.52905,-0.824,1.328,-0.344
2026-05-20 14:58:31.905,1172651361,2166905,2,0.92139,0.02783,0.39624,-1.412,-0.038,0.481
2026-05-20 14:58:31.105,1172650561,2167105,1,0.95239,-0.11206,0.53784,-0.908,1.237,-0.496
2026-05-20 14:58:31.105,1172650561,2167105,2,0.92212,0.02588,0.39478,-2.336,-0.565,0.198
2026-05-20 14:58:31.305,1172650761,2167305,1,0.95142,-0.11572,0.53027,-2.58,1.366,0.237
2026-05-20 14:58:31.305,1172650761,2167305,2,0.90918,0.02881,0.40918,-1.985,-2.389,-0.855
2026-05-20 14:58:31.505,1172650961,2167505,1,0.93286,-0.13452,0.53442,4.702,6.542,0.855
2026-05-20 14:58:31.505,1172650961,2167505,2,0.89282,0.02222,0.46436,13.031,-11.42,-3.084
2026-05-20 14:58:31.705,1172651161,2167705,1,0.94751,-0.10547,0.58105,-0.939,17.153,8.58
2026-05-20 14:58:31.705,1172651161,2167705,2,1.07837,0.09302,0.43213,-6.924,-66.397,-7.0
2026-05-20 14:58:32.905,1172652361,2167905,1,0.93188,-0.12402,0.57935,-1.466,-0.176,-3.878
2026-05-20 14:58:32.905,1172652361,2167905,2,0.9939,0.03711,0.27148,-1.756,5.153,3.26
2026-05-20 14:58:32.105,1172651561,2168105,1,0.90259,-0.13159,0.60645,-0.069,3.779,0.626
2026-05-20 14:58:32.105,1172651561,2168105,2,0.97144,0.04736,0.28198,-1.847,1.038,-0.107
2026-05-20 14:58:32.475,1172651931,2168475,1,0.90845,-0.13745,0.60181,-0.687,1.542,-0.756
2026-05-20 14:58:32.475,1172651931,2168475,2,0.96313,0.04541,0.28027,-1.145,-0.45,0.672
2026-05-20 14:58:32.675,1172652131,2168675,1,0.91333,-0.12524,0.6167,-0.924,1.885,-0.771
2026-05-20 14:58:32.675,1172652131,2168675,2,0.96533,0.04419,0.2793,-2.489,0.069,0.435
2026-05-20 14:58:33.875,1172653331,2168875,1,0.90771,-0.12744,0.61108,-1.061,1.183,-0.702
2026-05-20 14:58:33.875,1172653331,2168875,2,0.96533,0.0437,0.28003,-0.74,0.55,0.718
2026-05-20 14:58:33.075,1172652531,2169075,1,0.91162,-0.1272,0.61865,-0.298,0.947,-0.496
2026-05-20 14:58:33.075,1172652531,2169075,2,0.96997,0.04199,0.28223,2.015,-0.702,1.588
2026-05-20 14:58:33.275,1172652731,2169275,1,0.90991,-0.13403,0.59912,-0.763,1.191,-0.756
2026-05-20 14:58:33.275,1172652731,2169275,2,0.97363,0.04492,0.28296,-1.351,5.046,-0.031
2026-05-20 14:58:33.475,1172652931,2169475,1,0.91943,-0.13184,0.59961,-0.13,1.176,-0.023
2026-05-20 14:58:33.475,1172652931,2169475,2,0.97168,0.04663,0.27637,-0.519,-0.649,0.725
2026-05-20 14:58:33.675,1172653131,2169675,1,0.90576,-0.13062,0.6189,-2.061,-0.389,-0.351
2026-05-20 14:58:33.675,1172653131,2169675,2,0.96802,0.04639,0.28589,-1.985,0.679,0.527
2026-05-20 14:58:34.891,1172654347,2169890,1,0.91528,-0.13159,0.6001,1.0,1.435,-0.137
2026-05-20 14:58:34.891,1172654347,2169890,2,0.96655,0.04736,0.28369,-3.405,0.344,0.947
2026-05-20 14:58:34.421,1172653877,2170421,1,0.91162,-0.13647,0.59741,0.305,1.763,0.092
2026-05-20 14:58:34.421,1172653877,2170421,2,0.96606,0.05103,0.28564,-2.466,-0.885,1.252
2026-05-20 14:58:34.621,1172654077,2170621,1,0.91187,-0.14282,0.59399,-0.13,1.313,-0.099
2026-05-20 14:58:34.621,1172654077,2170621,2,0.9707,0.03662,0.27881,-1.473,1.008,0.756
2026-05-20 14:58:35.821,1172655277,2170821,1,0.90503,-0.14478,0.60669,-0.214,1.229,-0.198
2026-05-20 14:58:35.821,1172655277,2170821,2,0.96948,0.04248,0.27808,-1.847,0.275,0.565
2026-05-20 14:58:35.021,1172654477,2171021,1,0.91211,-0.13916,0.60278,-0.481,1.527,-0.405
2026-05-20 14:58:35.021,1172654477,2171021,2,0.96973,0.04077,0.28198,-2.412,0.176,0.565
2026-05-20 14:58:35.221,1172654677,2171221,1,0.90869,-0.13525,0.61987,-0.863,1.229,-0.718
2026-05-20 14:58:35.221,1172654677,2171221,2,0.9751,0.03442,0.28101,-1.405,0.939,0.198
2026-05-20 14:58:35.421,1172654877,2171421,1,0.91016,-0.12598,0.60864,-0.748,1.29,-0.779
2026-05-20 14:58:35.421,1172654877,2171421,2,0.96606,0.04199,0.2771,-1.221,0.168,0.397
2026-05-20 14:58:35.621,1172655077,2171621,1,0.92041,-0.13159,0.59497,-0.031,1.42,-0.29
2026-05-20 14:58:35.621,1172655077,2171621,2,0.96899,0.04517,0.28955,-1.45,0.924,0.351
2026-05-20 14:58:36.929,1172656385,2171929,1,0.90552,-0.1333,0.60474,-1.595,0.58,-0.076
2026-05-20 14:58:36.929,1172656385,2171929,2,0.96875,0.04492,0.27148,-0.969,0.916,0.557
2026-05-20 14:58:36.129,1172655585,2172129,1,0.91748,-0.13232,0.59033,-0.305,1.023,-0.382
2026-05-20 14:58:36.129,1172655585,2172129,2,0.97266,0.03784,0.28198,1.42,-0.252,1.435
2026-05-20 14:58:36.329,1172655785,2172329,1,0.91089,-0.13574,0.60156,-0.244,1.328,-0.282
2026-05-20 14:58:36.329,1172655785,2172329,2,0.97192,0.03882,0.28564,-0.298,4.649,0.305
2026-05-20 14:58:36.621,1172656077,2172621,1,0.91943,-0.13965,0.59668,-0.252,1.702,-0.809
2026-05-20 14:58:36.621,1172656077,2172621,2,0.97241,0.04077,0.27271,1.145,-0.359,0.603
2026-05-20 14:58:37.821,1172657277,2172821,1,0.91504,-0.13452,0.61206,-0.405,1.458,-0.504
2026-05-20 14:58:37.821,1172657277,2172821,2,0.96191,0.04321,0.28589,-2.779,4.664,0.481
2026-05-20 14:58:37.021,1172656477,2173021,1,0.90967,-0.14087,0.61011,-0.458,1.366,-0.748
2026-05-20 14:58:37.021,1172656477,2173021,2,0.97021,0.04468,0.29639,-4.366,0.374,-0.244
2026-05-20 14:58:37.221,1172656677,2173221,1,0.91602,-0.13013,0.59595,-1.496,2.221,0.008
2026-05-20 14:58:37.221,1172656677,2173221,2,0.95703,0.03784,0.2959,0.282,-4.092,0.534
2026-05-20 14:58:37.421,1172656877,2173421,1,0.91309,-0.13477,0.59155,-1.573,2.198,-1.176
2026-05-20 14:58:37.421,1172656877,2173421,2,0.97192,0.04517,0.2832,-3.008,0.405,-0.031
2026-05-20 14:58:38.748,1172658204,2173748,1,0.91455,-0.12573,0.60083,-0.374,1.336,-0.344
2026-05-20 14:58:38.748,1172658204,2173748,2,0.9729,0.04517,0.29321,-1.985,0.939,0.359
2026-05-20 14:58:38.948,1172658404,2173948,1,0.90942,-0.13232,0.60059,-0.504,1.275,0.107
2026-05-20 14:58:38.948,1172658404,2173948,2,0.96704,0.04492,0.28027,-1.527,0.641,0.817
2026-05-20 14:58:38.148,1172657604,2174148,1,0.90723,-0.12939,0.60083,-0.519,1.748,-0.504
2026-05-20 14:58:38.148,1172657604,2174148,2,0.92188,0.02881,0.34302,7.939,13.603,-5.244
2026-05-20 14:58:41.134,1172660590,2177134,1,0.89868,-0.07983,0.56982,1.702,-7.71,-3.756
2026-05-20 14:58:41.134,1172660590,2177134,2,0.94604,0.08203,0.36206,-3.641,-2.084,-1.023
2026-05-20 14:58:41.334,1172660790,2177334,1,0.92627,-0.11035,0.56128,-9.45,1.916,-8.763
2026-05-20 14:58:41.334,1172660790,2177334,2,0.94238,0.03662,0.34424,-1.282,0.885,0.252
2026-05-20 14:58:44.156,1172663612,2180156,1,0.91626,-0.1377,0.59082,-0.496,1.351,-0.573
2026-05-20 14:58:44.156,1172663612,2180156,2,0.94263,0.04297,0.35132,-0.916,0.427,0.489
2026-05-20 14:58:44.356,1172663812,2180356,1,0.91821,-0.12915,0.5835,-0.901,1.008,-0.466
2026-05-20 14:58:44.356,1172663812,2180356,2,0.94067,0.04272,0.3584,-1.55,0.634,0.656
2026-05-20 14:58:44.556,1172664012,2180556,1,0.92749,-0.14014,0.58569,-0.298,1.42,-0.427
2026-05-20 14:58:44.556,1172664012,2180556,2,0.94482,0.03638,0.34302,-0.244,-0.038,0.954
2026-05-20 14:58:45.756,1172665212,2180756,1,0.92261,-0.14136,0.59277,0.115,1.832,-0.305
2026-05-20 14:58:45.756,1172665212,2180756,2,0.94702,0.04272,0.34058,0.366,1.29,0.496
2026-05-20 14:58:45.956,1172665412,2180956,1,0.92065,-0.13892,0.58643,-1.069,1.053,-0.26
2026-05-20 14:58:45.956,1172665412,2180956,2,0.93726,0.0376,0.3501,-1.16,0.176,0.527
2026-05-20 14:58:45.156,1172664612,2181156,1,0.92163,-0.13745,0.58276,0.168,1.176,-0.229
2026-05-20 14:58:45.156,1172664612,2181156,2,0.94189,0.04297,0.35498,-0.458,0.58,0.969
2026-05-20 14:58:45.356,1172664812,2181356,1,0.91772,-0.13477,0.59326,0.191,1.336,-0.038
2026-05-20 14:58:45.356,1172664812,2181356,2,0.9436,0.04175,0.3479,-2.107,0.481,0.786
2026-05-20 14:58:45.556,1172665012,2181556,1,0.92285,-0.13794,0.59497,-0.267,1.198,-0.076
2026-05-20 14:58:45.556,1172665012,2181556,2,0.94434,0.04565,0.34277,-2.626,-1.069,0.634
2026-05-20 14:58:46.756,1172666212,2181756,1,0.91333,-0.13599,0.58984,-0.321,1.206,-0.794
2026-05-20 14:58:46.756,1172666212,2181756,2,0.94409,0.03418,0.35425,-3.649,0.71,-0.214
2026-05-20 14:58:46.956,1172666412,2181956,1,0.92749,-0.13037,0.58276,-0.656,1.695,-0.641
2026-05-20 14:58:46.956,1172666412,2181956,2,0.94946,0.04468,0.3457,-1.107,0.26,0.298
2026-05-20 14:58:46.156,1172665612,2182156,1,0.91992,-0.13477,0.58911,-0.427,1.466,-0.496
2026-05-20 14:58:46.156,1172665612,2182156,2,0.94727,0.03809,0.35352,-1.29,0.718,0.237
2026-05-20 14:58:46.356,1172665812,2182356,1,0.92041,-0.13647,0.59009,-0.237,1.183,-0.473
2026-05-20 14:58:46.356,1172665812,2182356,2,0.94556,0.04224,0.3457,-2.756,0.496,0.244
2026-05-20 14:58:46.556,1172666012,2182556,1,0.91602,-0.13574,0.57544,-0.55,1.359,-0.206
2026-05-20 14:58:46.556,1172666012,2182556,2,0.94775,0.04077,0.33643,-2.13,0.145,0.389
2026-05-20 14:58:47.756,1172667212,2182756,1,0.92285,-0.14038,0.58179,-0.191,1.389,-0.305
2026-05-20 14:58:47.756,1172667212,2182756,2,0.94043,0.0354,0.35522,-0.725,0.282,0.405
2026-05-20 14:58:47.956,1172667412,2182956,1,0.92285,-0.13208,0.58936,-0.908,1.473,-0.321
2026-05-20 14:58:47.956,1172667412,2182956,2,0.94189,0.04297,0.3418,-2.069,0.565,0.038
2026-05-20 14:58:47.156,1172666612,2183156,1,0.92358,-0.1355,0.58838,-0.382,1.267,-0.603
2026-05-20 14:58:47.156,1172666612,2183156,2,0.94263,0.04492,0.34204,-1.351,0.321,0.687
2026-05-20 14:58:47.356,1172666812,2183356,1,0.91309,-0.13525,0.5791,-2.069,-0.053,0.16
2026-05-20 14:58:47.356,1172666812,2183356,2,0.94336,0.0376,0.33643,-0.481,-2.573,1.206
2026-05-20 14:58:47.556,1172667012,2183556,1,0.9231,-0.13232,0.57739,-1.183,0.099,0.267
2026-05-20 14:58:47.556,1172667012,2183556,2,0.94238,0.03491,0.33398,0.74,0.389,1.435
2026-05-20 14:58:48.756,1172668212,2183756,1,0.927,-0.14917,0.57983,0.122,1.328,-0.115
2026-05-20 14:58:48.756,1172668212,2183756,2,0.94971,0.0376,0.33569,0.702,0.466,0.71
2026-05-20 14:58:48.956,1172668412,2183956,1,0.92041,-0.14209,0.57861,0.336,1.588,-0.58
2026-05-20 14:58:48.956,1172668412,2183956,2,0.94263,0.03833,0.33423,-0.328,0.992,0.641
2026-05-20 14:58:48.156,1172667612,2184156,1,0.91626,-0.13892,0.58716,-0.099,1.435,-0.198
2026-05-20 14:58:48.156,1172667612,2184156,2,0.94409,0.03442,0.33813,-0.221,1.374,0.634
2026-05-20 14:58:48.356,1172667812,2184356,1,0.91992,-0.14502,0.57178,-0.344,1.397,-1.16
2026-05-20 14:58:48.356,1172667812,2184356,2,0.94604,0.03369,0.34351,-3.351,1.695,-0.916
2026-05-20 14:58:48.556,1172668012,2184556,1,0.91528,-0.1377,0.59009,-1.191,1.344,-0.534
2026-05-20 14:58:48.556,1172668012,2184556,2,0.94312,0.0415,0.33716,-3.473,0.153,0.198
2026-05-20 14:58:49.756,1172669212,2184756,1,0.91968,-0.1377,0.58643,0.443,1.71,-0.489
2026-05-20 14:58:49.756,1172669212,2184756,2,0.94727,0.03931,0.3501,-1.359,0.336,0.725
2026-05-20 14:58:49.956,1172669412,2184956,1,0.91553,-0.13965,0.59692,-0.053,1.427,-0.053
2026-05-20 14:58:49.956,1172669412,2184956,2,0.95044,0.04126,0.34229,-2.015,0.565,0.237
2026-05-20 14:58:49.156,1172668612,2185156,1,0.92603,-0.13354,0.58887,-0.427,1.496,-0.832
2026-05-20 14:58:49.156,1172668612,2185156,2,0.94507,0.03516,0.3335,-2.275,0.618,0.397
2026-05-20 14:58:49.379,1172668835,2185379,1,0.92407,-0.1521,0.58057,-0.229,1.71,-0.382
2026-05-20 14:58:49.379,1172668835,2185379,2,0.93799,0.03809,0.3335,-1.031,0.305,0.397
2026-05-20 14:58:49.579,1172669035,2185579,1,0.91992,-0.13403,0.59155,-0.664,0.954,-0.023
2026-05-20 14:58:49.579,1172669035,2185579,2,0.94556,0.04297,0.34229,-1.939,0.427,0.511
2026-05-20 14:58:50.779,1172670235,2185779,1,0.92285,-0.13403,0.59375,-0.595,1.458,-0.344
2026-05-20 14:58:50.779,1172670235,2185779,2,0.94189,0.04395,0.34424,-1.443,0.412,0.695
2026-05-20 14:58:50.979,1172670435,2185979,1,0.91724,-0.1355,0.59106,-0.366,1.443,-0.382
2026-05-20 14:58:50.979,1172670435,2185979,2,0.95142,0.04028,0.34351,-0.58,1.656,0.832
2026-05-20 14:58:50.179,1172669635,2186179,1,0.92065,-0.14209,0.5813,-0.282,1.489,-0.832
2026-05-20 14:58:50.179,1172669635,2186179,2,0.9458,0.04248,0.3374,0.183,0.489,0.496
2026-05-20 14:58:50.379,1172669835,2186379,1,0.92773,-0.14038,0.58569,0.336,1.282,-0.511
2026-05-20 14:58:50.379,1172669835,2186379,2,0.94434,0.04614,0.33423,1.13,1.359,0.695
2026-05-20 14:58:50.579,1172670035,2186579,1,0.91748,-0.13257,0.58276,0.29,1.427,-0.664
2026-05-20 14:58:50.579,1172670035,2186579,2,0.94141,0.04321,0.34717,-1.26,0.382,0.71
2026-05-20 14:58:51.779,1172671235,2186779,1,0.91406,-0.13037,0.58252,-0.137,1.504,-0.595
2026-05-20 14:58:51.779,1172671235,2186779,2,0.94434,0.04443,0.34668,-3.0,0.427,0.321
2026-05-20 14:58:51.988,1172671444,2186987,1,0.92041,-0.13135,0.58716,-0.42,1.427,-0.313
2026-05-20 14:58:51.988,1172671444,2186987,2,0.94165,0.04102,0.34692,-3.076,0.58,0.359
2026-05-20 14:58:51.187,1172670643,2187187,1,0.92432,-0.12939,0.59399,-0.527,1.55,-0.252
2026-05-20 14:58:51.187,1172670643,2187187,2,0.94531,0.04053,0.34741,-1.809,-2.092,0.336
2026-05-20 14:58:51.387,1172670843,2187387,1,0.91382,-0.12524,0.59399,-1.023,1.145,-0.137
2026-05-20 14:58:51.387,1172670843,2187387,2,0.94043,0.04761,0.354,-2.443,0.687,0.42
2026-05-20 14:58:51.587,1172671043,2187587,1,0.92139,-0.14355,0.59546,-0.382,1.527,-0.45
2026-05-20 14:58:51.587,1172671043,2187587,2,0.93896,0.03687,0.35229,-2.74,-3.542,0.282
2026-05-20 14:58:52.787,1172672243,2187787,1,0.91968,-0.13477,0.58521,-0.397,1.0,-0.145
2026-05-20 14:58:52.787,1172672243,2187787,2,0.95264,0.04175,0.34424,-0.84,0.74,0.595
2026-05-20 14:58:52.987,1172672443,2187987,1,0.91211,-0.13013,0.59204,-0.313,1.221,-0.397
2026-05-20 14:58:52.987,1172672443,2187987,2,0.948,0.03589,0.33423,-0.573,0.015,0.786
2026-05-20 14:58:52.187,1172671643,2188187,1,0.91943,-0.12988,0.57544,-0.191,1.641,-0.267
2026-05-20 14:58:52.187,1172671643,2188187,2,0.93994,0.03882,0.35449,-2.183,0.198,0.519
2026-05-20 14:58:52.387,1172671843,2188387,1,0.91943,-0.13696,0.59839,-0.603,1.16,-0.382
2026-05-20 14:58:52.387,1172671843,2188387,2,0.9436,0.04102,0.3374,-1.382,0.71,0.305
2026-05-20 14:58:52.587,1172672043,2188587,1,0.91089,-0.13965,0.59839,-0.282,1.237,-0.542
2026-05-20 14:58:52.587,1172672043,2188587,2,0.94409,0.0415,0.34448,-0.534,0.13,0.901
2026-05-20 14:58:53.787,1172673243,2188787,1,0.92236,-0.13574,0.58032,-0.618,0.817,-0.519
2026-05-20 14:58:53.787,1172673243,2188787,2,0.95142,0.04028,0.34082,-0.16,1.458,0.763
2026-05-20 14:58:53.987,1172673443,2188987,1,0.91943,-0.1394,0.5835,-0.74,0.901,-0.939
2026-05-20 14:58:53.987,1172673443,2188987,2,0.95557,0.03784,0.3396,0.931,-0.145,0.618
2026-05-20 14:58:53.187,1172672643,2189187,1,0.92017,-0.1311,0.59351,0.351,1.16,-0.191
2026-05-20 14:58:53.187,1172672643,2189187,2,0.94482,0.04248,0.33496,1.458,0.763,1.069
2026-05-20 14:58:53.387,1172672843,2189387,1,0.91699,-0.12817,0.59155,0.573,1.069,0.206
2026-05-20 14:58:53.387,1172672843,2189387,2,0.94214,0.04517,0.34033,1.389,-0.076,0.756
2026-05-20 14:58:53.587,1172673043,2189587,1,0.91724,-0.12695,0.59131,1.038,1.885,-0.405
2026-05-20 14:58:53.587,1172673043,2189587,2,0.9353,0.05103,0.35791,0.282,2.183,0.71
2026-05-20 14:58:54.787,1172674243,2189787,1,0.91724,-0.1311,0.5874,0.237,1.443,-0.107
2026-05-20 14:58:54.787,1172674243,2189787,2,0.94434,0.04688,0.34399,-0.229,-0.412,0.809
2026-05-20 14:58:54.987,1172674443,2189987,1,0.90649,-0.12256,0.57983,0.962,1.748,-0.214
2026-05-20 14:58:54.987,1172674443,2189987,2,0.94336,0.04468,0.3689,-1.893,2.198,0.534
2026-05-20 14:58:54.187,1172673643,2190187,1,0.9209,-0.12964,0.58862,2.916,1.641,-0.115
2026-05-20 14:58:54.187,1172673643,2190187,2,0.94141,0.04834,0.36621,-1.908,2.55,0.58
2026-05-20 14:58:54.387,1172673843,2190387,1,0.91284,-0.12183,0.60205,1.725,2.611,0.733
2026-05-20 14:58:54.387,1172673843,2190387,2,0.92871,0.05029,0.36353,0.87,1.672,1.046
2026-05-20 14:58:54.587,1172674043,2190587,1,0.90796,-0.12476,0.5752,-1.931,0.29,-0.473
2026-05-20 14:58:54.587,1172674043,2190587,2,0.93115,0.05884,0.35327,-11.214,-3.496,-1.053
2026-05-20 14:58:55.787,1172675243,2190787,1,0.92896,-0.11938,0.58838,-3.092,0.542,-0.718
2026-05-20 14:58:55.787,1172675243,2190787,2,0.94189,0.0459,0.3418,-5.023,-4.473,-0.13
2026-05-20 14:58:55.987,1172675443,2190987,1,0.91895,-0.13232,0.60352,-2.641,1.893,-0.26
2026-05-20 14:58:55.987,1172675443,2190987,2,0.94824,0.03809,0.34546,-3.328,0.664,0.115
2026-05-20 14:58:55.187,1172674643,2191187,1,0.91284,-0.11987,0.60449,-2.496,0.107,-0.031
2026-05-20 14:58:55.187,1172674643,2191187,2,0.93384,0.05127,0.34546,-1.863,-0.511,1.176
2026-05-20 14:58:55.387,1172674843,2191387,1,0.92871,-0.13721,0.58472,-0.893,0.786,-1.183
2026-05-20 14:58:55.387,1172674843,2191387,2,0.95435,0.0376,0.33008,-0.878,4.153,0.985
2026-05-20 14:58:58.943,1172678399,2193943,1,0.927,-0.12036,0.57666,-0.122,1.931,-0.282
2026-05-20 14:58:58.943,1172678399,2193943,2,0.95068,0.04468,0.33789,-2.053,-0.305,0.435
2026-05-20 14:58:58.143,1172677599,2194143,1,0.91772,-0.12134,0.60303,-1.817,0.603,-0.237
2026-05-20 14:58:58.143,1172677599,2194143,2,0.94067,0.02979,0.35352,-1.069,0.366,0.855
2026-05-20 14:58:58.343,1172677799,2194343,1,0.92529,-0.12622,0.58276,-0.084,1.351,-0.687
2026-05-20 14:58:58.343,1172677799,2194343,2,0.94604,0.0415,0.34448,0.458,0.366,0.756
2026-05-20 14:58:58.559,1172678015,2194559,1,0.92334,-0.12695,0.59814,0.13,1.435,-0.328
2026-05-20 14:58:58.559,1172678015,2194559,2,0.94458,0.03418,0.35181,0.374,1.817,0.756
2026-05-20 14:58:59.759,1172679215,2194759,1,0.91455,-0.12549,0.58691,0.145,1.29,-0.282
2026-05-20 14:58:59.759,1172679215,2194759,2,0.94238,0.03906,0.3396,-1.206,0.588,0.557
2026-05-20 14:58:59.959,1172679415,2194959,1,0.92432,-0.13232,0.59326,-0.687,1.695,-0.206
2026-05-20 14:58:59.959,1172679415,2194959,2,0.94751,0.04614,0.33984,-1.427,0.588,0.275
2026-05-20 14:58:59.159,1172678615,2195159,1,0.92236,-0.13232,0.5957,-0.405,1.702,-0.557
2026-05-20 14:58:59.159,1172678615,2195159,2,0.93628,0.04272,0.35303,-1.603,0.832,0.336
2026-05-20 14:58:59.359,1172678815,2195359,1,0.92578,-0.125,0.58398,-0.275,1.298,-0.405
2026-05-20 14:58:59.359,1172678815,2195359,2,0.9436,0.04004,0.34961,-2.084,0.115,0.481
2026-05-20 14:58:59.559,1172679015,2195559,1,0.91846,-0.12939,0.59009,-0.55,1.328,-0.382
2026-05-20 14:58:59.559,1172679015,2195559,2,0.94434,0.04492,0.35498,-1.618,0.924,0.412
2026-05-20 14:59:00.759,1172680215,2195759,1,0.92651,-0.12158,0.59497,-0.603,1.183,-0.405
2026-05-20 14:59:00.759,1172680215,2195759,2,0.94995,0.03369,0.33594,-1.489,0.092,0.534
2026-05-20 14:59:00.959,1172680415,2195959,1,0.92163,-0.12598,0.58545,-0.344,1.397,-0.397
2026-05-20 14:59:00.959,1172680415,2195959,2,0.94312,0.04468,0.3396,-0.511,0.198,0.313
2026-05-20 14:59:00.159,1172679615,2196159,1,0.91626,-0.12256,0.58643,-0.618,1.305,-0.221
2026-05-20 14:59:00.159,1172679615,2196159,2,0.94653,0.03906,0.34473,-1.885,0.74,0.374
2026-05-20 14:59:00.359,1172679815,2196359,1,0.91943,-0.12939,0.58521,-0.634,1.366,-0.313
2026-05-20 14:59:00.359,1172679815,2196359,2,0.94531,0.04517,0.34497,-1.374,0.046,0.527
2026-05-20 14:59:00.559,1172680015,2196559,1,0.91968,-0.1272,0.58838,-1.588,1.084,-0.107
2026-05-20 14:59:00.559,1172680015,2196559,2,0.94458,0.03271,0.34814,-1.16,1.405,-0.053
2026-05-20 14:59:01.759,1172681215,2196759,1,0.92041,-0.1189,0.58691,-9.885,2.298,2.206
2026-05-20 14:59:01.759,1172681215,2196759,2,0.9397,0.03906,0.35986,-4.527,-0.947,1.427
2026-05-20 14:59:01.959,1172681415,2196959,1,0.91919,-0.14478,0.59863,3.71,4.053,-0.313
2026-05-20 14:59:01.959,1172681415,2196959,2,0.9436,0.04517,0.33936,1.366,1.672,0.13
2026-05-20 14:59:01.159,1172680615,2197159,1,0.91357,-0.14575,0.59277,-1.573,2.359,-1.069
2026-05-20 14:59:01.159,1172680615,2197159,2,0.94067,0.03638,0.3396,-0.336,0.374,0.817
2026-05-20 14:59:01.359,1172680815,2197359,1,0.91309,-0.13574,0.5896,0.153,1.412,-0.748
2026-05-20 14:59:01.359,1172680815,2197359,2,0.94019,0.04175,0.3335,-0.351,0.046,0.595
2026-05-20 14:59:01.559,1172681015,2197559,1,0.90845,-0.146,0.60156,-0.351,1.435,-0.351
2026-05-20 14:59:01.559,1172681015,2197559,2,0.93994,0.04419,0.34814,-1.42,0.092,0.183
2026-05-20 14:59:02.759,1172682215,2197759,1,0.91333,-0.13892,0.60327,-2.901,1.321,-0.931
2026-05-20 14:59:02.759,1172682215,2197759,2,0.95093,0.04028,0.33984,-1.916,0.237,0.847
2026-05-20 14:59:02.959,1172682415,2197959,1,0.90845,-0.14063,0.60059,-0.389,1.412,0.107
2026-05-20 14:59:02.959,1172682415,2197959,2,0.94531,0.04272,0.33984,-1.13,0.282,0.855
2026-05-20 14:59:02.159,1172681615,2198159,1,0.91089,-0.146,0.58716,-0.504,1.489,-0.244
2026-05-20 14:59:02.159,1172681615,2198159,2,0.9436,0.03906,0.34351,-2.84,0.405,0.237
2026-05-20 14:59:02.359,1172681815,2198359,1,0.90991,-0.13623,0.5918,-0.374,1.496,-0.55
2026-05-20 14:59:02.359,1172681815,2198359,2,0.948,0.03882,0.34399,-1.496,0.466,0.466
2026-05-20 14:59:02.559,1172682015,2198559,1,0.91089,-0.14624,0.60059,-0.527,1.397,-0.557
2026-05-20 14:59:02.559,1172682015,2198559,2,0.94556,0.03638,0.33594,-1.397,0.351,0.611
2026-05-20 14:59:03.759,1172683215,2198759,1,0.91187,-0.14111,0.60596,-0.687,1.55,-0.382
2026-05-20 14:59:03.759,1172683215,2198759,2,0.93677,0.0376,0.34302,-1.298,-0.084,0.504
2026-05-20 14:59:03.959,1172683415,2198959,1,0.91553,-0.13159,0.60278,0.405,1.962,-0.427
2026-05-20 14:59:03.959,1172683415,2198959,2,0.94604,0.04248,0.33032,-2.504,0.649,0.305
2026-05-20 14:59:03.159,1172682615,2199159,1,0.91553,-0.14258,0.60474,0.061,1.786,-0.42
2026-05-20 14:59:03.159,1172682615,2199159,2,0.94604,0.04004,0.34546,-2.008,-0.038,0.412
2026-05-20 14:59:03.359,1172682815,2199359,1,0.91479,-0.13599,0.60352,-0.84,0.832,-0.412
2026-05-20 14:59:03.359,1172682815,2199359,2,0.94458,0.03638,0.33521,-2.359,0.107,0.107
2026-05-20 14:59:03.559,1172683015,2199559,1,0.91089,-0.14209,0.60254,-0.473,1.275,-0.313
2026-05-20 14:59:03.559,1172683015,2199559,2,0.94873,0.04224,0.33423,0.511,0.641,0.725
2026-05-20 14:59:04.018,1172683474,2200018,1,0.9104,-0.14478,0.59546,-0.099,1.435,-0.198
2026-05-20 14:59:04.018,1172683474,2200018,2,0.93359,0.03833,0.33398,-0.649,0.817,0.26
2026-05-20 14:59:04.372,1172683828,2200372,1,0.91675,-0.13696,0.61304,-0.908,1.168,-0.237
2026-05-20 14:59:04.372,1172683828,2200372,2,0.94604,0.04736,0.34058,-2.053,0.061,0.489
2026-05-20 14:59:04.572,1172684028,2200572,1,0.90259,-0.13574,0.61914,2.725,-0.611,-3.328
2026-05-20 14:59:04.572,1172684028,2200572,2,0.96704,0.02222,0.29492,-12.916,0.542,-2.031
2026-05-20 14:59:05.772,1172685228,2200772,1,0.93774,-0.10254,0.5498,11.305,-6.16,-1.092
2026-05-20 14:59:05.772,1172685228,2200772,2,0.96118,0.08252,0.31836,-6.275,4.0,-3.557
2026-05-20 14:59:05.972,1172685428,2200972,1,0.91064,-0.10278,0.58984,-6.198,-0.817,0.282
2026-05-20 14:59:05.972,1172685428,2200972,2,0.90771,0.0271,0.41846,0.863,5.901,3.13
2026-05-20 14:59:05.172,1172684628,2201172,1,0.91187,-0.1228,0.5957,0.389,0.748,2.015
2026-05-20 14:59:05.172,1172684628,2201172,2,0.90747,0.03857,0.40601,2.191,1.504,1.74
2026-05-20 14:59:05.372,1172684828,2201372,1,0.93384,-0.10962,0.58447,0.573,0.237,-0.443
2026-05-20 14:59:05.372,1172684828,2201372,2,0.91479,0.03589,0.39185,-1.855,1.931,-0.015
2026-05-20 14:59:05.572,1172685028,2201572,1,0.92456,-0.11938,0.58008,-2.305,0.252,0.168
2026-05-20 14:59:05.572,1172685028,2201572,2,0.91284,0.03003,0.40454,0.298,1.573,1.443
2026-05-20 14:59:06.772,1172686228,2201772,1,0.92358,-0.1272,0.57056,-1.725,1.466,-0.351
2026-05-20 14:59:06.772,1172686228,2201772,2,0.91187,0.03613,0.40552,-3.0,-0.939,0.718
2026-05-20 14:59:06.972,1172686428,2201972,1,0.92456,-0.1272,0.57788,-0.58,1.237,-0.84
2026-05-20 14:59:06.972,1172686428,2201972,2,0.92236,0.03857,0.40405,-0.87,1.145,0.214
2026-05-20 14:59:06.172,1172685628,2202172,1,0.93188,-0.12305,0.58105,-0.786,1.26,-0.771
2026-05-20 14:59:06.172,1172685628,2202172,2,0.9104,0.03931,0.40186,-1.511,0.634,0.534
2026-05-20 14:59:06.372,1172685828,2202372,1,0.93506,-0.12451,0.57471,-0.191,1.359,-0.443
2026-05-20 14:59:06.372,1172685828,2202372,2,0.9126,0.0415,0.40698,-2.008,0.038,0.504
2026-05-20 14:59:06.572,1172686028,2202572,1,0.92749,-0.12402,0.56958,-0.733,1.74,-1.092
2026-05-20 14:59:06.572,1172686028,2202572,2,0.91724,0.03394,0.40796,-0.198,0.031,0.42
2026-05-20 14:59:07.772,1172687228,2202772,1,0.92529,-0.12891,0.57544,-1.214,1.588,-0.725
2026-05-20 14:59:07.772,1172687228,2202772,2,0.91602,0.04126,0.42212,-1.084,0.137,1.107
2026-05-20 14:59:07.972,1172687428,2202972,1,0.91479,-0.12476,0.57202,-3.496,4.405,0.061
2026-05-20 14:59:07.972,1172687428,2202972,2,0.92285,0.03735,0.39014,-0.305,-0.153,1.664
2026-05-20 14:59:07.172,1172686628,2203172,1,0.92065,-0.12671,0.56616,-0.992,0.16,-0.435
2026-05-20 14:59:07.172,1172686628,2203172,2,0.92627,0.04272,0.38574,-4.565,-2.55,-0.328
2026-05-20 14:59:07.372,1172686828,2203372,1,0.92456,-0.12598,0.56812,-0.29,1.069,-0.611
2026-05-20 14:59:07.372,1172686828,2203372,2,0.9231,0.03003,0.40527,-3.55,-1.061,-0.588
2026-05-20 14:59:07.572,1172687028,2203572,1,0.92236,-0.12451,0.57813,-0.42,1.328,-0.214
2026-05-20 14:59:07.572,1172687028,2203572,2,0.91699,0.03638,0.40332,-2.13,0.992,0.794
2026-05-20 14:59:08.772,1172688228,2203772,1,0.92847,-0.12451,0.57324,-0.473,1.298,-0.107
2026-05-20 14:59:08.772,1172688228,2203772,2,0.91919,0.03027,0.40454,-0.13,0.969,1.16
2026-05-20 14:59:08.972,1172688428,2203972,1,0.92676,-0.12524,0.56934,0.092,1.13,-0.435
2026-05-20 14:59:08.972,1172688428,2203972,2,0.92065,0.02881,0.4104,0.748,1.87,0.901
2026-05-20 14:59:08.172,1172687628,2204172,1,0.92432,-0.11816,0.57056,0.267,1.374,-0.412
2026-05-20 14:59:08.172,1172687628,2204172,2,0.91748,0.04395,0.40747,-2.351,-0.237,0.351
2026-05-20 14:59:08.372,1172687828,2204372,1,0.92529,-0.11548,0.57446,-0.267,1.206,-0.519
2026-05-20 14:59:08.372,1172687828,2204372,2,0.91064,0.03638,0.40918,-2.046,0.069,0.214
2026-05-20 14:59:08.572,1172688028,2204572,1,0.93042,-0.12378,0.57495,-0.008,1.298,-0.473
2026-05-20 14:59:08.572,1172688028,2204572,2,0.93481,0.03931,0.37939,-4.382,0.511,0.176
2026-05-20 14:59:09.772,1172689228,2204772,1,0.92676,-0.12451,0.56055,0.443,0.832,-0.229
2026-05-20 14:59:09.772,1172689228,2204772,2,0.91479,0.03076,0.39941,-4.55,0.985,-0.626
2026-05-20 14:59:09.972,1172689428,2204972,1,0.90454,-0.12109,0.58984,-1.542,2.321,-0.237
2026-05-20 14:59:09.972,1172689428,2204972,2,0.89966,0.03174,0.42188,2.466,,1.771
2026-05-20 14:59:09.172,1172688628,2205172,1,0.95068,-0.11426,0.57422,0.008,0.695,-0.298
2026-05-20 14:59:09.172,1172688628,2205172,2,0.92627,0.03296,0.36987,-3.45,-0.855,0.718
2026-05-20 14:59:09.372,1172688828,2205372,1,0.93628,-0.12427,0.56982,-0.908,1.427,0.008
2026-05-20 14:59:09.372,1172688828,2205372,2,0.91187,0.02661,0.40332,0.771,3.435,1.16
2026-05-20 14:59:09.572,1172689028,2205572,1,0.927,-0.12061,0.57471,0.122,1.71,-0.214
2026-05-20 14:59:09.572,1172689028,2205572,2,0.92065,0.03076,0.3938,-1.71,0.046,0.374
2026-05-20 14:59:10.772,1172690228,2205772,1,0.92627,-0.12646,0.57007,-0.954,1.076,-0.237
2026-05-20 14:59:10.772,1172690228,2205772,2,0.91479,0.02979,0.39331,0.061,2.733,0.962
2026-05-20 14:59:10.972,1172690428,2205972,1,0.93042,-0.12134,0.5708,-2.466,0.198,0.191
2026-05-20 14:59:10.972,1172690428,2205972,2,0.92456,0.02734,0.3999,-2.588,-0.992,0.427
2026-05-20 14:59:10.172,1172689628,2206172,1,0.93213,-0.12134,0.56934,0.351,1.229,0.084
2026-05-20 14:59:10.172,1172689628,2206172,2,0.92017,0.03101,0.39038,-0.489,0.618,0.916
2026-05-20 14:59:10.372,1172689828,2206372,1,0.92773,-0.12207,0.57715,0.122,1.687,-0.511
2026-05-20 14:59:10.372,1172689828,2206372,2,0.9248,0.02588,0.40356,-2.481,-1.237,0.244
2026-05-20 14:59:10.572,1172690028,2206572,1,0.93115,-0.12183,0.56738,-1.557,0.878,0.176
2026-05-20 14:59:10.572,1172690028,2206572,2,0.91943,0.03101,0.39429,-0.412,0.824,0.405
2026-05-20 14:59:11.772,1172691228,2206772,1,0.92749,-0.12915,0.57593,-0.931,1.573,-0.397
2026-05-20 14:59:11.772,1172691228,2206772,2,0.91406,0.02734,0.39966,-2.939,0.588,0.618
2026-05-20 14:59:11.972,1172691428,2206972,1,0.93018,-0.12646,0.57324,0.031,1.282,-0.435
2026-05-20 14:59:11.972,1172691428,2206972,2,0.92261,0.03223,0.39551,-1.176,-0.008,0.298
2026-05-20 14:59:11.172,1172690628,2207172,1,0.93237,-0.11841,0.57349,0.29,0.382,-0.763
2026-05-20 14:59:11.172,1172690628,2207172,2,0.92407,0.02441,0.40161,-0.176,1.748,1.221
2026-05-20 14:59:11.372,1172690828,2207372,1,0.94678,-0.13257,0.55737,-3.473,-5.305,5.756
2026-05-20 14:59:11.372,1172690828,2207372,2,0.90918,0.03345,0.40063,-5.901,-1.237,3.901
2026-05-20 14:59:11.572,1172691028,2207572,1,0.92969,-0.15356,0.54004,1.611,-2.145,2.664
2026-05-20 14:59:11.572,1172691028,2207572,2,0.91284,-0.00269,0.41113,0.015,-2.26,2.664
2026-05-20 14:59:12.772,1172692228,2207772,1,0.94385,-0.15479,0.54395,1.626,1.435,0.695
2026-05-20 14:59:12.772,1172692228,2207772,2,0.92871,-0.00171,0.3855,-3.74,-2.313,-0.13
2026-05-20 14:59:12.992,1172692448,2207992,1,0.94824,-0.14746,0.54102,-2.214,0.389,-0.924
2026-05-20 14:59:12.992,1172692448,2207992,2,0.92798,0.00366,0.39038,-2.618,-0.321,-0.58
2026-05-20 14:59:12.192,1172691648,2208192,1,0.94409,-0.13989,0.53662,0.611,1.664,-0.221
2026-05-20 14:59:12.192,1172691648,2208192,2,0.93262,-0.00122,0.37354,-6.824,-0.748,-0.053
2026-05-20 14:59:12.392,1172691848,2208392,1,0.93042,-0.17676,0.52588,-4.237,0.458,-3.939
2026-05-20 14:59:12.392,1172691848,2208392,2,0.94458,-0.0083,0.36621,1.229,-0.412,-1.176
2026-05-20 14:59:12.592,1172692048,2208592,1,0.9458,-0.15137,0.521,0.573,1.855,0.16
2026-05-20 14:59:12.592,1172692048,2208592,2,0.91943,-0.00562,0.39185,-1.328,-1.069,0.679
2026-05-20 14:59:13.792,1172693248,2208792,1,0.9502,-0.15088,0.53198,0.092,2.076,0.405
2026-05-20 14:59:13.792,1172693248,2208792,2,0.91992,0.00708,0.38965,1.168,0.473,1.679
2026-05-20 14:59:13.992,1172693448,2208992,1,0.94751,-0.15381,0.53149,-3.977,1.115,-0.641
2026-05-20 14:59:13.992,1172693448,2208992,2,0.92456,-0.00708,0.39014,1.153,1.115,1.45
2026-05-20 14:59:13.192,1172692648,2209192,1,0.95898,-0.16113,0.52417,-1.863,-0.282,-0.954
2026-05-20 14:59:13.192,1172692648,2209192,2,0.92212,-0.00195,0.37524,-3.176,1.023,0.16
2026-05-20 14:59:13.392,1172692848,2209392,1,0.94775,-0.15356,0.53125,0.672,0.176,0.099
2026-05-20 14:59:13.392,1172692848,2209392,2,0.92163,0.00781,0.39185,-1.321,0.328,-0.542
2026-05-20 14:59:13.592,1172693048,2209592,1,0.94531,-0.14844,0.52881,1.679,0.824,-0.466
2026-05-20 14:59:13.592,1172693048,2209592,2,0.91162,0.01343,0.41162,-1.336,-0.122,0.244
2026-05-20 14:59:14.792,1172694248,2209792,1,0.95654,-0.16064,0.51367,-0.962,0.893,-0.641
2026-05-20 14:59:14.792,1172694248,2209792,2,0.92505,0.01221,0.40649,0.527,-0.191,0.534
2026-05-20 14:59:14.992,1172694448,2209992,1,0.94946,-0.13989,0.52612,0.145,1.824,0.87
2026-05-20 14:59:14.992,1172694448,2209992,2,0.91382,0.02075,0.40015,2.351,2.053,2.534
2026-05-20 14:59:14.192,1172693648,2210192,1,0.9458,-0.1665,0.53174,0.397,2.053,-0.649
2026-05-20 14:59:14.192,1172693648,2210192,2,0.92456,0.00366,0.40869,-0.786,0.527,1.122
2026-05-20 14:59:14.392,1172693848,2210392,1,0.94873,-0.15381,0.53223,-1.305,1.069,-0.595
2026-05-20 14:59:14.392,1172693848,2210392,2,0.90869,0.01563,0.41943,-2.168,0.412,0.038
2026-05-20 14:59:14.592,1172694048,2210592,1,0.94531,-0.1604,0.52905,0.412,1.061,-0.473
2026-05-20 14:59:14.592,1172694048,2210592,2,0.90845,0.01392,0.42017,-1.969,0.046,0.328
2026-05-20 14:59:15.792,1172695248,2210792,1,0.94922,-0.14844,0.52661,-0.618,0.359,-0.977
2026-05-20 14:59:15.792,1172695248,2210792,2,0.91919,0.01904,0.40796,-1.527,-0.687,0.267
2026-05-20 14:59:15.992,1172695448,2210992,1,0.94019,-0.14746,0.53394,1.29,4.237,-1.344
2026-05-20 14:59:15.992,1172695448,2210992,2,0.91895,0.00952,0.40869,-3.351,-2.084,-0.16
2026-05-20 14:59:15.192,1172694648,2211192,1,0.93677,-0.14111,0.54663,-1.511,5.076,-3.13
2026-05-20 14:59:15.192,1172694648,2211192,2,0.91626,0.00732,0.41382,-6.473,-4.084,-0.382
2026-05-20 14:59:15.392,1172694848,2211392,1,0.94482,-0.13965,0.53052,-0.817,0.145,-0.603
2026-05-20 14:59:15.392,1172694848,2211392,2,0.91821,0.00537,0.39478,-1.313,0.099,-0.198
2026-05-20 14:59:15.592,1172695048,2211592,1,0.94458,-0.13428,0.54565,-0.115,0.282,-0.405
2026-05-20 14:59:15.592,1172695048,2211592,2,0.92334,0.01831,0.39771,-2.031,-0.817,0.511
2026-05-20 14:59:16.792,1172696248,2211792,1,0.9541,-0.14966,0.54004,-0.855,1.947,-0.573
2026-05-20 14:59:16.792,1172696248,2211792,2,0.927,0.0083,0.39111,-1.58,0.878,0.206
2026-05-20 14:59:16.992,1172696448,2211992,1,0.93677,-0.14746,0.55005,1.031,1.534,-0.244
2026-05-20 14:59:16.992,1172696448,2211992,2,0.91772,0.01025,0.4104,-2.053,-1.076,-0.863
2026-05-20 14:59:16.192,1172695648,2212192,1,0.93237,-0.13281,0.53052,-0.084,1.855,-1.122
2026-05-20 14:59:16.192,1172695648,2212192,2,0.91211,0.01465,0.39673,-2.794,0.214,-0.015
2026-05-20 14:59:16.392,1172695848,2212392,1,0.94312,-0.13403,0.54028,-0.504,0.565,0.084
2026-05-20 14:59:16.392,1172695848,2212392,2,0.92163,0.01172,0.39331,-0.794,0.962,1.168
2026-05-20 14:59:16.592,1172696048,2212592,1,0.94873,-0.13892,0.54126,0.115,1.16,-0.305
2026-05-20 14:59:16.592,1172696048,2212592,2,0.91626,0.00732,0.40186,-0.336,1.389,1.229
2026-05-20 14:59:17.792,1172697248,2212792,1,0.948,-0.13208,0.5459,-0.969,0.42,1.687
2026-05-20 14:59:17.792,1172697248,2212792,2,0.91699,0.01782,0.39258,0.718,2.183,2.282
2026-05-20 14:59:17.992,1172697448,2212992,1,0.95361,-0.16138,0.53589,-8.885,-1.588,0.458
2026-05-20 14:59:17.992,1172697448,2212992,2,0.91016,-0.00391,0.39844,-5.092,-0.107,1.115
2026-05-20 14:59:17.192,1172696648,2213192,1,0.9502,-0.15674,0.50781,2.267,-1.023,2.069
2026-05-20 14:59:17.192,1172696648,2213192,2,0.90161,0.01025,0.40332,-3.618,-0.504,-1.435
2026-05-20 14:59:17.392,1172696848,2213392,1,0.94775,-0.14722,0.53174,2.55,3.931,-1.511
2026-05-20 14:59:17.392,1172696848,2213392,2,0.90503,0.0249,0.42163,-1.435,2.595,-1.069
2026-05-20 14:59:20.252,1172699708,2216251,1,0.97534,-0.12915,0.48242,-0.595,0.893,1.45
2026-05-20 14:59:20.252,1172699708,2216251,2,0.9104,0.02856,0.41968,2.901,0.954,0.977
2026-05-20 14:59:20.451,1172699907,2216451,1,0.9834,-0.13257,0.48291,-8.359,2.092,-3.26
2026-05-20 14:59:20.451,1172699907,2216451,2,0.92627,0.01416,0.39771,-6.321,-2.626,1.84
2026-05-20 14:59:20.651,1172700107,2216651,1,0.97412,-0.14331,0.47314,0.992,-1.626,1.809
2026-05-20 14:59:20.651,1172700107,2216651,2,0.91895,0.04077,0.39697,-0.382,0.771,1.626
2026-05-20 14:59:21.851,1172701307,2216851,1,0.97632,-0.15552,0.4729,1.55,3.855,-1.634
2026-05-20 14:59:21.851,1172701307,2216851,2,0.92065,0.02271,0.38867,2.672,1.656,0.168
2026-05-20 14:59:21.051,1172700507,2217051,1,0.97388,-0.13721,0.48364,-2.687,2.763,-1.282
2026-05-20 14:59:21.051,1172700507,2217051,2,0.92847,0.01563,0.40308,-5.511,-3.947,-0.458
2026-05-20 14:59:21.251,1172700707,2217251,1,0.97876,-0.13623,0.46875,1.794,0.702,0.122
2026-05-20 14:59:21.251,1172700707,2217251,2,0.92188,0.03101,0.41504,0.26,2.16,0.183
2026-05-20 14:59:21.483,1172700939,2217483,1,0.97266,-0.1355,0.47998,0.802,1.481,-0.344
2026-05-20 14:59:21.483,1172700939,2217483,2,0.91113,0.02588,0.41211,-3.214,-1.779,-1.076
2026-05-20 14:59:21.683,1172701139,2217683,1,0.97485,-0.13477,0.48706,0.519,1.55,-0.374
2026-05-20 14:59:21.683,1172701139,2217683,2,0.90601,0.02173,0.41577,-1.565,1.786,1.275
2026-05-20 14:59:22.883,1172702339,2217883,1,0.97437,-0.1377,0.48438,-0.405,1.427,-0.191
2026-05-20 14:59:22.883,1172702339,2217883,2,0.9082,0.02075,0.42554,-1.053,0.443,0.527
2026-05-20 14:59:22.083,1172701539,2218083,1,0.96606,-0.12964,0.4751,-0.466,1.473,-0.687
2026-05-20 14:59:22.083,1172701539,2218083,2,0.91333,0.02905,0.41772,-1.779,0.214,0.511
2026-05-20 14:59:22.283,1172701739,2218283,1,0.97485,-0.14038,0.47827,-0.557,1.702,-0.519
2026-05-20 14:59:22.283,1172701739,2218283,2,0.91113,0.02832,0.41333,-1.13,0.275,0.198
2026-05-20 14:59:22.483,1172701939,2218483,1,0.97583,-0.13745,0.47778,-0.435,1.916,-0.473
2026-05-20 14:59:22.483,1172701939,2218483,2,0.9082,0.02954,0.41479,-2.046,0.382,0.115
2026-05-20 14:59:22.683,1172702139,2218683,1,0.97192,-0.13379,0.48071,-0.534,1.412,-0.389
2026-05-20 14:59:22.683,1172702139,2218683,2,0.91309,0.03125,0.4187,-1.252,0.45,0.656
2026-05-20 14:59:23.883,1172703339,2218883,1,0.97363,-0.13892,0.4856,-0.42,1.351,-0.198
2026-05-20 14:59:23.883,1172703339,2218883,2,0.90942,0.02856,0.41724,-1.534,-0.298,0.718
2026-05-20 14:59:23.083,1172702539,2219083,1,0.9729,-0.13794,0.48267,-0.496,1.443,-0.145
2026-05-20 14:59:23.083,1172702539,2219083,2,0.91724,0.02368,0.42114,-1.298,1.183,0.733
2026-05-20 14:59:23.318,1172702774,2219318,1,0.97119,-0.13135,0.47949,-0.954,1.45,-0.282
2026-05-20 14:59:23.318,1172702774,2219318,2,0.91187,0.02783,0.41699,-2.153,-0.641,0.145
2026-05-20 14:59:23.518,1172702974,2219518,1,0.97485,-0.13403,0.48315,-0.183,1.038,-0.382
2026-05-20 14:59:23.518,1172702974,2219518,2,0.91772,0.03613,0.42114,-1.069,1.099,0.45
2026-05-20 14:59:23.718,1172703174,2219718,1,0.97534,-0.13428,0.47534,-0.145,1.588,-0.443
2026-05-20 14:59:23.718,1172703174,2219718,2,0.90894,0.03662,0.41309,-0.328,0.733,0.924
2026-05-20 14:59:24.918,1172704374,2219918,1,0.97607,-0.13062,0.47388,-0.481,1.336,-0.168
2026-05-20 14:59:24.918,1172704374,2219918,2,0.90698,0.02734,0.41724,-1.573,-0.13,0.321
2026-05-20 14:59:24.118,1172703574,2220118,1,0.96924,-0.13501,0.48535,-0.382,1.42,-0.466
2026-05-20 14:59:24.118,1172703574,2220118,2,0.9104,0.03027,0.41821,-2.092,0.817,0.405
2026-05-20 14:59:24.318,1172703774,2220318,1,0.97168,-0.1377,0.48218,-0.618,1.321,-0.344
2026-05-20 14:59:24.318,1172703774,2220318,2,0.91333,0.03125,0.41699,-1.305,0.855,0.702
2026-05-20 14:59:24.518,1172703974,2220518,1,0.96777,-0.13257,0.49048,-0.389,0.87,-0.252
2026-05-20 14:59:24.518,1172703974,2220518,2,0.91162,0.02295,0.41968,-1.641,0.542,0.351
2026-05-20 14:59:24.718,1172704174,2220718,1,0.9729,-0.13843,0.4856,-0.496,1.29,-0.405
2026-05-20 14:59:24.718,1172704174,2220718,2,0.91309,0.02808,0.42285,-1.58,0.023,0.595
2026-05-20 14:59:25.918,1172705374,2220918,1,0.97314,-0.14111,0.49463,-0.618,1.756,-0.359
2026-05-20 14:59:25.918,1172705374,2220918,2,0.91357,0.02319,0.427,-1.267,0.275,0.947
2026-05-20 14:59:25.118,1172704574,2221118,1,0.97339,-0.13037,0.4895,-0.466,1.679,-1.137
2026-05-20 14:59:25.118,1172704574,2221118,2,0.91016,0.02588,0.42456,-1.542,0.16,0.588
2026-05-20 14:59:25.318,1172704774,2221318,1,0.96997,-0.14282,0.48438,-0.237,1.336,-0.351
2026-05-20 14:59:25.318,1172704774,2221318,2,0.90601,0.02905,0.41162,-1.992,-1.0,-0.015
2026-05-20 14:59:25.518,1172704974,2221518,1,0.97363,-0.1377,0.47534,-0.519,1.672,-0.42
2026-05-20 14:59:25.518,1172704974,2221518,2,0.9082,0.02881,0.41528,-1.008,0.74,0.725
2026-05-20 14:59:25.718,1172705174,2221718,1,0.96777,-0.13525,0.48853,-0.282,1.389,-0.26
2026-05-20 14:59:25.718,1172705174,2221718,2,0.91333,0.0271,0.40894,-1.565,-0.206,0.206
2026-05-20 14:59:26.918,1172706374,2221918,1,0.97021,-0.13721,0.47852,-0.679,1.382,-0.397
2026-05-20 14:59:26.918,1172706374,2221918,2,0.9104,0.03076,0.42163,-1.176,0.267,0.55
2026-05-20 14:59:26.118,1172705574,2222118,1,0.97437,-0.13452,0.48145,-0.679,1.344,-0.565
2026-05-20 14:59:26.118,1172705574,2222118,2,0.90894,0.03052,0.42529,-1.122,0.794,0.618
2026-05-20 14:59:26.318,1172705774,2222318,1,0.97461,-0.13306,0.48828,-0.137,1.924,-0.351
2026-05-20 14:59:26.318,1172705774,2222318,2,0.90747,0.02393,0.41113,-1.206,0.687,0.397
2026-05-20 14:59:26.518,1172705974,2222518,1,0.97021,-0.13623,0.48584,-0.458,1.435,-0.504
2026-05-20 14:59:26.518,1172705974,2222518,2,0.91528,0.03174,0.41138,-1.588,0.84,0.489
2026-05-20 14:59:26.718,1172706174,2222718,1,0.97559,-0.13306,0.48071,-0.786,1.053,0.023
2026-05-20 14:59:26.718,1172706174,2222718,2,0.9082,0.02173,0.43066,-3.023,0.221,0.58
2026-05-20 14:59:27.941,1172707397,2222941,1,0.96851,-0.13965,0.47925,-0.336,0.878,0.939
2026-05-20 14:59:27.941,1172707397,2222941,2,0.90747,0.02783,0.40259,-2.252,3.397,0.351
2026-05-20 14:59:27.165,1172706621,2223165,1,0.9751,-0.13428,0.47974,-0.695,0.626,-0.557
2026-05-20 14:59:27.165,1172706621,2223165,2,0.90601,0.02319,0.44092,-1.931,-0.191,1.015
2026-05-20 14:59:27.365,1172706821,2223365,1,0.96729,-0.13794,0.48364,0.092,1.359,-0.58
2026-05-20 14:59:27.365,1172706821,2223365,2,0.91089,0.02124,0.43188,-1.298,1.26,1.038
2026-05-20 14:59:27.565,1172707021,2223565,1,0.96509,-0.14526,0.47852,-1.412,1.176,-0.405
2026-05-20 14:59:27.565,1172707021,2223565,2,0.90771,0.02515,0.42529,-0.137,0.603,-0.962
2026-05-20 14:59:28.765,1172708221,2223765,1,0.97241,-0.13843,0.48145,-0.847,1.962,-1.74
2026-05-20 14:59:28.765,1172708221,2223765,2,0.9082,0.03052,0.41846,-1.55,-1.084,0.695
2026-05-20 14:59:28.965,1172708421,2223965,1,0.9729,-0.13281,0.48218,0.13,1.534,0.13
2026-05-20 14:59:28.965,1172708421,2223965,2,0.91626,0.03345,0.41382,1.244,1.359,0.786
2026-05-20 14:59:28.165,1172707621,2224165,1,0.96729,-0.13965,0.48462,-0.519,2.137,0.031
2026-05-20 14:59:28.165,1172707621,2224165,2,0.89941,0.02832,0.4126,-1.649,0.29,0.809
2026-05-20 14:59:28.365,1172707821,2224365,1,0.97388,-0.13794,0.48877,-0.595,1.733,-0.275
2026-05-20 14:59:28.365,1172707821,2224365,2,0.90991,0.03027,0.41357,-1.389,-0.527,0.405
2026-05-20 14:59:28.565,1172708021,2224565,1,0.96997,-0.13574,0.4834,-0.595,1.595,-0.084
2026-05-20 14:59:28.565,1172708021,2224565,2,0.90845,0.02832,0.41187,-1.794,-0.046,0.153
2026-05-20 14:59:29.765,1172709221,2224765,1,0.97095,-0.13818,0.48389,-0.901,1.29,-0.756
2026-05-20 14:59:29.765,1172709221,2224765,2,0.90747,0.03003,0.40967,-1.641,-0.275,0.389
2026-05-20 14:59:29.985,1172709441,2224985,1,0.96582,-0.1355,0.4873,-0.397,1.305,-0.298
2026-05-20 14:59:29.985,1172709441,2224985,2,0.91357,0.03125,0.4248,-2.282,1.344,0.427
2026-05-20 14:59:29.185,1172708641,2225185,1,0.97192,-0.14014,0.48755,-0.229,1.519,-0.115
2026-05-20 14:59:29.185,1172708641,2225185,2,0.90991,0.02563,0.41992,-0.794,1.603,1.046
2026-05-20 14:59:29.385,1172708841,2225385,1,0.96313,-0.13525,0.48926,0.092,1.534,-0.168
2026-05-20 14:59:29.385,1172708841,2225385,2,0.89746,0.01904,0.42505,-1.122,1.901,1.145
2026-05-20 14:59:29.585,1172709041,2225585,1,0.96655,-0.13647,0.48657,0.015,1.244,-0.061
2026-05-20 14:59:29.585,1172709041,2225585,2,0.90332,0.0332,0.42725,-1.786,0.519,0.313
2026-05-20 14:59:30.785,1172710241,2225785,1,0.97021,-0.13599,0.4812,-0.366,1.168,-0.603
2026-05-20 14:59:30.785,1172710241,2225785,2,0.90283,0.02124,0.42407,-1.931,0.023,0.198
2026-05-20 14:59:30.985,1172710441,2225985,1,0.97754,-0.13403,0.4812,-0.832,1.023,-0.45
2026-05-20 14:59:30.985,1172710441,2225985,2,0.90503,0.02808,0.41089,-1.519,0.595,0.611
2026-05-20 14:59:30.185,1172709641,2226185,1,0.97607,-0.13989,0.48633,-0.786,1.565,-0.557
2026-05-20 14:59:30.185,1172709641,2226185,2,0.90454,0.02881,0.43384,-0.664,0.351,0.748
2026-05-20 14:59:30.385,1172709841,2226385,1,0.96899,-0.13574,0.48242,-0.634,1.466,-0.412
2026-05-20 14:59:30.385,1172709841,2226385,2,0.90601,0.03223,0.41748,-0.885,-0.168,0.366
2026-05-20 14:59:30.585,1172710041,2226585,1,0.96729,-0.14209,0.49072,-0.847,1.664,-0.473
2026-05-20 14:59:30.585,1172710041,2226585,2,0.90991,0.02563,0.43164,-0.725,0.137,0.611
2026-05-20 14:59:31.785,1172711241,2226785,1,0.97266,-0.1355,0.48022,-0.702,1.702,-0.45
2026-05-20 14:59:31.785,1172711241,2226785,2,0.90918,0.02173,0.41797,-0.443,-0.557,0.702
2026-05-20 14:59:31.985,1172711441,2226985,1,0.96777,-0.13965,0.48706,-0.527,1.557,-0.74
2026-05-20 14:59:31.985,1172711441,2226985,2,0.91504,0.02466,0.41333,-0.557,-0.168,0.458
2026-05-20 14:59:31.185,1172710641,2227185,1,0.9624,-0.13794,0.50269,-0.382,1.42,-0.45
2026-05-20 14:59:31.185,1172710641,2227185,2,0.9082,0.02417,0.41992,-1.916,0.359,0.595
2026-05-20 14:59:31.385,1172710841,2227385,1,0.96484,-0.1311,0.49146,-0.389,0.954,-0.237
2026-05-20 14:59:31.385,1172710841,2227385,2,0.91211,0.02588,0.40918,-0.908,0.649,0.863
2026-05-20 14:59:31.585,1172711041,2227585,1,0.97046,-0.13721,0.48462,-0.427,0.702,-0.313
2026-05-20 14:59:31.585,1172711041,2227585,2,0.91138,0.03076,0.41772,-1.725,1.649,0.496
2026-05-20 14:59:32.785,1172712241,2227785,1,0.96899,-0.12866,0.48486,-0.115,1.618,-0.107
2026-05-20 14:59:32.785,1172712241,2227785,2,0.91772,0.02954,0.4165,-1.641,1.496,0.863
2026-05-20 14:59:32.985,1172712441,2227985,1,0.96753,-0.12988,0.50073,0.13,1.099,-0.031
2026-05-20 14:59:32.985,1172712441,2227985,2,0.90381,0.02539,0.41846,-1.351,1.0,0.443
2026-05-20 14:59:32.185,1172711641,2228185,1,0.9707,-0.13062,0.48511,-0.473,0.573,0.71
2026-05-20 14:59:32.185,1172711641,2228185,2,0.90332,0.03247,0.42505,0.191,1.885,1.397
2026-05-20 14:59:32.385,1172711841,2228385,1,0.96899,-0.13403,0.48242,-0.252,1.122,0.015
2026-05-20 14:59:32.385,1172711841,2228385,2,0.90381,0.03271,0.4209,-0.336,0.878,0.733
2026-05-20 14:59:32.585,1172712041,2228585,1,0.96851,-0.1394,0.48804,-0.45,1.718,-0.901
2026-05-20 14:59:32.585,1172712041,2228585,2,0.90356,0.02539,0.42749,0.305,1.046,1.069
2026-05-20 14:59:33.821,1172713277,2228820,1,0.9729,-0.13306,0.4856,-0.237,1.481,-0.13
2026-05-20 14:59:33.821,1172713277,2228820,2,0.90137,0.03247,0.41724,-1.298,0.42,0.687
2026-05-20 14:59:33.020,1172712476,2229020,1,0.96777,-0.13623,0.48828,-0.664,1.191,-0.275
2026-05-20 14:59:33.020,1172712476,2229020,2,0.90674,0.03198,0.41968,-1.267,-0.359,0.313
2026-05-20 14:59:33.220,1172712676,2229220,1,0.96606,-0.1377,0.49854,-0.42,1.359,-0.229
2026-05-20 14:59:33.220,1172712676,2229220,2,0.9104,0.03247,0.41699,-1.412,0.16,0.427
2026-05-20 14:59:33.420,1172712876,2229420,1,0.96704,-0.14185,0.48315,-0.634,1.275,-0.374
2026-05-20 14:59:33.420,1172712876,2229420,2,0.90747,0.03369,0.41016,-0.779,0.336,0.374
2026-05-20 14:59:33.620,1172713076,2229620,1,0.96484,-0.13843,0.49756,-0.153,1.626,-0.71
2026-05-20 14:59:33.620,1172713076,2229620,2,0.90869,0.02979,0.42358,-0.313,1.214,0.511
2026-05-20 14:59:34.820,1172714276,2229820,1,0.96753,-0.13574,0.49609,-0.435,1.252,-0.55
2026-05-20 14:59:34.820,1172714276,2229820,2,0.91113,0.0376,0.42261,-1.115,1.557,1.015
2026-05-20 14:59:34.020,1172713476,2230020,1,0.96997,-0.14307,0.48999,-0.092,1.122,-0.153
2026-05-20 14:59:34.020,1172713476,2230020,2,0.91333,0.03003,0.40845,-1.802,2.664,0.55
2026-05-20 14:59:34.220,1172713676,2230220,1,0.96655,-0.13623,0.49609,-0.267,1.443,0.031
2026-05-20 14:59:34.220,1172713676,2230220,2,0.90503,0.03174,0.42627,-1.443,0.962,0.847
2026-05-20 14:59:34.420,1172713876,2230420,1,0.96802,-0.13916,0.49097,0.084,1.45,-0.565
2026-05-20 14:59:34.420,1172713876,2230420,2,0.91187,0.03052,0.4082,-0.901,0.847,0.565
2026-05-20 14:59:34.620,1172714076,2230620,1,0.97119,-0.13525,0.48242,-0.069,0.794,-0.405
2026-05-20 14:59:34.620,1172714076,2230620,2,0.90576,0.0332,0.42798,-0.519,1.183,0.756
2026-05-20 14:59:35.820,1172715276,2230820,1,0.97192,-0.14185,0.49536,-0.641,1.473,-0.42
2026-05-20 14:59:35.820,1172715276,2230820,2,0.91211,0.02832,0.42725,-1.198,0.374,0.71
2026-05-20 14:59:35.020,1172714476,2231020,1,0.97095,-0.13672,0.49023,-0.168,1.282,-0.26
2026-05-20 14:59:35.020,1172714476,2231020,2,0.90381,0.03027,0.41797,-0.87,-0.71,0.42
2026-05-20 14:59:35.220,1172714676,2231220,1,0.96997,-0.14185,0.49463,-0.42,1.557,-0.328
2026-05-20 14:59:35.220,1172714676,2231220,2,0.90918,0.03223,0.4165,-0.015,0.725,0.603
2026-05-20 14:59:35.420,1172714876,2231420,1,0.96777,-0.1377,0.49438,-0.908,1.321,-0.641
2026-05-20 14:59:35.420,1172714876,2231420,2,0.90845,0.03491,0.41992,-1.16,0.29,0.595
2026-05-20 14:59:35.620,1172715076,2231620,1,0.96216,-0.12891,0.50317,-1.611,0.443,0.053
2026-05-20 14:59:35.620,1172715076,2231620,2,0.90698,0.02637,0.41553,-1.008,-0.374,0.298
2026-05-20 14:59:36.820,1172716276,2231820,1,0.96924,-0.14478,0.50366,-0.115,0.481,-0.305
2026-05-20 14:59:36.820,1172716276,2231820,2,0.90601,0.03003,0.43359,-0.42,1.435,0.763
2026-05-20 14:59:36.020,1172715476,2232020,1,0.9707,-0.13647,0.48804,-0.405,1.466,-0.504
2026-05-20 14:59:36.020,1172715476,2232020,2,0.90039,0.03564,0.40967,-0.366,1.015,1.053
2026-05-20 14:59:36.220,1172715676,2232220,1,0.97021,-0.13965,0.50317,-0.458,1.275,-0.16
2026-05-20 14:59:36.220,1172715676,2232220,2,0.90527,0.03198,0.4231,-0.298,0.557,0.863
2026-05-20 14:59:36.420,1172715876,2232420,1,0.96069,-0.13257,0.48438,-1.115,0.954,-0.252
2026-05-20 14:59:36.420,1172715876,2232420,2,0.90845,0.02515,0.42163,-1.954,0.962,0.351
2026-05-20 14:59:36.646,1172716102,2232646,1,0.97363,-0.13379,0.49365,-0.038,1.435,-0.282
2026-05-20 14:59:36.646,1172716102,2232646,2,0.9043,0.02954,0.42212,-1.702,1.947,1.061
2026-05-20 14:59:37.846,1172717302,2232846,1,0.96216,-0.13721,0.4917,0.221,1.046,-0.145
2026-05-20 14:59:37.846,1172717302,2232846,2,0.90747,0.03491,0.43506,-1.702,0.344,0.725
2026-05-20 14:59:37.046,1172716502,2233046,1,0.95825,-0.13892,0.4917,0.626,0.931,0.076
2026-05-20 14:59:37.046,1172716502,2233046,2,0.90552,0.02637,0.42114,-0.351,1.611,0.656
2026-05-20 14:59:37.246,1172716702,2233246,1,0.96289,-0.13159,0.49219,-1.481,1.099,-0.603
2026-05-20 14:59:37.246,1172716702,2233246,2,0.90601,0.01978,0.42993,-1.481,-0.511,0.321
2026-05-20 14:59:37.446,1172716902,2233446,1,0.96997,-0.13306,0.49365,0.038,1.298,-0.061
2026-05-20 14:59:37.446,1172716902,2233446,2,0.90674,0.03223,0.427,-1.313,0.374,0.901
2026-05-20 14:59:37.646,1172717102,2233646,1,0.97021,-0.13892,0.49585,-1.382,1.221,-0.328
2026-05-20 14:59:37.646,1172717102,2233646,2,0.90601,0.02734,0.42212,-0.443,0.496,0.672
2026-05-20 14:59:38.846,1172718302,2233846,1,0.96558,-0.13037,0.48267,-0.023,2.0,-0.511
2026-05-20 14:59:38.846,1172718302,2233846,2,0.89697,0.03125,0.42285,-2.893,-2.489,0.069
2026-05-20 14:59:38.046,1172717502,2234046,1,0.97363,-0.14185,0.48975,-0.443,1.084,0.389
2026-05-20 14:59:38.046,1172717502,2234046,2,0.90063,0.03198,0.4375,2.511,-2.397,1.275
2026-05-20 14:59:38.246,1172717702,2234246,1,0.97095,-0.15015,0.48999,-1.702,1.344,-1.038
2026-05-20 14:59:38.246,1172717702,2234246,2,0.9126,0.02515,0.42505,-2.42,-2.702,-0.198
2026-05-20 14:59:38.446,1172717902,2234446,1,0.96289,-0.1582,0.52148,-6.313,-1.672,-2.221
2026-05-20 14:59:38.446,1172717902,2234446,2,0.91943,0.02856,0.40234,-4.733,-2.771,-3.618
2026-05-20 14:59:38.646,1172718102,2234646,1,0.9668,-0.16016,0.48511,-1.603,-1.504,-3.557
2026-05-20 14:59:38.646,1172718102,2234646,2,0.91895,0.03906,0.41235,7.863,1.519,-8.695
2026-05-20 14:59:39.846,1172719302,2234846,1,0.96484,-0.13745,0.49146,12.931,-0.153,12.267
2026-05-20 14:59:39.846,1172719302,2234846,2,0.87817,0.15088,0.42554,17.115,6.855,-1.183
2026-05-20 14:59:39.046,1172718502,2235046,1,0.98828,-0.12891,0.46606,-2.802,5.053,-0.634
2026-05-20 14:59:39.046,1172718502,2235046,2,0.92407,0.14111,0.33252,-5.695,-9.061,-3.252
2026-05-20 14:59:39.246,1172718702,2235246,1,1.00537,-0.11768,0.49341,5.527,-0.832,-3.702
2026-05-20 14:59:39.246,1172718702,2235246,2,0.8999,0.13086,0.38916,-5.443,-6.534,1.275
2026-05-20 14:59:39.446,1172718902,2235446,1,0.99927,-0.10645,0.47363,-2.435,-2.122,-7.107
2026-05-20 14:59:39.446,1172718902,2235446,2,0.95288,0.04004,0.39502,-13.733,-13.565,4.053
2026-05-20 14:59:39.646,1172719102,2235646,1,0.98633,-0.13379,0.44385,1.305,0.573,2.321
2026-05-20 14:59:39.646,1172719102,2235646,2,0.94287,0.06567,0.36084,1.397,5.244,0.481
2026-05-20 14:59:40.846,1172720302,2235846,1,0.98145,-0.13696,0.46387,-1.107,0.588,2.534
2026-05-20 14:59:40.846,1172720302,2235846,2,0.92261,0.07764,0.37451,-6.992,4.885,-2.252
2026-05-20 14:59:40.046,1172719502,2236046,1,0.97949,-0.13062,0.44751,-6.328,2.214,-0.244
2026-05-20 14:59:40.046,1172719502,2236046,2,0.9209,0.07251,0.3855,-5.611,0.153,-1.931
2026-05-20 14:59:40.246,1172719702,2236246,1,0.9873,-0.11377,0.45898,1.405,4.313,-0.809
2026-05-20 14:59:40.246,1172719702,2236246,2,0.92554,0.07642,0.38647,-0.458,0.29,0.87
2026-05-20 14:59:43.154,1172722610,2239154,1,0.97632,-0.11841,0.46484,-0.237,1.687,-0.519
2026-05-20 14:59:43.154,1172722610,2239154,2,0.92383,0.07056,0.37891,-1.412,-0.099,0.237
2026-05-20 14:59:43.368,1172722824,2239367,1,0.98389,-0.1228,0.46606,-0.504,1.137,-0.275
2026-05-20 14:59:43.368,1172722824,2239367,2,0.92554,0.07568,0.37598,-1.855,0.168,0.351
2026-05-20 14:59:43.567,1172723023,2239567,1,0.97925,-0.12622,0.45581,-0.397,1.489,-0.489
2026-05-20 14:59:43.567,1172723023,2239567,2,0.92041,0.06519,0.38306,-1.435,1.13,0.618
2026-05-20 14:59:44.767,1172724223,2239767,1,0.98877,-0.11841,0.46118,-0.275,1.71,-0.198
2026-05-20 14:59:44.767,1172724223,2239767,2,0.92725,0.07153,0.38452,-0.786,1.046,0.573
2026-05-20 14:59:44.967,1172724423,2239967,1,0.98511,-0.11719,0.45532,0.122,1.328,-0.473
2026-05-20 14:59:44.967,1172724423,2239967,2,0.92578,0.07031,0.38159,-1.244,0.802,1.466
2026-05-20 14:59:44.187,1172723643,2240187,1,0.98169,-0.12134,0.46729,-0.244,1.076,-0.252
2026-05-20 14:59:44.187,1172723643,2240187,2,0.92456,0.06958,0.38037,-1.656,-0.305,1.069
2026-05-20 14:59:44.387,1172723843,2240387,1,0.97974,-0.11938,0.45801,-0.45,0.939,0.504
2026-05-20 14:59:44.387,1172723843,2240387,2,0.92554,0.06592,0.38989,-1.191,0.443,0.511
2026-05-20 14:59:44.587,1172724043,2240587,1,0.98022,-0.11914,0.45947,-0.527,1.13,-0.412
2026-05-20 14:59:44.587,1172724043,2240587,2,0.92993,0.06885,0.39014,-0.672,0.053,0.634
2026-05-20 14:59:45.787,1172725243,2240787,1,0.98022,-0.11719,0.46729,-0.626,1.092,-0.168
2026-05-20 14:59:45.787,1172725243,2240787,2,0.92065,0.06787,0.39502,-1.023,0.252,0.756
2026-05-20 14:59:45.987,1172725443,2240987,1,0.98584,-0.1167,0.47241,-0.26,1.756,-0.26
2026-05-20 14:59:45.987,1172725443,2240987,2,0.92358,0.0686,0.38135,-0.885,0.824,0.779
2026-05-20 14:59:45.187,1172724643,2241187,1,0.98193,-0.1189,0.47241,-0.496,0.992,-0.359
2026-05-20 14:59:45.187,1172724643,2241187,2,0.92188,0.07031,0.38232,-1.29,0.16,0.389
2026-05-20 14:59:45.387,1172724843,2241387,1,0.97754,-0.12134,0.45972,-0.481,1.626,-0.473
2026-05-20 14:59:45.387,1172724843,2241387,2,0.92749,0.07373,0.37915,-1.603,0.137,0.366
2026-05-20 14:59:45.587,1172725043,2241587,1,0.97656,-0.12085,0.46191,-0.168,1.573,-0.527
2026-05-20 14:59:45.587,1172725043,2241587,2,0.92725,0.07031,0.38354,-0.794,0.832,0.656
2026-05-20 14:59:46.840,1172726296,2241840,1,0.97681,-0.12036,0.46729,-0.298,1.519,-0.267
2026-05-20 14:59:46.840,1172726296,2241840,2,0.92798,0.06738,0.37891,-1.695,0.092,0.557
2026-05-20 14:59:46.513,1172725969,2242513,1,0.9834,-0.12524,0.46802,-0.252,1.573,0.351
2026-05-20 14:59:46.513,1172725969,2242513,2,0.92383,0.06567,0.38843,-1.168,0.176,0.611
2026-05-20 14:59:47.976,1172727432,2242976,1,0.98145,-0.12402,0.46143,-0.901,1.023,-0.214
2026-05-20 14:59:47.976,1172727432,2242976,2,0.92139,0.06885,0.39233,-1.237,-0.397,0.55
2026-05-20 14:59:47.245,1172726701,2243245,1,0.98096,-0.12646,0.46729,-0.374,1.374,-0.58
2026-05-20 14:59:47.245,1172726701,2243245,2,0.91846,0.07104,0.38574,-1.237,-0.076,0.435
2026-05-20 14:59:47.445,1172726901,2243445,1,0.97559,-0.13013,0.46802,-0.542,1.473,-0.122
2026-05-20 14:59:47.445,1172726901,2243445,2,0.92114,0.06812,0.37769,-0.45,0.092,0.504
2026-05-20 14:59:47.645,1172727101,2243645,1,0.9834,-0.12817,0.45898,-0.634,1.122,-0.481
2026-05-20 14:59:47.645,1172727101,2243645,2,0.92383,0.06714,0.39136,0.137,1.145,0.603
2026-05-20 14:59:48.845,1172728301,2243845,1,0.97778,-0.1272,0.46826,1.359,3.489,-0.336
2026-05-20 14:59:48.845,1172728301,2243845,2,0.91211,0.07935,0.38525,-0.756,1.344,0.634
2026-05-20 14:59:48.397,1172727853,2244397,1,0.98022,-0.12085,0.47729,-0.588,0.496,-0.427
2026-05-20 14:59:48.397,1172727853,2244397,2,0.92554,0.07104,0.39233,-2.794,1.359,1.023
2026-05-20 14:59:48.597,1172728053,2244597,1,0.97534,-0.13159,0.47119,-0.969,0.832,0.122
2026-05-20 14:59:48.597,1172728053,2244597,2,0.91577,0.06641,0.37939,-2.16,1.0,1.176
2026-05-20 14:59:49.797,1172729253,2244797,1,0.97754,-0.12524,0.4751,-0.504,1.405,-0.176
2026-05-20 14:59:49.797,1172729253,2244797,2,0.92163,0.07397,0.39502,-4.267,-1.725,0.534
2026-05-20 14:59:49.997,1172729453,2244997,1,0.97412,-0.13062,0.46094,-0.122,0.901,-0.069
2026-05-20 14:59:49.997,1172729453,2244997,2,0.93042,0.05493,0.38452,-0.893,1.046,0.527
2026-05-20 14:59:49.197,1172728653,2245197,1,0.97095,-0.1311,0.46484,0.046,1.397,-0.359
2026-05-20 14:59:49.197,1172728653,2245197,2,0.91309,0.06152,0.39038,-1.214,0.214,
2026-05-20 14:59:49.397,1172728853,2245397,1,0.97241,-0.12891,0.47241,-1.168,2.305,-0.595
2026-05-20 14:59:49.397,1172728853,2245397,2,0.92139,0.06616,0.38599,-2.221,-0.969,-0.214
2026-05-20 14:59:49.597,1172729053,2245597,1,0.97852,-0.12891,0.47461,-0.962,0.252,-0.733
2026-05-20 14:59:49.597,1172729053,2245597,2,0.92822,0.06445,0.38818,-1.794,-0.229,0.092
2026-05-20 14:59:50.797,1172730253,2245797,1,0.9812,-0.12012,0.46802,-0.779,1.763,-0.382
2026-05-20 14:59:50.797,1172730253,2245797,2,0.92041,0.06934,0.38965,-1.099,0.122,0.45
2026-05-20 14:59:50.997,1172730453,2245997,1,0.98047,-0.12476,0.46143,-0.305,2.176,-0.16
2026-05-20 14:59:50.997,1172730453,2245997,2,0.92065,0.07373,0.38647,-1.466,-0.084,0.42
2026-05-20 14:59:50.197,1172729653,2246197,1,0.98413,-0.13208,0.47021,1.183,1.122,0.076
2026-05-20 14:59:50.197,1172729653,2246197,2,0.9209,0.07275,0.37891,0.794,0.931,0.901
2026-05-20 14:59:50.397,1172729853,2246397,1,0.97485,-0.1311,0.47705,-1.122,1.183,
2026-05-20 14:59:50.397,1172729853,2246397,2,0.91797,0.07837,0.39575,-0.244,0.84,-0.221
2026-05-20 14:59:50.597,1172730053,2246597,1,0.98096,-0.11548,0.47241,-2.168,1.679,-1.282
2026-05-20 14:59:50.597,1172730053,2246597,2,0.92163,0.07446,0.38647,-1.71,-2.092,0.16
2026-05-20 14:59:51.797,1172731253,2246797,1,0.98193,-0.1189,0.48071,0.153,0.481,-0.863
2026-05-20 14:59:51.797,1172731253,2246797,2,0.92529,0.07227,0.38623,-0.924,1.939,1.687
2026-05-20 14:59:51.997,1172731453,2246997,1,0.97412,-0.1333,0.46826,1.176,1.802,0.275
2026-05-20 14:59:51.997,1172731453,2246997,2,0.9231,0.06763,0.38696,-0.679,2.076,0.366
2026-05-20 14:59:51.197,1172730653,2247197,1,0.97949,-0.13452,0.46875,-0.779,1.771,-0.198
2026-05-20 14:59:51.197,1172730653,2247197,2,0.91797,0.07056,0.39307,-0.962,0.962,0.588
2026-05-20 14:59:51.397,1172730853,2247397,1,0.98145,-0.12793,0.46948,-0.817,1.267,-0.16
2026-05-20 14:59:51.397,1172730853,2247397,2,0.91943,0.06445,0.38403,-1.977,0.885,0.58
2026-05-20 14:59:51.597,1172731053,2247597,1,0.97656,-0.13379,0.46484,0.443,1.519,-0.084
2026-05-20 14:59:51.597,1172731053,2247597,2,0.92017,0.07178,0.3877,-0.817,0.588,0.641
2026-05-20 14:59:54.406,1172733862,2250406,1,0.97998,-0.12622,0.46729,-0.603,1.733,-0.511
2026-05-20 14:59:54.406,1172733862,2250406,2,0.92212,0.06055,0.39355,-1.137,0.641,0.504
2026-05-20 14:59:54.606,1172734062,2250606,1,0.98242,-0.13452,0.47461,-0.55,1.168,-0.588
2026-05-20 14:59:54.606,1172734062,2250606,2,0.92358,0.06641,0.38867,-1.046,-0.092,0.313
2026-05-20 14:59:55.806,1172735262,2250806,1,0.97827,-0.12988,0.46509,-0.359,1.786,-0.695
2026-05-20 14:59:55.806,1172735262,2250806,2,0.91406,0.06763,0.39014,-0.267,-0.305,0.26
2026-05-20 14:59:55.006,1172734462,2251006,1,0.97607,-0.12646,0.48096,-0.611,1.115,-0.664
2026-05-20 14:59:55.006,1172734462,2251006,2,0.91968,0.07129,0.40332,-0.939,0.351,0.458
2026-05-20 14:59:55.206,1172734662,2251206,1,0.98242,-0.11914,0.4729,-0.405,1.557,-0.237
2026-05-20 14:59:55.206,1172734662,2251206,2,0.92139,0.0686,0.39282,-1.206,0.435,0.695
2026-05-20 14:59:55.406,1172734862,2251406,1,0.96948,-0.12866,0.46753,-0.634,1.588,-0.634
2026-05-20 14:59:55.406,1172734862,2251406,2,0.91968,0.073,0.3894,-1.672,0.229,0.748
2026-05-20 14:59:58.470,1172737926,2254470,1,0.9668,-0.12305,0.47632,-0.115,0.534,-0.084
2026-05-20 14:59:58.470,1172737926,2254470,2,0.91748,0.06519,0.40015,-2.489,0.427,0.664
2026-05-20 14:59:58.670,1172738126,2254670,1,0.97705,-0.13354,0.48511,-0.168,1.466,-0.023
2026-05-20 14:59:58.670,1172738126,2254670,2,0.91504,0.07324,0.39185,0.053,1.45,1.023
2026-05-20 14:59:59.870,1172739326,2254870,1,0.97754,-0.13232,0.47314,-0.58,0.893,-0.374
2026-05-20 14:59:59.870,1172739326,2254870,2,0.92432,0.06689,0.3916,-1.328,1.397,0.664
2026-05-20 14:59:59.070,1172738526,2255070,1,0.9751,-0.125,0.48047,-0.466,1.496,-0.435
2026-05-20 14:59:59.070,1172738526,2255070,2,0.91846,0.06494,0.39063,-1.267,0.695,0.656
2026-05-20 14:59:59.270,1172738726,2255270,1,0.97827,-0.12378,0.47852,-0.397,0.992,-0.084
2026-05-20 14:59:59.270,1172738726,2255270,2,0.91455,0.06323,0.39478,-0.87,0.198,0.634
2026-05-20 14:59:59.470,1172738926,2255470,1,0.97852,-0.13208,0.47485,-0.405,1.023,-0.076
2026-05-20 14:59:59.470,1172738926,2255470,2,0.91895,0.06543,0.3894,-1.122,0.412,0.481
2026-05-20 14:59:59.670,1172739126,2255670,1,0.97729,-0.12598,0.47119,-0.901,1.382,-0.374
2026-05-20 14:59:59.670,1172739126,2255670,2,0.92139,0.0625,0.39331,-1.359,0.374,0.412
2026-05-20 15:00:00.870,1172740326,2255870,1,0.97754,-0.12427,0.46362,-0.603,1.397,-0.336
2026-05-20 15:00:00.870,1172740326,2255870,2,0.92065,0.07715,0.39746,-0.977,-0.084,0.618
2026-05-20 15:00:00.070,1172739526,2256070,1,0.97729,-0.12646,0.47021,-0.802,0.702,-0.328
2026-05-20 15:00:00.070,1172739526,2256070,2,0.92725,0.06348,0.39746,-0.985,0.511,0.153
2026-05-20 15:00:00.270,1172739726,2256270,1,0.97876,-0.12207,0.47363,-1.038,1.817,-1.122
2026-05-20 15:00:00.270,1172739726,2256270,2,0.92383,0.06958,0.39722,-1.137,0.435,0.069
2026-05-20 15:00:00.470,1172739926,2256470,1,0.97632,-0.12183,0.47949,0.328,1.626,-0.198
2026-05-20 15:00:00.470,1172739926,2256470,2,0.92334,0.07568,0.3894,-0.763,0.954,0.885
2026-05-20 15:00:00.670,1172740126,2256670,1,0.97119,-0.12598,0.47607,-0.176,1.221,-0.008
2026-05-20 15:00:00.670,1172740126,2256670,2,0.91846,0.0647,0.39893,-2.137,-0.542,0.687
2026-05-20 15:00:01.870,1172741326,2256870,1,0.96875,-0.12891,0.47681,-0.069,1.031,-0.176
2026-05-20 15:00:01.870,1172741326,2256870,2,0.9231,0.06714,0.40869,-0.611,0.115,0.855
2026-05-20 15:00:01.070,1172740526,2257070,1,0.96167,-0.10571,0.4812,-11.435,-2.672,-2.237
2026-05-20 15:00:01.070,1172740526,2257070,2,0.91577,0.0603,0.37476,-17.45,-5.427,-2.336
2026-05-20 15:00:04.083,1172743539,2260082,1,0.9895,-0.12891,0.44141,-0.084,2.229,-0.244
2026-05-20 15:00:04.083,1172743539,2260082,2,0.91382,0.05518,0.40405,-1.45,0.397,0.916
2026-05-20 15:00:04.282,1172743738,2260282,1,0.99097,-0.12256,0.43896,0.618,1.13,-0.649
2026-05-20 15:00:04.282,1172743738,2260282,2,0.91333,0.04663,0.40234,-1.527,1.0,0.031
2026-05-20 15:00:04.482,1172743938,2260482,1,0.99487,-0.1189,0.44434,-1.351,2.023,-0.099
2026-05-20 15:00:04.482,1172743938,2260482,2,0.91626,0.05615,0.40576,-1.618,-0.099,0.725
2026-05-20 15:00:04.682,1172744138,2260682,1,0.98975,-0.1167,0.43799,-0.733,0.71,-0.084
2026-05-20 15:00:04.682,1172744138,2260682,2,0.91772,0.05078,0.39624,-1.023,-0.237,0.641
2026-05-20 15:00:05.882,1172745338,2260882,1,0.98389,-0.12915,0.45166,0.115,1.725,0.046
2026-05-20 15:00:05.882,1172745338,2260882,2,0.91846,0.05005,0.39893,-0.908,0.267,0.458
2026-05-20 15:00:05.082,1172744538,2261082,1,0.98022,-0.11743,0.4502,-0.618,1.702,-0.191
2026-05-20 15:00:05.082,1172744538,2261082,2,0.91113,0.05176,0.40015,-0.863,0.237,0.634
2026-05-20 15:00:05.282,1172744738,2261282,1,0.97925,-0.12622,0.45044,-0.42,1.099,-0.321
2026-05-20 15:00:05.282,1172744738,2261282,2,0.9187,0.05249,0.39746,-1.511,0.115,0.382
2026-05-20 15:00:05.482,1172744938,2261482,1,0.97534,-0.13013,0.45508,-1.481,-0.405,-0.206
2026-05-20 15:00:05.482,1172744938,2261482,2,0.91211,0.04517,0.43628,1.656,-1.183,2.733
2026-05-20 15:00:05.682,1172745138,2261682,1,0.9646,-0.13428,0.44312,1.595,-1.115,1.74
2026-05-20 15:00:05.682,1172745138,2261682,2,0.91797,0.05493,0.36694,-2.87,-7.786,-2.542
2026-05-20 15:00:06.882,1172746338,2261882,1,0.99951,-0.12231,0.43262,-1.351,1.145,-0.504
2026-05-20 15:00:06.882,1172746338,2261882,2,0.90649,0.05273,0.39038,-0.802,1.802,0.061
2026-05-20 15:00:06.082,1172745538,2262082,1,1.00146,-0.12573,0.45093,-5.389,4.802,-1.809
2026-05-20 15:00:06.082,1172745538,2262082,2,0.91797,0.05542,0.40625,0.076,1.634,1.382
2026-05-20 15:00:06.282,1172745738,2262282,1,0.99097,-0.12451,0.448,0.389,0.916,0.397
2026-05-20 15:00:06.282,1172745738,2262282,2,0.9126,0.06079,0.39697,-3.427,2.221,-0.756
2026-05-20 15:00:06.482,1172745938,2262482,1,0.98193,-0.12744,0.43408,1.305,0.809,0.733
2026-05-20 15:00:06.482,1172745938,2262482,2,0.91138,0.05493,0.3999,-1.603,0.389,0.466
2026-05-20 15:00:06.682,1172746138,2262682,1,0.99292,-0.12695,0.44067,-1.214,2.244,-0.55
2026-05-20 15:00:06.682,1172746138,2262682,2,0.91309,0.05518,0.40869,-1.458,-1.649,0.382
2026-05-20 15:00:07.882,1172747338,2262882,1,1.00952,-0.12183,0.43384,-0.855,1.435,-0.626
2026-05-20 15:00:07.882,1172747338,2262882,2,0.90723,0.05762,0.41357,-2.947,-4.656,1.45
2026-05-20 15:00:07.082,1172746538,2263082,1,0.9917,-0.14014,0.43433,-2.122,4.198,-2.687
2026-05-20 15:00:07.082,1172746538,2263082,2,0.91504,0.04907,0.38892,1.015,-1.779,-0.504
2026-05-20 15:00:07.282,1172746738,2263282,1,0.99219,-0.12012,0.44019,-0.809,1.267,-1.092
2026-05-20 15:00:07.282,1172746738,2263282,2,0.9209,0.05762,0.39673,-2.099,1.962,0.298
2026-05-20 15:00:07.482,1172746938,2263482,1,0.98828,-0.12158,0.44629,-0.802,2.221,-0.664
2026-05-20 15:00:07.482,1172746938,2263482,2,0.91699,0.05981,0.38867,-1.321,-0.107,-0.267
2026-05-20 15:00:07.682,1172747138,2263682,1,0.9873,-0.11157,0.44507,0.832,1.412,-0.374
2026-05-20 15:00:07.682,1172747138,2263682,2,0.92773,0.05444,0.37939,-5.221,1.763,-0.855
2026-05-20 15:00:08.882,1172748338,2263882,1,0.98096,-0.12549,0.44604,-0.221,1.344,-0.168
2026-05-20 15:00:08.882,1172748338,2263882,2,0.91187,0.05981,0.39429,-1.672,-0.008,0.29
2026-05-20 15:00:08.082,1172747538,2264082,1,0.99097,-0.12085,0.43457,-0.267,1.427,-0.374
2026-05-20 15:00:08.082,1172747538,2264082,2,0.91333,0.05298,0.40259,0.389,0.626,1.069
2026-05-20 15:00:08.282,1172747738,2264282,1,0.98975,-0.12842,0.45557,-0.626,2.405,-0.244
2026-05-20 15:00:08.282,1172747738,2264282,2,0.92139,0.06079,0.40942,-1.305,0.206,0.802
2026-05-20 15:00:08.482,1172747938,2264482,1,0.98389,-0.12207,0.45239,-0.634,1.069,-0.168
2026-05-20 15:00:08.482,1172747938,2264482,2,0.91992,0.05054,0.41626,-1.344,0.313,0.74
2026-05-20 15:00:08.682,1172748138,2264682,1,0.98877,-0.11475,0.45142,-0.26,1.298,-0.42
2026-05-20 15:00:08.682,1172748138,2264682,2,0.91968,0.05615,0.40234,-1.664,0.145,0.458
2026-05-20 15:00:12.856,1172752312,2267856,1,0.96387,-0.15405,0.60449,-9.0,17.466,-0.916
2026-05-20 15:00:12.856,1172752312,2267856,2,1.21948,0.09399,0.34619,-12.351,18.748,-21.458
2026-05-20 15:00:12.056,1172751512,2268056,1,0.97046,-0.14746,0.56689,1.985,0.046,-3.664
2026-05-20 15:00:12.056,1172751512,2268056,2,1.0166,0.03857,0.1543,0.702,-12.198,-0.321
2026-05-20 15:00:12.256,1172751712,2268256,1,0.91479,-0.14502,0.57544,-3.71,-0.71,1.145
2026-05-20 15:00:12.256,1172751712,2268256,2,0.96973,0.04224,0.2522,2.351,4.588,0.809
2026-05-20 15:00:12.456,1172751912,2268456,1,0.91333,-0.12915,0.59619,0.779,3.214,0.145
2026-05-20 15:00:12.456,1172751912,2268456,2,0.97925,0.05566,0.23804,1.031,0.779,0.359
2026-05-20 15:00:15.405,1172754861,2271405,1,0.91162,-0.14087,0.59277,-0.053,1.351,-0.275
2026-05-20 15:00:15.405,1172754861,2271405,2,0.97852,0.03931,0.24829,1.412,0.069,0.863
2026-05-20 15:00:15.695,1172755151,2271695,1,0.91479,-0.14746,0.59473,-0.328,1.198,-0.305
2026-05-20 15:00:15.695,1172755151,2271695,2,0.97559,0.05127,0.24463,-2.13,-0.244,0.542
2026-05-20 15:00:16.895,1172756351,2271895,1,0.91748,-0.14282,0.59302,-0.626,1.511,-0.573
2026-05-20 15:00:16.895,1172756351,2271895,2,0.98145,0.04663,0.24585,-2.359,0.771,-0.031
2026-05-20 15:00:16.095,1172755551,2272095,1,0.91846,-0.14331,0.59375,-0.649,1.389,-0.618
2026-05-20 15:00:16.095,1172755551,2272095,2,0.97485,0.04126,0.2478,-1.832,0.603,0.29
2026-05-20 15:00:16.295,1172755751,2272295,1,0.92261,-0.14185,0.59424,-0.427,1.771,-0.611
2026-05-20 15:00:16.295,1172755751,2272295,2,0.979,0.04395,0.24536,-2.053,0.511,0.405
2026-05-20 15:00:16.514,1172755970,2272514,1,0.91675,-0.13892,0.59595,-0.382,1.351,-0.573
2026-05-20 15:00:16.514,1172755970,2272514,2,0.98193,0.03833,0.25293,-1.786,0.595,0.473
2026-05-20 15:00:16.714,1172756170,2272714,1,0.91724,-0.13745,0.58716,-0.634,1.214,-0.443
2026-05-20 15:00:16.714,1172756170,2272714,2,0.98071,0.04395,0.25024,-1.45,0.267,0.565
2026-05-20 15:00:17.914,1172757370,2272914,1,0.92114,-0.14307,0.59595,-0.641,1.382,-0.389
2026-05-20 15:00:17.914,1172757370,2272914,2,0.97803,0.04468,0.25952,-2.405,0.206,0.198
2026-05-20 15:00:17.114,1172756570,2273114,1,0.91211,-0.14038,0.59839,-0.389,1.351,-0.382
2026-05-20 15:00:17.114,1172756570,2273114,2,0.98828,0.04297,0.25659,-1.435,0.901,0.305
2026-05-20 15:00:17.314,1172756770,2273314,1,0.91846,-0.14233,0.58569,-0.374,1.107,-0.359
2026-05-20 15:00:17.314,1172756770,2273314,2,0.97339,0.04175,0.24634,-1.656,0.076,0.771
2026-05-20 15:00:17.514,1172756970,2273514,1,0.91382,-0.14355,0.59082,-0.718,0.702,-0.786
2026-05-20 15:00:17.514,1172756970,2273514,2,0.97852,0.04297,0.2522,-1.679,0.427,1.084
2026-05-20 15:00:17.714,1172757170,2273714,1,0.91382,-0.13818,0.59619,-0.42,1.008,-0.565
2026-05-20 15:00:17.714,1172757170,2273714,2,0.97583,0.0376,0.24023,-1.656,0.527,0.366
2026-05-20 15:00:18.914,1172758370,2273914,1,0.92188,-0.14038,0.58545,-0.305,1.443,-0.458
2026-05-20 15:00:18.914,1172758370,2273914,2,0.97729,0.04175,0.25,-0.275,0.038,0.626
2026-05-20 15:00:18.114,1172757570,2274114,1,0.91162,-0.13306,0.60059,-0.374,1.275,-0.191
2026-05-20 15:00:18.114,1172757570,2274114,2,0.98364,0.03931,0.23804,0.473,-0.229,1.038
2026-05-20 15:00:18.314,1172757770,2274314,1,0.91113,-0.13501,0.59351,-0.588,1.702,-0.359
2026-05-20 15:00:18.314,1172757770,2274314,2,0.98413,0.04419,0.25024,-0.198,-0.145,0.603
2026-05-20 15:00:18.514,1172757970,2274514,1,0.92065,-0.13892,0.59668,-0.42,1.336,-0.275
2026-05-20 15:00:18.514,1172757970,2274514,2,0.97925,0.03564,0.25781,-1.55,0.305,0.58
2026-05-20 15:00:18.714,1172758170,2274714,1,0.91699,-0.13818,0.5918,-0.947,1.275,-0.389
2026-05-20 15:00:18.714,1172758170,2274714,2,0.9812,0.03589,0.25195,-2.344,0.756,0.412
2026-05-20 15:00:19.914,1172759370,2274914,1,0.91992,-0.13647,0.59985,-0.221,1.504,-0.573
2026-05-20 15:00:19.914,1172759370,2274914,2,0.98169,0.04517,0.25879,-2.405,0.74,0.252
2026-05-20 15:00:19.114,1172758570,2275114,1,0.91162,-0.13989,0.60034,-0.015,1.298,-0.282
2026-05-20 15:00:19.114,1172758570,2275114,2,0.97803,0.03687,0.25415,-2.16,0.405,0.366
2026-05-20 15:00:19.314,1172758770,2275314,1,0.91943,-0.14307,0.59497,-0.649,1.542,-0.115
2026-05-20 15:00:19.314,1172758770,2275314,2,0.97583,0.04077,0.25659,-1.382,0.321,0.252
2026-05-20 15:00:19.514,1172758970,2275514,1,0.91162,-0.14478,0.59253,-0.473,1.397,-0.496
2026-05-20 15:00:19.514,1172758970,2275514,2,0.98438,0.03979,0.24854,-1.344,0.924,0.305
2026-05-20 15:00:19.714,1172759170,2275714,1,0.91455,-0.13989,0.58887,-0.351,1.206,-0.611
2026-05-20 15:00:19.714,1172759170,2275714,2,0.98462,0.03882,0.26074,-1.046,-0.099,0.771
2026-05-20 15:00:20.914,1172760370,2275914,1,0.95215,-0.1394,0.62207,3.099,-5.389,-0.527
2026-05-20 15:00:20.914,1172760370,2275914,2,1.03467,0.02759,0.27832,6.489,19.275,5.695
2026-05-20 15:00:20.114,1172759570,2276114,1,0.93579,-0.13477,0.55493,1.679,-12.061,-2.023
2026-05-20 15:00:20.114,1172759570,2276114,2,0.93188,0.06665,0.34131,-3.336,25.13,-5.42
2026-05-20 15:00:20.341,1172759797,2276341,1,0.96069,-0.11523,0.48706,-1.855,-19.656,-1.611
2026-05-20 15:00:20.341,1172759797,2276341,2,0.9021,0.01733,0.53613,-2.015,4.931,-6.198
2026-05-20 15:00:20.541,1172759997,2276541,1,0.9707,-0.12378,0.49438,1.191,-0.466,-0.206
2026-05-20 15:00:20.541,1172759997,2276541,2,0.88403,0.03613,0.46362,1.214,-4.382,-0.656
2026-05-20 15:00:21.741,1172761197,2276741,1,0.98267,-0.11963,0.47168,-1.855,0.87,-1.107
2026-05-20 15:00:21.741,1172761197,2276741,2,0.91016,0.05737,0.42017,-0.351,0.595,1.176
2026-05-20 15:00:21.941,1172761397,2276941,1,0.98438,-0.12671,0.46802,0.076,1.053,-0.481
2026-05-20 15:00:21.941,1172761397,2276941,2,0.91382,0.05615,0.40942,-0.84,-0.817,0.359
2026-05-20 15:00:21.141,1172760597,2277141,1,0.98096,-0.11938,0.47217,0.573,2.435,-0.198
2026-05-20 15:00:21.141,1172760597,2277141,2,0.91113,0.05884,0.40918,-0.656,0.122,1.0
2026-05-20 15:00:21.341,1172760797,2277341,1,0.97827,-0.12451,0.46899,-0.74,1.374,-0.244
2026-05-20 15:00:21.341,1172760797,2277341,2,0.91138,0.05176,0.40723,-0.863,-0.099,0.527
2026-05-20 15:00:21.541,1172760997,2277541,1,0.98145,-0.11353,0.46167,-0.481,1.061,-0.374
2026-05-20 15:00:21.541,1172760997,2277541,2,0.91333,0.05225,0.41455,-0.031,0.305,0.969
2026-05-20 15:00:22.741,1172762197,2277741,1,0.98535,-0.12061,0.47241,-0.076,1.832,-0.725
2026-05-20 15:00:22.741,1172762197,2277741,2,0.91089,0.05835,0.41504,-0.153,0.214,0.534
2026-05-20 15:00:22.941,1172762397,2277941,1,0.97388,-0.12842,0.45898,-0.282,1.687,-0.313
2026-05-20 15:00:22.941,1172762397,2277941,2,0.91187,0.05664,0.40308,-0.023,-0.328,0.802
2026-05-20 15:00:22.150,1172761606,2278150,1,0.96802,-0.12622,0.45996,-0.542,0.847,-0.344
2026-05-20 15:00:22.150,1172761606,2278150,2,0.91357,0.05933,0.40454,-1.489,0.817,0.382
2026-05-20 15:00:22.350,1172761806,2278350,1,0.98462,-0.11426,0.46509,-0.55,1.328,-0.145
2026-05-20 15:00:22.350,1172761806,2278350,2,0.91895,0.05371,0.41211,-1.053,-0.168,0.802
2026-05-20 15:00:22.550,1172762006,2278550,1,0.97754,-0.1189,0.47534,-0.939,1.313,
2026-05-20 15:00:22.550,1172762006,2278550,2,0.90747,0.05347,0.40894,-1.511,0.29,0.557
2026-05-20 15:00:23.750,1172763206,2278750,1,0.98389,-0.12061,0.47095,-0.656,0.908,-0.412
2026-05-20 15:00:23.750,1172763206,2278750,2,0.91089,0.05078,0.40894,-2.725,0.878,0.145
2026-05-20 15:00:23.950,1172763406,2278950,1,0.97485,-0.11987,0.47852,-0.275,1.214,-0.229
2026-05-20 15:00:23.950,1172763406,2278950,2,0.91187,0.05566,0.41113,-1.679,0.771,0.275
2026-05-20 15:00:23.150,1172762606,2279150,1,0.97729,-0.11865,0.46167,-0.435,1.122,-0.45
2026-05-20 15:00:23.150,1172762606,2279150,2,0.9165,0.05273,0.41235,-1.565,0.389,0.389
2026-05-20 15:00:23.350,1172762806,2279350,1,0.97485,-0.12549,0.46289,-0.618,1.221,-0.328
2026-05-20 15:00:23.350,1172762806,2279350,2,0.90869,0.052,0.41162,-1.672,0.878,0.634
2026-05-20 15:00:23.581,1172763037,2279581,1,0.97339,-0.12769,0.4668,-0.427,1.435,-0.092
2026-05-20 15:00:23.581,1172763037,2279581,2,0.90845,0.04932,0.40552,-1.427,0.725,0.489
2026-05-20 15:00:24.781,1172764237,2279781,1,0.9729,-0.12109,0.46851,-0.405,1.542,-0.481
2026-05-20 15:00:24.781,1172764237,2279781,2,0.90698,0.05542,0.40845,-1.275,0.321,0.504
2026-05-20 15:00:24.981,1172764437,2279981,1,0.97485,-0.11719,0.4729,-0.45,1.359,-0.374
2026-05-20 15:00:24.981,1172764437,2279981,2,0.91406,0.05176,0.41748,-1.26,0.817,0.779
2026-05-20 15:00:24.181,1172763637,2280181,1,0.97485,-0.12476,0.4646,-0.458,1.45,-0.382
2026-05-20 15:00:24.181,1172763637,2280181,2,0.90674,0.05371,0.41162,-0.656,0.916,0.748
2026-05-20 15:00:24.381,1172763837,2280381,1,0.98022,-0.12183,0.46606,-0.969,1.802,-0.565
2026-05-20 15:00:24.381,1172763837,2280381,2,0.90454,0.0625,0.40845,-1.221,-1.405,0.389
2026-05-20 15:00:24.581,1172764037,2280581,1,0.97485,-0.12183,0.47998,-0.069,1.557,-0.496
2026-05-20 15:00:24.581,1172764037,2280581,2,0.91797,0.05615,0.40918,0.069,0.588,0.496
2026-05-20 15:00:25.781,1172765237,2280781,1,0.97046,-0.1145,0.4812,0.962,1.42,-0.435
2026-05-20 15:00:25.781,1172765237,2280781,2,0.91528,0.05786,0.41528,-2.718,0.863,0.328
2026-05-20 15:00:25.981,1172765437,2280981,1,0.97363,-0.11841,0.48169,-1.031,1.405,0.244
2026-05-20 15:00:25.981,1172765437,2280981,2,0.90991,0.05371,0.42773,-0.794,1.145,1.16
2026-05-20 15:00:25.181,1172764637,2281181,1,0.97803,-0.12036,0.479,-0.412,0.527,-0.351
2026-05-20 15:00:25.181,1172764637,2281181,2,0.90698,0.04761,0.41626,-2.137,0.397,0.489
2026-05-20 15:00:25.381,1172764837,2281381,1,0.98047,-0.11328,0.46655,0.069,0.84,0.038
2026-05-20 15:00:25.381,1172764837,2281381,2,0.90723,0.052,0.41382,-1.282,1.076,0.679
2026-05-20 15:00:25.581,1172765037,2281581,1,0.97583,-0.11694,0.47168,-0.397,1.557,-0.183
2026-05-20 15:00:25.581,1172765037,2281581,2,0.90259,0.05518,0.40894,-0.908,1.168,0.542
2026-05-20 15:00:26.781,1172766237,2281781,1,0.97046,-0.12524,0.479,-0.855,1.359,-0.832
2026-05-20 15:00:26.781,1172766237,2281781,2,0.91089,0.05688,0.41211,-1.191,-0.023,0.328
2026-05-20 15:00:28.324,1172767780,2284324,1,0.97559,-0.12769,0.46875,0.13,1.603,-0.275
2026-05-20 15:00:28.324,1172767780,2284324,2,0.91187,0.05347,0.41772,-0.924,-0.229,0.42
2026-05-20 15:00:28.524,1172767980,2284524,1,0.97632,-0.11743,0.47363,-1.573,1.702,-0.305
2026-05-20 15:00:28.524,1172767980,2284524,2,0.91357,0.05029,0.41699,-1.16,0.115,0.603
2026-05-20 15:00:28.724,1172768180,2284724,1,0.97876,-0.12231,0.47363,-1.053,1.466,-1.053
2026-05-20 15:00:28.724,1172768180,2284724,2,0.90723,0.04932,0.41675,-0.046,-0.427,0.58
2026-05-20 15:00:29.924,1172769380,2284924,1,0.97729,-0.1228,0.47852,-0.16,0.87,-0.511
2026-05-20 15:00:29.924,1172769380,2284924,2,0.90942,0.06372,0.41357,-0.534,0.618,0.786
2026-05-20 15:00:29.124,1172768580,2285124,1,0.97729,-0.11914,0.47534,-0.595,1.191,-0.351
2026-05-20 15:00:29.124,1172768580,2285124,2,0.90845,0.05566,0.41528,-0.763,0.832,0.893
2026-05-20 15:00:29.324,1172768780,2285324,1,0.97974,-0.11792,0.47314,0.359,1.496,-0.046
2026-05-20 15:00:29.324,1172768780,2285324,2,0.90942,0.05737,0.41675,-0.832,1.168,0.855
2026-05-20 15:00:29.524,1172768980,2285524,1,0.97949,-0.12109,0.48071,-0.603,0.817,0.336
2026-05-20 15:00:29.524,1172768980,2285524,2,0.91309,0.05542,0.41699,-2.061,0.626,0.87
2026-05-20 15:00:30.824,1172770280,2285824,1,0.97778,-0.125,0.46362,,0.794,-0.107
2026-05-20 15:00:30.824,1172770280,2285824,2,0.90771,0.06006,0.42773,-0.107,0.527,0.58
2026-05-20 15:00:30.079,1172769535,2286079,1,0.99756,-0.12061,0.48462,3.221,14.153,2.374
2026-05-20 15:00:30.079,1172769535,2286079,2,0.84546,0.01294,0.58008,16.565,-21.275,8.015
2026-05-20 15:00:30.279,1172769735,2286279,1,0.92847,-0.14063,0.5686,-18.069,9.885,-0.565
2026-05-20 15:00:30.279,1172769735,2286279,2,0.98901,0.04565,0.31543,-9.145,-14.366,-1.573
2026-05-20 15:00:30.479,1172769935,2286479,1,0.9502,-0.15112,0.54126,4.13,2.321,0.252
2026-05-20 15:00:30.479,1172769935,2286479,2,1.00293,0.04834,0.20776,-3.023,-5.679,-4.412
2026-05-20 15:00:30.679,1172770135,2286679,1,0.91553,-0.14795,0.57617,-0.496,2.458,0.969
2026-05-20 15:00:30.679,1172770135,2286679,2,0.96729,0.04858,0.29224,1.053,2.695,-1.046
2026-05-20 15:00:31.879,1172771335,2286879,1,0.91943,-0.13843,0.58008,0.58,4.74,0.13
2026-05-20 15:00:31.879,1172771335,2286879,2,0.95947,0.05981,0.27783,-0.863,1.344,-0.603
2026-05-20 15:00:31.150,1172770606,2287150,1,0.91333,-0.15015,0.59619,0.305,1.573,0.817
2026-05-20 15:00:31.150,1172770606,2287150,2,0.95874,0.0542,0.28955,-1.595,-0.061,0.466
2026-05-20 15:00:31.368,1172770824,2287368,1,0.91406,-0.13379,0.58838,-0.496,1.679,-0.519
2026-05-20 15:00:31.368,1172770824,2287368,2,0.97485,0.05249,0.2793,-1.603,0.779,0.305
2026-05-20 15:00:31.568,1172771024,2287568,1,0.9126,-0.1377,0.59033,-0.473,1.206,-0.519
2026-05-20 15:00:31.568,1172771024,2287568,2,0.97266,0.05957,0.28174,-0.13,0.221,0.779
2026-05-20 15:00:32.768,1172772224,2287768,1,0.9187,-0.13843,0.59619,-0.305,1.366,0.031
2026-05-20 15:00:32.768,1172772224,2287768,2,0.96948,0.05786,0.27344,0.389,-0.092,1.046
2026-05-20 15:00:32.968,1172772424,2287968,1,0.92529,-0.13403,0.5896,-1.55,1.725,1.603
2026-05-20 15:00:32.968,1172772424,2287968,2,0.97192,0.0542,0.28125,-0.237,-0.74,1.908
2026-05-20 15:00:32.168,1172771624,2288168,1,0.9209,-0.14624,0.58472,-1.298,1.458,-0.74
2026-05-20 15:00:32.168,1172771624,2288168,2,0.97119,0.05322,0.27515,-0.252,0.733,-0.115
2026-05-20 15:00:32.397,1172771853,2288397,1,0.91089,-0.14648,0.604,-0.511,1.473,-0.046
2026-05-20 15:00:32.397,1172771853,2288397,2,0.9646,0.05493,0.27661,-3.015,1.015,-0.046
2026-05-20 15:00:32.600,1172772056,2288599,1,0.91187,-0.1499,0.59033,-0.763,1.695,-0.565
2026-05-20 15:00:32.600,1172772056,2288599,2,0.97241,0.06055,0.26367,-3.305,1.305,-0.229
2026-05-20 15:00:33.799,1172773255,2288799,1,0.90967,-0.14893,0.60034,-0.74,1.069,-0.099
2026-05-20 15:00:33.799,1172773255,2288799,2,0.96826,0.06055,0.28564,-0.947,0.977,0.397
2026-05-20 15:00:33.999,1172773455,2288999,1,0.91553,-0.14673,0.60767,-0.573,1.473,-0.389
2026-05-20 15:00:33.999,1172773455,2288999,2,0.96533,0.05688,0.2771,-1.985,1.252,0.595
2026-05-20 15:00:33.199,1172772655,2289199,1,0.90796,-0.15527,0.59814,-0.145,1.13,-0.107
2026-05-20 15:00:33.199,1172772655,2289199,2,0.97046,0.06128,0.2666,-1.557,0.328,0.198
2026-05-20 15:00:33.399,1172772855,2289399,1,0.90771,-0.15894,0.60303,-0.511,1.366,-0.282
2026-05-20 15:00:33.399,1172772855,2289399,2,0.96851,0.04297,0.29517,1.107,-5.153,1.412
2026-05-20 15:00:33.676,1172773132,2289675,1,0.9165,-0.15259,0.60449,-0.534,1.519,-0.458
2026-05-20 15:00:33.676,1172773132,2289675,2,0.97119,0.05664,0.26929,-1.145,0.779,0.29
2026-05-20 15:00:34.875,1172774331,2289875,1,0.90894,-0.146,0.60645,-0.71,1.351,-0.389
2026-05-20 15:00:34.875,1172774331,2289875,2,0.9729,0.0564,0.2749,-0.893,0.58,0.382
2026-05-20 15:00:34.075,1172773531,2290075,1,0.91089,-0.15161,0.59863,-0.374,1.55,-0.443
2026-05-20 15:00:34.075,1172773531,2290075,2,0.9751,0.05249,0.26074,-1.939,0.359,0.634
2026-05-20 15:00:34.275,1172773731,2290275,1,0.91162,-0.15674,0.60571,-0.511,1.183,-0.527
2026-05-20 15:00:34.275,1172773731,2290275,2,0.9729,0.05688,0.2749,-0.618,0.588,0.611
2026-05-20 15:00:34.475,1172773931,2290475,1,0.90625,-0.15405,0.59351,-1.748,1.145,-0.458
2026-05-20 15:00:34.475,1172773931,2290475,2,0.96875,0.05591,0.28418,0.878,-0.931,1.527
2026-05-20 15:00:34.675,1172774131,2290675,1,0.90186,-0.1521,0.60718,-0.702,1.672,-0.29
2026-05-20 15:00:34.675,1172774131,2290675,2,0.97241,0.05737,0.28101,-0.962,-0.443,1.053
2026-05-20 15:00:35.875,1172775331,2290875,1,0.9126,-0.16113,0.60205,0.015,1.58,-0.275
2026-05-20 15:00:35.875,1172775331,2290875,2,0.9729,0.0542,0.26758,-0.366,0.664,0.786
2026-05-20 15:00:35.075,1172774531,2291075,1,0.91162,-0.15161,0.59619,-0.244,1.153,-0.618
2026-05-20 15:00:35.075,1172774531,2291075,2,0.97192,0.05835,0.27148,-1.153,0.397,0.496
2026-05-20 15:00:35.275,1172774731,2291275,1,0.90796,-0.15088,0.60547,-0.466,1.427,-0.382
2026-05-20 15:00:35.275,1172774731,2291275,2,0.97119,0.05322,0.27539,-2.13,1.206,-0.115
2026-05-20 15:00:35.480,1172774936,2291479,1,0.90894,-0.15161,0.59448,-0.351,1.336,-0.511
2026-05-20 15:00:35.480,1172774936,2291479,2,0.97217,0.05615,0.2749,-2.489,0.954,-0.191
2026-05-20 15:00:35.679,1172775135,2291679,1,0.90479,-0.15332,0.59424,-0.794,1.504,-0.45
2026-05-20 15:00:35.679,1172775135,2291679,2,0.96802,0.05835,0.27124,-2.298,0.817,0.275
2026-05-20 15:00:36.879,1172776335,2291879,1,0.91992,-0.14868,0.60693,-0.45,1.489,-0.374
2026-05-20 15:00:36.879,1172776335,2291879,2,0.96362,0.06006,0.2666,-1.679,1.038,0.176
2026-05-20 15:00:36.079,1172775535,2292079,1,0.91211,-0.15674,0.60425,-0.374,1.611,-0.458
2026-05-20 15:00:36.079,1172775535,2292079,2,0.97095,0.05347,0.27979,-1.962,0.267,0.504
2026-05-20 15:00:36.279,1172775735,2292279,1,0.90747,-0.15283,0.59912,-0.649,1.481,-0.26
2026-05-20 15:00:36.279,1172775735,2292279,2,0.96851,0.06128,0.27295,-1.496,0.786,0.344
2026-05-20 15:00:36.479,1172775935,2292479,1,0.90894,-0.1543,0.59619,-0.42,1.443,-0.55
2026-05-20 15:00:36.479,1172775935,2292479,2,0.9707,0.05298,0.27246,-1.252,0.26,0.588
2026-05-20 15:00:36.679,1172776135,2292679,1,0.90625,-0.15479,0.60425,-0.756,0.679,-0.435
2026-05-20 15:00:36.679,1172776135,2292679,2,0.96948,0.06323,0.271,-1.359,0.611,0.847
2026-05-20 15:00:37.879,1172777335,2292879,1,0.90991,-0.15381,0.60303,-0.29,1.092,-0.427
2026-05-20 15:00:37.879,1172777335,2292879,2,0.96899,0.05664,0.28833,-0.771,0.702,0.626
2026-05-20 15:00:37.079,1172776535,2293079,1,0.91431,-0.14771,0.59326,-0.374,1.015,-0.557
2026-05-20 15:00:37.079,1172776535,2293079,2,0.9751,0.05396,0.27759,0.008,-0.214,0.962
2026-05-20 15:00:37.279,1172776735,2293279,1,0.90796,-0.15137,0.60132,-0.336,1.229,-0.344
2026-05-20 15:00:37.279,1172776735,2293279,2,0.97778,0.05249,0.27637,0.115,-0.053,0.725
2026-05-20 15:00:37.479,1172776935,2293479,1,0.90601,-0.16016,0.59717,-0.107,1.061,-0.321
2026-05-20 15:00:37.479,1172776935,2293479,2,0.97363,0.05615,0.28101,-0.351,0.389,0.893
2026-05-20 15:00:37.679,1172777135,2293679,1,0.90454,-0.1521,0.60034,-0.542,1.427,-0.389
2026-05-20 15:00:37.679,1172777135,2293679,2,0.97754,0.05664,0.26929,-2.351,1.206,0.084
2026-05-20 15:00:38.879,1172778335,2293879,1,0.91187,-0.14966,0.6084,-0.511,1.473,-0.603
2026-05-20 15:00:38.879,1172778335,2293879,2,0.96582,0.0625,0.26978,-1.672,0.328,0.313
2026-05-20 15:00:38.079,1172777535,2294079,1,0.90308,-0.14502,0.60303,0.16,0.802,-0.71
2026-05-20 15:00:38.079,1172777535,2294079,2,0.97925,0.04907,0.27173,-3.87,0.985,0.702
2026-05-20 15:00:38.279,1172777735,2294279,1,0.89502,-0.14331,0.61597,-1.443,1.084,-0.931
2026-05-20 15:00:38.279,1172777735,2294279,2,0.96558,0.05615,0.27808,-3.74,3.26,-0.282
2026-05-20 15:00:38.479,1172777935,2294479,1,0.91431,-0.15332,0.59399,-1.122,1.511,-0.855
2026-05-20 15:00:38.479,1172777935,2294479,2,0.97437,0.05664,0.27417,-2.55,0.71,-0.359
2026-05-20 15:00:38.679,1172778135,2294679,1,0.91113,-0.14502,0.60132,-0.664,1.313,-0.45
2026-05-20 15:00:38.679,1172778135,2294679,2,0.96899,0.05273,0.27271,-1.29,-0.504,0.855
2026-05-20 15:00:39.879,1172779335,2294879,1,0.9104,-0.15552,0.59961,-0.008,1.565,-0.389
2026-05-20 15:00:39.879,1172779335,2294879,2,0.96924,0.05591,0.27783,-1.275,1.542,0.069
2026-05-20 15:00:39.079,1172778535,2295079,1,0.91235,-0.15479,0.59985,-0.885,1.351,-0.13
2026-05-20 15:00:39.079,1172778535,2295079,2,0.98022,0.05786,0.28076,-1.55,-0.58,0.328
2026-05-20 15:00:39.279,1172778735,2295279,1,0.90991,-0.15649,0.604,-0.435,1.382,-0.305
2026-05-20 15:00:39.279,1172778735,2295279,2,0.96704,0.04248,0.28882,1.496,-4.679,1.305
2026-05-20 15:00:39.479,1172778935,2295479,1,0.90967,-0.15894,0.60132,-0.344,1.458,-0.351
2026-05-20 15:00:39.479,1172778935,2295479,2,0.97461,0.05957,0.28052,-1.511,0.168,0.74
2026-05-20 15:00:39.679,1172779135,2295679,1,0.91138,-0.15259,0.60425,-0.588,1.183,-0.366
2026-05-20 15:00:39.679,1172779135,2295679,2,0.96899,0.05151,0.26611,-0.534,0.786,0.58
2026-05-20 15:00:40.879,1172780335,2295879,1,0.91309,-0.15039,0.59033,-0.359,1.061,-0.687
2026-05-20 15:00:40.879,1172780335,2295879,2,0.96753,0.05688,0.2793,0.282,-0.031,1.076
2026-05-20 15:00:40.079,1172779535,2296079,1,0.91504,-0.15186,0.6106,-0.183,0.977,-0.557
2026-05-20 15:00:40.079,1172779535,2296079,2,0.96875,0.06128,0.2771,0.031,0.359,0.71
2026-05-20 15:00:40.279,1172779735,2296279,1,0.90503,-0.14673,0.60767,-0.496,1.328,-0.412
2026-05-20 15:00:40.279,1172779735,2296279,2,0.97095,0.05469,0.27588,-0.427,0.321,1.115
2026-05-20 15:00:40.479,1172779935,2296479,1,0.90894,-0.14893,0.60181,-0.176,1.183,-0.305
2026-05-20 15:00:40.479,1172779935,2296479,2,0.96436,0.0564,0.27222,-1.107,0.511,0.771
2026-05-20 15:00:40.679,1172780135,2296679,1,0.90698,-0.15405,0.604,-0.473,1.336,-0.405
2026-05-20 15:00:40.679,1172780135,2296679,2,0.97607,0.06226,0.27271,-1.695,0.374,0.443
2026-05-20 15:00:41.879,1172781335,2296879,1,0.91357,-0.14795,0.59863,-0.45,1.076,-0.687
2026-05-20 15:00:41.879,1172781335,2296879,2,0.97266,0.05933,0.2627,-3.611,1.695,0.282
2026-05-20 15:00:41.079,1172780535,2297079,1,0.97217,-0.15454,0.58325,3.534,-10.282,-1.855
2026-05-20 15:00:41.079,1172780535,2297079,2,0.96826,0.05127,0.22437,-19.634,0.885,-7.405
2026-05-20 15:00:41.279,1172780735,2297279,1,0.91895,-0.12427,0.53418,-4.58,-21.863,-2.969
2026-05-20 15:00:41.279,1172780735,2297279,2,0.89673,0.04272,0.34204,-20.42,38.069,-10.718
2026-05-20 15:00:41.479,1172780935,2297479,1,0.97583,-0.14868,0.46167,-1.076,-13.099,0.473
2026-05-20 15:00:41.479,1172780935,2297479,2,0.82666,0.03418,0.48413,2.885,19.878,4.794
2026-05-20 15:00:41.679,1172781135,2297679,1,0.98608,-0.12842,0.47534,-1.824,2.443,-2.412
2026-05-20 15:00:41.679,1172781135,2297679,2,0.90161,0.04004,0.45239,-1.534,-4.351,-0.908
2026-05-20 15:00:42.879,1172782335,2297879,1,0.98901,-0.12646,0.43848,0.74,0.443,-0.069
2026-05-20 15:00:42.879,1172782335,2297879,2,0.90649,0.05737,0.43018,-0.435,0.244,-0.298
2026-05-20 15:00:42.079,1172781535,2298079,1,0.9856,-0.12354,0.44482,-0.534,1.588,-1.313
2026-05-20 15:00:42.079,1172781535,2298079,2,0.8938,0.06177,0.44043,-0.427,0.809,-0.015
2026-05-20 15:00:42.279,1172781735,2298279,1,0.98657,-0.12134,0.45093,-0.611,1.435,0.687
2026-05-20 15:00:42.279,1172781735,2298279,2,0.90039,0.05518,0.42603,-1.901,0.137,1.382
2026-05-20 15:00:42.479,1172781935,2298479,1,0.99121,-0.13208,0.44019,-0.221,1.641,-0.313
2026-05-20 15:00:42.479,1172781935,2298479,2,0.90576,0.05298,0.43066,-1.26,0.069,0.672
2026-05-20 15:00:42.679,1172782135,2298679,1,0.98389,-0.12842,0.4519,-0.481,1.366,-0.069
2026-05-20 15:00:42.679,1172782135,2298679,2,0.90527,0.05396,0.42407,-1.191,-0.992,0.046
2026-05-20 15:00:43.879,1172783335,2298879,1,0.98926,-0.125,0.44531,-0.71,1.634,-0.824
2026-05-20 15:00:43.879,1172783335,2298879,2,0.9043,0.05713,0.42163,-1.069,-0.069,0.542
2026-05-20 15:00:46.023,1172785479,2302023,1,0.9834,-0.13403,0.44995,-0.29,1.214,-0.351
2026-05-20 15:00:46.023,1172785479,2302023,2,0.9043,0.06006,0.42627,-1.832,0.519,0.725
2026-05-20 15:00:46.274,1172785730,2302274,1,0.98218,-0.13574,0.46216,-0.588,1.282,-0.374
2026-05-20 15:00:46.274,1172785730,2302274,2,0.90088,0.0564,0.42554,-1.084,1.237,0.718
2026-05-20 15:00:46.525,1172785981,2302524,1,0.97729,-0.13721,0.45239,-0.344,1.328,-0.305
2026-05-20 15:00:46.525,1172785981,2302524,2,0.90088,0.05859,0.42651,-1.046,0.664,0.656
2026-05-20 15:00:47.928,1172787384,2302928,1,0.98633,-0.13745,0.45386,-0.847,1.641,-0.351
2026-05-20 15:00:47.928,1172787384,2302928,2,0.90112,0.05786,0.42212,-1.359,0.305,0.382
2026-05-20 15:00:47.128,1172786584,2303128,1,0.99121,-0.13428,0.4646,-0.458,1.511,-0.351
2026-05-20 15:00:47.128,1172786584,2303128,2,0.90649,0.06445,0.42432,-1.58,0.214,0.573
2026-05-20 15:00:47.328,1172786784,2303328,1,0.98462,-0.13721,0.45386,-0.794,1.344,-0.275
2026-05-20 15:00:47.328,1172786784,2303328,2,0.90967,0.05713,0.42188,-1.084,,0.58
2026-05-20 15:00:47.528,1172786984,2303528,1,0.9751,-0.13428,0.44971,-0.863,1.573,-0.275
2026-05-20 15:00:47.528,1172786984,2303528,2,0.90649,0.05786,0.42554,-1.374,0.244,0.557
2026-05-20 15:00:47.728,1172787184,2303728,1,0.9873,-0.13306,0.45239,-0.115,1.565,-0.351
2026-05-20 15:00:47.728,1172787184,2303728,2,0.90552,0.05518,0.42578,-1.145,0.298,0.763
2026-05-20 15:00:48.928,1172788384,2303928,1,0.97803,-0.13525,0.45605,-0.626,1.244,-0.191
2026-05-20 15:00:48.928,1172788384,2303928,2,0.91138,0.05908,0.42236,-0.733,0.229,0.687
2026-05-20 15:00:48.128,1172787584,2304128,1,0.98047,-0.13696,0.46338,-0.618,1.359,-0.595
2026-05-20 15:00:48.128,1172787584,2304128,2,0.91089,0.05151,0.41333,-1.023,0.298,0.511
2026-05-20 15:00:48.328,1172787784,2304328,1,0.98169,-0.13208,0.45898,-0.511,1.145,-0.366
2026-05-20 15:00:48.328,1172787784,2304328,2,0.90234,0.05835,0.40845,-1.366,0.435,0.664
2026-05-20 15:00:48.528,1172787984,2304528,1,0.98071,-0.13452,0.46216,-0.443,0.855,-0.344
2026-05-20 15:00:48.528,1172787984,2304528,2,0.90332,0.05762,0.42627,-1.634,0.84,0.527
2026-05-20 15:00:48.728,1172788184,2304728,1,0.98145,-0.13403,0.45288,-0.427,1.122,-0.504
2026-05-20 15:00:48.728,1172788184,2304728,2,0.90576,0.05884,0.42725,-1.153,0.985,0.527
2026-05-20 15:00:49.928,1172789384,2304928,1,0.98364,-0.13208,0.45947,-0.221,1.298,-0.183
2026-05-20 15:00:49.928,1172789384,2304928,2,0.90112,0.06274,0.42505,-1.603,0.969,0.282
2026-05-20 15:00:49.128,1172788584,2305128,1,0.98071,-0.13232,0.45313,-0.252,1.099,-0.29
2026-05-20 15:00:49.128,1172788584,2305128,2,0.90259,0.06201,0.42139,-1.336,0.656,0.687
2026-05-20 15:00:49.328,1172788784,2305328,1,0.97583,-0.13135,0.46362,-0.733,1.489,-0.473
2026-05-20 15:00:49.328,1172788784,2305328,2,0.90039,0.05786,0.43579,-1.641,0.198,0.473
2026-05-20 15:00:49.528,1172788984,2305528,1,0.98535,-0.1355,0.45508,-0.481,1.412,-0.282
2026-05-20 15:00:49.528,1172788984,2305528,2,0.90356,0.05835,0.42407,-1.321,0.588,0.176
2026-05-20 15:00:49.728,1172789184,2305728,1,0.9856,-0.13647,0.46143,-0.328,1.435,-0.344
2026-05-20 15:00:49.728,1172789184,2305728,2,0.90869,0.05884,0.43237,-1.267,0.313,0.359
2026-05-20 15:00:50.928,1172790384,2305928,1,0.97827,-0.12915,0.46216,-0.55,1.405,-0.336
2026-05-20 15:00:50.928,1172790384,2305928,2,0.90088,0.06128,0.41333,-1.26,0.015,0.55
2026-05-20 15:00:50.128,1172789584,2306128,1,0.98315,-0.13672,0.45386,-0.42,1.237,-0.374
2026-05-20 15:00:50.128,1172789584,2306128,2,0.9043,0.05859,0.42236,-1.168,0.618,0.534
2026-05-20 15:00:50.328,1172789784,2306328,1,0.97754,-0.13672,0.46167,-0.198,1.832,-0.412
2026-05-20 15:00:50.328,1172789784,2306328,2,0.90845,0.05298,0.42725,-0.588,-0.786,0.687
2026-05-20 15:00:50.528,1172789984,2306528,1,1.00171,-0.13013,0.45435,-1.794,14.351,1.305
2026-05-20 15:00:50.528,1172789984,2306528,2,0.65381,-0.01245,-0.04956,-29.336,-46.847,-11.069
2026-05-20 15:00:51.898,1172791354,2306898,1,0.94141,-0.14063,0.56812,3.771,9.107,-2.519
2026-05-20 15:00:51.898,1172791354,2306898,2,1.09277,0.08545,0.23779,-6.924,5.634,-6.275
2026-05-20 15:00:51.127,1172790583,2307127,1,0.92383,-0.1189,0.58154,2.519,-1.267,0.664
2026-05-20 15:00:51.127,1172790583,2307127,2,0.94507,0.04492,0.34717,5.015,10.481,1.733
2026-05-20 15:00:51.327,1172790783,2307327,1,0.91382,-0.13452,0.59399,-4.748,3.176,-0.718
2026-05-20 15:00:51.327,1172790783,2307327,2,0.95557,0.07227,0.2854,-1.252,-0.779,-1.153
2026-05-20 15:00:51.527,1172790983,2307527,1,0.92065,-0.13306,0.58789,0.099,1.489,-0.313
2026-05-20 15:00:51.527,1172790983,2307527,2,0.96655,0.05249,0.28247,-3.336,-0.092,1.496
2026-05-20 15:00:51.727,1172791183,2307727,1,0.92847,-0.14014,0.57593,-2.282,1.511,1.359
2026-05-20 15:00:51.727,1172791183,2307727,2,0.97241,0.06641,0.29785,-2.107,0.015,-0.16
2026-05-20 15:00:52.927,1172792383,2307927,1,0.90771,-0.14355,0.59155,-1.656,1.878,-1.321
2026-05-20 15:00:52.927,1172792383,2307927,2,0.96191,0.06177,0.27246,-2.473,-0.924,0.298
2026-05-20 15:00:52.127,1172791583,2308127,1,0.92017,-0.1377,0.59839,-0.504,1.74,-0.687
2026-05-20 15:00:52.127,1172791583,2308127,2,0.96704,0.06177,0.27661,-2.29,2.351,-1.496
2026-05-20 15:00:52.327,1172791783,2308327,1,0.92261,-0.13599,0.59888,-0.618,1.191,-0.076
2026-05-20 15:00:52.327,1172791783,2308327,2,0.96533,0.06616,0.28101,-1.55,-0.267,1.183
2026-05-20 15:00:52.527,1172791983,2308527,1,0.91748,-0.15137,0.58813,-0.969,1.366,-0.26
2026-05-20 15:00:52.527,1172791983,2308527,2,0.96899,0.05566,0.28687,-2.603,1.527,0.13
2026-05-20 15:00:52.727,1172792183,2308727,1,0.9126,-0.13281,0.59839,-0.412,1.191,-0.321
2026-05-20 15:00:52.727,1172792183,2308727,2,0.96411,0.0625,0.28052,-1.023,1.374,0.137
2026-05-20 15:00:53.927,1172793383,2308927,1,0.91431,-0.13379,0.59595,-0.168,1.313,-0.031
2026-05-20 15:00:53.927,1172793383,2308927,2,0.9707,0.06323,0.28491,-1.092,0.618,1.42
2026-05-20 15:00:53.127,1172792583,2309127,1,0.92383,-0.14233,0.58936,0.71,1.252,-0.26
2026-05-20 15:00:53.127,1172792583,2309127,2,0.96704,0.0542,0.28491,1.496,-0.214,1.374
2026-05-20 15:00:53.327,1172792783,2309327,1,0.91626,-0.13623,0.58325,0.069,1.336,-0.053
2026-05-20 15:00:53.327,1172792783,2309327,2,0.9624,0.06421,0.28101,1.053,2.046,0.405
2026-05-20 15:00:53.527,1172792983,2309527,1,0.91089,-0.1416,0.58228,-0.756,1.053,-0.573
2026-05-20 15:00:53.527,1172792983,2309527,2,0.96582,0.05957,0.27954,-2.779,1.351,0.214
2026-05-20 15:00:53.727,1172793183,2309727,1,0.91016,-0.13843,0.58008,-0.687,1.489,-0.595
2026-05-20 15:00:53.727,1172793183,2309727,2,0.96851,0.06323,0.29297,-2.893,0.916,0.237
2026-05-20 15:00:54.927,1172794383,2309927,1,0.91699,-0.14673,0.59717,-0.374,1.588,-0.427
2026-05-20 15:00:54.927,1172794383,2309927,2,0.96533,0.06641,0.28442,-2.794,1.412,-0.229
2026-05-20 15:00:54.127,1172793583,2310127,1,0.91675,-0.13354,0.59009,-0.702,1.374,-0.664
2026-05-20 15:00:54.127,1172793583,2310127,2,0.97241,0.0625,0.28442,-1.893,0.366,0.534
2026-05-20 15:00:54.327,1172793783,2310327,1,0.9165,-0.13379,0.60352,0.061,1.565,-0.229
2026-05-20 15:00:54.327,1172793783,2310327,2,0.96777,0.05713,0.2915,-1.725,0.504,0.183
2026-05-20 15:00:54.607,1172794063,2310607,1,0.9126,-0.13672,0.59863,-0.588,1.45,-0.198
2026-05-20 15:00:54.607,1172794063,2310607,2,0.96704,0.06567,0.28491,-2.137,0.099,0.557
2026-05-20 15:00:55.807,1172795263,2310807,1,0.9209,-0.14038,0.58911,-0.725,1.573,-0.71
2026-05-20 15:00:55.807,1172795263,2310807,2,0.97363,0.04492,0.2959,-0.634,1.718,0.702
2026-05-20 15:00:55.007,1172794463,2311007,1,0.91748,-0.13428,0.59937,-0.389,1.298,-0.504
2026-05-20 15:00:55.007,1172794463,2311007,2,0.96802,0.06348,0.271,0.443,-0.519,1.0
2026-05-20 15:00:55.207,1172794663,2311207,1,0.91943,-0.13135,0.60767,0.252,1.344,-0.351
2026-05-20 15:00:55.207,1172794663,2311207,2,0.96973,0.0625,0.28149,0.603,-0.076,1.038
2026-05-20 15:00:57.705,1172797161,2313705,1,0.92041,-0.13623,0.58643,0.084,1.0,-0.206
2026-05-20 15:00:57.705,1172797161,2313705,2,0.96362,0.05737,0.28149,0.366,1.962,0.534
2026-05-20 15:00:58.905,1172798361,2313905,1,0.91455,-0.14478,0.5835,-0.511,1.145,-0.458
2026-05-20 15:00:58.905,1172798361,2313905,2,0.96509,0.05957,0.27173,-1.084,0.481,0.137
2026-05-20 15:00:58.105,1172797561,2314105,1,0.91162,-0.1416,0.59375,-0.893,1.588,-0.885
2026-05-20 15:00:58.105,1172797561,2314105,2,0.96777,0.05713,0.2915,-3.595,0.344,0.046
2026-05-20 15:00:58.346,1172797802,2314346,1,0.91431,-0.14063,0.59888,-0.275,1.458,-0.489
2026-05-20 15:00:58.346,1172797802,2314346,2,0.96143,0.0564,0.28467,-1.977,0.328,0.298
2026-05-20 15:00:58.546,1172798002,2314546,1,0.91406,-0.14624,0.59277,-0.221,1.695,-0.252
2026-05-20 15:00:58.546,1172798002,2314546,2,0.96655,0.05542,0.29199,-2.298,0.405,0.336
2026-05-20 15:00:59.746,1172799202,2314746,1,0.91602,-0.14282,0.59497,-0.473,1.298,-0.176
2026-05-20 15:00:59.746,1172799202,2314746,2,0.96924,0.06348,0.2749,-1.771,0.847,0.336
2026-05-20 15:00:59.946,1172799402,2314946,1,0.91553,-0.14771,0.59448,-0.168,1.473,-0.412
2026-05-20 15:00:59.946,1172799402,2314946,2,0.96362,0.05957,0.28589,-1.878,0.832,0.374
2026-05-20 15:00:59.146,1172798602,2315146,1,0.91602,-0.13477,0.59619,-0.237,1.618,-0.626
2026-05-20 15:00:59.146,1172798602,2315146,2,0.96753,0.05615,0.28735,-1.206,0.42,0.405
2026-05-20 15:00:59.346,1172798802,2315346,1,0.91626,-0.1377,0.59424,-0.282,1.221,-0.214
2026-05-20 15:00:59.346,1172798802,2315346,2,0.96606,0.06104,0.28076,-0.786,0.779,0.756
2026-05-20 15:00:59.609,1172799065,2315609,1,0.91846,-0.15088,0.58618,-0.511,1.321,-0.55
2026-05-20 15:00:59.609,1172799065,2315609,2,0.97119,0.05762,0.28906,-0.771,0.427,0.412
2026-05-20 15:01:00.872,1172800328,2315871,1,0.91724,-0.14014,0.59473,-0.252,1.084,-0.672
2026-05-20 15:01:00.872,1172800328,2315871,2,0.97412,0.06104,0.27783,1.16,-0.168,1.252
2026-05-20 15:01:00.071,1172799527,2316071,1,0.91479,-0.14038,0.60254,-0.076,1.313,-0.267
2026-05-20 15:01:00.071,1172799527,2316071,2,0.96362,0.05811,0.28687,-1.389,0.275,0.916
2026-05-20 15:01:00.380,1172799836,2316380,1,0.91479,-0.14185,0.59058,-0.702,0.924,-0.26
2026-05-20 15:01:00.380,1172799836,2316380,2,0.9646,0.05786,0.28296,-0.954,-0.16,0.832
2026-05-20 15:01:00.580,1172800036,2316580,1,0.92139,-0.13745,0.59424,-0.031,1.611,-0.588
2026-05-20 15:01:00.580,1172800036,2316580,2,0.96948,0.06177,0.28296,-3.0,0.435,0.145
2026-05-20 15:01:01.780,1172801236,2316780,1,0.91162,-0.14502,0.58936,-0.443,1.351,0.053
2026-05-20 15:01:01.780,1172801236,2316780,2,0.96875,0.05835,0.28735,-1.267,1.206,0.328
2026-05-20 15:01:01.980,1172801436,2316980,1,0.92236,-0.1394,0.59277,-0.695,-0.374,-0.611
2026-05-20 15:01:01.980,1172801436,2316980,2,0.98047,0.05908,0.2395,-10.649,-0.489,1.031
2026-05-20 15:01:01.180,1172800636,2317180,1,0.96191,-0.15063,0.52979,-0.351,-14.496,-4.756
2026-05-20 15:01:01.180,1172800636,2317180,2,0.96265,0.05664,0.31787,-9.481,8.076,-7.672
2026-05-20 15:01:01.380,1172800836,2317380,1,0.93823,-0.11938,0.4856,-0.863,-26.832,0.191
2026-05-20 15:01:01.380,1172800836,2317380,2,0.78882,0.0083,0.70337,-12.053,-7.221,-17.542
2026-05-20 15:01:01.580,1172801036,2317580,1,0.96631,-0.11694,0.49854,-0.824,-4.992,-0.061
2026-05-20 15:01:01.580,1172801036,2317580,2,0.89038,0.05688,0.45801,-1.672,-7.809,-0.725
2026-05-20 15:01:02.847,1172802303,2317847,1,0.99292,-0.11841,0.46021,-0.344,-0.687,-0.191
2026-05-20 15:01:02.847,1172802303,2317847,2,0.89575,0.05859,0.43018,-0.771,-2.908,1.267
2026-05-20 15:01:02.098,1172801554,2318097,1,0.98291,-0.13062,0.4502,0.595,0.427,0.504
2026-05-20 15:01:02.098,1172801554,2318097,2,0.89941,0.06372,0.43335,-0.885,0.718,0.336
2026-05-20 15:01:02.361,1172801817,2318360,1,0.98804,-0.11914,0.45313,0.336,0.802,0.115
2026-05-20 15:01:02.361,1172801817,2318360,2,0.89258,0.06348,0.44531,-0.901,0.924,0.519
2026-05-20 15:01:02.560,1172802016,2318560,1,0.98096,-0.11768,0.44873,-1.176,1.664,-0.511
2026-05-20 15:01:02.560,1172802016,2318560,2,0.89502,0.05933,0.43652,-1.924,0.374,0.122
2026-05-20 15:01:03.760,1172803216,2318760,1,0.98608,-0.12256,0.45679,-0.328,1.489,-0.137
2026-05-20 15:01:03.760,1172803216,2318760,2,0.88867,0.06372,0.44702,-1.389,0.809,0.26
2026-05-20 15:01:03.960,1172803416,2318960,1,0.98486,-0.11523,0.46289,-0.351,1.672,-0.458
2026-05-20 15:01:03.960,1172803416,2318960,2,0.89648,0.06152,0.44263,-1.435,-0.053,0.198
2026-05-20 15:01:03.160,1172802616,2319160,1,0.98608,-0.12207,0.46509,0.809,1.618,0.321
2026-05-20 15:01:03.160,1172802616,2319160,2,0.89038,0.06201,0.43384,-0.397,-0.42,0.763
2026-05-20 15:01:03.360,1172802816,2319360,1,0.98047,-0.12402,0.46069,1.679,0.969,-0.748
2026-05-20 15:01:03.360,1172802816,2319360,2,0.89063,0.06812,0.43555,-1.382,3.198,-2.099
2026-05-20 15:01:03.560,1172803016,2319560,1,0.97754,-0.09546,0.44653,-2.824,2.641,-3.443
2026-05-20 15:01:03.560,1172803016,2319560,2,0.89185,0.06348,0.45288,-2.588,5.359,-1.863
2026-05-20 15:01:04.760,1172804216,2319760,1,0.97974,-0.09155,0.46484,-1.42,-0.015,-2.863
2026-05-20 15:01:04.760,1172804216,2319760,2,0.88989,0.07568,0.44922,-1.748,0.84,-1.863
2026-05-20 15:01:04.029,1172803485,2320029,1,0.98755,-0.07422,0.4624,-0.183,-0.069,-1.496
2026-05-20 15:01:04.029,1172803485,2320029,2,0.88403,0.08105,0.45923,-1.863,0.947,1.786
2026-05-20 15:01:04.229,1172803685,2320229,1,0.98779,-0.0564,0.43213,3.71,1.809,5.031
2026-05-20 15:01:04.229,1172803685,2320229,2,0.8877,0.07886,0.48291,-4.496,-1.725,6.275
2026-05-20 15:01:04.429,1172803885,2320429,1,0.98364,-0.14673,0.43652,3.046,0.55,7.527
2026-05-20 15:01:04.429,1172803885,2320429,2,0.88892,0.07373,0.45874,4.481,3.771,3.275
2026-05-20 15:01:04.629,1172804085,2320629,1,0.98657,-0.11084,0.46484,14.466,4.565,6.206
2026-05-20 15:01:04.629,1172804085,2320629,2,0.84863,0.08911,0.4646,0.863,10.015,2.221
2026-05-20 15:01:05.829,1172805285,2320829,1,0.97876,-0.14868,0.46826,-0.977,2.672,1.725
2026-05-20 15:01:05.829,1172805285,2320829,2,0.87207,0.04199,0.4939,-2.328,-1.878,3.382
2026-05-20 15:01:05.029,1172804485,2321029,1,0.97778,-0.18286,0.45508,2.13,-1.573,0.855
2026-05-20 15:01:05.029,1172804485,2321029,2,0.87573,0.05542,0.46753,-0.504,-0.214,0.443
2026-05-20 15:01:05.229,1172804685,2321229,1,0.98315,-0.17163,0.45142,-0.58,1.718,-1.74
2026-05-20 15:01:05.229,1172804685,2321229,2,0.87256,0.04395,0.47681,-1.893,0.076,-0.511
2026-05-20 15:01:05.429,1172804885,2321429,1,0.98975,-0.16406,0.46191,-0.527,1.954,-0.771
2026-05-20 15:01:05.429,1172804885,2321429,2,0.8728,0.05859,0.48364,-0.885,2.298,-0.397
2026-05-20 15:01:05.629,1172805085,2321629,1,0.9856,-0.14771,0.44946,0.061,1.359,0.099
2026-05-20 15:01:05.629,1172805085,2321629,2,0.85986,0.07153,0.47754,-0.511,2.725,0.634
2026-05-20 15:01:06.829,1172806285,2321829,1,0.9834,-0.1438,0.45654,-0.756,0.336,1.023
2026-05-20 15:01:06.829,1172806285,2321829,2,0.86865,0.04907,0.49878,-1.733,-1.359,0.008
2026-05-20 15:01:06.029,1172805485,2322029,1,0.97168,-0.146,0.46045,-0.611,1.198,-0.641
2026-05-20 15:01:06.029,1172805485,2322029,2,0.86646,0.05786,0.48291,-1.969,-0.542,0.412
2026-05-20 15:01:06.229,1172805685,2322229,1,0.97656,-0.15479,0.44897,-0.412,0.771,-0.855
2026-05-20 15:01:06.229,1172805685,2322229,2,0.86548,0.0564,0.48608,-0.817,1.221,0.893
2026-05-20 15:01:06.465,1172805921,2322465,1,0.98462,-0.15161,0.45728,0.153,1.305,-0.237
2026-05-20 15:01:06.465,1172805921,2322465,2,0.8645,0.05688,0.48315,-0.618,1.496,1.038
2026-05-20 15:01:06.665,1172806121,2322665,1,0.98071,-0.15112,0.46094,-0.191,1.031,-0.145
2026-05-20 15:01:06.665,1172806121,2322665,2,0.86597,0.05566,0.47583,-1.305,-0.366,-0.206
2026-05-20 15:01:07.865,1172807321,2322865,1,0.96997,-0.1499,0.46045,-0.443,0.916,-0.008
2026-05-20 15:01:07.865,1172807321,2322865,2,0.86548,0.06543,0.48877,-0.824,1.115,0.489
2026-05-20 15:01:07.065,1172806521,2323065,1,0.97778,-0.14941,0.46118,-0.336,1.496,-1.107
2026-05-20 15:01:07.065,1172806521,2323065,2,0.86914,0.06323,0.50171,-1.267,0.191,0.466
2026-05-20 15:01:07.280,1172806736,2323280,1,0.97437,-0.14282,0.4646,-0.084,1.656,0.191
2026-05-20 15:01:07.280,1172806736,2323280,2,0.87256,0.05298,0.49048,-2.359,0.191,0.298
2026-05-20 15:01:07.480,1172806936,2323480,1,0.97778,-0.15161,0.46436,-0.496,0.206,-0.023
2026-05-20 15:01:07.480,1172806936,2323480,2,0.86743,0.05713,0.48999,-0.901,-1.031,0.618
2026-05-20 15:01:08.872,1172808328,2323872,1,0.98047,-0.19531,0.4458,-11.443,3.511,-1.832
2026-05-20 15:01:08.872,1172808328,2323872,2,0.88428,0.0293,0.45972,-3.374,-7.908,-2.763
2026-05-20 15:01:08.072,1172807528,2324072,1,0.99048,-0.17334,0.44312,2.153,-0.282,-6.725
2026-05-20 15:01:08.072,1172807528,2324072,2,0.89648,0.07837,0.45703,6.321,12.282,-6.87
2026-05-20 15:01:08.272,1172807728,2324272,1,0.99097,-0.11597,0.43823,-4.611,3.573,-4.13
2026-05-20 15:01:08.272,1172807728,2324272,2,0.87573,0.09814,0.4646,-2.58,-0.038,-1.931
2026-05-20 15:01:08.472,1172807928,2324472,1,0.98877,-0.12915,0.44897,0.076,2.206,-1.74
2026-05-20 15:01:08.472,1172807928,2324472,2,0.87476,0.09399,0.47681,-1.122,0.977,0.863
2026-05-20 15:01:08.725,1172808181,2324725,1,0.9812,-0.12915,0.4458,1.679,2.573,-0.076
2026-05-20 15:01:08.725,1172808181,2324725,2,0.86963,0.09277,0.48291,-0.42,0.954,2.634
2026-05-20 15:01:09.925,1172809381,2324925,1,0.98291,-0.12891,0.45996,0.504,4.168,-0.748
2026-05-20 15:01:09.925,1172809381,2324925,2,0.88062,0.07495,0.47583,-1.664,0.466,1.534
2026-05-20 15:01:09.258,1172808714,2325258,1,0.97021,-0.13965,0.46338,-0.42,1.748,-0.084
2026-05-20 15:01:09.258,1172808714,2325258,2,0.88062,0.073,0.46704,-0.641,-0.374,0.687
2026-05-20 15:01:09.547,1172809003,2325547,1,0.98218,-0.13232,0.45825,-1.756,1.595,-0.55
2026-05-20 15:01:09.547,1172809003,2325547,2,0.87842,0.08081,0.46045,-0.725,0.16,1.435
2026-05-20 15:01:10.997,1172810453,2325997,1,0.98315,-0.1377,0.48242,-0.214,1.298,0.573
2026-05-20 15:01:10.997,1172810453,2325997,2,0.88184,0.07373,0.46387,-0.969,0.481,0.71
2026-05-20 15:01:10.197,1172809653,2326197,1,0.97998,-0.13574,0.47827,0.443,0.947,-0.29
2026-05-20 15:01:10.197,1172809653,2326197,2,0.88477,0.06665,0.46729,0.496,-0.802,1.076
2026-05-20 15:01:10.397,1172809853,2326397,1,0.99658,-0.12964,0.45996,-0.878,6.412,-1.466
2026-05-20 15:01:10.397,1172809853,2326397,2,0.85107,0.05176,0.63281,9.985,-7.725,12.534
2026-05-20 15:01:10.597,1172810053,2326597,1,0.8999,-0.11035,0.54199,-10.611,7.298,-1.908
2026-05-20 15:01:10.597,1172810053,2326597,2,0.96704,0.05786,0.37646,-10.733,-33.244,-0.168
2026-05-20 15:01:11.797,1172811253,2326797,1,0.95898,-0.16357,0.54102,7.122,8.176,2.298
2026-05-20 15:01:11.797,1172811253,2326797,2,0.94751,0.04834,0.35986,-4.038,-6.344,-0.29
2026-05-20 15:01:11.216,1172810672,2327215,1,0.94019,-0.13232,0.55591,1.802,-1.031,0.779
2026-05-20 15:01:11.216,1172810672,2327215,2,0.91113,0.0249,0.36792,-11.863,-2.634,1.237
2026-05-20 15:01:14.764,1172814220,2329764,1,0.92871,-0.16724,0.57788,-3.595,-1.992,3.962
2026-05-20 15:01:14.764,1172814220,2329764,2,0.94287,0.02686,0.3811,6.321,11.069,1.748
2026-05-20 15:01:14.964,1172814420,2329964,1,0.91162,-0.10327,0.58667,0.275,7.176,-1.634
2026-05-20 15:01:14.964,1172814420,2329964,2,0.9231,0.05859,0.38696,-7.901,-4.718,2.099
2026-05-20 15:01:14.164,1172813620,2330164,1,0.90991,-0.14233,0.58643,5.244,2.275,-1.29
2026-05-20 15:01:14.164,1172813620,2330164,2,0.93457,0.0354,0.36792,-2.0,-2.107,1.855
2026-05-20 15:01:14.364,1172813820,2330364,1,0.92358,-0.15381,0.59619,-0.863,1.855,-0.321
2026-05-20 15:01:14.364,1172813820,2330364,2,0.93579,0.03101,0.37598,3.908,4.229,1.786
2026-05-20 15:01:14.564,1172814020,2330564,1,0.91333,-0.13184,0.60083,0.489,1.626,-0.389
2026-05-20 15:01:14.564,1172814020,2330564,2,0.92407,0.04224,0.38135,0.74,0.679,1.313
2026-05-20 15:01:15.764,1172815220,2330764,1,0.91797,-0.13843,0.59106,1.107,1.756,-0.092
2026-05-20 15:01:15.764,1172815220,2330764,2,0.93335,0.03564,0.36694,-1.496,0.206,0.962
2026-05-20 15:01:15.964,1172815420,2330964,1,0.92139,-0.13525,0.59302,-0.786,1.679,0.053
2026-05-20 15:01:15.964,1172815420,2330964,2,0.92822,0.03516,0.37866,-2.244,0.763,0.832
2026-05-20 15:01:15.182,1172814638,2331181,1,0.91211,-0.13794,0.59351,-1.412,2.58,-0.687
2026-05-20 15:01:15.182,1172814638,2331181,2,0.93872,0.0354,0.37793,-1.168,-0.466,1.252
2026-05-20 15:01:15.706,1172815162,2331706,1,0.90942,-0.14355,0.59912,-0.496,1.244,-0.382
2026-05-20 15:01:15.706,1172815162,2331706,2,0.93506,0.0332,0.36841,-1.061,0.824,0.809
2026-05-20 15:01:16.906,1172816362,2331906,1,0.90796,-0.1355,0.60107,-0.229,1.321,-0.618
2026-05-20 15:01:16.906,1172816362,2331906,2,0.94189,0.03394,0.37183,-1.588,0.153,0.527
2026-05-20 15:01:16.106,1172815562,2332106,1,0.91382,-0.13403,0.6001,0.153,1.374,-0.374
2026-05-20 15:01:16.106,1172815562,2332106,2,0.93311,0.02832,0.3623,-1.489,0.466,0.374
2026-05-20 15:01:16.306,1172815762,2332306,1,0.91211,-0.14136,0.59546,-0.626,1.328,-0.42
2026-05-20 15:01:16.306,1172815762,2332306,2,0.9353,0.03027,0.36475,-1.656,0.351,0.473
2026-05-20 15:01:19.364,1172818820,2335363,1,0.90894,-0.13696,0.60156,0.031,1.565,-0.305
2026-05-20 15:01:19.364,1172818820,2335363,2,0.94116,0.02759,0.36719,-1.397,0.756,0.634
2026-05-20 15:01:19.563,1172819019,2335563,1,0.91309,-0.1438,0.6106,-0.511,1.702,-0.053
2026-05-20 15:01:19.563,1172819019,2335563,2,0.93481,0.02832,0.36499,0.634,1.412,0.771
2026-05-20 15:01:20.002,1172819458,2336002,1,0.91406,-0.14014,0.61182,-0.107,1.366,-0.084
2026-05-20 15:01:20.002,1172819458,2336002,2,0.93164,0.03149,0.3689,-0.115,0.718,0.687
2026-05-20 15:01:20.362,1172819818,2336362,1,0.90918,-0.13354,0.60815,-0.321,1.351,-0.504
2026-05-20 15:01:20.362,1172819818,2336362,2,0.93384,0.03589,0.35864,-3.137,0.817,0.115
2026-05-20 15:01:21.767,1172821223,2336767,1,0.89917,-0.11816,0.61694,-1.427,2.809,-5.855
2026-05-20 15:01:21.767,1172821223,2336767,2,1.00732,0.07056,0.3374,-14.038,18.351,-13.168
2026-05-20 15:01:21.069,1172820525,2337069,1,0.96899,-0.11694,0.48999,0.763,-5.809,1.244
2026-05-20 15:01:21.069,1172820525,2337069,2,0.8501,0.03003,0.50171,-3.244,-13.26,-3.763
2026-05-20 15:01:21.269,1172820725,2337269,1,0.96216,-0.12524,0.48169,2.015,3.023,-0.939
2026-05-20 15:01:21.269,1172820725,2337269,2,0.89282,0.03955,0.45923,1.847,-1.099,2.321
2026-05-20 15:01:21.541,1172820997,2337541,1,0.9729,-0.13062,0.48511,-0.061,1.893,0.092
2026-05-20 15:01:21.541,1172820997,2337541,2,0.88989,0.02808,0.46045,1.183,0.603,2.435
2026-05-20 15:01:22.783,1172822239,2337782,1,0.96704,-0.13477,0.48755,0.198,1.565,0.229
2026-05-20 15:01:22.783,1172822239,2337782,2,0.88818,0.03296,0.44775,-0.389,1.008,1.267
2026-05-20 15:01:22.991,1172822447,2337991,1,0.96362,-0.1333,0.49805,0.252,1.824,0.237
2026-05-20 15:01:22.991,1172822447,2337991,2,0.89355,0.02344,0.45288,-2.42,1.695,0.641
2026-05-20 15:01:22.196,1172821652,2338196,1,0.9707,-0.13306,0.49561,-0.092,0.809,-0.145
2026-05-20 15:01:22.196,1172821652,2338196,2,0.88135,0.02783,0.45313,-1.076,,1.244
2026-05-20 15:01:22.417,1172821873,2338417,1,0.97119,-0.13184,0.49194,0.122,1.817,0.061
2026-05-20 15:01:22.417,1172821873,2338417,2,0.88794,0.02271,0.46265,-1.649,0.534,0.588
2026-05-20 15:01:23.048,1172822504,2339048,1,0.97021,-0.13672,0.49561,-0.824,1.458,-0.313
2026-05-20 15:01:23.048,1172822504,2339048,2,0.88794,0.02026,0.45093,-0.863,0.389,0.519
2026-05-20 15:01:23.248,1172822704,2339248,1,0.96118,-0.12891,0.49731,-0.282,2.015,-0.359
2026-05-20 15:01:23.248,1172822704,2339248,2,0.88843,0.01636,0.45947,-0.855,0.626,0.504
2026-05-20 15:01:23.448,1172822904,2339448,1,0.96484,-0.13867,0.49561,-0.481,1.542,-0.313
2026-05-20 15:01:23.448,1172822904,2339448,2,0.88403,0.02124,0.45288,-0.832,-0.015,0.595
2026-05-20 15:01:23.648,1172823104,2339648,1,0.95947,-0.12891,0.49512,-0.664,1.595,-0.267
2026-05-20 15:01:23.648,1172823104,2339648,2,0.8894,0.02319,0.45996,-0.87,0.176,0.84
2026-05-20 15:01:24.848,1172824304,2339848,1,0.95947,-0.1377,0.49438,-0.443,1.397,-0.351
2026-05-20 15:01:24.848,1172824304,2339848,2,0.89038,0.02905,0.4458,-0.542,0.313,0.794
2026-05-20 15:01:24.048,1172823504,2340048,1,0.96387,-0.1333,0.50146,-0.489,1.229,-0.427
2026-05-20 15:01:24.048,1172823504,2340048,2,0.88965,0.02246,0.45264,-1.107,-0.237,0.237
2026-05-20 15:01:24.248,1172823704,2340248,1,0.96045,-0.13867,0.49951,-0.573,1.985,-0.298
2026-05-20 15:01:24.248,1172823704,2340248,2,0.89331,0.02051,0.45605,-0.802,-0.489,0.481
2026-05-20 15:01:24.448,1172823904,2340448,1,0.96094,-0.13184,0.50171,-0.214,1.527,-0.489
2026-05-20 15:01:24.448,1172823904,2340448,2,0.88428,0.02075,0.45508,-0.931,0.023,0.527
2026-05-20 15:01:24.648,1172824104,2340648,1,0.96606,-0.13501,0.5022,-0.176,1.122,-0.061
2026-05-20 15:01:24.648,1172824104,2340648,2,0.89478,0.02686,0.44824,-2.313,0.962,0.481
2026-05-20 15:01:25.848,1172825304,2340848,1,0.96143,-0.13135,0.49878,0.023,1.229,-0.198
2026-05-20 15:01:25.848,1172825304,2340848,2,0.8855,0.01318,0.44653,-1.321,1.267,0.679
2026-05-20 15:01:25.048,1172824504,2341048,1,0.95947,-0.1355,0.50513,0.069,1.847,-0.153
2026-05-20 15:01:25.048,1172824504,2341048,2,0.89136,0.01904,0.45654,-1.183,0.809,0.687
2026-05-20 15:01:25.248,1172824704,2341248,1,0.96167,-0.13477,0.49707,-0.069,1.168,-0.26
2026-05-20 15:01:25.248,1172824704,2341248,2,0.88721,0.01929,0.46216,-1.527,0.855,0.74
2026-05-20 15:01:25.448,1172824904,2341448,1,0.95972,-0.13306,0.50049,-0.649,1.198,-0.565
2026-05-20 15:01:25.448,1172824904,2341448,2,0.88794,0.01831,0.44897,-1.305,0.534,0.626
2026-05-20 15:01:25.648,1172825104,2341648,1,0.95801,-0.13574,0.50537,-0.771,1.939,-0.748
2026-05-20 15:01:25.648,1172825104,2341648,2,0.88916,0.021,0.45435,-1.359,0.649,0.389
2026-05-20 15:01:26.848,1172826304,2341848,1,0.96509,-0.1355,0.49854,-0.924,0.87,-0.725
2026-05-20 15:01:26.848,1172826304,2341848,2,0.8855,0.01733,0.45581,-1.275,0.962,0.374
2026-05-20 15:01:26.048,1172825504,2342048,1,0.96094,-0.13379,0.50513,-0.55,1.87,-0.397
2026-05-20 15:01:26.048,1172825504,2342048,2,0.89258,0.02148,0.4458,-1.023,0.382,0.458
2026-05-20 15:01:26.248,1172825704,2342248,1,0.96606,-0.12891,0.49683,0.023,1.496,-0.542
2026-05-20 15:01:26.248,1172825704,2342248,2,0.88623,0.02905,0.44653,-0.435,0.252,0.756
2026-05-20 15:01:26.448,1172825904,2342448,1,0.97119,-0.1377,0.5022,-0.473,1.427,-0.313
2026-05-20 15:01:26.448,1172825904,2342448,2,0.89746,0.01807,0.45068,-0.573,0.779,0.924
2026-05-20 15:01:26.648,1172826104,2342648,1,0.97144,-0.1272,0.49146,-0.733,1.244,-0.443
2026-05-20 15:01:26.648,1172826104,2342648,2,0.88525,0.02637,0.45264,-0.412,0.389,0.504
2026-05-20 15:01:27.873,1172827329,2342873,1,0.96021,-0.13477,0.50098,-0.351,1.679,-0.198
2026-05-20 15:01:27.873,1172827329,2342873,2,0.89478,0.02441,0.45386,-0.786,-0.053,0.748
2026-05-20 15:01:27.073,1172826529,2343073,1,0.95801,-0.13452,0.51318,-0.466,0.939,-0.282
2026-05-20 15:01:27.073,1172826529,2343073,2,0.89819,0.02222,0.45239,-1.229,0.794,0.542
2026-05-20 15:01:27.273,1172826729,2343273,1,0.96313,-0.13452,0.50562,-0.45,1.092,-0.519
2026-05-20 15:01:27.273,1172826729,2343273,2,0.89307,0.02124,0.45508,-2.534,0.824,0.405
2026-05-20 15:01:27.473,1172826929,2343473,1,0.95972,-0.12988,0.50391,-0.16,1.481,-0.115
2026-05-20 15:01:27.473,1172826929,2343473,2,0.88672,0.0249,0.45483,-2.557,0.847,0.176
2026-05-20 15:01:27.673,1172827129,2343673,1,0.96484,-0.1394,0.50854,-0.115,1.099,-0.359
2026-05-20 15:01:27.673,1172827129,2343673,2,0.88721,0.02319,0.46021,-1.527,0.573,0.374
2026-05-20 15:01:28.873,1172828329,2343873,1,0.96167,-0.13452,0.49731,-0.443,1.16,-0.26
2026-05-20 15:01:28.873,1172828329,2343873,2,0.88794,0.01929,0.44922,-1.718,0.206,0.626
2026-05-20 15:01:28.073,1172827529,2344073,1,0.96558,-0.13135,0.49756,-0.496,1.214,-0.229
2026-05-20 15:01:28.073,1172827529,2344073,2,0.8894,0.02393,0.47021,-1.107,0.252,0.679
2026-05-20 15:01:28.273,1172827729,2344273,1,0.96411,-0.13745,0.50269,-0.412,1.611,-0.374
2026-05-20 15:01:28.273,1172827729,2344273,2,0.89209,0.0249,0.45361,-1.298,0.092,0.427
2026-05-20 15:01:28.473,1172827929,2344473,1,0.96655,-0.13525,0.50415,-0.573,1.519,-0.29
2026-05-20 15:01:28.473,1172827929,2344473,2,0.88574,0.01978,0.4502,-1.137,-0.084,0.527
2026-05-20 15:01:28.682,1172828138,2344682,1,0.95825,-0.13281,0.50415,-0.649,1.511,-0.527
2026-05-20 15:01:28.682,1172828138,2344682,2,0.88672,0.02026,0.44775,-0.87,0.771,0.733
2026-05-20 15:01:29.882,1172829338,2344882,1,0.95947,-0.13965,0.51172,-0.275,1.687,-0.206
2026-05-20 15:01:29.882,1172829338,2344882,2,0.88989,0.02808,0.45947,-0.832,0.214,0.672
2026-05-20 15:01:29.082,1172828538,2345082,1,0.96069,-0.13306,0.51318,-0.557,1.687,-0.473
2026-05-20 15:01:29.082,1172828538,2345082,2,0.89063,0.02295,0.4458,-0.878,-0.023,0.466
2026-05-20 15:01:29.282,1172828738,2345282,1,0.96802,-0.13867,0.51025,-1.092,1.42,-0.267
2026-05-20 15:01:29.282,1172828738,2345282,2,0.89111,0.02588,0.44946,-0.84,-0.122,0.313
2026-05-20 15:01:29.482,1172828938,2345482,1,0.96533,-0.13892,0.51221,-0.504,1.473,-0.771
2026-05-20 15:01:29.482,1172828938,2345482,2,0.88696,0.02368,0.45288,-0.481,-0.26,0.427
2026-05-20 15:01:29.682,1172829138,2345682,1,0.96606,-0.14111,0.50806,-0.557,1.427,-0.397
2026-05-20 15:01:29.682,1172829138,2345682,2,0.89038,0.01953,0.45605,-0.557,0.649,0.847
2026-05-20 15:01:30.882,1172830338,2345882,1,0.96899,-0.12915,0.50244,-1.282,8.557,-2.366
2026-05-20 15:01:30.882,1172830338,2345882,2,0.84692,-0.00244,0.57642,10.328,-15.664,6.29
2026-05-20 15:01:30.082,1172829538,2346082,1,0.85669,-0.11841,0.59497,-32.679,14.695,-4.198
2026-05-20 15:01:30.082,1172829538,2346082,2,0.90259,-0.03516,0.38037,-12.641,-21.076,-0.718
2026-05-20 15:01:30.282,1172829738,2346282,1,0.96826,-0.18335,0.61792,15.779,-2.786,-1.573
2026-05-20 15:01:30.282,1172829738,2346282,2,0.98804,0.01001,0.32593,0.191,-9.969,-2.779
2026-05-20 15:01:30.482,1172829938,2346482,1,0.92212,-0.13062,0.60034,2.641,3.511,-0.084
2026-05-20 15:01:30.482,1172829938,2346482,2,0.93188,0.01367,0.36621,-0.305,-1.939,-0.145
2026-05-20 15:01:30.682,1172830138,2346682,1,0.91089,-0.13525,0.59644,-0.244,1.641,1.588
2026-05-20 15:01:30.682,1172830138,2346682,2,0.94556,0.03076,0.35645,-1.359,-1.847,-0.992
2026-05-20 15:01:31.882,1172831338,2346882,1,0.90503,-0.14844,0.61035,-2.534,1.427,-0.71
2026-05-20 15:01:31.882,1172831338,2346882,2,0.94214,0.01587,0.35742,-3.221,0.237,0.595
2026-05-20 15:01:31.082,1172830538,2347082,1,0.90063,-0.14697,0.61377,-0.221,1.29,0.504
2026-05-20 15:01:31.082,1172830538,2347082,2,0.93213,0.02612,0.35522,-1.229,0.237,0.29
2026-05-20 15:01:31.282,1172830738,2347282,1,0.91211,-0.14014,0.60059,0.061,1.45,-0.412
2026-05-20 15:01:31.282,1172830738,2347282,2,0.9397,0.02124,0.35767,-2.656,-0.603,0.29
2026-05-20 15:01:31.482,1172830938,2347482,1,0.90967,-0.14551,0.60425,-0.252,1.282,-0.298
2026-05-20 15:01:31.482,1172830938,2347482,2,0.93872,0.02319,0.35718,-1.603,0.634,0.542
2026-05-20 15:01:31.682,1172831138,2347682,1,0.90747,-0.14233,0.60767,-0.275,1.443,-0.725
2026-05-20 15:01:31.682,1172831138,2347682,2,0.94287,0.02002,0.35352,-2.084,0.252,0.42
2026-05-20 15:01:32.882,1172832338,2347882,1,0.90674,-0.15015,0.60352,-1.008,1.435,-1.023
2026-05-20 15:01:32.882,1172832338,2347882,2,0.93896,0.01196,0.35718,-2.122,-0.55,-0.42
2026-05-20 15:01:32.082,1172831538,2348082,1,0.90991,-0.14624,0.60474,-0.351,1.321,-0.374
2026-05-20 15:01:32.082,1172831538,2348082,2,0.94263,0.02271,0.3562,-0.366,1.496,1.031
2026-05-20 15:01:32.282,1172831738,2348282,1,0.90894,-0.14526,0.6001,-0.519,1.389,-0.664
2026-05-20 15:01:32.282,1172831738,2348282,2,0.93872,0.01953,0.35278,0.023,0.779,0.924
2026-05-20 15:01:35.076,1172834532,2351076,1,0.90039,-0.14307,0.58838,-1.893,1.931,0.038
2026-05-20 15:01:35.076,1172834532,2351076,2,0.92847,0.01904,0.38599,-3.817,-1.0,0.611
2026-05-20 15:01:35.276,1172834732,2351276,1,0.90991,-0.14966,0.59497,0.053,1.267,0.473
2026-05-20 15:01:35.276,1172834732,2351276,2,0.93408,0.01709,0.37305,-1.206,0.969,0.824
2026-05-20 15:01:35.476,1172834932,2351476,1,0.91284,-0.15601,0.59766,-1.069,0.55,0.58
2026-05-20 15:01:35.476,1172834932,2351476,2,0.93457,0.01489,0.36694,-2.359,0.206,1.038
2026-05-20 15:01:35.676,1172835132,2351676,1,0.91211,-0.16235,0.59644,0.954,2.672,-0.55
2026-05-20 15:01:35.676,1172835132,2351676,2,0.93164,0.01074,0.37671,-1.924,0.221,0.87
2026-05-20 15:01:36.876,1172836332,2351876,1,0.91113,-0.15601,0.60205,-1.336,1.603,0.626
2026-05-20 15:01:36.876,1172836332,2351876,2,0.92212,0.01221,0.36865,-4.992,-0.031,0.947
2026-05-20 15:01:36.076,1172835532,2352076,1,0.90771,-0.17114,0.59961,-1.153,1.237,-0.473
2026-05-20 15:01:36.076,1172835532,2352076,2,0.93286,0.00244,0.36475,-1.733,-2.649,-0.038
2026-05-20 15:01:36.276,1172835732,2352276,1,0.91309,-0.15918,0.59717,-1.466,2.008,-2.214
2026-05-20 15:01:36.276,1172835732,2352276,2,0.9353,-0.00024,0.36499,-1.855,0.321,0.191
2026-05-20 15:01:36.476,1172835932,2352476,1,0.90625,-0.16016,0.59302,-1.802,2.023,-1.481
2026-05-20 15:01:36.476,1172835932,2352476,2,0.93481,0.0022,0.35596,-1.634,-1.435,-0.473
2026-05-20 15:01:36.676,1172836132,2352676,1,0.91455,-0.15576,0.5979,-2.443,0.58,-0.656
2026-05-20 15:01:36.676,1172836132,2352676,2,0.9397,0.0022,0.35474,0.061,1.183,0.137
2026-05-20 15:01:37.876,1172837332,2352876,1,0.91357,-0.15186,0.60596,-0.901,2.847,-1.855
2026-05-20 15:01:37.876,1172837332,2352876,2,0.9397,0.00342,0.35498,1.847,2.031,0.817
2026-05-20 15:01:37.076,1172836532,2353076,1,0.90942,-0.15454,0.60059,-2.389,3.26,-0.511
2026-05-20 15:01:37.076,1172836532,2353076,2,0.94019,0.01978,0.37573,1.466,1.42,2.679
2026-05-20 15:01:37.276,1172836732,2353276,1,0.89722,-0.16479,0.60034,0.244,4.466,-0.389
2026-05-20 15:01:37.276,1172836732,2353276,2,0.93359,0.00781,0.35376,0.58,0.176,1.756
2026-05-20 15:01:37.476,1172836932,2353476,1,0.90747,-0.15601,0.61621,-2.832,5.702,-0.832
2026-05-20 15:01:37.476,1172836932,2353476,2,0.93604,-0.00073,0.35522,0.038,-2.382,-0.282
2026-05-20 15:01:37.676,1172837132,2353676,1,0.88965,-0.15771,0.62573,-4.183,3.374,-2.405
2026-05-20 15:01:37.676,1172837132,2353676,2,0.94141,0.0166,0.34277,-2.359,0.359,-1.802
2026-05-20 15:01:38.876,1172838332,2353876,1,0.89526,-0.14722,0.61646,-1.71,1.328,-2.229
2026-05-20 15:01:38.876,1172838332,2353876,2,0.93823,0.02197,0.34595,-3.786,-1.649,-1.763
2026-05-20 15:01:38.076,1172837532,2354076,1,0.89819,-0.15674,0.62231,-1.473,1.313,-1.626
2026-05-20 15:01:38.076,1172837532,2354076,2,0.94751,0.02393,0.34204,-2.588,-1.008,-0.008
2026-05-20 15:01:38.276,1172837732,2354276,1,0.8938,-0.15649,0.61987,-2.42,0.229,0.939
2026-05-20 15:01:38.276,1172837732,2354276,2,0.94629,0.02026,0.33667,-3.038,-1.122,1.298
2026-05-20 15:01:38.476,1172837932,2354476,1,0.90503,-0.16089,0.61865,-0.336,0.832,-0.229
2026-05-20 15:01:38.476,1172837932,2354476,2,0.94873,0.02319,0.34521,-2.42,0.031,0.931
2026-05-20 15:01:38.676,1172838132,2354676,1,0.90161,-0.16431,0.6272,-0.817,1.878,-0.435
2026-05-20 15:01:38.676,1172838132,2354676,2,0.94702,0.01733,0.33398,-2.42,0.366,0.244
2026-05-20 15:01:39.876,1172839332,2354876,1,0.89551,-0.1521,0.61133,-1.893,1.344,-0.412
2026-05-20 15:01:39.876,1172839332,2354876,2,0.94189,0.02246,0.33716,-2.489,-0.29,-0.962
2026-05-20 15:01:39.076,1172838532,2355076,1,0.89966,-0.15747,0.62622,-2.55,0.412,-1.656
2026-05-20 15:01:39.076,1172838532,2355076,2,0.93945,0.01831,0.35132,-2.664,-0.466,-0.298
2026-05-20 15:01:39.276,1172838732,2355276,1,0.90015,-0.1604,0.61865,1.206,1.015,-0.489
2026-05-20 15:01:39.276,1172838732,2355276,2,0.94409,0.02466,0.34839,-1.145,1.427,1.489
2026-05-20 15:01:39.476,1172838932,2355476,1,0.90649,-0.16553,0.61719,0.191,2.26,0.183
2026-05-20 15:01:39.476,1172838932,2355476,2,0.94507,0.021,0.33276,-2.649,-0.687,0.298
2026-05-20 15:01:39.676,1172839132,2355676,1,0.89893,-0.15576,0.62817,-1.061,0.71,0.221
2026-05-20 15:01:39.676,1172839132,2355676,2,0.94824,0.01685,0.34009,0.603,2.74,0.977
2026-05-20 15:01:40.876,1172840332,2355876,1,0.90552,-0.14014,0.62476,-2.573,-0.832,-0.656
2026-05-20 15:01:40.876,1172840332,2355876,2,0.94653,0.01367,0.34888,-0.366,3.374,1.214
2026-05-20 15:01:40.096,1172839552,2356096,1,0.9082,-0.16748,0.61401,0.046,1.45,0.58
2026-05-20 15:01:40.096,1172839552,2356096,2,0.93384,0.02319,0.35303,-2.634,-0.656,0.824
2026-05-20 15:01:40.296,1172839752,2356296,1,0.89795,-0.16919,0.59497,0.397,1.45,0.191
2026-05-20 15:01:40.296,1172839752,2356296,2,0.93945,0.01953,0.35376,0.794,1.145,2.511
2026-05-20 15:01:40.496,1172839952,2356496,1,0.90552,-0.1731,0.61743,1.634,2.137,-0.527
2026-05-20 15:01:40.496,1172839952,2356496,2,0.95679,0.00098,0.28857,-9.748,2.855,-0.351
2026-05-20 15:01:40.696,1172840152,2356696,1,0.93701,-0.15259,0.59351,5.916,-6.649,1.382
2026-05-20 15:01:40.696,1172840152,2356696,2,0.95239,0.03833,0.29907,-4.099,18.511,2.389
2026-05-20 15:01:41.896,1172841352,2356896,1,0.93604,-0.15356,0.51929,3.076,-21.756,-4.351
2026-05-20 15:01:41.896,1172841352,2356896,2,0.86108,-0.03784,0.57007,-12.427,0.344,-13.282
2026-05-20 15:01:41.096,1172840552,2357096,1,0.94214,-0.14014,0.53589,0.74,-2.863,-1.756
2026-05-20 15:01:41.096,1172840552,2357096,2,0.89648,0.01855,0.45728,-3.298,-4.763,-2.908
2026-05-20 15:01:41.296,1172840752,2357296,1,0.97266,-0.13892,0.48389,4.626,-2.252,-0.344
2026-05-20 15:01:41.296,1172840752,2357296,2,0.90991,0.03564,0.40991,3.527,3.26,1.115
2026-05-20 15:01:41.496,1172840952,2357496,1,0.9668,-0.11816,0.49683,-0.664,1.069,-1.344
2026-05-20 15:01:41.496,1172840952,2357496,2,0.9126,0.0415,0.43555,0.031,0.916,0.603
2026-05-20 15:01:41.696,1172841152,2357696,1,0.95801,-0.11694,0.5127,-1.435,1.489,-0.023
2026-05-20 15:01:41.696,1172841152,2357696,2,0.89941,0.02979,0.43188,-0.244,-1.305,0.863
2026-05-20 15:01:42.896,1172842352,2357896,1,0.97119,-0.12476,0.51538,0.695,1.427,0.771
2026-05-20 15:01:42.896,1172842352,2357896,2,0.9082,0.0415,0.4126,-0.687,0.756,0.878
2026-05-20 15:01:42.096,1172841552,2358096,1,0.95923,-0.13135,0.50415,-0.176,1.641,-0.137
2026-05-20 15:01:42.096,1172841552,2358096,2,0.90991,0.03687,0.41431,-2.473,1.756,0.969
2026-05-20 15:01:42.296,1172841752,2358296,1,0.96289,-0.12915,0.50806,-0.695,1.298,0.038
2026-05-20 15:01:42.296,1172841752,2358296,2,0.90479,0.03271,0.43018,-0.626,1.092,1.008
2026-05-20 15:01:42.496,1172841952,2358496,1,0.95532,-0.12891,0.50317,0.16,1.71,-0.191
2026-05-20 15:01:42.496,1172841952,2358496,2,0.89941,0.03369,0.42554,-0.893,0.244,0.641
2026-05-20 15:01:42.696,1172842152,2358696,1,0.96313,-0.12744,0.50732,-0.489,1.443,-0.16
2026-05-20 15:01:42.696,1172842152,2358696,2,0.90332,0.0293,0.42871,-1.015,0.42,0.809
2026-05-20 15:01:43.896,1172843352,2358896,1,0.95996,-0.13721,0.49951,-0.771,1.466,-0.168
2026-05-20 15:01:43.896,1172843352,2358896,2,0.90674,0.02686,0.43286,-1.466,0.107,0.672
2026-05-20 15:01:43.096,1172842552,2359096,1,0.9519,-0.1333,0.51807,-0.695,1.42,-0.366
2026-05-20 15:01:43.096,1172842552,2359096,2,0.90161,0.02759,0.42798,-1.237,0.672,0.702
2026-05-20 15:01:43.296,1172842752,2359296,1,0.96167,-0.13428,0.51221,-0.557,1.634,-0.122
2026-05-20 15:01:43.296,1172842752,2359296,2,0.90234,0.03003,0.42554,-1.595,0.282,0.496
2026-05-20 15:01:43.496,1172842952,2359496,1,0.96509,-0.13477,0.50415,-0.557,1.107,-0.29
2026-05-20 15:01:43.496,1172842952,2359496,2,0.90527,0.03174,0.41455,-1.145,1.137,0.496
2026-05-20 15:01:43.696,1172843152,2359696,1,0.95947,-0.13647,0.50928,-0.55,1.183,-0.496
2026-05-20 15:01:43.696,1172843152,2359696,2,0.90234,0.03345,0.43701,-0.908,0.481,0.55
2026-05-20 15:01:44.905,1172844361,2359905,1,0.96021,-0.13428,0.51855,-0.466,1.176,-0.405
2026-05-20 15:01:44.905,1172844361,2359905,2,0.90356,0.03076,0.41748,-1.603,0.183,0.527
2026-05-20 15:01:44.105,1172843561,2360105,1,0.9563,-0.1394,0.50415,-0.748,1.618,-0.511
2026-05-20 15:01:44.105,1172843561,2360105,2,0.90259,0.02905,0.43384,-0.496,0.214,0.832
2026-05-20 15:01:44.305,1172843761,2360305,1,0.95947,-0.13794,0.51514,-0.664,1.336,-0.374
2026-05-20 15:01:44.305,1172843761,2360305,2,0.90381,0.0249,0.42969,-1.046,0.282,0.634
2026-05-20 15:01:44.505,1172843961,2360505,1,0.96045,-0.13599,0.50024,-0.473,1.374,-0.618
2026-05-20 15:01:44.505,1172843961,2360505,2,0.90161,0.03223,0.42529,-1.588,0.901,0.618
2026-05-20 15:01:44.705,1172844161,2360705,1,0.96191,-0.1311,0.5083,-0.55,1.168,-0.275
2026-05-20 15:01:44.705,1172844161,2360705,2,0.89819,0.02393,0.4314,-1.16,1.13,1.122
2026-05-20 15:01:45.905,1172845361,2360905,1,0.95459,-0.13501,0.51074,-0.466,1.458,-0.099
2026-05-20 15:01:45.905,1172845361,2360905,2,0.90186,0.03003,0.43848,-1.496,-0.008,0.847
2026-05-20 15:01:45.105,1172844561,2361105,1,0.9585,-0.14087,0.50488,-0.351,1.244,-0.282
2026-05-20 15:01:45.105,1172844561,2361105,2,0.8938,0.02832,0.43188,-1.687,0.603,0.771
2026-05-20 15:01:45.305,1172844761,2361305,1,0.96167,-0.13745,0.5105,-0.244,1.534,-0.237
2026-05-20 15:01:45.305,1172844761,2361305,2,0.90283,0.03101,0.42627,-0.901,0.634,0.29
2026-05-20 15:01:45.505,1172844961,2361505,1,0.95532,-0.13696,0.50781,-0.679,1.26,-0.481
2026-05-20 15:01:45.505,1172844961,2361505,2,0.89551,0.02954,0.43091,-1.229,0.29,0.435
2026-05-20 15:01:45.705,1172845161,2361705,1,0.95752,-0.13354,0.51392,-0.496,1.557,-0.458
2026-05-20 15:01:45.705,1172845161,2361705,2,0.90088,0.02979,0.42847,-1.122,0.038,0.519
2026-05-20 15:01:46.905,1172846361,2361905,1,0.95679,-0.13574,0.50659,-0.374,1.321,-0.107
2026-05-20 15:01:46.905,1172846361,2361905,2,0.90308,0.03296,0.427,-1.435,0.221,0.611
2026-05-20 15:01:46.105,1172845561,2362105,1,0.95996,-0.13794,0.50586,-0.641,1.084,-0.504
2026-05-20 15:01:46.105,1172845561,2362105,2,0.8999,0.03125,0.42505,-1.221,0.084,0.634
2026-05-20 15:01:46.305,1172845761,2362305,1,0.95361,-0.13452,0.51001,-0.321,1.504,-0.405
2026-05-20 15:01:46.305,1172845761,2362305,2,0.90356,0.02759,0.42139,-1.458,-0.168,0.405
2026-05-20 15:01:46.505,1172845961,2362505,1,0.95557,-0.1394,0.50977,-0.817,1.328,-0.328
2026-05-20 15:01:46.505,1172845961,2362505,2,0.90039,0.03345,0.43213,-1.153,0.634,0.656
2026-05-20 15:01:46.705,1172846161,2362705,1,0.95581,-0.13428,0.52075,-0.229,1.313,-0.198
2026-05-20 15:01:46.705,1172846161,2362705,2,0.90137,0.03003,0.4248,-1.534,0.053,0.412
2026-05-20 15:01:47.905,1172847361,2362905,1,0.95752,-0.13452,0.5105,-0.504,1.382,-0.427
2026-05-20 15:01:47.905,1172847361,2362905,2,0.9021,0.02832,0.42798,-0.992,0.206,0.504
2026-05-20 15:01:47.105,1172846561,2363105,1,0.95801,-0.14209,0.51147,-0.763,0.748,-0.992
2026-05-20 15:01:47.105,1172846561,2363105,2,0.90015,0.02515,0.42847,-1.725,0.634,0.427
2026-05-20 15:01:47.305,1172846761,2363305,1,0.95752,-0.13647,0.52246,0.176,1.198,-0.664
2026-05-20 15:01:47.305,1172846761,2363305,2,0.89941,0.03149,0.42432,-1.046,0.084,0.588
2026-05-20 15:01:47.505,1172846961,2363505,1,0.94922,-0.13599,0.51367,-0.427,1.336,-0.221
2026-05-20 15:01:47.505,1172846961,2363505,2,0.89868,0.02637,0.42651,-1.786,-0.122,0.557
2026-05-20 15:01:47.714,1172847170,2363714,1,0.95361,-0.13379,0.50806,-0.176,1.511,-0.122
2026-05-20 15:01:47.714,1172847170,2363714,2,0.90454,0.0249,0.4397,-1.183,0.786,0.832
2026-05-20 15:01:48.914,1172848370,2363914,1,0.96094,-0.13818,0.51318,-0.58,1.55,-0.427
2026-05-20 15:01:48.914,1172848370,2363914,2,0.90137,0.03345,0.43555,-0.656,0.511,0.939
2026-05-20 15:01:48.114,1172847570,2364114,1,0.95532,-0.13501,0.50952,-0.626,1.466,-0.649
2026-05-20 15:01:48.114,1172847570,2364114,2,0.89868,0.02979,0.42993,-1.099,0.298,0.313
2026-05-20 15:01:48.314,1172847770,2364314,1,0.96265,-0.13501,0.51953,-0.618,1.076,-0.626
2026-05-20 15:01:48.314,1172847770,2364314,2,0.90259,0.02393,0.42236,-1.084,0.672,0.771
2026-05-20 15:01:48.514,1172847970,2364514,1,0.95532,-0.13794,0.51563,-0.305,1.298,-0.168
2026-05-20 15:01:48.514,1172847970,2364514,2,0.89966,0.02661,0.4231,-1.038,0.725,0.626
2026-05-20 15:01:48.714,1172848170,2364714,1,0.95557,-0.13647,0.51343,-0.916,1.435,-0.45
2026-05-20 15:01:48.714,1172848170,2364714,2,0.90015,0.02344,0.42847,-1.046,0.061,0.397
2026-05-20 15:01:49.914,1172849370,2364914,1,0.95435,-0.13232,0.50757,-0.527,1.435,-0.519
2026-05-20 15:01:49.914,1172849370,2364914,2,0.90601,0.02759,0.42749,-1.313,0.122,0.405
2026-05-20 15:01:49.114,1172848570,2365114,1,0.95435,-0.13257,0.50879,-0.534,1.45,-0.229
2026-05-20 15:01:49.114,1172848570,2365114,2,0.90869,0.03247,0.427,-0.824,0.198,0.725
2026-05-20 15:01:49.314,1172848770,2365314,1,0.9502,-0.14355,0.51538,-0.252,1.511,-0.519
2026-05-20 15:01:49.314,1172848770,2365314,2,0.89575,0.02856,0.42285,-1.26,-0.053,0.412
2026-05-20 15:01:49.514,1172848970,2365514,1,0.95801,-0.13721,0.521,-0.672,1.015,-0.366
2026-05-20 15:01:49.514,1172848970,2365514,2,0.90356,0.03149,0.42554,-1.71,0.244,0.573
2026-05-20 15:01:49.714,1172849170,2365714,1,0.95508,-0.13818,0.51489,-0.45,1.191,-0.42
2026-05-20 15:01:49.714,1172849170,2365714,2,0.89697,0.02222,0.42627,-1.603,0.794,0.45
2026-05-20 15:01:50.914,1172850370,2365914,1,0.9624,-0.14209,0.51855,-0.42,1.527,-0.29
2026-05-20 15:01:50.914,1172850370,2365914,2,0.90503,0.02832,0.42407,-1.237,0.351,0.481
2026-05-20 15:01:50.117,1172849573,2366117,1,0.95166,-0.13721,0.51392,-0.687,1.168,-0.427
2026-05-20 15:01:50.117,1172849573,2366117,2,0.90454,0.02515,0.43018,-1.473,1.481,0.542
2026-05-20 15:01:50.317,1172849773,2366317,1,0.94971,-0.13721,0.51904,-0.527,1.252,-0.374
2026-05-20 15:01:50.317,1172849773,2366317,2,0.89844,0.02466,0.43481,-1.275,0.763,0.55
2026-05-20 15:01:50.517,1172849973,2366517,1,0.96289,-0.12451,0.51343,-0.504,1.275,-0.076
2026-05-20 15:01:50.517,1172849973,2366517,2,0.90234,0.02588,0.43628,-1.298,-0.084,0.649
2026-05-20 15:01:50.717,1172850173,2366717,1,0.95923,-0.13013,0.50977,-3.183,4.481,-0.115
2026-05-20 15:01:50.717,1172850173,2366717,2,0.87354,0.0144,0.54712,6.519,-12.939,6.45
2026-05-20 15:01:51.917,1172851373,2366917,1,0.90039,-0.11304,0.55127,-28.359,15.519,-0.824
2026-05-20 15:01:51.917,1172851373,2366917,2,0.93555,0.06641,0.43433,-11.183,-35.809,6.725
2026-05-20 15:01:51.117,1172850573,2367117,1,0.92578,-0.19678,0.61548,6.626,12.725,-1.313
2026-05-20 15:01:51.117,1172850573,2367117,2,0.98999,-0.03198,0.26709,-1.74,-7.031,1.466
2026-05-20 15:01:51.317,1172850773,2367317,1,0.89526,-0.18433,0.61108,2.092,0.046,0.237
2026-05-20 15:01:51.317,1172850773,2367317,2,0.9397,-0.02246,0.36816,3.695,6.511,0.45
2026-05-20 15:01:51.518,1172850974,2367518,1,0.88135,-0.16016,0.62769,-2.786,2.45,1.389
2026-05-20 15:01:51.518,1172850974,2367518,2,0.94336,-0.01123,0.34375,-2.206,-0.298,-0.763
2026-05-20 15:01:51.718,1172851174,2367718,1,0.88916,-0.17334,0.61353,-0.641,1.481,-1.718
2026-05-20 15:01:51.718,1172851174,2367718,2,0.94873,-0.02075,0.3457,-3.443,-0.542,0.168
2026-05-20 15:01:52.918,1172852374,2367918,1,0.89575,-0.16992,0.61304,-0.42,1.405,-0.298
2026-05-20 15:01:52.918,1172852374,2367918,2,0.94556,-0.01807,0.33984,-0.252,0.634,0.473
2026-05-20 15:01:52.118,1172851574,2368118,1,0.89038,-0.1748,0.62329,-0.336,1.74,-0.771
2026-05-20 15:01:52.118,1172851574,2368118,2,0.94409,-0.01953,0.36938,0.626,0.87,1.122
2026-05-20 15:01:52.318,1172851774,2368318,1,0.89136,-0.17847,0.61426,-0.382,1.519,-0.198
2026-05-20 15:01:52.318,1172851774,2368318,2,0.94165,-0.01782,0.34839,0.573,1.527,1.099
2026-05-20 15:01:52.518,1172851974,2368518,1,0.8938,-0.17041,0.62134,-0.092,1.237,-0.328
2026-05-20 15:01:52.518,1172851974,2368518,2,0.94409,-0.01636,0.35278,-0.069,0.824,0.733
2026-05-20 15:01:52.718,1172852174,2368718,1,0.89087,-0.17554,0.62061,-0.336,1.939,-0.527
2026-05-20 15:01:52.718,1172852174,2368718,2,0.9375,-0.00806,0.35034,-1.061,0.504,0.702
2026-05-20 15:01:53.918,1172853374,2368918,1,0.88916,-0.17529,0.61621,-0.756,1.099,-0.046
2026-05-20 15:01:53.918,1172853374,2368918,2,0.94116,-0.01367,0.35596,-1.847,0.542,0.649
2026-05-20 15:01:53.118,1172852574,2369118,1,0.88867,-0.17529,0.61865,-0.527,1.069,-0.832
2026-05-20 15:01:53.118,1172852574,2369118,2,0.94116,-0.01709,0.35547,-2.206,0.038,0.237
2026-05-20 15:01:53.318,1172852774,2369318,1,0.89136,-0.17163,0.62769,-0.443,1.023,-0.099
2026-05-20 15:01:53.318,1172852774,2369318,2,0.94043,-0.01709,0.34912,-2.076,0.046,0.595
2026-05-20 15:01:53.518,1172852974,2369518,1,0.88745,-0.16821,0.61816,-0.656,1.695,-0.351
2026-05-20 15:01:53.518,1172852974,2369518,2,0.94092,-0.01733,0.35278,-2.099,0.137,0.679
2026-05-20 15:01:53.718,1172853174,2369718,1,0.89355,-0.1709,0.61401,-0.649,1.695,-0.023
2026-05-20 15:01:53.718,1172853174,2369718,2,0.94116,-0.01465,0.34863,-1.237,0.847,0.725
2026-05-20 15:01:54.918,1172854374,2369918,1,0.89453,-0.17651,0.62524,-0.626,1.527,-0.305
2026-05-20 15:01:54.918,1172854374,2369918,2,0.94727,-0.01807,0.35034,-1.496,0.427,0.672
2026-05-20 15:01:54.118,1172853574,2370118,1,0.89722,-0.17188,0.6311,-0.26,1.344,-0.458
2026-05-20 15:01:54.118,1172853574,2370118,2,0.93896,-0.02563,0.3584,-2.504,0.038,0.435
2026-05-20 15:01:54.318,1172853774,2370318,1,0.88818,-0.17188,0.625,-0.473,1.267,-0.282
2026-05-20 15:01:54.318,1172853774,2370318,2,0.94385,-0.02271,0.34961,-1.031,0.595,0.55
2026-05-20 15:01:54.518,1172853974,2370518,1,0.89819,-0.17041,0.61792,-0.519,1.359,-0.687
2026-05-20 15:01:54.518,1172853974,2370518,2,0.94531,-0.01929,0.35181,0.038,1.374,0.847
2026-05-20 15:01:54.718,1172854174,2370718,1,0.89697,-0.18213,0.62183,-0.191,1.153,-0.435
2026-05-20 15:01:54.718,1172854174,2370718,2,0.94043,-0.02612,0.35376,-0.679,0.718,0.702
2026-05-20 15:01:55.918,1172855374,2370918,1,0.88623,-0.17261,0.62085,-0.13,1.191,-0.405
2026-05-20 15:01:55.918,1172855374,2370918,2,0.93726,-0.01489,0.36182,0.496,1.015,0.664
2026-05-20 15:01:55.118,1172854574,2371118,1,0.89185,-0.1748,0.62183,-0.252,1.389,-0.382
2026-05-20 15:01:55.118,1172854574,2371118,2,0.93872,-0.01489,0.35962,-0.962,0.435,0.588
2026-05-20 15:01:55.318,1172854774,2371318,1,0.88379,-0.17432,0.61768,-0.397,1.153,-0.397
2026-05-20 15:01:55.318,1172854774,2371318,2,0.94141,-0.02026,0.36646,-1.389,0.29,0.473
2026-05-20 15:01:55.518,1172854974,2371518,1,0.89233,-0.17017,0.61694,-0.847,1.305,-0.496
2026-05-20 15:01:55.518,1172854974,2371518,2,0.93921,-0.02075,0.35547,-2.809,-0.45,0.267
2026-05-20 15:01:55.718,1172855174,2371718,1,0.88745,-0.17407,0.63135,-0.901,1.534,-0.458
2026-05-20 15:01:55.718,1172855174,2371718,2,0.93774,-0.02368,0.35376,-2.687,0.145,0.351
2026-05-20 15:01:56.918,1172856374,2371918,1,0.89136,-0.1748,0.62476,-0.649,1.45,-0.397
2026-05-20 15:01:56.918,1172856374,2371918,2,0.9375,-0.01929,0.35889,-1.832,0.763,0.511
2026-05-20 15:01:56.165,1172855621,2372165,1,0.89282,-0.17065,0.62012,-0.496,1.427,-0.344
2026-05-20 15:01:56.165,1172855621,2372165,2,0.94214,-0.02051,0.35229,-1.863,0.237,0.389
2026-05-20 15:01:56.365,1172855821,2372365,1,0.89014,-0.17261,0.62573,-0.718,0.916,-0.588
2026-05-20 15:01:56.365,1172855821,2372365,2,0.94409,-0.01709,0.35742,-1.687,0.198,0.588
2026-05-20 15:01:56.565,1172856021,2372565,1,0.88452,-0.17383,0.63062,-0.336,1.412,-0.275
2026-05-20 15:01:56.565,1172856021,2372565,2,0.94434,-0.01831,0.35547,0.031,0.908,0.687
2026-05-20 15:01:59.499,1172858955,2375499,1,0.8916,-0.17798,0.62622,-0.649,1.198,-0.389
2026-05-20 15:01:59.499,1172858955,2375499,2,0.94141,-0.0144,0.34888,-0.947,0.473,0.458
2026-05-20 15:02:02.995,1172862451,2377995,1,0.96313,-0.14941,0.50024,-0.71,1.725,-0.176
2026-05-20 15:02:02.995,1172862451,2377995,2,0.90381,0.01489,0.42969,-1.198,0.229,0.779
2026-05-20 15:02:02.195,1172861651,2378195,1,0.9624,-0.15552,0.50464,-1.153,1.42,-0.237
2026-05-20 15:02:02.195,1172861651,2378195,2,0.89893,0.02368,0.43042,-0.84,-0.45,1.053
2026-05-20 15:02:02.395,1172861851,2378395,1,0.96289,-0.15137,0.50342,-0.611,1.916,-0.435
2026-05-20 15:02:02.395,1172861851,2378395,2,0.90601,0.02002,0.44165,-0.947,-0.519,1.214
2026-05-20 15:02:02.636,1172862092,2378636,1,0.95923,-0.14673,0.49756,-0.802,1.618,-0.618
2026-05-20 15:02:02.636,1172862092,2378636,2,0.90308,0.021,0.4209,-1.29,-0.763,0.58
2026-05-20 15:02:03.937,1172863393,2378937,1,0.96558,-0.14258,0.50586,-0.397,1.718,-0.58
2026-05-20 15:02:03.937,1172863393,2378937,2,0.90137,0.01782,0.42065,-1.008,-0.183,0.679
2026-05-20 15:02:03.162,1172862618,2379162,1,0.96313,-0.14453,0.50806,-0.618,1.397,-0.489
2026-05-20 15:02:03.162,1172862618,2379162,2,0.90674,0.01758,0.42236,-2.168,1.366,0.595
2026-05-20 15:02:03.362,1172862818,2379362,1,0.95679,-0.14795,0.51172,-0.221,1.214,-0.145
2026-05-20 15:02:03.362,1172862818,2379362,2,0.90356,0.01514,0.42505,-1.405,0.924,0.763
2026-05-20 15:02:03.562,1172863018,2379562,1,0.96191,-0.15015,0.51001,-0.069,1.87,-0.679
2026-05-20 15:02:03.562,1172863018,2379562,2,0.90283,0.01416,0.43579,-1.061,0.374,0.458
2026-05-20 15:02:04.762,1172864218,2379762,1,0.96411,-0.1499,0.49829,0.313,0.855,0.504
2026-05-20 15:02:04.762,1172864218,2379762,2,0.90332,0.02197,0.43677,-0.328,2.069,0.985
2026-05-20 15:02:04.962,1172864418,2379962,1,0.95996,-0.14526,0.50366,-1.069,0.992,0.458
2026-05-20 15:02:04.962,1172864418,2379962,2,0.90039,0.01538,0.42871,-1.87,-1.092,0.565
2026-05-20 15:02:04.162,1172863618,2380162,1,0.95703,-0.14941,0.50244,,2.061,-0.198
2026-05-20 15:02:04.162,1172863618,2380162,2,0.89941,0.01489,0.42017,-1.237,-0.405,0.389
2026-05-20 15:02:04.362,1172863818,2380362,1,0.96094,-0.14868,0.50415,-0.87,1.214,-0.542
2026-05-20 15:02:04.362,1172863818,2380362,2,0.90063,0.01318,0.41968,-1.565,0.282,0.511
2026-05-20 15:02:04.562,1172864018,2380562,1,0.96094,-0.1499,0.50537,-0.473,1.267,0.023
2026-05-20 15:02:04.562,1172864018,2380562,2,0.90063,0.01245,0.43579,-1.527,0.84,0.351
2026-05-20 15:02:05.762,1172865218,2380762,1,0.96069,-0.14746,0.51147,-0.389,1.145,0.168
2026-05-20 15:02:05.762,1172865218,2380762,2,0.90137,0.01733,0.4375,-1.328,-0.191,0.321
2026-05-20 15:02:05.962,1172865418,2380962,1,0.95557,-0.15527,0.49878,-0.351,1.87,-0.29
2026-05-20 15:02:05.962,1172865418,2380962,2,0.90527,0.01489,0.42017,-0.763,-0.412,0.611
2026-05-20 15:02:05.162,1172864618,2381162,1,0.95508,-0.14722,0.50513,-0.817,1.214,-0.13
2026-05-20 15:02:05.162,1172864618,2381162,2,0.90771,0.02002,0.43091,-0.702,0.443,0.733
2026-05-20 15:02:05.362,1172864818,2381362,1,0.95898,-0.14868,0.50293,-0.137,1.542,-0.344
2026-05-20 15:02:05.362,1172864818,2381362,2,0.90991,0.01563,0.41626,-1.244,-0.366,0.412
2026-05-20 15:02:05.562,1172865018,2381562,1,0.96362,-0.1499,0.51099,-0.672,1.023,-0.466
2026-05-20 15:02:05.562,1172865018,2381562,2,0.90015,0.01416,0.43311,-2.076,1.298,0.504
2026-05-20 15:02:06.762,1172866218,2381762,1,0.96216,-0.15869,0.51294,-0.366,1.046,-0.168
2026-05-20 15:02:06.762,1172866218,2381762,2,0.90112,0.00928,0.43286,-1.664,1.038,0.534
2026-05-20 15:02:06.962,1172866418,2381962,1,0.95996,-0.15234,0.50977,0.183,1.542,-0.26
2026-05-20 15:02:06.962,1172866418,2381962,2,0.90112,0.02148,0.43188,-1.237,0.885,0.725
2026-05-20 15:02:06.162,1172865618,2382162,1,0.96045,-0.14185,0.50146,-0.221,1.344,-0.29
2026-05-20 15:02:06.162,1172865618,2382162,2,0.90527,0.01733,0.42407,-1.115,0.962,0.763
2026-05-20 15:02:06.362,1172865818,2382362,1,0.96191,-0.15405,0.50098,-0.565,1.397,-0.359
2026-05-20 15:02:06.362,1172865818,2382362,2,0.89868,0.01245,0.4353,-1.198,0.168,0.458
2026-05-20 15:02:06.702,1172866158,2382702,1,0.96216,-0.15161,0.51001,-0.565,1.939,-0.863
2026-05-20 15:02:06.702,1172866158,2382702,2,0.90967,0.01758,0.42505,-1.16,-0.153,0.603
2026-05-20 15:02:07.902,1172867358,2382902,1,0.95239,-0.14502,0.51538,-0.962,1.42,-0.771
2026-05-20 15:02:07.902,1172867358,2382902,2,0.90405,0.00977,0.42847,-1.191,0.282,0.267
2026-05-20 15:02:07.102,1172866558,2383102,1,0.96362,-0.14844,0.5061,-0.481,1.702,-0.748
2026-05-20 15:02:07.102,1172866558,2383102,2,0.90942,0.01636,0.43262,-0.435,-0.053,0.076
2026-05-20 15:02:07.302,1172866758,2383302,1,0.95801,-0.146,0.51733,-0.695,1.84,-0.58
2026-05-20 15:02:07.302,1172866758,2383302,2,0.90063,0.01733,0.41626,-0.466,0.481,0.656
2026-05-20 15:02:07.502,1172866958,2383502,1,0.95874,-0.14746,0.52832,-0.863,1.695,-0.679
2026-05-20 15:02:07.502,1172866958,2383502,2,0.90771,0.01782,0.42432,-0.786,-0.214,0.313
2026-05-20 15:02:07.702,1172867158,2383702,1,0.96118,-0.15063,0.51099,-0.282,2.183,-0.58
2026-05-20 15:02:07.702,1172867158,2383702,2,0.89429,0.01685,0.43237,3.74,2.656,1.679
2026-05-20 15:02:08.902,1172868358,2383902,1,0.96509,-0.14722,0.53198,0.939,3.137,-1.107
2026-05-20 15:02:08.902,1172868358,2383902,2,0.91846,0.02295,0.41309,0.924,0.366,0.718
2026-05-20 15:02:08.102,1172867558,2384102,1,0.95996,-0.14404,0.51392,-0.901,0.863,0.656
2026-05-20 15:02:08.102,1172867558,2384102,2,0.89551,0.01807,0.44067,-1.656,-0.061,0.366
2026-05-20 15:02:08.302,1172867758,2384302,1,0.94727,-0.13696,0.53223,0.947,2.359,-0.55
2026-05-20 15:02:08.302,1172867758,2384302,2,0.90527,0.02246,0.42773,-0.779,0.023,0.626
2026-05-20 15:02:08.502,1172867958,2384502,1,0.95386,-0.14526,0.52222,-0.672,1.237,-0.107
2026-05-20 15:02:08.502,1172867958,2384502,2,0.90088,0.02441,0.43652,-2.046,0.603,0.511
2026-05-20 15:02:08.702,1172868158,2384702,1,0.948,-0.14429,0.52344,-1.641,1.756,-0.84
2026-05-20 15:02:08.702,1172868158,2384702,2,0.9021,0.021,0.4231,-1.702,-0.275,0.344
2026-05-20 15:02:09.902,1172869358,2384902,1,0.95581,-0.14136,0.52271,-0.87,0.992,-0.389
2026-05-20 15:02:09.902,1172869358,2384902,2,0.90356,0.02271,0.42725,-0.954,0.641,0.282
2026-05-20 15:02:09.102,1172868558,2385102,1,0.95776,-0.14355,0.53271,-0.641,2.145,-0.275
2026-05-20 15:02:09.102,1172868558,2385102,2,0.90259,0.02148,0.43018,-0.519,0.206,0.908
2026-05-20 15:02:09.302,1172868758,2385302,1,0.95483,-0.14844,0.5105,-0.321,2.107,-0.794
2026-05-20 15:02:09.302,1172868758,2385302,2,0.9104,0.01855,0.42676,-1.153,0.237,0.542
2026-05-20 15:02:09.502,1172868958,2385502,1,0.94434,-0.14087,0.53296,-0.878,1.458,-0.519
2026-05-20 15:02:09.502,1172868958,2385502,2,0.90259,0.01685,0.42432,-1.45,-0.443,0.267
2026-05-20 15:02:09.702,1172869158,2385702,1,0.95239,-0.13843,0.53052,-0.931,1.458,-0.992
2026-05-20 15:02:09.702,1172869158,2385702,2,0.90918,0.01831,0.41968,-1.0,0.756,0.573
2026-05-20 15:02:10.902,1172870358,2385902,1,0.94409,-0.14429,0.52515,-0.847,1.427,-0.244
2026-05-20 15:02:10.902,1172870358,2385902,2,0.89868,0.0271,0.42456,-1.191,0.595,0.695
2026-05-20 15:02:10.102,1172869558,2386102,1,0.94775,-0.14258,0.53125,-0.382,1.137,-0.237
2026-05-20 15:02:10.102,1172869558,2386102,2,0.90698,0.02197,0.42432,-1.939,0.374,0.374
2026-05-20 15:02:10.302,1172869758,2386302,1,0.94995,-0.14282,0.52148,-0.344,0.977,-0.489
2026-05-20 15:02:10.302,1172869758,2386302,2,0.90259,0.01636,0.42383,-1.282,1.107,0.412
2026-05-20 15:02:10.502,1172869958,2386502,1,0.948,-0.14111,0.52808,-0.237,1.168,-0.145
2026-05-20 15:02:10.502,1172869958,2386502,2,0.90552,0.02637,0.42505,-1.481,1.344,0.87
2026-05-20 15:02:10.702,1172870158,2386702,1,0.94849,-0.14038,0.52075,-0.115,1.191,0.069
2026-05-20 15:02:10.702,1172870158,2386702,2,0.89307,0.02417,0.43188,1.893,1.237,1.679
2026-05-20 15:02:11.902,1172871358,2386902,1,0.93506,-0.14551,0.52515,-6.382,18.863,1.305
2026-05-20 15:02:11.902,1172871358,2386902,2,0.83545,0.01733,0.39355,14.13,-27.878,13.427
2026-05-20 15:02:11.102,1172870558,2387102,1,0.94043,-0.18701,0.62622,-19.71,25.794,-3.389
2026-05-20 15:02:11.102,1172870558,2387102,2,0.93823,-0.01563,0.33667,-0.969,0.786,0.389
2026-05-20 15:02:14.059,1172873515,2390059,1,0.88916,-0.17847,0.6333,-0.847,1.351,-0.45
2026-05-20 15:02:14.059,1172873515,2390059,2,0.94263,-0.01392,0.33374,-1.985,0.031,0.366
2026-05-20 15:02:14.295,1172873751,2390295,1,0.89063,-0.17383,0.62671,-0.58,1.443,-0.626
2026-05-20 15:02:14.295,1172873751,2390295,2,0.94775,-0.01685,0.3396,-1.565,0.099,0.611
2026-05-20 15:02:14.495,1172873951,2390495,1,0.88916,-0.18604,0.62207,-0.473,1.305,-0.038
2026-05-20 15:02:14.495,1172873951,2390495,2,0.95288,-0.01685,0.34155,-2.107,-0.305,0.092
2026-05-20 15:02:14.695,1172874151,2390695,1,0.89941,-0.17017,0.61523,-0.672,1.336,-0.718
2026-05-20 15:02:14.695,1172874151,2390695,2,0.94385,-0.01221,0.33813,-1.275,0.351,0.55
2026-05-20 15:02:15.895,1172875351,2390895,1,0.89136,-0.17554,0.62671,-0.382,1.321,-0.534
2026-05-20 15:02:15.895,1172875351,2390895,2,0.94702,-0.01367,0.33765,1.374,1.176,0.695
2026-05-20 15:02:15.198,1172874654,2391198,1,0.89258,-0.17505,0.62402,0.26,1.603,-0.298
2026-05-20 15:02:15.198,1172874654,2391198,2,0.94214,-0.0144,0.34277,0.244,1.351,0.679
2026-05-20 15:02:15.452,1172874908,2391452,1,0.89648,-0.17285,0.62231,-0.55,1.481,-0.137
2026-05-20 15:02:15.452,1172874908,2391452,2,0.94409,-0.00854,0.35376,-0.481,0.672,0.565
2026-05-20 15:02:15.652,1172875108,2391652,1,0.89087,-0.17554,0.62183,-0.672,1.046,-0.542
2026-05-20 15:02:15.652,1172875108,2391652,2,0.94678,-0.00806,0.36377,-2.183,,0.382
2026-05-20 15:02:16.852,1172876308,2391852,1,0.88647,-0.17651,0.62964,-0.489,1.489,-0.313
2026-05-20 15:02:16.852,1172876308,2391852,2,0.94824,-0.00659,0.3374,-3.656,-1.183,-0.084
2026-05-20 15:02:18.670,1172878126,2394670,1,0.89087,-0.17603,0.62842,-0.817,1.305,-0.443
2026-05-20 15:02:18.670,1172878126,2394670,2,0.94385,-0.0105,0.34277,-2.084,0.71,0.649
2026-05-20 15:02:19.134,1172878590,2395134,1,0.89111,-0.18066,0.63403,-1.122,0.947,0.092
2026-05-20 15:02:19.134,1172878590,2395134,2,0.94775,-0.00586,0.34033,-2.504,-0.802,0.473
2026-05-20 15:02:22.017,1172881473,2398016,1,0.96411,-0.1228,0.49976,-0.611,-0.038,0.107
2026-05-20 15:02:22.017,1172881473,2398016,2,0.90186,0.03223,0.44458,-2.336,0.618,0.733
2026-05-20 15:02:22.216,1172881672,2398216,1,0.97144,-0.13745,0.49731,-0.099,0.618,-0.099
2026-05-20 15:02:22.216,1172881672,2398216,2,0.90063,0.02661,0.4397,-2.374,1.985,1.16
2026-05-20 15:02:22.416,1172881872,2398416,1,0.96826,-0.14819,0.49023,0.115,1.13,0.153
2026-05-20 15:02:22.416,1172881872,2398416,2,0.89478,0.02954,0.43994,-1.244,1.931,0.382
2026-05-20 15:02:22.616,1172882072,2398616,1,0.96289,-0.14136,0.49683,-0.046,1.718,-0.069
2026-05-20 15:02:22.616,1172882072,2398616,2,0.89404,0.03394,0.44287,-1.115,0.519,0.542
2026-05-20 15:02:23.816,1172883272,2398816,1,0.96558,-0.14258,0.4917,-0.374,1.344,-0.511
2026-05-20 15:02:23.816,1172883272,2398816,2,0.89819,0.03003,0.43701,-1.45,-0.069,0.382
2026-05-20 15:02:23.245,1172882701,2399245,1,0.96484,-0.13989,0.49951,-0.977,1.328,-0.458
2026-05-20 15:02:23.245,1172882701,2399245,2,0.90015,0.02856,0.43457,-0.763,-0.397,0.55
2026-05-20 15:02:23.445,1172882901,2399445,1,0.9668,-0.13794,0.5,-0.908,1.0,-0.504
2026-05-20 15:02:23.445,1172882901,2399445,2,0.90112,0.02856,0.42627,-0.931,0.344,0.557
2026-05-20 15:02:23.645,1172883101,2399645,1,0.9668,-0.14014,0.49634,-0.794,0.664,0.229
2026-05-20 15:02:23.645,1172883101,2399645,2,0.90918,0.03613,0.43286,-1.802,0.885,0.763
2026-05-20 15:02:26.714,1172886170,2402714,1,0.96899,-0.13574,0.5,-1.84,-0.153,-1.763
2026-05-20 15:02:26.714,1172886170,2402714,2,0.90161,0.02881,0.43115,-1.282,1.389,1.153
2026-05-20 15:02:27.914,1172887370,2402914,1,0.96094,-0.13477,0.49854,-1.015,0.267,-0.466
2026-05-20 15:02:27.914,1172887370,2402914,2,0.89331,0.02539,0.4436,-1.298,0.107,0.191
2026-05-20 15:02:27.114,1172886570,2403114,1,0.95947,-0.1355,0.48657,0.275,1.374,-0.008
2026-05-20 15:02:27.114,1172886570,2403114,2,0.90039,0.02417,0.4353,-1.275,1.023,0.779
2026-05-20 15:02:27.314,1172886770,2403314,1,0.96509,-0.13086,0.50879,-0.092,1.725,-0.038
2026-05-20 15:02:27.314,1172886770,2403314,2,0.9021,0.02515,0.43823,-1.634,0.969,0.626
2026-05-20 15:02:27.584,1172887040,2403584,1,0.96899,-0.13086,0.50854,0.031,1.405,-0.122
2026-05-20 15:02:27.584,1172887040,2403584,2,0.89697,0.02197,0.43799,-1.481,0.595,0.55
2026-05-20 15:02:28.784,1172888240,2403784,1,0.96655,-0.1377,0.49219,-0.809,1.244,-0.237
2026-05-20 15:02:28.784,1172888240,2403784,2,0.89893,0.02295,0.42993,-1.206,-0.321,0.42
2026-05-20 15:02:28.984,1172888440,2403984,1,0.96167,-0.13916,0.50146,-0.718,1.832,-0.656
2026-05-20 15:02:28.984,1172888440,2403984,2,0.8999,0.02271,0.43896,-1.053,-0.168,0.511
2026-05-20 15:02:28.184,1172887640,2404184,1,0.96143,-0.1311,0.50952,-0.397,1.237,-0.412
2026-05-20 15:02:28.184,1172887640,2404184,2,0.8999,0.03247,0.43042,0.053,-0.389,0.603
2026-05-20 15:02:28.384,1172887840,2404384,1,0.96289,-0.13843,0.50562,-0.573,1.305,-0.412
2026-05-20 15:02:28.384,1172887840,2404384,2,0.90234,0.02222,0.43408,-0.328,0.229,0.817
2026-05-20 15:02:28.584,1172888040,2404584,1,0.9707,-0.13867,0.4895,-0.489,1.756,-0.427
2026-05-20 15:02:28.584,1172888040,2404584,2,0.89551,0.02759,0.43579,-0.359,0.687,0.779
2026-05-20 15:02:29.784,1172889240,2404784,1,0.96265,-0.12793,0.50562,-1.0,0.779,-0.511
2026-05-20 15:02:29.784,1172889240,2404784,2,0.90405,0.02954,0.42773,-1.122,0.046,0.466
2026-05-20 15:02:29.984,1172889440,2404984,1,0.96265,-0.13696,0.50293,-0.252,0.763,-0.305
2026-05-20 15:02:29.984,1172889440,2404984,2,0.90063,0.0271,0.42651,-1.115,0.802,0.389
2026-05-20 15:02:29.184,1172888640,2405184,1,0.96045,-0.13184,0.50098,-0.496,1.366,-0.336
2026-05-20 15:02:29.184,1172888640,2405184,2,0.89868,0.02905,0.42725,-2.542,0.847,0.069
2026-05-20 15:02:29.384,1172888840,2405384,1,0.96509,-0.13794,0.5,-0.023,1.511,-0.351
2026-05-20 15:02:29.384,1172888840,2405384,2,0.90186,0.02954,0.43408,-1.466,0.672,0.573
2026-05-20 15:02:29.584,1172889040,2405584,1,0.96069,-0.13086,0.50708,-0.008,1.481,-0.031
2026-05-20 15:02:29.584,1172889040,2405584,2,0.89697,0.0249,0.44385,-1.786,0.595,0.504
2026-05-20 15:02:30.784,1172890240,2405784,1,0.96362,-0.13208,0.5022,-0.198,1.443,-0.305
2026-05-20 15:02:30.784,1172890240,2405784,2,0.89868,0.03052,0.44043,-2.0,1.153,0.573
2026-05-20 15:02:30.984,1172890440,2405984,1,0.95947,-0.13013,0.49243,-0.328,1.137,-0.206
2026-05-20 15:02:30.984,1172890440,2405984,2,0.90112,0.0293,0.4375,-0.802,-0.298,0.359
2026-05-20 15:02:30.184,1172889640,2406184,1,0.95874,-0.13306,0.50537,-0.611,1.55,-0.336
2026-05-20 15:02:30.184,1172889640,2406184,2,0.89624,0.02271,0.42749,-0.84,-0.305,0.534
2026-05-20 15:02:30.384,1172889840,2406384,1,0.96143,-0.13916,0.48975,-1.084,1.771,0.084
2026-05-20 15:02:30.384,1172889840,2406384,2,0.91064,0.03076,0.42651,0.046,-0.092,0.443
2026-05-20 15:02:30.584,1172890040,2406584,1,0.96289,-0.1272,0.50952,-0.473,1.115,-0.305
2026-05-20 15:02:30.584,1172890040,2406584,2,0.90039,0.03711,0.42358,-0.229,0.412,1.13
2026-05-20 15:02:31.823,1172891279,2406823,1,0.96167,-0.13867,0.49731,-0.748,1.832,-0.435
2026-05-20 15:02:31.823,1172891279,2406823,2,0.90161,0.02026,0.44775,0.634,-0.298,0.901
2026-05-20 15:02:31.023,1172890479,2407023,1,0.97144,-0.12842,0.50317,-3.557,11.214,-4.542
2026-05-20 15:02:31.023,1172890479,2407023,2,0.854,-0.00903,0.39697,8.626,8.298,14.351
2026-05-20 15:02:31.223,1172890679,2407223,1,0.93286,-0.15527,0.56616,-12.046,5.878,5.405
2026-05-20 15:02:31.223,1172890679,2407223,2,0.93579,0.00806,0.36768,-2.618,-1.183,-0.519
2026-05-20 15:02:34.332,1172893788,2410332,1,0.91675,-0.18799,0.56763,-0.618,1.977,-1.29
2026-05-20 15:02:34.332,1172893788,2410332,2,0.93408,-0.00586,0.37646,0.153,1.008,1.443
2026-05-20 15:02:34.532,1172893988,2410532,1,0.9209,-0.18433,0.57202,-0.008,1.496,-0.366
2026-05-20 15:02:34.532,1172893988,2410532,2,0.93457,0.00781,0.37354,1.947,1.573,0.588
2026-05-20 15:02:34.732,1172894188,2410732,1,0.92188,-0.18018,0.573,-0.382,1.313,-0.489
2026-05-20 15:02:34.732,1172894188,2410732,2,0.92651,-0.00024,0.37207,0.336,1.405,0.916
2026-05-20 15:02:35.932,1172895388,2410932,1,0.91748,-0.18359,0.57153,-0.748,1.176,-0.321
2026-05-20 15:02:35.932,1172895388,2410932,2,0.92749,,0.37842,-1.916,0.366,0.588
2026-05-20 15:02:35.132,1172894588,2411132,1,0.92285,-0.18848,0.57715,-0.573,1.802,-0.458
2026-05-20 15:02:35.132,1172894588,2411132,2,0.92798,-0.00171,0.37329,-2.573,0.061,0.344
2026-05-20 15:02:35.458,1172894914,2411458,1,0.92188,-0.18188,0.55981,-0.847,1.427,-0.565
2026-05-20 15:02:35.458,1172894914,2411458,2,0.92627,0.00439,0.36719,-1.802,0.008,0.45
2026-05-20 15:02:35.658,1172895114,2411658,1,0.91724,-0.1875,0.57715,-0.87,2.626,-1.176
2026-05-20 15:02:35.658,1172895114,2411658,2,0.93384,0.00049,0.37061,-0.183,2.58,0.031
2026-05-20 15:02:36.879,1172896335,2411879,1,0.9187,-0.17944,0.57813,-1.26,1.435,-0.298
2026-05-20 15:02:36.879,1172896335,2411879,2,0.93164,0.00732,0.37036,-2.13,0.847,-0.305
2026-05-20 15:02:36.079,1172895535,2412079,1,0.92529,-0.17847,0.57251,-0.748,0.695,0.053
2026-05-20 15:02:36.079,1172895535,2412079,2,0.93018,0.00244,0.37842,-2.244,0.237,1.321
2026-05-20 15:02:36.279,1172895735,2412279,1,0.92212,-0.18188,0.58252,0.55,0.939,0.695
2026-05-20 15:02:36.279,1172895735,2412279,2,0.9292,0.00269,0.37207,-0.702,1.031,0.947
2026-05-20 15:02:36.578,1172896034,2412578,1,0.92139,-0.19116,0.56616,-1.176,1.0,-0.321
2026-05-20 15:02:36.578,1172896034,2412578,2,0.92822,0.00122,0.3645,-1.053,0.107,0.611
2026-05-20 15:02:37.838,1172897294,2412838,1,0.9165,-0.18628,0.5686,-0.275,1.351,-0.405
2026-05-20 15:02:37.838,1172897294,2412838,2,0.92749,-0.00781,0.36768,-0.901,0.504,0.771
2026-05-20 15:02:37.175,1172896631,2413175,1,0.9209,-0.18481,0.5708,-0.107,1.473,-0.511
2026-05-20 15:02:37.175,1172896631,2413175,2,0.93408,,0.37158,-0.115,1.214,0.924
2026-05-20 15:02:37.375,1172896831,2413375,1,0.91528,-0.1875,0.57349,-0.427,1.45,-0.183
2026-05-20 15:02:37.375,1172896831,2413375,2,0.92773,0.00537,0.38818,0.374,0.511,1.176
2026-05-20 15:02:37.575,1172897031,2413575,1,0.91895,-0.17749,0.57373,0.527,1.168,-0.351
2026-05-20 15:02:37.575,1172897031,2413575,2,0.93042,-0.00269,0.37964,-1.511,-0.191,0.87
2026-05-20 15:02:38.775,1172898231,2413775,1,0.9187,-0.18726,0.56909,0.237,1.145,-0.198
2026-05-20 15:02:38.775,1172898231,2413775,2,0.92798,0.00391,0.38013,-0.763,0.282,0.206
2026-05-20 15:02:38.975,1172898431,2413975,1,0.91553,-0.17871,0.58521,-0.397,1.305,-0.565
2026-05-20 15:02:38.975,1172898431,2413975,2,0.92505,0.00439,0.37354,-1.817,-0.328,0.328
2026-05-20 15:02:38.175,1172897631,2414175,1,0.92163,-0.18066,0.56909,-1.397,1.489,-1.031
2026-05-20 15:02:38.175,1172897631,2414175,2,0.92969,-0.00098,0.37109,-2.626,0.214,0.084
2026-05-20 15:02:38.375,1172897831,2414375,1,0.9209,-0.18579,0.57837,-1.603,1.053,-1.664
2026-05-20 15:02:38.375,1172897831,2414375,2,0.92847,-0.0022,0.36914,-3.809,-0.496,-0.756
2026-05-20 15:02:38.575,1172898031,2414575,1,0.91333,-0.1731,0.57861,-0.611,0.901,-0.344
2026-05-20 15:02:38.575,1172898031,2414575,2,0.93701,0.00293,0.3811,-4.412,-1.939,0.122
2026-05-20 15:02:39.775,1172899231,2414775,1,0.90747,-0.17383,0.57642,0.122,1.29,-0.58
2026-05-20 15:02:39.775,1172899231,2414775,2,0.92822,-0.00439,0.36865,-3.229,-0.626,0.504
2026-05-20 15:02:42.884,1172902340,2417884,1,1.01392,-0.11353,0.47729,-1.13,-7.191,-0.832
2026-05-20 15:02:42.884,1172902340,2417884,2,0.92847,0.07227,0.41919,-3.168,-9.947,-4.137
2026-05-20 15:02:42.084,1172901540,2418084,1,1.00537,-0.14355,0.41943,-1.198,-1.763,2.489
2026-05-20 15:02:42.084,1172901540,2418084,2,0.93555,0.0564,0.41846,0.565,-0.244,4.366
2026-05-20 15:02:42.284,1172901740,2418284,1,0.97363,-0.12109,0.42871,0.443,-1.489,-0.863
2026-05-20 15:02:42.284,1172901740,2418284,2,0.92969,0.07153,0.44629,1.046,3.435,2.847
2026-05-20 15:02:42.484,1172901940,2418484,1,0.97656,-0.14233,0.44336,0.366,3.084,0.565
2026-05-20 15:02:42.484,1172901940,2418484,2,0.90991,0.04053,0.4104,-1.481,2.55,2.519
2026-05-20 15:02:42.684,1172902140,2418684,1,0.99585,-0.13721,0.46216,1.84,0.069,1.641
2026-05-20 15:02:42.684,1172902140,2418684,2,0.91553,0.05103,0.40308,-1.924,-3.908,0.489
2026-05-20 15:02:43.922,1172903378,2418922,1,0.99121,-0.13354,0.45337,-1.29,0.695,2.603
2026-05-20 15:02:43.922,1172903378,2418922,2,0.91113,0.05103,0.42871,-1.275,5.176,4.695
2026-05-20 15:02:43.122,1172902578,2419122,1,0.98828,-0.15649,0.45386,3.977,2.069,2.947
2026-05-20 15:02:43.122,1172902578,2419122,2,0.91284,0.02612,0.40332,0.87,-2.55,1.466
2026-05-20 15:02:43.322,1172902778,2419322,1,0.99658,-0.14575,0.45166,-1.351,1.763,-1.137
2026-05-20 15:02:43.322,1172902778,2419322,2,0.90918,0.0271,0.41602,-1.031,-4.908,0.939
2026-05-20 15:02:43.522,1172902978,2419522,1,0.97534,-0.14917,0.46997,-0.573,1.573,-1.481
2026-05-20 15:02:43.522,1172902978,2419522,2,0.91382,0.04272,0.41895,-0.267,-1.565,0.366
2026-05-20 15:02:43.722,1172903178,2419722,1,0.98657,-0.14526,0.46606,0.496,1.504,-0.58
2026-05-20 15:02:43.722,1172903178,2419722,2,0.91064,0.03711,0.40503,-1.229,-0.458,0.557
2026-05-20 15:02:44.922,1172904378,2419922,1,0.96899,-0.14966,0.45874,-0.496,1.519,0.397
2026-05-20 15:02:44.922,1172904378,2419922,2,0.91772,0.05078,0.40942,-1.786,-0.71,0.427
2026-05-20 15:02:44.122,1172903578,2420122,1,0.98682,-0.15063,0.45801,0.466,2.359,-1.16
2026-05-20 15:02:44.122,1172903578,2420122,2,0.92041,0.04614,0.39648,0.847,-0.076,1.061
2026-05-20 15:02:44.322,1172903778,2420322,1,0.98706,-0.1521,0.44946,-1.313,1.878,-1.099
2026-05-20 15:02:44.322,1172903778,2420322,2,0.91284,0.04565,0.40405,-1.634,0.137,0.84
2026-05-20 15:02:44.522,1172903978,2420522,1,0.98462,-0.15259,0.46729,0.542,2.481,-0.405
2026-05-20 15:02:44.522,1172903978,2420522,2,0.92944,0.04663,0.38599,-2.061,1.344,-0.87
2026-05-20 15:02:44.722,1172904178,2420722,1,0.97607,-0.14648,0.45386,-1.221,0.786,-0.374
2026-05-20 15:02:44.722,1172904178,2420722,2,0.91187,0.04932,0.39722,-3.71,2.824,-0.214
2026-05-20 15:02:45.922,1172905378,2420922,1,0.96948,-0.13574,0.46875,-0.626,2.092,-0.969
2026-05-20 15:02:45.922,1172905378,2420922,2,0.90723,0.04785,0.40674,-0.748,1.214,1.527
2026-05-20 15:02:45.122,1172904578,2421122,1,0.98169,-0.14429,0.4624,0.924,1.672,-0.13
2026-05-20 15:02:45.122,1172904578,2421122,2,0.9126,0.03979,0.39648,-0.679,1.931,0.878
2026-05-20 15:02:45.322,1172904778,2421322,1,0.97485,-0.15161,0.46509,-0.267,1.076,0.061
2026-05-20 15:02:45.322,1172904778,2421322,2,0.90039,0.04053,0.4165,-0.969,1.405,0.397
2026-05-20 15:02:45.522,1172904978,2421522,1,0.98047,-0.14185,0.4646,-0.565,1.611,-0.595
2026-05-20 15:02:45.522,1172904978,2421522,2,0.91382,0.04004,0.40674,-1.458,0.389,0.687
2026-05-20 15:02:45.722,1172905178,2421722,1,0.98096,-0.14258,0.47095,-1.015,1.55,-0.137
2026-05-20 15:02:45.722,1172905178,2421722,2,0.91406,0.03735,0.41748,-1.046,0.809,0.412
2026-05-20 15:02:46.922,1172906378,2421922,1,0.97705,-0.14941,0.45947,-0.427,1.847,-0.336
2026-05-20 15:02:46.922,1172906378,2421922,2,0.91528,0.04419,0.41504,-1.359,-0.107,0.55
2026-05-20 15:02:46.122,1172905578,2422122,1,0.97827,-0.14502,0.45532,-0.466,0.916,-0.092
2026-05-20 15:02:46.122,1172905578,2422122,2,0.91357,0.03979,0.41162,-1.16,-0.275,0.58
2026-05-20 15:02:46.322,1172905778,2422322,1,0.98193,-0.1521,0.45581,-0.641,0.878,-0.321
2026-05-20 15:02:46.322,1172905778,2422322,2,0.91113,0.03979,0.41675,-0.992,-0.267,0.42
2026-05-20 15:02:46.522,1172905978,2422522,1,0.9751,-0.14941,0.46533,-0.321,1.817,-0.565
2026-05-20 15:02:46.522,1172905978,2422522,2,0.91992,0.0415,0.4043,-1.229,0.168,0.687
2026-05-20 15:02:46.722,1172906178,2422722,1,0.97974,-0.15039,0.46655,-0.779,0.832,-0.267
2026-05-20 15:02:46.722,1172906178,2422722,2,0.92261,0.04175,0.39624,-1.344,1.076,0.626
2026-05-20 15:02:47.922,1172907378,2422922,1,0.96973,-0.15332,0.46436,-0.16,1.244,-0.229
2026-05-20 15:02:47.922,1172907378,2422922,2,0.92114,0.04468,0.40503,-1.206,,0.573
2026-05-20 15:02:47.122,1172906578,2423122,1,0.97583,-0.15771,0.4646,-0.603,2.069,-0.153
2026-05-20 15:02:47.122,1172906578,2423122,2,0.91748,0.04517,0.40137,-1.504,-0.13,0.893
2026-05-20 15:02:47.322,1172906778,2423322,1,0.9646,-0.14258,0.46973,-0.702,1.321,-0.527
2026-05-20 15:02:47.322,1172906778,2423322,2,0.91455,0.04321,0.40674,-1.046,-0.908,0.191
2026-05-20 15:02:47.522,1172906978,2423522,1,0.97168,-0.15063,0.47021,-0.595,0.924,-0.878
2026-05-20 15:02:47.522,1172906978,2423522,2,0.91943,0.04736,0.40259,-1.252,0.656,0.336
2026-05-20 15:02:47.722,1172907178,2423722,1,0.97998,-0.14355,0.46436,-0.366,1.435,-0.084
2026-05-20 15:02:47.722,1172907178,2423722,2,0.92017,0.04297,0.38892,-1.198,0.405,0.947
2026-05-20 15:02:48.922,1172908378,2423922,1,0.97925,-0.13818,0.46704,-0.053,1.168,0.053
2026-05-20 15:02:48.922,1172908378,2423922,2,0.9209,0.03735,0.40845,-1.832,0.198,0.855
2026-05-20 15:02:48.122,1172907578,2424122,1,0.98071,-0.15063,0.46289,-0.427,1.305,-0.435
2026-05-20 15:02:48.122,1172907578,2424122,2,0.91919,0.04321,0.40063,-0.557,1.489,0.618
2026-05-20 15:02:48.322,1172907778,2424322,1,0.97583,-0.14771,0.45605,-0.718,1.313,-0.756
2026-05-20 15:02:48.322,1172907778,2424322,2,0.91113,0.0437,0.40576,-1.015,1.298,0.779
2026-05-20 15:02:48.522,1172907978,2424522,1,0.97437,-0.15308,0.4646,-0.267,1.817,-0.29
2026-05-20 15:02:48.522,1172907978,2424522,2,0.91577,0.04175,0.40869,-1.137,0.908,0.756
2026-05-20 15:02:48.722,1172908178,2424722,1,0.97754,-0.1499,0.46655,-0.183,2.168,-0.137
2026-05-20 15:02:48.722,1172908178,2424722,2,0.91089,0.04224,0.40723,-1.466,-1.053,0.382
2026-05-20 15:02:49.922,1172909378,2424922,1,0.97388,-0.13989,0.47339,-0.802,1.0,0.198
2026-05-20 15:02:49.922,1172909378,2424922,2,0.9126,0.03906,0.41333,-1.878,0.771,0.771
2026-05-20 15:02:49.122,1172908578,2425122,1,0.97827,-0.15186,0.47192,-0.443,1.42,0.038
2026-05-20 15:02:49.122,1172908578,2425122,2,0.91284,0.0437,0.41162,-1.344,-0.489,0.519
2026-05-20 15:02:49.322,1172908778,2425322,1,0.98462,-0.15356,0.46338,-0.282,1.412,-0.359
2026-05-20 15:02:49.322,1172908778,2425322,2,0.91772,0.03467,0.39966,-1.473,0.45,0.382
2026-05-20 15:02:49.522,1172908978,2425522,1,0.97144,-0.15063,0.46606,-0.351,1.954,-0.664
2026-05-20 15:02:49.522,1172908978,2425522,2,0.90918,0.03882,0.4104,-1.298,-0.557,0.252
2026-05-20 15:02:49.722,1172909178,2425722,1,0.97705,-0.14526,0.46802,-0.321,1.611,-0.206
2026-05-20 15:02:49.722,1172909178,2425722,2,0.91846,0.04248,0.3938,-1.282,0.206,0.618
2026-05-20 15:02:50.922,1172910378,2425922,1,0.97534,-0.15039,0.47192,-0.42,1.534,-0.229
2026-05-20 15:02:50.922,1172910378,2425922,2,0.91846,0.04297,0.40332,-0.977,0.252,0.618
2026-05-20 15:02:50.122,1172909578,2426122,1,0.97437,-0.15161,0.47021,-0.595,1.473,-0.229
2026-05-20 15:02:50.122,1172909578,2426122,2,0.92163,0.03857,0.40137,-1.427,0.443,0.58
2026-05-20 15:02:50.322,1172909778,2426322,1,0.97217,-0.14893,0.46997,-0.817,1.679,-0.649
2026-05-20 15:02:50.322,1172909778,2426322,2,0.91846,0.04297,0.40112,-1.473,-0.061,0.244
2026-05-20 15:02:50.522,1172909978,2426522,1,0.97559,-0.1521,0.47095,-0.595,1.084,-0.038
2026-05-20 15:02:50.522,1172909978,2426522,2,0.92017,0.0437,0.39648,-1.046,1.0,0.779
2026-05-20 15:02:50.722,1172910178,2426722,1,0.97168,-0.146,0.4646,-0.641,1.061,-0.107
2026-05-20 15:02:50.722,1172910178,2426722,2,0.9104,0.04004,0.39868,0.298,-0.466,1.168
2026-05-20 15:02:51.922,1172911378,2426922,1,1.00488,-0.12354,0.44873,-7.443,14.321,-6.45
2026-05-20 15:02:51.922,1172911378,2426922,2,0.87671,0.02783,0.50122,17.16,-9.092,18.695
2026-05-20 15:02:51.122,1172910578,2427122,1,0.89844,-0.13794,0.59106,-23.794,13.931,-2.511
2026-05-20 15:02:51.122,1172910578,2427122,2,0.95752,0.00244,0.29395,-6.076,-11.931,7.183
2026-05-20 15:02:51.322,1172910778,2427322,1,0.96924,-0.15186,0.54175,10.916,1.855,-0.305
2026-05-20 15:02:51.322,1172910778,2427322,2,0.98242,-0.02051,0.26855,3.0,6.748,1.649
2026-05-20 15:02:51.522,1172910978,2427522,1,0.91455,-0.16772,0.58325,-4.115,1.168,1.252
2026-05-20 15:02:51.522,1172910978,2427522,2,0.9397,-0.00635,0.32715,-3.756,-0.244,-1.748
2026-05-20 15:02:51.722,1172911178,2427722,1,0.91553,-0.1521,0.58276,-2.634,4.649,-1.748
2026-05-20 15:02:51.722,1172911178,2427722,2,0.95532,0.00903,0.31372,-3.458,0.031,0.015
2026-05-20 15:02:52.922,1172912378,2427922,1,0.9043,-0.16479,0.58691,-2.076,2.084,-0.511
2026-05-20 15:02:52.922,1172912378,2427922,2,0.95654,-0.01465,0.3125,-1.977,-0.405,0.527
2026-05-20 15:02:52.122,1172911578,2428122,1,0.92041,-0.15967,0.5896,-0.443,1.16,0.519
2026-05-20 15:02:52.122,1172911578,2428122,2,0.95386,0.00049,0.31763,-1.374,-0.145,0.649
2026-05-20 15:02:52.322,1172911778,2428322,1,0.91895,-0.15234,0.58447,-1.435,-3.947,-0.092
2026-05-20 15:02:52.322,1172911778,2428322,2,0.95801,-0.0022,0.31006,-2.16,0.863,0.725
2026-05-20 15:02:52.522,1172911978,2428522,1,0.91748,-0.16724,0.5896,-0.565,1.756,-0.145
2026-05-20 15:02:52.522,1172911978,2428522,2,0.95825,-0.00342,0.31641,-0.954,1.374,0.55
2026-05-20 15:02:52.722,1172912178,2428722,1,0.91626,-0.16968,0.58105,-0.664,1.55,-0.786
2026-05-20 15:02:52.722,1172912178,2428722,2,0.96094,-0.00635,0.30981,-1.672,-0.137,0.458
2026-05-20 15:02:53.922,1172913378,2428922,1,0.91211,-0.16895,0.59473,-0.45,1.389,-0.198
2026-05-20 15:02:53.922,1172913378,2428922,2,0.95337,0.00513,0.31689,-2.069,0.336,0.473
2026-05-20 15:02:53.122,1172912578,2429122,1,0.91333,-0.17285,0.5896,-0.603,1.443,-0.176
2026-05-20 15:02:53.122,1172912578,2429122,2,0.96118,-0.00244,0.31714,-1.16,0.733,0.649
2026-05-20 15:02:53.322,1172912778,2429322,1,0.9126,-0.16724,0.59766,-0.588,1.321,-0.45
2026-05-20 15:02:53.322,1172912778,2429322,2,0.95923,-0.0022,0.31641,-0.519,1.031,0.992
2026-05-20 15:02:53.522,1172912978,2429522,1,0.9165,-0.16357,0.6084,-2.107,0.847,-1.015
2026-05-20 15:02:53.522,1172912978,2429522,2,0.95093,-0.01147,0.32397,2.718,4.542,2.076
2026-05-20 15:02:53.722,1172913178,2429722,1,0.91479,-0.17285,0.59326,0.351,2.107,-0.985
2026-05-20 15:02:53.722,1172913178,2429722,2,0.95947,-0.01221,0.32446,0.504,0.611,0.435
2026-05-20 15:02:54.922,1172914378,2429922,1,0.91577,-0.17261,0.58545,0.405,1.916,-0.244
2026-05-20 15:02:54.922,1172914378,2429922,2,0.95605,-0.00171,0.32153,-0.366,0.58,0.947
2026-05-20 15:02:54.174,1172913630,2430174,1,0.91113,-0.17798,0.58618,0.008,1.664,
2026-05-20 15:02:54.174,1172913630,2430174,2,0.95581,-0.00586,0.32031,-1.45,,0.366
2026-05-20 15:02:54.374,1172913830,2430374,1,0.91016,-0.17041,0.59644,-1.137,0.969,-0.176
2026-05-20 15:02:54.374,1172913830,2430374,2,0.96045,-0.00513,0.32251,-2.244,0.046,0.511
2026-05-20 15:02:54.574,1172914030,2430574,1,0.92188,-0.17188,0.59058,-0.817,1.313,-0.206
2026-05-20 15:02:54.574,1172914030,2430574,2,0.95142,-0.00049,0.31787,-1.992,0.336,0.42
2026-05-20 15:02:55.774,1172915230,2430774,1,0.90674,-0.16724,0.59692,-0.519,1.42,-0.321
2026-05-20 15:02:55.774,1172915230,2430774,2,0.95776,-0.00708,0.31909,-1.649,0.092,0.351
2026-05-20 15:02:55.974,1172915430,2430974,1,0.90894,-0.16846,0.59937,-0.046,1.45,-0.305
2026-05-20 15:02:55.974,1172915430,2430974,2,0.95166,0.00366,0.31836,-2.443,0.244,0.42
2026-05-20 15:02:55.174,1172914630,2431174,1,0.91528,-0.17188,0.59082,-1.565,1.16,-0.351
2026-05-20 15:02:55.174,1172914630,2431174,2,0.95166,-0.00952,0.31421,-0.595,2.084,0.725
2026-05-20 15:02:55.374,1172914830,2431374,1,0.90747,-0.16968,0.59619,-0.458,1.26,-0.443
2026-05-20 15:02:55.374,1172914830,2431374,2,0.9502,-0.00488,0.32056,-1.603,-1.061,0.298
2026-05-20 15:02:55.574,1172915030,2431574,1,0.91675,-0.17969,0.58789,-0.344,1.305,-0.42
2026-05-20 15:02:55.574,1172915030,2431574,2,0.95459,-0.00464,0.3269,-1.015,0.695,0.588
2026-05-20 15:02:56.774,1172916230,2431774,1,0.9104,-0.1687,0.60303,-0.573,1.275,-0.42
2026-05-20 15:02:56.774,1172916230,2431774,2,0.95557,-0.01123,0.3208,-1.641,0.023,0.336
2026-05-20 15:02:56.974,1172916430,2431974,1,0.90527,-0.17358,0.59546,-0.076,1.695,-0.534
2026-05-20 15:02:56.974,1172916430,2431974,2,0.95264,-0.00562,0.31641,-1.374,0.718,0.588
2026-05-20 15:02:56.174,1172915630,2432174,1,0.91284,-0.16943,0.59473,-0.26,1.71,-0.634
2026-05-20 15:02:56.174,1172915630,2432174,2,0.95728,-0.00537,0.31274,-1.038,0.847,0.252
2026-05-20 15:02:56.374,1172915830,2432374,1,0.90698,-0.16992,0.59888,-0.267,1.603,-0.763
2026-05-20 15:02:56.374,1172915830,2432374,2,0.9668,-0.00415,0.31348,-1.679,-0.427,0.443
2026-05-20 15:02:56.574,1172916030,2432574,1,0.91016,-0.17065,0.59766,-0.626,1.015,-0.137
2026-05-20 15:02:56.574,1172916030,2432574,2,0.95483,0.00244,0.31592,0.092,1.405,1.198
2026-05-20 15:02:57.774,1172917230,2432774,1,0.91431,-0.1731,0.59644,-0.061,1.42,-0.305
2026-05-20 15:02:57.774,1172917230,2432774,2,0.95142,-0.00439,0.31714,0.466,1.061,0.809
2026-05-20 15:02:57.974,1172917430,2432974,1,0.91455,-0.16919,0.59302,-0.183,1.405,-0.099
2026-05-20 15:02:57.974,1172917430,2432974,2,0.95288,0.00366,0.32422,0.481,1.206,0.656
2026-05-20 15:02:57.174,1172916630,2433174,1,0.90405,-0.17163,0.59546,0.939,1.282,-0.115
2026-05-20 15:02:57.174,1172916630,2433174,2,0.95142,-0.00684,0.32129,-0.863,-1.137,0.298
2026-05-20 15:02:57.374,1172916830,2433374,1,0.90601,-0.16748,0.60181,0.031,3.061,-0.206
2026-05-20 15:02:57.374,1172916830,2433374,2,0.96338,0.00049,0.3103,-0.489,1.252,0.649
2026-05-20 15:03:00.921,1172920377,2435921,1,0.87891,-0.17212,0.64722,-0.763,1.511,-0.313
2026-05-20 15:03:00.921,1172920377,2435921,2,0.95703,0.01123,0.27271,-2.298,4.13,0.748
2026-05-20 15:03:00.121,1172919577,2436121,1,0.91504,-0.17065,0.63721,-1.802,-17.084,-7.145
2026-05-20 15:03:00.121,1172919577,2436121,2,0.95044,0.01587,0.25195,-16.58,13.397,-5.061
2026-05-20 15:03:00.321,1172919777,2436321,1,0.93262,-0.19971,0.54102,0.573,-33.977,-4.206
2026-05-20 15:03:00.321,1172919777,2436321,2,0.87061,-0.00244,0.35693,-5.748,28.71,-11.939
2026-05-20 15:03:00.521,1172919977,2436521,1,1.00244,-0.14819,0.48877,5.74,-12.664,11.13
2026-05-20 15:03:00.521,1172919977,2436521,2,0.82764,0.02588,0.56836,2.542,4.328,0.664
2026-05-20 15:03:00.721,1172920177,2436721,1,0.97925,-0.15259,0.43896,-4.924,6.122,-3.427
2026-05-20 15:03:00.721,1172920177,2436721,2,0.87134,0.03027,0.47656,-1.969,-8.908,-1.031
2026-05-20 15:03:01.921,1172921377,2436921,1,0.97095,-0.13135,0.4231,-2.466,5.748,-3.733
2026-05-20 15:03:01.921,1172921377,2436921,2,0.89575,0.0293,0.42993,-2.366,-5.405,0.679
2026-05-20 15:03:01.121,1172920577,2437121,1,0.99048,-0.12524,0.44043,-0.565,0.107,0.092
2026-05-20 15:03:01.121,1172920577,2437121,2,0.90454,0.03125,0.43335,-2.435,-0.847,0.489
2026-05-20 15:03:01.321,1172920777,2437321,1,0.99268,-0.13501,0.43262,-0.298,2.16,-0.061
2026-05-20 15:03:01.321,1172920777,2437321,2,0.90649,0.02466,0.42065,-1.565,0.321,0.664
2026-05-20 15:03:01.521,1172920977,2437521,1,0.98853,-0.14429,0.4436,-0.153,2.183,0.137
2026-05-20 15:03:01.521,1172920977,2437521,2,0.90063,0.02246,0.4375,-1.595,0.725,0.863
2026-05-20 15:03:01.721,1172921177,2437721,1,0.9834,-0.13843,0.44604,-0.046,1.687,
2026-05-20 15:03:01.721,1172921177,2437721,2,0.90991,0.0271,0.43433,-1.16,0.305,0.015
2026-05-20 15:03:02.921,1172922377,2437921,1,0.98755,-0.1377,0.44604,-0.718,0.916,-0.153
2026-05-20 15:03:02.921,1172922377,2437921,2,0.9021,0.02832,0.43457,-1.206,0.626,0.473
2026-05-20 15:03:02.121,1172921577,2438121,1,0.99658,-0.13892,0.44751,0.168,1.511,-0.435
2026-05-20 15:03:02.121,1172921577,2438121,2,0.9126,0.03003,0.43433,-0.947,0.733,0.695
2026-05-20 15:03:02.321,1172921777,2438321,1,0.99097,-0.14233,0.44556,-0.634,1.122,-0.061
2026-05-20 15:03:02.321,1172921777,2438321,2,0.89893,0.03003,0.43359,0.344,2.405,0.771
2026-05-20 15:03:02.521,1172921977,2438521,1,0.9895,-0.13696,0.44067,0.145,1.87,-0.16
2026-05-20 15:03:02.521,1172921977,2438521,2,0.89355,0.03296,0.44165,-0.168,1.679,1.176
2026-05-20 15:03:02.721,1172922177,2438721,1,0.99072,-0.14282,0.43408,-1.046,0.351,-0.748
2026-05-20 15:03:02.721,1172922177,2438721,2,0.89209,0.02515,0.44604,-0.718,2.901,1.824
2026-05-20 15:03:03.921,1172923377,2438921,1,0.98999,-0.14063,0.43872,-0.183,1.321,-0.092
2026-05-20 15:03:03.921,1172923377,2438921,2,0.88965,0.02563,0.45776,-0.824,0.466,0.588
2026-05-20 15:03:03.121,1172922577,2439121,1,0.98828,-0.13623,0.44336,-0.786,1.443,-0.534
2026-05-20 15:03:03.121,1172922577,2439121,2,0.8916,0.02686,0.45435,-1.405,0.908,0.466
2026-05-20 15:03:03.321,1172922777,2439321,1,0.98413,-0.14478,0.4397,-0.557,1.817,0.069
2026-05-20 15:03:03.321,1172922777,2439321,2,0.88574,0.02197,0.45166,-1.542,0.313,0.374
2026-05-20 15:03:03.521,1172922977,2439521,1,0.98218,-0.13623,0.43604,-0.695,1.809,0.092
2026-05-20 15:03:03.521,1172922977,2439521,2,0.89258,0.02783,0.44604,-1.282,-0.183,1.145
2026-05-20 15:03:03.721,1172923177,2439721,1,0.98511,-0.14673,0.45239,-0.168,1.702,0.008
2026-05-20 15:03:03.721,1172923177,2439721,2,0.88989,0.02002,0.44971,-1.496,0.13,1.076
2026-05-20 15:03:04.921,1172924377,2439921,1,0.99023,-0.15039,0.45166,-0.924,1.87,-0.176
2026-05-20 15:03:04.921,1172924377,2439921,2,0.89355,0.01758,0.44995,-1.473,0.672,0.969
2026-05-20 15:03:04.121,1172923577,2440121,1,0.98071,-0.14966,0.45972,-0.443,1.779,-0.206
2026-05-20 15:03:04.121,1172923577,2440121,2,0.89453,0.01611,0.44556,-1.191,-0.069,0.504
2026-05-20 15:03:04.321,1172923777,2440321,1,0.98169,-0.15112,0.45166,-0.443,1.344,-0.74
2026-05-20 15:03:04.321,1172923777,2440321,2,0.89795,0.02295,0.44067,-1.458,0.473,0.42
2026-05-20 15:03:04.521,1172923977,2440521,1,0.98267,-0.14209,0.44385,-0.29,1.214,-0.092
2026-05-20 15:03:04.521,1172923977,2440521,2,0.89429,0.02637,0.43262,-0.916,0.427,0.382
2026-05-20 15:03:04.721,1172924177,2440721,1,0.98608,-0.14087,0.45044,-0.687,1.511,-0.687
2026-05-20 15:03:04.721,1172924177,2440721,2,0.90234,0.02295,0.44312,-1.29,0.015,0.443
2026-05-20 15:03:05.921,1172925377,2440921,1,0.98779,-0.14404,0.46021,-0.069,1.015,0.053
2026-05-20 15:03:05.921,1172925377,2440921,2,0.89429,0.02271,0.44653,-1.229,0.557,0.626
2026-05-20 15:03:05.121,1172924577,2441121,1,0.98682,-0.14209,0.4563,-0.13,1.626,-0.176
2026-05-20 15:03:05.121,1172924577,2441121,2,0.89502,0.01904,0.4397,-1.13,-0.053,0.603
2026-05-20 15:03:05.321,1172924777,2441321,1,0.98413,-0.14233,0.46167,-0.351,1.244,-0.443
2026-05-20 15:03:05.321,1172924777,2441321,2,0.90308,0.01953,0.44263,-1.321,-0.16,0.496
2026-05-20 15:03:05.521,1172924977,2441521,1,0.9856,-0.13892,0.45801,-0.191,1.214,-0.489
2026-05-20 15:03:05.521,1172924977,2441521,2,0.89697,0.02173,0.43945,-1.221,0.313,0.534
2026-05-20 15:03:05.721,1172925177,2441721,1,0.98193,-0.14185,0.45288,-0.29,1.366,-0.366
2026-05-20 15:03:05.721,1172925177,2441721,2,0.89185,0.021,0.43921,-1.031,0.855,0.794
2026-05-20 15:03:06.921,1172926377,2441921,1,0.98389,-0.1355,0.45898,0.046,1.099,-0.511
2026-05-20 15:03:06.921,1172926377,2441921,2,0.89307,0.01758,0.44922,-0.55,1.519,0.473
2026-05-20 15:03:06.121,1172925577,2442121,1,0.97803,-0.14185,0.46655,-0.13,1.13,-0.489
2026-05-20 15:03:06.121,1172925577,2442121,2,0.89233,0.01953,0.44897,-0.71,0.985,0.603
2026-05-20 15:03:06.321,1172925777,2442321,1,0.98315,-0.14185,0.45264,-0.458,1.649,-0.252
2026-05-20 15:03:06.321,1172925777,2442321,2,0.8938,0.01807,0.43872,-0.802,0.977,0.824
2026-05-20 15:03:06.521,1172925977,2442521,1,0.97754,-0.14795,0.45483,-0.221,1.504,-0.344
2026-05-20 15:03:06.521,1172925977,2442521,2,0.88721,0.02979,0.4397,-1.023,0.855,0.725
2026-05-20 15:03:06.721,1172926177,2442721,1,0.98364,-0.13892,0.45898,-0.519,1.29,-0.626
2026-05-20 15:03:06.721,1172926177,2442721,2,0.89307,0.02368,0.44775,-2.359,-0.565,0.168
2026-05-20 15:03:07.921,1172927377,2442921,1,0.97412,-0.14746,0.4585,-0.817,1.42,-0.466
2026-05-20 15:03:07.921,1172927377,2442921,2,0.89868,0.02441,0.44287,-1.084,-1.641,0.489
2026-05-20 15:03:07.121,1172926577,2443121,1,0.98047,-0.14111,0.4519,-0.405,1.107,-0.16
2026-05-20 15:03:07.121,1172926577,2443121,2,0.89844,0.02002,0.43359,-1.45,-0.008,0.618
2026-05-20 15:03:07.321,1172926777,2443321,1,0.98022,-0.13379,0.46753,-0.405,1.534,-0.282
2026-05-20 15:03:07.321,1172926777,2443321,2,0.89966,0.01953,0.43286,-1.779,-0.275,0.466
2026-05-20 15:03:07.521,1172926977,2443521,1,0.98047,-0.14355,0.45947,-0.496,1.397,-0.496
2026-05-20 15:03:07.521,1172926977,2443521,2,0.90186,0.01782,0.42725,-1.237,0.382,0.542
2026-05-20 15:03:07.721,1172927177,2443721,1,0.97827,-0.14136,0.46045,-0.55,1.374,-0.191
2026-05-20 15:03:07.721,1172927177,2443721,2,0.89868,0.02173,0.43506,-1.519,0.252,0.366
2026-05-20 15:03:08.921,1172928377,2443921,1,0.97754,-0.14185,0.45532,-0.504,1.328,-0.405
2026-05-20 15:03:08.921,1172928377,2443921,2,0.89771,0.01538,0.44409,-1.183,0.29,0.405
2026-05-20 15:03:08.121,1172927577,2444121,1,0.97681,-0.14355,0.46216,-0.176,1.763,-0.504
2026-05-20 15:03:08.121,1172927577,2444121,2,0.89429,0.02271,0.43262,-1.55,-0.634,0.74
2026-05-20 15:03:08.321,1172927777,2444321,1,0.97876,-0.14453,0.46265,-0.321,1.511,-0.427
2026-05-20 15:03:08.321,1172927777,2444321,2,0.90479,0.02515,0.43286,-0.992,1.046,0.473
2026-05-20 15:03:08.521,1172927977,2444521,1,0.979,-0.14722,0.46045,-0.435,1.229,-0.153
2026-05-20 15:03:08.521,1172927977,2444521,2,0.90112,0.02295,0.4375,-0.725,1.191,0.832
2026-05-20 15:03:08.721,1172928177,2444721,1,0.97754,-0.14111,0.47852,0.084,1.328,-0.137
2026-05-20 15:03:08.721,1172928177,2444721,2,0.90112,0.02148,0.4397,-0.71,0.931,0.855
2026-05-20 15:03:09.921,1172929377,2444921,1,0.98145,-0.14063,0.46582,0.008,1.832,-0.122
2026-05-20 15:03:09.921,1172929377,2444921,2,0.9021,0.02148,0.44287,-0.809,1.496,1.0
2026-05-20 15:03:09.121,1172928577,2445121,1,0.97241,-0.14526,0.46729,-0.42,1.313,-0.221
2026-05-20 15:03:09.121,1172928577,2445121,2,0.88745,0.02173,0.44458,-1.359,0.305,0.664
2026-05-20 15:03:09.321,1172928777,2445321,1,0.97754,-0.14893,0.46362,-0.687,1.595,-0.481
2026-05-20 15:03:09.321,1172928777,2445321,2,0.88867,0.02539,0.44141,-1.718,-0.542,0.366
2026-05-20 15:03:09.521,1172928977,2445521,1,0.98315,-0.13696,0.45752,-0.473,1.206,-0.26
2026-05-20 15:03:09.521,1172928977,2445521,2,0.89771,0.02075,0.43188,-2.023,-0.817,0.809
2026-05-20 15:03:09.721,1172929177,2445721,1,0.97534,-0.14697,0.46606,-0.405,1.427,-0.214
2026-05-20 15:03:09.721,1172929177,2445721,2,0.8938,0.02026,0.44141,-1.305,-0.145,0.893
2026-05-20 15:03:10.921,1172930377,2445921,1,0.97266,-0.14795,0.46558,-0.511,1.519,-0.405
2026-05-20 15:03:10.921,1172930377,2445921,2,0.90308,0.01685,0.42993,-1.298,-0.198,0.641
2026-05-20 15:03:10.121,1172929577,2446121,1,0.9751,-0.14648,0.47314,-0.443,1.779,-0.382
2026-05-20 15:03:10.121,1172929577,2446121,2,0.90405,0.02051,0.4375,-0.26,-1.252,0.588
2026-05-20 15:03:10.321,1172929777,2446321,1,0.99658,-0.13745,0.448,-9.137,8.382,-6.099
2026-05-20 15:03:10.321,1172929777,2446321,2,0.88477,-0.01611,0.5437,13.305,-32.908,2.443
2026-05-20 15:03:10.521,1172929977,2446521,1,0.8606,-0.13232,0.60376,-17.221,23.16,-1.115
2026-05-20 15:03:10.521,1172929977,2446521,2,1.01147,0.07178,0.38672,-27.321,-54.038,-3.046
2026-05-20 15:03:10.721,1172930177,2446721,1,0.94287,-0.17334,0.61108,1.817,5.214,-2.573
2026-05-20 15:03:10.721,1172930177,2446721,2,1.00586,-0.01172,0.21094,0.763,-6.649,-1.786
2026-05-20 15:03:11.951,1172931407,2446951,1,0.9126,-0.14771,0.59106,-2.718,1.282,1.13
2026-05-20 15:03:11.951,1172931407,2446951,2,0.95972,,0.31836,0.084,3.901,-1.244
2026-05-20 15:03:11.151,1172930607,2447151,1,0.89868,-0.15405,0.61768,-0.115,4.153,-0.435
2026-05-20 15:03:11.151,1172930607,2447151,2,0.95923,0.0127,0.3186,-2.725,-0.115,0.435
2026-05-20 15:03:14.312,1172933768,2450312,1,0.90308,-0.16772,0.60474,-0.672,0.954,-0.481
2026-05-20 15:03:14.312,1172933768,2450312,2,0.96899,0.0083,0.31445,-2.359,0.794,0.427
2026-05-20 15:03:14.512,1172933968,2450512,1,0.90796,-0.17896,0.61011,-0.878,1.26,-0.282
2026-05-20 15:03:14.512,1172933968,2450512,2,0.96313,0.00439,0.31128,-2.153,-0.191,0.359
2026-05-20 15:03:14.712,1172934168,2450712,1,0.90601,-0.16675,0.61182,-0.214,1.176,-0.519
2026-05-20 15:03:14.712,1172934168,2450712,2,0.96167,0.00781,0.30762,-1.855,-0.176,0.366
2026-05-20 15:03:15.912,1172935368,2450912,1,0.90381,-0.16284,0.60107,-0.626,1.435,-0.649
2026-05-20 15:03:15.912,1172935368,2450912,2,0.95825,0.00562,0.30103,-1.214,0.29,0.336
2026-05-20 15:03:18.855,1172938311,2453855,1,0.89917,-0.1626,0.60352,-0.481,1.206,-0.321
2026-05-20 15:03:18.855,1172938311,2453855,2,0.95996,0.00732,0.31226,-1.344,0.504,0.473
2026-05-20 15:03:18.055,1172937511,2454055,1,0.90918,-0.1687,0.6084,0.023,1.397,-0.405
2026-05-20 15:03:18.055,1172937511,2454055,2,0.96143,0.01147,0.30396,-1.565,0.435,0.656
2026-05-20 15:03:18.255,1172937711,2454255,1,0.90576,-0.15918,0.60962,-0.519,1.046,-0.618
2026-05-20 15:03:18.255,1172937711,2454255,2,0.88403,0.01416,0.48804,2.618,15.809,-5.099
2026-05-20 15:03:21.904,1172941360,2456904,1,0.97021,-0.12476,0.49292,4.069,-14.214,0.351
2026-05-20 15:03:21.904,1172941360,2456904,2,0.8877,0.01758,0.49097,6.611,30.351,5.191
2026-05-20 15:03:21.104,1172940560,2457104,1,0.96484,-0.13745,0.51392,2.374,3.695,-0.015
2026-05-20 15:03:21.104,1172940560,2457104,2,0.88623,0.01392,0.46021,0.634,-0.725,1.908
2026-05-20 15:03:21.304,1172940760,2457304,1,0.9585,-0.146,0.49731,1.977,0.511,1.183
2026-05-20 15:03:21.304,1172940760,2457304,2,0.89404,0.01855,0.45068,-1.031,-1.695,0.863
2026-05-20 15:03:21.504,1172940960,2457504,1,0.96802,-0.14819,0.49341,0.26,-0.076,0.198
2026-05-20 15:03:21.504,1172940960,2457504,2,0.89746,0.02368,0.44971,-1.145,1.191,0.588
2026-05-20 15:03:21.704,1172941160,2457704,1,0.96558,-0.16919,0.50903,-2.214,-2.695,-3.534
2026-05-20 15:03:21.704,1172941160,2457704,2,0.89355,0.01782,0.43506,4.29,-7.336,-2.031
2026-05-20 15:03:22.904,1172942360,2457904,1,0.98511,-0.15967,0.44165,7.74,-0.137,-6.298
2026-05-20 15:03:22.904,1172942360,2457904,2,0.89014,0.03564,0.43604,1.191,-2.366,-5.55
2026-05-20 15:03:22.104,1172941560,2458104,1,1.01367,-0.0896,0.46216,7.298,1.634,0.84
2026-05-20 15:03:22.104,1172941560,2458104,2,0.90259,0.07666,0.39624,-0.122,2.817,1.244
2026-05-20 15:03:22.304,1172941760,2458304,1,0.97949,-0.10034,0.46948,-2.26,2.206,-4.679
2026-05-20 15:03:22.304,1172941760,2458304,2,0.89771,0.04712,0.46436,0.023,11.328,1.351
2026-05-20 15:03:22.504,1172941960,2458504,1,0.98047,-0.08594,0.46875,-2.13,1.244,-1.282
2026-05-20 15:03:22.504,1172941960,2458504,2,0.88623,0.07007,0.4646,-4.534,-0.229,0.786
2026-05-20 15:03:22.711,1172942167,2458711,1,0.9812,-0.09277,0.47607,-4.435,1.87,-3.107
2026-05-20 15:03:22.711,1172942167,2458711,2,0.8811,0.04932,0.46289,-1.168,2.977,1.092
2026-05-20 15:03:23.911,1172943367,2458911,1,0.98438,-0.09033,0.48169,-2.45,1.008,-3.542
2026-05-20 15:03:23.911,1172943367,2458911,2,0.87573,0.04663,0.46533,0.504,3.954,0.794
2026-05-20 15:03:23.111,1172942567,2459111,1,0.97827,-0.09131,0.47485,-0.397,0.122,0.252
2026-05-20 15:03:23.111,1172942567,2459111,2,0.86255,0.05054,0.47949,0.687,3.26,0.084
2026-05-20 15:03:23.311,1172942767,2459311,1,0.99316,-0.07886,0.46265,-0.916,1.313,1.115
2026-05-20 15:03:23.311,1172942767,2459311,2,0.87915,0.052,0.47925,-1.374,-3.053,1.58
2026-05-20 15:03:23.511,1172942967,2459511,1,0.97803,-0.09521,0.46802,-2.931,1.55,3.626
2026-05-20 15:03:23.511,1172942967,2459511,2,0.87817,0.05249,0.479,-1.702,0.191,4.237
2026-05-20 15:03:23.711,1172943167,2459711,1,0.9729,-0.12305,0.48315,-0.969,2.931,1.962
2026-05-20 15:03:23.711,1172943167,2459711,2,0.86548,0.03882,0.47803,-1.695,-0.137,2.305
2026-05-20 15:03:24.911,1172944367,2459911,1,0.98438,-0.12769,0.47192,0.557,1.779,1.374
2026-05-20 15:03:24.911,1172944367,2459911,2,0.87622,0.03076,0.47412,-1.229,-2.168,1.099
2026-05-20 15:03:24.111,1172943567,2460111,1,0.97949,-0.12915,0.46997,-0.405,0.656,0.275
2026-05-20 15:03:24.111,1172943567,2460111,2,0.87183,0.0459,0.46606,-1.718,-1.038,0.252
2026-05-20 15:03:24.311,1172943767,2460311,1,0.97852,-0.11938,0.46289,-0.489,0.992,-0.206
2026-05-20 15:03:24.311,1172943767,2460311,2,0.88037,0.04004,0.45142,-1.366,-0.328,0.298
2026-05-20 15:03:24.511,1172943967,2460511,1,0.97876,-0.11938,0.47412,-0.855,1.153,-0.672
2026-05-20 15:03:24.511,1172943967,2460511,2,0.88428,0.04932,0.46338,-0.985,0.733,0.366
2026-05-20 15:03:24.711,1172944167,2460711,1,0.97534,-0.12305,0.4751,-0.519,1.412,-0.992
2026-05-20 15:03:24.711,1172944167,2460711,2,0.88257,0.03833,0.45557,-1.58,0.099,-0.275
2026-05-20 15:03:25.911,1172945367,2460911,1,0.97217,-0.12427,0.4751,-0.359,0.893,-0.328
2026-05-20 15:03:25.911,1172945367,2460911,2,0.88672,0.04077,0.46729,-2.076,-0.237,0.214
2026-05-20 15:03:25.111,1172944567,2461111,1,0.97729,-0.11816,0.47095,-0.252,1.573,0.275
2026-05-20 15:03:25.111,1172944567,2461111,2,0.8833,0.04028,0.45264,-1.374,1.374,0.695
2026-05-20 15:03:25.311,1172944767,2461311,1,0.97632,-0.12109,0.47632,-0.504,1.557,-0.573
2026-05-20 15:03:25.311,1172944767,2461311,2,0.8855,0.04565,0.46411,-0.901,0.863,0.718
2026-05-20 15:03:25.511,1172944967,2461511,1,0.97534,-0.11963,0.47266,-0.794,1.893,-1.0
2026-05-20 15:03:25.511,1172944967,2461511,2,0.88794,0.03589,0.46973,-0.893,1.405,0.702
2026-05-20 15:03:25.711,1172945167,2461711,1,0.97046,-0.12183,0.46313,-0.351,0.748,
2026-05-20 15:03:25.711,1172945167,2461711,2,0.88281,0.04443,0.47046,-0.809,2.099,1.031
2026-05-20 15:03:26.911,1172946367,2461911,1,0.97705,-0.12036,0.47583,0.221,1.443,-0.519
2026-05-20 15:03:26.911,1172946367,2461911,2,0.87744,0.04102,0.45996,-0.763,0.985,1.275
2026-05-20 15:03:26.111,1172945567,2462111,1,0.98071,-0.13599,0.46362,-0.282,1.374,-1.153
2026-05-20 15:03:26.111,1172945567,2462111,2,0.87671,0.04761,0.46558,-0.817,,0.053
2026-05-20 15:03:26.311,1172945767,2462311,1,0.98633,-0.09741,0.46802,1.359,3.908,2.489
2026-05-20 15:03:26.311,1172945767,2462311,2,0.86792,0.04663,0.47192,-6.366,-5.282,5.115
2026-05-20 15:03:26.519,1172945975,2462519,1,0.95825,-0.17773,0.47144,-2.466,5.885,5.191
2026-05-20 15:03:26.519,1172945975,2462519,2,0.88599,-0.00464,0.46509,-3.679,0.771,2.443
2026-05-20 15:03:26.719,1172946175,2462719,1,0.97412,-0.13379,0.47754,1.603,1.443,8.038
2026-05-20 15:03:26.719,1172946175,2462719,2,0.8916,0.0332,0.46655,-4.794,-8.336,0.542
2026-05-20 15:03:27.919,1172947375,2462919,1,0.97876,-0.18018,0.4519,-1.137,0.901,4.115
2026-05-20 15:03:27.919,1172947375,2462919,2,0.89526,0.01709,0.44995,-1.336,-8.023,-1.015
2026-05-20 15:03:27.119,1172946575,2463119,1,0.95996,-0.17334,0.48584,2.237,2.794,6.229
2026-05-20 15:03:27.119,1172946575,2463119,2,0.9021,0.04907,0.41382,-2.931,-2.679,-1.0
2026-05-20 15:03:27.319,1172946775,2463319,1,0.95166,-0.18774,0.49121,-1.595,-1.527,0.382
2026-05-20 15:03:27.319,1172946775,2463319,2,0.90674,0.04395,0.4353,-1.809,0.237,0.145
2026-05-20 15:03:27.519,1172946975,2463519,1,0.96167,-0.19629,0.48901,-1.206,1.603,-0.771
2026-05-20 15:03:27.519,1172946975,2463519,2,0.91016,0.02563,0.42236,-1.321,-0.427,0.405
2026-05-20 15:03:27.719,1172947175,2463719,1,0.95898,-0.17749,0.49121,-0.13,1.527,-0.985
2026-05-20 15:03:27.719,1172947175,2463719,2,0.90479,0.03711,0.4231,0.076,2.221,1.237
2026-05-20 15:03:28.919,1172948375,2463919,1,0.96338,-0.18652,0.48315,-0.473,1.641,-0.832
2026-05-20 15:03:28.919,1172948375,2463919,2,0.90649,0.03418,0.4231,-0.45,2.0,1.489
2026-05-20 15:03:28.119,1172947575,2464119,1,0.96509,-0.19019,0.4834,-0.176,0.985,-0.679
2026-05-20 15:03:28.119,1172947575,2464119,2,0.90381,0.03125,0.44531,-0.595,1.725,1.046
2026-05-20 15:03:28.319,1172947775,2464319,1,0.94897,-0.18164,0.48462,-1.588,-0.115,-2.015
2026-05-20 15:03:28.319,1172947775,2464319,2,0.90161,0.03223,0.4353,-1.611,6.13,1.137
2026-05-20 15:03:28.519,1172947975,2464519,1,0.96265,-0.19604,0.48584,-5.916,-3.382,-8.58
2026-05-20 15:03:28.519,1172947975,2464519,2,0.89209,0.02148,0.45728,-1.26,3.153,-2.374
2026-05-20 15:03:28.719,1172948175,2464719,1,0.98511,-0.13965,0.46094,4.931,-4.282,-3.84
2026-05-20 15:03:28.719,1172948175,2464719,2,0.87646,0.04346,0.46875,-0.305,1.366,-0.466
2026-05-20 15:03:29.919,1172949375,2464919,1,0.98926,-0.1543,0.46094,-2.336,3.092,-1.511
2026-05-20 15:03:29.919,1172949375,2464919,2,0.91089,0.03687,0.4397,-1.519,-5.092,1.496
2026-05-20 15:03:29.119,1172948575,2465119,1,0.97778,-0.16357,0.45239,3.191,2.405,2.725
2026-05-20 15:03:29.119,1172948575,2465119,2,0.88916,0.03784,0.45264,0.618,-0.74,0.817
2026-05-20 15:03:29.404,1172948860,2465404,1,0.98682,-0.15527,0.4624,1.58,1.527,0.366
2026-05-20 15:03:29.404,1172948860,2465404,2,0.90039,0.04468,0.4458,-1.763,-0.84,0.16
2026-05-20 15:03:29.604,1172949060,2465604,1,0.98071,-0.15332,0.4646,-0.397,2.183,-0.191
2026-05-20 15:03:29.604,1172949060,2465604,2,0.89648,0.03857,0.43579,-0.74,-0.107,0.634
2026-05-20 15:03:30.804,1172950260,2465804,1,0.98218,-0.15967,0.4707,-0.55,1.557,-3.298
2026-05-20 15:03:30.804,1172950260,2465804,2,0.90405,0.03101,0.44482,7.626,-5.351,1.695
2026-05-20 15:03:30.004,1172949460,2466004,1,0.98071,-0.15015,0.47046,0.779,1.084,1.496
2026-05-20 15:03:30.004,1172949460,2466004,2,0.90503,0.04395,0.44189,-0.802,1.687,0.695
2026-05-20 15:03:30.204,1172949660,2466204,1,0.97876,-0.14771,0.45728,-1.504,0.076,-1.374
2026-05-20 15:03:30.204,1172949660,2466204,2,0.90381,0.03247,0.4397,-1.023,1.534,1.015
2026-05-20 15:03:30.404,1172949860,2466404,1,0.979,-0.15112,0.46899,0.046,1.718,-0.305
2026-05-20 15:03:30.404,1172949860,2466404,2,0.89697,0.03955,0.43237,-2.015,0.573,0.359
2026-05-20 15:03:30.604,1172950060,2466604,1,0.97705,-0.14624,0.46655,-1.389,1.809,-0.389
2026-05-20 15:03:30.604,1172950060,2466604,2,0.88916,0.0354,0.45972,2.137,-3.71,1.313
2026-05-20 15:03:31.804,1172951260,2466804,1,0.93018,-0.12158,0.48364,-8.42,36.244,-0.023
2026-05-20 15:03:31.804,1172951260,2466804,2,0.84375,0.06128,0.34912,29.534,2.885,27.481
2026-05-20 15:03:31.004,1172950460,2467004,1,0.94531,-0.17871,0.61816,-6.473,19.359,-0.359
2026-05-20 15:03:31.004,1172950460,2467004,2,0.99463,-0.00366,0.26074,-1.71,-5.29,0.214
2026-05-20 15:03:31.204,1172950660,2467204,1,0.92871,-0.16211,0.57056,-1.878,2.191,-0.908
2026-05-20 15:03:31.204,1172950660,2467204,2,0.96484,0.00195,0.30566,-8.244,-6.916,-0.13
2026-05-20 15:03:31.404,1172950860,2467404,1,0.90918,-0.16016,0.60596,-3.42,2.26,-2.71
2026-05-20 15:03:31.404,1172950860,2467404,2,0.95728,0.01221,0.30835,-6.16,-2.656,-1.16
2026-05-20 15:03:31.604,1172951060,2467604,1,0.89258,-0.14404,0.63501,-1.42,3.649,-2.84
2026-05-20 15:03:31.604,1172951060,2467604,2,0.95728,0.00244,0.29761,-1.504,-1.58,-0.084
2026-05-20 15:03:32.804,1172952260,2467804,1,0.89038,-0.15234,0.62207,-0.87,2.809,0.626
2026-05-20 15:03:32.804,1172952260,2467804,2,0.96924,0.00732,0.30664,-2.0,1.412,0.351
2026-05-20 15:03:32.004,1172951460,2468004,1,0.89063,-0.16113,0.62598,0.061,2.069,-0.405
2026-05-20 15:03:32.004,1172951460,2468004,2,0.94604,0.03052,0.32104,-4.374,-0.55,-0.053
2026-05-20 15:03:34.461,1172953917,2470461,1,0.91064,-0.12939,0.60278,-1.382,1.885,-0.336
2026-05-20 15:03:34.461,1172953917,2470461,2,0.95313,0.03271,0.32471,-1.855,-1.855,0.336
2026-05-20 15:03:34.661,1172954117,2470661,1,0.91821,-0.1355,0.60034,0.053,0.718,0.382
2026-05-20 15:03:34.661,1172954117,2470661,2,0.95459,0.04077,0.32666,0.344,1.55,1.74
2026-05-20 15:03:35.861,1172955317,2470861,1,0.91235,-0.13892,0.60034,0.305,1.802,0.092
2026-05-20 15:03:35.861,1172955317,2470861,2,0.94751,0.03516,0.32935,-0.473,1.069,1.511
2026-05-20 15:03:35.061,1172954517,2471061,1,0.91724,-0.13818,0.59155,-0.145,1.0,0.58
2026-05-20 15:03:35.061,1172954517,2471061,2,0.95801,0.03442,0.31982,-0.267,0.74,1.794
2026-05-20 15:03:35.261,1172954717,2471261,1,0.91699,-0.14014,0.59131,-0.473,1.267,-0.542
2026-05-20 15:03:35.261,1172954717,2471261,2,0.95679,0.02661,0.32593,-0.237,1.267,0.664
2026-05-20 15:03:35.461,1172954917,2471461,1,0.91602,-0.1333,0.59619,-0.084,1.191,0.366
2026-05-20 15:03:35.461,1172954917,2471461,2,0.95142,0.03516,0.32446,-2.366,-0.992,0.351
2026-05-20 15:03:35.661,1172955117,2471661,1,0.90991,-0.14063,0.59766,-0.748,1.71,-0.695
2026-05-20 15:03:35.661,1172955117,2471661,2,0.94971,0.02881,0.33203,-2.489,-0.412,0.771
2026-05-20 15:03:36.861,1172956317,2471861,1,0.91089,-0.14307,0.59619,-0.847,1.275,-0.595
2026-05-20 15:03:36.861,1172956317,2471861,2,0.95239,0.02344,0.31934,-2.16,-0.084,0.435
2026-05-20 15:03:36.061,1172955517,2472061,1,0.90796,-0.14038,0.60278,-0.939,1.496,-0.328
2026-05-20 15:03:36.061,1172955517,2472061,2,0.95508,0.03369,0.31592,-2.534,0.58,0.427
2026-05-20 15:03:36.261,1172955717,2472261,1,0.9104,-0.14258,0.5918,-0.389,1.542,-0.046
2026-05-20 15:03:36.261,1172955717,2472261,2,0.95264,0.02637,0.33276,-1.229,0.16,0.473
2026-05-20 15:03:36.461,1172955917,2472461,1,0.91528,-0.14478,0.58813,-0.618,1.405,-0.626
2026-05-20 15:03:36.461,1172955917,2472461,2,0.95093,0.01611,0.33154,-1.641,0.328,0.473
2026-05-20 15:03:36.661,1172956117,2472661,1,0.90918,-0.14722,0.60889,-0.397,1.191,-0.626
2026-05-20 15:03:36.661,1172956117,2472661,2,0.95483,0.02856,0.32153,-1.153,0.817,0.634
2026-05-20 15:03:37.861,1172957317,2472861,1,0.91382,-0.14063,0.59253,-0.305,1.649,-0.29
2026-05-20 15:03:37.861,1172957317,2472861,2,0.95532,0.0271,0.32324,-1.977,-0.389,0.435
2026-05-20 15:03:37.061,1172956517,2473061,1,0.91602,-0.14307,0.60474,-0.466,1.45,-0.206
2026-05-20 15:03:37.061,1172956517,2473061,2,0.95215,0.02881,0.32471,-1.588,0.58,0.756
2026-05-20 15:03:37.261,1172956717,2473261,1,0.91235,-0.14258,0.59375,-0.229,1.237,-0.099
2026-05-20 15:03:37.261,1172956717,2473261,2,0.948,0.02808,0.32227,-0.718,0.748,0.817
2026-05-20 15:03:37.461,1172956917,2473461,1,0.9165,-0.13745,0.59277,-0.053,1.13,-0.603
2026-05-20 15:03:37.461,1172956917,2473461,2,0.94507,0.02759,0.33081,1.29,1.397,0.779
2026-05-20 15:03:37.661,1172957117,2473661,1,0.90845,-0.14233,0.60645,-0.244,1.237,-0.321
2026-05-20 15:03:37.661,1172957117,2473661,2,0.95264,0.03369,0.3186,0.466,1.076,0.87
2026-05-20 15:03:38.861,1172958317,2473861,1,0.90723,-0.13745,0.59253,-0.527,1.168,-0.458
2026-05-20 15:03:38.861,1172958317,2473861,2,0.95776,0.03223,0.33032,-1.046,0.527,0.733
2026-05-20 15:03:38.061,1172957517,2474061,1,0.91284,-0.13354,0.60278,-0.573,1.42,-0.153
2026-05-20 15:03:38.061,1172957517,2474061,2,0.94727,0.03296,0.33496,-2.282,0.061,0.496
2026-05-20 15:03:38.261,1172957717,2474261,1,0.91431,-0.146,0.59424,-0.771,1.176,-0.779
2026-05-20 15:03:38.261,1172957717,2474261,2,0.95313,0.02466,0.32593,-3.107,-0.863,-0.435
2026-05-20 15:03:38.549,1172958005,2474549,1,0.9165,-0.14209,0.59595,-1.489,1.634,-0.931
2026-05-20 15:03:38.549,1172958005,2474549,2,0.94971,0.03076,0.32788,-2.603,-0.405,0.069
2026-05-20 15:03:39.749,1172959205,2474749,1,0.91724,-0.13794,0.59326,-0.55,1.366,0.527
2026-05-20 15:03:39.749,1172959205,2474749,2,0.95044,0.02661,0.3291,-2.26,0.153,1.176
2026-05-20 15:03:39.949,1172959405,2474949,1,0.90503,-0.14819,0.59302,0.061,1.565,0.511
2026-05-20 15:03:39.949,1172959405,2474949,2,0.95508,0.02271,0.32178,-2.069,-0.412,1.023
2026-05-20 15:03:39.149,1172958605,2475149,1,0.91333,-0.14795,0.59961,-0.26,1.359,0.099
2026-05-20 15:03:39.149,1172958605,2475149,2,0.9502,0.02368,0.32422,-0.977,0.534,0.672
2026-05-20 15:03:39.349,1172958805,2475349,1,0.9082,-0.14624,0.58936,-0.641,1.382,-0.389
2026-05-20 15:03:39.349,1172958805,2475349,2,0.95288,0.02686,0.31738,-1.229,0.779,0.611
2026-05-20 15:03:39.549,1172959005,2475549,1,0.91211,-0.14648,0.59912,-0.351,1.336,-0.328
2026-05-20 15:03:39.549,1172959005,2475549,2,0.95776,0.02222,0.32617,-1.618,-0.023,0.534
2026-05-20 15:03:40.777,1172960233,2475777,1,0.91113,-0.14844,0.59717,-0.16,1.153,-0.405
2026-05-20 15:03:40.777,1172960233,2475777,2,0.95337,0.01929,0.32935,-0.466,1.107,0.824
2026-05-20 15:03:40.977,1172960433,2475977,1,0.91504,-0.14868,0.59326,-0.504,1.359,-0.084
2026-05-20 15:03:40.977,1172960433,2475977,2,0.95679,0.02563,0.32593,,1.321,0.763
2026-05-20 15:03:40.177,1172959633,2476177,1,0.90967,-0.14429,0.60376,-0.443,1.481,-0.298
2026-05-20 15:03:40.177,1172959633,2476177,2,0.9541,0.02563,0.3252,0.382,1.031,1.084
2026-05-20 15:03:40.377,1172959833,2476377,1,0.92188,-0.15771,0.61694,1.977,-2.16,0.122
2026-05-20 15:03:40.377,1172959833,2476377,2,1.00366,0.02466,0.28564,-14.527,-1.992,-6.397
2026-05-20 15:03:40.577,1172960033,2476577,1,0.91943,-0.11499,0.53809,-0.115,-17.863,2.046
2026-05-20 15:03:40.577,1172960033,2476577,2,0.93335,0.04858,0.35229,-10.878,9.954,0.366
2026-05-20 15:03:41.777,1172961233,2476777,1,0.94482,-0.14551,0.50293,-1.351,-12.542,-3.153
2026-05-20 15:03:41.777,1172961233,2476777,2,0.88965,0.01929,0.41602,-4.527,23.321,-0.992
2026-05-20 15:03:41.977,1172961433,2476977,1,0.97095,-0.13257,0.47437,-0.908,-3.473,-1.244
2026-05-20 15:03:41.977,1172961433,2476977,2,0.86279,0.02856,0.49438,-0.214,4.305,1.244
2026-05-20 15:03:41.177,1172960633,2477177,1,0.96313,-0.1333,0.47998,-0.092,4.023,0.008
2026-05-20 15:03:41.177,1172960633,2477177,2,0.91602,0.03052,0.40771,-1.115,-4.473,-1.061
2026-05-20 15:03:41.377,1172960833,2477377,1,0.98218,-0.13501,0.47437,-0.992,0.168,0.137
2026-05-20 15:03:41.377,1172960833,2477377,2,0.90552,0.03857,0.42407,-1.656,1.328,0.458
2026-05-20 15:03:41.577,1172961033,2477577,1,0.97266,-0.13916,0.47681,-0.74,0.702,-0.107
2026-05-20 15:03:41.577,1172961033,2477577,2,0.90869,0.03857,0.4314,-0.885,1.084,0.733
2026-05-20 15:03:42.777,1172962233,2477777,1,0.97241,-0.1377,0.47046,-0.244,1.092,-0.344
2026-05-20 15:03:42.777,1172962233,2477777,2,0.90479,0.03882,0.42261,-1.313,0.252,0.29
2026-05-20 15:03:42.977,1172962433,2477977,1,0.9729,-0.14258,0.47583,-0.16,0.069,-0.046
2026-05-20 15:03:42.977,1172962433,2477977,2,0.90283,0.03491,0.42798,-0.389,0.847,0.847
2026-05-20 15:03:42.177,1172961633,2478177,1,0.9751,-0.14038,0.46606,-0.252,1.466,-0.13
2026-05-20 15:03:42.177,1172961633,2478177,2,0.91016,0.03638,0.42505,-0.763,1.023,1.145
2026-05-20 15:03:42.377,1172961833,2478377,1,0.97852,-0.14917,0.4585,-0.443,1.328,-0.115
2026-05-20 15:03:42.377,1172961833,2478377,2,0.90112,0.03442,0.43994,-0.374,0.847,0.924
2026-05-20 15:03:42.577,1172962033,2478577,1,0.97412,-0.13916,0.46704,-0.267,1.252,-0.389
2026-05-20 15:03:42.577,1172962033,2478577,2,0.90698,0.03613,0.43335,-0.977,1.168,0.397
2026-05-20 15:03:43.777,1172963233,2478777,1,0.97461,-0.14136,0.48193,-1.26,0.092,-2.466
2026-05-20 15:03:43.777,1172963233,2478777,2,0.89648,0.04004,0.4375,-0.45,1.26,0.008
2026-05-20 15:03:43.977,1172963433,2478977,1,0.97192,-0.1377,0.47485,-1.084,1.458,-0.336
2026-05-20 15:03:43.977,1172963433,2478977,2,0.90698,0.04541,0.43506,-1.542,0.168,-0.252
2026-05-20 15:03:43.177,1172962633,2479177,1,0.97925,-0.14429,0.45874,-0.954,1.229,-0.71
2026-05-20 15:03:43.177,1172962633,2479177,2,0.89624,0.04102,0.42944,-1.687,0.603,0.313
2026-05-20 15:03:43.377,1172962833,2479377,1,0.97583,-0.1333,0.46265,-0.748,1.557,0.214
2026-05-20 15:03:43.377,1172962833,2479377,2,0.90088,0.0437,0.43652,-2.015,0.145,0.771
2026-05-20 15:03:43.681,1172963137,2479681,1,0.97144,-0.14722,0.46704,-0.26,1.878,0.107
2026-05-20 15:03:43.681,1172963137,2479681,2,0.89966,0.03564,0.42725,-1.55,-0.855,0.771
2026-05-20 15:03:44.881,1172964337,2479881,1,0.97607,-0.14233,0.46899,-0.351,1.504,-0.198
2026-05-20 15:03:44.881,1172964337,2479881,2,0.90088,0.03467,0.43701,-1.725,-0.13,0.374
2026-05-20 15:03:44.081,1172963537,2480081,1,0.9729,-0.14502,0.4707,-0.275,1.122,-0.603
2026-05-20 15:03:44.081,1172963537,2480081,2,0.90137,0.03662,0.43408,-1.641,0.634,0.618
2026-05-20 15:03:44.281,1172963737,2480281,1,0.97192,-0.13916,0.46851,-0.412,0.519,-0.244
2026-05-20 15:03:44.281,1172963737,2480281,2,0.89478,0.03955,0.43066,-1.511,0.74,0.397
2026-05-20 15:03:44.481,1172963937,2480481,1,0.97827,-0.14355,0.46606,-0.962,1.542,-0.336
2026-05-20 15:03:44.481,1172963937,2480481,2,0.90039,0.04248,0.42676,-1.626,0.542,0.496
2026-05-20 15:03:44.681,1172964137,2480681,1,0.98169,-0.14038,0.45801,0.603,1.137,-0.198
2026-05-20 15:03:44.681,1172964137,2480681,2,0.90039,0.03906,0.43213,-0.267,1.366,0.618
2026-05-20 15:03:45.881,1172965337,2480881,1,0.979,-0.1394,0.46948,-0.168,1.053,-0.588
2026-05-20 15:03:45.881,1172965337,2480881,2,0.90454,0.04004,0.43726,-0.893,1.137,0.71
2026-05-20 15:03:45.081,1172964537,2481081,1,0.98047,-0.13721,0.46606,-0.038,1.076,-0.16
2026-05-20 15:03:45.081,1172964537,2481081,2,0.89868,0.04028,0.43506,-1.13,-0.16,0.382
2026-05-20 15:03:45.281,1172964737,2481281,1,0.9812,-0.13623,0.47363,0.42,1.534,0.427
2026-05-20 15:03:45.281,1172964737,2481281,2,0.89819,0.04712,0.43359,0.076,0.687,0.87
2026-05-20 15:03:47.726,1172967182,2483726,1,0.97583,-0.14063,0.46826,-0.053,1.122,-0.107
2026-05-20 15:03:47.726,1172967182,2483726,2,0.89697,0.04395,0.42236,-1.427,0.176,0.687
2026-05-20 15:03:48.926,1172968382,2483926,1,0.97314,-0.146,0.47266,-0.198,1.275,-0.321
2026-05-20 15:03:48.926,1172968382,2483926,2,0.89844,0.03833,0.43701,-1.053,0.16,0.481
2026-05-20 15:03:48.126,1172967582,2484126,1,0.98169,-0.14038,0.46411,-0.588,1.527,-0.336
2026-05-20 15:03:48.126,1172967582,2484126,2,0.89893,0.04102,0.43018,-1.832,-0.527,0.351
2026-05-20 15:03:48.326,1172967782,2484326,1,0.97998,-0.1394,0.47192,-0.756,1.466,-0.046
2026-05-20 15:03:48.326,1172967782,2484326,2,0.90234,0.04224,0.42822,-1.656,-0.733,0.412
2026-05-20 15:03:48.526,1172967982,2484526,1,0.97583,-0.14624,0.46753,-0.534,1.16,-0.191
2026-05-20 15:03:48.526,1172967982,2484526,2,0.90332,0.03467,0.44019,-1.397,-0.366,0.534
2026-05-20 15:03:48.726,1172968182,2484726,1,0.97754,-0.14819,0.47461,-0.664,1.435,-0.359
2026-05-20 15:03:48.726,1172968182,2484726,2,0.90063,0.03857,0.42773,-1.351,0.412,0.473
2026-05-20 15:03:49.926,1172969382,2484926,1,0.97607,-0.15137,0.47485,-0.527,1.695,-0.267
2026-05-20 15:03:49.926,1172969382,2484926,2,0.90454,0.03857,0.42798,-1.382,-0.191,0.458
2026-05-20 15:03:49.126,1172968582,2485126,1,0.9729,-0.15112,0.47412,-0.45,1.305,-0.26
2026-05-20 15:03:49.126,1172968582,2485126,2,0.9043,0.03833,0.4248,-1.115,-0.145,0.565
2026-05-20 15:03:49.346,1172968802,2485346,1,0.97876,-0.14722,0.47681,-0.573,1.496,-0.481
2026-05-20 15:03:49.346,1172968802,2485346,2,0.90601,0.03955,0.41797,-1.053,0.618,0.725
2026-05-20 15:03:49.546,1172969002,2485546,1,0.979,-0.15063,0.4729,-0.282,1.13,-0.26
2026-05-20 15:03:49.546,1172969002,2485546,2,0.9043,0.03906,0.4248,-0.557,1.954,0.893
2026-05-20 15:03:50.746,1172970202,2485746,1,0.97388,-0.14258,0.46948,-0.183,0.786,-0.267
2026-05-20 15:03:50.746,1172970202,2485746,2,0.90039,0.04614,0.42969,-0.71,1.641,0.763
2026-05-20 15:03:50.946,1172970402,2485946,1,0.97559,-0.14722,0.47656,-0.321,1.115,-0.275
2026-05-20 15:03:50.946,1172970402,2485946,2,0.90674,0.04199,0.42944,-1.053,1.115,1.046
2026-05-20 15:03:50.146,1172969602,2486146,1,0.97241,-0.14282,0.48901,-0.473,1.87,-0.252
2026-05-20 15:03:50.146,1172969602,2486146,2,0.90186,0.04419,0.44287,-0.725,-2.183,0.748
2026-05-20 15:03:50.346,1172969802,2486346,1,0.97803,-0.14844,0.47925,-0.153,2.527,-1.924
2026-05-20 15:03:50.346,1172969802,2486346,2,0.90601,0.03979,0.43457,-0.176,-8.985,0.221
2026-05-20 15:03:50.546,1172970002,2486546,1,0.92432,-0.13062,0.48462,-4.763,15.13,-2.351
2026-05-20 15:03:50.546,1172970002,2486546,2,0.87939,0.0188,0.38208,15.366,8.107,15.267
2026-05-20 15:03:51.746,1172971202,2486746,1,0.96143,-0.13379,0.54712,-10.573,15.137,-0.885
2026-05-20 15:03:51.746,1172971202,2486746,2,0.93848,0.02734,0.29541,-5.107,-11.504,5.664
2026-05-20 15:03:51.946,1172971402,2486946,1,0.94385,-0.14038,0.57495,-0.229,9.977,-1.527
2026-05-20 15:03:51.946,1172971402,2486946,2,0.99268,0.00391,0.25513,-2.931,-8.298,-1.076
2026-05-20 15:03:51.146,1172970602,2487146,1,0.9353,-0.15039,0.57568,-2.351,2.412,1.313
2026-05-20 15:03:51.146,1172970602,2487146,2,0.96338,0.02612,0.28882,-1.756,4.198,-0.183
2026-05-20 15:03:51.346,1172970802,2487346,1,0.91699,-0.15039,0.59131,-0.359,1.374,-0.351
2026-05-20 15:03:51.346,1172970802,2487346,2,0.95947,0.02319,0.28784,-2.115,-0.13,0.718
2026-05-20 15:03:51.546,1172971002,2487546,1,0.92188,-0.16064,0.58496,0.13,1.802,-0.145
2026-05-20 15:03:51.546,1172971002,2487546,2,0.96875,0.01685,0.28271,0.74,0.939,1.557
2026-05-20 15:03:52.746,1172972202,2487746,1,0.91797,-0.15991,0.57715,-0.672,1.313,0.046
2026-05-20 15:03:52.746,1172972202,2487746,2,0.96582,0.02173,0.29077,0.573,1.084,0.947
2026-05-20 15:03:52.946,1172972402,2487946,1,0.91187,-0.15552,0.58496,-0.481,1.565,-0.305
2026-05-20 15:03:52.946,1172972402,2487946,2,0.96899,0.02002,0.2959,0.26,1.0,0.771
2026-05-20 15:03:52.146,1172971602,2488146,1,0.91479,-0.15088,0.58398,0.038,1.427,-0.527
2026-05-20 15:03:52.146,1172971602,2488146,2,0.96094,0.02051,0.30347,0.458,1.168,0.565
2026-05-20 15:03:52.346,1172971802,2488346,1,0.91797,-0.15479,0.58618,-0.458,1.664,0.107
2026-05-20 15:03:52.346,1172971802,2488346,2,0.96606,0.02783,0.29785,-1.962,0.061,0.695
2026-05-20 15:03:52.546,1172972002,2488546,1,0.9126,-0.15234,0.58252,-0.527,1.573,-0.244
2026-05-20 15:03:52.546,1172972002,2488546,2,0.96631,0.02246,0.30078,-1.099,0.519,0.603
2026-05-20 15:03:53.746,1172973202,2488746,1,0.91602,-0.15674,0.58154,-0.969,1.214,-0.115
2026-05-20 15:03:53.746,1172973202,2488746,2,0.96558,0.01807,0.29712,-2.313,-0.573,0.344
2026-05-20 15:03:53.946,1172973402,2488946,1,0.91187,-0.16089,0.58398,-0.481,1.534,-0.511
2026-05-20 15:03:53.946,1172973402,2488946,2,0.96362,0.01611,0.28833,-2.046,,0.397
2026-05-20 15:03:53.146,1172972602,2489146,1,0.91724,-0.1626,0.57593,-0.855,1.481,-0.267
2026-05-20 15:03:53.146,1172972602,2489146,2,0.96997,0.02441,0.29395,-2.176,0.42,0.198
2026-05-20 15:03:53.346,1172972802,2489346,1,0.91577,-0.15576,0.58789,-0.145,1.534,-0.076
2026-05-20 15:03:53.346,1172972802,2489346,2,0.96851,0.0127,0.29492,-1.832,0.206,0.634
2026-05-20 15:03:53.546,1172973002,2489546,1,0.91748,-0.15527,0.59375,-0.42,1.618,-0.267
2026-05-20 15:03:53.546,1172973002,2489546,2,0.97119,0.01172,0.28174,-1.725,0.206,0.588
2026-05-20 15:03:54.746,1172974202,2489746,1,0.91064,-0.16626,0.59351,-0.595,1.84,0.031
2026-05-20 15:03:54.746,1172974202,2489746,2,0.96118,0.0166,0.29639,-2.496,0.237,0.45
2026-05-20 15:03:54.946,1172974402,2489946,1,0.91699,-0.16016,0.58374,-0.351,1.511,-0.229
2026-05-20 15:03:54.946,1172974402,2489946,2,0.96533,0.01855,0.28906,-1.191,0.435,0.87
2026-05-20 15:03:54.146,1172973602,2490146,1,0.91553,-0.16016,0.59448,-0.71,1.214,-0.618
2026-05-20 15:03:54.146,1172973602,2490146,2,0.96533,0.01294,0.28418,-0.099,0.901,0.702
2026-05-20 15:03:54.346,1172973802,2490346,1,0.90918,-0.15771,0.58667,0.191,1.45,-0.573
2026-05-20 15:03:54.346,1172973802,2490346,2,0.96484,0.01343,0.29077,0.954,1.458,0.534
2026-05-20 15:03:54.546,1172974002,2490546,1,0.91064,-0.16284,0.58472,-0.29,1.206,-0.427
2026-05-20 15:03:54.546,1172974002,2490546,2,0.96484,0.01563,0.30322,-0.084,0.87,0.656
2026-05-20 15:03:55.746,1172975202,2490746,1,0.91626,-0.15894,0.5957,-0.191,1.527,-0.099
2026-05-20 15:03:55.746,1172975202,2490746,2,0.95801,0.01636,0.29736,-0.695,0.87,0.771
2026-05-20 15:03:55.946,1172975402,2490946,1,0.91479,-0.15845,0.58667,-0.824,1.565,-0.298
2026-05-20 15:03:55.946,1172975402,2490946,2,0.95728,0.01538,0.29639,-2.366,-0.023,0.511
2026-05-20 15:03:55.146,1172974602,2491146,1,0.91089,-0.15942,0.58521,-0.519,1.221,-0.313
2026-05-20 15:03:55.146,1172974602,2491146,2,0.96802,0.01318,0.29932,-2.878,-0.29,0.336
2026-05-20 15:03:55.346,1172974802,2491346,1,0.91431,-0.16138,0.59009,-0.924,1.145,0.069
2026-05-20 15:03:55.346,1172974802,2491346,2,0.9646,0.01929,0.29517,-1.809,0.489,0.389
2026-05-20 15:03:55.546,1172975002,2491546,1,0.91309,-0.1626,0.59521,-0.489,1.305,-0.435
2026-05-20 15:03:55.546,1172975002,2491546,2,0.97119,0.01685,0.29126,-1.832,0.198,0.45
2026-05-20 15:03:56.753,1172976209,2491753,1,0.9126,-0.15796,0.59717,-0.313,1.58,-0.412
2026-05-20 15:03:56.753,1172976209,2491753,2,0.9668,0.01538,0.28979,-2.038,0.16,0.344
2026-05-20 15:03:56.953,1172976409,2491953,1,0.91162,-0.17017,0.58447,-0.641,1.115,-0.366
2026-05-20 15:03:56.953,1172976409,2491953,2,0.96362,0.0105,0.28955,-0.969,0.641,0.267
2026-05-20 15:03:56.153,1172975609,2492153,1,0.91064,-0.1543,0.59302,-0.649,1.237,-0.038
2026-05-20 15:03:56.153,1172975609,2492153,2,0.96265,0.01123,0.29541,-1.71,0.015,0.45
2026-05-20 15:03:56.353,1172975809,2492353,1,0.91821,-0.15137,0.59326,-0.008,1.656,-0.656
2026-05-20 15:03:56.353,1172975809,2492353,2,0.97266,0.01807,0.29663,-1.069,-0.031,0.672
2026-05-20 15:03:56.553,1172976009,2492553,1,0.91626,-0.15649,0.60449,-0.023,1.534,-0.382
2026-05-20 15:03:56.553,1172976009,2492553,2,0.96265,0.01685,0.29468,0.443,1.069,1.015
2026-05-20 15:03:57.753,1172977209,2492753,1,0.91455,-0.15601,0.59448,-0.137,1.252,-0.427
2026-05-20 15:03:57.753,1172977209,2492753,2,0.95996,0.0188,0.29468,0.237,1.382,0.855
2026-05-20 15:03:57.953,1172977409,2492953,1,0.91772,-0.15698,0.58276,-0.198,1.328,-0.435
2026-05-20 15:03:57.953,1172977409,2492953,2,0.95801,0.01343,0.30298,-0.122,1.053,0.679
2026-05-20 15:03:57.153,1172976609,2493153,1,0.91528,-0.15918,0.59863,-0.748,1.344,-0.305
2026-05-20 15:03:57.153,1172976609,2493153,2,0.96582,0.01782,0.30029,-2.313,-0.519,0.405
2026-05-20 15:03:57.353,1172976809,2493353,1,0.91211,-0.15747,0.5835,-0.573,1.42,-0.588
2026-05-20 15:03:57.353,1172976809,2493353,2,0.96558,0.01733,0.30322,-2.298,0.053,0.473
2026-05-20 15:03:57.553,1172977009,2493553,1,0.91187,-0.15869,0.58887,-0.618,1.252,-0.427
2026-05-20 15:03:57.553,1172977009,2493553,2,0.96338,0.01367,0.29541,-1.504,0.573,0.458
2026-05-20 15:03:58.753,1172978209,2493753,1,0.9187,-0.15698,0.59497,-0.237,1.206,-0.366
2026-05-20 15:03:58.753,1172978209,2493753,2,0.96411,0.01709,0.28467,-1.847,-0.137,0.603
2026-05-20 15:03:58.953,1172978409,2493953,1,0.91455,-0.16602,0.5896,-0.725,1.382,-0.16
2026-05-20 15:03:58.953,1172978409,2493953,2,0.96826,0.01099,0.29004,-1.733,0.321,0.55
2026-05-20 15:03:58.153,1172977609,2494153,1,0.91406,-0.16333,0.6001,-0.58,1.084,-0.359
2026-05-20 15:03:58.153,1172977609,2494153,2,0.96606,0.01318,0.29761,-1.725,0.076,0.42
2026-05-20 15:03:58.353,1172977809,2494353,1,0.91187,-0.16235,0.58984,-0.26,1.718,-0.183
2026-05-20 15:03:58.353,1172977809,2494353,2,0.96826,0.01318,0.29175,-2.595,-0.053,0.412
2026-05-20 15:03:58.553,1172978009,2494553,1,0.90869,-0.16821,0.59521,-0.427,1.26,-0.443
2026-05-20 15:03:58.553,1172978009,2494553,2,0.97217,0.01123,0.29712,-0.466,0.748,0.885
2026-05-20 15:03:59.761,1172979217,2494760,1,0.91382,-0.15601,0.5957,-0.237,1.191,-0.565
2026-05-20 15:03:59.761,1172979217,2494760,2,0.96313,0.01172,0.29297,-0.107,0.962,0.718
2026-05-20 15:03:59.960,1172979416,2494960,1,0.91675,-0.15991,0.59692,-0.42,1.473,-0.282
2026-05-20 15:03:59.960,1172979416,2494960,2,0.96362,0.0166,0.30078,-0.924,1.137,0.74
2026-05-20 15:03:59.160,1172978616,2495160,1,0.9104,-0.16382,0.58496,-0.023,1.313,-0.206
2026-05-20 15:03:59.160,1172978616,2495160,2,0.97095,0.01587,0.29834,-0.153,0.672,0.817
2026-05-20 15:03:59.360,1172978816,2495360,1,0.91675,-0.15723,0.58887,-0.534,1.382,-0.496
2026-05-20 15:03:59.360,1172978816,2495360,2,0.96704,0.01855,0.29395,-2.015,0.282,0.374
2026-05-20 15:03:59.560,1172979016,2495560,1,0.91284,-0.15552,0.58862,-0.489,1.366,-0.504
2026-05-20 15:03:59.560,1172979016,2495560,2,0.96289,0.01367,0.29932,-1.504,0.214,0.382
2026-05-20 15:04:00.760,1172980216,2495760,1,0.91064,-0.1582,0.58374,-0.87,1.191,-0.405
2026-05-20 15:04:00.760,1172980216,2495760,2,0.96167,0.01807,0.30225,-2.145,-0.237,0.389
2026-05-20 15:04:00.960,1172980416,2495960,1,0.90552,-0.15405,0.59619,-0.542,1.305,-0.496
2026-05-20 15:04:00.960,1172980416,2495960,2,0.9707,0.01343,0.30566,-1.924,-0.061,0.458
2026-05-20 15:04:00.160,1172979616,2496160,1,0.91113,-0.16138,0.59253,-0.557,1.092,-0.328
2026-05-20 15:04:00.160,1172979616,2496160,2,0.96851,0.01514,0.29199,-1.702,0.405,0.534
2026-05-20 15:04:00.360,1172979816,2496360,1,0.9104,-0.16162,0.59375,-0.382,1.282,-0.504
2026-05-20 15:04:00.360,1172979816,2496360,2,0.96509,0.01367,0.2876,-1.962,0.092,0.305
2026-05-20 15:04:00.560,1172980016,2496560,1,0.94775,-0.16113,0.60254,8.45,-1.382,-1.664
2026-05-20 15:04:00.560,1172980016,2496560,2,0.89795,0.01611,0.42212,-1.794,1.603,0.221
2026-05-20 15:04:04.802,1172984258,2499802,1,0.9563,-0.14355,0.47852,0.45,1.076,1.221
2026-05-20 15:04:04.802,1172984258,2499802,2,0.90137,0.03735,0.41016,-7.878,5.893,-2.344
2026-05-20 15:04:04.002,1172983458,2500002,1,0.95117,-0.13013,0.45752,2.58,1.573,3.038
2026-05-20 15:04:04.002,1172983458,2500002,2,0.90649,0.03589,0.41553,1.504,-7.298,-0.031
2026-05-20 15:04:04.202,1172983658,2500202,1,0.97241,-0.14478,0.45654,-0.061,2.015,0.939
2026-05-20 15:04:04.202,1172983658,2500202,2,0.91211,0.04272,0.40161,-6.229,-1.389,-1.786
2026-05-20 15:04:04.402,1172983858,2500402,1,0.96387,-0.15454,0.47705,-2.137,6.168,-0.679
2026-05-20 15:04:04.402,1172983858,2500402,2,0.90039,0.02075,0.4314,-0.084,-0.71,0.969
2026-05-20 15:04:04.602,1172984058,2500602,1,0.98096,-0.1377,0.49146,2.16,2.206,-2.412
2026-05-20 15:04:04.602,1172984058,2500602,2,0.91431,0.00391,0.38062,-7.221,-0.931,0.229
2026-05-20 15:04:05.802,1172985258,2500802,1,0.95605,-0.14966,0.49463,-0.649,0.405,0.687
2026-05-20 15:04:05.802,1172985258,2500802,2,0.90747,0.03882,0.427,-0.321,-4.893,0.313
2026-05-20 15:04:05.002,1172984458,2501002,1,0.98145,-0.15063,0.46655,-1.0,0.389,-0.244
2026-05-20 15:04:05.002,1172984458,2501002,2,0.91235,0.01294,0.41504,-1.481,1.534,2.45
2026-05-20 15:04:05.202,1172984658,2501202,1,0.96558,-0.12939,0.47437,0.389,1.718,-0.573
2026-05-20 15:04:05.202,1172984658,2501202,2,0.90161,0.02124,0.42969,-1.282,-2.382,0.26
2026-05-20 15:04:05.402,1172984858,2501402,1,0.96924,-0.14014,0.47363,0.305,2.527,-0.55
2026-05-20 15:04:05.402,1172984858,2501402,2,0.91895,0.01318,0.41309,-0.16,-4.947,0.672
2026-05-20 15:04:05.602,1172985058,2501602,1,0.97607,-0.15161,0.48535,-0.115,0.573,-0.099
2026-05-20 15:04:05.602,1172985058,2501602,2,0.91284,0.03491,0.40405,-1.244,3.351,-0.481
2026-05-20 15:04:06.802,1172986258,2501802,1,0.96094,-0.14819,0.49023,-0.786,2.023,-0.969
2026-05-20 15:04:06.802,1172986258,2501802,2,0.91333,0.03198,0.41431,-2.053,-1.534,0.107
2026-05-20 15:04:06.002,1172985458,2502002,1,0.96411,-0.14771,0.46948,-0.656,1.847,-0.603
2026-05-20 15:04:06.002,1172985458,2502002,2,0.91528,0.02515,0.41406,-0.962,0.351,0.229
2026-05-20 15:04:06.209,1172985665,2502209,1,0.96704,-0.1394,0.47974,-0.511,1.763,-0.481
2026-05-20 15:04:06.209,1172985665,2502209,2,0.91528,0.03003,0.40771,-1.221,0.137,0.824
2026-05-20 15:04:06.413,1172985869,2502412,1,0.9646,-0.15161,0.47974,-0.29,2.076,-0.221
2026-05-20 15:04:06.413,1172985869,2502412,2,0.91016,0.0271,0.40405,-1.603,1.084,0.809
2026-05-20 15:04:06.612,1172986068,2502612,1,0.97046,-0.14111,0.49023,-0.351,0.382,-0.313
2026-05-20 15:04:06.612,1172986068,2502612,2,0.91187,0.02319,0.41602,-4.053,1.046,0.275
2026-05-20 15:04:07.837,1172987293,2502837,1,0.97437,-0.14722,0.48853,-0.519,0.115,-0.481
2026-05-20 15:04:07.837,1172987293,2502837,2,0.9082,0.02417,0.42261,-1.244,2.847,0.679
2026-05-20 15:04:07.037,1172986493,2503037,1,0.96729,-0.14453,0.48364,-0.26,0.947,-0.267
2026-05-20 15:04:07.037,1172986493,2503037,2,0.90454,0.01685,0.42188,-0.748,0.84,0.435
2026-05-20 15:04:07.237,1172986693,2503237,1,0.96533,-0.13843,0.47949,-0.038,1.756,-0.542
2026-05-20 15:04:07.237,1172986693,2503237,2,0.90649,0.01855,0.42383,-1.336,1.427,0.527
2026-05-20 15:04:07.437,1172986893,2503437,1,0.96875,-0.14526,0.47168,-0.489,1.458,-0.489
2026-05-20 15:04:07.437,1172986893,2503437,2,0.90332,0.02173,0.41821,-1.847,-0.053,0.313
2026-05-20 15:04:07.637,1172987093,2503637,1,0.96851,-0.13989,0.47388,-0.802,1.137,-0.168
2026-05-20 15:04:07.637,1172987093,2503637,2,0.90674,0.02319,0.42358,-1.221,0.634,0.458
2026-05-20 15:04:08.837,1172988293,2503837,1,0.97192,-0.14502,0.47656,-0.817,1.71,-0.458
2026-05-20 15:04:08.837,1172988293,2503837,2,0.90601,0.02588,0.42261,-1.282,-0.626,0.267
2026-05-20 15:04:08.068,1172987524,2504068,1,0.96753,-0.14185,0.48438,-0.695,0.74,-0.366
2026-05-20 15:04:08.068,1172987524,2504068,2,0.90894,0.02612,0.42798,-1.405,0.374,0.565
2026-05-20 15:04:08.338,1172987794,2504338,1,0.96533,-0.14771,0.47803,-0.298,2.16,-0.504
2026-05-20 15:04:08.338,1172987794,2504338,2,0.90503,0.02417,0.42456,-1.229,0.458,0.771
2026-05-20 15:04:08.538,1172987994,2504538,1,0.9751,-0.14844,0.47754,-0.687,1.366,-0.267
2026-05-20 15:04:08.538,1172987994,2504538,2,0.91064,0.01831,0.4165,-0.26,0.076,0.885
2026-05-20 15:04:08.738,1172988194,2504738,1,0.95996,-0.14648,0.48389,-0.771,0.435,-0.481
2026-05-20 15:04:08.738,1172988194,2504738,2,0.91846,0.03589,0.41895,-0.863,-1.656,0.115
2026-05-20 15:04:09.938,1172989394,2504938,1,0.96582,-0.14502,0.48047,-0.443,1.58,-0.229
2026-05-20 15:04:09.938,1172989394,2504938,2,0.92505,0.02808,0.41187,-1.87,-1.092,0.008
2026-05-20 15:04:09.138,1172988594,2505138,1,0.97339,-0.146,0.49414,-0.573,1.176,-0.336
2026-05-20 15:04:09.138,1172988594,2505138,2,0.9126,0.02539,0.40894,-1.626,0.924,0.45
2026-05-20 15:04:09.338,1172988794,2505338,1,0.97192,-0.14478,0.48438,-0.481,1.542,-0.328
2026-05-20 15:04:09.338,1172988794,2505338,2,0.91699,0.03003,0.4231,-1.939,1.412,0.802
2026-05-20 15:04:09.538,1172988994,2505538,1,0.96973,-0.15015,0.47656,-0.565,0.382,-0.458
2026-05-20 15:04:09.538,1172988994,2505538,2,0.91333,0.02515,0.41626,-2.336,2.076,0.26
2026-05-20 15:04:09.738,1172989194,2505738,1,0.97388,-0.15186,0.48364,-0.015,1.802,-0.237
2026-05-20 15:04:09.738,1172989194,2505738,2,0.90991,0.02637,0.42017,-1.053,1.389,0.641
2026-05-20 15:04:10.938,1172990394,2505938,1,0.96997,-0.15186,0.47583,-0.687,0.435,-0.031
2026-05-20 15:04:10.938,1172990394,2505938,2,0.90967,0.03247,0.42798,-0.855,0.916,0.786
2026-05-20 15:04:10.138,1172989594,2506138,1,0.97119,-0.14844,0.47314,-0.191,1.542,-0.313
2026-05-20 15:04:10.138,1172989594,2506138,2,0.90601,0.02124,0.42383,-1.901,0.153,0.42
2026-05-20 15:04:10.338,1172989794,2506338,1,0.97607,-0.15015,0.47729,-1.069,1.504,-0.374
2026-05-20 15:04:10.338,1172989794,2506338,2,0.90991,0.02612,0.44043,0.382,-1.55,0.718
2026-05-20 15:04:10.538,1172989994,2506538,1,0.9519,-0.15601,0.48535,-4.885,26.344,0.84
2026-05-20 15:04:10.538,1172989994,2506538,2,0.84106,0.04028,0.33789,13.588,-14.618,17.634
2026-05-20 15:04:10.738,1172990194,2506738,1,0.91895,-0.15698,0.66187,0.344,34.756,1.344
2026-05-20 15:04:10.738,1172990194,2506738,2,0.80811,-0.05688,0.00293,-37.824,-30.153,-9.221
2026-05-20 15:04:11.938,1172991394,2506938,1,0.93457,-0.15308,0.58105,3.832,-4.053,0.74
2026-05-20 15:04:11.938,1172991394,2506938,2,1.00317,0.02441,0.20923,-1.702,-1.031,1.855
2026-05-20 15:04:11.138,1172990594,2507138,1,0.87915,-0.1499,0.6311,-2.168,0.359,2.191
2026-05-20 15:04:11.138,1172990594,2507138,2,0.96753,0.02612,0.25708,2.313,1.099,0.153
2026-05-20 15:04:11.338,1172990794,2507338,1,0.896,-0.15283,0.6228,-0.107,2.656,0.122
2026-05-20 15:04:11.338,1172990794,2507338,2,0.98462,0.01489,0.24634,-2.015,-2.015,1.618
2026-05-20 15:04:11.538,1172990994,2507538,1,0.88208,-0.16211,0.63525,-0.664,1.481,-0.061
2026-05-20 15:04:11.538,1172990994,2507538,2,0.97266,0.00635,0.26709,-2.695,1.672,0.267
2026-05-20 15:04:11.738,1172991194,2507738,1,0.88965,-0.15454,0.62988,-0.244,1.58,0.519
2026-05-20 15:04:11.738,1172991194,2507738,2,0.98169,0.01709,0.25708,-0.618,0.435,0.351
2026-05-20 15:04:12.938,1172992394,2507938,1,0.88452,-0.16528,0.64014,-0.191,1.519,0.916
2026-05-20 15:04:12.938,1172992394,2507938,2,0.97681,0.00659,0.26929,-2.046,1.076,1.595
2026-05-20 15:04:12.166,1172991622,2508166,1,0.87402,-0.1748,0.65381,-0.885,1.115,0.038
2026-05-20 15:04:12.166,1172991622,2508166,2,0.979,0.00073,0.26025,-2.824,0.588,0.756
2026-05-20 15:04:12.366,1172991822,2508366,1,0.8855,-0.16602,0.63965,-0.771,0.672,-0.809
2026-05-20 15:04:12.366,1172991822,2508366,2,0.97852,0.00439,0.26465,-1.679,1.168,-0.214
2026-05-20 15:04:12.566,1172992022,2508566,1,0.88818,-0.16479,0.62402,-1.076,0.595,-3.229
2026-05-20 15:04:12.566,1172992022,2508566,2,0.98755,-0.00146,0.26025,-1.87,1.534,-0.565
2026-05-20 15:04:13.766,1172993222,2508766,1,0.88721,-0.15356,0.64087,-1.153,1.115,-1.221
2026-05-20 15:04:13.766,1172993222,2508766,2,0.98145,0.00464,0.26318,-1.519,-0.382,-0.45
2026-05-20 15:04:13.966,1172993422,2508966,1,0.88086,-0.15479,0.64478,-1.13,1.962,-0.145
2026-05-20 15:04:13.966,1172993422,2508966,2,0.97925,0.00708,0.2627,-1.0,-0.489,0.42
2026-05-20 15:04:13.166,1172992622,2509166,1,0.87695,-0.15356,0.65112,0.664,1.397,-0.168
2026-05-20 15:04:13.166,1172992622,2509166,2,0.97949,0.00635,0.26978,-1.344,1.695,-0.038
2026-05-20 15:04:13.366,1172992822,2509366,1,0.89087,-0.14941,0.63232,-0.504,1.252,-0.435
2026-05-20 15:04:13.366,1172992822,2509366,2,0.97314,0.01001,0.26245,-1.359,-0.244,0.336
2026-05-20 15:04:13.566,1172993022,2509566,1,0.8877,-0.1521,0.63647,-0.687,1.443,-0.641
2026-05-20 15:04:13.566,1172993022,2509566,2,0.97754,0.00952,0.2666,-1.359,0.107,0.55
2026-05-20 15:04:14.766,1172994222,2509766,1,0.88672,-0.14893,0.6416,-0.328,1.863,0.664
2026-05-20 15:04:14.766,1172994222,2509766,2,0.98486,0.01099,0.26563,-0.603,0.122,0.611
2026-05-20 15:04:14.969,1172994425,2509969,1,0.89014,-0.15405,0.63916,-0.16,1.328,1.42
2026-05-20 15:04:14.969,1172994425,2509969,2,0.97876,0.01318,0.2771,-1.565,3.542,1.992
2026-05-20 15:04:14.169,1172993625,2510169,1,0.88696,-0.16528,0.63989,-0.489,1.626,1.313
2026-05-20 15:04:14.169,1172993625,2510169,2,0.97583,-0.00146,0.2561,-1.26,0.672,1.191
2026-05-20 15:04:14.369,1172993825,2510369,1,0.8811,-0.16992,0.63916,-0.26,1.55,-0.45
2026-05-20 15:04:14.369,1172993825,2510369,2,0.96924,-0.00171,0.26172,-1.634,-0.198,0.359
2026-05-20 15:04:14.569,1172994025,2510569,1,0.87769,-0.16357,0.63892,-0.58,1.519,-0.84
2026-05-20 15:04:14.569,1172994025,2510569,2,0.97437,0.00684,0.26929,-1.252,-1.137,-0.137
2026-05-20 15:04:15.769,1172995225,2510769,1,0.88477,-0.16162,0.65039,-0.412,1.397,-0.992
2026-05-20 15:04:15.769,1172995225,2510769,2,0.98413,0.00439,0.25952,-1.664,0.26,0.237
2026-05-20 15:04:15.969,1172995425,2510969,1,0.89014,-0.16577,0.64087,0.092,1.466,-0.412
2026-05-20 15:04:15.969,1172995425,2510969,2,0.97656,0.01123,0.25342,-1.015,-1.252,0.947
2026-05-20 15:04:15.169,1172994625,2511169,1,0.87891,-0.16187,0.64453,-0.458,1.237,-0.328
2026-05-20 15:04:15.169,1172994625,2511169,2,0.97852,0.00586,0.25659,-0.641,0.718,0.954
2026-05-20 15:04:15.369,1172994825,2511369,1,0.88867,-0.15918,0.6333,-0.191,1.053,-0.374
2026-05-20 15:04:15.369,1172994825,2511369,2,0.97217,0.00098,0.27637,-1.221,0.023,1.13
2026-05-20 15:04:15.569,1172995025,2511569,1,0.88037,-0.16357,0.63867,-0.069,1.679,-0.641
2026-05-20 15:04:15.569,1172995025,2511569,2,0.97729,,0.26465,-0.496,-0.611,1.191
2026-05-20 15:04:16.769,1172996225,2511769,1,0.88428,-0.16821,0.63647,-1.107,1.672,-0.618
2026-05-20 15:04:16.769,1172996225,2511769,2,0.97949,-0.00024,0.26465,-1.176,0.679,0.191
2026-05-20 15:04:16.969,1172996425,2511969,1,0.8833,-0.15967,0.63892,-0.679,1.366,-0.466
2026-05-20 15:04:16.969,1172996425,2511969,2,0.97192,0.00757,0.25732,-0.763,0.046,0.695
2026-05-20 15:04:16.169,1172995625,2512169,1,0.88867,-0.17163,0.62622,-1.588,1.389,-2.168
2026-05-20 15:04:16.169,1172995625,2512169,2,0.9856,0.00586,0.25122,-2.107,0.107,-0.855
2026-05-20 15:04:16.369,1172995825,2512369,1,0.87964,-0.1499,0.64746,-0.107,2.656,2.595
2026-05-20 15:04:16.369,1172995825,2512369,2,0.97559,0.0144,0.27051,-0.969,0.427,2.466
2026-05-20 15:04:16.569,1172996025,2512569,1,0.87793,-0.18042,0.63647,-0.84,0.237,0.504
2026-05-20 15:04:16.569,1172996025,2512569,2,0.979,0.01611,0.21289,-7.878,2.191,5.847
2026-05-20 15:04:17.769,1172997225,2512769,1,0.89648,-0.16089,0.60767,4.351,-1.305,-6.122
2026-05-20 15:04:17.769,1172997225,2512769,2,0.95776,-0.03491,0.29346,-2.802,-3.603,-0.359
2026-05-20 15:04:17.969,1172997425,2512969,1,0.85864,-0.14648,0.63354,-0.527,4.061,-0.053
2026-05-20 15:04:17.969,1172997425,2512969,2,0.94897,-0.02759,0.3103,0.366,0.351,1.031
2026-05-20 15:04:17.169,1172996625,2513169,1,0.89063,-0.14307,0.64063,-2.466,3.061,-5.725
2026-05-20 15:04:17.169,1172996625,2513169,2,0.98193,-0.0144,0.27979,-3.107,0.573,-2.137
2026-05-20 15:04:17.369,1172996825,2513369,1,0.88477,-0.12329,0.64209,-3.084,1.557,-6.191
2026-05-20 15:04:17.369,1172996825,2513369,2,0.97461,-0.00513,0.30396,-0.672,1.481,-4.733
2026-05-20 15:04:17.569,1172997025,2513569,1,0.88721,-0.11182,0.63965,-2.71,-1.305,-3.275
2026-05-20 15:04:17.569,1172997025,2513569,2,0.96045,0.01099,0.29736,1.099,0.634,-2.122
2026-05-20 15:04:18.769,1172998225,2513769,1,0.89551,-0.09668,0.64282,-0.137,-0.031,-0.122
2026-05-20 15:04:18.769,1172998225,2513769,2,0.95996,0.0188,0.30103,3.977,3.038,2.588
2026-05-20 15:04:18.969,1172998425,2513969,1,0.896,-0.11572,0.63086,2.672,0.985,1.542
2026-05-20 15:04:18.969,1172998425,2513969,2,0.96118,0.00952,0.30249,1.931,-0.893,2.198
2026-05-20 15:04:18.169,1172997625,2514169,1,0.90112,-0.12988,0.6311,3.046,-0.947,2.588
2026-05-20 15:04:18.169,1172997625,2514169,2,0.95508,0.01343,0.30664,-1.511,0.267,-1.618
2026-05-20 15:04:18.369,1172997825,2514369,1,0.90063,-0.11963,0.62402,1.229,-0.412,2.42
2026-05-20 15:04:18.369,1172997825,2514369,2,0.96509,0.03174,0.30615,1.939,1.763,-0.122
2026-05-20 15:04:18.569,1172998025,2514569,1,0.89551,-0.12866,0.62964,-1.29,1.031,0.084
2026-05-20 15:04:18.569,1172998025,2514569,2,0.9563,0.02271,0.31812,-2.496,-0.023,0.389
2026-05-20 15:04:19.769,1172999225,2514769,1,0.90063,-0.12622,0.62354,-1.099,0.237,1.122
2026-05-20 15:04:19.769,1172999225,2514769,2,0.96729,0.01758,0.31128,-3.13,1.344,1.305
2026-05-20 15:04:19.969,1172999425,2514969,1,0.90088,-0.13843,0.61377,-0.427,1.16,-0.443
2026-05-20 15:04:19.969,1172999425,2514969,2,0.96509,0.01343,0.31445,-1.939,0.092,0.687
2026-05-20 15:04:19.169,1172998625,2515169,1,0.8999,-0.12842,0.62354,-0.626,1.298,0.374
2026-05-20 15:04:19.169,1172998625,2515169,2,0.9624,0.01709,0.30029,-1.176,-1.855,0.183
2026-05-20 15:04:19.369,1172998825,2515369,1,0.90283,-0.1333,0.61304,-0.695,1.13,-0.244
2026-05-20 15:04:19.369,1172998825,2515369,2,0.96191,0.03125,0.29565,-1.977,0.573,0.863
2026-05-20 15:04:19.569,1172999025,2515569,1,0.89746,-0.1394,0.62549,-0.214,2.008,-0.168
2026-05-20 15:04:19.569,1172999025,2515569,2,0.95874,0.00488,0.29346,-0.817,0.008,1.137
2026-05-20 15:04:20.769,1173000225,2515769,1,0.90161,-0.14331,0.62158,-0.214,1.42,0.122
2026-05-20 15:04:20.769,1173000225,2515769,2,0.95923,0.01123,0.29907,-1.588,0.977,0.237
2026-05-20 15:04:20.969,1173000425,2515969,1,0.90698,-0.13696,0.62061,-0.863,1.618,-1.122
2026-05-20 15:04:20.969,1173000425,2515969,2,0.96729,0.01611,0.29199,-1.122,0.321,-0.061
2026-05-20 15:04:20.169,1172999625,2516169,1,0.90137,-0.13916,0.6167,-1.511,1.282,-0.74
2026-05-20 15:04:20.169,1172999625,2516169,2,0.96143,0.01392,0.29346,-1.397,0.939,-0.382
2026-05-20 15:04:20.369,1172999825,2516369,1,0.90405,-0.12842,0.61938,-1.13,1.092,-0.901
2026-05-20 15:04:20.369,1172999825,2516369,2,0.96753,0.01685,0.30127,-2.481,-1.107,-0.267
2026-05-20 15:04:20.569,1173000025,2516569,1,0.90039,-0.13696,0.62671,-0.771,1.305,-0.282
2026-05-20 15:04:20.569,1173000025,2516569,2,0.97827,0.01099,0.26587,-6.191,-0.992,-0.275
2026-05-20 15:04:21.769,1173001225,2516769,1,0.93896,-0.14282,0.61401,1.137,-11.595,-0.031
2026-05-20 15:04:21.769,1173001225,2516769,2,0.96289,0.02148,0.28687,-8.046,5.145,-2.931
2026-05-20 15:04:21.969,1173001425,2516969,1,0.95068,-0.14063,0.49463,-2.656,-28.13,-3.038
2026-05-20 15:04:21.969,1173001425,2516969,2,0.94141,0.0376,0.396,-26.382,10.107,-19.534
2026-05-20 15:04:21.169,1173000625,2517169,1,0.97388,-0.10352,0.47925,3.908,-2.244,3.702
2026-05-20 15:04:21.169,1173000625,2517169,2,0.86206,0.05811,0.48901,-4.168,-8.588,-5.16
2026-05-20 15:04:21.369,1173000825,2517369,1,0.96582,-0.13721,0.47485,0.702,3.992,-0.168
2026-05-20 15:04:21.369,1173000825,2517369,2,0.91284,0.04199,0.42822,3.267,-1.817,2.718
2026-05-20 15:04:21.604,1173001060,2517604,1,0.97534,-0.14502,0.4707,-0.466,0.786,0.458
2026-05-20 15:04:21.604,1173001060,2517604,2,0.90625,0.04443,0.41699,-1.534,-1.099,1.267
2026-05-20 15:04:22.804,1173002260,2517804,1,0.97485,-0.15698,0.48145,-0.641,0.931,-0.344
2026-05-20 15:04:22.804,1173002260,2517804,2,0.91162,0.04297,0.41602,0.031,0.794,0.397
2026-05-20 15:04:22.004,1173001460,2518004,1,0.97876,-0.13745,0.47412,-0.298,0.969,-0.489
2026-05-20 15:04:22.004,1173001460,2518004,2,0.90771,0.03345,0.42456,-1.092,0.29,0.893
2026-05-20 15:04:22.204,1173001660,2518204,1,0.97266,-0.15088,0.47412,-0.023,2.298,-0.198
2026-05-20 15:04:22.204,1173001660,2518204,2,0.90796,0.04688,0.42505,-0.504,-0.374,1.305
2026-05-20 15:04:22.404,1173001860,2518404,1,0.98389,-0.13623,0.47827,1.412,2.473,-1.191
2026-05-20 15:04:22.404,1173001860,2518404,2,0.91162,0.03735,0.40674,3.595,-0.481,2.992
2026-05-20 15:04:22.604,1173002060,2518604,1,0.96118,-0.14429,0.47266,-1.008,1.443,-2.176
2026-05-20 15:04:22.604,1173002060,2518604,2,0.9126,0.04321,0.40137,-1.595,-0.443,-1.466
2026-05-20 15:04:23.804,1173003260,2518804,1,0.97925,-0.13281,0.48291,-1.061,1.443,-1.87
2026-05-20 15:04:23.804,1173003260,2518804,2,0.90674,0.05103,0.40015,-1.107,1.87,-0.962
2026-05-20 15:04:23.004,1173002460,2519004,1,0.97705,-0.1272,0.47607,-1.863,1.031,-1.534
2026-05-20 15:04:23.004,1173002460,2519004,2,0.91138,0.05688,0.42554,0.244,-0.458,-0.84
2026-05-20 15:04:23.204,1173002660,2519204,1,0.9668,-0.11743,0.47607,-0.198,1.214,0.267
2026-05-20 15:04:23.204,1173002660,2519204,2,0.9043,0.05737,0.41626,-5.443,-1.008,-0.664
2026-05-20 15:04:23.404,1173002860,2519404,1,0.97485,-0.13232,0.48145,-0.366,0.618,0.527
2026-05-20 15:04:23.404,1173002860,2519404,2,0.9187,0.04053,0.39795,-0.374,4.328,2.702
2026-05-20 15:04:23.604,1173003060,2519604,1,0.97754,-0.13525,0.46606,0.611,1.924,0.695
2026-05-20 15:04:23.604,1173003060,2519604,2,0.91455,0.04688,0.41431,-2.664,1.183,0.733
2026-05-20 15:04:24.804,1173004260,2519804,1,0.97925,-0.1394,0.47363,-0.702,1.573,0.092
2026-05-20 15:04:24.804,1173004260,2519804,2,0.90869,0.04126,0.41089,-0.771,0.412,0.84
2026-05-20 15:04:24.004,1173003460,2520004,1,0.97656,-0.13013,0.479,-0.534,1.466,-0.824
2026-05-20 15:04:24.004,1173003460,2520004,2,0.91113,0.03809,0.41772,-0.244,-1.542,0.924
2026-05-20 15:04:24.204,1173003660,2520204,1,0.97217,-0.13818,0.47461,-0.153,1.595,-0.092
2026-05-20 15:04:24.204,1173003660,2520204,2,0.91211,0.04883,0.41431,-0.053,0.221,0.832
2026-05-20 15:04:24.404,1173003860,2520404,1,0.97681,-0.1377,0.48682,-0.489,1.496,-0.443
2026-05-20 15:04:24.404,1173003860,2520404,2,0.91406,0.04785,0.41455,-0.626,1.092,0.718
2026-05-20 15:04:24.604,1173004060,2520604,1,0.96997,-0.13159,0.48364,-0.305,1.328,-0.405
2026-05-20 15:04:24.604,1173004060,2520604,2,0.91406,0.04883,0.40259,-0.076,-0.542,0.42
2026-05-20 15:04:25.804,1173005260,2520804,1,0.97705,-0.13452,0.47461,-0.443,1.443,-0.351
2026-05-20 15:04:25.804,1173005260,2520804,2,0.91626,0.04492,0.41309,-0.962,1.305,0.718
2026-05-20 15:04:25.004,1173004460,2521004,1,0.96631,-0.13208,0.479,-0.496,1.45,-0.458
2026-05-20 15:04:25.004,1173004460,2521004,2,0.91528,0.03906,0.41455,-0.924,0.29,0.634
2026-05-20 15:04:25.204,1173004660,2521204,1,0.96387,-0.1311,0.46704,-0.481,1.244,-0.267
2026-05-20 15:04:25.204,1173004660,2521204,2,0.91064,0.04492,0.4082,-0.924,0.878,0.794
2026-05-20 15:04:25.404,1173004860,2521404,1,0.97144,-0.13403,0.48267,-0.489,1.29,-0.496
2026-05-20 15:04:25.404,1173004860,2521404,2,0.91797,0.04736,0.41187,-0.725,0.679,0.641
2026-05-20 15:04:25.604,1173005060,2521604,1,0.96777,-0.13379,0.48169,-0.817,1.443,-0.45
2026-05-20 15:04:25.604,1173005060,2521604,2,0.91309,0.05005,0.40869,-1.191,0.542,0.588
2026-05-20 15:04:26.804,1173006260,2521804,1,0.96973,-0.12549,0.48145,-0.573,1.427,-0.389
2026-05-20 15:04:26.804,1173006260,2521804,2,0.91553,0.04956,0.40723,-1.244,0.084,0.481
2026-05-20 15:04:26.004,1173005460,2522004,1,0.97021,-0.12817,0.48755,-0.344,1.191,-0.298
2026-05-20 15:04:26.004,1173005460,2522004,2,0.91211,0.0459,0.40991,-1.58,1.137,0.679
2026-05-20 15:04:26.204,1173005660,2522204,1,0.97241,-0.13135,0.48022,-0.282,1.267,-0.382
2026-05-20 15:04:26.204,1173005660,2522204,2,0.91016,0.04614,0.40918,-2.55,0.817,0.046
2026-05-20 15:04:26.404,1173005860,2522404,1,0.96851,-0.12646,0.48706,-0.16,1.053,-0.176
2026-05-20 15:04:26.404,1173005860,2522404,2,0.90674,0.04712,0.41162,-1.985,0.656,0.511
2026-05-20 15:04:26.604,1173006060,2522604,1,0.96802,-0.13281,0.47095,-0.176,1.282,-0.26
2026-05-20 15:04:26.604,1173006060,2522604,2,0.91455,0.05127,0.41992,-2.374,1.0,0.366
2026-05-20 15:04:27.804,1173007260,2522804,1,0.97632,-0.12964,0.47974,-0.42,1.122,-0.29
2026-05-20 15:04:27.804,1173007260,2522804,2,0.9126,0.0459,0.39966,-1.855,-0.092,0.305
2026-05-20 15:04:27.004,1173006460,2523004,1,0.9729,-0.1333,0.48486,-0.786,1.55,-0.641
2026-05-20 15:04:27.004,1173006460,2523004,2,0.90796,0.05493,0.41333,-1.863,-0.473,0.45
2026-05-20 15:04:27.204,1173006660,2523204,1,0.97485,-0.1311,0.48242,-0.55,1.382,-0.405
2026-05-20 15:04:27.204,1173006660,2523204,2,0.90918,0.05078,0.41333,-0.878,-0.038,0.489
2026-05-20 15:04:27.404,1173006860,2523404,1,0.97437,-0.1311,0.48193,-0.237,1.565,-0.489
2026-05-20 15:04:27.404,1173006860,2523404,2,0.91064,0.04468,0.41089,-1.122,0.26,0.679
2026-05-20 15:04:27.604,1173007060,2523604,1,0.97607,-0.13501,0.48022,-0.519,1.321,-0.473
2026-05-20 15:04:27.604,1173007060,2523604,2,0.91455,0.04907,0.4082,-1.13,1.298,0.779
2026-05-20 15:04:28.804,1173008260,2523804,1,0.97095,-0.13062,0.48462,-0.382,1.42,-0.435
2026-05-20 15:04:28.804,1173008260,2523804,2,0.90771,0.05249,0.41431,-1.008,-0.038,0.45
2026-05-20 15:04:28.004,1173007460,2524004,1,0.9729,-0.1311,0.48047,-0.115,1.344,-0.389
2026-05-20 15:04:28.004,1173007460,2524004,2,0.91235,0.04663,0.41064,-1.702,0.817,0.397
2026-05-20 15:04:28.204,1173007660,2524204,1,0.97339,-0.13477,0.47974,-0.733,1.229,-0.321
2026-05-20 15:04:28.204,1173007660,2524204,2,0.91187,0.04614,0.4248,-1.519,-0.366,0.45
2026-05-20 15:04:28.404,1173007860,2524404,1,0.96875,-0.13818,0.479,-0.473,1.771,-0.55
2026-05-20 15:04:28.404,1173007860,2524404,2,0.91943,0.05029,0.41138,-1.573,0.466,0.618
2026-05-20 15:04:28.604,1173008060,2524604,1,0.97021,-0.13647,0.48682,-0.229,1.405,-0.458
2026-05-20 15:04:28.604,1173008060,2524604,2,0.91431,0.04712,0.40625,-0.817,0.382,0.733
2026-05-20 15:04:29.804,1173009260,2524804,1,0.97192,-0.13037,0.48389,-0.885,1.008,-0.412
2026-05-20 15:04:29.804,1173009260,2524804,2,0.90771,0.0542,0.40698,-1.366,-0.099,0.58
2026-05-20 15:04:29.004,1173008460,2525004,1,0.96753,-0.12476,0.49023,-0.718,1.336,-0.443
2026-05-20 15:04:29.004,1173008460,2525004,2,0.91772,0.05029,0.39282,-1.115,0.061,0.473
2026-05-20 15:04:29.217,1173008673,2525217,1,0.97656,-0.12891,0.46362,-0.519,1.641,-0.58
2026-05-20 15:04:29.217,1173008673,2525217,2,0.91821,0.04932,0.40894,-1.427,0.779,0.74
2026-05-20 15:04:29.417,1173008873,2525417,1,0.9707,-0.13037,0.48682,-0.115,1.397,-0.267
2026-05-20 15:04:29.417,1173008873,2525417,2,0.91455,0.04517,0.40918,-1.916,0.756,0.565
2026-05-20 15:04:29.617,1173009073,2525617,1,0.97095,-0.13574,0.48901,0.069,1.427,-0.267
2026-05-20 15:04:29.617,1173009073,2525617,2,0.91895,0.04614,0.41113,-1.481,-0.015,0.313
2026-05-20 15:04:30.817,1173010273,2525817,1,0.979,-0.12891,0.47778,-0.443,1.168,-0.405
2026-05-20 15:04:30.817,1173010273,2525817,2,0.91138,0.05078,0.41748,-0.656,2.168,1.099
2026-05-20 15:04:30.017,1173009473,2526017,1,0.97144,-0.13184,0.48218,-0.634,0.809,-0.336
2026-05-20 15:04:30.017,1173009473,2526017,2,0.91211,0.04858,0.41187,-1.771,0.817,0.504
2026-05-20 15:04:30.217,1173009673,2526217,1,0.96533,-0.12695,0.49365,-1.076,2.427,-0.053
2026-05-20 15:04:30.217,1173009673,2526217,2,0.91235,0.04565,0.427,1.221,-2.588,1.221
2026-05-20 15:04:30.417,1173009873,2526417,1,0.90552,-0.11084,0.51172,-5.137,26.351,-1.275
2026-05-20 15:04:30.417,1173009873,2526417,2,0.88281,0.03271,0.38892,12.962,-0.229,19.58
2026-05-20 15:04:30.617,1173010073,2526617,1,0.93994,-0.16528,0.59521,-3.076,23.908,1.962
2026-05-20 15:04:30.617,1173010073,2526617,2,0.94116,-0.00635,0.27734,-5.992,-9.374,1.046
2026-05-20 15:04:31.817,1173011273,2526817,1,0.94214,-0.14844,0.6062,3.389,4.557,0.748
2026-05-20 15:04:31.817,1173011273,2526817,2,0.9873,0.03271,0.27246,-4.13,-1.718,-0.58
2026-05-20 15:04:31.017,1173010473,2527017,1,0.90063,-0.13965,0.62866,-0.061,1.176,0.855
2026-05-20 15:04:31.017,1173010473,2527017,2,0.95337,0.02832,0.28662,-1.565,2.137,0.809
2026-05-20 15:04:31.217,1173010673,2527217,1,0.90308,-0.14404,0.61743,0.443,3.42,0.374
2026-05-20 15:04:31.217,1173010673,2527217,2,0.98022,0.02051,0.28198,-1.687,-4.565,0.771
2026-05-20 15:04:31.417,1173010873,2527417,1,0.88843,-0.15381,0.62769,0.115,1.603,0.275
2026-05-20 15:04:31.417,1173010873,2527417,2,0.97559,0.01611,0.28247,-1.672,-0.466,1.466
2026-05-20 15:04:31.617,1173011073,2527617,1,0.8894,-0.14551,0.63208,-0.756,1.198,-0.931
2026-05-20 15:04:31.617,1173011073,2527617,2,0.97339,0.0144,0.28784,-0.87,1.344,-0.198
2026-05-20 15:04:32.817,1173012273,2527817,1,0.89697,-0.14429,0.62402,-0.496,1.282,-0.733
2026-05-20 15:04:32.817,1173012273,2527817,2,0.96631,0.01978,0.27588,-1.496,0.656,0.527
2026-05-20 15:04:32.017,1173011473,2528017,1,0.8916,-0.15063,0.62598,-0.359,1.702,-0.16
2026-05-20 15:04:32.017,1173011473,2528017,2,0.96777,0.0249,0.28516,-1.534,0.252,0.84
2026-05-20 15:04:32.217,1173011673,2528217,1,0.90186,-0.14722,0.62549,-0.305,1.183,-0.321
2026-05-20 15:04:32.217,1173011673,2528217,2,0.96387,0.01538,0.28394,0.191,0.756,0.641
2026-05-20 15:04:32.417,1173011873,2528417,1,0.89575,-0.14722,0.63354,0.023,1.534,-0.565
2026-05-20 15:04:32.417,1173011873,2528417,2,0.97119,0.01831,0.28296,0.382,-0.511,0.962
2026-05-20 15:04:32.617,1173012073,2528617,1,0.89502,-0.14209,0.62891,-0.206,1.145,-0.16
2026-05-20 15:04:32.617,1173012073,2528617,2,0.96655,0.02563,0.28052,0.534,0.664,0.389
2026-05-20 15:04:33.817,1173013273,2528817,1,0.89087,-0.14844,0.62964,-0.176,0.969,-0.336
2026-05-20 15:04:33.817,1173013273,2528817,2,0.97803,0.02808,0.27466,-0.786,0.489,0.466
2026-05-20 15:04:33.017,1173012473,2529017,1,0.89893,-0.1521,0.63184,-0.359,1.29,-0.397
2026-05-20 15:04:33.017,1173012473,2529017,2,0.96753,0.02368,0.2793,-1.939,0.168,0.786
2026-05-20 15:04:33.217,1173012673,2529217,1,0.8916,-0.15063,0.62207,-1.145,1.137,-0.137
2026-05-20 15:04:33.217,1173012673,2529217,2,0.96851,0.02368,0.27441,-2.405,0.687,0.29
2026-05-20 15:04:33.417,1173012873,2529417,1,0.8938,-0.14771,0.6311,-0.748,0.84,-0.511
2026-05-20 15:04:33.417,1173012873,2529417,2,0.97485,0.02563,0.28101,-3.038,0.443,0.42
2026-05-20 15:04:33.617,1173013073,2529617,1,0.90112,-0.1543,0.61963,-0.443,1.298,-0.534
2026-05-20 15:04:33.617,1173013073,2529617,2,0.97314,0.01587,0.27856,-1.687,0.595,0.527
2026-05-20 15:04:34.817,1173014273,2529817,1,0.89844,-0.15088,0.62744,-0.954,1.252,-0.374
2026-05-20 15:04:34.817,1173014273,2529817,2,0.96411,0.01538,0.29053,-2.137,1.496,-0.534
2026-05-20 15:04:34.017,1173013473,2530017,1,0.89429,-0.14819,0.62573,-0.824,1.145,-0.71
2026-05-20 15:04:34.017,1173013473,2530017,2,0.96631,0.02417,0.2771,-1.733,0.153,0.344
2026-05-20 15:04:34.217,1173013673,2530217,1,0.90405,-0.14575,0.62476,-0.389,1.252,-0.221
2026-05-20 15:04:34.217,1173013673,2530217,2,0.97046,0.02222,0.28662,-1.412,0.58,0.397
2026-05-20 15:04:34.417,1173013873,2530417,1,0.89087,-0.14502,0.61719,-0.229,1.511,-0.275
2026-05-20 15:04:34.417,1173013873,2530417,2,0.96533,0.021,0.28125,-1.672,0.221,0.695
2026-05-20 15:04:34.617,1173014073,2530617,1,0.896,-0.15283,0.62231,-0.511,1.275,-0.305
2026-05-20 15:04:34.617,1173014073,2530617,2,0.96851,0.02222,0.28174,-1.046,0.489,-0.084
2026-05-20 15:04:35.817,1173015273,2530817,1,0.89868,-0.14429,0.63013,-0.58,1.252,-0.504
2026-05-20 15:04:35.817,1173015273,2530817,2,0.97021,0.02124,0.28564,-1.588,0.176,0.321
2026-05-20 15:04:35.017,1173014473,2531017,1,0.90088,-0.1438,0.62036,-0.443,1.321,-0.374
2026-05-20 15:04:35.017,1173014473,2531017,2,0.96704,0.02319,0.28687,-0.519,0.389,0.42
2026-05-20 15:04:35.217,1173014673,2531217,1,0.89307,-0.14624,0.62549,-0.26,0.71,-0.626
2026-05-20 15:04:35.217,1173014673,2531217,2,0.96973,0.02368,0.28784,-1.008,0.107,1.229
2026-05-20 15:04:35.417,1173014873,2531417,1,0.89185,-0.146,0.62891,-0.542,0.985,0.458
2026-05-20 15:04:35.417,1173014873,2531417,2,0.97241,0.02197,0.28833,1.458,1.0,1.092
2026-05-20 15:04:35.617,1173015073,2531617,1,0.89795,-0.15796,0.62109,-0.58,-1.42,0.13
2026-05-20 15:04:35.617,1173015073,2531617,2,0.96753,0.02124,0.2793,0.053,0.679,1.137
2026-05-20 15:04:36.817,1173016273,2531817,1,0.89136,-0.14844,0.62817,0.496,1.664,-0.382
2026-05-20 15:04:36.817,1173016273,2531817,2,0.97339,0.02368,0.28735,-0.748,0.115,0.405
2026-05-20 15:04:36.017,1173015473,2532017,1,0.89697,-0.15308,0.62402,-0.527,1.351,-0.435
2026-05-20 15:04:36.017,1173015473,2532017,2,0.96875,0.02539,0.28735,-2.519,0.656,0.382
2026-05-20 15:04:36.217,1173015673,2532217,1,0.89795,-0.14795,0.62109,-0.977,1.26,-0.634
2026-05-20 15:04:36.217,1173015673,2532217,2,0.97192,0.02539,0.28711,-2.748,0.359,0.504
2026-05-20 15:04:36.417,1173015873,2532417,1,0.89819,-0.15186,0.62427,-0.763,1.168,-0.374
2026-05-20 15:04:36.417,1173015873,2532417,2,0.96289,0.02197,0.29175,-2.115,0.756,0.168
2026-05-20 15:04:36.617,1173016073,2532617,1,0.8938,-0.15356,0.62598,-0.641,1.13,-0.595
2026-05-20 15:04:36.617,1173016073,2532617,2,0.96875,0.02881,0.27441,-1.397,-2.733,0.267
2026-05-20 15:04:37.817,1173017273,2532817,1,0.896,-0.15137,0.61987,-0.863,1.458,-0.176
2026-05-20 15:04:37.817,1173017273,2532817,2,0.9668,0.021,0.30005,-1.954,0.702,0.634
2026-05-20 15:04:37.017,1173016473,2533017,1,0.89722,-0.15601,0.62817,-0.412,1.672,-0.427
2026-05-20 15:04:37.017,1173016473,2533017,2,0.9646,0.01489,0.28809,-1.252,0.756,-0.084
2026-05-20 15:04:37.217,1173016673,2533217,1,0.89453,-0.15479,0.62524,0.023,1.389,-0.115
2026-05-20 15:04:37.217,1173016673,2533217,2,0.9668,0.02563,0.28882,-2.374,0.305,0.046
2026-05-20 15:04:37.417,1173016873,2533417,1,0.89697,-0.15356,0.61523,-0.649,0.863,-0.214
2026-05-20 15:04:37.417,1173016873,2533417,2,0.96338,0.02319,0.29126,-2.29,0.237,0.557
2026-05-20 15:04:37.617,1173017073,2533617,1,0.90015,-0.15161,0.61621,-0.282,0.908,-0.435
2026-05-20 15:04:37.617,1173017073,2533617,2,0.9646,0.01587,0.29102,-0.626,0.595,0.901
2026-05-20 15:04:38.817,1173018273,2533817,1,0.89722,-0.15405,0.62744,-0.214,1.191,-0.603
2026-05-20 15:04:38.817,1173018273,2533817,2,0.97412,0.02344,0.27905,0.702,0.282,0.878
2026-05-20 15:04:38.017,1173017473,2534017,1,0.89966,-0.14404,0.62183,-0.603,1.038,-0.527
2026-05-20 15:04:38.017,1173017473,2534017,2,0.96899,0.02637,0.28833,1.122,1.435,0.359
2026-05-20 15:04:38.217,1173017673,2534217,1,0.90112,-0.14258,0.61646,-0.16,1.466,-0.611
2026-05-20 15:04:38.217,1173017673,2534217,2,0.96802,0.0188,0.27661,-0.412,-0.687,1.374
2026-05-20 15:04:38.417,1173017873,2534417,1,0.89575,-0.14648,0.63159,-0.298,1.45,-0.069
2026-05-20 15:04:38.417,1173017873,2534417,2,0.96851,0.02637,0.28687,-1.382,0.626,0.595
2026-05-20 15:04:38.617,1173018073,2534617,1,0.89575,-0.14966,0.62134,-0.634,1.412,-0.443
2026-05-20 15:04:38.617,1173018073,2534617,2,0.96899,0.02637,0.28784,-3.565,0.702,0.053
2026-05-20 15:04:39.817,1173019273,2534817,1,0.89624,-0.1438,0.62305,-0.794,1.45,-0.718
2026-05-20 15:04:39.817,1173019273,2534817,2,0.96606,0.01172,0.29565,-2.664,0.26,0.282
2026-05-20 15:04:39.017,1173018473,2535017,1,0.89917,-0.15503,0.62329,-0.824,1.313,-0.496
2026-05-20 15:04:39.017,1173018473,2535017,2,0.96143,0.02344,0.28296,-1.137,0.794,0.069
2026-05-20 15:04:39.217,1173018673,2535217,1,0.89453,-0.14746,0.62476,-0.534,1.351,-0.618
2026-05-20 15:04:39.217,1173018673,2535217,2,0.96143,0.02783,0.27979,-2.519,0.802,0.412
2026-05-20 15:04:39.417,1173018873,2535417,1,0.89893,-0.14844,0.61914,-0.458,1.412,-0.359
2026-05-20 15:04:39.417,1173018873,2535417,2,0.97754,0.01953,0.29468,-1.473,-0.008,0.695
2026-05-20 15:04:39.617,1173019073,2535617,1,0.89307,-0.15356,0.63525,-0.275,1.344,-0.092
2026-05-20 15:04:39.617,1173019073,2535617,2,0.97192,0.02295,0.29297,-1.26,0.115,0.397
2026-05-20 15:04:40.817,1173020273,2535817,1,0.89331,-0.15063,0.62158,-0.511,1.221,-0.252
2026-05-20 15:04:40.817,1173020273,2535817,2,0.96851,0.02344,0.2876,-2.092,0.794,0.412
2026-05-20 15:04:40.017,1173019473,2536017,1,0.89331,-0.14673,0.61792,-0.71,0.992,-0.733
2026-05-20 15:04:40.017,1173019473,2536017,2,0.96313,0.02222,0.28564,-0.435,0.328,0.519
2026-05-20 15:04:40.217,1173019673,2536217,1,0.89331,-0.15405,0.62305,-0.405,1.374,-0.466
2026-05-20 15:04:40.217,1173019673,2536217,2,0.97021,0.02197,0.28394,0.275,0.504,0.542
2026-05-20 15:04:40.417,1173019873,2536417,1,0.93433,-0.16187,0.61523,2.115,-5.702,-0.771
2026-05-20 15:04:40.417,1173019873,2536417,2,0.91626,0.04272,0.40503,-1.336,0.023,0.542
2026-05-20 15:04:43.450,1173022906,2539450,1,0.96851,-0.12549,0.48291,-0.511,1.565,-0.191
2026-05-20 15:04:43.450,1173022906,2539450,2,0.91553,0.04077,0.4082,-1.634,0.008,0.473
2026-05-20 15:04:43.650,1173023106,2539650,1,0.96997,-0.13818,0.47852,-0.656,1.916,-0.26
2026-05-20 15:04:43.650,1173023106,2539650,2,0.91333,0.03418,0.40967,-1.42,0.412,0.794
2026-05-20 15:04:44.850,1173024306,2539850,1,0.97534,-0.11963,0.48755,-0.504,1.489,-0.328
2026-05-20 15:04:44.850,1173024306,2539850,2,0.91821,0.03979,0.40112,-0.641,-0.405,0.626
2026-05-20 15:04:44.050,1173023506,2540050,1,0.97485,-0.12549,0.47998,-0.511,1.527,-0.565
2026-05-20 15:04:44.050,1173023506,2540050,2,0.91479,0.04004,0.39429,-1.13,0.221,0.534
2026-05-20 15:04:44.250,1173023706,2540250,1,0.96899,-0.12158,0.48389,-0.496,1.29,-0.359
2026-05-20 15:04:44.250,1173023706,2540250,2,0.92188,0.04199,0.39355,-0.214,0.137,0.855
2026-05-20 15:04:44.450,1173023906,2540450,1,0.9707,-0.1272,0.48706,-0.351,1.466,-0.267
2026-05-20 15:04:44.450,1173023906,2540450,2,0.91577,0.03955,0.40063,-1.168,0.58,0.527
2026-05-20 15:04:44.650,1173024106,2540650,1,0.97095,-0.12671,0.48193,-0.389,1.55,-0.282
2026-05-20 15:04:44.650,1173024106,2540650,2,0.91626,0.03491,0.40967,-0.947,0.122,0.634
2026-05-20 15:04:45.850,1173025306,2540850,1,0.97021,-0.13184,0.48999,-0.443,1.45,-0.344
2026-05-20 15:04:45.850,1173025306,2540850,2,0.92139,0.03809,0.39697,-2.954,0.87,0.42
2026-05-20 15:04:45.050,1173024506,2541050,1,0.96899,-0.12598,0.48975,-0.191,1.107,-0.244
2026-05-20 15:04:45.050,1173024506,2541050,2,0.91431,0.04126,0.4043,-1.031,1.137,0.718
2026-05-20 15:04:45.250,1173024706,2541250,1,0.97485,-0.13281,0.48267,-0.275,1.008,-0.29
2026-05-20 15:04:45.250,1173024706,2541250,2,0.91479,0.03662,0.40576,-1.038,1.412,0.947
2026-05-20 15:04:45.450,1173024906,2541450,1,0.96997,-0.11938,0.48682,0.137,1.412,0.115
2026-05-20 15:04:45.450,1173024906,2541450,2,0.91821,0.03833,0.41235,-0.611,1.015,0.634
2026-05-20 15:04:45.650,1173025106,2541650,1,0.96973,-0.13184,0.479,-0.534,1.0,-0.29
2026-05-20 15:04:45.650,1173025106,2541650,2,0.91357,0.02734,0.4043,-1.947,-0.069,0.313
2026-05-20 15:04:46.850,1173026306,2541850,1,0.96948,-0.12964,0.48608,-0.573,2.0,-0.496
2026-05-20 15:04:46.850,1173026306,2541850,2,0.91577,0.03125,0.39551,-2.076,-0.13,0.313
2026-05-20 15:04:46.050,1173025506,2542050,1,0.96753,-0.13159,0.4856,-0.626,1.733,-0.305
2026-05-20 15:04:46.050,1173025506,2542050,2,0.92163,0.03589,0.41504,-1.824,-0.603,0.473
2026-05-20 15:04:46.250,1173025706,2542250,1,0.96704,-0.13403,0.49634,-0.779,1.397,-0.45
2026-05-20 15:04:46.250,1173025706,2542250,2,0.91431,0.04443,0.40283,-0.527,1.344,-0.015
2026-05-20 15:04:46.450,1173025906,2542450,1,0.9707,-0.12793,0.48926,-0.542,1.641,-0.832
2026-05-20 15:04:46.450,1173025906,2542450,2,0.91968,0.02588,0.40649,-1.405,-0.763,1.038
2026-05-20 15:04:46.650,1173026106,2542650,1,0.96509,-0.12622,0.49268,0.145,1.779,-0.168
2026-05-20 15:04:46.650,1173026106,2542650,2,0.91846,0.03345,0.39355,-1.664,0.733,0.565
2026-05-20 15:04:47.850,1173027306,2542850,1,0.96362,-0.13208,0.48706,-0.557,1.26,-0.427
2026-05-20 15:04:47.850,1173027306,2542850,2,0.92407,0.03979,0.40601,-1.176,-0.42,0.359
2026-05-20 15:04:47.050,1173026506,2543050,1,0.96899,-0.13135,0.48853,-0.489,1.023,-0.374
2026-05-20 15:04:47.050,1173026506,2543050,2,0.91577,0.03662,0.39868,-1.855,0.916,0.412
2026-05-20 15:04:47.250,1173026706,2543250,1,0.9668,-0.12891,0.4751,-0.206,1.29,-0.527
2026-05-20 15:04:47.250,1173026706,2543250,2,0.91895,0.03589,0.40234,-1.511,0.771,0.435
2026-05-20 15:04:47.450,1173026906,2543450,1,0.9668,-0.12915,0.49683,-0.397,1.267,
2026-05-20 15:04:47.450,1173026906,2543450,2,0.91406,0.03491,0.4082,-1.618,1.405,0.702
2026-05-20 15:04:47.650,1173027106,2543650,1,0.97583,-0.13281,0.4917,-0.489,1.214,-0.321
2026-05-20 15:04:47.650,1173027106,2543650,2,0.91968,0.03125,0.40112,-0.954,1.008,0.496
2026-05-20 15:04:48.850,1173028306,2543850,1,0.96924,-0.12939,0.48364,-0.275,1.145,-0.244
2026-05-20 15:04:48.850,1173028306,2543850,2,0.92017,0.02979,0.40063,-1.061,1.122,0.702
2026-05-20 15:04:48.050,1173027506,2544050,1,0.97827,-0.12988,0.49023,-0.374,0.901,-0.511
2026-05-20 15:04:48.050,1173027506,2544050,2,0.9104,0.0332,0.39844,-1.534,0.015,0.611
2026-05-20 15:04:48.267,1173027723,2544267,1,0.97363,-0.12817,0.48145,-0.511,1.695,-0.504
2026-05-20 15:04:48.267,1173027723,2544267,2,0.9165,0.03271,0.39746,-1.031,-0.122,0.481
2026-05-20 15:04:48.535,1173027991,2544535,1,0.97119,-0.12939,0.48584,-0.763,1.412,-0.603
2026-05-20 15:04:48.535,1173027991,2544535,2,0.91577,0.03149,0.40063,-1.336,-0.076,0.198
2026-05-20 15:04:48.735,1173028191,2544735,1,0.96582,-0.13062,0.49316,-0.389,1.565,-0.267
2026-05-20 15:04:48.735,1173028191,2544735,2,0.91431,0.03662,0.39624,-0.405,0.023,0.794
2026-05-20 15:04:49.935,1173029391,2544935,1,0.97021,-0.12329,0.49878,-0.504,1.313,-0.481
2026-05-20 15:04:49.935,1173029391,2544935,2,0.92236,0.03613,0.40039,-0.893,0.321,0.702
2026-05-20 15:04:49.135,1173028591,2545135,1,0.9668,-0.12402,0.48608,-0.588,1.206,-0.397
2026-05-20 15:04:49.135,1173028591,2545135,2,0.91431,0.04077,0.39746,-1.267,0.282,0.504
2026-05-20 15:04:49.335,1173028791,2545335,1,0.96411,-0.13013,0.48584,-0.58,0.947,-0.489
2026-05-20 15:04:49.335,1173028791,2545335,2,0.9248,0.03589,0.40381,-1.939,0.824,0.672
2026-05-20 15:04:49.535,1173028991,2545535,1,0.96924,-0.12866,0.49316,-1.092,0.534,-0.412
2026-05-20 15:04:49.535,1173028991,2545535,2,0.91968,0.03271,0.40015,-1.611,1.878,0.267
2026-05-20 15:04:49.735,1173029191,2545735,1,0.96802,-0.1377,0.48975,-1.206,-1.466,-0.626
2026-05-20 15:04:49.735,1173029191,2545735,2,0.90942,0.03809,0.42041,-1.344,4.664,0.55
2026-05-20 15:04:50.935,1173030391,2545935,1,0.97534,-0.13574,0.48315,-0.641,0.305,-0.275
2026-05-20 15:04:50.935,1173030391,2545935,2,0.90527,0.03394,0.4165,-0.794,1.061,0.947
2026-05-20 15:04:50.324,1173029780,2546324,1,0.96704,-0.13623,0.47461,-0.366,2.374,-0.137
2026-05-20 15:04:50.324,1173029780,2546324,2,0.90674,0.03174,0.43213,-0.107,-2.771,0.817
2026-05-20 15:04:50.524,1173029980,2546524,1,0.94604,-0.1228,0.49048,-3.55,26.427,1.878
2026-05-20 15:04:50.524,1173029980,2546524,2,0.86011,0.02588,0.29663,17.191,-1.901,12.038
2026-05-20 15:04:50.724,1173030180,2546724,1,0.9353,-0.13843,0.59863,-4.321,30.015,-1.496
2026-05-20 15:04:50.724,1173030180,2546724,2,0.97583,0.03711,0.30298,-5.771,-4.107,5.496
2026-05-20 15:04:51.924,1173031380,2546924,1,0.92188,-0.14453,0.61035,8.046,10.191,-0.336
2026-05-20 15:04:51.924,1173031380,2546924,2,0.9873,0.00342,0.22729,-6.16,-16.321,
2026-05-20 15:04:51.124,1173030580,2547124,1,0.90259,-0.14185,0.63965,-0.702,0.076,0.656
2026-05-20 15:04:51.124,1173030580,2547124,2,0.96948,0.00757,0.24976,-1.809,2.672,1.053
2026-05-20 15:04:51.324,1173030780,2547324,1,0.89331,-0.1355,0.6272,-1.023,2.84,0.443
2026-05-20 15:04:51.324,1173030780,2547324,2,0.97559,0.00439,0.26025,0.252,1.282,0.565
2026-05-20 15:04:51.524,1173030980,2547524,1,0.88965,-0.14111,0.63257,-0.244,1.679,0.031
2026-05-20 15:04:51.524,1173030980,2547524,2,0.97852,0.01758,0.26123,-2.122,-0.405,0.656
2026-05-20 15:04:51.724,1173031180,2547724,1,0.89233,-0.14771,0.64063,-0.672,1.366,-0.389
2026-05-20 15:04:51.724,1173031180,2547724,2,0.97632,0.01294,0.26099,-1.305,1.221,0.229
2026-05-20 15:04:52.924,1173032380,2547924,1,0.88257,-0.14673,0.65015,-0.534,1.084,-0.58
2026-05-20 15:04:52.924,1173032380,2547924,2,0.97729,0.00952,0.26733,1.183,-0.053,1.092
2026-05-20 15:04:52.124,1173031580,2548124,1,0.89282,-0.15601,0.63916,-0.351,0.87,-0.031
2026-05-20 15:04:52.124,1173031580,2548124,2,0.979,0.01538,0.26416,0.649,2.939,1.0
2026-05-20 15:04:52.324,1173031780,2548324,1,0.88525,-0.14429,0.64453,-0.092,0.885,0.053
2026-05-20 15:04:52.324,1173031780,2548324,2,0.97925,0.01172,0.26123,0.519,-0.733,0.55
2026-05-20 15:04:52.524,1173031980,2548524,1,0.88477,-0.14624,0.63232,0.344,0.206,-0.313
2026-05-20 15:04:52.524,1173031980,2548524,2,0.97461,0.0105,0.26904,-2.099,0.496,0.511
2026-05-20 15:04:55.281,1173034737,2551281,1,0.8811,-0.14624,0.6333,-0.672,1.557,-0.42
2026-05-20 15:04:55.281,1173034737,2551281,2,0.98267,0.00732,0.27124,-2.786,0.496,0.252
2026-05-20 15:04:55.481,1173034937,2551481,1,0.89355,-0.15112,0.63135,-0.748,1.298,-0.458
2026-05-20 15:04:55.481,1173034937,2551481,2,0.96899,0.01343,0.27637,-2.405,0.733,0.046
2026-05-20 15:04:55.681,1173035137,2551681,1,0.88818,-0.14136,0.62939,-0.626,1.137,-0.244
2026-05-20 15:04:55.681,1173035137,2551681,2,0.97583,0.01416,0.27026,-1.809,0.519,0.458
2026-05-20 15:04:56.881,1173036337,2551881,1,0.89868,-0.15088,0.63916,-0.672,1.344,-0.267
2026-05-20 15:04:56.881,1173036337,2551881,2,0.97168,0.00952,0.27173,-2.954,0.122,0.443
2026-05-20 15:04:56.081,1173035537,2552081,1,0.88672,-0.14771,0.63477,-0.664,1.176,-0.42
2026-05-20 15:04:56.081,1173035537,2552081,2,0.96997,0.00732,0.26611,-1.817,0.802,0.374
2026-05-20 15:04:56.281,1173035737,2552281,1,0.89111,-0.14502,0.64258,-0.504,1.344,-0.649
2026-05-20 15:04:56.281,1173035737,2552281,2,0.97754,0.00952,0.271,-1.74,0.489,0.458
2026-05-20 15:04:56.481,1173035937,2552481,1,0.88428,-0.14087,0.64819,-0.855,0.74,0.954
2026-05-20 15:04:56.481,1173035937,2552481,2,0.97144,0.01001,0.27832,-1.321,-0.931,1.153
2026-05-20 15:04:56.681,1173036137,2552681,1,0.8916,-0.16211,0.62842,-1.321,0.527,-1.305
2026-05-20 15:04:56.681,1173036137,2552681,2,0.97559,0.01147,0.26367,-0.198,-3.237,-0.702
2026-05-20 15:04:57.881,1173037337,2552881,1,0.88892,-0.14209,0.64233,-1.282,1.275,-0.58
2026-05-20 15:04:57.881,1173037337,2552881,2,0.97583,0.01294,0.27319,-1.015,0.176,0.58
2026-05-20 15:04:57.081,1173036537,2553081,1,0.88965,-0.14624,0.63281,0.053,0.939,-0.901
2026-05-20 15:04:57.081,1173036537,2553081,2,0.98047,0.01025,0.27612,0.534,0.183,0.901
2026-05-20 15:04:57.281,1173036737,2553281,1,0.89014,-0.13354,0.6311,0.374,1.473,0.389
2026-05-20 15:04:57.281,1173036737,2553281,2,0.97803,0.01953,0.2749,0.023,-0.763,1.092
2026-05-20 15:04:57.481,1173036937,2553481,1,0.89136,-0.14771,0.62354,-0.321,1.267,-0.038
2026-05-20 15:04:57.481,1173036937,2553481,2,0.97437,0.01245,0.2793,0.389,0.221,0.954
2026-05-20 15:05:00.353,1173039809,2556353,1,0.89063,-0.1438,0.63062,-0.496,1.183,-0.214
2026-05-20 15:05:00.353,1173039809,2556353,2,0.97363,0.01489,0.28247,-1.038,1.046,0.534
2026-05-20 15:05:00.553,1173040009,2556553,1,0.8877,-0.14746,0.63989,-0.382,1.687,-0.321
2026-05-20 15:05:00.553,1173040009,2556553,2,0.9707,0.01758,0.27661,-3.656,0.336,0.107
2026-05-20 15:05:01.753,1173041209,2556753,1,0.88965,-0.14551,0.63843,-1.321,1.71,-0.626
2026-05-20 15:05:01.753,1173041209,2556753,2,0.97803,0.01489,0.27393,-2.351,0.969,0.069
2026-05-20 15:05:01.953,1173041409,2556953,1,0.88794,-0.15063,0.63696,-0.931,1.481,-0.733
2026-05-20 15:05:01.953,1173041409,2556953,2,0.97339,0.00879,0.27832,-2.031,0.107,0.275
2026-05-20 15:05:01.153,1173040609,2557153,1,0.88818,-0.14526,0.62891,0.16,1.527,-0.557
2026-05-20 15:05:01.153,1173040609,2557153,2,0.97339,0.01611,0.27148,-2.221,0.122,0.374
2026-05-20 15:05:01.353,1173040809,2557353,1,0.88232,-0.15161,0.63696,-0.664,1.641,-0.374
2026-05-20 15:05:01.353,1173040809,2557353,2,0.96997,0.00708,0.27759,-1.756,-0.046,0.679
2026-05-20 15:05:01.582,1173041038,2557582,1,0.88794,-0.14771,0.646,-0.298,1.672,-0.26
2026-05-20 15:05:01.582,1173041038,2557582,2,0.97876,0.00903,0.27905,-0.885,0.305,0.641
2026-05-20 15:05:02.782,1173042238,2557782,1,0.88477,-0.15381,0.63281,-0.924,1.504,-0.481
2026-05-20 15:05:02.782,1173042238,2557782,2,0.97144,0.01245,0.28223,-2.168,0.511,0.252
2026-05-20 15:05:02.982,1173042438,2557982,1,0.89355,-0.14233,0.64404,-1.634,-1.511,-0.779
2026-05-20 15:05:02.982,1173042438,2557982,2,0.97339,0.00684,0.27124,-1.122,1.122,0.038
2026-05-20 15:05:02.182,1173041638,2558182,1,0.89063,-0.14526,0.63525,-1.076,1.275,-0.649
2026-05-20 15:05:02.182,1173041638,2558182,2,0.98267,0.01416,0.2666,1.282,0.076,0.878
2026-05-20 15:05:02.382,1173041838,2558382,1,0.88818,-0.14551,0.64355,0.015,1.275,-0.534
2026-05-20 15:05:02.382,1173041838,2558382,2,0.97803,0.01514,0.26782,0.458,0.382,1.015
2026-05-20 15:05:02.582,1173042038,2558582,1,0.88672,-0.15454,0.64014,0.595,1.412,-0.298
2026-05-20 15:05:02.582,1173042038,2558582,2,0.97314,0.01685,0.26294,-0.076,0.115,0.985
2026-05-20 15:05:03.782,1173043238,2558782,1,0.89453,-0.14941,0.64038,0.542,-1.473,-0.634
2026-05-20 15:05:03.782,1173043238,2558782,2,0.96704,0.01074,0.27881,-4.374,1.702,1.847
2026-05-20 15:05:03.982,1173043438,2558982,1,0.89429,-0.14941,0.61499,-0.489,-3.015,-0.924
2026-05-20 15:05:03.982,1173043438,2558982,2,0.96289,0.0105,0.30981,-1.595,4.42,1.023
2026-05-20 15:05:03.182,1173042638,2559182,1,0.90698,-0.14063,0.60645,-1.206,1.374,-0.618
2026-05-20 15:05:03.182,1173042638,2559182,2,0.97046,0.01294,0.2998,-3.687,-0.664,-0.725
2026-05-20 15:05:03.396,1173042852,2559396,1,0.90771,-0.14502,0.60889,-0.817,2.183,-0.145
2026-05-20 15:05:03.396,1173042852,2559396,2,0.96973,0.00732,0.29614,-2.366,-0.16,0.626
2026-05-20 15:05:03.596,1173043052,2559596,1,0.90039,-0.14697,0.62524,-0.794,2.061,0.16
2026-05-20 15:05:03.596,1173043052,2559596,2,0.97339,0.00977,0.28906,-1.496,-0.809,0.527
2026-05-20 15:05:04.796,1173044252,2559796,1,0.90356,-0.15112,0.61255,-0.664,1.878,-0.321
2026-05-20 15:05:04.796,1173044252,2559796,2,0.96338,0.01294,0.28223,-2.481,0.198,0.473
2026-05-20 15:05:04.996,1173044452,2559996,1,0.90234,-0.14893,0.62427,-0.511,1.221,-0.504
2026-05-20 15:05:04.996,1173044452,2559996,2,0.97534,0.00806,0.27759,-1.817,-2.84,1.695
2026-05-20 15:05:04.196,1173043652,2560196,1,0.88525,-0.177,0.62012,-3.053,1.74,-2.214
2026-05-20 15:05:04.196,1173043652,2560196,2,0.95752,-0.00464,0.30688,-0.527,1.55,-0.053
2026-05-20 15:05:04.396,1173043852,2560396,1,0.89575,-0.15356,0.61182,0.664,1.328,-1.092
2026-05-20 15:05:04.396,1173043852,2560396,2,0.96118,0.01953,0.29224,-1.031,-0.573,-0.947
2026-05-20 15:05:04.596,1173044052,2560596,1,0.90796,-0.1438,0.63013,-0.229,-0.893,-0.519
2026-05-20 15:05:04.596,1173044052,2560596,2,0.98145,0.01123,0.29712,3.336,6.107,2.641
2026-05-20 15:05:05.796,1173045252,2560796,1,0.92163,-0.14331,0.61743,1.656,-6.42,-2.618
2026-05-20 15:05:05.796,1173045252,2560796,2,0.97437,0.02075,0.30396,-0.664,7.038,-3.763
2026-05-20 15:05:05.996,1173045452,2560996,1,0.92651,-0.14697,0.54346,-6.107,-25.924,-8.031
2026-05-20 15:05:05.996,1173045452,2560996,2,0.98291,0.05444,0.34106,-8.496,20.076,-16.916
2026-05-20 15:05:05.196,1173044652,2561196,1,0.94531,-0.11353,0.48999,7.0,-11.947,-4.618
2026-05-20 15:05:05.196,1173044652,2561196,2,0.82031,0.10571,0.46118,6.45,-4.733,-18.168
2026-05-20 15:05:05.396,1173044852,2561396,1,0.95801,-0.00586,0.45142,3.481,10.962,-11.611
2026-05-20 15:05:05.396,1173044852,2561396,2,0.88086,0.16089,0.31567,31.198,15.435,25.595
2026-05-20 15:05:05.596,1173045052,2561596,1,0.97339,0.00195,0.49756,-10.443,14.511,-19.115
2026-05-20 15:05:05.596,1173045052,2561596,2,0.89453,0.0625,0.30176,-11.924,-4.969,29.198
2026-05-20 15:05:06.796,1173046252,2561796,1,0.96997,-0.03442,0.48999,6.374,-0.267,5.832
2026-05-20 15:05:06.796,1173046252,2561796,2,0.93115,0.06665,0.35425,9.817,11.16,10.244
2026-05-20 15:05:06.996,1173046452,2561996,1,0.94312,-0.07617,0.52002,4.565,1.412,9.267
2026-05-20 15:05:06.996,1173046452,2561996,2,0.92505,0.01538,0.37695,0.733,0.794,2.473
2026-05-20 15:05:06.196,1173045652,2562196,1,0.98071,-0.08301,0.51318,3.473,3.557,11.916
2026-05-20 15:05:06.196,1173045652,2562196,2,0.94409,-0.00903,0.32397,-0.053,6.0,-2.885
2026-05-20 15:05:06.396,1173045852,2562396,1,1.00513,-0.07446,0.46973,8.824,2.947,12.282
2026-05-20 15:05:06.396,1173045852,2562396,2,0.92993,0.07153,0.40234,7.435,0.527,2.191
2026-05-20 15:05:06.596,1173046052,2562596,1,0.98218,-0.13477,0.53198,17.16,11.649,12.542
2026-05-20 15:05:06.596,1173046052,2562596,2,0.95947,0.08423,0.34351,14.573,-11.328,4.725
2026-05-20 15:05:07.796,1173047252,2562796,1,0.91846,-0.16479,0.55957,5.924,4.695,4.061
2026-05-20 15:05:07.796,1173047252,2562796,2,0.93872,0.00659,0.38696,-3.863,6.015,-0.893
2026-05-20 15:05:07.996,1173047452,2562996,1,0.89795,-0.19116,0.60352,2.252,-1.267,10.206
2026-05-20 15:05:07.996,1173047452,2562996,2,0.96582,0.13159,0.29785,-17.397,2.489,-15.26
2026-05-20 15:05:07.212,1173046668,2563212,1,0.9436,-0.15308,0.53735,-12.969,-7.42,-8.45
2026-05-20 15:05:07.212,1173046668,2563212,2,0.95874,0.14844,0.27197,-20.634,-0.748,-2.87
2026-05-20 15:05:07.412,1173046868,2563412,1,0.95972,-0.16895,0.49829,-12.573,-5.412,-11.389
2026-05-20 15:05:07.412,1173046868,2563412,2,0.93335,0.07227,0.36841,-8.496,14.863,-2.519
2026-05-20 15:05:07.612,1173047068,2563612,1,0.93945,-0.10815,0.53589,-7.389,2.359,-8.168
2026-05-20 15:05:07.612,1173047068,2563612,2,0.9248,0.14331,0.35352,-7.954,-1.282,-0.687
2026-05-20 15:05:08.812,1173048268,2563812,1,0.97266,-0.11475,0.48901,-7.878,1.542,-9.771
2026-05-20 15:05:08.812,1173048268,2563812,2,0.9292,0.06982,0.35107,-6.305,-5.832,1.511
2026-05-20 15:05:08.012,1173047468,2564012,1,0.97437,-0.11572,0.48145,-4.008,-0.863,-2.725
2026-05-20 15:05:08.012,1173047468,2564012,2,0.92944,0.07373,0.36133,-4.023,4.359,4.885
2026-05-20 15:05:08.212,1173047668,2564212,1,0.95874,-0.09961,0.50342,1.374,2.87,0.519
2026-05-20 15:05:08.212,1173047668,2564212,2,0.91675,0.07153,0.3855,-2.092,-2.191,1.931
2026-05-20 15:05:08.412,1173047868,2564412,1,0.96338,-0.14429,0.47607,13.031,-0.756,-0.832
2026-05-20 15:05:08.412,1173047868,2564412,2,0.93555,0.07983,0.38916,14.969,17.458,-1.756
2026-05-20 15:05:08.612,1173048068,2564612,1,0.96997,-0.08984,0.48242,-1.908,10.992,-1.13
2026-05-20 15:05:08.612,1173048068,2564612,2,0.90405,0.06421,0.42285,-4.42,7.29,1.901
2026-05-20 15:05:09.812,1173049268,2564812,1,0.94653,-0.11597,0.54272,2.267,2.809,1.58
2026-05-20 15:05:09.812,1173049268,2564812,2,0.86084,0.09912,0.43726,4.122,3.748,-0.435
2026-05-20 15:05:09.012,1173048468,2565012,1,0.9729,-0.1062,0.52734,0.275,1.649,-2.313
2026-05-20 15:05:09.012,1173048468,2565012,2,0.89233,0.09229,0.42432,-2.687,1.466,1.901
2026-05-20 15:05:09.212,1173048668,2565212,1,0.95654,-0.10938,0.51904,1.55,2.313,0.206
2026-05-20 15:05:09.212,1173048668,2565212,2,0.88794,0.09351,0.44067,1.611,2.389,1.504
2026-05-20 15:05:09.412,1173048868,2565412,1,0.95874,-0.11475,0.51001,-0.45,1.137,0.099
2026-05-20 15:05:09.412,1173048868,2565412,2,0.89233,0.09009,0.43628,1.084,2.145,1.336
2026-05-20 15:05:09.612,1173049068,2565612,1,0.95728,-0.11328,0.51807,-1.55,1.168,-0.672
2026-05-20 15:05:09.612,1173049068,2565612,2,0.88965,0.09473,0.43823,0.015,2.115,0.015
2026-05-20 15:05:10.812,1173050268,2565812,1,0.95874,-0.10059,0.53198,-2.069,0.992,-2.664
2026-05-20 15:05:10.812,1173050268,2565812,2,0.89209,0.09058,0.43237,-3.672,-0.366,-0.725
2026-05-20 15:05:10.012,1173049468,2566012,1,0.96094,-0.10693,0.51489,-1.191,0.985,-1.282
2026-05-20 15:05:10.012,1173049468,2566012,2,0.89673,0.09106,0.42749,-1.435,-0.397,-0.084
2026-05-20 15:05:10.212,1173049668,2566212,1,0.95874,-0.10718,0.52075,0.252,2.099,-0.481
2026-05-20 15:05:10.212,1173049668,2566212,2,0.89771,0.09937,0.43091,-0.344,1.092,1.527
2026-05-20 15:05:10.412,1173049868,2566412,1,0.95508,-0.10547,0.52759,-0.756,1.878,-0.198
2026-05-20 15:05:10.412,1173049868,2566412,2,0.90137,0.09497,0.42944,0.824,1.656,1.237
2026-05-20 15:05:10.612,1173050068,2566612,1,0.95337,-0.10767,0.51782,-2.565,0.565,0.053
2026-05-20 15:05:10.612,1173050068,2566612,2,0.896,0.08765,0.43042,-1.947,0.084,0.687
2026-05-20 15:05:11.812,1173051268,2566812,1,0.9624,-0.10352,0.52271,-0.389,1.26,-0.466
2026-05-20 15:05:11.812,1173051268,2566812,2,0.90161,0.09058,0.43701,-2.366,-0.267,0.519
2026-05-20 15:05:11.012,1173050468,2567012,1,0.96362,-0.10742,0.50903,-0.802,1.611,-0.565
2026-05-20 15:05:11.012,1173050468,2567012,2,0.896,0.08618,0.42236,-2.237,0.29,0.405
2026-05-20 15:05:11.212,1173050668,2567212,1,0.96411,-0.10107,0.51221,-0.489,-0.405,0.015
2026-05-20 15:05:11.212,1173050668,2567212,2,0.91284,0.09839,0.41113,-3.321,0.122,0.145
2026-05-20 15:05:11.412,1173050868,2567412,1,0.95947,-0.15503,0.51465,-4.74,0.084,-5.954
2026-05-20 15:05:11.412,1173050868,2567412,2,0.88281,0.08032,0.44849,5.595,-0.618,-5.977
2026-05-20 15:05:11.612,1173051068,2567612,1,0.9978,-0.10693,0.44604,-36.374,-8.74,-11.176
2026-05-20 15:05:11.612,1173051068,2567612,2,0.93994,0.08911,0.44336,-17.885,0.046,-8.534
2026-05-20 15:05:12.812,1173052268,2567812,1,1.05908,-0.11084,0.5271,-26.725,13.099,14.58
2026-05-20 15:05:12.812,1173052268,2567812,2,0.99146,0.03198,0.46118,-59.74,-17.435,-21.061
2026-05-20 15:05:12.012,1173051468,2568012,1,0.64111,-0.08228,0.59399,-40.931,14.26,18.847
2026-05-20 15:05:12.012,1173051468,2568012,2,0.63892,0.15771,0.43408,-10.618,-60.305,-9.29
2026-05-20 15:05:12.212,1173051668,2568212,1,0.93774,-0.03198,0.56421,31.45,-24.824,-22.466
2026-05-20 15:05:12.212,1173051668,2568212,2,1.04443,0.16162,0.11914,-17.282,-52.687,14.748
2026-05-20 15:05:12.412,1173051868,2568412,1,1.09717,-0.26587,0.34473,106.053,-24.573,29.969
2026-05-20 15:05:12.412,1173051868,2568412,2,1.08838,-0.07446,0.26099,49.855,21.351,25.046
2026-05-20 15:05:12.612,1173052068,2568612,1,0.88062,-0.28076,0.51318,-21.504,5.229,-19.702
2026-05-20 15:05:12.612,1173052068,2568612,2,0.78784,-0.12695,0.39917,21.504,-37.817,27.237
2026-05-20 15:05:13.812,1173053268,2568812,1,0.94043,-0.23218,0.396,-10.489,-5.221,17.908
2026-05-20 15:05:13.812,1173053268,2568812,2,0.9436,-0.02783,0.30518,-3.534,48.336,16.687
2026-05-20 15:05:13.012,1173052468,2569012,1,1.13525,-0.24023,0.36157,-10.878,1.794,-10.863
2026-05-20 15:05:13.012,1173052468,2569012,2,1.00366,-0.00684,0.31909,-22.206,-0.198,-22.458
2026-05-20 15:05:13.212,1173052668,2569212,1,1.05518,-0.06299,0.40332,13.763,-6.183,-14.832
2026-05-20 15:05:13.212,1173052668,2569212,2,0.9436,0.17578,0.36987,27.565,33.275,-13.015
2026-05-20 15:05:13.412,1173052868,2569412,1,0.927,-0.09351,0.54395,-6.267,8.947,-2.931
2026-05-20 15:05:13.412,1173052868,2569412,2,0.86841,0.13477,0.46118,-2.328,24.092,6.481
2026-05-20 15:05:13.612,1173053068,2569612,1,0.95923,-0.13013,0.50366,-5.389,3.206,-3.13
2026-05-20 15:05:13.612,1173053068,2569612,2,0.87378,0.08594,0.46118,11.489,6.779,4.687
2026-05-20 15:05:14.812,1173054268,2569812,1,0.96606,-0.09692,0.50146,6.267,0.748,-0.496
2026-05-20 15:05:14.812,1173054268,2569812,2,0.89893,0.07446,0.44775,-6.252,-8.42,1.855
2026-05-20 15:05:14.012,1173053468,2570012,1,0.97437,-0.15039,0.48389,0.198,0.496,2.221
2026-05-20 15:05:14.012,1173053468,2570012,2,0.89941,0.08496,0.44531,-2.206,-3.099,-0.221
2026-05-20 15:05:14.212,1173053668,2570212,1,0.97681,-0.12207,0.47241,-0.412,1.397,-1.374
2026-05-20 15:05:14.212,1173053668,2570212,2,0.8999,0.0957,0.42969,-0.695,0.573,-0.985
2026-05-20 15:05:14.412,1173053868,2570412,1,0.96655,-0.11548,0.49146,-2.176,1.13,-2.771
2026-05-20 15:05:14.412,1173053868,2570412,2,0.90063,0.08887,0.41846,1.504,1.718,-0.87
2026-05-20 15:05:14.612,1173054068,2570612,1,0.96265,-0.10254,0.48438,7.473,-2.183,-6.466
2026-05-20 15:05:14.612,1173054068,2570612,2,0.89966,0.10303,0.43359,6.557,0.214,-1.214
2026-05-20 15:05:15.812,1173055268,2570812,1,0.97412,-0.03564,0.45337,2.55,2.084,0.366
2026-05-20 15:05:15.812,1173055268,2570812,2,0.88745,0.12964,0.40186,4.931,2.595,2.214
2026-05-20 15:05:15.012,1173054468,2571012,1,0.9917,-0.10498,0.47925,-10.359,0.099,1.244
2026-05-20 15:05:15.012,1173054468,2571012,2,0.89648,0.11084,0.41772,-7.611,0.557,2.42
2026-05-20 15:05:15.212,1173054668,2571212,1,0.96802,-0.10474,0.49194,2.031,3.466,0.924
2026-05-20 15:05:15.212,1173054668,2571212,2,0.89111,0.10425,0.42773,-0.672,2.221,2.443
2026-05-20 15:05:15.412,1173054868,2571412,1,0.97681,-0.11206,0.48511,0.718,3.725,-0.42
2026-05-20 15:05:15.412,1173054868,2571412,2,0.89697,0.09546,0.43628,-0.115,-0.168,0.626
2026-05-20 15:05:15.612,1173055068,2571612,1,0.96411,-0.10254,0.49146,-0.985,1.183,-0.557
2026-05-20 15:05:15.612,1173055068,2571612,2,0.89575,0.10718,0.42871,-1.832,0.611,0.389
2026-05-20 15:05:16.812,1173056268,2571812,1,0.97729,-0.09814,0.49634,-0.794,0.718,-0.626
2026-05-20 15:05:16.812,1173056268,2571812,2,0.89673,0.09644,0.44531,-1.893,-0.29,0.321
2026-05-20 15:05:16.012,1173055468,2572012,1,0.9729,-0.09546,0.49463,-0.176,1.733,-0.237
2026-05-20 15:05:16.012,1173055468,2572012,2,0.89502,0.09717,0.44727,-1.718,-0.42,0.344
2026-05-20 15:05:16.212,1173055668,2572212,1,0.97339,-0.10156,0.50122,-0.817,0.611,-0.137
2026-05-20 15:05:16.212,1173055668,2572212,2,0.89697,0.09644,0.4397,-2.313,0.74,0.962
2026-05-20 15:05:16.412,1173055868,2572412,1,0.96338,-0.10254,0.48511,-4.809,1.366,-2.695
2026-05-20 15:05:16.412,1173055868,2572412,2,0.8916,0.08667,0.43262,-4.527,-1.481,0.176
2026-05-20 15:05:16.612,1173056068,2572612,1,0.97339,-0.09595,0.47925,0.504,1.221,-0.244
2026-05-20 15:05:16.612,1173056068,2572612,2,0.89746,0.0918,0.42749,-2.504,-2.023,0.183
2026-05-20 15:05:17.812,1173057268,2572812,1,0.97192,-0.10278,0.48975,-0.573,1.542,-0.313
2026-05-20 15:05:17.812,1173057268,2572812,2,0.90259,0.09058,0.42944,-1.0,0.023,0.351
2026-05-20 15:05:17.012,1173056468,2573012,1,0.97192,-0.09814,0.48218,-0.16,1.649,-0.45
2026-05-20 15:05:17.012,1173056468,2573012,2,0.89941,0.09644,0.43188,-0.977,0.817,0.328
2026-05-20 15:05:17.212,1173056668,2573212,1,0.97412,-0.11182,0.49658,-0.344,2.359,-0.42
2026-05-20 15:05:17.212,1173056668,2573212,2,0.89771,0.09424,0.41968,-0.344,0.71,1.008
2026-05-20 15:05:17.412,1173056868,2573412,1,0.97192,-0.10181,0.48267,-1.641,0.092,-0.885
2026-05-20 15:05:17.412,1173056868,2573412,2,0.89795,0.09131,0.42944,-1.099,0.985,0.496
2026-05-20 15:05:17.612,1173057068,2573612,1,0.96997,-0.10205,0.49072,-0.458,1.786,-0.237
2026-05-20 15:05:17.612,1173057068,2573612,2,0.90454,0.09277,0.42578,-0.878,0.435,0.298
2026-05-20 15:05:18.812,1173058268,2573812,1,0.97314,-0.10352,0.48608,-0.13,2.321,-0.573
2026-05-20 15:05:18.812,1173058268,2573812,2,0.9021,0.09302,0.41821,-0.962,0.634,0.611
2026-05-20 15:05:18.012,1173057468,2574012,1,0.97388,-0.09888,0.48511,-0.344,1.344,-0.244
2026-05-20 15:05:18.012,1173057468,2574012,2,0.89551,0.0957,0.42749,-1.038,0.939,0.504
2026-05-20 15:05:18.212,1173057668,2574212,1,0.97437,-0.09961,0.49365,-0.115,1.855,-0.313
2026-05-20 15:05:18.212,1173057668,2574212,2,0.89746,0.09497,0.42822,-0.84,0.458,0.443
2026-05-20 15:05:18.412,1173057868,2574412,1,0.97095,-0.10376,0.50244,-0.359,1.87,-0.374
2026-05-20 15:05:18.412,1173057868,2574412,2,0.89648,0.09448,0.4314,-1.183,0.015,0.366
2026-05-20 15:05:18.612,1173058068,2574612,1,0.97412,-0.09961,0.49585,-0.847,1.42,-0.718
2026-05-20 15:05:18.612,1173058068,2574612,2,0.90063,0.09131,0.42944,-0.74,0.443,0.687
2026-05-20 15:05:19.812,1173059268,2574812,1,0.97144,-0.10474,0.49829,-0.099,0.977,-0.244
2026-05-20 15:05:19.812,1173059268,2574812,2,0.90112,0.09546,0.42261,-0.557,1.046,0.725
2026-05-20 15:05:19.012,1173058468,2575012,1,0.97583,-0.09619,0.4895,-0.939,0.687,-0.504
2026-05-20 15:05:19.012,1173058468,2575012,2,0.896,0.09106,0.43408,-1.16,0.489,0.481
2026-05-20 15:05:19.212,1173058668,2575212,1,0.97827,-0.10352,0.4895,-0.679,1.405,-0.672
2026-05-20 15:05:19.212,1173058668,2575212,2,0.89673,0.09229,0.42432,-0.45,0.977,0.679
2026-05-20 15:05:19.412,1173058868,2575412,1,0.96558,-0.10596,0.5022,-0.611,0.962,-0.458
2026-05-20 15:05:19.412,1173058868,2575412,2,0.89502,0.09888,0.42578,-0.924,1.031,0.595
2026-05-20 15:05:19.612,1173059068,2575612,1,0.97046,-0.10205,0.4939,-0.466,1.473,-0.443
2026-05-20 15:05:19.612,1173059068,2575612,2,0.89966,0.09692,0.42505,-1.718,0.511,0.519
2026-05-20 15:05:20.812,1173060268,2575812,1,0.97046,-0.09888,0.50171,-0.573,1.718,-0.511
2026-05-20 15:05:20.812,1173060268,2575812,2,0.90405,0.09155,0.43286,-1.458,-0.611,0.427
2026-05-20 15:05:20.012,1173059468,2576012,1,0.97095,-0.09741,0.48608,-0.252,1.45,-0.336
2026-05-20 15:05:20.012,1173059468,2576012,2,0.89844,0.09277,0.43115,-1.458,0.534,0.588
2026-05-20 15:05:20.212,1173059668,2576212,1,0.97266,-0.10303,0.49658,-0.45,1.168,-0.244
2026-05-20 15:05:20.212,1173059668,2576212,2,0.89502,0.09058,0.42847,-1.679,1.038,0.885
2026-05-20 15:05:20.467,1173059923,2576467,1,0.96802,-0.09668,0.50049,-1.046,1.092,-0.489
2026-05-20 15:05:20.467,1173059923,2576467,2,0.89673,0.09985,0.43604,-1.855,-0.412,0.321
2026-05-20 15:05:20.667,1173060123,2576667,1,0.97266,-0.10132,0.49365,-0.382,1.718,-0.382
2026-05-20 15:05:20.667,1173060123,2576667,2,0.89868,0.09521,0.43823,-1.756,-0.038,0.214
2026-05-20 15:05:21.867,1173061323,2576867,1,0.97339,-0.09912,0.49487,-0.328,2.053,-0.397
2026-05-20 15:05:21.867,1173061323,2576867,2,0.89819,0.09839,0.42847,-0.893,0.229,0.687
2026-05-20 15:05:21.067,1173060523,2577067,1,0.96875,-0.10278,0.49243,-0.076,1.634,-0.58
2026-05-20 15:05:21.067,1173060523,2577067,2,0.89844,0.09229,0.4248,-1.122,0.344,0.389
2026-05-20 15:05:21.267,1173060723,2577267,1,0.97192,-0.104,0.49707,-0.427,0.908,-0.069
2026-05-20 15:05:21.267,1173060723,2577267,2,0.89868,0.09595,0.42896,-1.916,0.527,0.489
2026-05-20 15:05:21.467,1173060923,2577467,1,0.96313,-0.08521,0.49341,-0.443,2.015,0.573
2026-05-20 15:05:21.467,1173060923,2577467,2,0.88647,0.08447,0.4231,-2.412,-0.748,2.221
2026-05-20 15:05:21.667,1173061123,2577667,1,0.96973,-0.09399,0.49878,6.023,0.939,2.641
2026-05-20 15:05:21.667,1173061123,2577667,2,0.90674,0.07983,0.43115,0.023,-1.16,2.336
2026-05-20 15:05:22.867,1173062323,2577867,1,0.97607,-0.11743,0.46851,-4.893,-1.931,2.008
2026-05-20 15:05:22.867,1173062323,2577867,2,0.90601,0.06763,0.41577,2.328,3.527,4.015
2026-05-20 15:05:22.067,1173061523,2578067,1,0.97949,-0.13867,0.46118,-5.282,0.252,1.519
2026-05-20 15:05:22.067,1173061523,2578067,2,0.90967,0.05908,0.40869,-0.962,0.931,1.588
2026-05-20 15:05:22.267,1173061723,2578267,1,0.98364,-0.1377,0.47168,0.802,1.878,-0.305
2026-05-20 15:05:22.267,1173061723,2578267,2,0.90088,0.08057,0.42285,-3.435,-0.298,-0.183
2026-05-20 15:05:22.467,1173061923,2578467,1,0.98145,-0.13013,0.47095,-1.282,2.885,-1.122
2026-05-20 15:05:22.467,1173061923,2578467,2,0.91235,0.06885,0.40894,0.763,1.573,0.519
2026-05-20 15:05:22.667,1173062123,2578667,1,0.97485,-0.12646,0.46509,-2.191,1.977,-0.336
2026-05-20 15:05:22.667,1173062123,2578667,2,0.9104,0.07422,0.4209,-1.55,-0.336,0.412
2026-05-20 15:05:23.867,1173063323,2578867,1,0.979,-0.11987,0.48047,0.634,1.473,-0.527
2026-05-20 15:05:23.867,1173063323,2578867,2,0.90527,0.07593,0.41064,-2.969,-1.183,0.145
2026-05-20 15:05:23.067,1173062523,2579067,1,0.98022,-0.12549,0.47192,-0.069,0.847,-0.382
2026-05-20 15:05:23.067,1173062523,2579067,2,0.90698,0.08032,0.4165,-0.893,0.832,0.496
2026-05-20 15:05:23.267,1173062723,2579267,1,0.97876,-0.12354,0.46826,-1.779,2.893,-1.252
2026-05-20 15:05:23.267,1173062723,2579267,2,0.90527,0.07886,0.41528,-3.115,1.0,1.061
2026-05-20 15:05:23.467,1173062923,2579467,1,0.97241,-0.13379,0.47681,-0.626,0.588,0.55
2026-05-20 15:05:23.467,1173062923,2579467,2,0.8999,0.07422,0.42944,4.008,5.366,1.298
2026-05-20 15:05:23.667,1173063123,2579667,1,0.97412,-0.13037,0.46851,-1.779,1.0,-0.649
2026-05-20 15:05:23.667,1173063123,2579667,2,0.90308,0.07227,0.41113,-0.198,1.244,0.985
2026-05-20 15:05:24.867,1173064323,2579867,1,0.97681,-0.12744,0.46509,-1.634,0.237,-0.87
2026-05-20 15:05:24.867,1173064323,2579867,2,0.90601,0.07544,0.40576,1.458,2.649,1.26
2026-05-20 15:05:24.305,1173063761,2580304,1,0.98364,-0.12671,0.47192,-1.336,0.992,-0.832
2026-05-20 15:05:24.305,1173063761,2580304,2,0.90405,0.07593,0.42432,-3.725,-1.718,-0.45
2026-05-20 15:05:24.504,1173063960,2580504,1,0.979,-0.12476,0.4751,-1.901,0.786,-0.458
2026-05-20 15:05:24.504,1173063960,2580504,2,0.91187,0.07959,0.41382,-3.076,-1.275,-0.221
2026-05-20 15:05:24.704,1173064160,2580704,1,0.9729,-0.12646,0.46851,0.947,0.427,-0.733
2026-05-20 15:05:24.704,1173064160,2580704,2,0.9104,0.08813,0.42163,-7.092,-4.053,-1.206
2026-05-20 15:05:25.904,1173065360,2580904,1,0.97778,-0.14185,0.47046,-2.725,-0.718,-2.267
2026-05-20 15:05:25.904,1173065360,2580904,2,0.91089,0.07666,0.41235,-3.038,1.061,-1.061
2026-05-20 15:05:25.104,1173064560,2581104,1,0.97485,-0.13477,0.45508,-2.252,1.031,-2.511
2026-05-20 15:05:25.104,1173064560,2581104,2,0.91992,0.07568,0.41968,-1.107,-1.786,-1.733
2026-05-20 15:05:25.304,1173064760,2581304,1,0.98242,-0.11548,0.45532,0.863,1.779,-0.481
2026-05-20 15:05:25.304,1173064760,2581304,2,0.90356,0.08691,0.42676,-2.534,-0.519,0.176
2026-05-20 15:05:25.504,1173064960,2581504,1,0.97754,-0.12231,0.46826,1.031,1.466,-0.466
2026-05-20 15:05:25.504,1173064960,2581504,2,0.90405,0.07813,0.41626,-1.679,1.237,1.206
2026-05-20 15:05:25.704,1173065160,2581704,1,0.9856,-0.1272,0.45898,-0.527,1.374,-0.168
2026-05-20 15:05:25.704,1173065160,2581704,2,0.90942,0.0813,0.41309,1.427,2.252,0.366
2026-05-20 15:05:26.904,1173066360,2581904,1,0.9812,-0.10767,0.46826,-0.977,2.107,-1.137
2026-05-20 15:05:26.904,1173066360,2581904,2,0.89819,0.08545,0.40796,-0.786,2.725,0.863
2026-05-20 15:05:26.104,1173065560,2582104,1,0.97998,-0.12109,0.46753,-0.519,1.427,-0.908
2026-05-20 15:05:26.104,1173065560,2582104,2,0.90332,0.07959,0.4209,-2.71,-1.298,-0.107
2026-05-20 15:05:26.304,1173065760,2582304,1,0.97485,-0.1189,0.4707,-0.939,1.496,-0.672
2026-05-20 15:05:26.304,1173065760,2582304,2,0.90381,0.08691,0.42847,-0.84,-0.626,-0.092
2026-05-20 15:05:26.504,1173065960,2582504,1,0.97485,-0.11865,0.47021,0.244,2.191,-0.817
2026-05-20 15:05:26.504,1173065960,2582504,2,0.90161,0.08643,0.42505,-0.908,0.618,-0.038
2026-05-20 15:05:26.704,1173066160,2582704,1,0.97314,-0.10693,0.4751,-2.191,1.718,-0.313
2026-05-20 15:05:26.704,1173066160,2582704,2,0.9021,0.07959,0.42749,2.16,1.244,1.046
2026-05-20 15:05:27.904,1173067360,2582904,1,0.98169,-0.13306,0.46704,-0.573,1.763,-0.733
2026-05-20 15:05:27.904,1173067360,2582904,2,0.90332,0.08423,0.43384,-1.542,3.969,1.092
2026-05-20 15:05:27.104,1173066560,2583104,1,0.97876,-0.11475,0.46558,-0.58,1.947,-0.626
2026-05-20 15:05:27.104,1173066560,2583104,2,0.90259,0.08887,0.41724,-1.046,0.664,0.328
2026-05-20 15:05:27.304,1173066760,2583304,1,0.9856,-0.11987,0.4624,-0.046,1.939,-0.573
2026-05-20 15:05:27.304,1173066760,2583304,2,0.90381,0.09155,0.41919,-1.443,-1.344,0.16
2026-05-20 15:05:27.504,1173066960,2583504,1,0.97729,-0.11328,0.47437,0.115,2.015,-0.252
2026-05-20 15:05:27.504,1173066960,2583504,2,0.89941,0.08447,0.42261,-0.794,0.733,0.664
2026-05-20 15:05:27.704,1173067160,2583704,1,0.98779,-0.11401,0.46387,-0.55,0.809,-0.473
2026-05-20 15:05:27.704,1173067160,2583704,2,0.90186,0.08643,0.41309,0.489,1.656,1.206
2026-05-20 15:05:28.904,1173068360,2583904,1,0.97754,-0.10986,0.47241,-0.099,2.718,-0.58
2026-05-20 15:05:28.904,1173068360,2583904,2,0.91138,0.08203,0.42139,-2.557,-1.191,0.183
2026-05-20 15:05:28.104,1173067560,2584104,1,0.97656,-0.11865,0.46851,0.137,1.504,-0.29
2026-05-20 15:05:28.104,1173067560,2584104,2,0.896,0.09058,0.41089,-0.473,1.824,0.664
2026-05-20 15:05:28.304,1173067760,2584304,1,0.97754,-0.11182,0.46826,-0.237,1.58,-0.374
2026-05-20 15:05:28.304,1173067760,2584304,2,0.91113,0.09033,0.41919,-2.55,-0.863,0.145
2026-05-20 15:05:28.504,1173067960,2584504,1,0.97388,-0.11499,0.47925,-0.878,1.267,-0.29
2026-05-20 15:05:28.504,1173067960,2584504,2,0.89941,0.0835,0.42236,-1.305,1.947,0.847
2026-05-20 15:05:28.704,1173068160,2584704,1,0.97974,-0.11084,0.47021,-0.473,0.473,-0.374
2026-05-20 15:05:28.704,1173068160,2584704,2,0.89697,0.08691,0.42798,-1.092,1.725,0.977
2026-05-20 15:05:29.904,1173069360,2584904,1,0.97876,-0.11499,0.46753,-0.389,0.595,-0.588
2026-05-20 15:05:29.904,1173069360,2584904,2,0.90259,0.08618,0.42896,-1.718,0.901,0.198
2026-05-20 15:05:29.104,1173068560,2585104,1,0.97559,-0.1106,0.46265,-0.985,1.191,-0.611
2026-05-20 15:05:29.104,1173068560,2585104,2,0.9043,0.08398,0.44214,-0.099,-0.137,0.115
2026-05-20 15:05:29.304,1173068760,2585304,1,0.97632,-0.11377,0.47925,-0.885,1.405,-0.634
2026-05-20 15:05:29.304,1173068760,2585304,2,0.89868,0.09131,0.42896,-0.916,2.519,0.786
2026-05-20 15:05:29.504,1173068960,2585504,1,0.97485,-0.11548,0.47974,-1.0,1.84,-0.328
2026-05-20 15:05:29.504,1173068960,2585504,2,0.89722,0.08472,0.4248,-1.634,-0.435,0.26
2026-05-20 15:05:29.704,1173069160,2585704,1,0.97217,-0.11816,0.4707,-0.16,1.542,-0.504
2026-05-20 15:05:29.704,1173069160,2585704,2,0.89771,0.08667,0.42236,-1.954,-0.695,0.214
2026-05-20 15:05:30.904,1173070360,2585904,1,0.97949,-0.10718,0.48145,-0.588,1.305,-0.344
2026-05-20 15:05:30.904,1173070360,2585904,2,0.92065,0.09375,0.40112,-0.885,,0.176
2026-05-20 15:05:30.104,1173069560,2586104,1,0.9585,-0.10498,0.4751,0.427,-3.878,-0.802
2026-05-20 15:05:30.104,1173069560,2586104,2,0.8811,0.0647,0.43311,-8.656,0.878,-2.519
2026-05-20 15:05:30.304,1173069760,2586304,1,1.01587,-0.11597,0.41846,-7.344,-1.519,-0.649
2026-05-20 15:05:30.304,1173069760,2586304,2,0.89893,0.0564,0.45874,-3.809,-4.214,1.214
2026-05-20 15:05:30.504,1173069960,2586504,1,0.99536,-0.09058,0.45166,-5.084,-0.053,-0.702
2026-05-20 15:05:30.504,1173069960,2586504,2,0.91309,0.07813,0.43481,-8.763,-1.458,2.053
2026-05-20 15:05:30.704,1173070160,2586704,1,0.99902,-0.12451,0.44043,5.046,3.221,1.076
2026-05-20 15:05:30.704,1173070160,2586704,2,0.90942,0.07959,0.42847,4.092,7.366,1.534
2026-05-20 15:05:31.904,1173071360,2586904,1,0.99023,-0.11548,0.44727,-6.794,-2.786,-0.74
2026-05-20 15:05:31.904,1173071360,2586904,2,0.90503,0.06763,0.41138,0.313,3.893,2.58
2026-05-20 15:05:31.104,1173070560,2587104,1,0.99805,-0.1145,0.42798,-5.031,0.664,1.802
2026-05-20 15:05:31.104,1173070560,2587104,2,0.90674,0.073,0.41357,-5.298,-2.771,2.893
2026-05-20 15:05:31.304,1173070760,2587304,1,0.99048,-0.13184,0.43164,-6.542,2.519,2.069
2026-05-20 15:05:31.304,1173070760,2587304,2,0.91406,0.05273,0.42236,-8.511,-6.176,1.107
2026-05-20 15:05:31.504,1173070960,2587504,1,0.99854,-0.16382,0.45728,3.344,-3.473,0.847
2026-05-20 15:05:31.504,1173070960,2587504,2,0.89282,0.07373,0.42163,10.672,7.046,2.366
2026-05-20 15:05:31.704,1173071160,2587704,1,0.99609,-0.15601,0.42236,-8.069,-0.427,0.176
2026-05-20 15:05:31.704,1173071160,2587704,2,0.91895,0.05176,0.4104,3.786,1.244,1.038
2026-05-20 15:05:32.914,1173072370,2587914,1,0.98926,-0.14063,0.43213,3.832,-0.664,2.137
2026-05-20 15:05:32.914,1173072370,2587914,2,0.90234,0.06152,0.40308,-2.221,1.824,1.863
2026-05-20 15:05:32.114,1173071570,2588114,1,0.98291,-0.17383,0.43213,2.771,2.313,-0.26
2026-05-20 15:05:32.114,1173071570,2588114,2,0.90308,0.05664,0.41162,4.382,3.198,1.382
2026-05-20 15:05:32.314,1173071770,2588314,1,0.98633,-0.1438,0.42798,1.183,2.053,-0.282
2026-05-20 15:05:32.314,1173071770,2588314,2,0.91235,0.05884,0.40259,-1.55,0.26,0.336
2026-05-20 15:05:32.514,1173071970,2588514,1,0.98584,-0.15356,0.44116,0.084,1.695,-0.115
2026-05-20 15:05:32.514,1173071970,2588514,2,0.9082,0.05664,0.42065,-1.282,-1.489,-0.046
2026-05-20 15:05:32.714,1173072170,2588714,1,0.97217,-0.1377,0.44409,-0.939,4.092,-1.374
2026-05-20 15:05:32.714,1173072170,2588714,2,0.90894,0.04639,0.42236,-17.924,-15.237,-4.305
2026-05-20 15:05:33.914,1173073370,2588914,1,0.93726,-0.146,0.44043,3.725,7.061,2.267
2026-05-20 15:05:33.914,1173073370,2588914,2,0.9314,0.04565,0.45435,-1.725,5.107,-2.672
2026-05-20 15:05:33.114,1173072570,2589114,1,0.9585,-0.13599,0.47559,8.695,-4.672,1.695
2026-05-20 15:05:33.114,1173072570,2589114,2,0.8894,0.09229,0.44336,0.985,2.664,0.267
2026-05-20 15:05:33.314,1173072770,2589314,1,1.00293,-0.13623,0.44531,2.351,7.092,4.58
2026-05-20 15:05:33.314,1173072770,2589314,2,0.92651,0.07007,0.40942,11.458,7.893,8.313
2026-05-20 15:05:33.514,1173072970,2589514,1,0.94702,-0.2356,0.49512,-13.405,11.557,2.748
2026-05-20 15:05:33.514,1173072970,2589514,2,0.92358,0.03247,0.42505,-1.916,-1.656,-0.206
2026-05-20 15:05:33.714,1173073170,2589714,1,0.96118,-0.18457,0.48779,2.267,2.748,3.321
2026-05-20 15:05:33.714,1173073170,2589714,2,0.90259,0.04321,0.41479,-8.137,-1.908,2.695
2026-05-20 15:05:34.914,1173074370,2589914,1,0.96216,-0.20044,0.48926,2.84,1.664,1.794
2026-05-20 15:05:34.914,1173074370,2589914,2,0.90869,0.03711,0.4104,-0.893,3.038,1.183
2026-05-20 15:05:34.240,1173073696,2590239,1,0.96484,-0.20166,0.4834,1.26,4.634,-2.786
2026-05-20 15:05:34.240,1173073696,2590239,2,0.9021,0.0625,0.41309,3.786,0.794,-1.588
2026-05-20 15:05:34.439,1173073895,2590439,1,0.95972,-0.17993,0.49414,2.473,3.214,0.443
2026-05-20 15:05:34.439,1173073895,2590439,2,0.90479,0.05396,0.41699,0.237,2.863,0.924
2026-05-20 15:05:34.639,1173074095,2590639,1,0.95703,-0.1853,0.50098,0.489,1.687,-0.74
2026-05-20 15:05:34.639,1173074095,2590639,2,0.90723,0.05029,0.42847,-1.481,0.527,0.794
2026-05-20 15:05:35.839,1173075295,2590839,1,0.95068,-0.18311,0.5,0.115,2.29,0.137
2026-05-20 15:05:35.839,1173075295,2590839,2,0.90576,0.05688,0.42969,-0.84,1.221,0.198
2026-05-20 15:05:35.039,1173074495,2591039,1,0.94751,-0.18799,0.51978,-0.649,1.977,0.145
2026-05-20 15:05:35.039,1173074495,2591039,2,0.90649,0.0498,0.42603,-0.466,2.649,1.298
2026-05-20 15:05:35.239,1173074695,2591239,1,0.95068,-0.19336,0.50537,0.481,1.58,-0.611
2026-05-20 15:05:35.239,1173074695,2591239,2,0.90503,0.04956,0.4231,0.756,1.824,0.634
2026-05-20 15:05:35.439,1173074895,2591439,1,0.95679,-0.18066,0.49731,-1.137,1.588,-0.557
2026-05-20 15:05:35.439,1173074895,2591439,2,0.90259,0.04932,0.43311,-1.916,0.939,0.458
2026-05-20 15:05:35.686,1173075142,2591685,1,0.95117,-0.18579,0.50146,-1.061,-0.183,-0.832
2026-05-20 15:05:35.686,1173075142,2591685,2,0.90186,0.05615,0.42944,-0.672,1.275,0.695
2026-05-20 15:05:36.885,1173076341,2591885,1,0.95776,-0.17871,0.50146,-0.977,0.557,-0.626
2026-05-20 15:05:36.885,1173076341,2591885,2,0.90991,0.05127,0.42188,-2.427,-0.977,0.42
2026-05-20 15:05:36.085,1173075541,2592085,1,0.95239,-0.18091,0.49634,-0.473,1.573,-0.954
2026-05-20 15:05:36.085,1173075541,2592085,2,0.90454,0.05713,0.42578,-1.832,-0.824,-0.252
2026-05-20 15:05:36.285,1173075741,2592285,1,0.95068,-0.17603,0.50806,0.023,1.634,-0.313
2026-05-20 15:05:36.285,1173075741,2592285,2,0.90381,0.06201,0.41211,-1.008,0.595,0.87
2026-05-20 15:05:36.485,1173075941,2592485,1,0.95288,-0.18164,0.51782,-0.137,1.206,0.107
2026-05-20 15:05:36.485,1173075941,2592485,2,0.90601,0.0564,0.42261,-1.183,0.985,1.053
2026-05-20 15:05:36.685,1173076141,2592685,1,0.95728,-0.18188,0.50293,-2.527,-0.214,-0.916
2026-05-20 15:05:36.685,1173076141,2592685,2,0.90015,0.04834,0.42871,-3.595,-0.969,0.191
2026-05-20 15:05:37.885,1173077341,2592885,1,0.9707,-0.16919,0.48071,-1.74,1.664,-1.099
2026-05-20 15:05:37.885,1173077341,2592885,2,0.90308,0.05225,0.41162,-5.664,1.855,3.618
2026-05-20 15:05:37.085,1173076541,2593085,1,0.93213,-0.19824,0.52808,-9.779,11.137,12.55
2026-05-20 15:05:37.085,1173076541,2593085,2,0.9292,0.05786,0.39185,-6.191,-3.046,8.298
2026-05-20 15:05:37.285,1173076741,2593285,1,0.94238,-0.23511,0.52441,-1.069,4.0,6.466
2026-05-20 15:05:37.285,1173076741,2593285,2,0.91357,-0.00781,0.4082,2.13,6.267,6.916
2026-05-20 15:05:37.485,1173076941,2593485,1,0.92139,-0.24878,0.54565,-4.603,-0.092,-4.305
2026-05-20 15:05:37.485,1173076941,2593485,2,0.92529,0.0083,0.39111,0.099,-0.45,-2.87
2026-05-20 15:05:38.814,1173078270,2593814,1,0.9751,-0.25879,0.49341,-4.763,-3.183,-9.74
2026-05-20 15:05:38.814,1173078270,2593814,2,0.93066,0.02856,0.38916,-1.58,-0.359,-0.496
2026-05-20 15:05:38.098,1173077554,2594098,1,0.93872,-0.20386,0.51172,-3.71,3.183,-2.321
2026-05-20 15:05:38.098,1173077554,2594098,2,0.93628,0.02148,0.3855,-1.634,-0.29,0.672
2026-05-20 15:05:38.298,1173077754,2594298,1,0.94189,-0.20459,0.51807,-0.351,0.603,0.16
2026-05-20 15:05:38.298,1173077754,2594298,2,0.9187,0.01636,0.41162,-0.275,1.771,1.779
2026-05-20 15:05:38.498,1173077954,2594498,1,0.93896,-0.21094,0.53271,-3.061,1.718,-0.786
2026-05-20 15:05:38.498,1173077954,2594498,2,0.91479,0.00586,0.40649,-3.649,-1.595,0.679
2026-05-20 15:05:38.698,1173078154,2594698,1,0.93994,-0.2085,0.52222,1.786,0.351,1.26
2026-05-20 15:05:38.698,1173078154,2594698,2,0.91479,0.02075,0.39697,-0.939,1.13,1.206
2026-05-20 15:05:39.898,1173079354,2594898,1,0.94214,-0.21484,0.5271,0.221,1.656,0.115
2026-05-20 15:05:39.898,1173079354,2594898,2,0.92358,0.01074,0.39258,-2.588,-0.26,0.115
2026-05-20 15:05:39.347,1173078803,2595347,1,0.93579,-0.21265,0.52734,-0.229,1.489,-0.664
2026-05-20 15:05:39.347,1173078803,2595347,2,0.92358,0.01709,0.40112,-2.137,0.298,0.489
2026-05-20 15:05:39.579,1173079035,2595579,1,0.94458,-0.20923,0.50977,-0.504,1.336,-0.588
2026-05-20 15:05:39.579,1173079035,2595579,2,0.91724,0.01318,0.39453,-1.435,-0.183,0.099
2026-05-20 15:05:40.866,1173080322,2595865,1,0.94092,-0.2041,0.52271,-0.252,1.351,-0.733
2026-05-20 15:05:40.866,1173080322,2595865,2,0.91968,0.01367,0.38989,-0.771,0.328,0.16
2026-05-20 15:05:40.065,1173079521,2596065,1,0.93823,-0.21265,0.51636,-0.947,0.664,-0.153
2026-05-20 15:05:40.065,1173079521,2596065,2,0.92383,0.01514,0.3916,-3.725,-1.252,0.099
2026-05-20 15:05:40.265,1173079721,2596265,1,0.93994,-0.21265,0.51831,-0.595,0.794,-0.053
2026-05-20 15:05:40.265,1173079721,2596265,2,0.92188,0.01294,0.39111,-1.015,1.122,0.672
2026-05-20 15:05:40.465,1173079921,2596465,1,0.93604,-0.21069,0.52246,-0.527,1.252,-0.405
2026-05-20 15:05:40.465,1173079921,2596465,2,0.92358,0.01953,0.39136,-0.855,0.763,0.534
2026-05-20 15:05:40.665,1173080121,2596665,1,0.94214,-0.21387,0.52319,-0.718,1.985,-0.664
2026-05-20 15:05:40.665,1173080121,2596665,2,0.92554,0.01978,0.396,-1.947,0.397,0.473
2026-05-20 15:05:41.865,1173081321,2596865,1,0.93481,-0.21167,0.53052,-0.542,1.13,-0.511
2026-05-20 15:05:41.865,1173081321,2596865,2,0.91895,0.00732,0.39795,-1.122,0.634,0.641
2026-05-20 15:05:41.065,1173080521,2597065,1,0.94385,-0.21191,0.52246,-0.344,1.16,-0.824
2026-05-20 15:05:41.065,1173080521,2597065,2,0.9231,0.01099,0.38892,-2.046,0.809,1.244
2026-05-20 15:05:41.265,1173080721,2597265,1,0.93701,-0.20728,0.52515,-0.198,0.947,-0.099
2026-05-20 15:05:41.265,1173080721,2597265,2,0.92285,0.01343,0.40112,-0.053,1.481,0.687
2026-05-20 15:05:43.599,1173083055,2599599,1,0.94092,-0.20898,0.5376,-0.481,1.954,-0.656
2026-05-20 15:05:43.599,1173083055,2599599,2,0.92578,0.01733,0.39038,-0.244,-0.214,-0.794
2026-05-20 15:05:44.799,1173084255,2599799,1,0.92334,-0.2356,0.5271,-4.74,-3.809,-5.664
2026-05-20 15:05:44.799,1173084255,2599799,2,0.92749,0.00342,0.39941,-2.595,-0.206,-4.832
2026-05-20 15:05:44.999,1173084455,2599999,1,0.9353,-0.1853,0.51953,16.649,-14.42,-11.573
2026-05-20 15:05:44.999,1173084455,2599999,2,0.90771,0.06543,0.39941,15.237,5.924,-6.061
2026-05-20 15:05:44.199,1173083655,2600199,1,1.02222,-0.08813,0.40112,-1.878,-1.16,-5.71
2026-05-20 15:05:44.199,1173083655,2600199,2,0.93115,0.06152,0.32446,-2.435,-4.237,-1.0
2026-05-20 15:05:44.399,1173083855,2600399,1,0.9729,-0.1001,0.4292,3.756,-0.183,1.55
2026-05-20 15:05:44.399,1173083855,2600399,2,0.90259,0.09863,0.39941,-2.458,-2.786,0.489
2026-05-20 15:05:44.599,1173084055,2600599,1,0.9834,-0.11792,0.44214,-0.664,2.214,2.015
2026-05-20 15:05:44.599,1173084055,2600599,2,0.927,0.08765,0.39966,-5.481,-2.298,2.649
2026-05-20 15:05:45.884,1173085340,2600884,1,0.99194,-0.1311,0.45752,0.176,0.26,1.947
2026-05-20 15:05:45.884,1173085340,2600884,2,0.90771,0.06812,0.41089,0.191,3.763,2.382
2026-05-20 15:05:45.210,1173084666,2601210,1,0.98975,-0.13306,0.45508,0.267,2.145,-0.267
2026-05-20 15:05:45.210,1173084666,2601210,2,0.91211,0.06616,0.40674,0.069,0.252,1.176
2026-05-20 15:05:45.412,1173084868,2601412,1,0.9812,-0.13501,0.47412,-1.695,1.672,-1.618
2026-05-20 15:05:45.412,1173084868,2601412,2,0.91504,0.07153,0.39648,-1.992,-0.893,0.954
2026-05-20 15:05:45.612,1173085068,2601612,1,0.98535,-0.13013,0.4668,-0.962,1.023,-0.16
2026-05-20 15:05:45.612,1173085068,2601612,2,0.9126,0.06665,0.39429,-0.939,-0.122,0.191
2026-05-20 15:05:46.812,1173086268,2601812,1,0.979,-0.13843,0.46558,-0.573,1.145,-0.725
2026-05-20 15:05:46.812,1173086268,2601812,2,0.90942,0.06934,0.40356,-0.664,0.458,0.565
2026-05-20 15:05:46.012,1173085468,2602012,1,0.97363,-0.13818,0.46289,-1.458,-0.939,-0.71
2026-05-20 15:05:46.012,1173085468,2602012,2,0.91357,0.07275,0.4043,-1.313,-0.137,0.168
2026-05-20 15:05:46.212,1173085668,2602212,1,0.98071,-0.11304,0.46729,-0.565,-0.351,1.221
2026-05-20 15:05:46.212,1173085668,2602212,2,0.90918,0.07593,0.3999,-2.237,-0.183,0.366
2026-05-20 15:05:46.412,1173085868,2602412,1,0.98022,-0.1416,0.4502,1.176,1.817,0.282
2026-05-20 15:05:46.412,1173085868,2602412,2,0.91187,0.06958,0.40039,-0.084,2.45,1.244
2026-05-20 15:05:46.612,1173086068,2602612,1,0.9668,-0.12549,0.48267,-1.557,-0.252,0.229
2026-05-20 15:05:46.612,1173086068,2602612,2,0.9126,0.07056,0.39746,-1.29,1.725,0.611
2026-05-20 15:05:47.827,1173087283,2602827,1,0.97925,-0.14648,0.44849,-7.824,-0.053,-1.153
2026-05-20 15:05:47.827,1173087283,2602827,2,0.92505,0.04468,0.39404,-11.611,-7.298,-1.038
2026-05-20 15:05:47.027,1173086483,2603027,1,0.98218,-0.14355,0.45898,0.542,0.977,-1.534
2026-05-20 15:05:47.027,1173086483,2603027,2,0.91113,0.06494,0.41675,0.405,0.962,1.153
2026-05-20 15:05:47.227,1173086683,2603227,1,0.99146,-0.14551,0.43823,1.176,1.557,-0.496
2026-05-20 15:05:47.227,1173086683,2603227,2,0.91333,0.08032,0.42017,-2.137,-0.305,-0.107
2026-05-20 15:05:47.427,1173086883,2603427,1,0.98242,-0.13623,0.4519,-1.649,2.687,-0.198
2026-05-20 15:05:47.427,1173086883,2603427,2,0.91138,0.05713,0.41309,-3.168,-0.702,0.191
2026-05-20 15:05:47.627,1173087083,2603627,1,0.97925,-0.13452,0.46265,-1.443,3.282,0.565
2026-05-20 15:05:47.627,1173087083,2603627,2,0.91846,0.06787,0.4104,-2.687,-2.366,1.076
2026-05-20 15:05:48.827,1173088283,2603827,1,0.98022,-0.16064,0.45557,-3.061,1.153,-0.191
2026-05-20 15:05:48.827,1173088283,2603827,2,0.9209,0.06177,0.40601,-1.809,-1.29,1.206
2026-05-20 15:05:48.027,1173087483,2604027,1,0.97339,-0.15405,0.45044,1.237,2.137,0.908
2026-05-20 15:05:48.027,1173087483,2604027,2,0.91235,0.07471,0.40015,-2.099,1.511,1.847
2026-05-20 15:05:48.227,1173087683,2604227,1,0.9834,-0.15869,0.45117,1.824,0.298,-0.099
2026-05-20 15:05:48.227,1173087683,2604227,2,0.9209,0.06396,0.39307,-4.0,-3.954,-1.176
2026-05-20 15:05:48.427,1173087883,2604427,1,0.98267,-0.15356,0.45703,-0.16,2.962,1.412
2026-05-20 15:05:48.427,1173087883,2604427,2,0.92236,0.06616,0.40088,-1.015,0.328,1.863
2026-05-20 15:05:48.627,1173088083,2604627,1,0.97754,-0.16797,0.46265,-1.84,-2.962,0.618
2026-05-20 15:05:48.627,1173088083,2604627,2,0.9104,0.04639,0.39429,1.565,1.87,0.931
2026-05-20 15:05:49.010,1173088466,2605010,1,0.97632,-0.18262,0.46753,-1.542,0.023,0.924
2026-05-20 15:05:49.010,1173088466,2605010,2,0.91553,0.052,0.38892,5.679,6.145,2.565
2026-05-20 15:05:49.210,1173088666,2605210,1,0.97583,-0.17529,0.44604,0.092,4.092,-2.366
2026-05-20 15:05:49.210,1173088666,2605210,2,0.91699,0.05615,0.3916,4.916,4.725,-0.084
2026-05-20 15:05:49.410,1173088866,2605410,1,0.97876,-0.15381,0.45337,-0.122,1.611,-0.115
2026-05-20 15:05:49.410,1173088866,2605410,2,0.90698,0.06665,0.4082,0.58,2.756,1.542
2026-05-20 15:05:49.610,1173089066,2605610,1,0.98291,-0.19849,0.42822,-0.832,6.718,-1.947
2026-05-20 15:05:49.610,1173089066,2605610,2,0.91406,0.04736,0.41089,-2.061,-1.695,-0.031
2026-05-20 15:05:50.810,1173090266,2605810,1,0.97778,-0.15381,0.45435,2.969,0.237,-0.664
2026-05-20 15:05:50.810,1173090266,2605810,2,0.9082,0.06836,0.4231,-2.191,2.527,-1.626
2026-05-20 15:05:50.010,1173089466,2606010,1,0.98804,-0.15918,0.44238,-3.458,3.71,-2.344
2026-05-20 15:05:50.010,1173089466,2606010,2,0.91382,0.05029,0.40649,0.229,2.542,2.076
2026-05-20 15:05:50.210,1173089666,2606210,1,0.96826,-0.15308,0.46338,0.038,1.786,-0.015
2026-05-20 15:05:50.210,1173089666,2606210,2,0.91748,0.06006,0.40747,0.137,1.649,1.115
2026-05-20 15:05:50.410,1173089866,2606410,1,0.98096,-0.1604,0.45508,-3.641,0.885,-0.069
2026-05-20 15:05:50.410,1173089866,2606410,2,0.9104,0.05469,0.396,5.74,6.092,1.137
2026-05-20 15:05:50.610,1173090066,2606610,1,0.98315,-0.16626,0.47534,0.336,1.496,-0.115
2026-05-20 15:05:50.610,1173090066,2606610,2,0.93018,0.06079,0.42578,-0.786,-0.885,-1.122
2026-05-20 15:05:51.810,1173091266,2606810,1,0.98853,-0.15698,0.47681,-3.763,4.916,-1.29
2026-05-20 15:05:51.810,1173091266,2606810,2,0.91553,0.05713,0.39771,8.389,10.672,4.221
2026-05-20 15:05:51.010,1173090466,2607010,1,0.96948,-0.16357,0.44629,1.206,1.084,0.42
2026-05-20 15:05:51.010,1173090466,2607010,2,0.91406,0.06787,0.41382,-9.908,-3.595,-0.84
2026-05-20 15:05:51.210,1173090666,2607210,1,0.97607,-0.1665,0.44653,2.534,3.191,0.641
2026-05-20 15:05:51.210,1173090666,2607210,2,0.91724,0.06421,0.40991,-6.244,-5.237,-0.878
2026-05-20 15:05:51.410,1173090866,2607410,1,0.97388,-0.16553,0.4563,1.26,2.435,0.916
2026-05-20 15:05:51.410,1173090866,2607410,2,0.90625,0.07422,0.40674,-2.053,-2.626,0.275
2026-05-20 15:05:51.610,1173091066,2607610,1,0.97412,-0.16455,0.45166,-0.481,2.092,0.359
2026-05-20 15:05:51.610,1173091066,2607610,2,0.90576,0.06543,0.41479,-0.649,0.153,0.725
2026-05-20 15:05:52.810,1173092266,2607810,1,0.97949,-0.1626,0.44727,-1.221,-0.183,2.947
2026-05-20 15:05:52.810,1173092266,2607810,2,0.92139,0.0249,0.42871,-11.405,-9.252,-3.863
2026-05-20 15:05:52.034,1173091490,2608034,1,0.97437,-0.18384,0.45068,-1.344,1.023,0.122
2026-05-20 15:05:52.034,1173091490,2608034,2,0.90869,0.05444,0.37402,-0.931,-1.168,-1.588
2026-05-20 15:05:52.234,1173091690,2608234,1,0.97168,-0.1543,0.44751,4.649,1.015,-1.565
2026-05-20 15:05:52.234,1173091690,2608234,2,0.90942,0.06128,0.40088,-2.756,-2.046,-0.496
2026-05-20 15:05:52.434,1173091890,2608434,1,0.979,-0.17505,0.43604,-4.901,2.29,-0.427
2026-05-20 15:05:52.434,1173091890,2608434,2,0.91309,0.04932,0.40576,-6.206,-0.702,2.092
2026-05-20 15:05:52.634,1173092090,2608634,1,0.97754,-0.17603,0.44165,0.511,-0.389,2.336
2026-05-20 15:05:52.634,1173092090,2608634,2,0.92212,0.04712,0.40088,-6.214,-4.42,-0.893
2026-05-20 15:05:53.834,1173093290,2608834,1,0.97681,-0.1748,0.45337,-0.618,2.137,-0.244
2026-05-20 15:05:53.834,1173093290,2608834,2,0.91479,0.03979,0.40161,2.137,2.733,1.397
2026-05-20 15:05:53.034,1173092490,2609034,1,0.97314,-0.17285,0.44702,-1.405,2.099,-0.015
2026-05-20 15:05:53.034,1173092490,2609034,2,0.92041,0.04028,0.39526,-5.824,-5.74,-0.55
2026-05-20 15:05:53.234,1173092690,2609234,1,0.97534,-0.18481,0.44312,0.412,0.542,-0.16
2026-05-20 15:05:53.234,1173092690,2609234,2,0.9248,0.03784,0.41406,-0.641,-0.672,0.42
2026-05-20 15:05:53.434,1173092890,2609434,1,0.9729,-0.15552,0.45898,-5.504,-1.237,0.305
2026-05-20 15:05:53.434,1173092890,2609434,2,0.92017,0.04126,0.41382,-9.336,-6.969,-0.893
2026-05-20 15:05:53.634,1173093090,2609634,1,0.99487,-0.1875,0.44141,0.466,3.511,-1.504
2026-05-20 15:05:53.634,1173093090,2609634,2,0.91968,0.04004,0.40894,-1.511,-2.496,-0.656
2026-05-20 15:05:54.834,1173094290,2609834,1,0.98364,-0.16577,0.44556,-0.817,1.649,-0.634
2026-05-20 15:05:54.834,1173094290,2609834,2,0.90747,0.04614,0.42456,-2.321,1.023,0.725
2026-05-20 15:05:54.034,1173093490,2610034,1,0.97681,-0.17896,0.45288,-2.496,2.656,0.13
2026-05-20 15:05:54.034,1173093490,2610034,2,0.91895,0.03833,0.40503,-3.847,0.008,0.985
2026-05-20 15:05:54.234,1173093690,2610234,1,0.96948,-0.16748,0.46313,-0.489,-0.496,-0.901
2026-05-20 15:05:54.234,1173093690,2610234,2,0.91968,0.04224,0.41528,-4.885,-6.42,-2.076
2026-05-20 15:05:54.434,1173093890,2610434,1,0.9895,-0.16821,0.43286,-0.511,0.603,-2.13
2026-05-20 15:05:54.434,1173093890,2610434,2,0.91797,0.04688,0.41724,-5.947,-1.198,-0.649
2026-05-20 15:05:54.634,1173094090,2610634,1,0.97656,-0.18164,0.42773,1.244,1.298,0.359
2026-05-20 15:05:54.634,1173094090,2610634,2,0.91772,0.04565,0.39648,-6.26,-6.893,-2.191
2026-05-20 15:05:55.834,1173095290,2610834,1,0.98755,-0.16602,0.45142,1.679,0.198,1.076
2026-05-20 15:05:55.834,1173095290,2610834,2,0.8999,0.07593,0.38135,-7.031,-3.252,-0.252
2026-05-20 15:05:55.034,1173094490,2611034,1,0.97339,-0.16895,0.45435,-1.679,4.832,-1.687
2026-05-20 15:05:55.034,1173094490,2611034,2,0.91846,0.04541,0.41211,0.557,5.45,2.42
2026-05-20 15:05:57.349,1173096805,2613349,1,0.97119,-0.16797,0.46338,2.076,3.435,0.496
2026-05-20 15:05:57.349,1173096805,2613349,2,0.90674,0.0481,0.39136,-0.313,1.221,1.084
2026-05-20 15:05:57.549,1173097005,2613549,1,0.98389,-0.18506,0.45947,-2.275,-2.237,-0.565
2026-05-20 15:05:57.549,1173097005,2613549,2,0.92212,0.04297,0.39111,-2.45,-0.26,-0.198
2026-05-20 15:05:58.749,1173098205,2613749,1,0.98657,-0.18188,0.4519,-1.916,1.885,-0.863
2026-05-20 15:05:58.749,1173098205,2613749,2,0.92749,0.04102,0.39673,-4.122,-2.023,0.008
2026-05-20 15:05:58.949,1173098405,2613949,1,0.97217,-0.18408,0.45825,2.733,1.435,-0.763
2026-05-20 15:05:58.949,1173098405,2613949,2,0.91919,0.05054,0.38989,1.527,2.611,0.405
2026-05-20 15:05:58.225,1173097681,2614225,1,0.98315,-0.17505,0.43701,-0.687,1.023,-0.366
2026-05-20 15:05:58.225,1173097681,2614225,2,0.91699,0.03369,0.38672,0.038,1.992,1.718
2026-05-20 15:05:58.452,1173097908,2614451,1,0.97534,-0.17798,0.44189,-0.092,2.634,0.206
2026-05-20 15:05:58.452,1173097908,2614451,2,0.91675,0.0415,0.40356,-1.076,0.107,0.504
2026-05-20 15:05:58.651,1173098107,2614651,1,0.97534,-0.19678,0.4519,-1.687,2.733,-0.206
2026-05-20 15:05:58.651,1173098107,2614651,2,0.92407,0.0271,0.39136,-3.366,-1.718,-1.0
2026-05-20 15:05:59.851,1173099307,2614851,1,0.97925,-0.15601,0.45459,5.076,-1.45,2.275
2026-05-20 15:05:59.851,1173099307,2614851,2,0.90649,0.06104,0.41211,-5.275,-3.069,0.626
2026-05-20 15:05:59.051,1173098507,2615051,1,0.9812,-0.18848,0.44189,-0.313,3.435,-0.092
2026-05-20 15:05:59.051,1173098507,2615051,2,0.90967,0.04199,0.3999,1.664,3.802,1.71
2026-05-20 15:05:59.251,1173098707,2615251,1,0.98633,-0.18652,0.45068,-0.473,1.076,-1.763
2026-05-20 15:05:59.251,1173098707,2615251,2,0.91504,0.05127,0.38647,-4.947,-4.313,-0.206
2026-05-20 15:05:59.451,1173098907,2615451,1,0.98315,-0.19214,0.43066,1.168,5.137,-2.046
2026-05-20 15:05:59.451,1173098907,2615451,2,0.92773,0.04004,0.39063,-2.458,1.008,1.756
2026-05-20 15:06:00.763,1173100219,2615763,1,0.98218,-0.17334,0.45581,0.275,1.282,-0.176
2026-05-20 15:06:00.763,1173100219,2615763,2,0.92505,0.04126,0.39722,-2.481,-0.756,0.389
2026-05-20 15:06:00.963,1173100419,2615963,1,0.97144,-0.18506,0.44214,-3.84,0.573,-1.656
2026-05-20 15:06:00.963,1173100419,2615963,2,0.92944,0.0249,0.38428,3.87,-0.275,-1.122
2026-05-20 15:06:00.163,1173099619,2616163,1,0.98193,-0.18848,0.45703,-4.832,3.076,-2.336
2026-05-20 15:06:00.163,1173099619,2616163,2,0.91919,0.03174,0.41724,-8.489,-7.168,-1.725
2026-05-20 15:06:00.363,1173099819,2616363,1,0.98706,-0.17163,0.43921,-0.794,0.107,0.824
2026-05-20 15:06:00.363,1173099819,2616363,2,0.90723,0.04077,0.41772,-3.198,-0.473,1.321
2026-05-20 15:06:00.563,1173100019,2616563,1,0.97705,-0.17383,0.45996,-0.626,1.206,0.542
2026-05-20 15:06:00.563,1173100019,2616563,2,0.91284,0.04443,0.41602,-2.053,-0.359,0.931
2026-05-20 15:06:01.763,1173101219,2616763,1,0.97168,-0.19067,0.45508,-2.023,1.939,-2.137
2026-05-20 15:06:01.763,1173101219,2616763,2,0.9187,0.03662,0.40039,-3.878,0.939,0.008
2026-05-20 15:06:01.963,1173101419,2616963,1,0.97681,-0.16382,0.44189,-0.031,-0.366,-0.695
2026-05-20 15:06:01.963,1173101419,2616963,2,0.92163,0.04272,0.38623,-4.939,-4.206,-0.733
2026-05-20 15:06:01.163,1173100619,2617163,1,0.97876,-0.1792,0.45508,0.985,1.511,0.389
2026-05-20 15:06:01.163,1173100619,2617163,2,0.9187,0.04272,0.39917,-2.153,-1.031,0.542
2026-05-20 15:06:01.363,1173100819,2617363,1,0.97583,-0.17651,0.43872,-0.023,1.947,-0.412
2026-05-20 15:06:01.363,1173100819,2617363,2,0.9231,0.03589,0.40112,-0.763,0.229,0.466
2026-05-20 15:06:01.563,1173101019,2617563,1,0.9707,-0.18042,0.45728,-2.038,2.145,-0.229
2026-05-20 15:06:01.563,1173101019,2617563,2,0.92017,0.03687,0.39575,-1.0,1.382,1.115
2026-05-20 15:06:02.763,1173102219,2617763,1,0.979,-0.18237,0.46143,-0.137,1.481,-0.809
2026-05-20 15:06:02.763,1173102219,2617763,2,0.91846,0.03662,0.40039,-0.443,1.137,0.305
2026-05-20 15:06:02.963,1173102419,2617963,1,0.97632,-0.17407,0.45435,-0.267,1.198,0.038
2026-05-20 15:06:02.963,1173102419,2617963,2,0.92432,0.04077,0.39185,1.168,1.397,0.687
2026-05-20 15:06:02.163,1173101619,2618163,1,0.98608,-0.19092,0.43042,-1.664,1.519,-1.061
2026-05-20 15:06:02.163,1173101619,2618163,2,0.92358,0.03931,0.40088,-1.611,0.26,0.443
2026-05-20 15:06:05.995,1173105451,2620995,1,0.97974,-0.17285,0.44556,-0.733,1.618,-0.458
2026-05-20 15:06:05.995,1173105451,2620995,2,0.92871,0.04419,0.38916,-1.634,0.641,0.481
2026-05-20 15:06:05.195,1173104651,2621195,1,0.979,-0.17529,0.44873,-0.817,2.008,-0.427
2026-05-20 15:06:05.195,1173104651,2621195,2,0.92017,0.04663,0.39136,-1.282,0.733,0.595
2026-05-20 15:06:05.395,1173104851,2621395,1,0.9834,-0.15601,0.44629,12.954,6.008,-3.053
2026-05-20 15:06:05.395,1173104851,2621395,2,0.90894,0.0542,0.41235,-3.389,0.931,-1.42
2026-05-20 15:06:05.595,1173105051,2621595,1,0.96265,-0.16382,0.48462,1.29,4.656,1.176
2026-05-20 15:06:05.595,1173105051,2621595,2,0.90747,0.06885,0.41162,4.817,4.519,0.26
2026-05-20 15:06:06.795,1173106251,2621795,1,0.97485,-0.14819,0.47485,-2.305,0.038,-1.321
2026-05-20 15:06:06.795,1173106251,2621795,2,0.91187,0.05054,0.41187,0.954,4.252,1.969
2026-05-20 15:06:06.995,1173106451,2621995,1,0.979,-0.15405,0.46655,-1.641,1.885,-0.527
2026-05-20 15:06:06.995,1173106451,2621995,2,0.91016,0.05322,0.39551,-0.901,0.794,0.427
2026-05-20 15:06:06.195,1173105651,2622195,1,0.98022,-0.15234,0.47021,0.298,2.763,0.053
2026-05-20 15:06:06.195,1173105651,2622195,2,0.91479,0.04858,0.40186,-1.405,1.176,0.794
2026-05-20 15:06:06.395,1173105851,2622395,1,0.96338,-0.16211,0.4707,-0.053,1.366,-0.55
2026-05-20 15:06:06.395,1173105851,2622395,2,0.91016,0.05884,0.40112,-1.16,1.351,0.573
2026-05-20 15:06:06.693,1173106149,2622693,1,0.96948,-0.15674,0.46875,-0.58,1.817,-0.687
2026-05-20 15:06:06.693,1173106149,2622693,2,0.91187,0.04858,0.40796,-1.374,0.573,0.786
2026-05-20 15:06:07.893,1173107349,2622893,1,0.96997,-0.15503,0.46973,-1.023,1.198,-0.565
2026-05-20 15:06:07.893,1173107349,2622893,2,0.91553,0.0481,0.40869,-3.458,-0.908,0.221
2026-05-20 15:06:07.093,1173106549,2623093,1,0.96948,-0.16235,0.48096,-0.779,0.328,-0.29
2026-05-20 15:06:07.093,1173106549,2623093,2,0.91382,0.04883,0.40576,-1.718,0.344,0.496
2026-05-20 15:06:07.293,1173106749,2623293,1,0.98145,-0.16089,0.46509,-0.901,0.695,-0.603
2026-05-20 15:06:07.293,1173106749,2623293,2,0.91699,0.04834,0.41064,0.069,1.916,0.893
2026-05-20 15:06:07.493,1173106949,2623493,1,0.96338,-0.1604,0.47632,-1.313,1.542,0.527
2026-05-20 15:06:07.493,1173106949,2623493,2,0.90894,0.04468,0.40601,-0.626,1.237,0.473
2026-05-20 15:06:07.693,1173107149,2623693,1,0.97412,-0.15454,0.47607,-1.145,1.137,0.031
2026-05-20 15:06:07.693,1173107149,2623693,2,0.90625,0.04346,0.39624,0.42,2.771,1.168
2026-05-20 15:06:08.893,1173108349,2623893,1,0.97266,-0.16162,0.47119,-0.542,2.779,-0.992
2026-05-20 15:06:08.893,1173108349,2623893,2,0.91284,0.04736,0.40601,-2.389,-1.038,0.29
2026-05-20 15:06:08.156,1173107612,2624156,1,0.97021,-0.15723,0.46899,-0.168,2.58,-0.45
2026-05-20 15:06:08.156,1173107612,2624156,2,0.91479,0.05029,0.39429,-0.611,0.588,0.977
2026-05-20 15:06:08.356,1173107812,2624356,1,0.97192,-0.1604,0.4646,-0.473,1.206,-0.55
2026-05-20 15:06:08.356,1173107812,2624356,2,0.9126,0.04785,0.40674,-1.275,0.26,0.542
2026-05-20 15:06:08.556,1173108012,2624556,1,0.96631,-0.15894,0.47485,-0.519,1.542,-0.313
2026-05-20 15:06:08.556,1173108012,2624556,2,0.9126,0.05078,0.40503,-1.58,-0.069,0.481
2026-05-20 15:06:09.756,1173109212,2624756,1,0.9707,-0.15747,0.47949,-0.405,1.023,-0.397
2026-05-20 15:06:09.756,1173109212,2624756,2,0.92163,0.05518,0.39893,-1.198,0.763,0.595
2026-05-20 15:06:09.956,1173109412,2624956,1,0.97632,-0.15186,0.46948,-0.809,0.679,-0.328
2026-05-20 15:06:09.956,1173109412,2624956,2,0.91626,0.05176,0.40454,-1.435,0.634,0.656
2026-05-20 15:06:09.156,1173108612,2625156,1,0.97339,-0.15991,0.47534,-0.489,2.252,-0.672
2026-05-20 15:06:09.156,1173108612,2625156,2,0.91577,0.052,0.40479,-1.901,0.015,0.748
2026-05-20 15:06:09.356,1173108812,2625356,1,0.96924,-0.15894,0.47412,-0.298,1.443,-0.687
2026-05-20 15:06:09.356,1173108812,2625356,2,0.91089,0.04663,0.40479,-1.878,0.359,0.664
2026-05-20 15:06:09.556,1173109012,2625556,1,0.97388,-0.15234,0.47021,-1.321,-0.626,0.023
2026-05-20 15:06:09.556,1173109012,2625556,2,0.91528,0.04858,0.40503,-2.779,0.168,0.71
2026-05-20 15:06:10.756,1173110212,2625756,1,0.97388,-0.16113,0.46606,-0.351,1.153,-0.099
2026-05-20 15:06:10.756,1173110212,2625756,2,0.91968,0.04761,0.40771,-0.649,1.504,0.885
2026-05-20 15:06:10.956,1173110412,2625956,1,0.97046,-0.15063,0.46631,-0.16,2.794,-0.489
2026-05-20 15:06:10.956,1173110412,2625956,2,0.91699,0.04736,0.40552,-1.008,1.221,0.695
2026-05-20 15:06:10.156,1173109612,2626156,1,0.97681,-0.15601,0.46094,-0.565,1.0,-0.366
2026-05-20 15:06:10.156,1173109612,2626156,2,0.91919,0.05273,0.41211,-1.427,0.298,0.542
2026-05-20 15:06:10.356,1173109812,2626356,1,0.97559,-0.15869,0.46851,-1.244,1.153,-0.16
2026-05-20 15:06:10.356,1173109812,2626356,2,0.91528,0.05005,0.40234,-1.481,0.298,0.908
2026-05-20 15:06:10.556,1173110012,2626556,1,0.97803,-0.16504,0.47437,-0.679,0.855,-0.405
2026-05-20 15:06:10.556,1173110012,2626556,2,0.91577,0.04395,0.40674,-1.328,1.58,0.45
2026-05-20 15:06:11.756,1173111212,2626756,1,0.97827,-0.15845,0.46387,-0.687,2.573,-0.321
2026-05-20 15:06:11.756,1173111212,2626756,2,0.91479,0.04834,0.39331,-2.237,-0.336,0.328
2026-05-20 15:06:11.956,1173111412,2626956,1,0.97339,-0.1604,0.46436,-0.298,1.26,-0.611
2026-05-20 15:06:11.956,1173111412,2626956,2,0.91797,0.04761,0.39771,-0.947,0.008,0.366
2026-05-20 15:06:11.156,1173110612,2627156,1,0.97388,-0.15601,0.48633,-0.351,2.107,-0.939
2026-05-20 15:06:11.156,1173110612,2627156,2,0.91455,0.04883,0.39624,-0.122,0.038,0.573
2026-05-20 15:06:11.356,1173110812,2627356,1,0.97583,-0.15723,0.47656,-0.069,2.298,-0.328
2026-05-20 15:06:11.356,1173110812,2627356,2,0.91724,0.05029,0.39795,-0.29,0.702,0.985
2026-05-20 15:06:11.556,1173111012,2627556,1,0.97534,-0.15894,0.47363,-0.443,1.176,-0.58
2026-05-20 15:06:11.556,1173111012,2627556,2,0.91406,0.05078,0.40503,0.412,2.321,1.198
2026-05-20 15:06:15.740,1173115196,2630740,1,0.96948,-0.15771,0.47241,-0.802,1.168,-0.649
2026-05-20 15:06:15.740,1173115196,2630740,2,0.91748,0.05444,0.39648,-2.191,0.198,0.26
2026-05-20 15:06:15.940,1173115396,2630940,1,0.97021,-0.15869,0.46655,-0.458,1.344,-0.359
2026-05-20 15:06:15.940,1173115396,2630940,2,0.91821,0.04639,0.40259,-1.74,0.298,0.687
2026-05-20 15:06:15.140,1173114596,2631140,1,0.97217,-0.16284,0.46973,0.046,1.069,-0.504
2026-05-20 15:06:15.140,1173114596,2631140,2,0.91455,0.04712,0.39258,-1.351,0.351,0.611
2026-05-20 15:06:15.340,1173114796,2631340,1,0.9751,-0.16406,0.46997,-0.443,2.145,-0.672
2026-05-20 15:06:15.340,1173114796,2631340,2,0.91846,0.05225,0.40894,-0.901,1.397,0.855
2026-05-20 15:06:15.632,1173115088,2631632,1,0.96875,-0.15845,0.47168,-0.42,1.458,-0.374
2026-05-20 15:06:15.632,1173115088,2631632,2,0.91821,0.04126,0.40405,-1.115,0.84,0.519
2026-05-20 15:06:16.832,1173116288,2631832,1,0.96997,-0.15674,0.46167,-0.229,1.779,-0.527
2026-05-20 15:06:16.832,1173116288,2631832,2,0.91772,0.04834,0.40942,-2.519,-1.107,0.183
2026-05-20 15:06:16.032,1173115488,2632032,1,0.97192,-0.1582,0.46948,-0.214,1.672,-0.198
2026-05-20 15:06:16.032,1173115488,2632032,2,0.91211,0.04663,0.39575,-1.794,0.069,0.244
2026-05-20 15:06:16.232,1173115688,2632232,1,0.97876,-0.16284,0.47363,-0.58,1.473,-0.336
2026-05-20 15:06:16.232,1173115688,2632232,2,0.92114,0.04126,0.40015,-0.962,0.542,0.115
2026-05-20 15:06:16.432,1173115888,2632432,1,0.9729,-0.16064,0.47314,-0.725,1.412,-0.588
2026-05-20 15:06:16.432,1173115888,2632432,2,0.9126,0.04663,0.40234,-1.466,-0.176,0.557
2026-05-20 15:06:16.632,1173116088,2632632,1,0.96875,-0.15625,0.47021,-0.321,0.924,-0.26
2026-05-20 15:06:16.632,1173116088,2632632,2,0.91528,0.04858,0.396,-2.672,-0.756,0.191
2026-05-20 15:06:17.832,1173117288,2632832,1,0.96948,-0.16235,0.46802,-0.153,1.863,-0.435
2026-05-20 15:06:17.832,1173117288,2632832,2,0.91528,0.04932,0.4021,-1.443,-0.198,0.282
2026-05-20 15:06:17.032,1173116488,2633032,1,0.97363,-0.15137,0.46802,-0.649,0.947,-0.725
2026-05-20 15:06:17.032,1173116488,2633032,2,0.92383,0.04175,0.40015,-1.916,-0.466,0.588
2026-05-20 15:06:17.232,1173116688,2633232,1,0.97998,-0.15479,0.46582,-1.206,0.511,-0.534
2026-05-20 15:06:17.232,1173116688,2633232,2,0.9231,0.04883,0.39624,-1.534,0.687,0.695
2026-05-20 15:06:17.432,1173116888,2633432,1,0.97119,-0.15674,0.46973,-0.939,1.443,-0.695
2026-05-20 15:06:17.432,1173116888,2633432,2,0.92383,0.04321,0.39136,-1.802,0.122,0.313
2026-05-20 15:06:17.632,1173117088,2633632,1,0.979,-0.15674,0.47583,-0.336,1.664,-0.328
2026-05-20 15:06:17.632,1173117088,2633632,2,0.92432,0.04224,0.39697,-0.969,1.511,0.679
2026-05-20 15:06:18.832,1173118288,2633832,1,0.97778,-0.15112,0.47192,-0.794,0.802,-0.115
2026-05-20 15:06:18.832,1173118288,2633832,2,0.91577,0.04395,0.40234,-0.939,0.779,0.588
2026-05-20 15:06:18.032,1173117488,2634032,1,0.97021,-0.15234,0.46313,-0.55,0.153,-0.26
2026-05-20 15:06:18.032,1173117488,2634032,2,0.91211,0.04663,0.39331,-0.84,0.214,0.595
2026-05-20 15:06:18.461,1173117917,2634460,1,0.9729,-0.15356,0.46875,-0.374,2.099,-0.344
2026-05-20 15:06:18.461,1173117917,2634460,2,0.91357,0.04858,0.41138,-1.649,-0.458,0.229
2026-05-20 15:06:18.660,1173118116,2634660,1,0.97607,-0.1582,0.46777,-0.405,1.45,-0.252
2026-05-20 15:06:18.660,1173118116,2634660,2,0.91968,0.04443,0.40381,-2.191,0.305,0.29
2026-05-20 15:06:19.860,1173119316,2634860,1,0.96899,-0.15771,0.47046,-0.588,2.504,-0.351
2026-05-20 15:06:19.860,1173119316,2634860,2,0.92017,0.04639,0.40332,-1.359,0.901,0.58
2026-05-20 15:06:19.061,1173118517,2635061,1,0.97437,-0.15649,0.46826,-0.099,2.427,-0.603
2026-05-20 15:06:19.061,1173118517,2635061,2,0.91602,0.04517,0.39893,-1.099,-0.504,0.351
2026-05-20 15:06:19.261,1173118717,2635261,1,0.97046,-0.15674,0.4729,-0.748,1.237,-0.366
2026-05-20 15:06:19.261,1173118717,2635261,2,0.91333,0.04834,0.40308,-0.611,-0.069,0.389
2026-05-20 15:06:19.500,1173118956,2635500,1,0.97925,-0.16138,0.47314,0.13,2.511,-0.427
2026-05-20 15:06:19.500,1173118956,2635500,2,0.91943,0.0498,0.39844,-0.511,1.504,0.947
2026-05-20 15:06:19.733,1173119189,2635733,1,0.96924,-0.15356,0.48193,-0.092,1.748,-0.42
2026-05-20 15:06:19.733,1173119189,2635733,2,0.91772,0.04834,0.39966,-1.618,-1.466,0.115
2026-05-20 15:06:20.933,1173120389,2635933,1,0.97852,-0.16016,0.47168,-0.519,1.634,-0.458
2026-05-20 15:06:20.933,1173120389,2635933,2,0.91992,0.05225,0.39526,-1.137,0.824,0.618
2026-05-20 15:06:20.133,1173119589,2636133,1,0.97681,-0.16431,0.46802,-0.42,1.42,-0.107
2026-05-20 15:06:20.133,1173119589,2636133,2,0.91357,0.03979,0.40771,-1.42,0.748,0.74
2026-05-20 15:06:20.333,1173119789,2636333,1,0.97461,-0.15649,0.46997,-0.389,0.26,0.092
2026-05-20 15:06:20.333,1173119789,2636333,2,0.91431,0.04834,0.40186,-1.664,0.756,0.679
2026-05-20 15:06:20.533,1173119989,2636533,1,0.96997,-0.1582,0.47949,-0.481,0.901,-0.435
2026-05-20 15:06:20.533,1173119989,2636533,2,0.91748,0.04858,0.40186,-1.16,0.55,0.42
2026-05-20 15:06:21.743,1173121199,2636743,1,0.97241,-0.1543,0.47192,-0.695,0.275,-0.374
2026-05-20 15:06:21.743,1173121199,2636743,2,0.91431,0.04883,0.40381,-1.618,0.473,0.519
2026-05-20 15:06:21.992,1173121448,2636992,1,0.97095,-0.16211,0.48169,-0.435,1.641,-0.092
2026-05-20 15:06:21.992,1173121448,2636992,2,0.9165,0.0481,0.39722,-1.534,0.489,0.641
2026-05-20 15:06:21.311,1173120767,2637311,1,0.97485,-0.15552,0.46167,0.244,2.069,-0.458
2026-05-20 15:06:21.311,1173120767,2637311,2,0.91968,0.05103,0.40503,-1.405,0.237,0.313
2026-05-20 15:06:21.511,1173120967,2637511,1,0.97559,-0.15454,0.47168,-0.481,1.901,-0.641
2026-05-20 15:06:21.511,1173120967,2637511,2,0.91699,0.04346,0.40308,-0.58,0.458,0.359
2026-05-20 15:06:21.711,1173121167,2637711,1,0.96631,-0.15698,0.47559,-0.42,1.649,-0.183
2026-05-20 15:06:21.711,1173121167,2637711,2,0.91675,0.052,0.39844,0.198,1.137,1.031
2026-05-20 15:06:22.911,1173122367,2637911,1,0.97144,-0.15356,0.47339,-0.412,1.405,-0.351
2026-05-20 15:06:22.911,1173122367,2637911,2,0.91479,0.04468,0.39551,-1.191,0.344,0.718
2026-05-20 15:06:22.111,1173121567,2638111,1,0.97046,-0.15894,0.47656,-0.397,1.351,-0.351
2026-05-20 15:06:22.111,1173121567,2638111,2,0.91968,0.04712,0.40381,-1.069,0.588,0.45
2026-05-20 15:06:22.311,1173121767,2638311,1,0.96875,-0.16187,0.4729,-0.725,1.855,-0.733
2026-05-20 15:06:22.311,1173121767,2638311,2,0.92334,0.04956,0.40381,-1.504,0.695,0.511
2026-05-20 15:06:22.511,1173121967,2638511,1,0.97095,-0.16089,0.47607,-1.0,0.74,-0.756
2026-05-20 15:06:22.511,1173121967,2638511,2,0.91064,0.04517,0.39893,-2.496,-0.863,0.496
2026-05-20 15:06:22.711,1173122167,2638711,1,0.97363,-0.15308,0.4729,-0.389,0.557,-0.55
2026-05-20 15:06:22.711,1173122167,2638711,2,0.91553,0.04297,0.4021,-1.145,1.023,0.595
2026-05-20 15:06:23.911,1173123367,2638911,1,0.97827,-0.16187,0.47388,0.115,1.924,-0.634
2026-05-20 15:06:23.911,1173123367,2638911,2,0.9209,0.04688,0.40552,-1.099,1.076,0.74
2026-05-20 15:06:23.173,1173122629,2639173,1,0.97241,-0.15381,0.46558,-0.504,0.511,-0.382
2026-05-20 15:06:23.173,1173122629,2639173,2,0.92139,0.04688,0.4126,-1.74,-0.031,0.496
2026-05-20 15:06:23.373,1173122829,2639373,1,0.9751,-0.1582,0.47217,-0.168,1.679,-0.275
2026-05-20 15:06:23.373,1173122829,2639373,2,0.91821,0.0498,0.3916,-0.802,0.466,0.481
2026-05-20 15:06:23.573,1173123029,2639573,1,0.97583,-0.16064,0.47681,-0.084,2.168,-0.412
2026-05-20 15:06:23.573,1173123029,2639573,2,0.91406,0.04736,0.39233,-0.038,1.397,0.687
2026-05-20 15:06:24.773,1173124229,2639773,1,0.97876,-0.15112,0.47559,-0.481,1.786,-0.458
2026-05-20 15:06:24.773,1173124229,2639773,2,0.9187,0.04883,0.39795,-1.397,-0.359,0.305
2026-05-20 15:06:24.973,1173124429,2639973,1,0.97168,-0.15991,0.48291,-0.55,0.603,0.092
2026-05-20 15:06:24.973,1173124429,2639973,2,0.90942,0.04443,0.39575,-3.649,-0.588,0.817
2026-05-20 15:06:24.404,1173123860,2640404,1,0.97388,-0.17334,0.45825,1.244,-0.221,-0.763
2026-05-20 15:06:24.404,1173123860,2640404,2,0.92236,0.03931,0.40015,-2.763,-1.733,0.137
2026-05-20 15:06:24.604,1173124060,2640604,1,0.97485,-0.17041,0.45825,-1.031,0.153,-0.626
2026-05-20 15:06:24.604,1173124060,2640604,2,0.9209,0.04468,0.40137,-1.359,1.786,0.786
2026-05-20 15:06:25.804,1173125260,2640804,1,0.97534,-0.16138,0.4646,0.183,2.084,-1.053
2026-05-20 15:06:25.804,1173125260,2640804,2,0.92529,0.04712,0.38672,0.183,0.649,0.496
2026-05-20 15:06:25.004,1173124460,2641004,1,0.97656,-0.15942,0.45972,-0.977,-1.374,0.305
2026-05-20 15:06:25.004,1173124460,2641004,2,0.92334,0.05176,0.40015,-1.74,-0.053,0.74
2026-05-20 15:06:25.267,1173124723,2641267,1,0.97388,-0.15552,0.45239,-0.878,1.962,0.084
2026-05-20 15:06:25.267,1173124723,2641267,2,0.91138,0.04077,0.40283,-1.794,1.824,2.351
2026-05-20 15:06:25.467,1173124923,2641467,1,0.97046,-0.16919,0.46265,-1.611,3.626,1.099
2026-05-20 15:06:25.467,1173124923,2641467,2,0.91431,0.03003,0.39819,-3.817,-0.855,1.931
2026-05-20 15:06:25.667,1173125123,2641667,1,0.96924,-0.15063,0.47876,-2.198,0.496,2.527
2026-05-20 15:06:25.667,1173125123,2641667,2,0.92627,0.021,0.39575,-8.0,-8.176,-1.183
2026-05-20 15:06:26.867,1173126323,2641867,1,0.97095,-0.19312,0.46362,2.183,-0.977,1.336
2026-05-20 15:06:26.867,1173126323,2641867,2,0.92993,0.03613,0.3855,-1.191,0.511,-0.763
2026-05-20 15:06:26.067,1173125523,2642067,1,0.97363,-0.18335,0.45972,-1.328,2.29,-1.641
2026-05-20 15:06:26.067,1173125523,2642067,2,0.92432,0.03247,0.39526,2.84,3.542,1.168
2026-05-20 15:06:26.326,1173125782,2642326,1,0.9624,-0.21191,0.45288,-2.244,0.061,-2.504
2026-05-20 15:06:26.326,1173125782,2642326,2,0.93311,0.02905,0.39746,4.038,0.473,-2.511
2026-05-20 15:06:26.526,1173125982,2642526,1,0.97412,-0.1499,0.45825,2.305,2.351,1.153
2026-05-20 15:06:26.526,1173125982,2642526,2,0.90967,0.03955,0.41138,-9.908,-6.023,0.282
2026-05-20 15:06:26.726,1173126182,2642726,1,0.96045,-0.1897,0.47266,-0.824,0.557,-0.298
2026-05-20 15:06:26.726,1173126182,2642726,2,0.92847,0.05688,0.37305,5.031,3.023,0.183
2026-05-20 15:06:29.594,1173129050,2645594,1,0.98096,-0.1748,0.45703,-0.336,2.221,-0.26
2026-05-20 15:06:29.594,1173129050,2645594,2,0.92236,0.0293,0.4043,-1.725,0.206,0.588
2026-05-20 15:06:30.794,1173130250,2645794,1,0.96704,-0.17944,0.46777,1.031,2.771,-0.55
2026-05-20 15:06:30.794,1173130250,2645794,2,0.91895,0.03613,0.39771,1.008,1.916,0.427
2026-05-20 15:06:30.994,1173130450,2645994,1,0.97266,-0.15625,0.46484,-0.16,0.855,0.802
2026-05-20 15:06:30.994,1173130450,2645994,2,0.91675,0.03711,0.40381,-0.344,0.511,0.87
2026-05-20 15:06:30.194,1173129650,2646194,1,0.97144,-0.19434,0.45923,-1.374,0.58,0.008
2026-05-20 15:06:30.194,1173129650,2646194,2,0.91821,0.03979,0.38086,-1.626,-1.458,-0.13
2026-05-20 15:06:30.394,1173129850,2646394,1,0.96851,-0.19165,0.46509,-1.863,3.115,0.534
2026-05-20 15:06:30.394,1173129850,2646394,2,0.92676,0.03418,0.39697,-2.0,-1.481,-0.855
2026-05-20 15:06:30.594,1173130050,2646594,1,0.96826,-0.15723,0.46851,3.252,-0.321,1.901
2026-05-20 15:06:30.594,1173130050,2646594,2,0.9165,0.03198,0.39648,4.771,7.382,2.817
2026-05-20 15:06:31.943,1173131399,2646943,1,0.98022,-0.18433,0.47168,2.397,0.817,1.359
2026-05-20 15:06:31.943,1173131399,2646943,2,0.92236,0.02515,0.41504,-2.595,1.588,1.763
2026-05-20 15:06:31.143,1173130599,2647143,1,0.96191,-0.20044,0.45776,1.511,1.595,-0.038
2026-05-20 15:06:31.143,1173130599,2647143,2,0.91382,0.03247,0.40942,-3.26,-1.16,0.519
2026-05-20 15:06:31.343,1173130799,2647343,1,0.97046,-0.21631,0.44312,-0.519,1.214,-0.412
2026-05-20 15:06:31.343,1173130799,2647343,2,0.91113,0.03271,0.40601,1.496,1.832,0.496
2026-05-20 15:06:31.543,1173130999,2647543,1,0.96582,-0.1875,0.45532,-1.863,1.198,-0.573
2026-05-20 15:06:31.543,1173130999,2647543,2,0.92017,0.02319,0.39771,-4.855,-3.344,-0.427
2026-05-20 15:06:32.743,1173132199,2647743,1,0.97192,-0.19971,0.44263,0.595,2.664,-1.115
2026-05-20 15:06:32.743,1173132199,2647743,2,0.92383,0.0293,0.40601,-4.137,-3.786,-1.382
2026-05-20 15:06:32.943,1173132399,2647943,1,0.97266,-0.20313,0.45874,-1.985,1.183,-0.45
2026-05-20 15:06:32.943,1173132399,2647943,2,0.91895,0.01929,0.40479,-4.206,-0.389,-0.122
2026-05-20 15:06:32.143,1173131599,2648143,1,0.97656,-0.18823,0.46216,3.458,-1.038,-1.595
2026-05-20 15:06:32.143,1173131599,2648143,2,0.91553,0.03247,0.39795,0.901,1.504,-1.145
2026-05-20 15:06:32.343,1173131799,2648343,1,0.97168,-0.18579,0.46118,0.275,1.344,-2.107
2026-05-20 15:06:32.343,1173131799,2648343,2,0.9187,0.0437,0.40479,-5.122,-3.824,-1.29
2026-05-20 15:06:32.543,1173131999,2648543,1,0.97168,-0.19336,0.45459,-0.214,0.267,-0.015
2026-05-20 15:06:32.543,1173131999,2648543,2,0.91992,0.04712,0.39404,-0.275,0.275,-0.305
2026-05-20 15:06:33.746,1173133202,2648746,1,0.97827,-0.16968,0.4585,-3.473,0.641,-0.153
2026-05-20 15:06:33.746,1173133202,2648746,2,0.91992,0.03564,0.40039,-5.733,-3.565,0.534
2026-05-20 15:06:33.946,1173133402,2648946,1,0.9729,-0.16772,0.44873,-1.122,2.496,-0.962
2026-05-20 15:06:33.946,1173133402,2648946,2,0.91138,0.02417,0.41772,-5.84,-5.496,0.023
2026-05-20 15:06:33.146,1173132602,2649146,1,0.97046,-0.18213,0.46387,-0.74,3.046,0.656
2026-05-20 15:06:33.146,1173132602,2649146,2,0.92285,0.0271,0.40771,1.031,3.511,1.641
2026-05-20 15:06:33.346,1173132802,2649346,1,0.97339,-0.17773,0.45508,-0.504,1.557,-1.328
2026-05-20 15:06:33.346,1173132802,2649346,2,0.9209,0.03149,0.40503,-1.527,0.58,0.481
2026-05-20 15:06:33.546,1173133002,2649546,1,0.9707,-0.17969,0.45361,0.656,0.466,0.214
2026-05-20 15:06:33.546,1173133002,2649546,2,0.91602,0.03125,0.40576,-0.756,0.763,-0.237
2026-05-20 15:06:34.746,1173134202,2649746,1,0.97412,-0.18945,0.45166,-6.527,1.496,-1.763
2026-05-20 15:06:34.746,1173134202,2649746,2,0.92847,0.01904,0.39893,-0.427,-2.168,-1.153
2026-05-20 15:06:34.946,1173134402,2649946,1,0.97705,-0.15991,0.4668,-2.183,2.748,-0.695
2026-05-20 15:06:34.946,1173134402,2649946,2,0.92017,0.01172,0.41992,-12.458,-4.87,-0.595
2026-05-20 15:06:34.146,1173133602,2650146,1,0.97534,-0.17139,0.44775,3.275,1.328,1.053
2026-05-20 15:06:34.146,1173133602,2650146,2,0.91943,0.0437,0.40625,-2.893,-1.107,-0.084
2026-05-20 15:06:34.346,1173133802,2650346,1,0.96631,-0.18555,0.4519,2.847,0.427,0.702
2026-05-20 15:06:34.346,1173133802,2650346,2,0.91089,0.04028,0.39404,-2.71,2.809,2.779
2026-05-20 15:06:34.703,1173134159,2650703,1,0.98486,-0.19678,0.43823,-1.481,3.313,-0.046
2026-05-20 15:06:34.703,1173134159,2650703,2,0.92749,0.02661,0.38794,1.26,7.473,2.969
2026-05-20 15:06:35.903,1173135359,2650903,1,0.97534,-0.19775,0.44531,0.763,1.618,-0.252
2026-05-20 15:06:35.903,1173135359,2650903,2,0.92529,0.02856,0.38208,2.198,3.389,1.641
2026-05-20 15:06:35.103,1173134559,2651103,1,0.96655,-0.19165,0.46191,-0.779,1.687,-0.992
2026-05-20 15:06:35.103,1173134559,2651103,2,0.92725,0.0249,0.39478,1.893,0.672,0.656
2026-05-20 15:06:35.303,1173134759,2651303,1,0.96948,-0.18921,0.45728,0.13,1.763,-0.137
2026-05-20 15:06:35.303,1173134759,2651303,2,0.91626,0.03271,0.38989,-0.298,2.641,0.832
2026-05-20 15:06:35.503,1173134959,2651503,1,0.9729,-0.19019,0.47363,-2.771,0.153,0.031
2026-05-20 15:06:35.503,1173134959,2651503,2,0.92285,0.03516,0.39453,-1.557,-2.038,0.893
2026-05-20 15:06:35.703,1173135159,2651703,1,0.97485,-0.2002,0.44531,-1.779,1.573,-0.137
2026-05-20 15:06:35.703,1173135159,2651703,2,0.92749,0.01563,0.40137,0.977,2.939,0.328
2026-05-20 15:06:36.903,1173136359,2651903,1,0.98486,-0.19556,0.4541,0.985,-0.763,-2.786
2026-05-20 15:06:36.903,1173136359,2651903,2,0.92017,0.04736,0.38452,3.374,3.847,-0.153
2026-05-20 15:06:36.177,1173135633,2652177,1,0.96851,-0.18262,0.45776,-2.939,2.046,-1.092
2026-05-20 15:06:36.177,1173135633,2652177,2,0.9231,0.03394,0.39063,-0.435,-0.977,-0.328
2026-05-20 15:06:39.068,1173138524,2655068,1,0.97363,-0.19873,0.45068,0.015,3.076,-1.305
2026-05-20 15:06:39.068,1173138524,2655068,2,0.92627,0.0498,0.39233,8.008,11.565,2.687
2026-05-20 15:06:41.523,1173140979,2657523,1,0.97534,-0.19263,0.46118,-3.969,4.863,-1.137
2026-05-20 15:06:41.523,1173140979,2657523,2,0.91528,0.04761,0.39209,-2.58,-2.183,-1.092
2026-05-20 15:06:44.086,1173143542,2660086,1,0.98779,-0.16846,0.44312,-2.183,2.275,0.901
2026-05-20 15:06:44.086,1173143542,2660086,2,0.92236,0.01855,0.37085,-7.786,-1.145,0.718
2026-05-20 15:06:44.308,1173143764,2660308,1,0.97095,-0.21167,0.45435,1.489,0.947,-0.191
2026-05-20 15:06:44.308,1173143764,2660308,2,0.93018,0.02197,0.3833,-0.916,0.794,-0.634
2026-05-20 15:06:47.953,1173147409,2662953,1,0.9812,-0.19336,0.42847,1.092,2.511,-0.275
2026-05-20 15:06:47.953,1173147409,2662953,2,0.92676,0.02051,0.40112,-3.191,-4.046,0.504
2026-05-20 15:06:47.392,1173146848,2663392,1,0.97925,-0.18701,0.44678,0.527,1.84,0.015
2026-05-20 15:06:47.392,1173146848,2663392,2,0.91357,0.03027,0.40161,1.26,1.725,0.901
2026-05-20 15:06:47.603,1173147059,2663603,1,0.97705,-0.1958,0.44702,-0.969,-0.557,0.466
2026-05-20 15:06:47.603,1173147059,2663603,2,0.91675,0.03271,0.36719,-6.443,-3.756,-2.015
2026-05-20 15:06:50.579,1173150035,2666578,1,0.97998,-0.19263,0.44434,-2.214,-2.496,-0.084
2026-05-20 15:06:50.579,1173150035,2666578,2,0.91602,0.02173,0.35889,-8.13,-4.679,-1.008
2026-05-20 15:06:51.900,1173151356,2666900,1,0.97998,-0.23682,0.46924,1.794,10.893,-7.71
2026-05-20 15:06:51.900,1173151356,2666900,2,0.96484,0.01001,0.37085,11.809,12.969,0.496
2026-05-20 15:06:51.136,1173150592,2667136,1,0.97632,-0.2002,0.45947,-2.366,1.267,-0.969
2026-05-20 15:06:51.136,1173150592,2667136,2,0.92725,0.02441,0.40112,1.55,6.26,1.244
2026-05-20 15:06:51.468,1173150924,2667467,1,0.96826,-0.17383,0.45728,1.664,1.267,1.405
2026-05-20 15:06:51.468,1173150924,2667467,2,0.92334,0.03735,0.37964,-3.656,-0.519,0.756
2026-05-20 15:06:52.741,1173152197,2667740,1,0.9729,-0.19141,0.45752,0.931,1.863,0.29
2026-05-20 15:06:52.741,1173152197,2667740,2,0.93213,0.02588,0.38672,1.962,5.244,1.794
2026-05-20 15:06:52.940,1173152396,2667940,1,0.96362,-0.19629,0.46533,-3.519,2.336,-0.565
2026-05-20 15:06:52.940,1173152396,2667940,2,0.93066,0.01733,0.37207,-0.954,-1.664,-0.099
2026-05-20 15:06:52.160,1173151616,2668160,1,0.97583,-0.18042,0.43799,-0.481,-4.008,-0.656
2026-05-20 15:06:52.160,1173151616,2668160,2,0.92847,0.03589,0.38843,-4.58,-1.672,-0.344
2026-05-20 15:06:52.360,1173151816,2668360,1,0.97168,-0.19238,0.44849,-0.496,2.473,-0.069
2026-05-20 15:06:52.360,1173151816,2668360,2,0.93677,0.00781,0.39502,0.992,1.237,0.336
2026-05-20 15:06:52.560,1173152016,2668560,1,0.96143,-0.20142,0.42603,11.26,0.595,3.771
2026-05-20 15:06:52.560,1173152016,2668560,2,0.92969,0.07935,0.39209,3.023,9.489,-0.87
2026-05-20 15:06:53.881,1173153337,2668881,1,0.98438,-0.23755,0.44409,-0.824,5.206,-0.779
2026-05-20 15:06:53.881,1173153337,2668881,2,0.92358,0.03955,0.38623,4.069,3.145,0.351
2026-05-20 15:06:53.099,1173152555,2669099,1,0.94995,-0.16675,0.44214,2.763,2.221,0.924
2026-05-20 15:06:53.099,1173152555,2669099,2,0.92358,0.03418,0.42505,-11.359,-6.038,-0.519
2026-05-20 15:06:53.356,1173152812,2669356,1,0.97974,-0.1958,0.45093,4.038,1.45,0.817
2026-05-20 15:06:53.356,1173152812,2669356,2,0.92212,0.0498,0.38257,4.832,7.809,3.107
2026-05-20 15:06:53.680,1173153136,2669680,1,0.96973,-0.18604,0.46509,0.038,-0.412,0.137
2026-05-20 15:06:53.680,1173153136,2669680,2,0.92236,0.021,0.39575,2.153,-0.046,1.069
2026-05-20 15:06:54.880,1173154336,2669880,1,0.96753,-0.18359,0.47681,-0.87,0.725,-1.153
2026-05-20 15:06:54.880,1173154336,2669880,2,0.91333,0.02271,0.42334,-3.107,-0.115,-0.084
2026-05-20 15:06:54.080,1173153536,2670080,1,0.96606,-0.18408,0.46533,-3.58,1.679,-0.863
2026-05-20 15:06:54.080,1173153536,2670080,2,0.92529,0.01538,0.40649,-1.656,-0.481,1.092
2026-05-20 15:06:54.340,1173153796,2670340,1,0.96948,-0.21191,0.45361,-2.107,2.405,-0.969
2026-05-20 15:06:54.340,1173153796,2670340,2,0.9248,0.02954,0.37988,-3.893,0.336,-0.786
2026-05-20 15:06:54.540,1173153996,2670540,1,0.98633,-0.19678,0.44434,-0.191,1.962,-0.84
2026-05-20 15:06:54.540,1173153996,2670540,2,0.9248,0.02271,0.39502,0.771,2.565,0.053
2026-05-20 15:06:55.740,1173155196,2670740,1,0.97949,-0.19653,0.44995,0.74,1.489,-0.695
2026-05-20 15:06:55.740,1173155196,2670740,2,0.9231,0.03418,0.3833,-1.198,-1.496,-0.084
2026-05-20 15:06:55.940,1173155396,2670940,1,0.96655,-0.18799,0.45117,-0.84,1.45,-0.458
2026-05-20 15:06:55.940,1173155396,2670940,2,0.92725,0.02319,0.3894,-4.092,-2.084,-0.031
2026-05-20 15:06:55.140,1173154596,2671140,1,0.97705,-0.1958,0.46362,0.229,1.809,-0.015
2026-05-20 15:06:55.140,1173154596,2671140,2,0.91553,0.03101,0.40674,0.061,1.191,0.542
2026-05-20 15:06:55.340,1173154796,2671340,1,0.96606,-0.20508,0.45337,-0.206,2.687,0.023
2026-05-20 15:06:55.340,1173154796,2671340,2,0.92505,0.02539,0.39307,-0.878,2.0,1.45
2026-05-20 15:06:55.593,1173155049,2671593,1,0.97754,-0.19873,0.4458,0.229,1.626,0.282
2026-05-20 15:06:55.593,1173155049,2671593,2,0.91992,0.02002,0.40381,5.282,4.656,1.71
2026-05-20 15:06:56.793,1173156249,2671793,1,0.97559,-0.20874,0.45825,-3.198,0.458,-0.435
2026-05-20 15:06:56.793,1173156249,2671793,2,0.92139,0.02271,0.38745,2.664,0.183,0.344
2026-05-20 15:06:56.057,1173155513,2672057,1,0.96851,-0.18604,0.4668,-2.489,-2.221,-0.557
2026-05-20 15:06:56.057,1173155513,2672057,2,0.92383,0.02466,0.38623,-3.87,-2.023,-0.366
2026-05-20 15:06:56.330,1173155786,2672330,1,0.97095,-0.19995,0.45703,0.58,2.13,-2.145
2026-05-20 15:06:56.330,1173155786,2672330,2,0.91699,0.03052,0.39648,2.26,3.13,0.702
2026-05-20 15:06:56.543,1173155999,2672543,1,0.9729,-0.18628,0.46387,-0.794,1.511,-0.725
2026-05-20 15:06:56.543,1173155999,2672543,2,0.92554,0.02832,0.40552,-0.702,1.29,0.748
2026-05-20 15:06:57.743,1173157199,2672743,1,0.96826,-0.19897,0.44653,-0.344,2.046,-0.336
2026-05-20 15:06:57.743,1173157199,2672743,2,0.91479,0.02734,0.39355,-3.305,0.099,0.359
2026-05-20 15:06:57.943,1173157399,2672943,1,0.95996,-0.19507,0.47192,-0.542,2.237,-0.84
2026-05-20 15:06:57.943,1173157399,2672943,2,0.91724,0.02905,0.38892,-1.031,2.542,0.565
2026-05-20 15:06:57.159,1173156615,2673158,1,0.97607,-0.19336,0.45508,-0.023,2.061,-0.489
2026-05-20 15:06:57.159,1173156615,2673158,2,0.92163,0.02417,0.39893,2.588,5.725,1.557
2026-05-20 15:06:57.371,1173156827,2673370,1,0.97583,-0.18896,0.46899,-1.13,3.16,-0.527
2026-05-20 15:06:57.371,1173156827,2673370,2,0.92651,0.03003,0.40063,-5.496,-3.573,0.29
2026-05-20 15:06:57.570,1173157026,2673570,1,0.96362,-0.21362,0.46436,-0.412,-0.145,-0.42
2026-05-20 15:06:57.570,1173157026,2673570,2,0.92676,0.04248,0.39087,-1.496,0.458,0.42
2026-05-20 15:06:58.770,1173158226,2673770,1,0.97144,-0.18896,0.45605,-0.786,2.13,-0.847
2026-05-20 15:06:58.770,1173158226,2673770,2,0.92432,0.03052,0.40161,1.107,5.649,1.855
2026-05-20 15:06:58.995,1173158451,2673994,1,0.97046,-0.19678,0.46655,-0.511,-0.947,0.779
2026-05-20 15:06:58.995,1173158451,2673994,2,0.92798,0.01318,0.4021,-1.878,-3.183,-0.427
2026-05-20 15:06:58.230,1173157686,2674230,1,0.97461,-0.1936,0.45801,-0.069,1.336,-0.504
2026-05-20 15:06:58.230,1173157686,2674230,2,0.91919,0.02173,0.39307,2.802,2.641,1.107
2026-05-20 15:06:58.511,1173157967,2674511,1,0.979,-0.20459,0.46045,-1.71,4.206,-0.595
2026-05-20 15:06:58.511,1173157967,2674511,2,0.92798,0.02832,0.39502,0.58,-0.565,-0.061
2026-05-20 15:06:58.732,1173158188,2674732,1,0.9707,-0.18726,0.43457,0.969,3.351,0.168
2026-05-20 15:06:58.732,1173158188,2674732,2,0.9126,0.02222,0.41309,0.198,4.153,2.053
2026-05-20 15:06:59.005,1173158461,2675005,1,0.98364,-0.19189,0.44507,1.817,0.71,0.115
2026-05-20 15:06:59.005,1173158461,2675005,2,0.91211,0.03125,0.38965,-2.427,0.71,0.55
2026-05-20 15:06:59.277,1173158733,2675277,1,0.97314,-0.1897,0.45117,0.847,2.664,-0.511
2026-05-20 15:06:59.277,1173158733,2675277,2,0.92188,0.02466,0.39795,-2.87,-2.443,-0.176
2026-05-20 15:06:59.477,1173158933,2675477,1,0.97168,-0.18701,0.47021,-0.252,2.359,-0.069
2026-05-20 15:06:59.477,1173158933,2675477,2,0.9126,0.02197,0.3938,-4.298,-1.863,0.076
2026-05-20 15:06:59.680,1173159136,2675680,1,0.97998,-0.19116,0.46533,0.145,0.412,-0.382
2026-05-20 15:06:59.680,1173159136,2675680,2,0.92285,0.03149,0.39575,-0.107,1.603,0.55
2026-05-20 15:07:00.880,1173160336,2675880,1,0.97144,-0.19482,0.47119,0.206,2.313,-0.656
2026-05-20 15:07:00.880,1173160336,2675880,2,0.91602,0.02734,0.39648,0.366,1.504,0.527
2026-05-20 15:07:00.080,1173159536,2676080,1,0.97827,-0.19092,0.4585,-0.458,-0.55,0.901
2026-05-20 15:07:00.080,1173159536,2676080,2,0.91626,0.03687,0.39453,2.344,4.198,2.008
2026-05-20 15:07:00.280,1173159736,2676280,1,0.97485,-0.20508,0.45654,-2.13,-1.092,0.511
2026-05-20 15:07:00.280,1173159736,2676280,2,0.9165,0.02222,0.39673,2.656,2.84,1.687
2026-05-20 15:07:00.480,1173159936,2676480,1,0.97266,-0.20508,0.45337,-0.901,2.969,-1.511
2026-05-20 15:07:00.480,1173159936,2676480,2,0.91895,0.0271,0.38306,1.977,4.626,1.366
2026-05-20 15:07:00.680,1173160136,2676680,1,0.98145,-0.19434,0.45801,1.099,0.366,-0.527
2026-05-20 15:07:00.680,1173160136,2676680,2,0.91675,0.0293,0.40186,-3.763,-1.305,0.748
2026-05-20 15:07:01.880,1173161336,2676880,1,0.97681,-0.20215,0.43994,-0.87,-0.252,0.611
2026-05-20 15:07:01.880,1173161336,2676880,2,0.91333,0.02417,0.3938,0.466,-0.183,1.0
2026-05-20 15:07:01.151,1173160607,2677151,1,0.96973,-0.21631,0.45483,-2.099,2.183,-0.328
2026-05-20 15:07:01.151,1173160607,2677151,2,0.91846,0.02539,0.40112,-1.824,1.405,0.45
2026-05-20 15:07:01.351,1173160807,2677351,1,0.97217,-0.19214,0.45874,4.214,1.878,-1.511
2026-05-20 15:07:01.351,1173160807,2677351,2,0.91992,0.02832,0.39307,-3.29,-2.916,-0.527
2026-05-20 15:07:01.551,1173161007,2677551,1,0.98291,-0.20679,0.4519,-2.198,0.45,-0.45
2026-05-20 15:07:01.551,1173161007,2677551,2,0.91895,0.02905,0.39502,-4.023,-1.374,-0.344
2026-05-20 15:07:02.751,1173162207,2677751,1,0.97437,-0.19019,0.4519,-1.489,2.641,-0.038
2026-05-20 15:07:02.751,1173162207,2677751,2,0.92505,0.02905,0.3938,-3.137,-0.748,-0.359
2026-05-20 15:07:02.951,1173162407,2677951,1,0.98145,-0.20435,0.44116,0.382,2.992,-0.229
2026-05-20 15:07:02.951,1173162407,2677951,2,0.92261,0.03296,0.37817,1.321,2.099,1.275
2026-05-20 15:07:02.151,1173161607,2678151,1,0.97607,-0.18872,0.46069,0.786,1.573,-1.481
2026-05-20 15:07:02.151,1173161607,2678151,2,0.92065,0.02856,0.40112,-1.618,0.809,0.847
2026-05-20 15:07:02.351,1173161807,2678351,1,0.97729,-0.18921,0.44849,0.229,1.198,-1.092
2026-05-20 15:07:02.351,1173161807,2678351,2,0.9248,0.0293,0.39526,0.328,0.992,0.557
2026-05-20 15:07:02.551,1173162007,2678551,1,0.97534,-0.19629,0.44482,-2.45,0.237,-0.374
2026-05-20 15:07:02.551,1173162007,2678551,2,0.91724,0.03589,0.40137,-1.573,1.038,0.802
2026-05-20 15:07:03.751,1173163207,2678751,1,0.97217,-0.18945,0.45142,-0.695,1.511,-0.58
2026-05-20 15:07:03.751,1173163207,2678751,2,0.91992,0.02808,0.38672,-2.473,-1.229,0.473
2026-05-20 15:07:03.951,1173163407,2678951,1,0.9751,-0.20508,0.43506,-0.809,0.901,-0.389
2026-05-20 15:07:03.951,1173163407,2678951,2,0.91895,0.03296,0.39502,-3.786,-2.534,-0.534
2026-05-20 15:07:03.192,1173162648,2679191,1,0.97778,-0.19092,0.45752,-0.611,1.779,-0.481
2026-05-20 15:07:03.192,1173162648,2679191,2,0.91968,0.02344,0.38696,-1.809,0.26,0.466
2026-05-20 15:07:03.391,1173162847,2679391,1,0.97803,-0.20068,0.45654,0.374,1.687,-0.298
2026-05-20 15:07:03.391,1173162847,2679391,2,0.92358,0.021,0.3938,1.29,1.45,1.198
2026-05-20 15:07:03.591,1173163047,2679591,1,0.96826,-0.198,0.46436,-4.023,2.359,-2.008
2026-05-20 15:07:03.591,1173163047,2679591,2,0.92676,0.00903,0.39551,-1.198,-0.687,0.603
2026-05-20 15:07:04.791,1173164247,2679791,1,0.98193,-0.18945,0.4519,-0.45,1.031,-1.641
2026-05-20 15:07:04.791,1173164247,2679791,2,0.93286,0.02393,0.3855,-1.481,0.107,0.435
2026-05-20 15:07:04.991,1173164447,2679991,1,0.9812,-0.19751,0.45483,0.542,0.832,-0.252
2026-05-20 15:07:04.991,1173164447,2679991,2,0.92285,0.0271,0.39502,-1.863,-0.809,0.191
2026-05-20 15:07:04.191,1173163647,2680191,1,0.96875,-0.18506,0.44946,0.305,2.321,-0.26
2026-05-20 15:07:04.191,1173163647,2680191,2,0.9314,0.02832,0.38525,-1.725,-1.504,0.611
2026-05-20 15:07:04.391,1173163847,2680391,1,0.97266,-0.17334,0.45557,-6.511,6.87,-3.076
2026-05-20 15:07:04.391,1173163847,2680391,2,0.92603,0.0188,0.37817,-3.908,-5.359,-0.031
2026-05-20 15:07:04.591,1173164047,2680591,1,0.97681,-0.177,0.46338,-0.786,-1.649,-0.58
2026-05-20 15:07:04.591,1173164047,2680591,2,0.90845,0.01563,0.40894,-5.58,,0.237
2026-05-20 15:07:05.791,1173165247,2680791,1,0.97803,-0.18311,0.45874,-1.221,3.412,0.84
2026-05-20 15:07:05.791,1173165247,2680791,2,0.93091,0.02148,0.37646,-3.298,-2.786,-0.924
2026-05-20 15:07:05.045,1173164501,2681045,1,0.97314,-0.21167,0.44604,3.092,3.099,0.069
2026-05-20 15:07:05.045,1173164501,2681045,2,0.93799,0.02295,0.36646,6.382,4.656,-0.099
2026-05-20 15:07:05.245,1173164701,2681245,1,0.97412,-0.19336,0.46484,-2.679,1.603,-2.015
2026-05-20 15:07:05.245,1173164701,2681245,2,0.92651,0.02319,0.39014,-5.771,-2.71,-0.534
2026-05-20 15:07:05.445,1173164901,2681445,1,0.98486,-0.18994,0.45825,-3.542,2.511,-0.786
2026-05-20 15:07:05.445,1173164901,2681445,2,0.92529,0.03638,0.38623,2.939,4.13,2.191
2026-05-20 15:07:05.645,1173165101,2681645,1,0.97729,-0.18433,0.45142,-0.603,2.42,-0.573
2026-05-20 15:07:05.645,1173165101,2681645,2,0.92456,0.00903,0.39038,-3.359,0.176,1.718
2026-05-20 15:07:06.845,1173166301,2681845,1,0.97217,-0.18628,0.46533,3.092,0.412,1.863
2026-05-20 15:07:06.845,1173166301,2681845,2,0.92725,0.03687,0.37988,2.611,3.527,1.397
2026-05-20 15:07:06.045,1173165501,2682045,1,0.97681,-0.20386,0.44971,-2.397,2.053,-0.206
2026-05-20 15:07:06.045,1173165501,2682045,2,0.92676,0.01074,0.39429,-0.504,1.45,1.649
2026-05-20 15:07:06.245,1173165701,2682245,1,0.97534,-0.18994,0.46338,3.214,-1.771,-0.092
2026-05-20 15:07:06.245,1173165701,2682245,2,0.91748,0.04102,0.37134,3.969,7.802,1.275
2026-05-20 15:07:06.445,1173165901,2682445,1,0.98169,-0.18359,0.46191,-4.817,,-1.214
2026-05-20 15:07:06.445,1173165901,2682445,2,0.92651,0.01855,0.38232,1.244,-2.26,-0.221
2026-05-20 15:07:06.645,1173166101,2682645,1,0.9856,-0.18018,0.45581,0.55,0.244,1.45
2026-05-20 15:07:06.645,1173166101,2682645,2,0.92114,0.02344,0.40601,-4.046,-2.473,1.252
2026-05-20 15:07:07.911,1173167367,2682911,1,0.9729,-0.20117,0.46069,-1.641,0.382,0.466
2026-05-20 15:07:07.911,1173167367,2682911,2,0.92236,0.0188,0.39526,-5.634,-1.481,0.053
2026-05-20 15:07:07.111,1173166567,2683111,1,0.97656,-0.20605,0.43481,1.061,1.74,-0.542
2026-05-20 15:07:07.111,1173166567,2683111,2,0.9231,0.02222,0.3772,-0.382,3.015,1.053
2026-05-20 15:07:07.311,1173166767,2683311,1,0.97583,-0.20898,0.4624,-0.756,1.397,-0.305
2026-05-20 15:07:07.311,1173166767,2683311,2,0.92432,0.01343,0.37842,-0.824,1.481,0.573
2026-05-20 15:07:07.511,1173166967,2683511,1,0.97607,-0.198,0.45288,-0.405,1.534,-0.611
2026-05-20 15:07:07.511,1173166967,2683511,2,0.92432,0.02588,0.39673,-2.374,-0.389,0.092
2026-05-20 15:07:07.711,1173167167,2683711,1,0.97241,-0.20239,0.45557,-1.282,1.313,-0.542
2026-05-20 15:07:07.711,1173167167,2683711,2,0.92993,0.02051,0.39331,-1.962,-0.885,-0.191
2026-05-20 15:07:08.911,1173168367,2683911,1,0.97217,-0.19629,0.44189,-0.29,1.519,-0.42
2026-05-20 15:07:08.911,1173168367,2683911,2,0.92627,0.02515,0.38672,-2.679,-1.107,-0.084
2026-05-20 15:07:08.111,1173167567,2684111,1,0.96558,-0.19189,0.45142,-0.519,1.427,-0.504
2026-05-20 15:07:08.111,1173167567,2684111,2,0.92871,0.02759,0.38403,-0.176,1.237,0.55
2026-05-20 15:07:08.311,1173167767,2684311,1,0.96997,-0.19214,0.45605,-0.695,1.351,-1.084
2026-05-20 15:07:08.311,1173167767,2684311,2,0.92114,0.02026,0.39648,1.473,3.344,1.252
2026-05-20 15:07:08.511,1173167967,2684511,1,0.97168,-0.19702,0.45361,-1.519,0.214,-0.947
2026-05-20 15:07:08.511,1173167967,2684511,2,0.92651,0.01367,0.39819,-2.603,-0.344,0.305
2026-05-20 15:07:08.711,1173168167,2684711,1,0.97266,-0.2229,0.45117,-1.031,1.061,-0.321
2026-05-20 15:07:08.711,1173168167,2684711,2,0.92554,0.02295,0.39355,-1.183,1.458,0.443
2026-05-20 15:07:09.985,1173169441,2684985,1,0.97437,-0.21045,0.45142,-1.954,0.641,-0.298
2026-05-20 15:07:09.985,1173169441,2684985,2,0.9231,0.01953,0.39722,-3.359,-2.046,0.496
2026-05-20 15:07:09.225,1173168681,2685225,1,0.96753,-0.20972,0.45166,-0.573,1.84,-0.405
2026-05-20 15:07:09.225,1173168681,2685225,2,0.93091,0.01807,0.38574,-0.893,0.87,0.908
2026-05-20 15:07:09.425,1173168881,2685425,1,0.9646,-0.21484,0.44092,-2.832,2.237,-1.145
2026-05-20 15:07:09.425,1173168881,2685425,2,0.92798,0.00171,0.39209,-1.695,-2.641,-1.374
2026-05-20 15:07:09.625,1173169081,2685625,1,0.96753,-0.19165,0.43823,-2.397,1.802,-2.061
2026-05-20 15:07:09.625,1173169081,2685625,2,0.92578,0.02319,0.39819,-1.748,1.26,-0.16
2026-05-20 15:07:10.825,1173170281,2685825,1,0.97339,-0.19312,0.45605,0.626,1.29,-0.931
2026-05-20 15:07:10.825,1173170281,2685825,2,0.91943,0.02197,0.37891,-4.244,0.145,-0.038
2026-05-20 15:07:10.025,1173169481,2686025,1,0.97363,-0.19385,0.45581,0.718,2.061,-0.397
2026-05-20 15:07:10.025,1173169481,2686025,2,0.9187,0.03296,0.38501,-0.542,1.046,0.504
2026-05-20 15:07:10.225,1173169681,2686225,1,0.96655,-0.19556,0.45508,-0.427,2.168,-0.13
2026-05-20 15:07:10.225,1173169681,2686225,2,0.93091,0.02075,0.38892,-1.466,-1.0,0.351
2026-05-20 15:07:10.425,1173169881,2686425,1,0.96606,-0.20581,0.46167,-2.649,1.824,-1.275
2026-05-20 15:07:10.425,1173169881,2686425,2,0.92627,0.01538,0.38135,0.573,-1.092,-0.824
2026-05-20 15:07:10.625,1173170081,2686625,1,0.979,-0.18774,0.45337,-2.183,1.221,-1.42
2026-05-20 15:07:10.625,1173170081,2686625,2,0.92603,0.02124,0.40332,-3.267,2.809,1.099
2026-05-20 15:07:11.825,1173171281,2686825,1,0.97534,-0.17993,0.46826,1.221,-0.344,-0.466
2026-05-20 15:07:11.825,1173171281,2686825,2,0.92334,0.02148,0.39624,1.351,3.863,1.336
2026-05-20 15:07:11.025,1173170481,2687025,1,0.97461,-0.19897,0.45923,-0.611,0.611,0.328
2026-05-20 15:07:11.025,1173170481,2687025,2,0.92285,0.02319,0.37134,1.267,3.26,1.183
2026-05-20 15:07:11.225,1173170681,2687225,1,0.98511,-0.19922,0.44897,-3.26,0.542,-0.321
2026-05-20 15:07:11.225,1173170681,2687225,2,0.92163,0.02393,0.39282,-0.824,0.771,0.618
2026-05-20 15:07:11.425,1173170881,2687425,1,0.97314,-0.19946,0.45605,0.351,1.053,-0.84
2026-05-20 15:07:11.425,1173170881,2687425,2,0.92285,0.02441,0.37476,1.893,2.374,0.511
2026-05-20 15:07:11.625,1173171081,2687625,1,0.96997,-0.19995,0.4209,5.916,2.786,-2.389
2026-05-20 15:07:11.625,1173171081,2687625,2,0.92188,0.03711,0.39478,6.55,6.55,-0.473
2026-05-20 15:07:12.825,1173172281,2687825,1,0.97266,-0.13599,0.48999,10.061,4.74,-2.389
2026-05-20 15:07:12.825,1173172281,2687825,2,0.88965,0.06055,0.43262,2.206,2.336,-1.702
2026-05-20 15:07:12.025,1173171481,2688025,1,0.96436,-0.13696,0.4873,-9.908,4.015,-3.191
2026-05-20 15:07:12.025,1173171481,2688025,2,0.92139,0.04199,0.42163,-7.16,-6.885,-1.053
2026-05-20 15:07:12.318,1173171774,2688317,1,0.97754,-0.14771,0.46216,-1.061,-1.351,0.992
2026-05-20 15:07:12.318,1173171774,2688317,2,0.91821,0.03809,0.40283,-6.008,-5.397,0.183
2026-05-20 15:07:13.810,1173173266,2688810,1,0.96411,-0.16992,0.47461,-2.008,1.611,-0.618
2026-05-20 15:07:13.810,1173173266,2688810,2,0.91895,0.04736,0.39063,-1.313,0.382,0.603
2026-05-20 15:07:13.010,1173172466,2689010,1,0.96997,-0.16235,0.47681,-2.267,1.908,-1.031
2026-05-20 15:07:13.010,1173172466,2689010,2,0.91602,0.04492,0.40723,-5.321,-2.328,2.275
2026-05-20 15:07:13.210,1173172666,2689210,1,0.96973,-0.17993,0.47217,-3.634,1.58,-1.878
2026-05-20 15:07:13.210,1173172666,2689210,2,0.92822,0.04321,0.39014,1.924,1.275,-0.015
2026-05-20 15:07:13.410,1173172866,2689410,1,0.96802,-0.15625,0.47437,-1.031,1.305,-0.809
2026-05-20 15:07:13.410,1173172866,2689410,2,0.9585,-0.01953,0.32617,-0.679,0.626,0.687
2026-05-20 15:07:19.984,1173179440,2694984,1,0.854,-0.21948,0.67017,-0.069,1.122,-0.321
2026-05-20 15:07:19.984,1173179440,2694984,2,0.95508,-0.01587,0.31128,-0.863,1.16,0.779
2026-05-20 15:07:19.184,1173178640,2695184,1,0.85107,-0.21777,0.66797,-0.511,1.076,-0.74
2026-05-20 15:07:19.184,1173178640,2695184,2,0.95898,-0.0144,0.31714,-1.092,0.55,0.275
2026-05-20 15:07:19.586,1173179042,2695585,1,0.85181,-0.2146,0.67285,-0.405,1.641,-0.191
2026-05-20 15:07:19.586,1173179042,2695585,2,0.9585,-0.02075,0.31348,-3.328,-0.412,0.237
2026-05-20 15:07:28.010,1173187466,2704010,1,0.85815,-0.15576,0.60864,-1.252,-0.053,-7.885
2026-05-20 15:07:28.010,1173187466,2704010,2,0.94629,0.08887,0.35938,2.298,4.496,-5.382
2026-05-20 15:07:28.210,1173187666,2704210,1,0.90161,-0.0979,0.62988,-0.832,6.824,-2.969
2026-05-20 15:07:28.210,1173187666,2704210,2,0.95874,0.07178,0.33521,-7.397,-6.153,3.145
2026-05-20 15:07:28.410,1173187866,2704410,1,0.91064,-0.14966,0.59668,5.0,4.672,2.977
37
2026-05-20 15:07:28.410,1173187866,2704410,2,0.95972,0.05249,0.31543,-1.427,1.702,3.374
2026-05-20 15:07:28.610,1173188066,2704610,1,0.90527,-0.16309,0.62451,-2.656,2.756,3.511
2026-05-20 15:07:28.610,1173188066,2704610,2,0.9585,0.04907,0.31641,-0.817,-0.481,2.733
2026-05-20 15:07:29.810,1173189266,2704810,1,0.90161,-0.17505,0.61084,0.473,1.344,1.588
2026-05-20 15:07:29.810,1173189266,2704810,2,0.95776,0.03833,0.31567,2.366,1.847,2.588
2026-05-20 15:07:29.010,1173188466,2705010,1,0.90039,-0.177,0.61987,-1.71,0.84,-1.305
2026-05-20 15:07:29.010,1173188466,2705010,2,0.94849,0.04028,0.3269,2.84,1.702,0.84
2026-05-20 15:07:29.229,1173188685,2705229,1,0.90259,-0.17773,0.60449,-0.74,1.046,0.595
2026-05-20 15:07:29.229,1173188685,2705229,2,0.95361,0.052,0.3269,-0.626,-0.466,1.069
2026-05-20 15:07:29.429,1173188885,2705429,1,0.89673,-0.17871,0.60474,-0.252,1.382,-0.282
2026-05-20 15:07:29.429,1173188885,2705429,2,0.94824,0.0481,0.32886,-1.55,-0.206,0.489
2026-05-20 15:07:30.833,1173190289,2705832,1,0.90308,-0.17432,0.61646,-1.092,1.756,0.099
2026-05-20 15:07:30.833,1173190289,2705832,2,0.94482,0.04395,0.3291,-1.786,0.45,0.542
2026-05-20 15:07:30.074,1173189530,2706074,1,0.89893,-0.18018,0.61743,-0.771,1.832,-0.069
2026-05-20 15:07:30.074,1173189530,2706074,2,0.95361,0.04175,0.32373,-1.756,0.038,0.466
2026-05-20 15:07:30.274,1173189730,2706274,1,0.9021,-0.18945,0.61255,-0.802,1.191,-0.29
2026-05-20 15:07:30.274,1173189730,2706274,2,0.94727,0.0481,0.32813,-1.939,0.412,0.412
2026-05-20 15:07:30.474,1173189930,2706474,1,0.89478,-0.18726,0.62476,-0.374,1.588,-0.328
2026-05-20 15:07:30.474,1173189930,2706474,2,0.9502,0.03369,0.31689,-1.229,0.099,0.366
2026-05-20 15:07:30.674,1173190130,2706674,1,0.89575,-0.18311,0.61255,-0.58,1.076,-0.42
2026-05-20 15:07:30.674,1173190130,2706674,2,0.9541,0.04004,0.32104,-1.092,0.763,0.672
2026-05-20 15:07:31.874,1173191330,2706874,1,0.9021,-0.17969,0.61401,-0.321,1.679,-0.321
2026-05-20 15:07:31.874,1173191330,2706874,2,0.95557,0.0459,0.31738,-2.542,0.344,0.313
2026-05-20 15:07:13.410,1173172866,2689410,1,0.96802,-0.15625,0.47437,-1.031,1.305,-0.809
2026-05-20 15:07:31.074,1173190530,2707074,1,0.89966,-0.18921,0.61084,-0.443,1.198,-0.328
2026-05-20 15:07:31.074,1173190530,2707074,2,0.95557,0.03857,0.31177,-1.328,0.565,0.542
2026-05-20 15:07:31.278,1173190734,2707278,1,0.8938,-0.18262,0.6123,-0.527,1.252,-0.573
2026-05-20 15:07:31.278,1173190734,2707278,2,0.9519,0.04468,0.31934,-1.366,0.344,0.573
2026-05-20 15:07:31.478,1173190934,2707478,1,0.89746,-0.18091,0.61938,-0.702,0.901,-0.267
2026-05-20 15:07:31.478,1173190934,2707478,2,0.95679,0.04272,0.32129,-1.176,0.282,0.542
2026-05-20 15:07:31.678,1173191134,2707678,1,0.89697,-0.18091,0.61084,-0.496,1.076,-0.229
2026-05-20 15:07:31.678,1173191134,2707678,2,0.9563,0.04297,0.33374,-0.107,1.183,0.977
2026-05-20 15:07:32.878,1173192334,2707878,1,0.88989,-0.1792,0.62012,-0.473,1.336,-0.321
2026-05-20 15:07:32.878,1173192334,2707878,2,0.95117,0.04614,0.3291,-0.473,1.015,0.771
2026-05-20 15:07:32.078,1173191534,2708078,1,0.89868,-0.18457,0.60645,0.046,1.168,-0.412
2026-05-20 15:07:32.078,1173191534,2708078,2,0.95142,0.03955,0.32935,-3.542,-0.786,0.427
2026-05-20 15:07:32.278,1173191734,2708278,1,0.91357,-0.18066,0.57056,1.802,2.756,-0.321
2026-05-20 15:07:32.278,1173191734,2708278,2,0.97266,0.04419,0.29077,0.176,3.183,-1.328
2026-05-20 15:07:32.478,1173191934,2708478,1,0.89063,-0.18115,0.62598,2.733,-0.695,0.557
2026-05-20 15:07:32.478,1173191934,2708478,2,0.92285,0.05273,0.36035,-1.901,-1.878,-0.046
2026-05-20 15:07:32.678,1173192134,2708678,1,0.89355,-0.16089,0.63062,2.076,1.45,-1.137
2026-05-20 15:07:32.678,1173192134,2708678,2,0.9751,0.03638,0.31396,-1.321,-1.153,0.565
2026-05-20 15:07:33.878,1173193334,2708878,1,0.90723,-0.17212,0.59277,-0.626,-0.076,0.344
2026-05-20 15:07:33.878,1173193334,2708878,2,0.95093,0.05493,0.3335,-1.122,4.466,-1.298
2026-05-20 15:07:33.078,1173192534,2709078,1,0.88135,-0.16309,0.62671,-2.206,1.122,-0.473
2026-05-20 15:07:33.078,1173192534,2709078,2,0.93774,0.052,0.3186,-2.328,-1.855,0.824
2026-05-20 15:07:33.278,1173192734,2709278,1,0.91138,-0.16919,0.59814,-0.206,0.725,-0.573
2026-05-20 15:07:33.278,1173192734,2709278,2,0.95654,0.04077,0.32739,-0.817,1.214,0.672
2026-05-20 15:07:33.545,1173193001,2709544,1,0.896,-0.16138,0.61133,-0.427,2.0,-0.466
2026-05-20 15:07:33.545,1173193001,2709544,2,0.94507,0.04932,0.34424,-1.214,-0.328,0.84
2026-05-20 15:07:34.744,1173194200,2709744,1,0.90527,-0.17822,0.60669,-0.481,1.145,-0.45
2026-05-20 15:07:34.744,1173194200,2709744,2,0.94971,0.04932,0.3396,0.519,1.321,0.786
2026-05-20 15:07:34.042,1173193498,2710041,1,0.89673,-0.16772,0.60986,-0.389,1.122,-0.466
2026-05-20 15:07:34.042,1173193498,2710041,2,0.94946,0.052,0.3374,-0.84,0.565,0.718
2026-05-20 15:07:34.241,1173193697,2710241,1,0.90161,-0.17407,0.61743,-0.084,1.282,-0.099
2026-05-20 15:07:34.241,1173193697,2710241,2,0.94434,0.05005,0.33765,-1.237,0.496,0.618
2026-05-20 15:07:34.441,1173193897,2710441,1,0.90186,-0.17188,0.60205,-0.588,1.275,-0.198
2026-05-20 15:07:34.441,1173193897,2710441,2,0.94019,0.0481,0.33521,-1.901,0.069,0.382
2026-05-20 15:07:34.641,1173194097,2710641,1,0.89868,-0.17334,0.60522,-0.702,1.168,-0.359
2026-05-20 15:07:34.641,1173194097,2710641,2,0.95166,0.05029,0.33594,-1.985,0.084,0.229
2026-05-20 15:07:35.841,1173195297,2710841,1,0.8999,-0.17236,0.60791,-0.427,1.405,-0.29
2026-05-20 15:07:35.841,1173195297,2710841,2,0.95044,0.05347,0.34058,-2.122,-0.542,0.076
2026-05-20 15:07:35.060,1173194516,2711060,1,0.90649,-0.1792,0.60571,-0.489,1.511,-0.351
2026-05-20 15:07:35.060,1173194516,2711060,2,0.94312,0.04712,0.33179,-1.466,0.534,0.412
2026-05-20 15:07:35.400,1173194856,2711400,1,0.9043,-0.17358,0.60376,-0.45,1.298,-0.321
2026-05-20 15:07:35.400,1173194856,2711400,2,0.95068,0.05249,0.32788,-0.947,0.534,0.382
2026-05-20 15:07:35.654,1173195110,2711654,1,0.90234,-0.17334,0.60815,-0.489,1.252,-0.382
2026-05-20 15:07:35.654,1173195110,2711654,2,0.9519,0.04712,0.33496,-1.305,0.221,0.366
2026-05-20 15:07:36.916,1173196372,2711916,1,0.89917,-0.17627,0.60522,-0.344,1.435,-0.168
2026-05-20 15:07:36.916,1173196372,2711916,2,0.94897,0.04492,0.33374,-1.153,0.099,0.397
2026-05-20 15:07:36.116,1173195572,2712116,1,0.89648,-0.16821,0.60693,-0.206,1.397,-0.382
2026-05-20 15:07:36.116,1173195572,2712116,2,0.94556,0.04297,0.33398,-1.244,-0.206,0.382
2026-05-20 15:07:36.316,1173195772,2712316,1,0.90259,-0.18018,0.60034,-0.45,1.237,-0.466
2026-05-20 15:07:36.316,1173195772,2712316,2,0.95703,0.04761,0.33984,-1.015,0.534,0.435
2026-05-20 15:07:36.518,1173195974,2712518,1,0.89844,-0.17676,0.61011,-0.412,1.45,-0.573
2026-05-20 15:07:36.518,1173195974,2712518,2,0.94507,0.04761,0.32886,0.305,0.84,0.649
2026-05-20 15:07:40.921,1173200377,2715921,1,0.89429,-0.15015,0.54199,16.015,-1.45,-7.29
2026-05-20 15:07:40.921,1173200377,2715921,2,0.90332,0.09546,0.38989,5.153,7.504,-10.16
2026-05-20 15:07:40.121,1173199577,2716121,1,0.91943,-0.06445,0.56836,-5.504,5.198,4.45
2026-05-20 15:07:40.121,1173199577,2716121,2,0.91431,0.14795,0.37598,-2.565,-0.458,8.038
2026-05-20 15:07:40.321,1173199777,2716321,1,0.93579,-0.20801,0.55591,6.863,5.786,-2.817
2026-05-20 15:07:40.321,1173199777,2716321,2,0.93945,0.03979,0.40796,13.046,8.634,4.412
2026-05-20 15:07:40.521,1173199977,2716521,1,0.91943,-0.07617,0.59619,16.397,8.756,9.237
2026-05-20 15:07:40.521,1173199977,2716521,2,0.91992,0.12134,0.4165,10.389,11.916,10.466
2026-05-20 15:07:40.721,1173200177,2716721,1,0.83325,-0.21802,0.67236,-10.725,10.992,2.229
2026-05-20 15:07:40.721,1173200177,2716721,2,0.93896,0.04834,0.35352,-3.198,-0.733,-0.992
2026-05-20 15:07:43.563,1173203019,2719562,1,0.81958,-0.1731,0.71802,0.832,0.687,-2.115
2026-05-20 15:07:43.563,1173203019,2719562,2,0.93555,0.05151,0.35596,-1.214,0.794,-0.534
2026-05-20 15:07:44.762,1173204218,2719762,1,0.81396,-0.15161,0.73022,0.008,1.802,-1.153
2026-05-20 15:07:44.762,1173204218,2719762,2,0.91528,0.05029,0.34424,-3.74,1.924,-0.947
2026-05-20 15:07:49.609,1173209065,2725609,1,0.80347,-0.14844,0.75781,-0.908,2.443,-1.092
2026-05-20 15:07:49.609,1173209065,2725609,2,0.95044,0.04224,0.35986,-11.023,-4.153,0.298
2026-05-20 15:07:50.809,1173210265,2725809,1,0.80347,-0.17798,0.73389,-1.824,0.466,4.008
2026-05-20 15:07:50.809,1173210265,2725809,2,0.92236,0.05151,0.36279,-8.366,-4.229,-5.397
2026-05-20 15:07:50.009,1173209465,2726009,1,0.82251,-0.15967,0.74585,2.55,1.366,5.115
2026-05-20 15:07:50.009,1173209465,2726009,2,0.91553,0.08057,0.40454,-1.908,1.527,4.771
2026-05-20 15:07:50.209,1173209665,2726209,1,0.78125,-0.20972,0.73169,-2.13,1.58,5.55
2026-05-20 15:07:50.209,1173209665,2726209,2,0.90479,0.05566,0.40454,7.382,3.672,2.573
2026-05-20 15:07:50.409,1173209865,2726409,1,0.80859,-0.22485,0.71997,-0.779,0.672,1.595
2026-05-20 15:07:50.409,1173209865,2726409,2,0.90845,0.05884,0.39136,4.519,2.389,0.847
2026-05-20 15:07:50.609,1173210065,2726609,1,0.79858,-0.22266,0.72949,1.183,4.649,-4.023
2026-05-20 15:07:50.609,1173210065,2726609,2,0.9126,0.07642,0.39966,-4.969,-4.168,-1.824
2026-05-20 15:07:51.809,1173211265,2726809,1,0.81006,-0.19873,0.73413,1.779,0.931,-8.389
2026-05-20 15:07:51.809,1173211265,2726809,2,0.90601,0.07495,0.40161,4.076,2.847,-3.649
2026-05-20 15:07:51.027,1173210483,2727027,1,0.7937,-0.14648,0.74951,4.336,-2.481,-4.13
2026-05-20 15:07:51.027,1173210483,2727027,2,0.93115,0.07568,0.38794,2.282,-2.511,-1.412
2026-05-20 15:07:51.227,1173210683,2727227,1,0.81641,-0.13916,0.72876,0.702,0.107,-3.466
2026-05-20 15:07:51.227,1173210683,2727227,2,0.92773,0.08765,0.39648,-1.16,0.473,-0.13
2026-05-20 15:07:51.427,1173210883,2727427,1,0.80762,-0.125,0.73389,0.321,0.878,0.099
2026-05-20 15:07:51.427,1173210883,2727427,2,0.9231,0.08667,0.38965,-5.26,-0.489,0.649
2026-05-20 15:07:51.627,1173211083,2727627,1,0.81006,-0.14966,0.73828,-0.954,1.84,1.84
2026-05-20 15:07:51.627,1173211083,2727627,2,0.91357,0.09106,0.37817,-1.855,2.473,1.817
2026-05-20 15:07:52.827,1173212283,2727827,1,0.80347,-0.1604,0.74072,-1.863,2.099,0.435
2026-05-20 15:07:52.827,1173212283,2727827,2,0.9231,0.09204,0.38477,-1.534,0.618,1.221
2026-05-20 15:07:52.027,1173211483,2728027,1,0.802,-0.16113,0.73804,-0.267,1.542,-0.534
2026-05-20 15:07:52.027,1173211483,2728027,2,0.92432,0.09546,0.38965,0.092,0.504,0.725
2026-05-20 15:07:52.241,1173211697,2728241,1,0.79419,-0.14697,0.7439,-0.534,0.901,-1.832
2026-05-20 15:07:52.241,1173211697,2728241,2,0.92725,0.08154,0.37622,-4.985,-2.099,-0.603
2026-05-20 15:07:52.449,1173211905,2728449,1,0.80957,-0.1543,0.74194,0.031,1.29,-1.061
2026-05-20 15:07:52.449,1173211905,2728449,2,0.92163,0.08008,0.36841,-2.168,2.26,0.267
2026-05-20 15:07:52.649,1173212105,2728649,1,0.84497,-0.07642,0.75342,-19.656,-9.321,-0.191
2026-05-20 15:07:52.649,1173212105,2728649,2,0.90015,0.10352,0.39917,-11.84,-11.061,13.87
2026-05-20 15:07:53.849,1173213305,2728849,1,0.87012,-0.32568,0.61108,-9.206,6.626,5.023
2026-05-20 15:07:53.849,1173213305,2728849,2,0.96753,-0.02417,0.34863,-8.168,0.534,6.336
2026-05-20 15:07:53.049,1173212505,2729049,1,0.83521,-0.3042,0.63574,20.427,8.771,-0.489
2026-05-20 15:07:53.049,1173212505,2729049,2,0.9104,-0.00439,0.39526,21.427,19.702,-4.664
2026-05-20 15:07:53.268,1173212724,2729268,1,0.79663,-0.18042,0.72314,-3.198,-4.061,-1.26
2026-05-20 15:07:53.268,1173212724,2729268,2,0.92017,0.052,0.40015,-5.351,-8.924,-1.237
2026-05-20 15:07:53.493,1173212949,2729493,1,0.85059,-0.19946,0.68262,-5.908,2.206,-8.435
2026-05-20 15:07:53.493,1173212949,2729493,2,0.93213,0.03052,0.37842,-3.718,-6.603,0.45
2026-05-20 15:07:53.693,1173213149,2729693,1,0.84351,-0.18359,0.70703,-1.931,2.962,-0.893
2026-05-20 15:07:53.693,1173213149,2729693,2,0.93066,0.05273,0.37109,4.718,0.603,-0.069
2026-05-20 15:07:54.893,1173214349,2729893,1,0.83594,-0.19629,0.69653,-2.031,1.542,-1.679
2026-05-20 15:07:54.893,1173214349,2729893,2,0.93213,0.05933,0.36108,-3.466,-1.916,-0.641
2026-05-20 15:07:54.093,1173213549,2730093,1,0.83984,-0.17749,0.68896,-0.443,2.076,1.115
2026-05-20 15:07:54.093,1173213549,2730093,2,0.94312,0.0498,0.35352,-2.031,1.275,1.374
2026-05-20 15:07:54.293,1173213749,2730293,1,0.82813,-0.19092,0.70532,0.137,2.313,0.13
2026-05-20 15:07:54.293,1173213749,2730293,2,0.93872,0.04175,0.35815,-2.489,-0.847,-0.901
2026-05-20 15:07:57.495,1173216951,2733495,1,0.82007,-0.19092,0.71802,0.099,1.939,-0.183
2026-05-20 15:07:57.495,1173216951,2733495,2,0.93408,0.04517,0.35645,-2.076,-0.603,0.267
2026-05-20 15:07:57.695,1173217151,2733695,1,0.82666,-0.18774,0.73169,-0.038,2.214,-0.16
2026-05-20 15:07:57.695,1173217151,2733695,2,0.9292,0.0354,0.35303,-3.473,-2.947,1.206
2026-05-20 15:07:58.895,1173218351,2733895,1,0.82373,-0.20508,0.71289,-0.405,0.763,1.229
2026-05-20 15:07:58.895,1173218351,2733895,2,0.93164,0.04395,0.35791,0.206,2.443,1.198
2026-05-20 15:07:58.095,1173217551,2734095,1,0.81836,-0.19971,0.71777,-0.214,1.0,-0.198
2026-05-20 15:07:58.095,1173217551,2734095,2,0.9353,0.0415,0.36182,-1.473,0.13,0.244
2026-05-20 15:07:58.307,1173217763,2734306,1,0.82715,-0.20776,0.69702,-1.939,3.786,-0.733
2026-05-20 15:07:58.307,1173217763,2734306,2,0.93237,0.03711,0.36841,-2.282,0.16,1.336
2026-05-20 15:08:01.487,1173220943,2737487,1,0.81934,-0.19116,0.71655,-0.053,2.038,-0.191
2026-05-20 15:08:01.487,1173220943,2737487,2,0.94434,0.03906,0.35229,-1.153,0.107,1.038
2026-05-20 15:08:01.687,1173221143,2737687,1,0.81885,-0.19824,0.72119,-0.771,1.695,0.244
2026-05-20 15:08:01.687,1173221143,2737687,2,0.93384,0.03711,0.36694,-1.031,0.496,0.183
2026-05-20 15:08:02.887,1173222343,2737887,1,0.83008,-0.18506,0.70654,-2.26,1.183,-0.206
2026-05-20 15:08:02.887,1173222343,2737887,2,0.93652,0.03174,0.37061,-0.992,1.595,-0.198
2026-05-20 15:08:02.087,1173221543,2738087,1,0.81421,-0.19092,0.72314,-2.939,0.473,-1.672
2026-05-20 15:08:02.087,1173221543,2738087,2,0.93042,0.03882,0.3772,-4.893,-1.466,-0.87
2026-05-20 15:08:02.287,1173221743,2738287,1,0.82007,-0.18604,0.71094,-0.863,1.389,-0.351
2026-05-20 15:08:02.287,1173221743,2738287,2,0.94409,0.03442,0.35767,-2.74,-0.847,0.176
2026-05-20 15:08:02.487,1173221943,2738487,1,0.82764,-0.18237,0.71411,2.42,1.824,0.595
2026-05-20 15:08:02.487,1173221943,2738487,2,0.93286,0.03174,0.36133,1.641,2.435,0.84
2026-05-20 15:08:02.687,1173222143,2738687,1,0.80786,-0.19312,0.73145,0.718,1.924,0.542
2026-05-20 15:08:02.687,1173222143,2738687,2,0.92944,0.04077,0.38208,-3.641,-1.664,0.939
2026-05-20 15:08:03.887,1173223343,2738887,1,0.8252,-0.20825,0.72314,-0.794,1.221,1.168
2026-05-20 15:08:03.887,1173223343,2738887,2,0.94238,0.03027,0.36719,0.351,1.496,1.45
2026-05-20 15:08:03.087,1173222543,2739087,1,0.82715,-0.19092,0.69604,1.198,-0.351,-2.351
2026-05-20 15:08:03.087,1173222543,2739087,2,0.9314,0.02759,0.37036,0.496,2.099,0.038
2026-05-20 15:08:03.287,1173222743,2739287,1,0.82837,-0.20581,0.71143,-3.908,-4.878,-3.092
2026-05-20 15:08:03.287,1173222743,2739287,2,0.93457,0.02441,0.36987,-3.137,-0.71,0.649
2026-05-20 15:08:03.487,1173222943,2739487,1,0.8584,-0.18042,0.6665,-5.595,0.176,-2.084
2026-05-20 15:08:03.487,1173222943,2739487,2,0.92993,0.02124,0.3689,-1.84,-0.351,0.382
2026-05-20 15:08:03.687,1173223143,2739687,1,0.84814,-0.18042,0.69214,-0.55,1.282,-2.588
2026-05-20 15:08:03.687,1173223143,2739687,2,0.94238,0.02905,0.36963,-0.893,0.137,0.321
2026-05-20 15:08:04.887,1173224343,2739887,1,0.85669,-0.16187,0.67334,0.748,1.931,0.023
2026-05-20 15:08:04.887,1173224343,2739887,2,0.93555,0.0354,0.36719,-1.13,2.031,1.0
2026-05-20 15:08:04.087,1173223543,2740087,1,0.85059,-0.17017,0.69067,0.305,3.015,2.031
2026-05-20 15:08:04.087,1173223543,2740087,2,0.93018,0.02734,0.36914,-1.649,0.183,1.824
2026-05-20 15:08:04.287,1173223743,2740287,1,0.83594,-0.19312,0.69824,0.962,3.351,2.305
2026-05-20 15:08:04.287,1173223743,2740287,2,0.93115,0.0271,0.37451,-1.122,1.702,1.099
2026-05-20 15:08:04.487,1173223943,2740487,1,0.82764,-0.18457,0.70337,1.122,1.275,-0.573
2026-05-20 15:08:04.487,1173223943,2740487,2,0.93066,0.03027,0.38306,-0.45,1.122,0.511
2026-05-20 15:08:04.687,1173224143,2740687,1,0.82593,-0.22437,0.74048,0.374,-6.985,-12.321
2026-05-20 15:08:04.687,1173224143,2740687,2,0.96851,0.05444,0.37817,-7.473,-3.702,-0.924
2026-05-20 15:08:05.887,1173225343,2740887,1,0.90186,-0.11499,0.62891,-0.191,-13.275,-8.229
2026-05-20 15:08:05.887,1173225343,2740887,2,0.93579,0.04761,0.37744,2.916,5.969,0.947
2026-05-20 15:08:05.087,1173224543,2741087,1,0.86597,-0.13892,0.68237,-3.542,2.298,-3.137
2026-05-20 15:08:05.087,1173224543,2741087,2,0.93896,0.04639,0.35938,0.107,0.137,1.092
2026-05-20 15:08:07.704,1173227160,2743703,1,0.8252,-0.19458,0.70483,-1.382,2.519,2.901
2026-05-20 15:08:07.704,1173227160,2743703,2,0.93945,0.052,0.3562,-3.931,-2.076,-0.458
2026-05-20 15:08:08.903,1173228359,2743903,1,0.82715,-0.1958,0.70117,-0.947,1.0,-1.634
2026-05-20 15:08:08.903,1173228359,2743903,2,0.95117,0.0354,0.34521,-0.649,0.748,0.115
2026-05-20 15:08:08.103,1173227559,2744103,1,0.82617,-0.17676,0.70068,0.679,1.679,-1.412
2026-05-20 15:08:08.103,1173227559,2744103,2,0.93311,0.03809,0.35522,-2.275,0.29,-0.168
2026-05-20 15:08:08.303,1173227759,2744303,1,0.82935,-0.17334,0.71655,-0.344,1.733,-0.87
2026-05-20 15:08:08.303,1173227759,2744303,2,0.94922,0.04565,0.35596,-1.427,-0.527,-0.046
2026-05-20 15:08:08.503,1173227959,2744503,1,0.8269,-0.18701,0.71289,-1.046,1.511,0.229
2026-05-20 15:08:08.503,1173227959,2744503,2,0.93481,0.05078,0.3606,-1.267,1.015,0.679
2026-05-20 15:08:08.703,1173228159,2744703,1,0.82666,-0.18115,0.72241,-0.023,1.916,0.42
2026-05-20 15:08:08.703,1173228159,2744703,2,0.94849,0.05176,0.35474,-1.557,-0.206,0.962
2026-05-20 15:08:09.903,1173229359,2744903,1,0.8252,-0.18945,0.71387,-0.107,1.74,-0.679
2026-05-20 15:08:09.903,1173229359,2744903,2,0.94116,0.04126,0.34839,-1.412,1.763,0.794
2026-05-20 15:08:09.103,1173228559,2745103,1,0.81958,-0.1814,0.7168,-0.557,1.145,-0.359
2026-05-20 15:08:09.103,1173228559,2745103,2,0.94385,0.04517,0.34814,-1.206,-0.924,0.29
2026-05-20 15:08:09.303,1173228759,2745303,1,0.82495,-0.1875,0.71313,0.221,1.618,-0.298
2026-05-20 15:08:09.303,1173228759,2745303,2,0.94458,0.04443,0.3418,-0.374,0.588,1.015
2026-05-20 15:08:09.503,1173228959,2745503,1,0.83081,-0.18359,0.71436,-0.328,1.252,-0.008
2026-05-20 15:08:09.503,1173228959,2745503,2,0.93604,0.04565,0.3457,0.26,0.779,1.0
2026-05-20 15:08:09.703,1173229159,2745703,1,0.83179,-0.1875,0.71313,-0.504,1.053,-0.832
2026-05-20 15:08:09.703,1173229159,2745703,2,0.9458,0.04248,0.35034,-2.313,0.855,0.947
2026-05-20 15:08:10.903,1173230359,2745903,1,0.82251,-0.18384,0.71216,1.191,0.992,0.977
2026-05-20 15:08:10.903,1173230359,2745903,2,0.93628,0.05127,0.34448,1.313,2.298,1.076
2026-05-20 15:08:10.103,1173229559,2746103,1,0.8269,-0.18652,0.71362,-0.908,0.901,-0.786
2026-05-20 15:08:10.103,1173229559,2746103,2,0.94409,0.04175,0.35132,-1.58,-1.0,0.42
2026-05-20 15:08:10.303,1173229759,2746303,1,0.82471,-0.18848,0.7168,0.137,1.565,-0.214
2026-05-20 15:08:10.303,1173229759,2746303,2,0.94653,0.04541,0.35864,-1.489,0.718,0.008
2026-05-20 15:08:10.503,1173229959,2746503,1,0.82251,-0.18408,0.71436,-0.748,1.351,-0.924
2026-05-20 15:08:10.503,1173229959,2746503,2,0.94653,0.03906,0.35059,-2.847,-0.275,0.008
2026-05-20 15:08:10.703,1173230159,2746703,1,0.82715,-0.18994,0.71338,-0.359,1.321,-0.336
2026-05-20 15:08:10.703,1173230159,2746703,2,0.94189,0.04492,0.34082,-1.427,0.214,0.473
2026-05-20 15:08:11.903,1173231359,2746903,1,0.82324,-0.18286,0.7146,-0.412,1.336,-0.519
2026-05-20 15:08:11.903,1173231359,2746903,2,0.93799,0.04102,0.34302,-1.305,0.328,0.473
2026-05-20 15:08:11.103,1173230559,2747103,1,0.823,-0.18018,0.7146,-0.282,1.565,-0.328
2026-05-20 15:08:11.103,1173230559,2747103,2,0.94336,0.04443,0.33789,-1.855,-0.634,0.458
2026-05-20 15:08:11.303,1173230759,2747303,1,0.82642,-0.18921,0.71826,-0.397,1.55,-0.382
2026-05-20 15:08:11.303,1173230759,2747303,2,0.94336,0.04248,0.34863,-1.489,0.603,0.611
2026-05-20 15:08:14.360,1173233816,2750360,1,0.82666,-0.17725,0.72778,-0.511,1.107,-0.466
2026-05-20 15:08:14.360,1173233816,2750360,2,0.93823,0.0437,0.34351,-1.496,0.229,0.389
2026-05-20 15:08:14.560,1173234016,2750560,1,0.81787,-0.17847,0.71875,-0.534,1.374,-0.29
2026-05-20 15:08:14.560,1173234016,2750560,2,0.93579,0.04028,0.3501,-1.481,0.55,0.595
2026-05-20 15:08:15.760,1173235216,2750760,1,0.81494,-0.17578,0.72021,-0.55,1.366,-0.282
2026-05-20 15:08:15.760,1173235216,2750760,2,0.94336,0.03955,0.35181,-2.031,0.084,0.42
2026-05-20 15:08:17.394,1173236850,2753394,1,0.81641,-0.17773,0.7229,-0.282,1.145,-0.71
2026-05-20 15:08:17.394,1173236850,2753394,2,0.94629,0.03491,0.34546,-1.481,0.183,0.542
2026-05-20 15:08:17.594,1173237050,2753594,1,0.81812,-0.18506,0.72241,-0.115,1.198,0.107
2026-05-20 15:08:17.594,1173237050,2753594,2,0.94092,0.04712,0.34839,-1.718,-0.038,0.489
2026-05-20 15:08:18.794,1173238250,2753794,1,0.82422,-0.17505,0.72852,-0.687,1.344,-0.611
2026-05-20 15:08:18.794,1173238250,2753794,2,0.94238,0.04346,0.35352,-2.115,0.382,0.641
2026-05-20 15:08:18.994,1173238450,2753994,1,0.82446,-0.18091,0.71338,-0.534,1.252,-0.214
2026-05-20 15:08:18.994,1173238450,2753994,2,0.94019,0.02759,0.35278,-1.573,-0.252,1.153
2026-05-20 15:08:20.559,1173240015,2756559,1,0.82104,-0.17627,0.73242,0.443,2.481,-1.115
2026-05-20 15:08:20.559,1173240015,2756559,2,0.94214,0.02979,0.35278,-2.038,-0.718,1.069
2026-05-20 15:08:21.759,1173241215,2756759,1,0.82373,-0.17944,0.71924,-1.496,0.344,-0.557
2026-05-20 15:08:21.759,1173241215,2756759,2,0.94043,0.02026,0.35522,-0.122,1.336,0.092
2026-05-20 15:08:21.962,1173241418,2756962,1,0.82275,-0.17261,0.72656,-0.336,1.084,0.107
2026-05-20 15:08:21.962,1173241418,2756962,2,0.93726,0.04053,0.35498,-1.45,0.16,0.794
2026-05-20 15:08:21.162,1173240618,2757162,1,0.81836,-0.1814,0.73657,-0.16,1.481,0.237
2026-05-20 15:08:21.162,1173240618,2757162,2,0.94604,0.02808,0.35498,0.313,0.916,0.962
2026-05-20 15:08:21.362,1173240818,2757362,1,0.81982,-0.17456,0.71997,-0.176,0.954,-0.55
2026-05-20 15:08:21.362,1173240818,2757362,2,0.94287,0.02856,0.35596,-0.649,0.26,0.618
2026-05-20 15:08:21.562,1173241018,2757562,1,0.81787,-0.17725,0.71851,-0.282,1.328,-0.504
2026-05-20 15:08:21.562,1173241018,2757562,2,0.94653,0.02979,0.35571,0.115,1.023,0.901
2026-05-20 15:08:22.762,1173242218,2757762,1,0.81445,-0.17725,0.72339,-0.626,1.267,-0.618
2026-05-20 15:08:22.762,1173242218,2757762,2,0.94312,0.02905,0.3562,-1.489,0.397,0.641
2026-05-20 15:08:22.962,1173242418,2757962,1,0.82202,-0.17798,0.71265,-0.733,1.405,-0.214
2026-05-20 15:08:22.962,1173242418,2757962,2,0.94482,0.03027,0.35645,-3.168,0.176,0.298
2026-05-20 15:08:22.162,1173241618,2758162,1,0.81812,-0.17896,0.72876,-0.55,1.519,-0.237
2026-05-20 15:08:22.162,1173241618,2758162,2,0.94263,0.03125,0.34937,-2.282,0.282,0.389
2026-05-20 15:08:22.362,1173241818,2758362,1,0.81738,-0.17505,0.72827,-0.435,1.137,-0.397
2026-05-20 15:08:22.362,1173241818,2758362,2,0.94067,0.02588,0.35254,-2.099,-0.229,0.206
2026-05-20 15:08:22.562,1173242018,2758562,1,0.81836,-0.18384,0.72363,-0.794,1.305,-0.366
2026-05-20 15:08:22.562,1173242018,2758562,2,0.94263,0.02441,0.35107,-2.863,0.145,0.038
2026-05-20 15:08:23.762,1173243218,2758762,1,0.82007,-0.17578,0.71753,-0.779,1.267,-0.511
2026-05-20 15:08:23.762,1173243218,2758762,2,0.9458,0.01611,0.34937,-1.893,0.366,0.069
2026-05-20 15:08:23.962,1173243418,2758962,1,0.81104,-0.18115,0.72241,-1.145,1.069,-0.382
2026-05-20 15:08:23.962,1173243418,2758962,2,0.94434,0.03662,0.35107,-0.237,1.511,-0.046
2026-05-20 15:08:23.162,1173242618,2759162,1,0.80151,-0.16626,0.71216,-0.252,-0.122,-1.137
2026-05-20 15:08:23.162,1173242618,2759162,2,0.94458,0.03149,0.35938,-0.939,-0.664,0.382
2026-05-20 15:08:23.362,1173242818,2759362,1,0.81909,-0.17383,0.72192,-0.412,1.573,0.603
2026-05-20 15:08:23.362,1173242818,2759362,2,0.948,0.02148,0.35718,-0.71,1.076,1.275
2026-05-20 15:08:23.562,1173243018,2759562,1,0.81543,-0.17749,0.71729,-0.588,1.244,-0.137
2026-05-20 15:08:23.562,1173243018,2759562,2,0.94702,0.02051,0.34644,-0.977,0.237,0.618
2026-05-20 15:08:24.762,1173244218,2759762,1,0.81958,-0.18335,0.72998,-0.466,1.038,-0.557
2026-05-20 15:08:24.762,1173244218,2759762,2,0.94067,0.02002,0.35107,0.74,1.405,0.832
2026-05-20 15:08:24.962,1173244418,2759962,1,0.81665,-0.177,0.72632,-0.756,1.069,-0.527
2026-05-20 15:08:24.962,1173244418,2759962,2,0.94116,0.02588,0.35303,1.008,0.672,0.702
2026-05-20 15:08:24.162,1173243618,2760162,1,0.80957,-0.1814,0.72803,-0.366,1.328,-0.305
2026-05-20 15:08:24.162,1173243618,2760162,2,0.94043,0.02637,0.35352,0.206,1.015,1.107
2026-05-20 15:08:24.362,1173243818,2760362,1,0.81152,-0.17554,0.72949,-0.763,1.267,-0.099
2026-05-20 15:08:24.362,1173243818,2760362,2,0.93774,0.02588,0.35205,-1.16,0.328,0.786
2026-05-20 15:08:24.562,1173244018,2760562,1,0.8103,-0.17969,0.73193,-0.321,1.534,-0.252
2026-05-20 15:08:24.562,1173244018,2760562,2,0.93555,0.02905,0.35254,-2.443,0.092,0.183
2026-05-20 15:08:25.762,1173245218,2760762,1,0.82056,-0.16528,0.73193,-0.664,1.527,-0.191
2026-05-20 15:08:25.762,1173245218,2760762,2,0.93945,0.03076,0.35205,-2.74,0.015,0.069
2026-05-20 15:08:25.962,1173245418,2760962,1,0.81128,-0.18213,0.73022,-0.649,1.496,-0.634
2026-05-20 15:08:25.962,1173245418,2760962,2,0.9353,0.03198,0.35376,-2.069,0.023,0.221
2026-05-20 15:08:25.162,1173244618,2761162,1,0.82275,-0.17969,0.73291,-0.802,0.878,-0.573
2026-05-20 15:08:25.162,1173244618,2761162,2,0.94019,0.0249,0.34937,-1.71,0.771,0.435
2026-05-20 15:08:25.362,1173244818,2761362,1,0.82373,-0.18042,0.72705,-0.397,1.344,-0.366
2026-05-20 15:08:25.362,1173244818,2761362,2,0.93823,0.02466,0.35693,-2.015,0.58,0.168
2026-05-20 15:08:25.562,1173245018,2761562,1,0.81934,-0.17969,0.73291,-0.466,1.298,-0.58
2026-05-20 15:08:25.562,1173245018,2761562,2,0.94531,0.02173,0.34937,-1.618,0.221,0.427
2026-05-20 15:08:26.762,1173246218,2761762,1,0.81421,-0.17456,0.72217,-0.496,1.168,-0.191
2026-05-20 15:08:26.762,1173246218,2761762,2,0.94922,0.0249,0.35278,-1.603,0.55,0.794
2026-05-20 15:08:26.962,1173246418,2761962,1,0.8186,-0.17725,0.71826,-0.427,1.557,-0.137
2026-05-20 15:08:26.962,1173246418,2761962,2,0.94556,0.02441,0.34888,-0.779,0.397,0.718
2026-05-20 15:08:26.162,1173245618,2762162,1,0.81738,-0.177,0.72778,-0.748,1.145,-0.298
2026-05-20 15:08:26.162,1173245618,2762162,2,0.94092,0.02295,0.35522,-0.122,0.496,0.786
2026-05-20 15:08:26.362,1173245818,2762362,1,0.8186,-0.17798,0.7251,-0.336,1.29,-0.603
2026-05-20 15:08:26.362,1173245818,2762362,2,0.94629,0.02686,0.34082,0.214,0.931,0.985
2026-05-20 15:08:26.562,1173246018,2762562,1,0.81226,-0.17969,0.73193,0.046,1.45,-0.282
2026-05-20 15:08:26.562,1173246018,2762562,2,0.9375,0.03027,0.34985,-0.389,0.893,1.145
2026-05-20 15:08:27.762,1173247218,2762762,1,0.82056,-0.17676,0.72632,-0.42,1.214,-0.389
2026-05-20 15:08:27.762,1173247218,2762762,2,0.93506,0.02197,0.35352,-0.725,0.885,0.763
2026-05-20 15:08:27.962,1173247418,2762962,1,0.8208,-0.18115,0.73511,-0.397,1.206,-0.458
2026-05-20 15:08:27.962,1173247418,2762962,2,0.93481,0.03076,0.35767,-0.305,0.718,0.74
2026-05-20 15:08:27.162,1173246618,2763162,1,0.8147,-0.17505,0.7168,-0.183,1.672,-0.336
2026-05-20 15:08:27.162,1173246618,2763162,2,0.93921,0.02417,0.36108,-2.908,-0.763,0.076
2026-05-20 15:08:27.362,1173246818,2763362,1,0.8186,-0.17627,0.73242,-0.122,2.466,-0.718
2026-05-20 15:08:27.362,1173246818,2763362,2,0.94653,0.02295,0.3562,-4.443,-1.519,-0.16
2026-05-20 15:08:27.562,1173247018,2763562,1,0.79834,-0.17725,0.73804,0.885,7.725,-2.863
2026-05-20 15:08:27.562,1173247018,2763562,2,0.94775,0.02222,0.33301,-5.29,-2.672,-0.489
2026-05-20 15:08:28.762,1173248218,2763762,1,0.81885,-0.16626,0.72559,-1.55,0.137,-1.206
2026-05-20 15:08:28.762,1173248218,2763762,2,0.95166,0.02832,0.33594,0.962,0.786,0.435
2026-05-20 15:08:28.974,1173248430,2763974,1,0.79395,-0.16016,0.75562,-0.336,0.618,-0.435
2026-05-20 15:08:28.974,1173248430,2763974,2,0.94727,0.02173,0.34058,-2.397,-0.237,0.855
2026-05-20 15:08:28.174,1173247630,2764174,1,0.80664,-0.17505,0.73926,-0.832,1.168,0.275
2026-05-20 15:08:28.174,1173247630,2764174,2,0.94922,0.01953,0.33521,-0.786,0.672,0.481
2026-05-20 15:08:28.374,1173247830,2764374,1,0.80347,-0.16992,0.7478,-0.427,0.382,-0.817
2026-05-20 15:08:28.374,1173247830,2764374,2,0.9502,0.02197,0.34229,1.359,1.115,1.069
2026-05-20 15:08:28.610,1173248066,2764610,1,0.80273,-0.1792,0.73999,-1.046,1.481,-0.366
2026-05-20 15:08:28.610,1173248066,2764610,2,0.94873,0.03442,0.34302,-0.359,1.29,0.298
2026-05-20 15:08:29.810,1173249266,2764810,1,0.79712,-0.16724,0.72778,-0.336,1.0,-0.863
2026-05-20 15:08:29.810,1173249266,2764810,2,0.94067,0.03247,0.34839,1.046,0.557,1.366
2026-05-20 15:08:29.010,1173248466,2765010,1,0.80688,-0.1709,0.73657,-0.626,1.038,0.275
2026-05-20 15:08:29.010,1173248466,2765010,2,0.948,0.02515,0.34741,-1.237,1.695,1.206
2026-05-20 15:08:29.210,1173248666,2765210,1,0.81201,-0.17651,0.73584,-0.947,0.458,1.137
2026-05-20 15:08:29.210,1173248666,2765210,2,0.95093,0.02686,0.34839,-2.237,0.359,0.595
2026-05-20 15:08:29.410,1173248866,2765410,1,0.80786,-0.17603,0.73291,-1.473,0.916,-0.275
2026-05-20 15:08:29.410,1173248866,2765410,2,0.94409,0.02319,0.33618,-2.183,-1.42,0.252
2026-05-20 15:08:29.610,1173249066,2765610,1,0.80249,-0.18237,0.73828,-0.13,2.336,-0.382
2026-05-20 15:08:29.610,1173249066,2765610,2,0.94287,0.03101,0.34595,-2.786,0.389,-0.298
2026-05-20 15:08:30.810,1173250266,2765810,1,0.81104,-0.18018,0.72998,0.076,1.924,-0.763
2026-05-20 15:08:30.810,1173250266,2765810,2,0.94312,0.02466,0.33618,-0.992,0.527,0.282
2026-05-20 15:08:30.010,1173249466,2766010,1,0.80908,-0.16943,0.73926,-0.573,0.786,-0.031
2026-05-20 15:08:30.010,1173249466,2766010,2,0.94922,0.02734,0.3457,-2.076,-0.069,0.71
2026-05-20 15:08:30.210,1173249666,2766210,1,0.79565,-0.17798,0.74121,-0.695,1.069,-0.13
2026-05-20 15:08:30.210,1173249666,2766210,2,0.948,0.01831,0.34424,-3.351,-1.641,0.542
2026-05-20 15:08:30.410,1173249866,2766410,1,0.80664,-0.17993,0.73804,-0.832,0.672,-0.344
2026-05-20 15:08:30.410,1173249866,2766410,2,0.94653,0.02222,0.34668,-0.863,0.321,0.702
2026-05-20 15:08:33.942,1173253398,2768942,1,0.81519,-0.17627,0.73071,-0.664,1.405,-0.374
2026-05-20 15:08:33.942,1173253398,2768942,2,0.948,0.02417,0.34521,-0.229,0.824,0.824
2026-05-20 15:08:33.142,1173252598,2769142,1,0.81079,-0.18091,0.7395,-0.214,1.282,-0.679
2026-05-20 15:08:33.142,1173252598,2769142,2,0.9436,0.02319,0.35132,0.557,0.74,0.893
2026-05-20 15:08:33.342,1173252798,2769342,1,0.80078,-0.1814,0.73877,-0.771,1.351,-0.527
2026-05-20 15:08:33.342,1173252798,2769342,2,0.94263,0.02173,0.35156,0.611,0.817,1.221
2026-05-20 15:08:33.542,1173252998,2769542,1,0.80884,-0.18091,0.73169,-0.305,1.328,-0.191
2026-05-20 15:08:33.542,1173252998,2769542,2,0.94141,0.01904,0.34692,0.221,0.634,0.832
2026-05-20 15:08:34.742,1173254198,2769742,1,0.81348,-0.18799,0.72461,-1.176,0.565,-0.221
2026-05-20 15:08:34.742,1173254198,2769742,2,0.94849,0.0166,0.32617,-2.244,2.542,0.321
2026-05-20 15:08:34.942,1173254398,2769942,1,0.83789,-0.19678,0.70435,-4.901,-12.855,-0.191
2026-05-20 15:08:34.942,1173254398,2769942,2,0.94287,0.02637,0.36011,-6.908,0.008,-3.359
2026-05-20 15:08:34.257,1173253713,2770257,1,0.83374,-0.19116,0.70361,1.702,1.137,6.947
2026-05-20 15:08:34.257,1173253713,2770257,2,0.9248,0.01685,0.38159,-1.122,0.038,2.557
2026-05-20 15:08:34.457,1173253913,2770457,1,0.84766,-0.21118,0.69312,0.679,0.534,1.962
2026-05-20 15:08:34.457,1173253913,2770457,2,0.93921,0.00732,0.38135,-1.939,1.763,2.374
2026-05-20 15:08:34.657,1173254113,2770657,1,0.86694,-0.18018,0.65088,-6.443,-4.824,10.679
2026-05-20 15:08:34.657,1173254113,2770657,2,0.95972,0.01587,0.32446,-9.763,4.527,10.603
2026-05-20 15:08:35.857,1173255313,2770857,1,0.8396,-0.25171,0.60767,-1.511,-26.084,-6.107
2026-05-20 15:08:35.857,1173255313,2770857,2,0.8877,-0.02637,0.41479,3.962,5.725,-2.313
2026-05-20 15:08:35.057,1173254513,2771057,1,0.89917,-0.25659,0.59106,-1.435,-0.611,-15.053
2026-05-20 15:08:35.057,1173254513,2771057,2,0.87964,-0.07837,0.44067,2.863,-1.672,1.321
2026-05-20 15:08:35.257,1173254713,2771257,1,0.9292,-0.24878,0.55835,13.153,3.115,-22.634
2026-05-20 15:08:35.257,1173254713,2771257,2,0.90137,-0.02393,0.41479,18.099,13.092,-17.634
2026-05-20 15:08:35.457,1173254913,2771457,1,0.88525,-0.14307,0.59399,-0.107,4.214,-28.718
2026-05-20 15:08:35.457,1173254913,2771457,2,0.87915,0.10938,0.46362,0.344,8.947,-21.305
2026-05-20 15:08:35.657,1173255113,2771657,1,0.90576,0.00049,0.58105,-2.824,0.053,-28.595
2026-05-20 15:08:35.657,1173255113,2771657,2,0.8728,0.15137,0.49756,6.74,9.092,-20.214
2026-05-20 15:08:36.857,1173256313,2771857,1,0.91333,0.11279,0.57324,-4.092,-0.13,-16.275
2026-05-20 15:08:36.857,1173256313,2771857,2,0.84131,0.26733,0.479,1.298,6.076,-11.687
2026-05-20 15:08:36.057,1173255513,2772057,1,0.91357,0.13525,0.55054,-5.962,1.069,-10.962
2026-05-20 15:08:36.057,1173255513,2772057,2,0.89819,-0.04932,0.45239,-5.344,-4.168,2.534
2026-05-20 15:08:39.104,1173258560,2775104,1,0.86499,-0.35645,0.56982,-3.695,2.115,2.13
2026-05-20 15:08:39.104,1173258560,2775104,2,0.89404,-0.06812,0.45215,-5.031,-0.992,3.069
2026-05-20 15:08:39.304,1173258760,2775304,1,0.85522,-0.36304,0.59277,0.076,2.328,3.473
2026-05-20 15:08:39.304,1173258760,2775304,2,0.87866,-0.06934,0.45215,0.641,4.16,3.908
2026-05-20 15:08:39.504,1173258960,2775504,1,0.83984,-0.36255,0.60571,-3.275,1.924,3.366
2026-05-20 15:08:39.504,1173258960,2775504,2,0.88794,-0.08521,0.45166,-11.336,-1.802,4.504
2026-05-20 15:08:39.704,1173259160,2775704,1,0.84058,-0.37793,0.59155,-10.405,0.26,8.504
2026-05-20 15:08:39.704,1173259160,2775704,2,0.88037,-0.11133,0.44458,-5.069,-0.198,9.672
2026-05-20 15:08:40.904,1173260360,2775904,1,0.83057,-0.47168,0.57373,-5.214,2.412,2.893
2026-05-20 15:08:40.904,1173260360,2775904,2,0.87256,-0.17969,0.43457,0.214,-1.313,3.931
2026-05-20 15:08:40.104,1173259560,2776104,1,0.80908,-0.47559,0.5647,1.786,2.237,-0.397
2026-05-20 15:08:40.104,1173259560,2776104,2,0.8772,-0.16064,0.44922,7.305,4.122,-0.26
2026-05-20 15:08:40.304,1173259760,2776304,1,0.82178,-0.44141,0.60571,8.046,3.382,-9.267
2026-05-20 15:08:40.304,1173259760,2776304,2,0.86523,-0.12695,0.46167,4.344,0.611,-9.382
2026-05-20 15:08:40.504,1173259960,2776504,1,0.82764,-0.40112,0.61597,15.046,8.603,-15.87
2026-05-20 15:08:40.504,1173259960,2776504,2,0.87061,-0.06763,0.44971,-2.008,2.389,-16.756
2026-05-20 15:08:40.704,1173260160,2776704,1,0.8396,-0.28467,0.62598,12.237,2.26,-21.679
2026-05-20 15:08:40.704,1173260160,2776704,2,0.88867,-0.01953,0.45288,9.099,8.13,-18.229
2026-05-20 15:08:41.904,1173261360,2776904,1,0.87061,-0.17944,0.67017,6.595,-1.489,-12.176
2026-05-20 15:08:41.904,1173261360,2776904,2,0.85254,0.10107,0.48218,-0.115,3.45,-13.321
2026-05-20 15:08:41.104,1173260560,2777104,1,0.85229,-0.21802,0.66919,3.168,-3.656,-26.481
2026-05-20 15:08:41.104,1173260560,2777104,2,0.86475,0.10229,0.48022,-7.71,-9.29,-13.466
2026-05-20 15:08:41.304,1173260760,2777304,1,0.90283,-0.08472,0.61401,-15.763,-11.885,-6.458
2026-05-20 15:08:41.304,1173260760,2777304,2,0.84106,0.14722,0.4563,-16.718,-16.328,0.748
2026-05-20 15:08:41.504,1173260960,2777504,1,0.9231,-0.11499,0.5918,3.687,-4.87,-4.58
2026-05-20 15:08:41.504,1173260960,2777504,2,0.8999,0.09546,0.43701,3.519,-7.046,2.084
2026-05-20 15:08:41.704,1173261160,2777704,1,0.94702,-0.11206,0.54077,7.748,-0.489,4.87
2026-05-20 15:08:41.704,1173261160,2777704,2,0.90771,0.07959,0.41357,-3.405,-0.008,7.542
2026-05-20 15:08:42.904,1173262360,2777904,1,0.95288,-0.13159,0.54834,-4.435,3.313,3.855
2026-05-20 15:08:42.904,1173262360,2777904,2,0.90479,0.05469,0.41357,-6.313,-3.45,5.588
2026-05-20 15:08:42.104,1173261560,2778104,1,0.93164,-0.16089,0.56152,2.336,0.183,3.26
2026-05-20 15:08:42.104,1173261560,2778104,2,0.90991,0.04663,0.41479,-1.947,-0.84,1.107
2026-05-20 15:08:42.343,1173261799,2778343,1,0.93164,-0.1499,0.55615,-1.008,2.519,-0.473
2026-05-20 15:08:42.343,1173261799,2778343,2,0.91089,0.04932,0.41797,0.176,1.931,-0.069
2026-05-20 15:08:42.543,1173261999,2778543,1,0.93286,-0.14014,0.56909,1.893,1.695,-0.214
2026-05-20 15:08:42.543,1173261999,2778543,2,0.89893,0.05298,0.42505,-1.13,-0.16,1.511
2026-05-20 15:08:45.801,1173265257,2780800,1,0.9248,-0.14746,0.57275,-1.885,1.855,1.031
2026-05-20 15:08:45.801,1173265257,2780800,2,0.90991,0.03784,0.42432,-0.962,1.947,2.046
2026-05-20 15:08:45.000,1173264456,2781000,1,0.92529,-0.16162,0.56958,-0.924,1.336,1.0
2026-05-20 15:08:45.000,1173264456,2781000,2,0.90332,0.03809,0.42407,-2.053,0.534,0.885
2026-05-20 15:08:45.200,1173264656,2781200,1,0.91992,-0.1604,0.5708,-0.237,1.832,-0.229
2026-05-20 15:08:45.200,1173264656,2781200,2,0.90601,0.04004,0.41968,-1.26,0.725,0.29
2026-05-20 15:08:45.470,1173264926,2781470,1,0.93164,-0.15063,0.57251,-0.366,1.298,-1.145
2026-05-20 15:08:45.470,1173264926,2781470,2,0.90503,0.04639,0.42139,-1.634,1.015,-0.053
2026-05-20 15:08:46.788,1173266244,2781788,1,0.93164,-0.15381,0.57764,-0.656,1.351,-0.573
2026-05-20 15:08:46.788,1173266244,2781788,2,0.90747,0.04541,0.4187,-0.969,0.023,0.519
2026-05-20 15:08:46.988,1173266444,2781988,1,0.92358,-0.15332,0.57056,-0.275,1.542,0.221
2026-05-20 15:08:46.988,1173266444,2781988,2,0.90894,0.05005,0.41919,-1.076,-0.473,0.496
2026-05-20 15:08:46.188,1173265644,2782188,1,0.92212,-0.1582,0.56982,-0.282,1.702,-0.893
2026-05-20 15:08:46.188,1173265644,2782188,2,0.90283,0.04297,0.42798,-0.58,0.458,0.58
2026-05-20 15:08:46.388,1173265844,2782388,1,0.92383,-0.15405,0.56982,0.321,0.252,-1.038
2026-05-20 15:08:46.388,1173265844,2782388,2,0.89941,0.02441,0.42017,-1.405,-0.641,-1.817
2026-05-20 15:08:46.588,1173266044,2782588,1,0.93872,-0.14478,0.57349,0.282,-0.153,0.664
2026-05-20 15:08:46.588,1173266044,2782588,2,0.90771,0.0603,0.40259,-1.107,-0.573,0.389
2026-05-20 15:08:47.802,1173267258,2782802,1,0.92969,-0.1499,0.56641,-0.107,1.962,-0.42
2026-05-20 15:08:47.802,1173267258,2782802,2,0.90698,0.04785,0.40405,-2.824,-0.824,0.023
2026-05-20 15:08:47.002,1173266458,2783002,1,0.91919,-0.14795,0.56152,-0.099,1.672,0.252
2026-05-20 15:08:47.002,1173266458,2783002,2,0.90894,0.04712,0.41528,2.489,4.817,1.252
2026-05-20 15:08:47.202,1173266658,2783202,1,0.9314,-0.12622,0.57056,-2.687,0.893,0.198
2026-05-20 15:08:47.202,1173266658,2783202,2,0.8938,0.04736,0.42139,-7.58,0.992,1.427
2026-05-20 15:08:47.402,1173266858,2783402,1,0.92944,-0.13306,0.57593,1.496,0.496,2.634
2026-05-20 15:08:47.402,1173266858,2783402,2,0.70044,-0.00317,0.47852,-5.802,-22.405,-0.931
2026-05-20 15:08:50.438,1173269894,2786438,1,1.02686,-0.07178,0.60767,-5.389,-18.221,-7.931
2026-05-20 15:08:50.438,1173269894,2786438,2,0.75806,-0.04639,0.36938,-8.786,-12.947,-9.42
2026-05-20 15:08:50.654,1173270110,2786654,1,1.04614,-0.12427,0.60962,5.267,-29.13,10.618
2026-05-20 15:08:50.654,1173270110,2786654,2,0.85278,0.06934,0.52808,-14.336,30.733,-7.779
2026-05-20 15:08:51.854,1173271310,2786854,1,0.95825,-0.12085,0.50903,-12.924,-13.802,-3.374
2026-05-20 15:08:51.854,1173271310,2786854,2,0.90771,0.01587,0.42871,-20.015,-15.046,-2.763
2026-05-20 15:08:51.054,1173270510,2787054,1,1.02417,-0.25537,0.44409,4.756,4.496,-3.84
2026-05-20 15:08:51.054,1173270510,2787054,2,0.90869,0.02759,0.46069,8.847,-12.053,-10.176
2026-05-20 15:08:51.254,1173270710,2787254,1,0.97876,-0.15015,0.48413,6.214,-4.481,-0.382
2026-05-20 15:08:51.254,1173270710,2787254,2,0.87891,0.05933,0.47119,9.031,-2.802,-10.763
2026-05-20 15:08:51.456,1173270912,2787456,1,0.97534,-0.08936,0.43237,18.282,0.664,2.87
2026-05-20 15:08:51.456,1173270912,2787456,2,0.84937,0.11035,0.40283,22.84,29.649,6.687
2026-05-20 15:08:51.656,1173271112,2787656,1,0.98804,-0.12769,0.52515,3.198,5.321,-1.412
2026-05-20 15:08:51.656,1173271112,2787656,2,0.88184,0.05933,0.42285,-7.901,-1.55,-2.481
2026-05-20 15:08:52.856,1173272312,2787856,1,0.98975,-0.09351,0.43408,-7.794,-1.901,2.16
2026-05-20 15:08:52.856,1173272312,2787856,2,0.8562,0.07373,0.49634,4.015,5.107,6.183
2026-05-20 15:08:52.056,1173271512,2788056,1,0.98462,-0.11182,0.46484,-32.656,11.099,-5.282
2026-05-20 15:08:52.056,1173271512,2788056,2,0.90454,0.04419,0.40967,-25.0,-0.496,3.893
2026-05-20 15:08:52.256,1173271712,2788256,1,0.94775,-0.16772,0.49414,10.405,3.305,2.481
2026-05-20 15:08:52.256,1173271712,2788256,2,0.81665,0.01099,0.54468,0.618,4.168,0.802
2026-05-20 15:08:52.456,1173271912,2788456,1,0.9353,-0.14209,0.53223,2.489,3.252,2.183
2026-05-20 15:08:52.456,1173271912,2788456,2,0.85059,0.04028,0.52393,-0.176,3.366,0.649
2026-05-20 15:08:52.656,1173272112,2788656,1,0.94922,-0.15698,0.50928,-0.832,1.641,0.168
2026-05-20 15:08:52.656,1173272112,2788656,2,0.8335,0.04785,0.48706,1.924,2.542,0.771
2026-05-20 15:08:53.856,1173273312,2788856,1,0.96777,-0.1521,0.51465,1.076,3.16,-0.947
2026-05-20 15:08:53.856,1173273312,2788856,2,0.85156,0.06787,0.48706,1.656,-3.214,-4.191
2026-05-20 15:08:53.056,1173272512,2789056,1,0.96069,-0.12915,0.4917,2.74,1.595,0.542
2026-05-20 15:08:53.056,1173272512,2789056,2,0.87524,0.052,0.50024,1.427,2.695,-2.687
2026-05-20 15:08:53.256,1173272712,2789256,1,0.94263,-0.14429,0.52661,-3.008,2.687,-1.58
2026-05-20 15:08:53.256,1173272712,2789256,2,0.84082,0.05249,0.52075,-0.107,-0.672,0.634
2026-05-20 15:08:53.456,1173272912,2789456,1,0.9563,-0.1438,0.52759,-2.008,1.725,-0.496
2026-05-20 15:08:53.456,1173272912,2789456,2,0.84424,0.04614,0.52466,-1.878,-0.626,1.069
2026-05-20 15:08:53.656,1173273112,2789656,1,0.95117,-0.146,0.51953,-1.137,2.687,-1.389
2026-05-20 15:08:53.656,1173273112,2789656,2,0.84741,0.05054,0.51978,-0.924,-0.359,-0.26
2026-05-20 15:08:54.856,1173274312,2789856,1,0.95215,-0.14746,0.51416,3.061,2.053,1.42
2026-05-20 15:08:54.856,1173274312,2789856,2,0.83569,0.06592,0.52856,-1.817,0.588,1.45
2026-05-20 15:08:54.056,1173273512,2790056,1,0.95874,-0.14478,0.5083,-0.374,0.931,-0.344
2026-05-20 15:08:54.056,1173273512,2790056,2,0.83765,0.05811,0.52686,-1.107,0.405,0.183
2026-05-20 15:08:54.256,1173273712,2790256,1,0.95117,-0.13745,0.51465,-1.084,0.87,-1.13
2026-05-20 15:08:54.256,1173273712,2790256,2,0.84863,0.05518,0.52051,-2.015,-0.786,0.198
2026-05-20 15:08:54.456,1173273912,2790456,1,0.95068,-0.14136,0.52417,-0.511,1.573,-0.26
2026-05-20 15:08:54.456,1173273912,2790456,2,0.84106,0.06128,0.5188,-0.939,-1.656,0.916
2026-05-20 15:08:54.656,1173274112,2790656,1,0.93555,-0.1355,0.54297,4.0,1.55,0.84
2026-05-20 15:08:54.656,1173274112,2790656,2,0.84448,0.073,0.50854,-1.115,2.557,1.534
2026-05-20 15:08:55.856,1173275312,2790856,1,0.94702,-0.13232,0.52979,1.71,3.382,0.359
2026-05-20 15:08:55.856,1173275312,2790856,2,0.84644,0.05151,0.521,-1.885,-0.298,0.641
2026-05-20 15:08:55.056,1173274512,2791056,1,0.9436,-0.1416,0.52856,-0.153,1.435,0.198
2026-05-20 15:08:55.056,1173274512,2791056,2,0.85205,0.05347,0.51904,-2.031,-0.069,0.695
2026-05-20 15:08:55.256,1173274712,2791256,1,0.93701,-0.13623,0.57861,-3.977,-1.595,0.252
2026-05-20 15:08:55.256,1173274712,2791256,2,0.8501,0.05566,0.51685,-2.954,-0.305,0.221
2026-05-20 15:08:55.456,1173274912,2791456,1,0.95239,-0.14355,0.52979,-1.557,0.13,-1.214
2026-05-20 15:08:55.456,1173274912,2791456,2,0.84399,0.06445,0.51611,-0.756,1.26,0.29
2026-05-20 15:08:55.656,1173275112,2791656,1,0.95459,-0.1355,0.52563,-0.679,1.359,-0.603
2026-05-20 15:08:55.656,1173275112,2791656,2,0.84717,0.05518,0.51855,-1.206,-0.008,0.71
2026-05-20 15:08:56.856,1173276312,2791856,1,0.9519,-0.14136,0.52124,-0.489,2.176,-0.214
2026-05-20 15:08:56.856,1173276312,2791856,2,0.8501,0.06543,0.50781,-1.206,0.595,0.786
2026-05-20 15:08:56.056,1173275512,2792056,1,0.95068,-0.13867,0.53223,-0.786,1.008,-0.405
2026-05-20 15:08:56.056,1173275512,2792056,2,0.85107,0.05933,0.51392,-1.557,0.84,0.511
2026-05-20 15:08:56.256,1173275712,2792256,1,0.96729,-0.15869,0.4917,2.832,2.595,0.527
2026-05-20 15:08:56.256,1173275712,2792256,2,0.84814,0.06226,0.51123,-0.679,1.748,1.122
2026-05-20 15:08:56.456,1173275912,2792456,1,0.95459,-0.13257,0.5166,2.0,0.702,0.916
2026-05-20 15:08:56.456,1173275912,2792456,2,0.84692,0.06494,0.51855,-1.504,0.519,0.695
2026-05-20 15:08:56.656,1173276112,2792656,1,0.94604,-0.13794,0.52002,0.611,-0.145,0.198
2026-05-20 15:08:56.656,1173276112,2792656,2,0.84741,0.05469,0.50879,-1.832,0.985,1.176
2026-05-20 15:08:57.856,1173277312,2792856,1,0.95215,-0.13281,0.52734,-0.183,0.916,-0.023
2026-05-20 15:08:57.856,1173277312,2792856,2,0.85254,0.06104,0.51563,-3.16,2.168,1.313
2026-05-20 15:08:57.063,1173276519,2793063,1,0.94873,-0.14917,0.52905,0.153,-0.626,-0.008
2026-05-20 15:08:57.063,1173276519,2793063,2,0.8606,0.05005,0.50659,-3.183,-1.954,0.45
2026-05-20 15:08:57.263,1173276719,2793263,1,0.95166,-0.11938,0.51123,-12.763,0.053,1.756
2026-05-20 15:08:57.263,1173276719,2793263,2,0.86035,0.02905,0.51758,-11.939,-3.878,4.618
2026-05-20 15:08:57.463,1173276919,2793463,1,0.96631,-0.19629,0.52148,-11.153,-2.725,-1.427
2026-05-20 15:08:57.463,1173276919,2793463,2,0.84546,-0.01489,0.51611,-1.649,-1.176,0.115
2026-05-20 15:08:57.663,1173277119,2793663,1,0.97144,-0.20215,0.47681,-7.061,-3.092,1.206
2026-05-20 15:08:57.663,1173277119,2793663,2,0.84131,,0.51465,-0.008,1.198,1.038
2026-05-20 15:08:58.863,1173278319,2793863,1,0.95972,-0.20386,0.50171,6.908,11.794,-0.634
2026-05-20 15:08:58.863,1173278319,2793863,2,0.86548,-0.00391,0.49951,-0.817,-0.74,0.053
2026-05-20 15:08:58.063,1173277519,2794063,1,0.94629,-0.19141,0.48071,1.023,6.145,0.771
2026-05-20 15:08:58.063,1173277519,2794063,2,0.86353,-0.0022,0.50732,3.366,-0.824,0.718
2026-05-20 15:08:58.263,1173277719,2794263,1,0.94531,-0.18359,0.51074,7.733,4.901,0.603
2026-05-20 15:08:58.263,1173277719,2794263,2,0.85132,0.02637,0.48267,3.702,4.252,0.466
2026-05-20 15:08:58.463,1173277919,2794463,1,0.92432,-0.15137,0.59888,2.466,3.542,-3.084
2026-05-20 15:08:58.463,1173277919,2794463,2,0.85767,0.06543,0.5083,13.901,1.84,-1.336
2026-05-20 15:08:58.663,1173278119,2794663,1,0.95142,-0.1814,0.54785,-0.366,1.267,-2.756
2026-05-20 15:08:58.663,1173278119,2794663,2,0.83716,0.05103,0.52441,5.198,-0.099,-0.336
2026-05-20 15:08:59.863,1173279319,2794863,1,0.93115,-0.16138,0.55371,2.626,-10.489,-4.328
2026-05-20 15:08:59.863,1173279319,2794863,2,0.88159,0.10815,0.47461,-12.634,-12.176,-5.794
2026-05-20 15:08:59.085,1173278541,2795085,1,1.01074,-0.1416,0.47119,-1.267,-9.84,-1.298
2026-05-20 15:08:59.085,1173278541,2795085,2,0.87036,0.07227,0.4021,-28.076,16.695,-8.038
2026-05-20 15:08:59.285,1173278741,2795285,1,0.9873,-0.04712,0.49438,3.962,-1.069,-6.092
2026-05-20 15:08:59.285,1173278741,2795285,2,0.88745,0.07568,0.52686,0.298,-1.29,-0.626
2026-05-20 15:08:59.485,1173278941,2795485,1,0.97949,-0.07104,0.48096,0.458,0.634,0.427
2026-05-20 15:08:59.485,1173278941,2795485,2,0.83643,0.07129,0.52319,-0.588,-0.863,5.847
2026-05-20 15:08:59.685,1173279141,2795685,1,0.96362,-0.11084,0.49219,-1.84,2.046,4.412
2026-05-20 15:08:59.685,1173279141,2795685,2,0.85791,0.06592,0.49341,-2.695,-0.504,4.359
2026-05-20 15:09:00.885,1173280341,2795885,1,0.97339,-0.12793,0.50342,-5.176,4.038,-2.733
2026-05-20 15:09:00.885,1173280341,2795885,2,0.85645,0.03784,0.50488,-2.519,-0.969,1.908
2026-05-20 15:09:00.085,1173279541,2796085,1,0.96509,-0.12573,0.49512,0.924,1.267,0.344
2026-05-20 15:09:00.085,1173279541,2796085,2,0.86206,0.05029,0.4895,-0.519,1.863,-0.191
2026-05-20 15:09:00.285,1173279741,2796285,1,0.96606,-0.10547,0.49634,-0.122,1.153,-0.725
2026-05-20 15:09:00.285,1173279741,2796285,2,0.85596,0.05786,0.48779,-1.122,-1.237,0.115
2026-05-20 15:09:00.485,1173279941,2796485,1,0.96533,-0.11548,0.49316,-1.305,2.802,-0.42
2026-05-20 15:09:00.485,1173279941,2796485,2,0.8645,0.05518,0.49414,-1.649,-1.206,0.985
2026-05-20 15:09:00.685,1173280141,2796685,1,0.97388,-0.12207,0.5061,-1.176,1.359,-0.015
2026-05-20 15:09:00.685,1173280141,2796685,2,0.87305,0.0459,0.4856,-2.168,-0.244,0.229
2026-05-20 15:09:03.738,1173283194,2799737,1,0.96045,-0.11694,0.51953,-0.55,1.237,-0.366
2026-05-20 15:09:03.738,1173283194,2799737,2,0.86499,0.04883,0.48633,-1.832,0.954,0.809
2026-05-20 15:09:04.937,1173284393,2799937,1,0.95801,-0.11084,0.52075,-0.305,0.794,-0.275
2026-05-20 15:09:04.937,1173284393,2799937,2,0.87109,0.04932,0.49268,-1.603,1.321,0.038
2026-05-20 15:09:04.137,1173283593,2800137,1,0.96289,-0.10767,0.50757,-0.519,1.29,-0.107
2026-05-20 15:09:04.137,1173283593,2800137,2,0.8606,0.05005,0.50342,-1.26,1.809,0.45
2026-05-20 15:09:04.337,1173283793,2800337,1,0.95996,-0.11816,0.51514,-0.42,1.107,-0.397
2026-05-20 15:09:04.337,1173283793,2800337,2,0.85864,0.05078,0.49829,-0.962,1.015,0.809
2026-05-20 15:09:04.537,1173283993,2800537,1,0.96704,-0.11377,0.5127,-0.252,1.412,-0.458
2026-05-20 15:09:04.537,1173283993,2800537,2,0.85425,0.04688,0.50391,-1.229,0.695,0.489
2026-05-20 15:09:05.828,1173285284,2800827,1,0.96045,-0.11401,0.50903,-0.634,1.527,-0.527
2026-05-20 15:09:05.828,1173285284,2800827,2,0.86328,0.04688,0.4917,-1.702,0.466,0.626
2026-05-20 15:09:05.027,1173284483,2801027,1,0.96021,-0.1167,0.50635,0.046,1.137,-0.328
2026-05-20 15:09:05.027,1173284483,2801027,2,0.85718,0.04736,0.50024,-1.573,-1.412,0.313
2026-05-20 15:09:05.227,1173284683,2801227,1,0.95874,-0.11548,0.50952,-0.557,1.756,-0.359
2026-05-20 15:09:05.227,1173284683,2801227,2,0.85815,0.04785,0.49683,-1.099,0.26,0.641
2026-05-20 15:09:05.427,1173284883,2801427,1,0.9624,-0.11401,0.51685,-0.595,1.366,-0.275
2026-05-20 15:09:05.427,1173284883,2801427,2,0.86206,0.04907,0.49683,-1.542,0.137,0.618
2026-05-20 15:09:05.627,1173285083,2801627,1,0.96338,-0.12305,0.51538,-0.557,2.74,-0.229
2026-05-20 15:09:05.627,1173285083,2801627,2,0.85522,0.04272,0.49438,-0.901,-0.519,0.519
2026-05-20 15:09:06.827,1173286283,2801827,1,0.96973,-0.12109,0.52393,-0.588,1.206,-0.023
2026-05-20 15:09:06.827,1173286283,2801827,2,0.86182,0.0498,0.49121,-0.901,0.267,1.58
2026-05-20 15:09:06.027,1173285483,2802027,1,0.96143,-0.12085,0.50854,-2.084,1.42,0.511
2026-05-20 15:09:06.027,1173285483,2802027,2,0.85962,0.04126,0.50244,-0.328,-3.412,2.206
2026-05-20 15:09:06.227,1173285683,2802227,1,0.96436,-0.13721,0.51343,-1.061,1.321,-0.282
2026-05-20 15:09:06.227,1173285683,2802227,2,0.86353,0.03442,0.49902,-1.656,1.573,1.008
2026-05-20 15:09:06.427,1173285883,2802427,1,0.96216,-0.125,0.51904,-0.519,2.412,-0.786
2026-05-20 15:09:06.427,1173285883,2802427,2,0.86597,0.03711,0.48779,-0.947,0.756,0.802
2026-05-20 15:09:06.627,1173286083,2802627,1,0.96533,-0.12769,0.51465,-0.298,1.435,-0.389
2026-05-20 15:09:06.627,1173286083,2802627,2,0.87061,0.04297,0.49121,-0.641,1.183,0.527
2026-05-20 15:09:07.827,1173287283,2802827,1,0.96021,-0.12109,0.50952,-0.458,1.145,-0.649
2026-05-20 15:09:07.827,1173287283,2802827,2,0.87061,0.03955,0.48633,-1.924,1.634,0.42
2026-05-20 15:09:07.027,1173286483,2803027,1,0.95923,-0.12695,0.52026,-0.71,2.046,-0.466
2026-05-20 15:09:07.027,1173286483,2803027,2,0.8623,0.03784,0.4917,-0.511,1.344,0.626
2026-05-20 15:09:09.307,1173288763,2805307,1,0.95703,-0.12476,0.52051,-0.443,1.26,-0.351
2026-05-20 15:09:09.307,1173288763,2805307,2,0.86255,0.03662,0.4895,-1.405,0.275,0.58
2026-05-20 15:09:09.507,1173288963,2805507,1,0.95947,-0.12769,0.5188,-0.153,1.328,-0.58
2026-05-20 15:09:09.507,1173288963,2805507,2,0.86865,0.03442,0.48804,-1.275,0.489,0.542
2026-05-20 15:09:09.707,1173289163,2805707,1,0.9541,-0.12354,0.51245,-0.336,1.389,-0.74
2026-05-20 15:09:09.707,1173289163,2805707,2,0.86694,0.03394,0.4895,-1.26,0.794,0.229
2026-05-20 15:09:10.907,1173290363,2805907,1,0.95898,-0.12207,0.5332,-0.084,1.466,-0.214
2026-05-20 15:09:10.907,1173290363,2805907,2,0.87109,0.03638,0.49243,-1.359,0.733,0.695
2026-05-20 15:09:10.107,1173289563,2806107,1,0.95459,-0.12769,0.51172,-0.55,1.244,-0.237
2026-05-20 15:09:10.107,1173289563,2806107,2,0.8645,0.03442,0.49243,-0.794,0.908,0.809
2026-05-20 15:09:10.307,1173289763,2806307,1,0.95654,-0.12109,0.51636,-0.206,1.031,-0.26
2026-05-20 15:09:10.307,1173289763,2806307,2,0.8623,0.04126,0.50757,-0.183,1.855,1.046
2026-05-20 15:09:10.507,1173289963,2806507,1,0.95483,-0.12646,0.51807,-0.069,1.221,-0.427
2026-05-20 15:09:10.507,1173289963,2806507,2,0.86157,0.0376,0.49731,-0.489,1.534,0.733
2026-05-20 15:09:10.707,1173290163,2806707,1,0.95239,-0.12378,0.51587,-0.305,1.275,-0.328
2026-05-20 15:09:10.707,1173290163,2806707,2,0.86426,0.03613,0.49731,-1.29,0.153,0.763
2026-05-20 15:09:11.907,1173291363,2806907,1,0.9624,-0.12842,0.5144,-0.687,1.412,-0.16
2026-05-20 15:09:11.907,1173291363,2806907,2,0.86523,0.04297,0.50391,-1.718,0.053,0.458
2026-05-20 15:09:11.107,1173290563,2807107,1,0.96216,-0.12378,0.52148,-0.145,-0.115,-0.351
2026-05-20 15:09:11.107,1173290563,2807107,2,0.85889,0.03711,0.4895,-2.718,-0.618,
2026-05-20 15:09:11.307,1173290763,2807307,1,0.95654,-0.12598,0.50049,-0.588,1.641,-0.573
2026-05-20 15:09:11.307,1173290763,2807307,2,0.86475,0.03931,0.49316,-1.527,-0.031,0.076
2026-05-20 15:09:11.507,1173290963,2807507,1,0.95313,-0.12354,0.52319,-0.489,1.237,-0.183
2026-05-20 15:09:11.507,1173290963,2807507,2,0.85889,0.04126,0.4917,-1.45,0.107,0.481
2026-05-20 15:09:11.707,1173291163,2807707,1,0.95728,-0.12329,0.52222,-0.473,1.458,-0.13
2026-05-20 15:09:11.707,1173291163,2807707,2,0.86523,0.0376,0.49829,-1.061,0.168,0.718
2026-05-20 15:09:12.907,1173292363,2807907,1,0.95825,-0.1311,0.52246,-0.389,1.634,-0.542
2026-05-20 15:09:12.907,1173292363,2807907,2,0.87134,0.03735,0.4834,-1.771,0.252,0.397
2026-05-20 15:09:12.107,1173291563,2808107,1,0.95166,-0.12939,0.51416,0.107,1.534,-0.26
2026-05-20 15:09:12.107,1173291563,2808107,2,0.86206,0.03711,0.49634,-1.298,-0.496,0.053
2026-05-20 15:09:12.307,1173291763,2808307,1,0.96021,-0.13916,0.52905,1.969,7.443,3.832
2026-05-20 15:09:12.307,1173291763,2808307,2,0.8418,0.04761,0.57007,11.824,-6.176,5.206
2026-05-20 15:09:12.507,1173291963,2808507,1,0.96826,-0.13428,0.60107,8.221,-1.626,1.939
2026-05-20 15:09:12.507,1173291963,2808507,2,0.89941,0.07593,0.47437,-5.183,-16.328,-3.198
2026-05-20 15:09:12.707,1173292163,2808707,1,0.99561,-0.10474,0.4314,-14.939,-4.534,7.588
2026-05-20 15:09:12.707,1173292163,2808707,2,0.89746,0.04907,0.4314,-0.008,-4.626,4.832
2026-05-20 15:09:13.907,1173293363,2808907,1,0.92798,-0.24219,0.51172,-3.137,26.481,-5.916
2026-05-20 15:09:13.907,1173293363,2808907,2,0.90332,0.06885,0.37695,-9.122,-7.962,-1.748
2026-05-20 15:09:13.107,1173292563,2809107,1,1.00439,-0.15771,0.5415,4.107,-3.786,1.359
2026-05-20 15:09:13.107,1173292563,2809107,2,0.94116,0.07178,0.34814,0.557,5.618,-3.076
2026-05-20 15:09:13.307,1173292763,2809307,1,0.96899,-0.15479,0.5332,-6.466,1.626,0.519
2026-05-20 15:09:13.307,1173292763,2809307,2,0.91846,0.07642,0.39355,-2.084,-1.42,-4.824
2026-05-20 15:09:13.507,1173292963,2809507,1,0.91089,-0.0979,0.61548,2.573,1.901,-3.527
2026-05-20 15:09:13.507,1173292963,2809507,2,0.90845,0.146,0.39722,4.832,10.229,-2.473
2026-05-20 15:09:13.707,1173293163,2809707,1,0.92749,-0.10742,0.57544,-3.565,0.733,-1.534
2026-05-20 15:09:13.707,1173293163,2809707,2,0.88599,0.12427,0.42578,-7.504,-2.595,4.244
2026-05-20 15:09:14.907,1173294363,2809907,1,0.94043,-0.146,0.56299,4.069,2.015,2.16
2026-05-20 15:09:14.907,1173294363,2809907,2,0.91284,0.08447,0.38867,-2.351,-0.084,4.565
2026-05-20 15:09:14.107,1173293563,2810107,1,0.94409,-0.1416,0.54224,-2.405,1.817,1.832
2026-05-20 15:09:14.107,1173293563,2810107,2,0.87891,0.06421,0.39673,-9.985,-4.939,-3.214
2026-05-20 15:09:14.307,1173293763,2810307,1,0.98633,-0.13477,0.60938,-2.519,7.038,4.672
2026-05-20 15:09:14.307,1173293763,2810307,2,0.93848,0.07788,0.38086,-3.366,4.511,2.168
2026-05-20 15:09:14.507,1173293963,2810507,1,0.93066,-0.16455,0.60889,-1.947,2.962,-2.122
2026-05-20 15:09:14.507,1173293963,2810507,2,0.91626,0.05249,0.40991,-5.076,-0.771,-0.45
2026-05-20 15:09:14.707,1173294163,2810707,1,0.90918,-0.14209,0.59351,0.794,0.656,0.809
2026-05-20 15:09:14.707,1173294163,2810707,2,0.9187,0.07373,0.39819,-0.664,0.786,-0.107
2026-05-20 15:09:15.907,1173295363,2810907,1,0.91357,-0.15137,0.58301,-2.275,0.878,-0.466
2026-05-20 15:09:15.907,1173295363,2810907,2,0.91846,0.06274,0.39453,-0.763,-0.038,-0.351
2026-05-20 15:09:15.107,1173294563,2811107,1,0.91162,-0.15601,0.58789,-0.45,0.687,-0.573
2026-05-20 15:09:15.107,1173294563,2811107,2,0.91675,0.06519,0.39917,-1.679,-0.046,0.305
2026-05-20 15:09:15.307,1173294763,2811307,1,0.91187,-0.15405,0.58081,-0.198,0.168,-0.664
2026-05-20 15:09:15.307,1173294763,2811307,2,0.92285,0.06909,0.39209,-0.954,0.214,0.626
2026-05-20 15:09:15.507,1173294963,2811507,1,0.90698,-0.14771,0.59644,0.489,1.008,0.397
2026-05-20 15:09:15.507,1173294963,2811507,2,0.91846,0.05078,0.40942,-4.015,-0.229,1.763
2026-05-20 15:09:15.707,1173295163,2811707,1,0.92456,-0.12646,0.58667,4.359,-0.221,0.069
2026-05-20 15:09:15.707,1173295163,2811707,2,0.92627,0.0791,0.39136,-3.26,1.221,2.298
2026-05-20 15:09:16.907,1173296363,2811907,1,0.91309,-0.18384,0.55933,-3.313,2.496,0.55
2026-05-20 15:09:16.907,1173296363,2811907,2,0.92944,0.06909,0.38721,0.511,9.519,1.092
2026-05-20 15:09:16.107,1173295563,2812107,1,0.91479,-0.14307,0.59888,-1.328,-0.076,-0.542
2026-05-20 15:09:16.107,1173295563,2812107,2,0.91504,0.06836,0.39502,0.649,5.855,0.45
2026-05-20 15:09:16.307,1173295763,2812307,1,0.91455,-0.14795,0.61255,0.313,3.397,-1.252
2026-05-20 15:09:16.307,1173295763,2812307,2,0.9126,0.05908,0.39111,-2.153,-1.115,0.053
2026-05-20 15:09:16.507,1173295963,2812507,1,0.9104,-0.146,0.58765,0.496,0.42,0.198
2026-05-20 15:09:16.507,1173295963,2812507,2,0.92212,0.07007,0.40308,-0.641,-0.733,0.511
2026-05-20 15:09:16.707,1173296163,2812707,1,0.91528,-0.14551,0.58716,1.802,-3.015,-2.13
2026-05-20 15:09:16.707,1173296163,2812707,2,0.91968,0.07764,0.3938,-1.076,2.641,2.053
2026-05-20 15:09:17.907,1173297363,2812907,1,0.9248,-0.15308,0.59082,-1.076,1.42,-0.389
2026-05-20 15:09:17.907,1173297363,2812907,2,0.92114,0.07227,0.39453,0.489,1.359,0.656
2026-05-20 15:09:17.107,1173296563,2813107,1,0.92456,-0.15283,0.57983,-0.954,0.748,0.366
2026-05-20 15:09:17.107,1173296563,2813107,2,0.91528,0.08105,0.39233,2.939,2.626,0.763
2026-05-20 15:09:17.307,1173296763,2813307,1,0.91724,-0.14185,0.58325,-0.695,0.557,-1.542
2026-05-20 15:09:17.307,1173296763,2813307,2,0.91675,0.07227,0.40625,-0.466,2.656,1.122
2026-05-20 15:09:17.507,1173296963,2813507,1,0.92285,-0.15161,0.58911,1.718,2.038,-0.519
2026-05-20 15:09:17.507,1173296963,2813507,2,0.91284,0.06396,0.40381,-2.328,-2.061,0.626
2026-05-20 15:09:17.707,1173297163,2813707,1,0.9231,-0.14209,0.58691,-0.405,1.267,0.061
2026-05-20 15:09:17.707,1173297163,2813707,2,0.92358,0.06763,0.39185,-1.725,-0.183,0.229
2026-05-20 15:09:18.907,1173298363,2813907,1,0.91675,-0.14575,0.59814,0.153,1.481,-0.809
2026-05-20 15:09:18.907,1173298363,2813907,2,0.92139,0.06006,0.39673,-2.092,-0.168,0.282
2026-05-20 15:09:18.107,1173297563,2814107,1,0.92212,-0.14209,0.58838,-0.473,1.481,-0.038
2026-05-20 15:09:18.107,1173297563,2814107,2,0.91846,0.06519,0.39746,-1.298,0.832,0.71
2026-05-20 15:09:18.307,1173297763,2814307,1,0.91553,-0.14185,0.58667,-0.221,1.122,-0.176
2026-05-20 15:09:18.307,1173297763,2814307,2,0.91968,0.06616,0.38794,-1.389,-0.099,0.244
2026-05-20 15:09:18.507,1173297963,2814507,1,0.91406,-0.1416,0.59229,-0.832,1.527,-0.344
2026-05-20 15:09:18.507,1173297963,2814507,2,0.91772,0.07056,0.3916,-1.16,0.664,0.55
2026-05-20 15:09:18.707,1173298163,2814707,1,0.92139,-0.14209,0.59619,-0.542,1.389,-0.45
2026-05-20 15:09:18.707,1173298163,2814707,2,0.91992,0.06567,0.4104,-1.351,0.191,0.481
2026-05-20 15:09:19.907,1173299363,2814907,1,0.91309,-0.13306,0.58081,-0.641,1.916,-0.382
2026-05-20 15:09:19.907,1173299363,2814907,2,0.9187,0.06689,0.39624,-1.153,0.137,0.305
2026-05-20 15:09:19.107,1173298563,2815107,1,0.91895,-0.14282,0.59253,-0.611,1.298,-0.313
2026-05-20 15:09:19.107,1173298563,2815107,2,0.91895,0.0625,0.39307,-1.359,0.145,0.611
2026-05-20 15:09:19.307,1173298763,2815307,1,0.92212,-0.13379,0.61914,-1.519,0.359,1.832
2026-05-20 15:09:19.307,1173298763,2815307,2,0.91455,0.07422,0.40527,0.198,2.061,2.115
2026-05-20 15:09:19.507,1173298963,2815507,1,0.91455,-0.1582,0.57617,-0.908,1.42,0.634
2026-05-20 15:09:19.507,1173298963,2815507,2,0.93066,0.05933,0.38379,-0.725,0.496,1.687
2026-05-20 15:09:19.707,1173299163,2815707,1,0.91626,-0.15723,0.58301,-0.672,2.252,2.328
2026-05-20 15:09:19.707,1173299163,2815707,2,0.9209,0.04077,0.39282,-1.282,0.771,0.802
2026-05-20 15:09:20.930,1173300386,2815930,1,0.91162,-0.16479,0.58154,0.42,1.359,-0.771
2026-05-20 15:09:20.930,1173300386,2815930,2,0.93213,0.04688,0.38623,0.855,1.794,0.87
2026-05-20 15:09:20.130,1173299586,2816130,1,0.92285,-0.15527,0.58472,-1.924,1.115,-0.557
2026-05-20 15:09:20.130,1173299586,2816130,2,0.92017,0.05933,0.38184,-0.313,1.069,0.504
2026-05-20 15:09:20.330,1173299786,2816330,1,0.91992,-0.16016,0.58887,-0.244,1.267,-0.771
2026-05-20 15:09:20.330,1173299786,2816330,2,0.91943,0.05371,0.39014,-0.672,-0.046,0.336
2026-05-20 15:09:20.530,1173299986,2816530,1,0.91992,-0.15137,0.59644,-0.763,1.603,-0.237
2026-05-20 15:09:20.530,1173299986,2816530,2,0.9165,0.05664,0.39673,-0.733,0.611,1.122
2026-05-20 15:09:20.730,1173300186,2816730,1,0.91748,-0.15845,0.58716,-0.122,1.664,-0.489
2026-05-20 15:09:20.730,1173300186,2816730,2,0.92017,0.05005,0.39453,-1.115,0.656,0.229
2026-05-20 15:09:23.317,1173302773,2819317,1,0.91455,-0.15625,0.58398,-0.87,1.046,-0.443
2026-05-20 15:09:23.317,1173302773,2819317,2,0.91602,0.06592,0.40137,-1.153,-0.481,0.221
2026-05-20 15:09:23.517,1173302973,2819517,1,0.92017,-0.15942,0.59131,-0.588,1.298,-0.511
2026-05-20 15:09:23.517,1173302973,2819517,2,0.91748,0.05444,0.39844,-0.527,-0.695,0.496
2026-05-20 15:09:24.794,1173304250,2819794,1,0.91943,-0.15332,0.58594,-0.588,0.924,-0.313
2026-05-20 15:09:24.794,1173304250,2819794,2,0.92041,0.06445,0.40723,0.183,2.16,1.282
2026-05-20 15:09:24.994,1173304450,2819994,1,0.9104,-0.15967,0.58423,-0.618,1.008,-0.573
2026-05-20 15:09:24.994,1173304450,2819994,2,0.91406,0.06226,0.40747,-0.328,0.389,0.725
2026-05-20 15:09:24.194,1173303650,2820194,1,0.91748,-0.15552,0.5835,-0.305,1.481,-0.511
2026-05-20 15:09:24.194,1173303650,2820194,2,0.91602,0.06885,0.4021,-1.504,-0.481,0.412
2026-05-20 15:09:24.394,1173303850,2820394,1,0.9209,-0.1582,0.5918,-0.489,1.511,-0.282
2026-05-20 15:09:24.394,1173303850,2820394,2,0.9126,0.06055,0.40503,-0.931,0.885,0.405
2026-05-20 15:09:24.594,1173304050,2820594,1,0.91626,-0.14941,0.59131,-0.489,1.641,-0.206
2026-05-20 15:09:24.594,1173304050,2820594,2,0.91284,0.06396,0.39844,-2.443,0.359,0.351
2026-05-20 15:09:25.794,1173305250,2820794,1,0.91089,-0.15234,0.59595,-0.55,1.473,-0.221
2026-05-20 15:09:25.794,1173305250,2820794,2,0.91699,0.06006,0.40186,-1.29,0.618,0.382
2026-05-20 15:09:25.994,1173305450,2820994,1,0.9126,-0.15234,0.58765,-0.45,1.336,-0.435
2026-05-20 15:09:25.994,1173305450,2820994,2,0.91675,0.06396,0.40088,-1.679,-0.084,0.321
2026-05-20 15:09:25.194,1173304650,2821194,1,0.91138,-0.15698,0.5918,-0.382,1.412,-0.374
2026-05-20 15:09:25.194,1173304650,2821194,2,0.91772,0.05884,0.39868,-1.397,0.458,0.466
2026-05-20 15:09:25.394,1173304850,2821394,1,0.91309,-0.15479,0.58716,-0.649,1.427,-0.397
2026-05-20 15:09:25.394,1173304850,2821394,2,0.92358,0.05908,0.40356,-1.489,-0.244,0.198
2026-05-20 15:09:28.383,1173307839,2824382,1,0.92188,-0.15308,0.59888,-0.634,1.16,-0.557
2026-05-20 15:09:28.383,1173307839,2824382,2,0.9165,0.06494,0.40259,-1.168,0.74,0.573
2026-05-20 15:09:28.582,1173308038,2824582,1,0.91699,-0.15625,0.59473,-0.473,1.351,-0.473
2026-05-20 15:09:28.582,1173308038,2824582,2,0.91724,0.06543,0.40356,-1.229,0.611,0.595
2026-05-20 15:09:29.782,1173309238,2824782,1,0.91528,-0.15601,0.59546,-0.313,1.328,-0.405
2026-05-20 15:09:29.782,1173309238,2824782,2,0.92188,0.0625,0.39551,-1.542,0.015,0.382
2026-05-20 15:09:29.982,1173309438,2824982,1,0.91602,-0.15723,0.5896,-0.405,1.374,-0.336
2026-05-20 15:09:29.982,1173309438,2824982,2,0.9126,0.06323,0.40234,-1.168,0.863,0.595
2026-05-20 15:09:29.182,1173308638,2825182,1,0.91382,-0.14966,0.5918,-0.771,1.756,-0.458
2026-05-20 15:09:29.182,1173308638,2825182,2,0.91528,0.06079,0.39111,-1.244,-0.061,0.366
2026-05-20 15:09:29.398,1173308854,2825398,1,0.91357,-0.15674,0.59009,-0.511,1.275,-0.313
2026-05-20 15:09:29.398,1173308854,2825398,2,0.91748,0.06152,0.38354,-0.992,0.359,0.679
2026-05-20 15:09:29.598,1173309054,2825598,1,0.91772,-0.15845,0.58789,-0.634,1.168,-0.496
2026-05-20 15:09:29.598,1173309054,2825598,2,0.91748,0.06323,0.39502,-0.336,1.214,0.748
2026-05-20 15:09:30.798,1173310254,2825798,1,0.91455,-0.15601,0.59912,-0.29,1.214,-0.466
2026-05-20 15:09:30.798,1173310254,2825798,2,0.92188,0.06714,0.38647,-0.275,0.725,0.702
2026-05-20 15:09:30.998,1173310454,2825998,1,0.92114,-0.1499,0.58154,0.26,1.313,-0.588
2026-05-20 15:09:30.998,1173310454,2825998,2,0.91431,0.06104,0.40283,-1.687,0.565,0.573
2026-05-20 15:09:30.198,1173309654,2826198,1,0.9126,-0.15186,0.58765,-0.618,1.649,-0.282
2026-05-20 15:09:30.198,1173309654,2826198,2,0.91846,0.06836,0.40088,-1.595,-0.122,0.145
2026-05-20 15:09:30.398,1173309854,2826398,1,0.91577,-0.1521,0.60205,-0.344,1.298,-0.389
2026-05-20 15:09:30.398,1173309854,2826398,2,0.91553,0.05957,0.39453,-1.84,-0.115,0.305
2026-05-20 15:09:30.598,1173310054,2826598,1,0.91602,-0.15332,0.57397,-0.542,1.252,-0.305
2026-05-20 15:09:30.598,1173310054,2826598,2,0.91162,0.06079,0.39429,-1.794,-0.191,0.397
2026-05-20 15:09:31.798,1173311254,2826798,1,0.91479,-0.14478,0.58936,-0.405,1.176,-0.382
2026-05-20 15:09:31.798,1173311254,2826798,2,0.91895,0.06885,0.3938,-2.076,0.328,0.496
2026-05-20 15:09:31.998,1173311454,2826998,1,0.91455,-0.15503,0.59058,-0.374,1.351,-0.305
2026-05-20 15:09:31.998,1173311454,2826998,2,0.91797,0.07056,0.39795,-0.466,2.061,0.725
2026-05-20 15:09:31.254,1173310710,2827254,1,0.90869,-0.14966,0.59497,-0.489,1.176,-0.244
2026-05-20 15:09:31.254,1173310710,2827254,2,0.91675,0.06396,0.40894,1.603,1.931,1.198
2026-05-20 15:09:31.454,1173310910,2827454,1,0.91699,-0.15283,0.58203,0.328,0.191,-0.863
2026-05-20 15:09:31.454,1173310910,2827454,2,0.91626,0.06519,0.39282,1.733,2.053,1.153
2026-05-20 15:09:31.654,1173311110,2827654,1,0.90796,-0.14453,0.58228,-0.947,2.55,0.366
2026-05-20 15:09:31.654,1173311110,2827654,2,0.9104,0.07983,0.40771,-5.618,-2.298,-0.244
2026-05-20 15:09:32.854,1173312310,2827854,1,0.91382,-0.1543,0.59497,0.489,1.122,-0.466
2026-05-20 15:09:32.854,1173312310,2827854,2,0.93066,0.05469,0.39185,-1.992,0.496,0.58
2026-05-20 15:09:32.054,1173311510,2828054,1,0.91162,-0.14648,0.5835,-0.794,1.29,-0.366
2026-05-20 15:09:32.054,1173311510,2828054,2,0.91382,0.06348,0.40259,-3.153,-1.328,0.015
2026-05-20 15:09:32.254,1173311710,2828254,1,0.91943,-0.15698,0.59326,0.092,1.26,-0.588
2026-05-20 15:09:32.254,1173311710,2828254,2,0.91431,0.06299,0.39893,-0.954,0.885,0.649
2026-05-20 15:09:32.454,1173311910,2828454,1,0.91797,-0.15796,0.58252,-0.634,1.313,-0.237
2026-05-20 15:09:32.454,1173311910,2828454,2,0.91748,0.05786,0.39136,-1.565,0.115,0.473
2026-05-20 15:09:32.654,1173312110,2828654,1,0.91553,-0.15186,0.58569,-1.008,1.466,-0.412
2026-05-20 15:09:32.654,1173312110,2828654,2,0.90601,0.07007,0.40625,-1.664,1.061,0.901
2026-05-20 15:09:33.854,1173313310,2828854,1,0.91016,-0.14941,0.5896,-0.725,1.313,-0.527
2026-05-20 15:09:33.854,1173313310,2828854,2,0.9126,0.06494,0.39673,-1.244,0.137,0.397
2026-05-20 15:09:33.054,1173312510,2829054,1,0.91846,-0.15039,0.59937,-0.649,1.282,-0.779
2026-05-20 15:09:33.054,1173312510,2829054,2,0.91919,0.05981,0.38037,-2.214,1.229,0.702
2026-05-20 15:09:33.367,1173312823,2829366,1,0.92603,-0.13965,0.58813,0.16,0.893,-0.389
2026-05-20 15:09:33.367,1173312823,2829366,2,0.9209,0.06738,0.39282,-3.305,-1.649,0.015
2026-05-20 15:09:33.566,1173313022,2829566,1,0.91797,-0.15137,0.58594,-0.565,1.214,-0.473
2026-05-20 15:09:33.566,1173313022,2829566,2,0.91821,0.06079,0.40063,0.786,1.237,0.664
2026-05-20 15:09:34.766,1173314222,2829766,1,0.93726,-0.14038,0.59863,-0.534,-0.718,2.038
2026-05-20 15:09:34.766,1173314222,2829766,2,0.92236,0.04907,0.37549,-13.626,-6.733,3.397
2026-05-20 15:09:34.966,1173314422,2829966,1,0.92041,-0.16797,0.55933,-15.076,-8.366,4.321
2026-05-20 15:09:34.966,1173314422,2829966,2,0.93164,0.01782,0.37988,-3.832,-3.351,7.527
2026-05-20 15:09:34.166,1173313622,2830166,1,0.93286,-0.19238,0.53613,4.008,-1.542,8.565
2026-05-20 15:09:34.166,1173313622,2830166,2,0.94336,0.00708,0.34473,-0.427,-4.137,9.053
2026-05-20 15:09:34.366,1173313822,2830366,1,0.92969,-0.21875,0.54004,3.786,0.046,11.672
2026-05-20 15:09:34.366,1173313822,2830366,2,0.95093,-0.02979,0.34058,-1.092,-0.687,12.947
2026-05-20 15:09:34.566,1173314022,2830566,1,0.9209,-0.25806,0.5354,4.611,-0.947,12.58
2026-05-20 15:09:34.566,1173314022,2830566,2,0.94824,-0.07104,0.33594,0.641,-6.076,12.74
2026-05-20 15:09:35.766,1173315222,2830766,1,0.90283,-0.29883,0.54224,1.496,2.153,6.908
2026-05-20 15:09:35.766,1173315222,2830766,2,0.97974,-0.11548,0.34033,-4.359,-1.298,12.389
2026-05-20 15:09:35.966,1173315422,2830966,1,0.89307,-0.33325,0.54956,-0.611,3.634,2.679
2026-05-20 15:09:35.966,1173315422,2830966,2,0.9812,0.00854,0.32813,-2.87,5.389,2.298
2026-05-20 15:09:37.680,1173317136,2833680,1,0.90088,-0.12598,0.61084,5.145,0.916,2.145
2026-05-20 15:09:37.680,1173317136,2833680,2,0.93726,0.05103,0.32959,-0.519,4.351,1.603
2026-05-20 15:09:38.880,1173318336,2833880,1,0.8894,-0.13306,0.61987,-1.992,1.053,1.046
2026-05-20 15:09:38.880,1173318336,2833880,2,0.9353,0.04565,0.36499,-4.221,-5.557,-1.42
2026-05-20 15:09:38.080,1173317536,2834080,1,0.90356,-0.11353,0.60815,3.237,7.511,0.687
2026-05-20 15:09:38.080,1173317536,2834080,2,0.95093,0.01685,0.37134,-3.756,-6.641,1.412
2026-05-20 15:09:38.280,1173317736,2834280,1,0.92334,-0.09863,0.6167,-1.71,-1.206,0.275
2026-05-20 15:09:38.280,1173317736,2834280,2,0.9458,0.01514,0.33276,6.824,12.603,6.542
2026-05-20 15:09:38.480,1173317936,2834480,1,0.90283,-0.12598,0.62256,3.374,1.817,-0.374
2026-05-20 15:09:38.480,1173317936,2834480,2,0.93237,0.02051,0.32666,-6.824,-8.817,-1.977
2026-05-20 15:09:38.680,1173318136,2834680,1,0.89136,-0.12671,0.61914,-0.191,3.519,2.588
2026-05-20 15:09:38.680,1173318136,2834680,2,0.95898,0.02148,0.34839,-1.313,0.84,0.351
2026-05-20 15:09:39.035,1173318491,2835035,1,0.90967,-0.15869,0.63062,-0.779,-1.397,-0.794
2026-05-20 15:09:39.035,1173318491,2835035,2,0.93384,0.02197,0.31274,0.718,5.847,0.672
2026-05-20 15:09:39.235,1173318691,2835235,1,0.90186,-0.16333,0.60815,4.58,2.328,3.282
2026-05-20 15:09:39.235,1173318691,2835235,2,0.93701,0.02466,0.37061,-3.397,-9.206,-1.115
2026-05-20 15:09:39.435,1173318891,2835435,1,0.89819,-0.15894,0.60425,1.992,-2.145,0.893
2026-05-20 15:09:39.435,1173318891,2835435,2,0.93091,0.02661,0.375,5.679,2.885,1.527
2026-05-20 15:09:39.635,1173319091,2835635,1,0.90161,-0.15796,0.6145,1.969,5.366,-1.267
2026-05-20 15:09:39.635,1173319091,2835635,2,0.94604,0.01514,0.33862,0.168,-2.374,0.748
2026-05-20 15:09:40.835,1173320291,2835835,1,0.89795,-0.15015,0.64233,6.313,2.634,2.679
2026-05-20 15:09:40.835,1173320291,2835835,2,0.95361,0.00952,0.34839,-2.374,-4.962,0.397
2026-05-20 15:09:40.035,1173319491,2836035,1,0.90381,-0.13892,0.6272,2.557,2.405,1.427
2026-05-20 15:09:40.035,1173319491,2836035,2,0.96387,0.04004,0.33228,-4.336,-4.534,-0.336
2026-05-20 15:09:40.235,1173319691,2836235,1,0.88306,-0.13672,0.63281,0.328,2.053,-0.618
2026-05-20 15:09:40.235,1173319691,2836235,2,0.94507,0.0354,0.32324,0.137,1.985,0.58
2026-05-20 15:09:40.435,1173319891,2836435,1,0.88745,-0.1272,0.63696,-0.466,2.42,-0.45
2026-05-20 15:09:40.435,1173319891,2836435,2,0.95288,0.02759,0.33838,-1.015,0.122,0.42
2026-05-20 15:09:40.635,1173320091,2836635,1,0.88818,-0.13232,0.64551,-0.908,1.763,-0.298
2026-05-20 15:09:40.635,1173320091,2836635,2,0.95239,0.02173,0.3291,-1.878,0.298,0.305
2026-05-20 15:09:41.917,1173321373,2836917,1,0.87524,-0.13843,0.64941,-1.031,1.557,-0.534
2026-05-20 15:09:41.917,1173321373,2836917,2,0.95093,0.03101,0.32471,-0.924,1.092,0.275
2026-05-20 15:09:41.117,1173320573,2837117,1,0.88403,-0.12378,0.65161,-0.756,1.351,-0.473
2026-05-20 15:09:41.117,1173320573,2837117,2,0.94995,0.03125,0.32715,-0.901,0.328,0.718
2026-05-20 15:09:41.317,1173320773,2837317,1,0.88672,-0.13184,0.65723,-0.344,1.588,-0.756
2026-05-20 15:09:41.317,1173320773,2837317,2,0.94604,0.02979,0.33228,-0.29,1.099,1.725
2026-05-20 15:09:41.517,1173320973,2837517,1,0.87964,-0.13843,0.64526,0.061,1.153,-0.008
2026-05-20 15:09:41.517,1173320973,2837517,2,0.94751,0.02783,0.33813,0.244,1.069,1.153
2026-05-20 15:09:41.717,1173321173,2837717,1,0.88599,-0.13208,0.65674,-1.588,0.42,-1.328
2026-05-20 15:09:41.717,1173321173,2837717,2,0.95264,0.03125,0.33911,-4.298,-1.122,0.863
2026-05-20 15:09:42.917,1173322373,2837917,1,0.88013,-0.13892,0.64771,-1.198,1.191,-2.252
2026-05-20 15:09:42.917,1173322373,2837917,2,0.94141,0.01782,0.34058,-0.412,0.763,-0.16
2026-05-20 15:09:42.117,1173321573,2838117,1,0.8811,-0.12793,0.63916,-0.542,1.046,-0.183
2026-05-20 15:09:42.117,1173321573,2838117,2,0.94482,0.03052,0.33862,-2.664,-1.191,-0.489
2026-05-20 15:09:42.317,1173321773,2838317,1,0.88379,-0.12573,0.64111,-0.611,1.702,-0.466
2026-05-20 15:09:42.317,1173321773,2838317,2,0.94727,0.02612,0.33398,-2.565,0.153,0.534
2026-05-20 15:09:42.517,1173321973,2838517,1,0.87939,-0.12866,0.63965,-0.382,1.725,0.58
2026-05-20 15:09:42.517,1173321973,2838517,2,0.95288,0.01904,0.33545,-2.176,0.038,0.252
2026-05-20 15:09:45.424,1173324880,2841424,1,0.88184,-0.13354,0.64746,-0.672,1.275,-0.656
2026-05-20 15:09:45.424,1173324880,2841424,2,0.9541,0.02637,0.33447,-1.672,0.221,0.26
2026-05-20 15:09:45.624,1173325080,2841624,1,0.88452,-0.14014,0.6499,-0.969,1.122,-0.489
2026-05-20 15:09:45.624,1173325080,2841624,2,0.95605,0.02271,0.33228,-0.779,1.084,0.069
2026-05-20 15:09:46.824,1173326280,2841824,1,0.89258,-0.13257,0.64429,-0.634,0.573,0.351
2026-05-20 15:09:46.824,1173326280,2841824,2,0.95142,0.02246,0.3313,-2.153,0.542,-0.573
2026-05-20 15:09:46.024,1173325480,2842024,1,0.87915,-0.12451,0.64697,-0.863,0.641,0.038
2026-05-20 15:09:46.024,1173325480,2842024,2,0.94434,0.0293,0.3374,-3.107,-0.809,0.885
2026-05-20 15:09:46.224,1173325680,2842224,1,0.88403,-0.13916,0.63696,-0.168,1.382,-0.626
2026-05-20 15:09:46.224,1173325680,2842224,2,0.94922,0.0127,0.33057,-1.618,0.489,0.74
2026-05-20 15:09:46.424,1173325880,2842424,1,0.88403,-0.12866,0.6438,-0.588,1.374,0.031
2026-05-20 15:09:46.424,1173325880,2842424,2,0.9502,0.01953,0.33423,-0.672,0.397,0.191
2026-05-20 15:09:46.624,1173326080,2842624,1,0.88379,-0.13062,0.64844,-0.176,1.412,-0.878
2026-05-20 15:09:46.624,1173326080,2842624,2,0.95093,0.02026,0.34009,-0.733,0.206,0.687
2026-05-20 15:09:47.824,1173327280,2842824,1,0.88379,-0.12939,0.65186,-0.198,1.649,-0.084
2026-05-20 15:09:47.824,1173327280,2842824,2,0.95068,0.02051,0.32422,0.916,1.588,1.298
2026-05-20 15:09:47.024,1173326480,2843024,1,0.8833,-0.13232,0.64844,-0.435,1.412,-0.229
2026-05-20 15:09:47.024,1173326480,2843024,2,0.94775,0.02319,0.33862,0.519,0.786,0.817
2026-05-20 15:09:47.224,1173326680,2843224,1,0.88037,-0.1333,0.64014,0.237,1.122,-0.412
2026-05-20 15:09:47.224,1173326680,2843224,2,0.94653,0.02637,0.34644,-0.389,0.908,0.458
2026-05-20 15:09:47.424,1173326880,2843424,1,0.88013,-0.1272,0.65454,-0.626,1.458,-0.695
2026-05-20 15:09:47.424,1173326880,2843424,2,0.94849,0.02686,0.33984,-1.618,0.198,0.099
2026-05-20 15:09:47.624,1173327080,2843624,1,0.88208,-0.12402,0.64673,-0.855,1.214,-0.603
2026-05-20 15:09:47.624,1173327080,2843624,2,0.94678,0.02197,0.3396,-2.13,0.061,0.328
2026-05-20 15:09:48.824,1173328280,2843824,1,0.87915,-0.13989,0.6604,0.573,1.023,-0.382
2026-05-20 15:09:48.824,1173328280,2843824,2,0.94287,0.02832,0.32422,-2.832,0.412,-0.282
2026-05-20 15:09:48.024,1173327480,2844024,1,0.88916,-0.13818,0.64502,-0.427,0.756,-0.817
2026-05-20 15:09:48.024,1173327480,2844024,2,0.95483,0.03369,0.33472,-0.84,0.847,0.237
2026-05-20 15:09:48.224,1173327680,2844224,1,0.89648,-0.13672,0.64233,-1.58,2.947,-1.771
2026-05-20 15:09:48.224,1173327680,2844224,2,0.93945,0.03076,0.34766,-0.45,3.641,0.618
2026-05-20 15:09:48.495,1173327951,2844495,1,0.89307,-0.12549,0.66626,-0.595,1.565,0.29
2026-05-20 15:09:48.495,1173327951,2844495,2,0.94189,0.03027,0.32983,-4.13,1.435,-2.794
2026-05-20 15:09:48.695,1173328151,2844695,1,0.9043,-0.13306,0.63623,-2.634,3.168,1.779
2026-05-20 15:09:48.695,1173328151,2844695,2,0.94263,0.03589,0.34253,3.473,9.588,1.878
2026-05-20 15:09:49.895,1173329351,2844895,1,0.89502,-0.11182,0.6228,1.351,-0.824,-1.794
2026-05-20 15:09:49.895,1173329351,2844895,2,0.93896,0.05127,0.35571,-4.069,0.435,-0.206
2026-05-20 15:09:49.095,1173328551,2845095,1,0.88794,-0.12476,0.66309,-0.489,1.84,-3.221
2026-05-20 15:09:49.095,1173328551,2845095,2,0.94507,0.02539,0.37256,-0.267,0.038,2.13
2026-05-20 15:09:49.295,1173328751,2845295,1,0.90381,-0.12451,0.64038,-0.214,1.214,1.29
2026-05-20 15:09:49.295,1173328751,2845295,2,0.95313,0.04907,0.34033,3.992,3.489,2.542
2026-05-20 15:09:49.495,1173328951,2845495,1,0.88257,-0.13184,0.64502,-0.275,1.695,-0.168
2026-05-20 15:09:49.495,1173328951,2845495,2,0.94556,0.04712,0.3479,0.679,-0.298,0.29
2026-05-20 15:09:49.695,1173329151,2845695,1,0.88208,-0.12793,0.64429,-0.122,1.305,-0.031
2026-05-20 15:09:49.695,1173329151,2845695,2,0.93823,0.04932,0.34521,-0.359,1.107,0.634
2026-05-20 15:09:50.895,1173330351,2845895,1,0.89014,-0.13257,0.64404,-0.664,2.023,-0.115
2026-05-20 15:09:50.895,1173330351,2845895,2,0.94263,0.05151,0.34912,-0.924,0.519,0.183
2026-05-20 15:09:50.095,1173329551,2846095,1,0.88086,-0.13647,0.65967,-0.916,1.305,-0.924
2026-05-20 15:09:50.095,1173329551,2846095,2,0.94409,0.04297,0.34863,-0.977,1.321,-0.725
2026-05-20 15:09:50.295,1173329751,2846295,1,0.88306,-0.13354,0.65088,-0.427,1.092,-0.786
2026-05-20 15:09:50.295,1173329751,2846295,2,0.93945,0.06104,0.34888,-3.061,0.107,-0.374
2026-05-20 15:09:50.495,1173329951,2846495,1,0.88013,-0.12134,0.65845,-0.466,1.733,-0.58
2026-05-20 15:09:50.495,1173329951,2846495,2,0.94092,0.052,0.34668,-1.718,-0.42,0.573
2026-05-20 15:09:50.695,1173330151,2846695,1,0.88892,-0.12939,0.64868,-0.389,1.321,0.321
2026-05-20 15:09:50.695,1173330151,2846695,2,0.94165,0.05078,0.34351,-1.351,0.733,1.046
2026-05-20 15:09:51.895,1173331351,2846895,1,0.88037,-0.13135,0.64209,-0.29,1.458,0.336
2026-05-20 15:09:51.895,1173331351,2846895,2,0.94556,0.05249,0.34497,-1.809,0.374,0.603
2026-05-20 15:09:51.095,1173330551,2847095,1,0.88232,-0.13135,0.64331,-0.351,1.42,-0.313
2026-05-20 15:09:51.095,1173330551,2847095,2,0.94287,0.04639,0.33862,-1.275,0.099,0.328
2026-05-20 15:09:51.295,1173330751,2847295,1,0.88208,-0.1333,0.65405,-0.389,1.26,-0.382
2026-05-20 15:09:51.295,1173330751,2847295,2,0.94556,0.04761,0.33618,-0.305,0.939,0.206
2026-05-20 15:09:51.495,1173330951,2847495,1,0.88135,-0.1333,0.64575,0.176,1.603,-0.695
2026-05-20 15:09:51.495,1173330951,2847495,2,0.94141,0.05322,0.34839,-0.504,0.687,0.305
2026-05-20 15:09:51.695,1173331151,2847695,1,0.8833,-0.13062,0.64624,-0.29,1.282,-0.603
2026-05-20 15:09:51.695,1173331151,2847695,2,0.94458,0.05591,0.34229,0.221,1.046,0.603
2026-05-20 15:09:52.895,1173332351,2847895,1,0.88818,-0.13062,0.64502,-0.55,0.992,-0.466
2026-05-20 15:09:52.895,1173332351,2847895,2,0.94482,0.05591,0.34692,-0.519,-0.863,0.725
2026-05-20 15:09:52.095,1173331551,2848095,1,0.88574,-0.13037,0.64185,-0.412,1.496,-0.092
2026-05-20 15:09:52.095,1173331551,2848095,2,0.94189,0.06055,0.34668,-1.885,0.267,0.076
2026-05-20 15:09:55.193,1173334649,2851192,1,0.88281,-0.12231,0.64771,-0.595,1.168,-0.84
2026-05-20 15:09:55.193,1173334649,2851192,2,0.94727,0.0564,0.33813,-1.542,0.382,0.237
2026-05-20 15:09:55.392,1173334848,2851392,1,0.89136,-0.12476,0.65674,-0.42,1.412,-0.328
2026-05-20 15:09:55.392,1173334848,2851392,2,0.93042,0.05835,0.33691,-1.214,1.725,0.74
2026-05-20 15:09:55.592,1173335048,2851592,1,0.88672,-0.12817,0.64795,0.115,1.366,-0.176
2026-05-20 15:09:55.592,1173335048,2851592,2,0.93555,0.04614,0.33887,-1.313,0.16,1.336
2026-05-20 15:09:56.792,1173336248,2851792,1,0.88135,-0.13379,0.64331,-0.282,1.405,0.756
2026-05-20 15:09:56.792,1173336248,2851792,2,0.94946,0.05298,0.34253,-1.328,0.031,0.679
2026-05-20 15:09:56.097,1173335553,2852097,1,0.87476,-0.12964,0.65186,-0.618,1.42,-0.832
2026-05-20 15:09:56.097,1173335553,2852097,2,0.94531,0.04858,0.34326,-1.244,0.328,0.504
2026-05-20 15:09:56.297,1173335753,2852297,1,0.88696,-0.12866,0.64404,-0.588,1.229,-0.641
2026-05-20 15:09:56.297,1173335753,2852297,2,0.94824,0.06006,0.34253,-0.954,0.985,0.702
2026-05-20 15:09:56.497,1173335953,2852497,1,0.875,-0.12109,0.64868,-0.45,1.137,-0.191
2026-05-20 15:09:56.497,1173335953,2852497,2,0.94043,0.05396,0.34839,0.115,0.908,0.916
2026-05-20 15:09:56.697,1173336153,2852697,1,0.88379,-0.13403,0.64551,-0.29,1.122,-0.481
2026-05-20 15:09:56.697,1173336153,2852697,2,0.94141,0.05469,0.33496,-0.634,0.573,0.817
2026-05-20 15:09:57.897,1173337353,2852897,1,0.8855,-0.1272,0.64917,-0.618,1.008,-0.458
2026-05-20 15:09:57.897,1173337353,2852897,2,0.94165,0.06055,0.34521,-2.298,0.557,0.267
2026-05-20 15:09:57.097,1173336553,2853097,1,0.90869,-0.11646,0.62476,-0.672,-4.092,-0.16
2026-05-20 15:09:57.097,1173336553,2853097,2,0.95581,0.07275,0.34302,-8.992,-1.87,0.534
2026-05-20 15:09:57.297,1173336753,2853297,1,0.87988,-0.12378,0.66846,-11.366,4.458,-5.107
2026-05-20 15:09:57.297,1173336753,2853297,2,0.92505,0.02563,0.36694,-3.901,3.878,-4.336
2026-05-20 15:09:57.497,1173336953,2853497,1,0.87793,-0.1106,0.65186,1.473,1.427,-1.168
2026-05-20 15:09:57.497,1173336953,2853497,2,0.93481,0.0813,0.36353,2.244,3.42,-1.924
2026-05-20 15:09:57.697,1173337153,2853697,1,0.89282,-0.09619,0.63989,1.626,0.595,-2.191
2026-05-20 15:09:57.697,1173337153,2853697,2,0.9353,0.06909,0.34546,-0.405,0.779,1.008
2026-05-20 15:09:58.897,1173338353,2853897,1,0.89014,-0.10791,0.63843,-0.275,1.221,1.985
2026-05-20 15:09:58.897,1173338353,2853897,2,0.94727,0.06763,0.35083,-0.427,-0.511,2.412
2026-05-20 15:09:58.097,1173337553,2854097,1,0.89111,-0.11011,0.64771,-0.031,1.939,2.397
2026-05-20 15:09:58.097,1173337553,2854097,2,0.93774,0.05737,0.35425,-0.916,1.42,2.137
2026-05-20 15:09:58.297,1173337753,2854297,1,0.8811,-0.13208,0.64893,0.015,2.084,2.008
2026-05-20 15:09:58.297,1173337753,2854297,2,0.94043,0.0564,0.36206,-0.924,0.16,1.824
2026-05-20 15:09:58.497,1173337953,2854497,1,0.88062,-0.13232,0.63599,-0.244,1.695,-0.137
2026-05-20 15:09:58.497,1173337953,2854497,2,0.94116,0.05615,0.34595,0.023,0.588,1.053
2026-05-20 15:09:58.697,1173338153,2854697,1,0.88623,-0.12939,0.64771,-0.29,0.939,-0.725
2026-05-20 15:09:58.697,1173338153,2854697,2,0.93726,0.05469,0.35596,0.221,0.679,0.71
2026-05-20 15:09:59.897,1173339353,2854897,1,0.88599,-0.12451,0.65332,0.046,1.611,-0.977
2026-05-20 15:09:59.897,1173339353,2854897,2,0.94263,0.05933,0.34692,0.008,0.046,0.328
2026-05-20 15:09:59.097,1173338553,2855097,1,0.8772,-0.11694,0.64209,-0.328,1.29,-0.313
2026-05-20 15:09:59.097,1173338553,2855097,2,0.94287,0.05737,0.35376,-0.061,1.015,0.962
2026-05-20 15:09:59.297,1173338753,2855297,1,0.87817,-0.1311,0.65039,-0.336,1.527,-0.153
2026-05-20 15:09:59.297,1173338753,2855297,2,0.93896,0.05566,0.35376,-1.71,-0.107,0.496
2026-05-20 15:09:59.497,1173338953,2855497,1,0.8916,-0.12036,0.64819,-0.313,1.672,-0.153
2026-05-20 15:09:59.497,1173338953,2855497,2,0.948,0.0603,0.35059,-2.137,-0.595,0.237
2026-05-20 15:09:59.697,1173339153,2855697,1,0.88574,-0.12793,0.64819,-0.779,1.55,-0.389
2026-05-20 15:09:59.697,1173339153,2855697,2,0.94434,0.05664,0.34106,-1.603,0.076,0.382
2026-05-20 15:10:00.897,1173340353,2855897,1,0.88501,-0.12036,0.64673,-0.603,1.107,-0.519
2026-05-20 15:10:00.897,1173340353,2855897,2,0.94336,0.05444,0.35791,-2.008,0.244,0.427
2026-05-20 15:10:00.097,1173339553,2856097,1,0.88843,-0.12598,0.6604,-0.282,1.802,-0.443
2026-05-20 15:10:00.097,1173339553,2856097,2,0.94116,0.05737,0.34375,-1.84,-0.183,0.443
2026-05-20 15:10:00.297,1173339753,2856297,1,0.88086,-0.1272,0.6543,-0.58,1.344,-0.137
2026-05-20 15:10:00.297,1173339753,2856297,2,0.94531,0.05225,0.35156,-1.473,0.702,0.748
2026-05-20 15:10:00.497,1173339953,2856497,1,0.88257,-0.13208,0.64746,-0.489,1.443,-0.252
2026-05-20 15:10:00.497,1173339953,2856497,2,0.94727,0.05884,0.34863,-1.763,0.321,0.511
2026-05-20 15:10:00.697,1173340153,2856697,1,0.88525,-0.11865,0.64502,-0.42,1.359,-0.359
2026-05-20 15:10:00.697,1173340153,2856697,2,0.94019,0.06128,0.34424,-2.42,0.504,0.664
2026-05-20 15:10:01.897,1173341353,2856897,1,0.87817,-0.11987,0.64819,-0.435,1.168,-0.351
2026-05-20 15:10:01.897,1173341353,2856897,2,0.93823,0.05615,0.3479,-1.168,0.725,0.542
2026-05-20 15:10:01.097,1173340553,2857097,1,0.8833,-0.12598,0.65088,-0.534,1.191,-0.595
2026-05-20 15:10:01.097,1173340553,2857097,2,0.94873,0.05493,0.34155,-0.412,0.786,0.885
2026-05-20 15:10:01.297,1173340753,2857297,1,0.88062,-0.12817,0.6521,-1.031,1.427,-0.45
2026-05-20 15:10:01.297,1173340753,2857297,2,0.94043,0.05566,0.35815,0.511,1.328,0.763
2026-05-20 15:10:01.497,1173340953,2857497,1,0.88965,-0.11646,0.65356,-1.847,-3.176,1.229
2026-05-20 15:10:01.497,1173340953,2857497,2,0.94702,0.06128,0.34741,-1.145,2.809,0.702
2026-05-20 15:10:01.720,1173341176,2857720,1,0.89404,-0.12842,0.63379,0.366,1.786,-0.153
2026-05-20 15:10:01.720,1173341176,2857720,2,0.93359,0.06372,0.36157,1.351,5.13,0.695
2026-05-20 15:10:02.920,1173342376,2857920,1,0.87109,-0.13184,0.66187,-0.771,3.618,-2.008
2026-05-20 15:10:02.920,1173342376,2857920,2,0.94531,0.04834,0.33472,-1.405,-0.13,-1.122
2026-05-20 15:10:04.422,1173343878,2860422,1,0.99048,-0.13721,0.45581,-0.305,1.71,-0.542
2026-05-20 15:10:04.422,1173343878,2860422,2,0.896,0.07593,0.4187,0.015,0.695,0.832
2026-05-20 15:10:04.622,1173344078,2860622,1,0.99438,-0.15796,0.43188,3.458,0.786,1.168
2026-05-20 15:10:04.622,1173344078,2860622,2,0.90771,0.09424,0.41553,2.901,7.618,0.771
2026-05-20 15:10:05.822,1173345278,2860822,1,0.98389,-0.1394,0.45532,-3.74,4.008,-1.87
2026-05-20 15:10:05.822,1173345278,2860822,2,0.89185,0.06226,0.43848,-3.214,-4.466,0.603
2026-05-20 15:10:05.022,1173344478,2861022,1,0.98438,-0.12842,0.43823,-0.84,1.977,-0.015
2026-05-20 15:10:05.022,1173344478,2861022,2,0.89355,0.08643,0.43286,-0.153,-1.718,0.092
2026-05-20 15:10:05.222,1173344678,2861222,1,0.98608,-0.13354,0.44067,-2.084,2.26,-1.481
2026-05-20 15:10:05.222,1173344678,2861222,2,0.9043,0.07617,0.42114,-2.534,-1.275,1.015
2026-05-20 15:10:05.422,1173344878,2861422,1,0.98047,-0.1355,0.45801,-0.649,0.527,-0.641
2026-05-20 15:10:05.422,1173344878,2861422,2,0.89819,0.0791,0.42847,-1.389,-0.519,0.336
2026-05-20 15:10:05.622,1173345078,2861622,1,0.97827,-0.12036,0.45386,-0.71,0.794,-0.58
2026-05-20 15:10:05.622,1173345078,2861622,2,0.90112,0.07593,0.4231,-0.832,0.519,0.885
2026-05-20 15:10:06.822,1173346278,2861822,1,0.98511,-0.12915,0.46191,-0.382,1.527,-0.58
2026-05-20 15:10:06.822,1173346278,2861822,2,0.89819,0.07227,0.42505,-0.779,1.107,0.725
2026-05-20 15:10:06.022,1173345478,2862022,1,0.97705,-0.12891,0.45386,-0.099,1.84,-0.321
2026-05-20 15:10:06.022,1173345478,2862022,2,0.90601,0.07739,0.43286,-1.443,0.466,0.26
2026-05-20 15:10:06.222,1173345678,2862222,1,0.98218,-0.13721,0.4502,-0.336,0.794,-0.359
2026-05-20 15:10:06.222,1173345678,2862222,2,0.89136,0.08057,0.4292,-1.962,1.214,0.809
2026-05-20 15:10:06.422,1173345878,2862422,1,0.98633,-0.13232,0.44165,-1.298,0.305,-0.947
2026-05-20 15:10:06.422,1173345878,2862422,2,0.89331,0.06885,0.43701,-4.771,1.191,-0.809
2026-05-20 15:10:06.622,1173346078,2862622,1,0.98511,-0.12354,0.44043,-0.908,2.176,-0.443
2026-05-20 15:10:06.622,1173346078,2862622,2,0.89722,0.07642,0.427,-1.397,1.099,0.779
2026-05-20 15:10:07.822,1173347278,2862822,1,0.98193,-0.13599,0.4458,-1.275,2.55,-0.641
2026-05-20 15:10:07.822,1173347278,2862822,2,0.89282,0.07349,0.43506,-1.389,0.489,0.282
2026-05-20 15:10:07.022,1173346478,2863022,1,0.97241,-0.12769,0.45581,-1.122,1.58,-0.206
2026-05-20 15:10:07.022,1173346478,2863022,2,0.89355,0.07617,0.43872,-1.794,0.153,0.656
2026-05-20 15:10:07.222,1173346678,2863222,1,0.98438,-0.12744,0.45166,-1.038,1.733,-0.656
2026-05-20 15:10:07.222,1173346678,2863222,2,0.89795,0.06836,0.42822,-1.053,-0.153,0.557
2026-05-20 15:10:07.522,1173346978,2863522,1,0.98047,-0.13501,0.46118,-0.511,1.679,-0.397
2026-05-20 15:10:07.522,1173346978,2863522,2,0.90161,0.07861,0.43457,-0.954,0.183,0.42
2026-05-20 15:10:07.722,1173347178,2863722,1,0.97876,-0.1228,0.45264,0.42,1.779,-2.809
2026-05-20 15:10:07.722,1173347178,2863722,2,0.89478,0.07544,0.41504,-3.405,0.298,-2.008
2026-05-20 15:10:08.922,1173348378,2863922,1,0.98755,-0.10303,0.45337,5.878,2.023,2.359
2026-05-20 15:10:08.922,1173348378,2863922,2,0.88574,0.08838,0.43994,-9.588,-3.252,-0.405
2026-05-20 15:10:08.122,1173347578,2864122,1,0.98193,-0.13721,0.43677,-5.137,-5.58,1.725
2026-05-20 15:10:08.122,1173347578,2864122,2,0.89941,0.07495,0.42651,-2.244,-0.603,1.542
2026-05-20 15:10:08.322,1173347778,2864322,1,0.99854,-0.15039,0.44336,6.626,-2.557,5.076
2026-05-20 15:10:08.322,1173347778,2864322,2,0.90479,0.07544,0.41675,1.656,1.389,2.511
2026-05-20 15:10:08.522,1173347978,2864522,1,0.98511,-0.15552,0.42114,3.351,0.275,2.176
2026-05-20 15:10:08.522,1173347978,2864522,2,0.89868,0.07031,0.42603,2.702,5.145,1.725
2026-05-20 15:10:08.722,1173348178,2864722,1,0.9812,-0.14038,0.44849,4.756,1.237,1.16
2026-05-20 15:10:08.722,1173348178,2864722,2,0.89136,0.06738,0.44653,0.328,4.748,0.748
2026-05-20 15:10:09.922,1173349378,2864922,1,0.98682,-0.13428,0.45435,1.588,-0.397,-1.076
2026-05-20 15:10:09.922,1173349378,2864922,2,0.88672,0.08154,0.45166,,2.176,0.305
2026-05-20 15:10:12.003,1173351459,2868003,1,1.00073,-0.1272,0.32642,3.87,8.412,10.534
2026-05-20 15:10:12.003,1173351459,2868003,2,0.97095,0.06714,0.28418,-3.954,10.305,5.046
2026-05-20 15:10:12.203,1173351659,2868203,1,1.03223,-0.16895,0.33228,-4.214,4.664,3.931
2026-05-20 15:10:12.203,1173351659,2868203,2,0.96899,0.03857,0.32813,-11.122,7.13,-1.664
2026-05-20 15:10:12.403,1173351859,2868403,1,1.0166,-0.15771,0.35889,15.061,0.046,4.962
2026-05-20 15:10:12.403,1173351859,2868403,2,0.88306,0.07178,0.38452,8.55,19.763,3.366
2026-05-20 15:10:12.603,1173352059,2868603,1,1.02783,-0.12598,0.36987,8.885,-4.336,0.107
2026-05-20 15:10:12.603,1173352059,2868603,2,0.896,0.07593,0.43115,9.885,20.13,5.817
2026-05-20 15:10:13.803,1173353259,2868803,1,1.00879,-0.09473,0.35107,-4.458,-5.115,0.573
2026-05-20 15:10:13.803,1173353259,2868803,2,0.8894,0.07764,0.45337,-11.038,-5.336,0.252
2026-05-20 15:10:13.003,1173352459,2869003,1,1.02954,-0.18213,0.39136,-23.458,23.924,-5.924
2026-05-20 15:10:13.003,1173352459,2869003,2,0.92993,0.02441,0.37012,-23.145,-9.786,-7.481
2026-05-20 15:10:13.203,1173352659,2869203,1,0.95801,-0.2063,0.39038,-13.053,7.16,-5.634
2026-05-20 15:10:13.203,1173352659,2869203,2,0.93066,-0.03906,0.30005,-6.557,-10.344,3.145
2026-05-20 15:10:13.403,1173352859,2869403,1,1.03442,-0.16113,0.37573,22.458,-13.26,8.351
2026-05-20 15:10:13.403,1173352859,2869403,2,0.9375,0.00098,0.31543,18.641,12.519,13.214
2026-05-20 15:10:13.603,1173353059,2869603,1,1.00586,-0.11011,0.32568,13.771,-16.901,7.931
2026-05-20 15:10:13.603,1173353059,2869603,2,0.89868,0.07251,0.31006,1.664,6.214,0.824
2026-05-20 15:10:14.803,1173354259,2869803,1,1.11499,-0.23022,0.29736,21.305,-16.679,8.809
2026-05-20 15:10:14.803,1173354259,2869803,2,0.92627,0.05005,0.44165,16.756,6.084,-0.58
2026-05-20 15:10:14.003,1173353459,2870003,1,1.03931,-0.14111,0.31152,28.641,10.244,4.725
2026-05-20 15:10:14.003,1173353459,2870003,2,0.93701,0.12476,0.36035,19.397,0.718,6.489
2026-05-20 15:10:14.203,1173353659,2870203,1,1.00317,-0.18286,0.33423,23.481,-2.954,3.832
2026-05-20 15:10:14.203,1173353659,2870203,2,0.92188,0.12671,0.37354,23.008,6.366,9.366
2026-05-20 15:10:14.403,1173353859,2870403,1,1.02344,-0.12695,0.30225,11.397,-4.015,0.595
2026-05-20 15:10:14.403,1173353859,2870403,2,0.93555,0.12769,0.36621,4.878,3.992,2.817
2026-05-20 15:10:14.603,1173354059,2870603,1,1.03271,-0.10962,0.28564,1.809,0.038,-6.374
2026-05-20 15:10:14.603,1173354059,2870603,2,0.91528,0.11523,0.38867,-4.618,-5.649,-3.382
2026-05-20 15:10:15.803,1173355259,2870803,1,1.02026,-0.10864,0.3042,-11.802,2.321,-15.611
2026-05-20 15:10:15.803,1173355259,2870803,2,0.91504,0.12427,0.35791,-1.534,-5.725,-0.122
2026-05-20 15:10:15.099,1173354555,2871099,1,1.03516,-0.1084,0.30273,2.58,3.489,4.985
2026-05-20 15:10:15.099,1173354555,2871099,2,0.92432,0.24316,0.45117,9.183,-4.901,2.702
2026-05-20 15:10:15.299,1173354755,2871299,1,1.02539,-0.14648,0.31787,-14.137,2.74,1.519
2026-05-20 15:10:15.299,1173354755,2871299,2,0.92432,0.11914,0.3479,-2.42,2.595,1.58
2026-05-20 15:10:15.499,1173354955,2871499,1,1.03638,-0.11401,0.29224,-0.031,0.71,0.992
2026-05-20 15:10:15.499,1173354955,2871499,2,0.95044,0.10571,0.34106,-2.954,-1.641,0.076
2026-05-20 15:10:15.699,1173355155,2871699,1,1.02148,-0.14941,0.30835,-10.115,2.847,0.389
2026-05-20 15:10:15.699,1173355155,2871699,2,0.93921,0.0957,0.34741,-7.672,-2.267,4.107
2026-05-20 15:10:16.899,1173356355,2871899,1,1.0332,-0.15723,0.31738,6.374,5.855,-1.267
2026-05-20 15:10:16.899,1173356355,2871899,2,0.93848,0.04492,0.4021,8.763,10.305,10.168
2026-05-20 15:10:16.099,1173355555,2872099,1,0.97607,-0.1106,0.36035,11.672,9.443,4.214
2026-05-20 15:10:16.099,1173355555,2872099,2,0.93433,0.09814,0.33789,-0.855,-4.618,1.733
2026-05-20 15:10:16.299,1173355755,2872299,1,1.00977,-0.13721,0.33301,-2.153,-2.053,0.748
2026-05-20 15:10:16.299,1173355755,2872299,2,0.93945,0.09204,0.33618,-2.534,-0.099,-0.626
2026-05-20 15:10:16.499,1173355955,2872499,1,1.03271,-0.14111,0.32935,-2.649,-3.221,-0.672
2026-05-20 15:10:16.499,1173355955,2872499,2,0.93457,0.08618,0.34961,-0.969,-1.183,-1.305
2026-05-20 15:10:16.699,1173356155,2872699,1,1.03516,-0.14502,0.32153,-0.328,-0.802,-1.55
2026-05-20 15:10:16.699,1173356155,2872699,2,0.94336,0.08569,0.34668,-0.885,-1.412,-1.145
2026-05-20 15:10:17.901,1173357357,2872901,1,1.02515,-0.14551,0.31934,-0.931,1.939,-0.45
2026-05-20 15:10:17.901,1173357357,2872901,2,0.94458,0.08472,0.35278,-2.298,0.412,0.626
2026-05-20 15:10:17.101,1173356557,2873101,1,1.01831,-0.14502,0.32202,0.145,2.542,0.023
2026-05-20 15:10:17.101,1173356557,2873101,2,0.94434,0.08716,0.33545,-0.13,1.298,0.527
2026-05-20 15:10:17.301,1173356757,2873301,1,1.02686,-0.13892,0.32153,2.908,0.603,0.74
2026-05-20 15:10:17.301,1173356757,2873301,2,0.94116,0.09644,0.34546,0.183,1.817,1.466
2026-05-20 15:10:17.501,1173356957,2873501,1,1.02686,-0.12915,0.32056,0.046,1.817,0.565
2026-05-20 15:10:17.501,1173356957,2873501,2,0.93286,0.09717,0.35303,-1.702,0.771,1.26
2026-05-20 15:10:17.701,1173357157,2873701,1,1.0166,-0.14697,0.32715,0.603,1.176,0.397
2026-05-20 15:10:17.701,1173357157,2873701,2,0.93408,0.08594,0.36035,0.038,0.336,1.168
2026-05-20 15:10:18.901,1173358357,2873901,1,1.01611,-0.14551,0.33325,-0.321,2.115,0.435
2026-05-20 15:10:18.901,1173358357,2873901,2,0.93042,0.09009,0.35596,-1.122,0.336,1.473
2026-05-20 15:10:18.101,1173357557,2874101,1,1.01587,-0.14844,0.3396,0.496,1.641,0.237
2026-05-20 15:10:18.101,1173357557,2874101,2,0.94019,0.08984,0.34961,-0.832,0.496,0.779
2026-05-20 15:10:18.301,1173357757,2874301,1,1.01294,-0.14478,0.33081,-2.275,0.794,-0.931
2026-05-20 15:10:18.301,1173357757,2874301,2,0.93726,0.08887,0.35327,-1.198,0.947,1.061
2026-05-20 15:10:18.501,1173357957,2874501,1,1.01196,-0.14771,0.32227,0.313,1.176,-0.931
2026-05-20 15:10:18.501,1173357957,2874501,2,0.93628,0.0874,0.35498,-1.443,0.947,0.282
2026-05-20 15:10:18.701,1173358157,2874701,1,1.01953,-0.15063,0.32788,-0.687,1.496,-0.817
2026-05-20 15:10:18.701,1173358157,2874701,2,0.93848,0.08643,0.35376,-1.397,0.427,0.565
2026-05-20 15:10:19.901,1173359357,2874901,1,1.02173,-0.14819,0.32788,0.053,1.87,-0.198
2026-05-20 15:10:19.901,1173359357,2874901,2,0.93921,0.0813,0.35181,-0.817,0.985,1.137
2026-05-20 15:10:19.101,1173358557,2875101,1,1.01245,-0.14941,0.32568,-1.229,1.618,-0.802
2026-05-20 15:10:19.101,1173358557,2875101,2,0.9397,0.08374,0.35278,-0.977,0.313,0.504
2026-05-20 15:10:19.301,1173358757,2875301,1,1.0249,-0.1438,0.33398,0.656,0.115,-0.267
2026-05-20 15:10:19.301,1173358757,2875301,2,0.93188,0.08789,0.3562,-0.863,-0.206,0.656
2026-05-20 15:10:19.501,1173358957,2875501,1,1.01709,-0.14648,0.3313,0.603,2.328,0.618
2026-05-20 15:10:19.501,1173358957,2875501,2,0.93188,0.09009,0.3562,-0.916,0.397,0.718
2026-05-20 15:10:19.701,1173359157,2875701,1,1.01855,-0.14551,0.3252,-0.634,0.977,0.847
2026-05-20 15:10:19.701,1173359157,2875701,2,0.93872,0.08862,0.35059,-1.779,0.603,1.527
2026-05-20 15:10:20.901,1173360357,2875901,1,1.02588,-0.15967,0.32983,-0.672,1.954,0.756
2026-05-20 15:10:20.901,1173360357,2875901,2,0.93774,0.07983,0.35425,-2.046,-0.397,0.664
2026-05-20 15:10:20.101,1173359557,2876101,1,1.01978,-0.15674,0.33691,-1.153,1.359,-0.397
2026-05-20 15:10:20.101,1173359557,2876101,2,0.93848,0.08423,0.36377,-1.542,-0.71,0.412
2026-05-20 15:10:20.301,1173359757,2876301,1,1.04272,-0.14844,0.33813,12.748,33.252,-0.252
2026-05-20 15:10:20.301,1173359757,2876301,2,0.854,0.052,0.34106,16.0,-2.412,3.229
2026-05-20 15:10:20.501,1173359957,2876501,1,0.47607,-0.00977,0.37231,23.397,66.0,-6.298
2026-05-20 15:10:20.501,1173359957,2876501,2,0.73438,0.03613,0.66016,99.924,-33.947,35.771
2026-05-20 15:10:20.711,1173360167,2876711,1,0.91309,-0.09253,0.96875,-9.466,4.87,-10.733
2026-05-20 15:10:20.711,1173360167,2876711,2,1.04004,0.16748,0.59204,17.855,-45.412,7.664
2026-05-20 15:10:21.911,1173361367,2876911,1,1.1731,-0.1626,0.58936,-6.977,-3.725,7.176
2026-05-20 15:10:21.911,1173361367,2876911,2,0.87305,0.01563,0.26489,-10.855,-10.023,11.771
2026-05-20 15:10:21.111,1173360567,2877111,1,1.12402,-0.18994,0.46509,-3.16,-16.305,3.649
2026-05-20 15:10:21.111,1173360567,2877111,2,1.02661,0.04419,0.32568,3.962,1.55,6.305
2026-05-20 15:10:21.311,1173360767,2877311,1,0.99268,-0.15625,0.37842,-1.748,-12.863,-3.45
2026-05-20 15:10:21.311,1173360767,2877311,2,1.04126,0.08911,0.26416,-17.679,-13.405,-8.809
2026-05-20 15:10:21.511,1173360967,2877511,1,0.99731,-0.12598,0.39868,1.87,-5.008,-3.084
2026-05-20 15:10:21.511,1173360967,2877511,2,0.98218,0.07007,0.26514,-2.313,8.473,-2.672
2026-05-20 15:10:21.711,1173361167,2877711,1,1.0061,-0.11279,0.40381,0.45,-1.298,2.679
2026-05-20 15:10:21.711,1173361167,2877711,2,0.94531,0.08813,0.29907,-1.847,3.847,2.573
2026-05-20 15:10:22.911,1173362367,2877911,1,0.99219,-0.13525,0.40845,-2.519,4.015,-6.267
2026-05-20 15:10:22.911,1173362367,2877911,2,0.9624,0.05444,0.29004,-1.153,-0.947,2.374
2026-05-20 15:10:22.111,1173361567,2878111,1,0.99658,-0.12573,0.42554,0.115,2.031,-0.191
2026-05-20 15:10:22.111,1173361567,2878111,2,0.96045,0.05884,0.27246,-1.092,1.084,1.122
2026-05-20 15:10:22.311,1173361767,2878311,1,0.99463,-0.12817,0.41821,-1.824,0.878,-1.168
2026-05-20 15:10:22.311,1173361767,2878311,2,0.96826,0.0686,0.28467,-4.069,-2.695,-0.405
2026-05-20 15:10:22.511,1173361967,2878511,1,0.99341,-0.12061,0.43018,0.916,1.42,-2.687
2026-05-20 15:10:22.511,1173361967,2878511,2,0.9668,0.06274,0.28662,-1.527,0.214,0.015
2026-05-20 15:10:22.711,1173362167,2878711,1,0.99756,-0.12207,0.4231,-0.931,2.305,-1.313
2026-05-20 15:10:22.711,1173362167,2878711,2,0.96753,0.06519,0.28809,-0.191,0.405,-0.008
2026-05-20 15:10:23.911,1173363367,2878911,1,0.98804,-0.11157,0.42285,0.527,0.557,-0.176
2026-05-20 15:10:23.911,1173363367,2878911,2,0.97095,0.07495,0.28638,-0.046,1.382,0.359
2026-05-20 15:10:23.111,1173362567,2879111,1,0.99072,-0.10645,0.42285,-2.214,1.13,-0.664
2026-05-20 15:10:23.111,1173362567,2879111,2,0.96899,0.06567,0.28125,-3.038,-0.092,0.389
2026-05-20 15:10:23.311,1173362767,2879311,1,0.99316,-0.11182,0.43823,-0.382,1.298,0.153
2026-05-20 15:10:23.311,1173362767,2879311,2,0.96631,0.07373,0.2854,-1.901,0.489,0.634
2026-05-20 15:10:23.530,1173362986,2879530,1,0.99097,-0.11353,0.43042,-0.634,0.183,-0.053
2026-05-20 15:10:23.530,1173362986,2879530,2,0.96899,0.07837,0.27783,-1.947,5.565,-0.153
2026-05-20 15:10:23.730,1173363186,2879730,1,1.00415,-0.07129,0.43311,12.252,-2.153,16.015
2026-05-20 15:10:23.730,1173363186,2879730,2,0.96533,0.10059,0.3291,14.214,15.351,3.374
2026-05-20 15:10:24.930,1173364386,2879930,1,1.03662,-0.08008,0.37988,-6.779,,9.023
2026-05-20 15:10:24.930,1173364386,2879930,2,0.97461,0.13916,0.36548,-21.74,-17.603,-0.237
2026-05-20 15:10:24.130,1173363586,2880130,1,0.95605,-0.21118,0.47095,3.672,5.237,-1.237
2026-05-20 15:10:24.130,1173363586,2880130,2,0.95093,0.05176,0.31372,13.947,5.679,1.557
2026-05-20 15:10:24.330,1173363786,2880330,1,0.98511,-0.1145,0.46509,0.42,0.344,2.023
2026-05-20 15:10:24.330,1173363786,2880330,2,0.95166,0.10327,0.30298,-0.718,5.962,2.389
2026-05-20 15:10:24.555,1173364011,2880555,1,0.99536,-0.15576,0.43481,1.344,1.74,-0.489
2026-05-20 15:10:24.555,1173364011,2880555,2,0.95581,0.0979,0.30469,-3.45,5.443,0.168
2026-05-20 15:10:25.755,1173365211,2880755,1,1.01904,-0.12549,0.45996,5.366,-2.389,3.206
2026-05-20 15:10:25.755,1173365211,2880755,2,0.94971,0.104,0.3186,3.092,6.687,4.45
2026-05-20 15:10:25.955,1173365411,2880955,1,0.96631,-0.15015,0.44678,-7.649,-2.595,-3.382
2026-05-20 15:10:25.955,1173365411,2880955,2,0.95117,0.08008,0.31714,-3.718,2.061,-0.183
2026-05-20 15:10:25.155,1173364611,2881155,1,0.97852,-0.16016,0.43848,6.718,-1.504,2.985
2026-05-20 15:10:25.155,1173364611,2881155,2,0.94507,0.11304,0.32031,5.649,8.977,3.794
2026-05-20 15:10:25.355,1173364811,2881355,1,0.98975,-0.14185,0.43481,-9.954,1.855,-6.046
2026-05-20 15:10:25.355,1173364811,2881355,2,0.94116,0.09668,0.3418,0.908,-4.29,-0.679
2026-05-20 15:10:25.555,1173365011,2881555,1,1.00024,-0.17212,0.43188,3.298,3.763,-2.176
2026-05-20 15:10:25.555,1173365011,2881555,2,0.94775,0.10449,0.34082,-2.893,4.031,-5.588
2026-05-20 15:10:26.755,1173366211,2881755,1,0.97607,-0.11475,0.49805,-15.305,6.153,-1.427
2026-05-20 15:10:26.755,1173366211,2881755,2,0.9082,0.11621,0.38452,-12.008,-4.519,-1.733
2026-05-20 15:10:26.955,1173366411,2881955,1,0.9895,-0.16479,0.45264,-30.947,-8.893,-4.351
2026-05-20 15:10:26.955,1173366411,2881955,2,0.91919,0.06641,0.41724,-3.573,-4.748,0.038
2026-05-20 15:10:26.155,1173365611,2882155,1,1.03296,-0.07788,0.35815,-10.496,0.519,-3.634
2026-05-20 15:10:26.155,1173365611,2882155,2,0.94482,0.09814,0.34961,-11.656,-12.076,1.626
2026-05-20 15:10:26.361,1173365817,2882361,1,0.97729,-0.13843,0.43237,-1.313,-0.71,0.687
2026-05-20 15:10:26.361,1173365817,2882361,2,0.91357,0.08887,0.38892,-5.656,-1.893,2.618
2026-05-20 15:10:26.561,1173366017,2882561,1,0.96143,-0.21606,0.43726,-5.802,10.046,-4.366
2026-05-20 15:10:26.561,1173366017,2882561,2,0.95874,0.05933,0.32031,-5.145,-5.656,-1.305
2026-05-20 15:10:27.761,1173367217,2882761,1,0.98755,-0.1687,0.43286,4.321,-0.115,-2.099
2026-05-20 15:10:27.761,1173367217,2882761,2,0.93823,0.09253,0.34473,-1.511,-3.42,-1.496
2026-05-20 15:10:27.961,1173367417,2882961,1,0.97925,-0.15283,0.44604,-1.458,0.916,-2.603
2026-05-20 15:10:27.961,1173367417,2882961,2,0.94067,0.08105,0.35303,-4.015,0.061,-0.458
2026-05-20 15:10:27.161,1173366617,2883161,1,0.98975,-0.16675,0.44312,-5.16,0.13,-1.626
2026-05-20 15:10:27.161,1173366617,2883161,2,0.94336,0.07837,0.33276,-5.198,-2.061,-0.237
2026-05-20 15:10:27.361,1173366817,2883361,1,0.99219,-0.14917,0.42822,2.198,0.435,0.168
2026-05-20 15:10:27.361,1173366817,2883361,2,0.94702,0.09058,0.3457,2.527,3.908,1.275
2026-05-20 15:10:27.561,1173367017,2883561,1,0.97559,-0.15479,0.44141,-0.969,2.198,0.305
2026-05-20 15:10:27.561,1173367017,2883561,2,0.93848,0.0769,0.34546,0.802,-1.389,2.374
2026-05-20 15:10:28.761,1173368217,2883761,1,0.98682,-0.15625,0.43896,-0.542,1.924,-0.824
2026-05-20 15:10:28.761,1173368217,2883761,2,0.95313,0.0769,0.3252,-1.817,-0.893,0.229
2026-05-20 15:10:28.961,1173368417,2883961,1,0.99023,-0.16626,0.43579,-1.901,2.29,0.137
2026-05-20 15:10:28.961,1173368417,2883961,2,0.91504,0.04614,0.63232,3.756,11.023,3.053
2026-05-20 15:10:30.631,1173370087,2886631,1,0.98389,-0.25562,0.47754,30.824,-24.435,-7.374
2026-05-20 15:10:30.631,1173370087,2886631,2,0.6897,0.03198,0.51099,7.069,4.687,-14.74
2026-05-20 15:10:31.831,1173371287,2886831,1,0.5354,0.00635,0.30786,26.412,-4.664,-6.015
2026-05-20 15:10:31.831,1173371287,2886831,2,0.67163,0.0354,0.37646,-0.244,-1.145,-1.542
2026-05-20 15:10:31.031,1173370487,2887031,1,1.02344,-0.17334,0.25513,2.298,-13.802,11.282
2026-05-20 15:10:31.031,1173370487,2887031,2,0.94629,0.19727,0.53198,-5.985,-21.718,-19.58
2026-05-20 15:10:31.231,1173370687,2887231,1,1.0542,-0.11743,0.22705,-15.061,-1.687,-1.588
2026-05-20 15:10:31.231,1173370687,2887231,2,0.93579,0.12793,0.48193,-8.221,9.023,-0.153
2026-05-20 15:10:31.431,1173370887,2887431,1,1.03394,-0.146,0.25635,-15.672,9.908,-5.969
2026-05-20 15:10:31.431,1173370887,2887431,2,0.88721,0.06299,0.42529,-7.244,-8.733,-2.565
2026-05-20 15:10:31.641,1173371097,2887641,1,1.03638,-0.12378,0.25342,2.817,0.634,2.13
2026-05-20 15:10:31.641,1173371097,2887641,2,0.90796,0.08179,0.40405,-4.656,-7.16,-1.023
2026-05-20 15:10:32.841,1173372297,2887841,1,1.03149,-0.12354,0.26709,-7.359,-1.176,1.244
2026-05-20 15:10:32.841,1173372297,2887841,2,0.9187,0.08423,0.38721,-8.397,-7.145,-1.679
2026-05-20 15:10:32.041,1173371497,2888041,1,1.03442,-0.1416,0.25586,-4.924,9.87,-2.328
2026-05-20 15:10:32.041,1173371497,2888041,2,0.95288,0.08984,0.33545,-5.176,-9.015,-2.359
2026-05-20 15:10:32.241,1173371697,2888241,1,1.02344,-0.13062,0.27856,3.137,2.588,-0.687
2026-05-20 15:10:32.241,1173371697,2888241,2,0.94189,0.09521,0.32642,0.328,0.557,1.275
2026-05-20 15:10:32.441,1173371897,2888441,1,1.03784,-0.12231,0.28369,-3.672,0.382,0.374
2026-05-20 15:10:32.441,1173371897,2888441,2,0.94434,0.08472,0.35596,-4.076,0.733,0.71
2026-05-20 15:10:32.641,1173372097,2888641,1,1.0249,-0.1394,0.2854,-3.55,4.015,-0.969
2026-05-20 15:10:32.641,1173372097,2888641,2,0.93799,0.07788,0.3418,-4.924,-2.122,-0.466
2026-05-20 15:10:33.841,1173373297,2888841,1,1.02686,-0.14063,0.27856,-2.489,3.351,-0.786
2026-05-20 15:10:33.841,1173373297,2888841,2,0.95313,0.07837,0.32275,-4.511,-2.153,-0.748
2026-05-20 15:10:33.041,1173372497,2889041,1,1.03003,-0.13794,0.28345,-1.237,2.435,0.908
2026-05-20 15:10:33.041,1173372497,2889041,2,0.95508,0.0708,0.31006,-2.786,-0.328,1.206
2026-05-20 15:10:33.241,1173372697,2889241,1,1.03223,-0.15088,0.28809,-0.786,2.55,0.115
2026-05-20 15:10:33.241,1173372697,2889241,2,0.95728,0.07373,0.32397,-0.901,-0.427,-0.84
2026-05-20 15:10:33.441,1173372897,2889441,1,1.02954,-0.14258,0.28906,1.626,2.786,1.061
2026-05-20 15:10:33.441,1173372897,2889441,2,0.95313,0.07788,0.31543,-0.42,1.794,2.122
2026-05-20 15:10:33.641,1173373097,2889641,1,1.02393,-0.14673,0.30078,-0.023,0.84,0.015
2026-05-20 15:10:33.641,1173373097,2889641,2,0.94067,0.06665,0.32642,-0.954,-0.565,0.924
2026-05-20 15:10:34.841,1173374297,2889841,1,1.02734,-0.14941,0.2981,1.794,2.55,0.198
2026-05-20 15:10:34.841,1173374297,2889841,2,0.94922,0.06812,0.32104,-3.0,0.374,0.427
2026-05-20 15:10:34.045,1173373501,2890045,1,1.02466,-0.15576,0.29761,-4.641,1.527,-0.695
2026-05-20 15:10:34.045,1173373501,2890045,2,0.94482,0.07275,0.3208,-3.183,-0.214,0.45
2026-05-20 15:10:34.245,1173373701,2890245,1,1.03125,-0.15601,0.29761,0.244,1.458,-1.618
2026-05-20 15:10:34.245,1173373701,2890245,2,0.95972,0.07178,0.32275,-1.0,-0.489,-0.725
2026-05-20 15:10:34.445,1173373901,2890445,1,1.02905,-0.14722,0.29834,-0.824,0.656,-0.618
2026-05-20 15:10:34.445,1173373901,2890445,2,0.95215,0.07251,0.32373,-0.985,-0.061,0.282
2026-05-20 15:10:34.645,1173374101,2890645,1,1.02808,-0.14526,0.29468,0.092,2.122,-0.977
2026-05-20 15:10:34.645,1173374101,2890645,2,0.94775,0.07495,0.31909,-1.13,0.321,0.122
2026-05-20 15:10:35.845,1173375301,2890845,1,1.02979,-0.13867,0.30151,-0.733,1.565,-0.779
2026-05-20 15:10:35.845,1173375301,2890845,2,0.95239,0.07642,0.323,-1.573,0.656,0.29
2026-05-20 15:10:35.045,1173374501,2891045,1,1.02295,-0.1416,0.30176,-1.55,0.855,-0.809
2026-05-20 15:10:35.045,1173374501,2891045,2,0.94897,0.07349,0.32275,-1.534,-0.328,-0.145
2026-05-20 15:10:35.245,1173374701,2891245,1,1.03442,-0.14404,0.29761,0.214,1.634,-0.076
2026-05-20 15:10:35.245,1173374701,2891245,2,0.95044,0.0752,0.31763,-1.153,0.435,1.031
2026-05-20 15:10:35.445,1173374901,2891445,1,1.02979,-0.14551,0.28516,-0.389,0.947,0.122
2026-05-20 15:10:35.445,1173374901,2891445,2,0.95142,0.06738,0.31543,-1.435,0.374,0.443
2026-05-20 15:10:35.645,1173375101,2891645,1,1.03174,-0.14697,0.29736,-0.435,1.649,0.71
2026-05-20 15:10:35.645,1173375101,2891645,2,0.9585,0.06641,0.31226,-0.901,0.076,0.954
2026-05-20 15:10:36.862,1173376318,2891862,1,1.02515,-0.15259,0.29321,-1.298,1.153,-0.496
2026-05-20 15:10:36.862,1173376318,2891862,2,0.95557,0.07739,0.31982,-1.603,0.527,0.84
2026-05-20 15:10:36.062,1173375518,2892062,1,1.02979,-0.14819,0.28394,-0.29,1.282,-0.489
2026-05-20 15:10:36.062,1173375518,2892062,2,0.95874,0.07373,0.31299,-1.237,0.107,0.359
2026-05-20 15:10:36.262,1173375718,2892262,1,1.02173,-0.14648,0.28931,-0.527,1.122,-0.26
2026-05-20 15:10:36.262,1173375718,2892262,2,0.9519,0.06299,0.31445,-1.321,0.313,0.496
2026-05-20 15:10:36.462,1173375918,2892462,1,1.02979,-0.14526,0.29834,1.046,2.527,-0.13
2026-05-20 15:10:36.462,1173375918,2892462,2,0.94873,0.0752,0.31616,-1.115,0.687,0.443
2026-05-20 15:10:36.662,1173376118,2892662,1,1.03052,-0.14941,0.29614,-0.588,1.71,0.092
2026-05-20 15:10:36.662,1173376118,2892662,2,0.95239,0.07544,0.31738,-1.359,0.649,0.824
2026-05-20 15:10:37.916,1173377372,2892916,1,1.02344,-0.15088,0.29004,-0.237,1.099,0.275
2026-05-20 15:10:37.916,1173377372,2892916,2,0.95508,0.07617,0.31445,-1.305,0.412,1.0
2026-05-20 15:10:37.116,1173376572,2893116,1,1.0271,-0.15308,0.29761,-0.031,1.015,-0.42
2026-05-20 15:10:37.116,1173376572,2893116,2,0.95776,0.0752,0.31592,-2.031,-0.336,-0.107
2026-05-20 15:10:37.316,1173376772,2893316,1,1.02686,-0.15479,0.29932,-1.038,1.519,-0.29
2026-05-20 15:10:37.316,1173376772,2893316,2,0.95313,0.07617,0.30127,-1.603,-0.45,0.466
2026-05-20 15:10:37.516,1173376972,2893516,1,1.03784,-0.14746,0.2915,1.45,1.863,0.992
2026-05-20 15:10:37.516,1173376972,2893516,2,0.95874,0.07544,0.29883,-2.061,0.153,1.069
2026-05-20 15:10:37.716,1173377172,2893716,1,1.03369,-0.16748,0.29297,-2.656,0.344,-0.153
2026-05-20 15:10:37.716,1173377172,2893716,2,0.96021,0.05688,0.31885,-1.382,0.221,-0.053
2026-05-20 15:10:38.916,1173378372,2893916,1,1.02271,-0.16138,0.29565,-0.359,1.847,-0.214
2026-05-20 15:10:38.916,1173378372,2893916,2,0.95728,0.06421,0.30884,-1.58,-0.42,0.313
2026-05-20 15:10:38.116,1173377572,2894116,1,1.02441,-0.16016,0.29248,0.389,0.473,0.061
2026-05-20 15:10:38.116,1173377572,2894116,2,0.95581,0.07275,0.3125,-0.359,0.397,0.931
2026-05-20 15:10:38.316,1173377772,2894316,1,1.02881,-0.1604,0.28955,0.115,0.565,-0.13
2026-05-20 15:10:38.316,1173377772,2894316,2,0.95972,0.06787,0.30908,-0.924,0.115,0.397
2026-05-20 15:10:38.516,1173377972,2894516,1,1.02905,-0.16577,0.29468,-1.092,1.107,-0.779
2026-05-20 15:10:38.516,1173377972,2894516,2,0.95581,0.07178,0.30225,-1.687,0.282,0.336
2026-05-20 15:10:38.716,1173378172,2894716,1,1.03394,-0.15942,0.28564,-1.015,1.733,-0.42
2026-05-20 15:10:38.716,1173378172,2894716,2,0.96265,0.06958,0.31006,-2.046,0.679,0.824
2026-05-20 15:10:39.916,1173379372,2894916,1,1.02588,-0.16455,0.2876,-1.076,0.985,-0.511
2026-05-20 15:10:39.916,1173379372,2894916,2,0.96143,0.06738,0.31982,-1.198,0.916,0.595
2026-05-20 15:10:39.116,1173378572,2895116,1,1.02393,-0.16309,0.28638,-0.847,2.649,-0.534
2026-05-20 15:10:39.116,1173378572,2895116,2,0.95923,0.07373,0.31787,-2.069,-0.176,0.015
2026-05-20 15:10:39.316,1173378772,2895316,1,1.02734,-0.15112,0.29956,,1.099,-0.656
2026-05-20 15:10:39.316,1173378772,2895316,2,0.95776,0.05811,0.30664,-1.153,0.229,1.275
2026-05-20 15:10:39.516,1173378972,2895516,1,1.02539,-0.15771,0.29688,-2.023,0.924,-0.282
2026-05-20 15:10:39.516,1173378972,2895516,2,0.95801,0.06372,0.30493,-0.863,0.756,0.374
2026-05-20 15:10:39.719,1173379175,2895719,1,1.03101,-0.15186,0.28979,-1.107,1.695,-1.046
2026-05-20 15:10:39.719,1173379175,2895719,2,0.94922,0.05811,0.31274,-2.374,-0.038,0.603
2026-05-20 15:10:40.919,1173380375,2895919,1,1.02222,-0.16797,0.2981,0.786,2.702,-0.527
2026-05-20 15:10:40.919,1173380375,2895919,2,0.96143,0.05664,0.302,-0.847,0.298,0.458
2026-05-20 15:10:40.119,1173379575,2896119,1,1.02368,-0.16406,0.30786,-1.069,0.313,0.29
2026-05-20 15:10:40.119,1173379575,2896119,2,0.95313,0.06104,0.30908,-1.664,0.412,0.511
2026-05-20 15:10:40.319,1173379775,2896319,1,1.02734,-0.1582,0.29614,0.771,1.153,-0.939
2026-05-20 15:10:40.319,1173379775,2896319,2,0.95654,0.05933,0.30884,-0.038,0.855,-0.168
2026-05-20 15:10:40.519,1173379975,2896519,1,1.02832,-0.16284,0.29956,-1.511,0.931,-0.26
2026-05-20 15:10:40.519,1173379975,2896519,2,0.95386,0.06616,0.31323,-1.878,1.069,1.206
2026-05-20 15:10:40.719,1173380175,2896719,1,1.03345,-0.16113,0.29419,0.496,0.878,-0.061
2026-05-20 15:10:40.719,1173380175,2896719,2,0.95679,0.05029,0.36133,-1.695,-4.008,-0.237
2026-05-20 15:10:41.919,1173381375,2896919,1,1.06787,-0.18164,0.29639,6.901,20.87,-2.695
2026-05-20 15:10:41.919,1173381375,2896919,2,0.89917,0.02783,0.34326,1.557,-19.908,2.282
2026-05-20 15:10:41.119,1173380575,2897119,1,0.74756,-0.08057,0.31152,17.344,68.496,1.275
2026-05-20 15:10:41.119,1173380575,2897119,2,0.77661,0.00391,0.26538,27.252,55.916,31.695
2026-05-20 15:10:41.319,1173380775,2897319,1,0.57251,-0.09033,0.73828,41.649,22.267,13.42
2026-05-20 15:10:41.319,1173380775,2897319,2,0.86646,0.09375,0.44189,24.122,33.916,12.29
2026-05-20 15:10:41.519,1173380975,2897519,1,0.93896,-0.12451,0.79272,-9.122,-35.634,1.206
2026-05-20 15:10:41.519,1173380975,2897519,2,1.25317,0.10913,0.36182,-14.244,-54.298,0.679
2026-05-20 15:10:41.719,1173381175,2897719,1,0.94043,-0.19775,0.4375,-4.954,-26.015,-1.748
2026-05-20 15:10:41.719,1173381175,2897719,2,0.89087,0.05298,0.29858,-15.725,-14.137,-5.519
2026-05-20 15:10:42.919,1173382375,2897919,1,1.01953,-0.14355,0.40234,-1.374,-6.267,-2.069
2026-05-20 15:10:42.919,1173382375,2897919,2,0.95898,0.05811,0.29736,-7.771,2.634,-2.382
2026-05-20 15:10:42.119,1173381575,2898119,1,1.0,-0.13379,0.38062,-5.641,-6.412,-0.557
2026-05-20 15:10:42.119,1173381575,2898119,2,0.96484,0.06421,0.30054,-6.931,-2.87,-0.061
2026-05-20 15:10:42.319,1173381775,2898319,1,1.01123,-0.14258,0.38428,0.87,2.817,-0.672
2026-05-20 15:10:42.319,1173381775,2898319,2,0.97632,0.07129,0.28149,0.893,-1.229,-0.328
2026-05-20 15:10:42.519,1173381975,2898519,1,0.99292,-0.14282,0.42017,0.214,2.748,-0.26
2026-05-20 15:10:42.519,1173381975,2898519,2,0.96289,0.07227,0.30542,-3.481,1.687,1.366
2026-05-20 15:10:42.719,1173382175,2898719,1,0.99487,-0.14087,0.41187,-3.595,2.992,-1.229
2026-05-20 15:10:42.719,1173382175,2898719,2,0.95044,0.06641,0.29541,-3.855,-0.473,-0.221
2026-05-20 15:10:43.919,1173383375,2898919,1,0.99609,-0.14771,0.42432,-3.489,2.977,-0.519
2026-05-20 15:10:43.919,1173383375,2898919,2,0.95483,0.06006,0.30444,-2.626,1.878,0.756
2026-05-20 15:10:43.119,1173382575,2899119,1,0.99121,-0.15649,0.43872,-0.595,1.885,-1.473
2026-05-20 15:10:43.119,1173382575,2899119,2,0.95239,0.06592,0.30029,-1.588,-0.695,-0.145
2026-05-20 15:10:43.319,1173382775,2899319,1,0.98926,-0.15918,0.42603,2.389,0.061,-1.382
2026-05-20 15:10:43.319,1173382775,2899319,2,0.95361,0.07617,0.29663,-1.153,0.321,-0.153
2026-05-20 15:10:43.519,1173382975,2899519,1,0.99805,-0.1167,0.41577,-0.122,1.153,-0.672
2026-05-20 15:10:43.519,1173382975,2899519,2,0.96582,0.07471,0.30005,-3.282,-0.534,0.053
2026-05-20 15:10:43.719,1173383175,2899719,1,0.99951,-0.14233,0.42456,-0.786,1.603,-0.542
2026-05-20 15:10:43.719,1173383175,2899719,2,0.96704,0.07153,0.29004,-0.214,2.015,0.588
2026-05-20 15:10:44.919,1173384375,2899919,1,0.98242,-0.14136,0.43311,0.809,0.885,-0.55
2026-05-20 15:10:44.919,1173384375,2899919,2,0.96118,0.07788,0.30713,1.084,2.901,1.405
2026-05-20 15:10:44.119,1173383575,2900119,1,0.99048,-0.13184,0.43945,0.771,2.069,0.885
2026-05-20 15:10:44.119,1173383575,2900119,2,0.95459,0.07593,0.31299,0.611,4.412,2.015
2026-05-20 15:10:44.319,1173383775,2900319,1,0.98291,-0.14087,0.42896,,-0.122,0.481
2026-05-20 15:10:44.319,1173383775,2900319,2,0.95679,0.06885,0.30396,4.779,3.893,2.588
2026-05-20 15:10:44.519,1173383975,2900519,1,0.99536,-0.14868,0.42285,-0.214,-0.435,1.359
2026-05-20 15:10:44.519,1173383975,2900519,2,0.95117,0.06836,0.32373,-1.183,0.992,1.084
2026-05-20 15:10:44.719,1173384175,2900719,1,0.98926,-0.15356,0.42407,,2.244,0.519
2026-05-20 15:10:44.719,1173384175,2900719,2,0.95874,0.07275,0.32031,-1.366,0.053,0.618
2026-05-20 15:10:45.919,1173385375,2900919,1,0.99023,-0.15845,0.41748,0.458,-0.198,0.053
2026-05-20 15:10:45.919,1173385375,2900919,2,0.94995,0.06689,0.31934,-1.0,0.534,0.405
2026-05-20 15:10:45.119,1173384575,2901119,1,0.98608,-0.15503,0.43311,-0.298,1.534,0.168
2026-05-20 15:10:45.119,1173384575,2901119,2,0.9541,0.06812,0.32227,-2.183,-0.382,-0.061
2026-05-20 15:10:45.368,1173384824,2901368,1,0.99414,-0.14697,0.42041,0.969,2.924,-1.321
2026-05-20 15:10:45.368,1173384824,2901368,2,0.95215,0.07642,0.30396,-1.809,-0.817,-0.58
2026-05-20 15:10:45.568,1173385024,2901568,1,0.98682,-0.15479,0.42529,-2.931,1.481,-0.405
2026-05-20 15:10:45.568,1173385024,2901568,2,0.9563,0.07495,0.29858,-2.137,-1.176,-0.298
2026-05-20 15:10:46.768,1173386224,2901768,1,0.9939,-0.15283,0.43237,0.542,-1.092,-0.901
2026-05-20 15:10:46.768,1173386224,2901768,2,0.95581,0.07275,0.30786,-0.252,-0.977,0.122
2026-05-20 15:10:46.968,1173386424,2901968,1,0.9895,-0.15283,0.41919,0.237,1.26,-0.519
2026-05-20 15:10:46.968,1173386424,2901968,2,0.95654,0.07959,0.31372,-0.969,0.511,0.695
2026-05-20 15:10:46.168,1173385624,2902168,1,0.99194,-0.15527,0.41846,-1.664,2.802,-0.42
2026-05-20 15:10:46.168,1173385624,2902168,2,0.95947,0.07617,0.29492,-2.038,1.267,0.817
2026-05-20 15:10:46.368,1173385824,2902368,1,0.9917,-0.14624,0.42261,-0.137,1.893,-0.183
2026-05-20 15:10:46.368,1173385824,2902368,2,0.95435,0.07056,0.31567,-1.672,-0.359,0.695
2026-05-20 15:10:46.568,1173386024,2902568,1,0.99341,-0.14502,0.42456,0.252,1.412,-0.145
2026-05-20 15:10:46.568,1173386024,2902568,2,0.94995,0.07764,0.32129,-3.855,-0.267,0.962
2026-05-20 15:10:47.768,1173387224,2902768,1,0.98535,-0.15405,0.42456,0.145,2.26,-0.206
2026-05-20 15:10:47.768,1173387224,2902768,2,0.95703,0.06958,0.302,-1.366,-0.198,-0.038
2026-05-20 15:10:47.968,1173387424,2902968,1,0.98706,-0.14722,0.43018,-0.557,4.198,-0.595
2026-05-20 15:10:47.968,1173387424,2902968,2,0.9563,0.07813,0.30884,-4.489,-1.183,-0.832
2026-05-20 15:10:47.168,1173386624,2903168,1,0.98706,-0.14551,0.4375,0.618,-0.328,0.046
2026-05-20 15:10:47.168,1173386624,2903168,2,0.95679,0.06592,0.30762,-1.504,0.573,1.122
2026-05-20 15:10:47.368,1173386824,2903368,1,0.98975,-0.15063,0.41992,-0.511,1.939,0.771
2026-05-20 15:10:47.368,1173386824,2903368,2,0.95483,0.07568,0.30957,-1.13,0.214,0.832
2026-05-20 15:10:47.568,1173387024,2903568,1,0.99438,-0.14648,0.42334,-0.076,0.87,-0.534
2026-05-20 15:10:47.568,1173387024,2903568,2,0.9585,0.073,0.30176,-2.397,1.412,0.893
2026-05-20 15:10:48.768,1173388224,2903768,1,0.99805,-0.1521,0.42432,-0.702,3.748,-0.458
2026-05-20 15:10:48.768,1173388224,2903768,2,0.95508,0.07544,0.31421,-2.969,-1.954,-1.405
2026-05-20 15:10:48.968,1173388424,2903968,1,0.98657,-0.14526,0.41724,-0.267,1.038,-0.443
2026-05-20 15:10:48.968,1173388424,2903968,2,0.95532,0.07788,0.30298,-1.588,-0.214,0.382
2026-05-20 15:10:48.168,1173387624,2904168,1,0.99707,-0.15259,0.41235,-1.878,-2.405,-0.168
2026-05-20 15:10:48.168,1173387624,2904168,2,0.97266,0.07373,0.29956,2.809,1.893,0.328
2026-05-20 15:10:48.368,1173387824,2904368,1,0.98486,-0.14014,0.41138,1.382,-3.275,1.794
2026-05-20 15:10:48.368,1173387824,2904368,2,0.94629,0.09033,0.32471,1.13,3.695,1.481
2026-05-20 15:10:48.568,1173388024,2904568,1,0.99341,-0.15869,0.4104,-0.397,1.779,0.008
2026-05-20 15:10:48.568,1173388024,2904568,2,0.95361,0.08008,0.31055,-1.427,0.183,0.328
2026-05-20 15:10:49.768,1173389224,2904768,1,0.99536,-0.15454,0.40576,-0.099,1.374,-0.076
2026-05-20 15:10:49.768,1173389224,2904768,2,0.95874,0.08154,0.33154,-1.885,-0.023,0.718
2026-05-20 15:10:49.968,1173389424,2904968,1,0.99902,-0.15015,0.40161,-1.733,1.58,-0.412
2026-05-20 15:10:49.968,1173389424,2904968,2,0.95386,0.07959,0.30664,-2.718,-0.252,0.603
2026-05-20 15:10:49.168,1173388624,2905168,1,0.9917,-0.15967,0.41699,0.137,3.015,-0.405
2026-05-20 15:10:49.168,1173388624,2905168,2,0.95313,0.08301,0.3103,-1.252,0.496,0.542
2026-05-20 15:10:49.368,1173388824,2905368,1,0.98535,-0.1543,0.40698,0.405,0.344,1.015
2026-05-20 15:10:49.368,1173388824,2905368,2,0.94922,0.09009,0.31396,1.046,1.13,0.908
2026-05-20 15:10:49.568,1173389024,2905568,1,0.99512,-0.15649,0.41431,-2.573,3.252,-2.015
2026-05-20 15:10:49.568,1173389024,2905568,2,0.95605,0.073,0.32788,-2.748,0.458,0.58
2026-05-20 15:10:50.768,1173390224,2905768,1,0.99268,-0.1626,0.41846,0.267,0.55,0.573
2026-05-20 15:10:50.768,1173390224,2905768,2,0.94897,0.08911,0.30566,-2.641,-0.076,0.412
2026-05-20 15:10:50.968,1173390424,2905968,1,0.98877,-0.16382,0.41553,-0.191,1.656,-0.695
2026-05-20 15:10:50.968,1173390424,2905968,2,0.95898,0.08472,0.29761,-4.824,-3.099,-0.87
2026-05-20 15:10:50.168,1173389624,2906168,1,0.99634,-0.15576,0.43335,0.137,0.26,0.046
2026-05-20 15:10:50.168,1173389624,2906168,2,0.95288,0.08228,0.30371,-1.221,0.504,0.466
2026-05-20 15:10:50.368,1173389824,2906368,1,0.99194,-0.15674,0.42822,-0.061,2.038,-0.779
2026-05-20 15:10:50.368,1173389824,2906368,2,0.96265,0.08032,0.30615,-1.504,,0.252
2026-05-20 15:10:50.568,1173390024,2906568,1,0.98389,-0.16895,0.40991,-1.664,4.779,-0.305
2026-05-20 15:10:50.568,1173390024,2906568,2,0.98657,0.07471,0.31714,-4.229,2.763,-1.809
2026-05-20 15:10:51.768,1173391224,2906768,1,1.13135,-0.19141,0.33691,12.511,18.313,-4.351
2026-05-20 15:10:51.768,1173391224,2906768,2,1.3418,0.15942,0.18994,16.382,29.84,-1.794
2026-05-20 15:10:51.968,1173391424,2906968,1,1.03442,-0.08228,0.61084,-23.527,-11.145,-8.84
2026-05-20 15:10:51.968,1173391424,2906968,2,0.87305,0.17114,0.63843,-37.893,14.031,-24.664
2026-05-20 15:10:51.168,1173390624,2907168,1,0.91528,-0.14478,0.41895,-5.595,-1.817,-10.13
2026-05-20 15:10:51.168,1173390624,2907168,2,0.62988,0.02319,0.41528,-25.916,5.053,-30.168
2026-05-20 15:10:51.368,1173390824,2907368,1,0.83032,-0.09277,0.38721,-21.351,-31.229,-2.244
2026-05-20 15:10:51.368,1173390824,2907368,2,0.81152,0.01636,0.52051,-5.053,-20.74,10.038
2026-05-20 15:10:51.568,1173391024,2907568,1,1.00635,-0.11841,0.28833,-3.603,-8.649,-1.206
2026-05-20 15:10:51.568,1173391024,2907568,2,0.9126,0.0686,0.33374,-6.878,-24.267,-8.313
2026-05-20 15:10:52.768,1173392224,2907768,1,1.10474,-0.15088,0.25366,-6.29,-4.198,-4.26
2026-05-20 15:10:52.768,1173392224,2907768,2,0.89893,0.10815,0.35522,0.802,-27.634,5.183
2026-05-20 15:10:52.968,1173392424,2907968,1,1.06982,-0.11719,0.26465,-2.878,-3.588,0.29
2026-05-20 15:10:52.968,1173392424,2907968,2,0.95313,0.05249,0.42554,0.45,2.29,8.992
2026-05-20 15:10:52.168,1173391624,2908168,1,1.02197,-0.15015,0.29443,3.695,10.313,3.748
2026-05-20 15:10:52.168,1173391624,2908168,2,0.90796,0.05469,0.4082,0.275,2.313,1.26
2026-05-20 15:10:52.368,1173391824,2908368,1,1.00317,-0.13159,0.29858,3.496,4.061,0.916
2026-05-20 15:10:52.368,1173391824,2908368,2,0.92383,0.07275,0.38037,0.893,-5.458,2.405
2026-05-20 15:10:52.568,1173392024,2908568,1,1.0376,-0.1272,0.29053,-1.878,3.634,-0.229
2026-05-20 15:10:52.568,1173392024,2908568,2,0.93506,0.07227,0.35303,-5.985,-4.031,-0.366
2026-05-20 15:10:53.768,1173393224,2908768,1,1.02124,-0.15771,0.28027,-8.504,0.252,-3.359
2026-05-20 15:10:53.768,1173393224,2908768,2,0.93774,0.06641,0.34668,-5.924,-2.718,-2.672
2026-05-20 15:10:53.026,1173392482,2909026,1,1.03931,-0.17212,0.30811,2.855,3.702,-0.534
2026-05-20 15:10:53.026,1173392482,2909026,2,0.94189,0.05688,0.33911,-3.962,-1.679,-0.168
2026-05-20 15:10:53.226,1173392682,2909226,1,1.0249,-0.15381,0.30933,-2.809,1.374,1.229
2026-05-20 15:10:53.226,1173392682,2909226,2,0.9458,0.0625,0.33618,-2.695,1.061,1.191
2026-05-20 15:10:53.426,1173392882,2909426,1,1.02905,-0.18433,0.30322,-3.626,0.351,-0.115
2026-05-20 15:10:53.426,1173392882,2909426,2,0.94556,0.05981,0.33691,-2.252,2.366,0.145
2026-05-20 15:10:53.626,1173393082,2909626,1,1.02026,-0.15894,0.29907,4.542,0.214,0.87
2026-05-20 15:10:53.626,1173393082,2909626,2,0.94775,0.06006,0.34326,2.527,-0.885,0.855
2026-05-20 15:10:54.826,1173394282,2909826,1,1.02881,-0.15161,0.28198,0.229,0.748,-0.344
2026-05-20 15:10:54.826,1173394282,2909826,2,0.93872,0.0791,0.34399,0.015,0.008,0.809
2026-05-20 15:10:54.026,1173393482,2910026,1,1.03516,-0.13721,0.28662,0.412,0.954,-0.84
2026-05-20 15:10:54.026,1173393482,2910026,2,0.94482,0.07007,0.33618,-0.947,0.634,-0.511
2026-05-20 15:10:54.226,1173393682,2910226,1,1.02417,-0.1543,0.28003,-2.397,2.023,-1.023
2026-05-20 15:10:54.226,1173393682,2910226,2,0.95605,0.07202,0.34937,-1.84,-0.611,-0.664
2026-05-20 15:10:54.426,1173393882,2910426,1,1.02539,-0.13428,0.28931,-2.863,0.931,0.137
2026-05-20 15:10:54.426,1173393882,2910426,2,0.94873,0.06323,0.33032,-2.634,-0.412,0.55
2026-05-20 15:10:54.626,1173394082,2910626,1,1.02075,-0.15625,0.29736,0.756,3.053,-0.16
2026-05-20 15:10:54.626,1173394082,2910626,2,0.9502,0.06421,0.3335,-0.015,-1.0,0.466
2026-05-20 15:10:55.826,1173395282,2910826,1,1.06714,-0.15234,0.29248,0.328,3.183,-0.031
2026-05-20 15:10:55.826,1173395282,2910826,2,0.95459,0.0647,0.33179,-1.718,-1.924,1.885
2026-05-20 15:10:55.026,1173394482,2911026,1,1.03491,-0.16187,0.2854,-0.656,-0.58,0.305
2026-05-20 15:10:55.026,1173394482,2911026,2,0.95068,0.06763,0.32642,-2.557,-0.176,-0.336
2026-05-20 15:10:55.226,1173394682,2911226,1,1.02148,-0.15942,0.29346,-0.84,2.969,-1.534
2026-05-20 15:10:55.226,1173394682,2911226,2,0.95654,0.06152,0.31787,-2.55,-1.038,-0.153
2026-05-20 15:10:55.426,1173394882,2911426,1,1.0249,-0.15137,0.29102,-0.863,1.305,-0.664
2026-05-20 15:10:55.426,1173394882,2911426,2,0.95508,0.06567,0.3186,-1.076,1.313,0.557
2026-05-20 15:10:55.626,1173395082,2911626,1,1.02905,-0.15308,0.30615,-0.221,1.427,0.405
2026-05-20 15:10:55.626,1173395082,2911626,2,0.95166,0.0647,0.32227,-1.344,1.405,1.183
2026-05-20 15:10:56.826,1173396282,2911826,1,1.03101,-0.15869,0.3042,-0.023,1.824,-0.641
2026-05-20 15:10:56.826,1173396282,2911826,2,0.95117,0.06445,0.32373,-0.947,0.786,-0.115
2026-05-20 15:10:56.026,1173395482,2912026,1,1.03394,-0.15112,0.29053,-2.145,2.504,-1.427
2026-05-20 15:10:56.026,1173395482,2912026,2,0.94385,0.06323,0.32568,-1.557,-0.397,0.58
2026-05-20 15:10:56.226,1173395682,2912226,1,1.02319,-0.14404,0.30688,-0.542,2.313,-1.061
2026-05-20 15:10:56.226,1173395682,2912226,2,0.95166,0.07153,0.32129,-1.656,0.389,0.252
2026-05-20 15:10:56.426,1173395882,2912426,1,1.03101,-0.14771,0.30518,-0.87,1.176,-0.328
2026-05-20 15:10:56.426,1173395882,2912426,2,0.95361,0.06445,0.3208,-1.115,1.008,0.489
2026-05-20 15:10:56.626,1173396082,2912626,1,1.02686,-0.15552,0.30078,0.634,0.992,0.298
2026-05-20 15:10:56.626,1173396082,2912626,2,0.948,0.06714,0.32886,-0.901,0.427,0.359
2026-05-20 15:10:57.826,1173397282,2912826,1,1.03052,-0.14697,0.31372,-1.534,0.901,0.244
2026-05-20 15:10:57.826,1173397282,2912826,2,0.9502,0.06519,0.32446,-1.534,0.611,0.756
2026-05-20 15:10:57.026,1173396482,2913026,1,1.03247,-0.15308,0.29224,-1.076,2.489,-1.878
2026-05-20 15:10:57.026,1173396482,2913026,2,0.95166,0.06543,0.33252,-1.275,0.176,-0.267
2026-05-20 15:10:57.226,1173396682,2913226,1,1.03101,-0.14746,0.28564,-1.153,-0.885,0.305
2026-05-20 15:10:57.226,1173396682,2913226,2,0.95117,0.06909,0.32178,-1.412,0.153,0.733
2026-05-20 15:10:57.426,1173396882,2913426,1,1.03491,-0.15845,0.29907,-0.473,1.13,-0.985
2026-05-20 15:10:57.426,1173396882,2913426,2,0.95117,0.06934,0.32056,-0.687,0.084,0.008
2026-05-20 15:10:57.626,1173397082,2913626,1,1.0271,-0.15479,0.30151,-1.908,2.779,-0.397
2026-05-20 15:10:57.626,1173397082,2913626,2,0.94922,0.06689,0.32349,-1.733,0.504,0.87
2026-05-20 15:10:58.826,1173398282,2913826,1,1.02393,-0.15015,0.30615,0.489,0.924,0.076
2026-05-20 15:10:58.826,1173398282,2913826,2,0.94678,0.05908,0.3313,-1.74,0.634,0.832
2026-05-20 15:10:58.026,1173397482,2914026,1,1.02539,-0.1626,0.30127,-0.832,3.443,0.076
2026-05-20 15:10:58.026,1173397482,2914026,2,0.948,0.0647,0.3269,-1.275,0.351,0.45
2026-05-20 15:10:58.226,1173397682,2914226,1,1.03003,-0.15991,0.30566,1.13,1.779,0.267
2026-05-20 15:10:58.226,1173397682,2914226,2,0.94873,0.06348,0.32471,-1.084,0.053,0.183
2026-05-20 15:10:58.426,1173397882,2914426,1,1.02295,-0.16821,0.30078,2.901,-0.435,0.55
2026-05-20 15:10:58.426,1173397882,2914426,2,0.94507,0.06494,0.32471,-0.107,-0.046,-1.687
2026-05-20 15:10:58.626,1173398082,2914626,1,1.02295,-0.16162,0.30884,-0.786,1.42,-1.084
2026-05-20 15:10:58.626,1173398082,2914626,2,0.95093,0.07642,0.31885,-2.137,-0.092,1.397
2026-05-20 15:10:59.826,1173399282,2914826,1,1.02881,-0.16577,0.29932,0.328,1.87,-1.069
2026-05-20 15:10:59.826,1173399282,2914826,2,0.95581,0.07129,0.32617,-1.794,-0.55,0.107
2026-05-20 15:10:59.026,1173398482,2915026,1,1.02295,-0.16431,0.30127,-0.718,2.42,-0.55
2026-05-20 15:10:59.026,1173398482,2915026,2,0.95142,0.06836,0.31348,-0.901,-0.053,0.206
2026-05-20 15:10:59.226,1173398682,2915226,1,1.03052,-0.16089,0.29932,0.603,2.313,-0.076
2026-05-20 15:10:59.226,1173398682,2915226,2,0.95825,0.06665,0.32007,-0.656,0.626,0.504
2026-05-20 15:10:59.426,1173398882,2915426,1,1.02783,-0.16309,0.30103,-0.412,-0.053,-0.71
2026-05-20 15:10:59.426,1173398882,2915426,2,0.95044,0.06274,0.31885,-0.656,0.985,0.015
2026-05-20 15:10:59.626,1173399082,2915626,1,1.01733,-0.15454,0.30029,-1.191,2.267,-1.588
2026-05-20 15:10:59.626,1173399082,2915626,2,0.95581,0.07129,0.32739,-1.305,0.031,0.191
2026-05-20 15:11:00.826,1173400282,2915826,1,1.02661,-0.15698,0.30249,0.511,1.221,-0.824
2026-05-20 15:11:00.826,1173400282,2915826,2,0.9502,0.07104,0.323,-0.908,0.458,0.221
2026-05-20 15:11:00.026,1173399482,2916026,1,1.02515,-0.1543,0.31128,-0.481,0.305,-0.695
2026-05-20 15:11:00.026,1173399482,2916026,2,0.95215,0.07324,0.32227,-0.985,0.511,0.817
2026-05-20 15:11:00.226,1173399682,2916226,1,1.02979,-0.1543,0.28882,-0.611,0.672,0.069
2026-05-20 15:11:00.226,1173399682,2916226,2,0.94946,0.07056,0.3147,-1.092,0.824,0.916
2026-05-20 15:11:00.426,1173399882,2916426,1,1.02051,-0.15698,0.30884,-0.969,0.679,0.13
2026-05-20 15:11:00.426,1173399882,2916426,2,0.94824,0.06836,0.3291,-1.718,0.084,0.458
2026-05-20 15:11:00.626,1173400082,2916626,1,1.02124,-0.16138,0.29956,-0.176,1.969,-0.069
2026-05-20 15:11:00.626,1173400082,2916626,2,0.948,0.06812,0.32104,-1.481,-0.229,0.664
2026-05-20 15:11:01.826,1173401282,2916826,1,1.03076,-0.15015,0.30371,-0.931,2.107,-0.115
2026-05-20 15:11:01.826,1173401282,2916826,2,0.95703,0.06323,0.32129,-1.214,0.168,0.443
2026-05-20 15:11:01.026,1173400482,2917026,1,1.02808,-0.15894,0.3103,-0.427,1.405,0.16
2026-05-20 15:11:01.026,1173400482,2917026,2,0.94873,0.06421,0.31812,-1.748,0.328,0.344
2026-05-20 15:11:01.226,1173400682,2917226,1,1.0791,-0.17285,0.31958,1.863,-0.527,1.542
2026-05-20 15:11:01.226,1173400682,2917226,2,0.97021,0.05444,0.42188,-3.656,-13.061,-0.656
2026-05-20 15:11:01.426,1173400882,2917426,1,0.90503,-0.14502,0.30835,-1.481,54.969,-4.466
2026-05-20 15:11:01.426,1173400882,2917426,2,0.79395,-0.0498,0.30615,8.359,-53.305,10.137
2026-05-20 15:11:01.626,1173401082,2917626,1,0.72607,-0.11963,0.52393,15.931,62.649,7.733
2026-05-20 15:11:01.626,1173401082,2917626,2,0.71655,-0.03564,0.39282,53.55,70.344,30.611
2026-05-20 15:11:02.826,1173402282,2917826,1,0.75903,-0.06445,0.97314,0.336,7.137,2.412
2026-05-20 15:11:02.826,1173402282,2917826,2,0.81738,0.10449,0.58154,-0.42,-25.153,-5.298
2026-05-20 15:11:02.026,1173401482,2918026,1,1.17236,-0.20093,0.60498,10.069,-64.084,6.992
2026-05-20 15:11:02.026,1173401482,2918026,2,1.27759,0.14624,0.29761,-16.206,-32.466,-9.466
2026-05-20 15:11:02.226,1173401682,2918226,1,1.01904,-0.13623,0.37573,8.519,-45.534,0.534
2026-05-20 15:11:02.226,1173401682,2918226,2,1.00806,0.08008,0.32495,-4.038,-27.366,-19.74
2026-05-20 15:11:02.426,1173401882,2918426,1,1.00513,-0.12964,0.35767,-5.802,-6.115,-2.847
2026-05-20 15:11:02.426,1173401882,2918426,2,1.01563,0.0957,0.28564,-11.718,-3.702,-1.183
2026-05-20 15:11:02.626,1173402082,2918626,1,1.0188,-0.14404,0.38599,-2.107,1.74,-1.847
2026-05-20 15:11:02.626,1173402082,2918626,2,0.95703,0.10449,0.30835,-2.656,2.481,-1.511
2026-05-20 15:11:03.826,1173403282,2918826,1,1.01465,-0.13013,0.37817,-1.809,4.496,-1.16
2026-05-20 15:11:03.826,1173403282,2918826,2,0.95605,0.10474,0.31934,-0.916,3.71,-0.817
2026-05-20 15:11:03.026,1173402482,2919026,1,1.00317,-0.12476,0.40698,-3.55,1.611,-2.351
2026-05-20 15:11:03.026,1173402482,2919026,2,0.94531,0.10986,0.32471,-4.557,8.504,0.099
2026-05-20 15:11:03.226,1173402682,2919226,1,1.00269,-0.12915,0.41333,-4.695,2.015,-2.122
2026-05-20 15:11:03.226,1173402682,2919226,2,0.95068,0.08862,0.35498,-2.031,-1.565,1.275
2026-05-20 15:11:03.426,1173402882,2919426,1,0.98608,-0.13696,0.4231,-0.092,3.733,-0.351
2026-05-20 15:11:03.426,1173402882,2919426,2,0.94556,0.10132,0.33667,-1.427,1.229,1.13
2026-05-20 15:11:03.626,1173403082,2919626,1,1.00122,-0.11475,0.40308,-4.244,2.985,-4.015
2026-05-20 15:11:03.626,1173403082,2919626,2,0.93823,0.07324,0.32324,-7.046,-4.244,1.527
2026-05-20 15:11:04.826,1173404282,2919826,1,0.99878,-0.13184,0.40723,2.305,-0.618,0.366
2026-05-20 15:11:04.826,1173404282,2919826,2,0.93848,0.08057,0.33936,0.916,6.412,0.435
2026-05-20 15:11:04.026,1173403482,2920026,1,1.0061,-0.11328,0.3999,-3.542,4.275,0.153
2026-05-20 15:11:04.026,1173403482,2920026,2,0.94458,0.09692,0.33667,-3.053,-2.061,0.924
2026-05-20 15:11:04.226,1173403682,2920226,1,1.00195,-0.12598,0.41528,1.756,0.588,1.267
2026-05-20 15:11:04.226,1173403682,2920226,2,0.94141,0.07764,0.354,-2.969,-0.931,0.221
2026-05-20 15:11:04.426,1173403882,2920426,1,0.97998,-0.12134,0.4082,0.557,4.122,-0.939
2026-05-20 15:11:04.426,1173403882,2920426,2,0.94409,0.07471,0.34302,1.481,-2.031,3.397
2026-05-20 15:11:04.626,1173404082,2920626,1,0.99561,-0.12549,0.41235,3.061,-0.092,2.008
2026-05-20 15:11:04.626,1173404082,2920626,2,0.96143,0.08618,0.30029,-2.756,0.649,-3.656
2026-05-20 15:11:05.826,1173405282,2920826,1,1.00488,-0.12817,0.40308,-5.29,-0.786,-0.527
2026-05-20 15:11:05.826,1173405282,2920826,2,0.94727,0.08374,0.36157,-3.466,-3.885,2.557
2026-05-20 15:11:05.026,1173404482,2921026,1,0.9917,-0.13647,0.40186,0.176,0.947,0.061
2026-05-20 15:11:05.026,1173404482,2921026,2,0.94092,0.08789,0.35278,0.267,1.824,0.084
2026-05-20 15:11:05.226,1173404682,2921226,1,1.00024,-0.11694,0.40112,-1.069,0.573,-3.008
2026-05-20 15:11:05.226,1173404682,2921226,2,0.94629,0.08325,0.35303,-0.748,0.015,0.382
2026-05-20 15:11:05.426,1173404882,2921426,1,1.00073,-0.12451,0.41211,-1.229,1.038,-0.099
2026-05-20 15:11:05.426,1173404882,2921426,2,0.94507,0.1001,0.36572,-0.595,-2.282,1.527
2026-05-20 15:11:05.626,1173405082,2921626,1,0.98926,-0.12427,0.40186,0.908,2.084,-1.267
2026-05-20 15:11:05.626,1173405082,2921626,2,0.93677,0.08545,0.34448,3.71,0.947,5.817
2026-05-20 15:11:06.826,1173406282,2921826,1,0.99072,-0.12695,0.40771,5.366,1.557,-0.16
2026-05-20 15:11:06.826,1173406282,2921826,2,0.95532,0.08691,0.30908,6.099,-4.351,0.687
2026-05-20 15:11:06.026,1173405482,2922026,1,0.99756,-0.10547,0.42065,0.725,-0.687,0.389
2026-05-20 15:11:06.026,1173405482,2922026,2,0.98999,0.10742,0.29639,4.489,-13.305,3.489
2026-05-20 15:11:06.226,1173405682,2922226,1,0.98291,-0.12988,0.3916,-6.336,-0.947,-1.519
2026-05-20 15:11:06.226,1173405682,2922226,2,0.93335,0.0625,0.31812,-13.176,-2.748,-3.939
2026-05-20 15:11:06.426,1173405882,2922426,1,1.00635,-0.12915,0.40576,1.382,3.611,3.71
2026-05-20 15:11:06.426,1173405882,2922426,2,0.95337,0.11353,0.30322,12.115,2.481,-1.191
2026-05-20 15:11:06.626,1173406082,2922626,1,1.0083,-0.12573,0.39404,1.45,-3.443,-4.389
2026-05-20 15:11:06.626,1173406082,2922626,2,0.9353,0.10449,0.32373,0.221,4.893,-0.122
2026-05-20 15:11:07.826,1173407282,2922826,1,1.01392,-0.10376,0.3877,2.252,5.412,-0.992
2026-05-20 15:11:07.826,1173407282,2922826,2,0.94385,0.10498,0.32471,-1.771,-6.634,0.557
2026-05-20 15:11:07.026,1173406482,2923026,1,0.9917,-0.11328,0.39307,-0.137,2.763,0.878
2026-05-20 15:11:07.026,1173406482,2923026,2,0.95972,0.11304,0.31079,-3.802,-0.023,0.893
2026-05-20 15:11:07.226,1173406682,2923226,1,1.00586,-0.11499,0.39575,-1.305,2.702,-0.519
2026-05-20 15:11:07.226,1173406682,2923226,2,0.94556,0.09131,0.32056,-3.031,0.305,0.725
2026-05-20 15:11:07.426,1173406882,2923426,1,0.99951,-0.1062,0.39917,-0.603,0.847,0.756
2026-05-20 15:11:07.426,1173406882,2923426,2,0.9519,0.10278,0.31299,-1.221,2.015,0.664
2026-05-20 15:11:07.626,1173407082,2923626,1,1.00513,-0.12061,0.40332,-1.252,1.985,-0.74
2026-05-20 15:11:07.626,1173407082,2923626,2,0.95288,0.1001,0.32104,-1.634,0.878,0.771
2026-05-20 15:11:08.826,1173408282,2923826,1,0.99927,-0.125,0.40527,0.221,1.42,0.344
2026-05-20 15:11:08.826,1173408282,2923826,2,0.94873,0.10059,0.32837,-0.42,0.916,0.298
2026-05-20 15:11:08.026,1173407482,2924026,1,1.0127,-0.11328,0.40381,-2.519,0.939,0.328
2026-05-20 15:11:08.026,1173407482,2924026,2,0.94849,0.09619,0.31812,-1.473,0.855,0.985
2026-05-20 15:11:08.226,1173407682,2924226,1,1.00854,-0.13184,0.3999,-1.252,2.55,-0.954
2026-05-20 15:11:08.226,1173407682,2924226,2,0.94775,0.09692,0.31519,-0.901,-0.977,0.328
2026-05-20 15:11:08.426,1173407882,2924426,1,1.00854,-0.10962,0.4082,-0.55,3.962,-1.74
2026-05-20 15:11:08.426,1173407882,2924426,2,0.95215,0.09448,0.31934,-2.595,-1.405,0.626
2026-05-20 15:11:08.626,1173408082,2924626,1,0.99951,-0.11377,0.41406,-0.58,-1.87,-0.924
2026-05-20 15:11:08.626,1173408082,2924626,2,0.94727,0.09766,0.31177,-1.885,0.153,-0.435
2026-05-20 15:11:09.826,1173409282,2924826,1,1.00024,-0.11108,0.41089,0.733,2.71,-0.649
2026-05-20 15:11:09.826,1173409282,2924826,2,0.94604,0.10498,0.31567,-2.046,0.237,-0.076
2026-05-20 15:11:09.026,1173408482,2925026,1,0.99805,-0.11523,0.42017,-0.618,0.473,-0.718
2026-05-20 15:11:09.026,1173408482,2925026,2,0.94824,0.10547,0.31372,-0.901,-0.069,0.611
2026-05-20 15:11:09.226,1173408682,2925226,1,0.99561,-0.11353,0.41211,-0.191,1.237,-0.405
2026-05-20 15:11:09.226,1173408682,2925226,2,0.95264,0.10425,0.31738,-1.244,0.672,0.145
2026-05-20 15:11:09.426,1173408882,2925426,1,0.99805,-0.10718,0.42017,-0.725,1.313,-0.313
2026-05-20 15:11:09.426,1173408882,2925426,2,0.95435,0.11035,0.31592,-3.13,0.374,0.405
2026-05-20 15:11:09.626,1173409082,2925626,1,1.00024,-0.11499,0.4082,-0.748,-0.008,-0.473
2026-05-20 15:11:09.626,1173409082,2925626,2,0.95825,0.10693,0.30737,-0.809,1.145,0.374
2026-05-20 15:11:10.826,1173410282,2925826,1,1.00024,-0.10791,0.40283,-0.824,0.557,-0.366
2026-05-20 15:11:10.826,1173410282,2925826,2,0.95142,0.10474,0.31909,-1.748,1.168,1.298
2026-05-20 15:11:10.074,1173409530,2926074,1,0.99585,-0.12207,0.41479,0.084,2.87,-0.595
2026-05-20 15:11:10.074,1173409530,2926074,2,0.95386,0.1123,0.3125,-2.542,1.214,0.405
2026-05-20 15:11:10.274,1173409730,2926274,1,1.06494,-0.11865,0.31201,-0.137,6.511,0.206
2026-05-20 15:11:10.274,1173409730,2926274,2,0.99902,0.10083,0.35571,5.023,14.679,5.992
2026-05-20 15:11:10.474,1173409930,2926474,1,1.17529,-0.20166,0.30347,14.962,13.015,1.481
2026-05-20 15:11:10.474,1173409930,2926474,2,1.28613,0.24927,0.25146,24.366,42.115,-7.397
2026-05-20 15:11:10.674,1173410130,2926674,1,1.00024,-0.0271,0.68701,-18.947,16.74,-8.107
2026-05-20 15:11:10.674,1173410130,2926674,2,0.92603,0.02344,0.60352,-15.031,23.977,14.58
2026-05-20 15:11:11.874,1173411330,2926874,1,0.80054,-0.09546,0.44653,-28.794,-19.359,-1.107
2026-05-20 15:11:11.874,1173411330,2926874,2,0.55444,0.03418,0.29175,-48.481,-30.389,-30.725
2026-05-20 15:11:11.074,1173410530,2927074,1,0.85156,-0.11206,0.36572,-3.282,-36.748,9.573
2026-05-20 15:11:11.074,1173410530,2927074,2,0.90894,0.06372,0.46997,-4.977,-45.511,-12.725
2026-05-20 15:11:11.274,1173410730,2927274,1,1.2478,-0.11841,0.22217,-3.557,-26.87,-2.313
2026-05-20 15:11:11.274,1173410730,2927274,2,0.92578,0.07788,0.50806,-0.557,26.71,1.573
2026-05-20 15:11:11.474,1173410930,2927474,1,1.00732,-0.17139,0.28589,2.099,10.634,0.489
2026-05-20 15:11:11.474,1173410930,2927474,2,0.88745,0.10498,0.41821,-0.275,6.748,-4.947
2026-05-20 15:11:11.674,1173411130,2927674,1,1.02905,-0.11865,0.30542,-2.107,6.931,-5.527
2026-05-20 15:11:11.674,1173411130,2927674,2,0.90723,0.10205,0.38989,-3.901,-5.069,-3.107
2026-05-20 15:11:12.874,1173412330,2927874,1,1.04492,-0.1123,0.28857,-5.954,-0.198,-4.824
2026-05-20 15:11:12.874,1173412330,2927874,2,0.91357,0.08325,0.3894,-5.405,-3.206,-3.389
2026-05-20 15:11:12.074,1173411530,2928074,1,1.03101,-0.09985,0.28931,-5.481,1.511,-3.71
2026-05-20 15:11:12.074,1173411530,2928074,2,0.91357,0.08569,0.38623,-3.779,-3.115,-2.527
2026-05-20 15:11:12.274,1173411730,2928274,1,1.03467,-0.10693,0.27124,-2.611,1.847,-0.176
2026-05-20 15:11:12.274,1173411730,2928274,2,0.92773,0.09644,0.36157,-2.511,-1.763,0.282
2026-05-20 15:11:12.474,1173411930,2928474,1,1.0376,-0.10767,0.28052,-0.359,-0.84,1.053
2026-05-20 15:11:12.474,1173411930,2928474,2,0.92847,0.0918,0.37134,-1.527,-0.252,1.221
2026-05-20 15:11:12.674,1173412130,2928674,1,1.03662,-0.11304,0.27075,-1.084,1.069,0.939
2026-05-20 15:11:12.674,1173412130,2928674,2,0.93408,0.08521,0.3689,-2.412,1.366,1.13
2026-05-20 15:11:13.874,1173413330,2928874,1,1.0415,-0.12305,0.27124,-1.221,0.634,1.145
2026-05-20 15:11:13.874,1173413330,2928874,2,0.9209,0.07593,0.36646,-0.542,-0.13,0.405
2026-05-20 15:11:13.074,1173412530,2929074,1,1.04858,-0.11719,0.26953,-1.679,2.252,-1.71
2026-05-20 15:11:13.074,1173412530,2929074,2,0.92822,0.0813,0.3728,-2.16,-1.038,-0.107
2026-05-20 15:11:13.274,1173412730,2929274,1,1.03711,-0.11353,0.27417,1.267,0.206,0.145
2026-05-20 15:11:13.274,1173412730,2929274,2,0.92603,0.1001,0.35059,-1.573,0.481,0.725
2026-05-20 15:11:13.474,1173412930,2929474,1,1.03369,-0.12402,0.27856,0.237,1.481,0.237
2026-05-20 15:11:13.474,1173412930,2929474,2,0.93652,0.08447,0.36719,-1.779,0.031,0.969
2026-05-20 15:11:13.674,1173413130,2929674,1,1.03906,-0.12939,0.28101,-2.534,1.374,-1.313
2026-05-20 15:11:13.674,1173413130,2929674,2,0.93237,0.08325,0.37012,-1.847,-1.153,-0.099
2026-05-20 15:11:14.874,1173414330,2929874,1,1.02393,-0.1189,0.27588,0.443,1.458,0.214
2026-05-20 15:11:14.874,1173414330,2929874,2,0.93018,0.08398,0.3623,-0.824,-1.099,1.954
2026-05-20 15:11:14.074,1173413530,2930074,1,1.04028,-0.13037,0.27881,-2.634,2.405,-0.313
2026-05-20 15:11:14.074,1173413530,2930074,2,0.93701,0.07788,0.35693,-2.336,-1.611,0.183
2026-05-20 15:11:14.274,1173413730,2930274,1,1.03027,-0.12231,0.2771,0.756,1.115,-0.435
2026-05-20 15:11:14.274,1173413730,2930274,2,0.93164,0.08374,0.34546,-0.847,0.168,0.26
2026-05-20 15:11:14.474,1173413930,2930474,1,1.02734,-0.13867,0.2749,1.595,-0.305,0.275
2026-05-20 15:11:14.474,1173413930,2930474,2,0.9375,0.08032,0.34766,-0.855,-2.191,-0.145
2026-05-20 15:11:14.674,1173414130,2930674,1,1.02271,-0.13306,0.28101,-0.901,-2.473,-0.191
2026-05-20 15:11:14.674,1173414130,2930674,2,0.93848,0.08887,0.33691,-1.893,0.832,0.947
2026-05-20 15:11:15.874,1173415330,2930874,1,1.03955,-0.13403,0.24634,-1.634,-0.924,-0.008
2026-05-20 15:11:15.874,1173415330,2930874,2,0.94702,0.08105,0.34473,-1.084,-0.336,0.183
2026-05-20 15:11:15.074,1173414530,2931074,1,1.03149,-0.12598,0.27417,0.679,1.924,1.534
2026-05-20 15:11:15.074,1173414530,2931074,2,0.94482,0.08105,0.32739,-1.794,-3.87,0.992
2026-05-20 15:11:15.274,1173414730,2931274,1,1.03931,-0.15137,0.26636,-0.847,1.885,0.084
2026-05-20 15:11:15.274,1173414730,2931274,2,0.94897,0.09131,0.33252,-0.809,-7.656,-5.847
2026-05-20 15:11:15.474,1173414930,2931474,1,1.05054,-0.13232,0.27563,-0.885,3.389,-2.298
2026-05-20 15:11:15.474,1173414930,2931474,2,0.9646,0.09619,0.28906,-3.198,-5.061,1.252
2026-05-20 15:11:15.674,1173415130,2931674,1,1.02563,-0.1394,0.28516,-2.992,2.397,-1.176
2026-05-20 15:11:15.674,1173415130,2931674,2,0.96606,0.09937,0.29224,-1.756,-0.504,0.695
2026-05-20 15:11:16.874,1173416330,2931874,1,1.03174,-0.13159,0.26245,-1.214,0.015,-0.924
2026-05-20 15:11:16.874,1173416330,2931874,2,1.00317,0.04956,0.35596,1.847,8.412,10.023
2026-05-20 15:11:16.074,1173415530,2932074,1,0.98145,-0.13696,0.32153,7.756,4.794,3.115
2026-05-20 15:11:16.074,1173415530,2932074,2,0.99463,0.04834,0.24707,6.985,8.412,0.908
2026-05-20 15:11:16.274,1173415730,2932274,1,1.02393,-0.12524,0.31763,-9.206,-0.267,-5.168
2026-05-20 15:11:16.274,1173415730,2932274,2,0.96167,0.10083,0.29321,-5.802,-6.389,-2.618
2026-05-20 15:11:16.474,1173415930,2932474,1,1.04858,-0.13477,0.28442,-1.71,0.542,-2.435
2026-05-20 15:11:16.474,1173415930,2932474,2,0.96729,0.08032,0.31641,-2.695,1.557,2.26
2026-05-20 15:11:16.674,1173416130,2932674,1,1.02295,-0.12231,0.31079,-3.153,4.687,0.206
2026-05-20 15:11:16.674,1173416130,2932674,2,0.95801,0.07104,0.28418,-4.947,-1.55,0.359
2026-05-20 15:11:17.874,1173417330,2932874,1,1.04492,-0.13647,0.29346,-12.542,0.481,1.87
2026-05-20 15:11:17.874,1173417330,2932874,2,0.94482,0.04761,0.3208,-4.947,-6.947,9.198
2026-05-20 15:11:17.074,1173416530,2933074,1,1.02197,-0.09448,0.31006,-5.855,-4.809,9.435
2026-05-20 15:11:17.074,1173416530,2933074,2,0.96313,0.06787,0.27246,-8.504,-0.649,7.992
2026-05-20 15:11:17.274,1173416730,2933274,1,1.021,-0.24634,0.27515,-21.076,0.626,-3.985
2026-05-20 15:11:17.274,1173416730,2933274,2,0.98389,0.00098,0.25537,-6.634,-6.786,-4.87
2026-05-20 15:11:17.474,1173416930,2933474,1,1.04761,-0.12891,0.24414,24.908,-0.565,3.29
2026-05-20 15:11:17.474,1173416930,2933474,2,0.96045,0.03076,0.22314,-10.573,-9.969,8.29
2026-05-20 15:11:18.923,1173418379,2933922,1,1.00879,-0.15161,0.30615,-17.893,7.069,-12.504
2026-05-20 15:11:18.923,1173418379,2933922,2,0.9895,0.00854,0.22974,-16.489,3.252,-2.687
2026-05-20 15:11:18.122,1173417578,2934122,1,1.03052,-0.16235,0.29199,-8.046,2.13,-1.718
2026-05-20 15:11:18.122,1173417578,2934122,2,0.98926,-0.02319,0.2124,-6.473,-1.893,3.008
2026-05-20 15:11:18.322,1173417778,2934322,1,1.02686,-0.17065,0.28442,4.008,0.603,5.458
2026-05-20 15:11:18.322,1173417778,2934322,2,0.99878,-0.02539,0.20874,1.038,-1.527,1.55
2026-05-20 15:11:18.522,1173417978,2934522,1,1.0166,-0.21167,0.2688,7.595,0.901,5.763
2026-05-20 15:11:18.522,1173417978,2934522,2,1.00269,0.01782,0.22461,9.405,0.779,-5.527
2026-05-20 15:11:18.722,1173418178,2934722,1,1.01709,-0.19971,0.30811,0.74,3.954,6.298
2026-05-20 15:11:18.722,1173418178,2934722,2,0.97852,0.02417,0.20874,4.733,2.229,-6.466
2026-05-20 15:11:19.922,1173419378,2934922,1,1.04028,-0.2356,0.27246,12.267,-1.191,8.237
2026-05-20 15:11:19.922,1173419378,2934922,2,0.98218,0.073,0.21875,4.336,-0.26,-6.771
2026-05-20 15:11:19.122,1173418578,2935122,1,1.01123,-0.21704,0.31006,12.718,2.092,3.885
2026-05-20 15:11:19.122,1173418578,2935122,2,0.97559,0.08447,0.23608,6.58,0.412,0.84
2026-05-20 15:11:19.322,1173418778,2935322,1,1.00024,-0.20898,0.34644,-4.542,7.382,0.244
2026-05-20 15:11:19.322,1173418778,2935322,2,0.99268,0.10156,0.20117,-6.053,-2.137,1.824
2026-05-20 15:11:19.522,1173418978,2935522,1,1.00024,-0.24146,0.32935,-5.481,4.84,-3.664
2026-05-20 15:11:19.522,1173418978,2935522,2,0.98462,0.08081,0.21338,-8.191,0.641,-0.824
2026-05-20 15:11:19.722,1173419178,2935722,1,0.99976,-0.22974,0.33838,-2.626,4.16,-2.969
2026-05-20 15:11:19.722,1173419178,2935722,2,0.98608,0.06665,0.21875,-1.275,-0.145,1.076
2026-05-20 15:11:20.922,1173420378,2935922,1,1.0,-0.20337,0.34399,0.183,1.313,-1.45
2026-05-20 15:11:20.922,1173420378,2935922,2,0.9917,0.07715,0.20605,0.641,1.344,0.534
2026-05-20 15:11:20.122,1173419578,2936122,1,1.0061,-0.21802,0.33813,1.496,-0.008,-0.29
2026-05-20 15:11:20.122,1173419578,2936122,2,0.98389,0.07544,0.22632,2.183,3.046,0.527
2026-05-20 15:11:20.322,1173419778,2936322,1,1.04688,-0.23291,0.32739,11.74,1.855,-1.931
2026-05-20 15:11:20.322,1173419778,2936322,2,0.97314,0.05469,0.29956,13.435,4.664,13.397
2026-05-20 15:11:20.522,1173419978,2936522,1,1.12793,-0.27197,0.34277,23.756,12.237,-4.374
2026-05-20 15:11:20.522,1173419978,2936522,2,1.10864,0.00586,0.354,18.252,-17.832,6.267
2026-05-20 15:11:20.722,1173420178,2936722,1,0.56177,-0.07788,0.37622,44.26,94.809,-3.267
2026-05-20 15:11:20.722,1173420178,2936722,2,0.42041,0.01465,0.16431,59.924,86.405,36.092
2026-05-20 15:11:21.922,1173421378,2936922,1,0.59912,-0.05127,0.75781,10.29,9.183,6.359
2026-05-20 15:11:21.922,1173421378,2936922,2,0.85107,0.11377,0.3501,39.763,-23.969,5.672
2026-05-20 15:11:21.122,1173420578,2937122,1,0.92554,-0.12378,0.7998,-7.718,-24.695,-17.863
2026-05-20 15:11:21.122,1173420578,2937122,2,1.18481,0.05249,0.20728,-31.069,-71.16,-4.008
2026-05-20 15:11:21.322,1173420778,2937322,1,1.01392,-0.16748,0.47876,-24.733,-30.855,-0.748
2026-05-20 15:11:21.322,1173420778,2937322,2,1.03687,0.0271,0.28125,-24.092,-19.794,-2.817
2026-05-20 15:11:21.522,1173420978,2937522,1,1.02881,-0.15283,0.45264,-3.107,-11.023,6.298
2026-05-20 15:11:21.522,1173420978,2937522,2,0.99268,0.04102,0.27271,-2.695,19.458,6.282
2026-05-20 15:11:21.722,1173421178,2937722,1,0.9856,-0.16724,0.43701,-0.153,-2.939,1.969
2026-05-20 15:11:21.722,1173421178,2937722,2,0.96802,0.03125,0.30322,0.069,2.519,-1.29
2026-05-20 15:11:22.922,1173422378,2937922,1,0.979,-0.16016,0.4397,-0.031,1.847,-0.244
2026-05-20 15:11:22.922,1173422378,2937922,2,0.9729,0.03003,0.28589,-6.198,-1.527,1.099
2026-05-20 15:11:22.122,1173421578,2938122,1,0.99829,-0.19678,0.45557,4.603,-1.107,-0.115
2026-05-20 15:11:22.122,1173421578,2938122,2,0.9729,0.04297,0.2749,7.313,2.718,-0.496
2026-05-20 15:11:22.322,1173421778,2938322,1,0.90454,-0.22754,0.47705,-1.168,6.412,-5.947
2026-05-20 15:11:22.322,1173421778,2938322,2,1.00049,-0.03638,0.31909,12.344,7.527,-16.038
2026-05-20 15:11:22.522,1173421978,2938522,1,1.03882,-0.06689,0.33081,60.305,-38.473,25.053
2026-05-20 15:11:22.522,1173421978,2938522,2,0.87427,0.3186,0.35742,18.023,17.931,-3.802
2026-05-20 15:11:22.722,1173422178,2938722,1,1.01855,-0.05249,0.41455,-54.595,-2.061,-14.863
2026-05-20 15:11:22.722,1173422178,2938722,2,0.94238,0.12964,0.3894,-33.053,-53.42,5.618
2026-05-20 15:11:23.922,1173423378,2938922,1,1.03394,-0.20288,0.29907,-26.405,20.397,5.053
2026-05-20 15:11:23.922,1173423378,2938922,2,0.9668,0.09595,0.25879,-18.878,-10.855,14.16
2026-05-20 15:11:23.122,1173422578,2939122,1,1.02466,-0.18726,0.36987,3.702,5.595,-1.969
2026-05-20 15:11:23.122,1173422578,2939122,2,0.96509,0.08228,0.3103,-5.58,-11.756,1.763
2026-05-20 15:11:23.322,1173422778,2939322,1,0.99414,-0.1687,0.37915,11.084,7.832,1.046
2026-05-20 15:11:23.322,1173422778,2939322,2,0.99512,0.07861,0.23096,11.779,14.687,4.13
2026-05-20 15:11:23.522,1173422978,2939522,1,0.99438,-0.19629,0.39917,-7.45,10.29,-0.618
2026-05-20 15:11:23.522,1173422978,2939522,2,0.96582,0.03125,0.29053,0.634,4.244,2.435
2026-05-20 15:11:23.722,1173423178,2939722,1,1.00244,-0.17334,0.40771,5.366,3.481,0.725
2026-05-20 15:11:23.722,1173423178,2939722,2,0.96704,0.07568,0.2666,-1.45,2.794,-1.168
2026-05-20 15:11:24.922,1173424378,2939922,1,0.95703,-0.18042,0.44531,0.672,3.382,-0.427
2026-05-20 15:11:24.922,1173424378,2939922,2,0.95874,0.06396,0.27026,-8.076,0.137,-1.237
2026-05-20 15:11:24.122,1173423578,2940122,1,0.97485,-0.15625,0.45874,-2.313,5.061,-3.275
2026-05-20 15:11:24.122,1173423578,2940122,2,0.97876,0.05029,0.24292,-6.298,-5.443,-0.588
2026-05-20 15:11:24.322,1173423778,2940322,1,0.96362,-0.177,0.45093,-5.031,-6.847,2.969
2026-05-20 15:11:24.322,1173423778,2940322,2,0.95532,0.06909,0.30225,-4.137,-1.916,2.992
2026-05-20 15:11:24.522,1173423978,2940522,1,0.98975,-0.18774,0.44092,-7.435,0.137,-2.42
2026-05-20 15:11:24.522,1173423978,2940522,2,0.99243,0.04932,0.23438,-13.107,-8.702,-3.672
2026-05-20 15:11:24.722,1173424178,2940722,1,1.04468,-0.24146,0.37671,-1.641,-8.863,-8.198
2026-05-20 15:11:24.722,1173424178,2940722,2,1.00708,0.01245,0.31445,19.802,20.947,8.076
2026-05-20 15:11:25.922,1173425378,2940922,1,0.97876,-0.13794,0.40601,17.198,-2.71,-7.443
2026-05-20 15:11:25.922,1173425378,2940922,2,0.97461,0.15601,0.16211,-7.511,4.0,-22.794
2026-05-20 15:11:25.122,1173424578,2941122,1,1.00098,-0.13354,0.40259,9.023,-1.641,4.901
2026-05-20 15:11:25.122,1173424578,2941122,2,0.98608,0.14355,0.24951,-11.71,-7.748,-4.511
2026-05-20 15:11:25.322,1173424778,2941322,1,1.01563,-0.12451,0.37842,-5.924,4.756,-6.649
2026-05-20 15:11:25.322,1173424778,2941322,2,0.9668,0.12061,0.25244,-13.176,-11.794,-1.038
2026-05-20 15:11:25.522,1173424978,2941522,1,1.01245,-0.12793,0.38721,0.351,1.809,0.542
2026-05-20 15:11:25.522,1173424978,2941522,2,0.97949,0.11914,0.23975,-0.053,3.908,1.359
2026-05-20 15:11:25.722,1173425178,2941722,1,1.02637,-0.10034,0.38916,-1.626,1.511,0.412
2026-05-20 15:11:25.722,1173425178,2941722,2,0.96802,0.12842,0.25635,-0.504,0.366,4.748
2026-05-20 15:11:26.922,1173426378,2941922,1,1.00391,-0.17798,0.38843,-5.237,10.771,-2.71
2026-05-20 15:11:26.922,1173426378,2941922,2,0.98804,0.05591,0.25366,-0.397,4.412,-3.008
2026-05-20 15:11:26.122,1173425578,2942122,1,0.98877,-0.10742,0.4209,20.496,1.901,7.076
2026-05-20 15:11:26.122,1173425578,2942122,2,0.9585,0.12476,0.32227,16.634,18.267,0.183
2026-05-20 15:11:26.322,1173425778,2942322,1,1.01123,-0.07739,0.38574,-16.84,-3.168,3.359
2026-05-20 15:11:26.322,1173425778,2942322,2,0.96802,0.12378,0.31079,-13.382,-9.771,-2.244
2026-05-20 15:11:26.522,1173425978,2942522,1,1.03027,-0.19434,0.37549,-4.481,5.992,-0.427
2026-05-20 15:11:26.522,1173425978,2942522,2,0.95654,0.11548,0.28687,-5.725,-7.16,0.573
2026-05-20 15:11:26.722,1173426178,2942722,1,1.01489,-0.14575,0.39966,-7.351,0.74,-1.42
2026-05-20 15:11:26.722,1173426178,2942722,2,0.95605,0.11719,0.30249,-0.237,1.779,1.351
2026-05-20 15:11:27.922,1173427378,2942922,1,1.02734,-0.11401,0.41016,0.855,6.344,1.481
2026-05-20 15:11:27.922,1173427378,2942922,2,0.96899,0.14307,0.28711,0.122,-1.931,1.695
2026-05-20 15:11:27.122,1173426578,2943122,1,0.97656,-0.16382,0.41235,-3.496,-0.42,-2.626
2026-05-20 15:11:27.122,1173426578,2943122,2,0.95752,0.1062,0.30396,3.611,3.588,1.817
2026-05-20 15:11:27.322,1173426778,2943322,1,1.01709,-0.12598,0.40356,10.336,-0.198,5.718
2026-05-20 15:11:27.322,1173426778,2943322,2,0.99609,0.12183,0.27954,12.771,16.176,5.489
2026-05-20 15:11:27.522,1173426978,2943522,1,0.99927,-0.20801,0.37866,12.076,13.031,3.618
2026-05-20 15:11:27.522,1173426978,2943522,2,0.94434,0.16528,0.30737,4.817,0.87,-0.824
2026-05-20 15:11:27.722,1173427178,2943722,1,0.97534,-0.15625,0.44141,1.053,-0.008,-0.679
2026-05-20 15:11:27.722,1173427178,2943722,2,0.9563,0.12793,0.31201,-0.893,-1.015,3.511
2026-05-20 15:11:31.987,1173431443,2946987,1,0.82153,-0.21533,0.60913,-7.45,-26.45,0.336
2026-05-20 15:11:31.987,1173431443,2946987,2,0.65332,0.05884,0.41553,-26.099,-18.916,-20.55
2026-05-20 15:11:31.187,1173430643,2947187,1,0.65063,-0.16968,0.34131,-13.252,-49.824,-6.84
2026-05-20 15:11:31.187,1173430643,2947187,2,0.86499,0.05029,0.40967,14.763,-66.809,-8.771
2026-05-20 15:11:31.387,1173430843,2947387,1,0.99414,-0.06152,0.24731,17.985,-28.74,8.496
2026-05-20 15:11:31.387,1173430843,2947387,2,0.87329,-0.03394,0.46216,12.16,18.947,21.481
2026-05-20 15:11:31.587,1173431043,2947587,1,1.06079,-0.21411,0.24219,10.626,-2.702,5.931
2026-05-20 15:11:31.587,1173431043,2947587,2,0.9165,0.14233,0.39551,-1.237,-4.527,0.58
2026-05-20 15:11:32.787,1173432243,2947787,1,1.03638,-0.17676,0.27271,4.115,-1.733,-0.466
2026-05-20 15:11:32.787,1173432243,2947787,2,0.92529,0.12549,0.37451,-5.473,-9.893,-1.099
2026-05-20 15:11:32.987,1173432443,2947987,1,1.03247,-0.1814,0.27466,-10.504,3.092,-8.496
2026-05-20 15:11:32.987,1173432443,2947987,2,0.93018,0.13354,0.35425,-7.634,-12.557,-2.969
2026-05-20 15:11:32.187,1173431643,2948187,1,1.02881,-0.18286,0.29419,-10.443,8.71,-5.763
2026-05-20 15:11:32.187,1173431643,2948187,2,0.94775,0.1438,0.30786,-11.885,-6.389,-5.427
2026-05-20 15:11:32.387,1173431843,2948387,1,1.02686,-0.18506,0.28516,-9.252,8.443,-1.985
2026-05-20 15:11:32.387,1173431843,2948387,2,0.95581,0.15088,0.26978,-11.87,-13.244,-1.718
2026-05-20 15:11:32.587,1173432043,2948587,1,1.03394,-0.17871,0.30396,-4.252,4.168,2.061
2026-05-20 15:11:32.587,1173432043,2948587,2,0.97656,0.13696,0.22852,-1.702,-6.458,8.397
2026-05-20 15:11:33.787,1173433243,2948787,1,0.9978,-0.19189,0.35596,2.206,4.771,3.542
2026-05-20 15:11:33.787,1173433243,2948787,2,0.97729,0.10767,0.2417,2.924,3.443,2.641
2026-05-20 15:11:33.987,1173433443,2948987,1,0.98975,-0.19385,0.35425,1.229,2.924,1.084
2026-05-20 15:11:33.987,1173433443,2948987,2,0.96851,0.10522,0.22974,1.473,1.511,2.13
2026-05-20 15:11:33.187,1173432643,2949187,1,1.00928,-0.19092,0.33472,-1.076,-1.16,-0.359
2026-05-20 15:11:33.187,1173432643,2949187,2,0.98291,0.11304,0.23755,-4.885,0.985,-0.618
2026-05-20 15:11:33.387,1173432843,2949387,1,1.01001,-0.19678,0.32349,-11.55,-6.115,-2.427
2026-05-20 15:11:33.387,1173432843,2949387,2,0.97656,0.1167,0.28027,-10.725,14.71,-2.267
2026-05-20 15:11:33.587,1173433043,2949587,1,1.02759,-0.18384,0.28955,-23.435,4.099,-4.076
2026-05-20 15:11:33.587,1173433043,2949587,2,0.96948,0.09351,0.3125,-20.992,-7.008,-2.351
2026-05-20 15:11:34.787,1173434243,2949787,1,1.01025,-0.22241,0.30957,-12.092,-0.542,1.397
2026-05-20 15:11:34.787,1173434243,2949787,2,0.94482,0.05981,0.3291,-5.237,-1.702,0.336
2026-05-20 15:11:34.987,1173434443,2949987,1,1.01709,-0.22217,0.30078,9.405,3.26,5.183
2026-05-20 15:11:34.987,1173434443,2949987,2,0.95264,0.07275,0.3186,-0.298,-8.832,1.229
2026-05-20 15:11:34.187,1173433643,2950187,1,1.01392,-0.22632,0.30591,-1.366,7.427,-1.473
2026-05-20 15:11:34.187,1173433643,2950187,2,0.96826,0.08252,0.26514,-3.969,1.046,-2.702
2026-05-20 15:11:34.387,1173433843,2950387,1,0.98755,-0.22241,0.33569,-4.87,1.412,-3.832
2026-05-20 15:11:34.387,1173433843,2950387,2,0.96655,0.09399,0.25391,-1.878,2.626,0.458
2026-05-20 15:11:34.587,1173434043,2950587,1,1.00098,-0.2085,0.30762,-5.885,-8.496,-5.443
2026-05-20 15:11:34.587,1173434043,2950587,2,0.9563,0.06567,0.28711,-0.389,3.435,-0.519
2026-05-20 15:11:35.790,1173435246,2950790,1,1.00781,-0.16431,0.30713,-8.504,-15.733,5.481
2026-05-20 15:11:35.790,1173435246,2950790,2,0.9021,0.00513,0.33057,0.137,9.405,13.008
2026-05-20 15:11:35.990,1173435446,2950990,1,0.99487,-0.26196,0.21973,-11.702,7.695,-0.435
2026-05-20 15:11:35.990,1173435446,2950990,2,0.97949,0.03662,0.29248,-4.176,-1.931,-1.168
2026-05-20 15:11:35.190,1173434646,2951190,1,1.06104,-0.22266,0.21338,8.229,9.573,2.336
2026-05-20 15:11:35.190,1173434646,2951190,2,0.97729,0.0415,0.24438,-6.0,-12.695,1.412
2026-05-20 15:11:35.390,1173434846,2951390,1,1.03613,-0.27368,0.23022,2.214,18.649,-8.389
2026-05-20 15:11:35.390,1173434846,2951390,2,1.00903,0.04419,0.22998,-2.641,-0.099,-0.328
2026-05-20 15:11:35.590,1173435046,2951590,1,0.98022,-0.21362,0.34277,-3.443,8.687,-11.878
2026-05-20 15:11:35.590,1173435046,2951590,2,0.9978,0.02173,0.23511,-4.939,-3.511,-6.84
2026-05-20 15:11:36.790,1173436246,2951790,1,1.02026,-0.19385,0.31738,14.115,5.405,4.748
2026-05-20 15:11:36.790,1173436246,2951790,2,0.9917,0.04663,0.22729,2.092,-1.847,-0.962
2026-05-20 15:11:36.990,1173436446,2951990,1,1.02441,-0.15308,0.34009,17.527,-6.969,2.656
2026-05-20 15:11:36.990,1173436446,2951990,2,0.97217,0.10522,0.25391,19.679,7.702,2.198
2026-05-20 15:11:36.190,1173435646,2952190,1,1.01514,-0.12158,0.33301,0.74,-2.031,-2.55
2026-05-20 15:11:36.190,1173435646,2952190,2,0.96606,0.09937,0.24243,-5.527,1.962,-0.679
2026-05-20 15:11:36.390,1173435846,2952390,1,1.02368,-0.17896,0.33813,-2.008,2.389,0.588
2026-05-20 15:11:36.390,1173435846,2952390,2,0.9751,0.09351,0.24536,-4.122,3.58,-0.252
2026-05-20 15:11:36.590,1173436046,2952590,1,0.9939,-0.19556,0.34375,-3.885,0.046,0.298
2026-05-20 15:11:36.590,1173436046,2952590,2,0.96191,0.09644,0.30591,-2.427,0.351,0.702
2026-05-20 15:11:39.609,1173439065,2955609,1,1.01904,-0.16772,0.33081,-3.16,2.237,-0.328
2026-05-20 15:11:39.609,1173439065,2955609,2,0.948,0.09131,0.29785,-2.611,2.084,1.481
2026-05-20 15:11:40.809,1173440265,2955809,1,1.04761,-0.16992,0.33276,0.939,-0.939,-0.649
2026-05-20 15:11:40.809,1173440265,2955809,2,0.95679,0.08545,0.31641,-0.924,-5.664,-1.176
2026-05-20 15:11:40.009,1173439465,2956009,1,1.01904,-0.17285,0.32959,1.71,2.115,1.45
2026-05-20 15:11:40.009,1173439465,2956009,2,0.9646,0.09595,0.29565,1.031,1.656,1.595
2026-05-20 15:11:40.209,1173439665,2956209,1,1.01978,-0.16846,0.32495,0.695,0.947,-0.191
2026-05-20 15:11:40.209,1173439665,2956209,2,0.96021,0.09253,0.30493,-0.092,1.26,1.183
2026-05-20 15:11:40.409,1173439865,2956409,1,1.02124,-0.17139,0.32007,0.511,0.595,0.099
2026-05-20 15:11:40.409,1173439865,2956409,2,0.96753,0.05811,0.39282,-0.252,-3.069,3.344
2026-05-20 15:11:40.609,1173440065,2956609,1,1.01611,-0.18213,0.30933,4.824,41.374,-0.962
2026-05-20 15:11:40.609,1173440065,2956609,2,0.85327,0.07544,0.4187,-5.626,-12.748,6.931
2026-05-20 15:11:41.809,1173441265,2956809,1,0.52783,-0.0769,0.44458,7.176,87.397,0.763
2026-05-20 15:11:41.809,1173441265,2956809,2,0.56006,0.0249,0.32031,7.084,108.634,32.099
2026-05-20 15:11:41.009,1173440465,2957009,1,0.83276,-0.13672,0.85596,2.603,2.672,17.084
2026-05-20 15:11:41.009,1173440465,2957009,2,0.85107,0.03687,0.6416,29.802,-55.115,-10.573
2026-05-20 15:11:41.209,1173440665,2957209,1,1.24023,-0.15527,0.72803,-4.252,-31.947,-5.634
2026-05-20 15:11:41.209,1173440665,2957209,2,1.44751,0.12646,0.20239,-40.901,-72.511,-10.481
2026-05-20 15:11:41.409,1173440865,2957409,1,0.93896,-0.15698,0.44336,6.725,-30.832,2.046
2026-05-20 15:11:41.409,1173440865,2957409,2,0.99365,0.03491,0.36353,-21.977,-41.817,-20.305
2026-05-20 15:11:41.609,1173441065,2957609,1,0.95581,-0.15503,0.47461,-13.252,-9.878,-0.534
2026-05-20 15:11:41.609,1173441065,2957609,2,0.97217,0.0332,0.2373,-37.176,-39.328,-14.435
2026-05-20 15:11:42.809,1173442265,2957809,1,1.0144,-0.1543,0.40479,-3.519,4.473,-4.038
2026-05-20 15:11:42.809,1173442265,2957809,2,1.01758,0.08496,0.20532,1.237,0.718,2.863
2026-05-20 15:11:42.009,1173441465,2958009,1,0.97729,-0.15698,0.44727,0.053,-0.847,-0.58
2026-05-20 15:11:42.009,1173441465,2958009,2,0.99585,0.05933,0.198,-6.076,-1.145,-2.809
2026-05-20 15:11:42.209,1173441665,2958209,1,0.99902,-0.14746,0.42236,1.878,3.588,-0.947
2026-05-20 15:11:42.209,1173441665,2958209,2,1.00269,0.13745,0.1499,3.084,17.397,3.809
2026-05-20 15:11:42.418,1173441874,2958418,1,0.9646,-0.16064,0.48462,-12.695,-3.244,-0.061
2026-05-20 15:11:42.418,1173441874,2958418,2,0.98486,0.05151,0.26514,-8.595,8.191,8.595
2026-05-20 15:11:42.618,1173442074,2958618,1,0.95972,-0.15674,0.50537,1.382,-0.641,-0.191
2026-05-20 15:11:42.618,1173442074,2958618,2,0.96802,0.03052,0.2356,8.122,6.122,4.145
2026-05-20 15:11:43.818,1173443274,2958818,1,0.97119,-0.15918,0.47632,0.565,0.687,-0.183
2026-05-20 15:11:43.818,1173443274,2958818,2,0.98071,0.06323,0.2439,2.313,4.122,-0.099
2026-05-20 15:11:43.018,1173442474,2959018,1,0.97705,-0.15454,0.46899,2.45,2.382,0.099
2026-05-20 15:11:43.018,1173442474,2959018,2,0.97852,0.05835,0.25098,-0.015,4.145,1.176
2026-05-20 15:11:43.218,1173442674,2959218,1,0.97192,-0.16064,0.48438,-1.496,2.443,0.42
2026-05-20 15:11:43.218,1173442674,2959218,2,0.97192,0.04761,0.26807,-2.115,2.45,1.687
2026-05-20 15:11:43.418,1173442874,2959418,1,0.97046,-0.16846,0.48267,-0.573,1.099,2.084
2026-05-20 15:11:43.418,1173442874,2959418,2,0.96143,0.04639,0.26953,-1.458,-0.382,2.618
2026-05-20 15:11:43.618,1173443074,2959618,1,0.96899,-0.17505,0.47681,-0.42,0.748,0.206
2026-05-20 15:11:43.618,1173443074,2959618,2,0.97607,0.0354,0.26099,-1.092,-0.183,1.351
2026-05-20 15:11:44.818,1173444274,2959818,1,0.96997,-0.16919,0.47803,-0.931,1.756,0.321
2026-05-20 15:11:44.818,1173444274,2959818,2,0.98218,0.04346,0.25952,-1.237,-1.214,0.84
2026-05-20 15:11:44.018,1173443474,2960018,1,0.96655,-0.1748,0.46704,-1.733,1.542,-0.519
2026-05-20 15:11:44.018,1173443474,2960018,2,0.98389,0.03613,0.24902,-1.832,-0.855,0.847
2026-05-20 15:11:44.218,1173443674,2960218,1,0.97266,-0.16968,0.48389,0.397,1.649,-0.176
2026-05-20 15:11:44.218,1173443674,2960218,2,0.98535,0.03516,0.25342,-1.42,0.298,0.733
2026-05-20 15:11:44.418,1173443874,2960418,1,0.96265,-0.17139,0.47217,-2.122,0.939,-0.756
2026-05-20 15:11:44.418,1173443874,2960418,2,0.98071,0.03003,0.24683,0.885,3.649,1.573
2026-05-20 15:11:44.618,1173444074,2960618,1,0.96777,-0.1792,0.47656,-0.573,2.702,0.931
2026-05-20 15:11:44.618,1173444074,2960618,2,0.97681,0.0354,0.26978,-1.885,-0.695,0.504
2026-05-20 15:11:45.818,1173445274,2960818,1,0.96265,-0.17847,0.48022,0.481,1.733,-0.794
2026-05-20 15:11:45.818,1173445274,2960818,2,0.98877,0.03271,0.26001,-1.053,0.557,0.267
2026-05-20 15:11:45.018,1173444474,2961018,1,0.96729,-0.18018,0.48486,-0.977,1.87,-0.344
2026-05-20 15:11:45.018,1173444474,2961018,2,0.98096,0.03735,0.25659,-2.0,-0.023,0.794
2026-05-20 15:11:45.218,1173444674,2961218,1,0.96582,-0.18506,0.47974,0.115,1.84,-0.573
2026-05-20 15:11:45.218,1173444674,2961218,2,0.98413,0.03442,0.25122,-0.649,0.71,-0.046
2026-05-20 15:11:45.418,1173444874,2961418,1,0.96558,-0.17529,0.47534,-0.687,1.466,-0.649
2026-05-20 15:11:45.418,1173444874,2961418,2,0.98193,0.03711,0.24951,-1.756,-0.687,0.42
2026-05-20 15:11:45.618,1173445074,2961618,1,0.96997,-0.17676,0.48901,-0.366,1.908,-0.313
2026-05-20 15:11:45.618,1173445074,2961618,2,0.9751,0.04688,0.25952,-1.328,0.969,0.473
2026-05-20 15:11:46.818,1173446274,2961818,1,0.9751,-0.17749,0.49243,-0.718,2.145,-0.565
2026-05-20 15:11:46.818,1173446274,2961818,2,0.979,0.03247,0.24194,-2.099,-1.061,0.466
2026-05-20 15:11:46.018,1173445474,2962018,1,0.96265,-0.17456,0.48877,-0.244,1.069,0.008
2026-05-20 15:11:46.018,1173445474,2962018,2,0.98096,0.03735,0.25781,-2.13,-0.069,0.489
2026-05-20 15:11:46.218,1173445674,2962218,1,0.96729,-0.17554,0.47803,-0.74,1.985,-0.351
2026-05-20 15:11:46.218,1173445674,2962218,2,0.97998,0.03784,0.25586,-1.458,0.298,1.008
2026-05-20 15:11:46.418,1173445874,2962418,1,0.97461,-0.18091,0.47632,-0.908,0.534,-0.908
2026-05-20 15:11:46.418,1173445874,2962418,2,0.9834,0.03662,0.25195,0.588,3.427,0.58
2026-05-20 15:11:46.618,1173446074,2962618,1,0.96899,-0.18262,0.47485,0.053,2.405,0.893
2026-05-20 15:11:46.618,1173446074,2962618,2,0.98096,0.03369,0.25171,-1.443,-0.634,0.802
2026-05-20 15:11:47.818,1173447274,2962818,1,0.96777,-0.17969,0.48535,-0.916,1.359,-0.496
2026-05-20 15:11:47.818,1173447274,2962818,2,0.97314,0.02759,0.25684,-0.336,2.061,1.115
2026-05-20 15:11:47.018,1173446474,2963018,1,0.95874,-0.18579,0.4917,-0.626,0.435,-2.061
2026-05-20 15:11:47.018,1173446474,2963018,2,0.97778,0.02002,0.27393,3.595,5.176,-0.481
2026-05-20 15:11:47.218,1173446674,2963218,1,0.92432,-0.11255,0.50806,-0.794,-2.13,0.786
2026-05-20 15:11:47.218,1173446674,2963218,2,0.96289,0.04907,0.28491,4.282,4.061,-0.985
2026-05-20 15:11:47.418,1173446874,2963418,1,0.97266,-0.16382,0.47485,-2.137,2.29,-1.687
2026-05-20 15:11:47.418,1173446874,2963418,2,0.95947,0.05103,0.2854,-4.763,-1.214,0.313
2026-05-20 15:11:47.618,1173447074,2963618,1,0.9707,-0.17822,0.46582,-0.229,1.756,-0.481
2026-05-20 15:11:47.618,1173447074,2963618,2,0.97021,0.05078,0.28809,-1.397,0.519,0.153
2026-05-20 15:11:48.818,1173448274,2963818,1,0.97192,-0.15967,0.47217,-1.092,1.916,-1.0
2026-05-20 15:11:48.818,1173448274,2963818,2,0.96509,0.04175,0.2854,-2.084,-1.656,0.756
2026-05-20 15:11:48.018,1173447474,2964018,1,0.96704,-0.15552,0.48657,1.282,2.794,0.42
2026-05-20 15:11:48.018,1173447474,2964018,2,0.95703,0.04663,0.28369,-0.389,-0.878,-0.229
2026-05-20 15:11:48.218,1173447674,2964218,1,0.98853,-0.16968,0.48926,0.779,0.947,-1.779
2026-05-20 15:11:48.218,1173447674,2964218,2,0.97607,0.06714,0.27686,13.74,41.336,-4.153
2026-05-20 15:11:51.882,1173451338,2966882,1,1.09741,-0.17798,0.46436,8.74,24.221,-6.489
2026-05-20 15:11:51.882,1173451338,2966882,2,1.35327,0.08887,0.34229,0.87,10.832,-10.802
2026-05-20 15:11:51.082,1173450538,2967082,1,0.94214,-0.15381,0.82471,-2.794,-2.397,2.298
2026-05-20 15:11:51.082,1173450538,2967082,2,0.91772,0.03955,0.56592,-6.336,27.718,11.389
2026-05-20 15:11:51.282,1173450738,2967282,1,0.77051,-0.15283,0.52734,-1.748,-38.069,1.802
2026-05-20 15:11:51.282,1173450738,2967282,2,0.59351,0.04004,0.40454,-10.992,1.893,-8.481
2026-05-20 15:11:51.482,1173450938,2967482,1,0.83691,-0.104,0.37305,-23.557,-52.267,-9.649
2026-05-20 15:11:51.482,1173450938,2967482,2,0.79639,0.0896,0.50708,-7.756,-38.534,-12.824
2026-05-20 15:11:51.682,1173451138,2967682,1,1.21973,-0.12866,0.29419,0.099,-20.099,-4.29
2026-05-20 15:11:51.682,1173451138,2967682,2,0.87988,-0.02954,0.50684,-0.756,2.115,-7.42
2026-05-20 15:11:52.882,1173452338,2967882,1,1.01709,-0.14868,0.29736,-12.328,4.603,-6.298
2026-05-20 15:11:52.882,1173452338,2967882,2,0.87158,0.0813,0.46753,-4.008,9.534,-5.122
2026-05-20 15:11:52.082,1173451538,2968082,1,1.03809,-0.13306,0.29395,-4.992,-1.58,-6.374
2026-05-20 15:11:52.082,1173451538,2968082,2,0.87524,0.09668,0.4646,-0.603,0.855,3.0
2026-05-20 15:11:52.282,1173451738,2968282,1,1.03833,-0.11572,0.302,10.115,0.679,5.771
2026-05-20 15:11:52.282,1173451738,2968282,2,0.87646,0.11963,0.45386,3.069,-4.069,-0.206
2026-05-20 15:11:52.482,1173451938,2968482,1,1.04956,-0.13916,0.30786,-0.061,7.122,2.634
2026-05-20 15:11:52.482,1173451938,2968482,2,0.84985,0.1167,0.46899,-1.053,-16.412,0.45
2026-05-20 15:11:52.682,1173452138,2968682,1,1.01733,-0.12354,0.33057,-11.084,12.076,-5.908
2026-05-20 15:11:52.682,1173452138,2968682,2,0.92212,0.12671,0.38574,-10.847,-15.115,-4.672
2026-05-20 15:11:53.882,1173453338,2968882,1,1.01782,-0.14673,0.3269,-1.122,0.809,-1.931
2026-05-20 15:11:53.882,1173453338,2968882,2,0.95361,0.11841,0.35107,-4.389,-3.351,-4.0
2026-05-20 15:11:53.082,1173452538,2969082,1,1.01953,-0.1272,0.3396,2.733,4.298,0.458
2026-05-20 15:11:53.082,1173452538,2969082,2,0.92505,0.12109,0.3335,-0.099,-2.176,0.069
2026-05-20 15:11:53.282,1173452738,2969282,1,1.01245,-0.12061,0.36401,0.092,2.023,2.351
2026-05-20 15:11:53.282,1173452738,2969282,2,0.92651,0.11816,0.354,-3.908,-0.519,-0.168
2026-05-20 15:11:53.482,1173452938,2969482,1,1.01294,-0.13086,0.34766,0.954,-0.824,1.221
2026-05-20 15:11:53.482,1173452938,2969482,2,0.9314,0.12134,0.35791,0.466,-1.16,1.687
2026-05-20 15:11:53.682,1173453138,2969682,1,1.00806,-0.12646,0.35718,5.168,-0.863,-1.679
2026-05-20 15:11:53.682,1173453138,2969682,2,0.9165,0.11182,0.36523,5.794,1.588,6.382
2026-05-20 15:11:54.882,1173454338,2969882,1,1.0249,-0.13281,0.34863,2.641,-1.947,1.45
2026-05-20 15:11:54.882,1173454338,2969882,2,0.93384,0.11621,0.39209,0.641,1.397,-0.427
2026-05-20 15:11:54.082,1173453538,2970082,1,1.02759,-0.13867,0.34937,6.115,2.718,3.985
2026-05-20 15:11:54.082,1173453538,2970082,2,0.91992,0.11597,0.37573,1.244,1.855,2.725
2026-05-20 15:11:54.282,1173453738,2970282,1,1.00952,-0.14014,0.36182,0.214,4.786,1.069
2026-05-20 15:11:54.282,1173453738,2970282,2,0.92407,0.1189,0.36157,-1.824,-0.786,1.397
2026-05-20 15:11:54.482,1173453938,2970482,1,1.01123,-0.1499,0.3562,-3.237,2.092,-1.618
2026-05-20 15:11:54.482,1173453938,2970482,2,0.93799,0.12061,0.35596,-3.282,-1.084,-0.771
2026-05-20 15:11:54.682,1173454138,2970682,1,1.01514,-0.15234,0.35693,-3.565,2.13,-1.389
2026-05-20 15:11:54.682,1173454138,2970682,2,0.9292,0.10522,0.36182,-2.687,0.015,-0.893
2026-05-20 15:11:55.882,1173455338,2970882,1,1.00806,-0.14404,0.36572,-1.458,2.046,-0.641
2026-05-20 15:11:55.882,1173455338,2970882,2,0.93237,0.10156,0.35864,-1.695,-0.664,0.954
2026-05-20 15:11:55.082,1173454538,2971082,1,1.01074,-0.1521,0.36426,0.87,1.519,0.626
2026-05-20 15:11:55.082,1173454538,2971082,2,0.93628,0.10718,0.35645,-0.412,1.061,1.084
2026-05-20 15:11:55.282,1173454738,2971282,1,1.00903,-0.14673,0.35669,0.45,0.634,-0.053
2026-05-20 15:11:55.282,1173454738,2971282,2,0.93188,0.11572,0.35645,-1.504,0.557,0.137
2026-05-20 15:11:55.482,1173454938,2971482,1,1.01343,-0.13745,0.37354,-1.344,1.809,-0.656
2026-05-20 15:11:55.482,1173454938,2971482,2,0.93237,0.1084,0.35181,-2.252,-0.427,0.214
2026-05-20 15:11:55.705,1173455161,2971705,1,1.00635,-0.14453,0.37231,-0.916,1.466,-0.275
2026-05-20 15:11:55.705,1173455161,2971705,2,0.93799,0.10327,0.35889,-1.809,0.267,0.481
2026-05-20 15:11:56.905,1173456361,2971905,1,1.01099,-0.14746,0.37622,-0.45,1.275,-0.023
2026-05-20 15:11:56.905,1173456361,2971905,2,0.94019,0.11523,0.35278,-0.702,0.878,0.435
2026-05-20 15:11:56.105,1173455561,2972105,1,1.00635,-0.14795,0.36743,-0.359,0.962,0.29
2026-05-20 15:11:56.105,1173455561,2972105,2,0.94043,0.1084,0.3606,0.015,0.595,0.595
2026-05-20 15:11:56.305,1173455761,2972305,1,1.0061,-0.13647,0.37915,-0.992,2.832,2.267
2026-05-20 15:11:56.305,1173455761,2972305,2,0.92725,0.10889,0.35474,-3.053,-0.885,2.29
2026-05-20 15:11:56.505,1173455961,2972505,1,1.01099,-0.1687,0.37524,-0.901,-1.359,-1.573
2026-05-20 15:11:56.505,1173455961,2972505,2,0.93555,0.10498,0.36377,-0.832,2.13,0.496
2026-05-20 15:11:56.705,1173456161,2972705,1,1.00513,-0.15381,0.35962,-0.565,0.824,-1.023
2026-05-20 15:11:56.705,1173456161,2972705,2,0.93091,0.09863,0.35132,-2.015,-0.015,0.489
2026-05-20 15:11:57.905,1173457361,2972905,1,1.01636,-0.16309,0.35254,0.275,-0.344,-0.267
2026-05-20 15:11:57.905,1173457361,2972905,2,0.94165,0.10742,0.35107,-0.244,1.29,0.466
2026-05-20 15:11:57.105,1173456561,2973105,1,1.02222,-0.15259,0.36133,-0.183,0.954,-0.153
2026-05-20 15:11:57.105,1173456561,2973105,2,0.94067,0.10718,0.36182,-0.603,-0.237,0.504
2026-05-20 15:11:57.305,1173456761,2973305,1,1.02393,-0.15649,0.36108,0.053,0.038,-0.45
2026-05-20 15:11:57.305,1173456761,2973305,2,0.93091,0.10938,0.34399,-2.084,0.504,0.267
2026-05-20 15:11:57.505,1173456961,2973505,1,1.05273,-0.17163,0.34741,0.885,5.672,-2.298
2026-05-20 15:11:57.505,1173456961,2973505,2,0.948,0.10864,0.33301,-3.695,6.74,0.237
2026-05-20 15:11:57.705,1173457161,2973705,1,1.01782,-0.15015,0.36816,-0.649,-0.832,-0.511
2026-05-20 15:11:57.705,1173457161,2973705,2,0.93652,0.10449,0.3457,-3.0,-3.794,1.221
2026-05-20 15:11:58.905,1173458361,2973905,1,1.01855,-0.15698,0.36719,1.16,-0.908,0.679
2026-05-20 15:11:58.905,1173458361,2973905,2,0.92944,0.09351,0.3689,-0.695,0.29,0.023
2026-05-20 15:11:58.105,1173457561,2974105,1,1.00659,-0.1543,0.36963,-2.481,2.763,-0.504
2026-05-20 15:11:58.105,1173457561,2974105,2,0.93164,0.09619,0.36182,-1.87,-0.26,0.947
2026-05-20 15:11:58.305,1173457761,2974305,1,1.01489,-0.15625,0.36646,0.198,-0.153,-0.481
2026-05-20 15:11:58.305,1173457761,2974305,2,0.93433,0.10181,0.35938,-0.809,0.321,0.618
2026-05-20 15:11:58.505,1173457961,2974505,1,1.01367,-0.15601,0.35913,-1.573,1.405,-0.588
2026-05-20 15:11:58.505,1173457961,2974505,2,0.93555,0.09302,0.36206,-1.389,-0.29,0.695
2026-05-20 15:11:58.705,1173458161,2974705,1,1.00635,-0.15527,0.36768,0.153,1.16,-0.122
2026-05-20 15:11:58.705,1173458161,2974705,2,0.93677,0.09741,0.35547,-1.519,0.466,0.847
2026-05-20 15:11:59.938,1173459394,2974938,1,1.01636,-0.15015,0.35522,,1.183,0.084
2026-05-20 15:11:59.938,1173459394,2974938,2,0.93799,0.09717,0.3584,-1.656,0.947,1.076
2026-05-20 15:11:59.138,1173458594,2975138,1,1.00806,-0.1626,0.36328,-0.26,0.954,-0.489
2026-05-20 15:11:59.138,1173458594,2975138,2,0.93823,0.09717,0.35449,-0.893,-0.046,0.588
2026-05-20 15:11:59.338,1173458794,2975338,1,1.0144,-0.15137,0.35986,-0.076,1.198,-0.504
2026-05-20 15:11:59.338,1173458794,2975338,2,0.93848,0.09814,0.35498,-0.794,0.656,1.29
2026-05-20 15:11:59.556,1173459012,2975556,1,1.01587,-0.15479,0.37109,-0.664,0.496,0.076
2026-05-20 15:11:59.556,1173459012,2975556,2,0.94141,0.0957,0.35132,-1.099,-0.344,2.397
2026-05-20 15:12:00.756,1173460212,2975756,1,1.00757,-0.15503,0.36841,0.496,3.695,0.275
2026-05-20 15:12:00.756,1173460212,2975756,2,0.93774,0.08862,0.35815,-1.878,-2.031,0.076
2026-05-20 15:12:00.956,1173460412,2975956,1,1.0144,-0.1543,0.36792,-1.275,-0.122,0.321
2026-05-20 15:12:00.956,1173460412,2975956,2,0.93506,0.08496,0.3584,-1.718,-0.412,1.16
2026-05-20 15:12:00.156,1173459612,2976156,1,1.02759,-0.16406,0.35962,-0.641,2.038,0.214
2026-05-20 15:12:00.156,1173459612,2976156,2,0.93726,0.07935,0.34521,-2.168,-0.313,0.626
2026-05-20 15:12:00.356,1173459812,2976356,1,1.00537,-0.15771,0.36841,-0.244,0.748,-0.282
2026-05-20 15:12:00.356,1173459812,2976356,2,0.93677,0.08179,0.35449,-1.802,0.16,0.084
2026-05-20 15:12:00.556,1173460012,2976556,1,1.00635,-0.16846,0.38062,-0.71,1.71,-0.191
2026-05-20 15:12:00.556,1173460012,2976556,2,0.93335,0.08154,0.354,-1.649,0.389,0.74
2026-05-20 15:12:01.756,1173461212,2976756,1,1.01001,-0.16138,0.37744,-0.649,1.244,-0.664
2026-05-20 15:12:01.756,1173461212,2976756,2,0.93091,0.08716,0.36401,-1.252,0.878,0.626
2026-05-20 15:12:01.956,1173461412,2976956,1,1.01099,-0.16138,0.37427,-0.626,2.473,-0.389
2026-05-20 15:12:01.956,1173461412,2976956,2,0.93506,0.08105,0.35742,-1.466,0.336,0.893
2026-05-20 15:12:01.156,1173460612,2977156,1,1.00952,-0.16431,0.37915,-0.481,1.672,-0.313
2026-05-20 15:12:01.156,1173460612,2977156,2,0.93335,0.07983,0.3606,-1.557,0.603,0.588
2026-05-20 15:12:01.384,1173460840,2977384,1,1.00928,-0.16187,0.36792,-0.656,1.794,-0.282
2026-05-20 15:12:01.384,1173460840,2977384,2,0.9436,0.0769,0.35132,-1.489,0.45,0.489
2026-05-20 15:12:01.584,1173461040,2977584,1,1.00903,-0.16821,0.38428,-0.344,1.664,-0.634
2026-05-20 15:12:01.584,1173461040,2977584,2,0.93042,0.09058,0.3457,-1.908,1.191,0.733
2026-05-20 15:12:02.784,1173462240,2977784,1,1.0083,-0.16064,0.36792,0.282,2.267,-0.542
2026-05-20 15:12:02.784,1173462240,2977784,2,0.93457,0.07788,0.35327,-1.397,-0.565,-0.252
2026-05-20 15:12:02.984,1173462440,2977984,1,1.00562,-0.15894,0.38062,0.008,1.389,-0.046
2026-05-20 15:12:02.984,1173462440,2977984,2,0.93945,0.0835,0.35034,-1.076,-0.16,0.313
2026-05-20 15:12:02.184,1173461640,2978184,1,0.99829,-0.16406,0.3833,0.244,0.947,0.16
2026-05-20 15:12:02.184,1173461640,2978184,2,0.9458,0.08496,0.34546,-1.275,0.351,0.221
2026-05-20 15:12:02.384,1173461840,2978384,1,0.99976,-0.16626,0.38965,-0.481,0.542,-0.084
2026-05-20 15:12:02.384,1173461840,2978384,2,0.94165,0.08008,0.36182,-1.588,0.641,0.985
2026-05-20 15:12:02.584,1173462040,2978584,1,1.0105,-0.1687,0.38062,-0.382,1.107,-0.221
2026-05-20 15:12:02.584,1173462040,2978584,2,0.94165,0.07739,0.35327,-1.405,0.649,1.092
2026-05-20 15:12:03.784,1173463240,2978784,1,1.00439,-0.1665,0.36987,-1.252,1.748,-0.115
2026-05-20 15:12:03.784,1173463240,2978784,2,0.93555,0.0752,0.35156,-1.107,0.901,0.626
2026-05-20 15:12:03.984,1173463440,2978984,1,1.00415,-0.17041,0.38184,-0.427,1.282,-0.328
2026-05-20 15:12:03.984,1173463440,2978984,2,0.93677,0.08081,0.34619,-1.763,0.321,0.374
2026-05-20 15:12:03.256,1173462712,2979256,1,1.0061,-0.16846,0.38818,-0.649,1.588,-0.725
2026-05-20 15:12:03.256,1173462712,2979256,2,0.93213,0.07886,0.35889,-1.191,0.244,0.473
2026-05-20 15:12:03.456,1173462912,2979456,1,1.01025,-0.16895,0.3728,-0.55,1.0,-0.481
2026-05-20 15:12:03.456,1173462912,2979456,2,0.93555,0.07837,0.34937,-1.405,0.275,0.527
2026-05-20 15:12:03.656,1173463112,2979656,1,1.00757,-0.16553,0.38794,-0.603,1.237,-0.328
2026-05-20 15:12:03.656,1173463112,2979656,2,0.9375,0.08301,0.34863,-1.618,0.084,0.282
2026-05-20 15:12:04.856,1173464312,2979856,1,1.00439,-0.16895,0.38574,-0.58,1.344,-0.473
2026-05-20 15:12:04.856,1173464312,2979856,2,0.93506,0.07446,0.35034,-1.55,0.115,0.649
2026-05-20 15:12:04.056,1173463512,2980056,1,1.00366,-0.16577,0.38257,-0.511,1.382,-0.099
2026-05-20 15:12:04.056,1173463512,2980056,2,0.93848,0.07324,0.35254,-1.046,0.458,0.603
2026-05-20 15:12:04.256,1173463712,2980256,1,1.00244,-0.16968,0.38403,-0.626,1.603,-0.336
2026-05-20 15:12:04.256,1173463712,2980256,2,0.93774,0.07959,0.35278,-1.557,0.229,0.504
2026-05-20 15:12:04.456,1173463912,2980456,1,0.99805,-0.16992,0.37622,-0.534,0.992,
2026-05-20 15:12:04.456,1173463912,2980456,2,0.94214,0.0791,0.35376,-1.374,0.153,0.672
2026-05-20 15:12:04.656,1173464112,2980656,1,1.00146,-0.17261,0.37598,-0.573,0.939,0.107
2026-05-20 15:12:04.656,1173464112,2980656,2,0.93677,0.07861,0.35718,-1.252,0.458,0.817
2026-05-20 15:12:05.856,1173465312,2980856,1,1.0022,-0.17603,0.37134,-0.603,1.061,-0.244
2026-05-20 15:12:05.856,1173465312,2980856,2,0.9436,0.07471,0.35742,-1.641,0.115,0.145
2026-05-20 15:12:05.056,1173464512,2981056,1,1.00513,-0.17554,0.3811,-0.855,1.076,-0.481
2026-05-20 15:12:05.056,1173464512,2981056,2,0.96973,-0.18457,0.0437,101.672,54.733,-6.756
2026-05-20 15:12:08.057,1173467513,2984056,1,1.04907,-0.25317,0.26172,193.702,-31.389,77.786
2026-05-20 15:12:08.057,1173467513,2984056,2,0.96655,-0.19019,0.19019,98.939,4.824,-62.992
2026-05-20 15:12:08.256,1173467712,2984256,1,1.01318,-0.05347,0.37744,136.275,1.13,53.55
2026-05-20 15:12:08.256,1173467712,2984256,2,0.77832,0.23755,0.39893,36.565,94.069,-6.519
2026-05-20 15:12:08.456,1173467912,2984456,1,0.95801,0.04126,0.48022,5.183,15.947,4.802
2026-05-20 15:12:08.456,1173467912,2984456,2,0.82886,0.43896,0.39258,-7.733,-23.954,19.588
2026-05-20 15:12:08.656,1173468112,2984656,1,0.98511,-0.03857,0.48242,-70.252,6.038,-31.87
2026-05-20 15:12:08.656,1173468112,2984656,2,0.90137,0.30664,0.32251,-74.389,-34.931,-14.924
2026-05-20 15:12:09.856,1173469312,2984856,1,0.9519,-0.14624,0.42163,-109.015,10.496,-46.847
2026-05-20 15:12:09.856,1173469312,2984856,2,0.95508,0.14331,0.29175,-70.885,-20.527,-30.168
2026-05-20 15:12:09.056,1173468512,2985056,1,0.98462,-0.13892,0.42017,-80.985,-0.458,-32.176
2026-05-20 15:12:09.056,1173468512,2985056,2,0.99683,0.10376,0.43433,-58.847,-12.542,-15.649
2026-05-20 15:12:09.256,1173468712,2985256,1,0.94946,-0.16846,0.39038,-80.786,6.26,-22.534
2026-05-20 15:12:09.256,1173468712,2985256,2,1.05444,0.1167,0.15723,-44.756,-44.649,5.55
2026-05-20 15:12:09.456,1173468912,2985456,1,0.98657,-0.17407,0.37476,-41.107,-1.214,-18.176
2026-05-20 15:12:09.456,1173468912,2985456,2,0.9939,0.03369,0.16284,-28.321,9.298,2.702
2026-05-20 15:12:09.656,1173469112,2985656,1,1.00952,-0.18652,0.38232,-19.656,-1.687,-5.771
2026-05-20 15:12:09.656,1173469112,2985656,2,1.00098,-0.01123,0.21875,-9.198,0.992,0.534
2026-05-20 15:12:10.856,1173470312,2985856,1,1.00464,-0.15942,0.36841,4.595,1.221,4.847
2026-05-20 15:12:10.856,1173470312,2985856,2,0.98413,0.01611,0.22754,5.786,7.626,9.427
2026-05-20 15:12:10.056,1173469512,2986056,1,1.00391,-0.17139,0.39185,13.046,0.099,9.931
2026-05-20 15:12:10.056,1173469512,2986056,2,0.98267,0.00122,0.26953,4.313,4.008,2.183
2026-05-20 15:12:10.258,1173469714,2986258,1,1.0061,-0.1731,0.38379,6.786,0.13,5.076
2026-05-20 15:12:10.258,1173469714,2986258,2,0.96826,-0.00098,0.2854,2.344,3.145,4.221
2026-05-20 15:12:10.458,1173469914,2986458,1,1.0022,-0.18848,0.37891,0.565,-2.031,0.626
2026-05-20 15:12:10.458,1173469914,2986458,2,0.97412,-0.00708,0.29248,-1.069,1.321,1.794
2026-05-20 15:12:10.658,1173470114,2986658,1,1.00635,-0.18115,0.38135,1.702,1.298,-1.275
2026-05-20 15:12:10.658,1173470114,2986658,2,0.96899,-0.00757,0.29004,-1.687,-1.244,-0.321
2026-05-20 15:12:11.858,1173471314,2986858,1,1.00806,-0.17017,0.37891,-3.145,-0.649,-2.573
2026-05-20 15:12:11.858,1173471314,2986858,2,0.98022,-0.0188,0.28809,4.992,1.321,3.038
2026-05-20 15:12:11.058,1173470514,2987058,1,1.00854,-0.177,0.37036,-0.382,3.901,-1.748
2026-05-20 15:12:11.058,1173470514,2987058,2,0.97656,-0.00903,0.27905,-3.603,-1.26,-1.389
2026-05-20 15:12:11.258,1173470714,2987258,1,1.01514,-0.17554,0.34888,-4.023,2.267,0.053
2026-05-20 15:12:11.258,1173470714,2987258,2,0.97827,-0.0127,0.271,-3.847,-0.672,1.168
2026-05-20 15:12:11.458,1173470914,2987458,1,1.00049,-0.19019,0.35693,-0.29,1.053,-0.664
2026-05-20 15:12:11.458,1173470914,2987458,2,0.96436,-0.01025,0.26636,-1.122,2.153,0.573
2026-05-20 15:12:11.658,1173471114,2987658,1,1.00708,-0.17871,0.35425,2.29,-0.084,0.374
2026-05-20 15:12:11.658,1173471114,2987658,2,0.98218,-0.01685,0.27002,0.145,0.305,1.664
2026-05-20 15:12:12.858,1173472314,2987858,1,1.02222,-0.17603,0.35474,2.618,1.725,1.924
2026-05-20 15:12:12.858,1173472314,2987858,2,0.97656,-0.00781,0.26074,0.351,0.969,1.763
2026-05-20 15:12:12.058,1173471514,2988058,1,1.00757,-0.18091,0.37134,-0.924,3.687,-0.229
2026-05-20 15:12:12.058,1173471514,2988058,2,0.96558,-0.01001,0.27124,-1.756,4.038,1.328
2026-05-20 15:12:12.258,1173471714,2988258,1,1.00195,-0.17993,0.37402,-1.405,1.947,-1.336
2026-05-20 15:12:12.258,1173471714,2988258,2,0.97314,-0.02563,0.27466,-0.779,0.115,2.076
2026-05-20 15:12:12.458,1173471914,2988458,1,1.00171,-0.17554,0.37427,1.29,1.275,-0.397
2026-05-20 15:12:12.458,1173471914,2988458,2,0.97241,-0.02295,0.27808,0.168,2.153,0.893
2026-05-20 15:12:12.658,1173472114,2988658,1,1.00098,-0.17383,0.36768,1.275,2.122,0.832
2026-05-20 15:12:12.658,1173472114,2988658,2,0.97559,-0.0249,0.28589,-0.84,-2.359,1.038
2026-05-20 15:12:13.875,1173473331,2988874,1,1.00879,-0.17432,0.37256,-0.847,-0.458,-0.26
2026-05-20 15:12:13.875,1173473331,2988874,2,0.97534,-0.02173,0.28467,0.092,-1.107,0.374
2026-05-20 15:12:13.074,1173472530,2989074,1,1.00122,-0.17432,0.35522,-2.481,6.038,-6.336
2026-05-20 15:12:13.074,1173472530,2989074,2,1.00073,0.00244,0.24951,-1.42,0.763,-3.412
2026-05-20 15:12:13.274,1173472730,2989274,1,1.01343,-0.1543,0.36621,-2.649,-2.748,-0.191
2026-05-20 15:12:13.274,1173472730,2989274,2,0.96533,-0.00854,0.30225,-1.069,-0.153,3.267
2026-05-20 15:12:13.474,1173472930,2989474,1,1.00195,-0.17798,0.36768,1.473,1.786,-0.389
2026-05-20 15:12:13.474,1173472930,2989474,2,0.96411,-0.01367,0.2854,-0.244,3.031,1.695
2026-05-20 15:12:13.674,1173473130,2989674,1,1.01172,-0.16699,0.3689,2.038,0.664,1.473
2026-05-20 15:12:13.674,1173473130,2989674,2,0.96631,-0.02271,0.28662,-0.099,0.885,1.687
2026-05-20 15:12:14.874,1173474330,2989874,1,1.01172,-0.15967,0.37158,0.489,2.84,1.031
2026-05-20 15:12:14.874,1173474330,2989874,2,0.96021,-0.02075,0.29028,-2.305,1.679,-0.092
2026-05-20 15:12:14.074,1173473530,2990074,1,1.0,-0.17676,0.39063,-0.71,0.824,0.534
2026-05-20 15:12:14.074,1173473530,2990074,2,0.96704,-0.01904,0.29712,-1.763,1.359,1.405
2026-05-20 15:12:14.274,1173473730,2990274,1,1.00586,-0.16455,0.38208,-1.275,2.084,-0.206
2026-05-20 15:12:14.274,1173473730,2990274,2,0.96533,-0.03394,0.30078,-3.336,0.824,1.031
2026-05-20 15:12:14.474,1173473930,2990474,1,0.99683,-0.18604,0.37207,-0.061,0.573,1.008
2026-05-20 15:12:14.474,1173473930,2990474,2,0.95923,-0.0293,0.29639,-1.565,0.832,1.527
2026-05-20 15:12:14.690,1173474146,2990690,1,1.01709,-0.17554,0.37769,-4.107,-2.481,0.573
2026-05-20 15:12:14.690,1173474146,2990690,2,0.96997,-0.03296,0.30908,-0.802,-0.405,1.595
2026-05-20 15:12:15.890,1173475346,2990890,1,1.01196,-0.19141,0.35693,0.382,4.809,-0.832
2026-05-20 15:12:15.890,1173475346,2990890,2,0.96606,-0.02856,0.28223,-1.786,5.29,-0.412
2026-05-20 15:12:15.090,1173474546,2991090,1,1.00293,-0.18481,0.38696,-1.771,2.916,-1.313
2026-05-20 15:12:15.090,1173474546,2991090,2,0.96655,-0.03052,0.2915,-4.237,-0.511,1.076
2026-05-20 15:12:15.290,1173474746,2991290,1,1.00952,-0.17871,0.39209,0.618,4.046,-1.389
2026-05-20 15:12:15.290,1173474746,2991290,2,0.97095,-0.03369,0.28467,-1.168,-0.031,-0.061
2026-05-20 15:12:15.490,1173474946,2991490,1,1.00342,-0.17285,0.38379,1.069,-0.061,-0.519
2026-05-20 15:12:15.490,1173474946,2991490,2,0.99731,0.01318,0.28857,-14.26,-13.519,-8.802
2026-05-20 15:12:15.690,1173475146,2991690,1,1.00024,-0.17969,0.37329,1.893,1.885,0.015
2026-05-20 15:12:15.690,1173475146,2991690,2,0.96021,-0.0332,0.29834,1.206,1.786,0.817
2026-05-20 15:12:16.890,1173476346,2991890,1,1.00415,-0.17603,0.38013,0.74,-0.473,0.519
2026-05-20 15:12:16.890,1173476346,2991890,2,0.96045,-0.02856,0.29956,0.13,1.611,1.282
2026-05-20 15:12:16.090,1173475546,2992090,1,1.00366,-0.17627,0.3833,0.718,1.992,0.206
2026-05-20 15:12:16.090,1173475546,2992090,2,0.96802,-0.02124,0.29785,-1.351,0.687,0.618
2026-05-20 15:12:16.290,1173475746,2992290,1,1.00391,-0.17871,0.3916,-1.267,1.618,-1.511
2026-05-20 15:12:16.290,1173475746,2992290,2,0.95557,-0.03052,0.29102,-2.145,-0.29,0.412
2026-05-20 15:12:16.490,1173475946,2992490,1,1.00537,-0.17334,0.38257,-1.008,1.45,-0.947
2026-05-20 15:12:16.490,1173475946,2992490,2,0.96533,-0.02856,0.28857,-1.45,-0.176,0.183
2026-05-20 15:12:16.690,1173476146,2992690,1,0.99561,-0.17896,0.38403,-0.221,1.42,-0.275
2026-05-20 15:12:16.690,1173476146,2992690,2,0.96777,-0.02808,0.28394,-1.122,-0.718,0.176
2026-05-20 15:12:17.890,1173477346,2992890,1,1.00513,-0.17041,0.37427,-0.16,1.748,-0.328
2026-05-20 15:12:17.890,1173477346,2992890,2,0.96924,-0.02075,0.27661,-1.275,0.565,0.275
2026-05-20 15:12:17.090,1173476546,2993090,1,1.00415,-0.17212,0.37598,-0.977,0.855,-0.435
2026-05-20 15:12:17.090,1173476546,2993090,2,0.97192,-0.02612,0.28467,-1.489,0.565,1.053
2026-05-20 15:12:17.290,1173476746,2993290,1,0.99976,-0.17578,0.38184,0.588,1.237,0.191
2026-05-20 15:12:17.290,1173476746,2993290,2,0.97046,-0.02905,0.29541,-0.023,1.237,0.992
2026-05-20 15:12:17.490,1173476946,2993490,1,1.00366,-0.18335,0.38501,0.519,0.863,0.061
2026-05-20 15:12:17.490,1173476946,2993490,2,0.96924,-0.02246,0.29468,-0.534,1.153,0.557
2026-05-20 15:12:17.690,1173477146,2993690,1,1.00171,-0.17505,0.38501,0.023,2.092,-0.885
2026-05-20 15:12:17.690,1173477146,2993690,2,0.96143,-0.03027,0.29541,-1.382,0.344,0.336
2026-05-20 15:12:18.890,1173478346,2993890,1,1.00684,-0.1748,0.36719,-0.42,1.885,-0.901
2026-05-20 15:12:18.890,1173478346,2993890,2,0.9624,-0.02832,0.30005,-1.0,0.855,0.656
2026-05-20 15:12:18.090,1173477546,2994090,1,1.00171,-0.17041,0.3833,-0.267,1.328,-0.176
2026-05-20 15:12:18.090,1173477546,2994090,2,0.9646,-0.01709,0.29565,-1.107,0.405,0.351
2026-05-20 15:12:18.290,1173477746,2994290,1,1.00635,-0.17188,0.38916,-0.695,1.084,-0.443
2026-05-20 15:12:18.290,1173477746,2994290,2,0.96582,-0.03662,0.28979,-1.328,0.481,0.672
2026-05-20 15:12:18.490,1173477946,2994490,1,1.00854,-0.17773,0.38013,-0.496,0.588,-0.16
2026-05-20 15:12:18.490,1173477946,2994490,2,0.9668,-0.02783,0.30225,-1.481,0.321,0.641
2026-05-20 15:12:18.690,1173478146,2994690,1,1.01001,-0.17114,0.37354,-0.71,2.183,-0.122
2026-05-20 15:12:18.690,1173478146,2994690,2,0.97144,-0.02173,0.2854,-2.0,-0.985,0.412
2026-05-20 15:12:19.890,1173479346,2994890,1,1.01147,-0.17554,0.37866,-0.595,1.458,0.015
2026-05-20 15:12:19.890,1173479346,2994890,2,0.97095,-0.02612,0.28662,-1.405,0.489,0.71
2026-05-20 15:12:19.090,1173478546,2995090,1,1.00415,-0.18018,0.37671,-0.26,0.962,-0.351
2026-05-20 15:12:19.090,1173478546,2995090,2,0.96924,-0.03076,0.29468,-1.16,0.71,0.969
2026-05-20 15:12:19.290,1173478746,2995290,1,1.00366,-0.1709,0.37427,0.145,-0.191,-0.069
2026-05-20 15:12:19.290,1173478746,2995290,2,0.97095,-0.03125,0.29346,-1.221,0.496,1.038
2026-05-20 15:12:19.490,1173478946,2995490,1,1.00879,-0.17969,0.37329,0.023,0.794,-0.191
2026-05-20 15:12:19.490,1173478946,2995490,2,0.96899,-0.02832,0.29272,-1.198,0.145,0.244
2026-05-20 15:12:19.690,1173479146,2995690,1,1.00806,-0.18237,0.37158,-0.42,0.649,-0.351
2026-05-20 15:12:19.690,1173479146,2995690,2,0.96655,-0.02246,0.29443,-1.702,-0.26,0.237
2026-05-20 15:12:20.890,1173480346,2995890,1,1.00269,-0.17285,0.36523,0.099,-0.176,-0.313
2026-05-20 15:12:20.890,1173480346,2995890,2,0.96045,-0.02368,0.30322,-0.977,0.618,0.748
2026-05-20 15:12:20.090,1173479546,2996090,1,1.01123,-0.18164,0.36719,0.366,0.756,-0.137
2026-05-20 15:12:20.090,1173479546,2996090,2,0.96899,-0.02808,0.29883,-0.504,0.634,0.802
2026-05-20 15:12:20.290,1173479746,2996290,1,1.01025,-0.17285,0.36865,-0.252,2.481,-0.496
2026-05-20 15:12:20.290,1173479746,2996290,2,0.96533,-0.03101,0.29492,-1.275,0.221,0.542
2026-05-20 15:12:20.490,1173479946,2996490,1,1.00464,-0.17725,0.3728,0.382,1.061,-0.359
2026-05-20 15:12:20.490,1173479946,2996490,2,0.9624,-0.02271,0.29297,-1.336,0.824,0.901
2026-05-20 15:12:20.690,1173480146,2996690,1,1.00928,-0.17676,0.36768,-0.901,1.557,-0.145
2026-05-20 15:12:20.690,1173480146,2996690,2,0.96533,-0.03101,0.30566,-0.931,0.489,1.023
2026-05-20 15:12:21.890,1173481346,2996890,1,1.00195,-0.17749,0.38208,-0.076,0.557,-0.092
2026-05-20 15:12:21.890,1173481346,2996890,2,0.96484,-0.03149,0.29614,-1.221,0.282,0.588
2026-05-20 15:12:21.090,1173480546,2997090,1,1.00122,-0.17627,0.37231,-0.809,0.969,-0.115
2026-05-20 15:12:21.090,1173480546,2997090,2,0.96558,-0.02539,0.29395,-2.099,-0.656,0.595
2026-05-20 15:12:21.290,1173480746,2997290,1,1.01025,-0.18335,0.37256,-1.099,1.153,-0.122
2026-05-20 15:12:21.290,1173480746,2997290,2,0.96802,-0.03516,0.30371,-1.794,-0.573,0.473
2026-05-20 15:12:21.490,1173480946,2997490,1,0.99707,-0.17676,0.36963,-0.702,1.695,0.183
2026-05-20 15:12:21.490,1173480946,2997490,2,0.9668,-0.03125,0.29907,-2.145,0.099,0.389
2026-05-20 15:12:21.690,1173481146,2997690,1,1.00464,-0.18018,0.37476,-0.901,1.282,-0.16
2026-05-20 15:12:21.690,1173481146,2997690,2,0.96582,-0.02905,0.28931,-1.198,0.321,0.809
2026-05-20 15:12:22.890,1173482346,2997890,1,1.00586,-0.18628,0.37744,-0.58,1.55,-0.237
2026-05-20 15:12:22.890,1173482346,2997890,2,0.96753,-0.03882,0.29565,-0.931,0.527,0.458
2026-05-20 15:12:22.090,1173481546,2998090,1,0.99609,-0.18579,0.3728,-0.374,1.237,-0.29
2026-05-20 15:12:22.090,1173481546,2998090,2,0.96533,-0.03467,0.29346,-0.985,0.763,0.786
2026-05-20 15:12:22.314,1173481770,2998314,1,1.00024,-0.18384,0.36401,0.061,0.176,-0.588
2026-05-20 15:12:22.314,1173481770,2998314,2,0.96558,-0.03198,0.28735,-0.756,1.046,0.412
2026-05-20 15:12:22.514,1173481970,2998514,1,1.00903,-0.18701,0.37305,0.061,0.603,-0.275
2026-05-20 15:12:22.514,1173481970,2998514,2,0.96802,-0.03467,0.30103,-0.634,0.71,0.557
2026-05-20 15:12:22.714,1173482170,2998714,1,0.99854,-0.18091,0.35913,-0.756,0.901,-0.695
2026-05-20 15:12:22.714,1173482170,2998714,2,0.96704,-0.0332,0.30054,-1.038,0.893,0.496
2026-05-20 15:12:23.914,1173483370,2998914,1,1.00488,-0.17944,0.36621,-0.702,0.756,-0.489
2026-05-20 15:12:23.914,1173483370,2998914,2,0.9668,-0.03931,0.30127,-1.107,0.733,0.824
2026-05-20 15:12:23.114,1173482570,2999114,1,1.00073,-0.19067,0.36011,0.176,2.191,
2026-05-20 15:12:23.114,1173482570,2999114,2,0.96558,-0.03906,0.30249,-1.221,-0.046,0.824
2026-05-20 15:12:23.314,1173482770,2999314,1,1.00317,-0.17798,0.37207,0.198,0.725,-0.328
2026-05-20 15:12:23.314,1173482770,2999314,2,0.9624,-0.03369,0.31079,-1.061,-0.137,0.718
2026-05-20 15:12:23.514,1173482970,2999514,1,1.00317,-0.18848,0.3667,-1.153,-0.061,-1.275
2026-05-20 15:12:23.514,1173482970,2999514,2,0.95972,-0.02734,0.30298,0.511,2.939,0.939
2026-05-20 15:12:23.714,1173483170,2999714,1,0.99731,-0.17725,0.37207,-2.725,0.511,-2.092
2026-05-20 15:12:23.714,1173483170,2999714,2,0.96191,-0.02661,0.3125,-0.771,0.947,-0.107
2026-05-20 15:12:24.914,1173484370,2999914,1,1.00757,-0.17065,0.36133,0.275,2.351,0.656
2026-05-20 15:12:24.914,1173484370,2999914,2,0.96582,-0.0293,0.31226,-1.389,0.45,0.885
2026-05-20 15:12:24.114,1173483570,3000114,1,1.00854,-0.17969,0.36206,0.405,0.817,0.649
2026-05-20 15:12:24.114,1173483570,3000114,2,0.95972,-0.03809,0.30371,-2.214,0.13,1.649
2026-05-20 15:12:24.314,1173483770,3000314,1,1.0061,-0.18555,0.37671,-2.183,1.878,-0.252
2026-05-20 15:12:24.314,1173483770,3000314,2,0.96704,-0.0332,0.30249,-2.359,-0.008,1.061
2026-05-20 15:12:24.514,1173483970,3000514,1,1.00049,-0.18726,0.36206,-0.466,2.611,-0.435
2026-05-20 15:12:24.514,1173483970,3000514,2,0.96216,-0.04199,0.30249,-1.702,0.878,0.42
2026-05-20 15:12:24.714,1173484170,3000714,1,1.00781,-0.18457,0.36157,0.672,2.656,1.183
2026-05-20 15:12:24.714,1173484170,3000714,2,0.96533,-0.03198,0.28882,-1.252,-0.473,0.679
2026-05-20 15:12:25.914,1173485370,3000914,1,0.99341,-0.18677,0.3811,-0.863,1.924,0.649
2026-05-20 15:12:25.914,1173485370,3000914,2,0.97266,-0.00171,0.29224,-12.008,-25.916,-11.649
2026-05-20 15:12:25.114,1173484570,3001114,1,1.00732,-0.18164,0.36572,-1.313,0.191,-0.771
2026-05-20 15:12:25.114,1173484570,3001114,2,0.96924,-0.03931,0.2937,-2.145,1.076,0.649
2026-05-20 15:12:25.314,1173484770,3001314,1,1.00391,-0.19238,0.35132,1.71,2.237,-0.031
2026-05-20 15:12:25.314,1173484770,3001314,2,0.9707,-0.03052,0.28979,-0.267,0.305,0.168
2026-05-20 15:12:25.514,1173484970,3001514,1,1.00024,-0.18237,0.36865,0.885,0.802,-0.198
2026-05-20 15:12:25.514,1173484970,3001514,2,0.96973,-0.02832,0.29614,-0.298,0.053,0.221
2026-05-20 15:12:25.714,1173485170,3001714,1,1.00659,-0.1814,0.35913,1.405,-0.237,-0.298
2026-05-20 15:12:25.714,1173485170,3001714,2,0.97144,-0.02612,0.29565,-1.069,0.611,0.031
2026-05-20 15:12:26.914,1173486370,3001914,1,1.00635,-0.18701,0.36523,-0.366,1.427,-0.702
2026-05-20 15:12:26.914,1173486370,3001914,2,0.95874,-0.03003,0.29224,-1.115,1.229,0.489
2026-05-20 15:12:26.114,1173485570,3002114,1,1.0144,-0.19312,0.37207,-0.29,2.061,-0.763
2026-05-20 15:12:26.114,1173485570,3002114,2,0.96753,-0.03076,0.30127,-1.267,0.565,0.649
2026-05-20 15:12:26.314,1173485770,3002314,1,1.00391,-0.17749,0.36475,1.168,2.481,-0.321
2026-05-20 15:12:26.314,1173485770,3002314,2,0.96655,-0.02295,0.30005,-1.885,0.855,1.031
2026-05-20 15:12:26.514,1173485970,3002514,1,1.00854,-0.18481,0.37549,-1.015,1.702,-0.389
2026-05-20 15:12:26.514,1173485970,3002514,2,0.95801,-0.02686,0.302,-0.656,0.45,0.916
2026-05-20 15:12:26.714,1173486170,3002714,1,1.00464,-0.17847,0.36914,-1.389,0.992,-0.626
2026-05-20 15:12:26.714,1173486170,3002714,2,0.96484,-0.03418,0.30127,-1.977,-0.496,0.656
2026-05-20 15:12:27.914,1173487370,3002914,1,1.0022,-0.17993,0.37646,-1.015,1.145,-0.679
2026-05-20 15:12:27.914,1173487370,3002914,2,0.97119,-0.02515,0.29468,-1.824,0.687,0.29
2026-05-20 15:12:27.114,1173486570,3003114,1,1.00317,-0.17285,0.37085,-1.519,1.206,-0.557
2026-05-20 15:12:27.114,1173486570,3003114,2,0.96362,-0.02954,0.32104,-2.336,-0.023,0.893
2026-05-20 15:12:27.314,1173486770,3003314,1,1.04932,-0.14038,0.37329,-8.053,3.069,-0.557
2026-05-20 15:12:27.314,1173486770,3003314,2,0.97559,0.00684,0.35596,-22.863,6.557,-6.084
2026-05-20 15:12:27.514,1173486970,3003514,1,0.94482,-0.22559,0.36768,-40.969,44.901,3.458
2026-05-20 15:12:27.514,1173486970,3003514,2,0.74048,0.10229,0.42578,-46.061,-12.756,-31.496
2026-05-20 15:12:27.714,1173487170,3003714,1,1.04736,-0.37915,0.44702,-74.511,35.412,-1.588
2026-05-20 15:12:27.714,1173487170,3003714,2,0.9917,0.05054,0.16699,-65.802,5.786,-13.473
2026-05-20 15:12:28.914,1173488370,3003914,1,0.98315,-0.44897,0.43091,-28.458,13.137,-12.038
2026-05-20 15:12:28.914,1173488370,3003914,2,0.97705,-0.13013,0.28149,-6.511,2.634,-2.977
2026-05-20 15:12:28.114,1173487570,3004114,1,0.89673,-0.39087,0.43774,3.374,13.061,-13.542
2026-05-20 15:12:28.114,1173487570,3004114,2,0.99219,-0.12231,0.12866,3.313,-1.985,-21.817
2026-05-20 15:12:28.314,1173487770,3004314,1,0.93213,-0.35669,0.39771,8.679,-11.954,-13.496
2026-05-20 15:12:28.314,1173487770,3004314,2,0.98706,-0.11743,0.1062,2.16,24.389,-16.336
2026-05-20 15:12:28.514,1173487970,3004514,1,0.90991,-0.09155,0.5752,-1.214,-27.42,-17.061
2026-05-20 15:12:28.514,1173487970,3004514,2,1.03784,-0.01685,0.27808,-16.13,-21.985,15.321
2026-05-20 15:12:28.714,1173488170,3004714,1,0.91504,-0.11304,0.47437,-28.015,8.176,-13.771
2026-05-20 15:12:28.714,1173488170,3004714,2,0.86694,0.17798,0.41113,-49.008,4.832,-48.534
2026-05-20 15:12:29.914,1173489370,3004914,1,1.06665,-0.14746,0.37549,-46.053,17.786,-33.649
2026-05-20 15:12:29.914,1173489370,3004914,2,0.90381,0.03125,0.40869,-34.87,-10.069,-14.962
2026-05-20 15:12:29.114,1173488570,3005114,1,0.96704,-0.12012,0.38379,-18.985,13.855,-7.786
2026-05-20 15:12:29.114,1173488570,3005114,2,0.91919,0.14795,0.22192,-28.84,8.397,-16.756
2026-05-20 15:12:29.314,1173488770,3005314,1,0.9707,-0.01733,0.33521,-18.511,-25.58,-10.985
2026-05-20 15:12:29.314,1173488770,3005314,2,0.80713,0.17212,0.26587,16.824,-69.924,-35.275
2026-05-20 15:12:29.514,1173488970,3005514,1,0.86597,-0.03735,0.34692,12.137,-11.282,-11.16
2026-05-20 15:12:29.514,1173488970,3005514,2,0.66357,-0.03296,0.43359,-0.893,-20.855,-17.214
2026-05-20 15:12:29.714,1173489170,3005714,1,1.10083,-0.25562,0.39624,4.534,15.366,8.626
2026-05-20 15:12:29.714,1173489170,3005714,2,0.92749,-0.01611,0.32715,54.084,-9.664,35.046
2026-05-20 15:12:30.914,1173490370,3005914,1,1.05249,-0.33398,0.34595,66.924,-5.496,35.023
2026-05-20 15:12:30.914,1173490370,3005914,2,1.01904,0.01416,0.23315,80.74,-1.275,36.122
2026-05-20 15:12:30.114,1173489570,3006114,1,1.03467,-0.271,0.2605,112.084,-30.023,50.931
2026-05-20 15:12:30.114,1173489570,3006114,2,1.01465,0.05151,0.2041,76.122,-1.809,22.099
2026-05-20 15:12:30.314,1173489770,3006314,1,1.03491,-0.1355,0.3479,54.939,-13.473,2.878
2026-05-20 15:12:30.314,1173489770,3006314,2,0.8938,-0.00513,0.14648,78.153,6.008,54.748
2026-05-20 15:12:30.514,1173489970,3006514,1,1.05908,-0.12427,0.35059,35.328,15.435,18.031
2026-05-20 15:12:30.514,1173489970,3006514,2,0.84131,0.03027,0.16992,105.13,-39.328,67.55
2026-05-20 15:12:30.714,1173490170,3006714,1,1.01294,-0.1377,0.39795,71.893,-20.893,30.244
2026-05-20 15:12:30.714,1173490170,3006714,2,0.96777,0.12573,0.12573,27.137,4.473,-30.649
2026-05-20 15:12:31.914,1173491370,3006914,1,1.05811,-0.09863,0.33936,5.977,-12.435,-7.992
2026-05-20 15:12:31.914,1173491370,3006914,2,0.99829,,0.27954,13.084,7.275,13.137
2026-05-20 15:12:31.114,1173490570,3007114,1,1.0144,-0.11914,0.37817,-7.191,12.107,-13.443
2026-05-20 15:12:31.114,1173490570,3007114,2,0.97363,-0.02612,0.2334,-15.885,-11.901,-11.336
2026-05-20 15:12:31.314,1173490770,3007314,1,1.01245,-0.13257,0.36011,-22.046,8.29,-11.29
2026-05-20 15:12:31.314,1173490770,3007314,2,1.00513,-0.00928,0.14502,-10.794,-6.802,-0.16
2026-05-20 15:12:31.514,1173490970,3007514,1,1.02344,-0.12964,0.35229,-13.855,-1.641,-11.008
2026-05-20 15:12:31.514,1173490970,3007514,2,0.97461,-0.02808,0.21021,-20.221,12.351,-8.206
2026-05-20 15:12:32.755,1173492211,3007755,1,1.02466,-0.15405,0.35791,-6.794,3.313,1.679
2026-05-20 15:12:32.755,1173492211,3007755,2,0.98511,-0.06079,0.2312,-3.779,0.565,3.282
2026-05-20 15:12:32.955,1173492411,3007955,1,1.00708,-0.17773,0.34399,4.748,-0.985,5.817
2026-05-20 15:12:32.955,1173492411,3007955,2,0.9978,-0.04517,0.1875,2.305,-8.244,3.191
2026-05-20 15:12:32.155,1173491611,3008155,1,1.02002,-0.18481,0.35376,9.992,-5.481,6.763
2026-05-20 15:12:32.155,1173491611,3008155,2,0.99951,-0.0415,0.19531,9.771,2.748,5.664
2026-05-20 15:12:32.355,1173491811,3008355,1,1.0105,-0.17651,0.31958,8.809,-2.183,5.855
2026-05-20 15:12:32.355,1173491811,3008355,2,0.99512,-0.03711,0.18945,6.595,-4.908,4.756
2026-05-20 15:12:32.555,1173492011,3008555,1,1.02002,-0.19043,0.31738,2.275,2.298,4.053
2026-05-20 15:12:32.555,1173492011,3008555,2,1.01538,-0.03198,0.17944,-0.107,-2.008,0.725
2026-05-20 15:12:33.755,1173493211,3008755,1,1.03687,-0.20947,0.3335,-0.336,6.809,-0.252
2026-05-20 15:12:33.755,1173493211,3008755,2,1.00195,-0.00806,0.21289,13.664,13.267,5.702
2026-05-20 15:12:33.955,1173493411,3008955,1,1.01416,-0.18701,0.34839,-1.26,5.611,-3.427
2026-05-20 15:12:33.955,1173493411,3008955,2,1.00732,-0.02417,0.17676,-1.229,-0.443,-2.153
2026-05-20 15:12:33.155,1173492611,3009155,1,1.00073,-0.15039,0.35181,-3.71,3.542,-3.573
2026-05-20 15:12:33.155,1173492611,3009155,2,1.02344,0.02026,0.18262,-2.008,3.015,-0.908
2026-05-20 15:12:33.355,1173492811,3009355,1,1.00659,-0.17285,0.3645,-1.565,1.191,-0.137
2026-05-20 15:12:33.355,1173492811,3009355,2,0.99658,-0.01001,0.19629,-2.947,2.237,0.603
2026-05-20 15:12:33.555,1173493011,3009555,1,1.01416,-0.1748,0.36841,-0.473,-0.924,-0.504
2026-05-20 15:12:33.555,1173493011,3009555,2,0.99878,-0.01416,0.18848,-1.145,1.351,0.183
2026-05-20 15:12:34.755,1173494211,3009755,1,1.00171,-0.17871,0.36499,-0.687,1.916,-0.84
2026-05-20 15:12:34.755,1173494211,3009755,2,1.00269,-0.01074,0.19238,-1.053,0.962,0.695
2026-05-20 15:12:34.955,1173494411,3009955,1,1.00757,-0.17383,0.36108,-1.397,2.244,-0.252
2026-05-20 15:12:34.955,1173494411,3009955,2,1.00146,-0.00562,0.19116,-2.214,0.664,0.359
2026-05-20 15:12:34.155,1173493611,3010155,1,1.00586,-0.17432,0.3623,-2.221,1.931,-1.267
2026-05-20 15:12:34.155,1173493611,3010155,2,1.00366,-0.00439,0.19067,-2.511,1.878,0.038
2026-05-20 15:12:34.355,1173493811,3010355,1,0.99805,-0.18921,0.35547,-1.679,0.534,-1.473
2026-05-20 15:12:34.355,1173493811,3010355,2,1.00342,-0.07861,0.20801,-3.58,0.557,3.443
2026-05-20 15:12:34.555,1173494011,3010555,1,0.97949,-0.28979,0.35596,-3.802,1.153,15.176
2026-05-20 15:12:34.555,1173494011,3010555,2,0.99683,-0.11963,0.19971,-5.595,-8.298,1.962
2026-05-20 15:12:35.755,1173495211,3010755,1,0.94995,-0.22388,0.39136,20.046,9.153,18.771
2026-05-20 15:12:35.755,1173495211,3010755,2,0.96899,0.06787,0.25757,35.763,-5.916,10.786
2026-05-20 15:12:35.955,1173495411,3010955,1,0.948,-0.18311,0.43945,9.427,-5.733,-7.771
2026-05-20 15:12:35.955,1173495411,3010955,2,1.00146,0.03003,0.11548,2.115,-7.336,8.046
2026-05-20 15:12:35.155,1173494611,3011155,1,0.96851,-0.24219,0.39551,-2.084,-9.176,-11.16
2026-05-20 15:12:35.155,1173494611,3011155,2,1.00415,-0.06714,0.20093,22.695,15.244,22.405
2026-05-20 15:12:35.355,1173494811,3011355,1,1.10938,-0.15942,0.32983,6.26,23.985,1.74
2026-05-20 15:12:35.355,1173494811,3011355,2,1.01416,-0.21484,0.14795,1.779,-32.122,8.855
2026-05-20 15:12:35.555,1173495011,3011555,1,0.9397,-0.32349,0.44409,14.336,15.374,21.023
2026-05-20 15:12:35.555,1173495011,3011555,2,1.00732,-0.12378,0.03638,18.229,25.107,3.229
2026-05-20 15:12:36.755,1173496211,3011755,1,0.91284,-0.25757,0.42749,10.519,-5.344,3.656
2026-05-20 15:12:36.755,1173496211,3011755,2,1.02368,-0.15991,0.04004,28.71,-8.557,30.092
2026-05-20 15:12:36.955,1173496411,3011955,1,0.97266,-0.30493,0.38428,25.832,-35.565,23.939
2026-05-20 15:12:36.955,1173496411,3011955,2,0.98999,-0.08789,0.22485,9.099,55.893,-18.298
2026-05-20 15:12:36.155,1173495611,3012155,1,0.95483,-0.33936,0.39136,-7.901,17.733,-8.527
2026-05-20 15:12:36.155,1173495611,3012155,2,0.97412,-0.19971,0.21167,-40.29,-1.802,-23.809
2026-05-20 15:12:36.355,1173495811,3012355,1,0.85962,-0.43921,0.33789,-17.214,6.84,-7.702
2026-05-20 15:12:36.355,1173495811,3012355,2,0.90918,-0.27173,0.0957,-0.084,-9.74,8.427
2026-05-20 15:12:36.555,1173496011,3012555,1,1.00635,-0.33374,0.55005,43.214,52.107,-11.809
2026-05-20 15:12:36.555,1173496011,3012555,2,1.177,-0.34375,0.1228,63.473,-47.786,34.198
2026-05-20 15:12:37.755,1173497211,3012755,1,0.90918,-0.19165,0.46289,59.687,-19.679,20.702
2026-05-20 15:12:37.755,1173497211,3012755,2,0.9353,0.0061,0.11011,-10.252,-1.489,-55.038
2026-05-20 15:12:37.955,1173497411,3012955,1,0.99609,-0.15527,0.38745,28.26,-30.71,3.916
2026-05-20 15:12:37.955,1173497411,3012955,2,1.02466,0.10962,0.09814,72.702,27.076,22.153
2026-05-20 15:12:37.155,1173496611,3013155,1,1.00122,-0.06055,0.42188,32.725,-17.168,3.336
2026-05-20 15:12:37.155,1173496611,3013155,2,1.00562,0.06201,0.17578,30.977,-14.282,5.107
2026-05-20 15:12:37.355,1173496811,3013355,1,0.98438,-0.12476,0.36646,30.458,-14.595,3.748
2026-05-20 15:12:37.355,1173496811,3013355,2,1.00049,0.02832,0.05737,1.832,-1.863,1.611
2026-05-20 15:12:37.555,1173497011,3013555,1,1.01196,-0.22974,0.32178,-25.939,6.038,-6.336
2026-05-20 15:12:37.555,1173497011,3013555,2,1.12891,-0.11108,-0.02686,-39.687,-16.435,-0.893
2026-05-20 15:12:38.755,1173498211,3013755,1,0.92432,-0.27075,0.36475,21.427,-9.137,6.618
2026-05-20 15:12:38.755,1173498211,3013755,2,1.02734,-0.06396,0.12891,11.802,32.145,-1.229
2026-05-20 15:12:38.955,1173498411,3013955,1,0.98657,-0.2124,0.35376,3.817,-8.382,7.985
2026-05-20 15:12:38.955,1173498411,3013955,2,0.99609,-0.00391,0.13257,-8.58,1.809,-1.298
2026-05-20 15:12:38.155,1173497611,3014155,1,1.02002,-0.19775,0.35132,0.237,4.45,-0.023
2026-05-20 15:12:38.155,1173497611,3014155,2,0.98706,-0.00659,0.19214,0.763,-3.298,0.954
2026-05-20 15:12:38.355,1173497811,3014355,1,1.00024,-0.20117,0.37183,-0.611,8.565,-4.214
2026-05-20 15:12:38.355,1173497811,3014355,2,1.00928,-0.01343,0.12549,1.809,2.458,0.863
2026-05-20 15:12:38.555,1173498011,3014555,1,1.00317,-0.1814,0.37524,0.466,-1.336,-1.023
2026-05-20 15:12:38.555,1173498011,3014555,2,1.0105,-0.02124,0.14526,-5.779,2.939,0.618
2026-05-20 15:12:39.755,1173499211,3014755,1,1.00684,-0.20703,0.35645,-4.176,-1.412,-1.924
2026-05-20 15:12:39.755,1173499211,3014755,2,1.04785,0.00171,0.11792,-17.221,-5.603,-8.382
2026-05-20 15:12:39.955,1173499411,3014955,1,1.00244,-0.21558,0.33862,-0.252,1.786,-6.221
2026-05-20 15:12:39.955,1173499411,3014955,2,1.01147,-0.01489,0.12476,-2.076,7.824,-6.0
2026-05-20 15:12:39.155,1173498611,3015155,1,1.00684,-0.20215,0.31763,8.26,-1.786,-2.893
2026-05-20 15:12:39.155,1173498611,3015155,2,1.01074,0.01147,0.15479,-5.397,5.305,-13.053
2026-05-20 15:12:39.358,1173498814,3015358,1,1.02441,-0.1521,0.33569,-0.084,1.405,-4.885
2026-05-20 15:12:39.358,1173498814,3015358,2,0.98804,0.03491,0.18408,0.794,-4.328,-0.237
2026-05-20 15:12:39.558,1173499014,3015558,1,1.01782,-0.15894,0.33228,-0.16,-1.328,-0.405
2026-05-20 15:12:39.558,1173499014,3015558,2,0.99707,0.0542,0.2002,-0.267,-1.267,-1.527
2026-05-20 15:12:40.758,1173500214,3015758,1,1.02295,-0.15918,0.3208,-1.908,2.893,-2.344
2026-05-20 15:12:40.758,1173500214,3015758,2,1.00439,0.04688,0.18677,-3.015,-0.702,0.092
2026-05-20 15:12:40.958,1173500414,3015958,1,1.02002,-0.15845,0.32397,-2.099,1.71,-0.55
2026-05-20 15:12:40.958,1173500414,3015958,2,1.00366,0.06909,0.1792,-6.641,-1.458,-2.473
2026-05-20 15:12:40.158,1173499614,3016158,1,1.02417,-0.16528,0.31152,-1.26,0.74,-0.641
2026-05-20 15:12:40.158,1173499614,3016158,2,1.00854,0.05127,0.17456,-2.603,-1.336,-1.878
2026-05-20 15:12:40.358,1173499814,3016358,1,1.0354,-0.16748,0.32617,1.847,1.183,-1.595
2026-05-20 15:12:40.358,1173499814,3016358,2,1.0,0.06226,0.18188,1.977,-0.389,0.26
2026-05-20 15:12:40.558,1173500014,3016558,1,1.02148,-0.16138,0.29907,2.817,0.733,0.214
2026-05-20 15:12:40.558,1173500014,3016558,2,1.00195,0.04688,0.1687,6.046,10.412,2.366
2026-05-20 15:12:41.758,1173501214,3016758,1,1.02393,-0.14209,0.30298,-5.534,6.435,0.504
2026-05-20 15:12:41.758,1173501214,3016758,2,1.00977,0.09009,0.13745,6.771,7.58,0.603
2026-05-20 15:12:41.958,1173501414,3016958,1,0.97681,-0.18408,0.3396,14.573,-1.565,2.153
2026-05-20 15:12:41.958,1173501414,3016958,2,0.97217,0.05542,0.22192,4.13,4.397,2.0
2026-05-20 15:12:41.158,1173500614,3017158,1,1.01221,-0.15771,0.36694,-0.565,-4.634,3.458
2026-05-20 15:12:41.158,1173500614,3017158,2,1.03516,0.10132,0.19751,-2.771,-4.725,-0.725
2026-05-20 15:12:44.097,1173503553,3020097,1,1.00659,-0.20972,0.32642,-5.298,1.504,1.817
2026-05-20 15:12:44.097,1173503553,3020097,2,0.97559,0.01953,0.21021,-7.901,1.321,-0.427
